branch,site,coherence,category_variance,rate_category,dataset
"(Eukaryota_Opisthokonta_Nucletmycea_Fungi_Dikarya_Ascomycota_Saccharomycotina_Saccharomycetes_Saccharomycetales_Saccharomyces_cerevisiae_baker_s_yeast, Node1652*)",1,-2.3469455555445285e-16,1.889559500203874,c2,branch_to_yeast
"(Eukaryota_Opisthokonta_Nucletmycea_Fungi_Dikarya_Ascomycota_Saccharomycotina_Saccharomycetes_Saccharomycetales_Saccharomyces_cerevisiae_baker_s_yeast, Node1652*)",2,3.3477171110772046,2.347597172229281,c1,branch_to_yeast
"(Eukaryota_Opisthokonta_Nucletmycea_Fungi_Dikarya_Ascomycota_Saccharomycotina_Saccharomycetes_Saccharomycetales_Saccharomyces_cerevisiae_baker_s_yeast, Node1652*)",3,-2.5008198234127867e-16,1.889559500203874,c2,branch_to_yeast
"(Eukaryota_Opisthokonta_Nucletmycea_Fungi_Dikarya_Ascomycota_Saccharomycotina_Saccharomycetes_Saccharomycetales_Saccharomyces_cerevisiae_baker_s_yeast, Node1652*)",4,2.204415160258556,2.347597172229281,c1,branch_to_yeast
"(Eukaryota_Opisthokonta_Nucletmycea_Fungi_Dikarya_Ascomycota_Saccharomycotina_Saccharomycetes_Saccharomycetales_Saccharomyces_cerevisiae_baker_s_yeast, Node1652*)",5,2.204415160258556,2.347597172229281,c1,branch_to_yeast
"(Eukaryota_Opisthokonta_Nucletmycea_Fungi_Dikarya_Ascomycota_Saccharomycotina_Saccharomycetes_Saccharomycetales_Saccharomyces_cerevisiae_baker_s_yeast, Node1652*)",6,3.0887625899932756e-16,2.347597172229281,c1,branch_to_yeast
"(Eukaryota_Opisthokonta_Nucletmycea_Fungi_Dikarya_Ascomycota_Saccharomycotina_Saccharomycetes_Saccharomycetales_Saccharomyces_cerevisiae_baker_s_yeast, Node1652*)",7,1.1558400894283004e-16,2.347597172229281,c1,branch_to_yeast
"(Eukaryota_Opisthokonta_Nucletmycea_Fungi_Dikarya_Ascomycota_Saccharomycotina_Saccharomycetes_Saccharomycetales_Saccharomyces_cerevisiae_baker_s_yeast, Node1652*)",8,2.204415160258556,2.347597172229281,c1,branch_to_yeast
"(Eukaryota_Opisthokonta_Nucletmycea_Fungi_Dikarya_Ascomycota_Saccharomycotina_Saccharomycetes_Saccharomycetales_Saccharomyces_cerevisiae_baker_s_yeast, Node1652*)",9,2.976253267401704,2.347597172229281,c1,branch_to_yeast
"(Eukaryota_Opisthokonta_Nucletmycea_Fungi_Dikarya_Ascomycota_Saccharomycotina_Saccharomycetes_Saccharomycetales_Saccharomyces_cerevisiae_baker_s_yeast, Node1652*)",10,2.844368133135273e-16,2.347597172229281,c1,branch_to_yeast
"(Eukaryota_Opisthokonta_Nucletmycea_Fungi_Dikarya_Ascomycota_Saccharomycotina_Saccharomycetes_Saccharomycetales_Saccharomyces_cerevisiae_baker_s_yeast, Node1652*)",11,3.3459213213490617,1.889559500203874,c2,branch_to_yeast
"(Eukaryota_Opisthokonta_Nucletmycea_Fungi_Dikarya_Ascomycota_Saccharomycotina_Saccharomycetes_Saccharomycetales_Saccharomyces_cerevisiae_baker_s_yeast, Node1652*)",12,3.3459213213490617,1.889559500203874,c2,branch_to_yeast
"(Eukaryota_Opisthokonta_Nucletmycea_Fungi_Dikarya_Ascomycota_Saccharomycotina_Saccharomycetes_Saccharomycetales_Saccharomyces_cerevisiae_baker_s_yeast, Node1652*)",13,3.1271955055927853e-16,2.347597172229281,c1,branch_to_yeast
"(Eukaryota_Opisthokonta_Nucletmycea_Fungi_Dikarya_Ascomycota_Saccharomycotina_Saccharomycetes_Saccharomycetales_Saccharomyces_cerevisiae_baker_s_yeast, Node1652*)",14,2.203649492042258,1.889559500203874,c2,branch_to_yeast
"(Eukaryota_Opisthokonta_Nucletmycea_Fungi_Dikarya_Ascomycota_Saccharomycotina_Saccharomycetes_Saccharomycetales_Saccharomyces_cerevisiae_baker_s_yeast, Node1652*)",15,3.3477171110772046,2.347597172229281,c1,branch_to_yeast
"(Eukaryota_Opisthokonta_Nucletmycea_Fungi_Dikarya_Ascomycota_Saccharomycotina_Saccharomycetes_Saccharomycetales_Saccharomyces_cerevisiae_baker_s_yeast, Node1652*)",16,3.3477171110772046,2.347597172229281,c1,branch_to_yeast
"(Eukaryota_Opisthokonta_Nucletmycea_Fungi_Dikarya_Ascomycota_Saccharomycotina_Saccharomycetes_Saccharomycetales_Saccharomyces_cerevisiae_baker_s_yeast, Node1652*)",17,2.976253267401704,2.347597172229281,c1,branch_to_yeast
"(Eukaryota_Opisthokonta_Nucletmycea_Fungi_Dikarya_Ascomycota_Saccharomycotina_Saccharomycetes_Saccharomycetales_Saccharomyces_cerevisiae_baker_s_yeast, Node1652*)",18,2.204415160258556,2.347597172229281,c1,branch_to_yeast
"(Eukaryota_Opisthokonta_Nucletmycea_Fungi_Dikarya_Ascomycota_Saccharomycotina_Saccharomycetes_Saccharomycetales_Saccharomyces_cerevisiae_baker_s_yeast, Node1652*)",19,1.511351947742957e-16,2.347597172229281,c1,branch_to_yeast
"(Eukaryota_Opisthokonta_Nucletmycea_Fungi_Dikarya_Ascomycota_Saccharomycotina_Saccharomycetes_Saccharomycetales_Saccharomyces_cerevisiae_baker_s_yeast, Node1652*)",20,2.976253267401704,2.347597172229281,c1,branch_to_yeast
"(Eukaryota_Opisthokonta_Nucletmycea_Fungi_Dikarya_Ascomycota_Saccharomycotina_Saccharomycetes_Saccharomycetales_Saccharomyces_cerevisiae_baker_s_yeast, Node1652*)",21,2.203649492042258,1.889559500203874,c2,branch_to_yeast
"(Eukaryota_Opisthokonta_Nucletmycea_Fungi_Dikarya_Ascomycota_Saccharomycotina_Saccharomycetes_Saccharomycetales_Saccharomyces_cerevisiae_baker_s_yeast, Node1652*)",22,-9.392541815782708e-17,1.889559500203874,c2,branch_to_yeast
"(Eukaryota_Opisthokonta_Nucletmycea_Fungi_Dikarya_Ascomycota_Saccharomycotina_Saccharomycetes_Saccharomycetales_Saccharomyces_cerevisiae_baker_s_yeast, Node1652*)",23,3.3459213213490617,1.889559500203874,c2,branch_to_yeast
"(Eukaryota_Opisthokonta_Nucletmycea_Fungi_Dikarya_Ascomycota_Saccharomycotina_Saccharomycetes_Saccharomycetales_Saccharomyces_cerevisiae_baker_s_yeast, Node1652*)",24,2.9747327073946592,1.889559500203874,c2,branch_to_yeast
"(Eukaryota_Opisthokonta_Nucletmycea_Fungi_Dikarya_Ascomycota_Saccharomycotina_Saccharomycetes_Saccharomycetales_Saccharomyces_cerevisiae_baker_s_yeast, Node1652*)",25,-4.734437359492123e-17,1.889559500203874,c2,branch_to_yeast
"(Eukaryota_Opisthokonta_Nucletmycea_Fungi_Dikarya_Ascomycota_Saccharomycotina_Saccharomycetes_Saccharomycetales_Saccharomyces_cerevisiae_baker_s_yeast, Node1652*)",26,-4.04796426096867e-17,2.347597172229281,c1,branch_to_yeast
"(Eukaryota_Opisthokonta_Nucletmycea_Fungi_Dikarya_Ascomycota_Saccharomycotina_Saccharomycetes_Saccharomycetales_Saccharomyces_cerevisiae_baker_s_yeast, Node1652*)",27,2.976253267401704,2.347597172229281,c1,branch_to_yeast
"(Eukaryota_Opisthokonta_Nucletmycea_Fungi_Dikarya_Ascomycota_Saccharomycotina_Saccharomycetes_Saccharomycetales_Saccharomyces_cerevisiae_baker_s_yeast, Node1652*)",28,-2.3609105014746854e-16,2.347597172229281,c1,branch_to_yeast
"(Eukaryota_Opisthokonta_Nucletmycea_Fungi_Dikarya_Ascomycota_Saccharomycotina_Saccharomycetes_Saccharomycetales_Saccharomyces_cerevisiae_baker_s_yeast, Node1652*)",29,2.204415160258556,2.347597172229281,c1,branch_to_yeast
"(Eukaryota_Opisthokonta_Nucletmycea_Fungi_Dikarya_Ascomycota_Saccharomycotina_Saccharomycetes_Saccharomycetales_Saccharomyces_cerevisiae_baker_s_yeast, Node1652*)",30,3.3477171110772046,2.347597172229281,c1,branch_to_yeast
"(Eukaryota_Opisthokonta_Nucletmycea_Fungi_Dikarya_Ascomycota_Saccharomycotina_Saccharomycetes_Saccharomycetales_Saccharomyces_cerevisiae_baker_s_yeast, Node1652*)",31,-2.2420841974278997e-16,2.347597172229281,c1,branch_to_yeast
"(Eukaryota_Opisthokonta_Nucletmycea_Fungi_Dikarya_Ascomycota_Saccharomycotina_Saccharomycetes_Saccharomycetales_Saccharomyces_cerevisiae_baker_s_yeast, Node1652*)",32,6.118281140648821e-17,1.889559500203874,c2,branch_to_yeast
"(Eukaryota_Opisthokonta_Nucletmycea_Fungi_Dikarya_Ascomycota_Saccharomycotina_Saccharomycetes_Saccharomycetales_Saccharomyces_cerevisiae_baker_s_yeast, Node1652*)",33,-2.3610229252627973e-16,2.347597172229281,c1,branch_to_yeast
"(Eukaryota_Opisthokonta_Nucletmycea_Fungi_Dikarya_Ascomycota_Saccharomycotina_Saccharomycetes_Saccharomycetales_Saccharomyces_cerevisiae_baker_s_yeast, Node1652*)",34,2.203649492042258,1.889559500203874,c2,branch_to_yeast
"(Eukaryota_Opisthokonta_Nucletmycea_Fungi_Dikarya_Ascomycota_Saccharomycotina_Saccharomycetes_Saccharomycetales_Saccharomyces_cerevisiae_baker_s_yeast, Node1652*)",35,-1.8472034159458574e-16,1.889559500203874,c2,branch_to_yeast
"(Eukaryota_Opisthokonta_Nucletmycea_Fungi_Dikarya_Ascomycota_Saccharomycotina_Saccharomycetes_Saccharomycetales_Saccharomyces_cerevisiae_baker_s_yeast, Node1652*)",36,3.3459213213490617,1.889559500203874,c2,branch_to_yeast
"(Eukaryota_Opisthokonta_Nucletmycea_Fungi_Dikarya_Ascomycota_Saccharomycotina_Saccharomycetes_Saccharomycetales_Saccharomyces_cerevisiae_baker_s_yeast, Node1652*)",37,-1.4894287634681775e-16,1.889559500203874,c2,branch_to_yeast
"(Eukaryota_Opisthokonta_Nucletmycea_Fungi_Dikarya_Ascomycota_Saccharomycotina_Saccharomycetes_Saccharomycetales_Saccharomyces_cerevisiae_baker_s_yeast, Node1652*)",38,3.3459213213490626,1.889559500203874,c2,branch_to_yeast
"(Eukaryota_Opisthokonta_Nucletmycea_Fungi_Dikarya_Ascomycota_Saccharomycotina_Saccharomycetes_Saccharomycetales_Saccharomyces_cerevisiae_baker_s_yeast, Node1652*)",39,-8.403420846786861e-17,2.347597172229281,c1,branch_to_yeast
"(Eukaryota_Opisthokonta_Nucletmycea_Fungi_Dikarya_Ascomycota_Saccharomycotina_Saccharomycetes_Saccharomycetales_Saccharomyces_cerevisiae_baker_s_yeast, Node1652*)",40,2.9747327073946592,1.889559500203874,c2,branch_to_yeast
"(Eukaryota_Opisthokonta_Nucletmycea_Fungi_Dikarya_Ascomycota_Saccharomycotina_Saccharomycetes_Saccharomycetales_Saccharomyces_cerevisiae_baker_s_yeast, Node1652*)",41,2.976253267401704,2.347597172229281,c1,branch_to_yeast
"(Eukaryota_Opisthokonta_Nucletmycea_Fungi_Dikarya_Ascomycota_Saccharomycotina_Saccharomycetes_Saccharomycetales_Saccharomyces_cerevisiae_baker_s_yeast, Node1652*)",42,2.2036494920422576,1.889559500203874,c2,branch_to_yeast
"(Eukaryota_Opisthokonta_Nucletmycea_Fungi_Dikarya_Ascomycota_Saccharomycotina_Saccharomycetes_Saccharomycetales_Saccharomyces_cerevisiae_baker_s_yeast, Node1652*)",43,2.9747327073946592,1.889559500203874,c2,branch_to_yeast
"(Eukaryota_Opisthokonta_Nucletmycea_Fungi_Dikarya_Ascomycota_Saccharomycotina_Saccharomycetes_Saccharomycetales_Saccharomyces_cerevisiae_baker_s_yeast, Node1652*)",44,-1.6551199526017376e-16,1.837175246384109,c3,branch_to_yeast
"(Eukaryota_Opisthokonta_Nucletmycea_Fungi_Dikarya_Ascomycota_Saccharomycotina_Saccharomycetes_Saccharomycetales_Saccharomyces_cerevisiae_baker_s_yeast, Node1652*)",45,-2.0520885970459118e-16,2.347597172229281,c1,branch_to_yeast
"(Eukaryota_Opisthokonta_Nucletmycea_Fungi_Dikarya_Ascomycota_Saccharomycotina_Saccharomycetes_Saccharomycetales_Saccharomyces_cerevisiae_baker_s_yeast, Node1652*)",46,2.9747327073946592,1.889559500203874,c2,branch_to_yeast
"(Eukaryota_Opisthokonta_Nucletmycea_Fungi_Dikarya_Ascomycota_Saccharomycotina_Saccharomycetes_Saccharomycetales_Saccharomyces_cerevisiae_baker_s_yeast, Node1652*)",47,2.976253267401704,2.347597172229281,c1,branch_to_yeast
"(Eukaryota_Opisthokonta_Nucletmycea_Fungi_Dikarya_Ascomycota_Saccharomycotina_Saccharomycetes_Saccharomycetales_Saccharomyces_cerevisiae_baker_s_yeast, Node1652*)",48,2.2036494920422576,1.889559500203874,c2,branch_to_yeast
"(Eukaryota_Opisthokonta_Nucletmycea_Fungi_Dikarya_Ascomycota_Saccharomycotina_Saccharomycetes_Saccharomycetales_Saccharomyces_cerevisiae_baker_s_yeast, Node1652*)",49,3.3459213213490626,1.889559500203874,c2,branch_to_yeast
"(Eukaryota_Opisthokonta_Nucletmycea_Fungi_Dikarya_Ascomycota_Saccharomycotina_Saccharomycetes_Saccharomycetales_Saccharomyces_cerevisiae_baker_s_yeast, Node1652*)",50,3.3477171110772046,2.347597172229281,c1,branch_to_yeast
"(Eukaryota_Opisthokonta_Nucletmycea_Fungi_Dikarya_Ascomycota_Saccharomycotina_Saccharomycetes_Saccharomycetales_Saccharomyces_cerevisiae_baker_s_yeast, Node1652*)",51,2.976253267401704,2.347597172229281,c1,branch_to_yeast
"(Eukaryota_Opisthokonta_Nucletmycea_Fungi_Dikarya_Ascomycota_Saccharomycotina_Saccharomycetes_Saccharomycetales_Saccharomyces_cerevisiae_baker_s_yeast, Node1652*)",52,-2.319099618048963e-16,2.347597172229281,c1,branch_to_yeast
"(Eukaryota_Opisthokonta_Nucletmycea_Fungi_Dikarya_Ascomycota_Saccharomycotina_Saccharomycetes_Saccharomycetales_Saccharomyces_cerevisiae_baker_s_yeast, Node1652*)",53,2.204415160258556,2.347597172229281,c1,branch_to_yeast
"(Eukaryota_Opisthokonta_Nucletmycea_Fungi_Dikarya_Ascomycota_Saccharomycotina_Saccharomycetes_Saccharomycetales_Saccharomyces_cerevisiae_baker_s_yeast, Node1652*)",54,3.3477171110772046,2.347597172229281,c1,branch_to_yeast
"(Eukaryota_Opisthokonta_Nucletmycea_Fungi_Dikarya_Ascomycota_Saccharomycotina_Saccharomycetes_Saccharomycetales_Saccharomyces_cerevisiae_baker_s_yeast, Node1652*)",55,2.976253267401704,2.347597172229281,c1,branch_to_yeast
"(Eukaryota_Opisthokonta_Nucletmycea_Fungi_Dikarya_Ascomycota_Saccharomycotina_Saccharomycetes_Saccharomycetales_Saccharomyces_cerevisiae_baker_s_yeast, Node1652*)",56,3.349960860391475e-16,2.347597172229281,c1,branch_to_yeast
"(Eukaryota_Opisthokonta_Nucletmycea_Fungi_Dikarya_Ascomycota_Saccharomycotina_Saccharomycetes_Saccharomycetales_Saccharomyces_cerevisiae_baker_s_yeast, Node1652*)",57,2.204415160258556,2.347597172229281,c1,branch_to_yeast
"(Eukaryota_Opisthokonta_Nucletmycea_Fungi_Dikarya_Ascomycota_Saccharomycotina_Saccharomycetes_Saccharomycetales_Saccharomyces_cerevisiae_baker_s_yeast, Node1652*)",58,-2.3553743849429556e-16,2.347597172229281,c1,branch_to_yeast
"(Eukaryota_Opisthokonta_Nucletmycea_Fungi_Dikarya_Ascomycota_Saccharomycotina_Saccharomycetes_Saccharomycetales_Saccharomyces_cerevisiae_baker_s_yeast, Node1652*)",59,3.3459213213490626,1.889559500203874,c2,branch_to_yeast
"(Eukaryota_Opisthokonta_Nucletmycea_Fungi_Dikarya_Ascomycota_Saccharomycotina_Saccharomycetes_Saccharomycetales_Saccharomyces_cerevisiae_baker_s_yeast, Node1652*)",60,-2.159848731497056e-16,1.889559500203874,c2,branch_to_yeast
"(Eukaryota_Opisthokonta_Nucletmycea_Fungi_Dikarya_Ascomycota_Saccharomycotina_Saccharomycetes_Saccharomycetales_Saccharomyces_cerevisiae_baker_s_yeast, Node1652*)",61,2.971494938007999,1.837175246384109,c3,branch_to_yeast
"(Eukaryota_Opisthokonta_Nucletmycea_Fungi_Dikarya_Ascomycota_Saccharomycotina_Saccharomycetes_Saccharomycetales_Saccharomyces_cerevisiae_baker_s_yeast, Node1652*)",62,2.971494938007999,1.837175246384109,c3,branch_to_yeast
"(Eukaryota_Opisthokonta_Nucletmycea_Fungi_Dikarya_Ascomycota_Saccharomycotina_Saccharomycetes_Saccharomycetales_Saccharomyces_cerevisiae_baker_s_yeast, Node1652*)",63,2.2036494920422576,1.889559500203874,c2,branch_to_yeast
"(Eukaryota_Opisthokonta_Nucletmycea_Fungi_Dikarya_Ascomycota_Saccharomycotina_Saccharomycetes_Saccharomycetales_Saccharomyces_cerevisiae_baker_s_yeast, Node1652*)",64,2.813258124071656e-16,1.889559500203874,c2,branch_to_yeast
"(Eukaryota_Opisthokonta_Nucletmycea_Fungi_Dikarya_Ascomycota_Saccharomycotina_Saccharomycetes_Saccharomycetales_Saccharomyces_cerevisiae_baker_s_yeast, Node1652*)",65,-1.7513102892894637e-22,1.01655548421231,c4,branch_to_yeast
"(Eukaryota_Opisthokonta_Nucletmycea_Fungi_Dikarya_Ascomycota_Saccharomycotina_Saccharomycetes_Saccharomycetales_Saccharomyces_cerevisiae_baker_s_yeast, Node1652*)",66,2.9610622710287644,1.01655548421231,c4,branch_to_yeast
"(Eukaryota_Opisthokonta_Nucletmycea_Fungi_Dikarya_Ascomycota_Saccharomycotina_Saccharomycetes_Saccharomycetales_Saccharomyces_cerevisiae_baker_s_yeast, Node1652*)",67,-5.769690284203131e-17,1.01655548421231,c4,branch_to_yeast
"(Eukaryota_Opisthokonta_Nucletmycea_Fungi_Dikarya_Ascomycota_Saccharomycotina_Saccharomycetes_Saccharomycetales_Saccharomyces_cerevisiae_baker_s_yeast, Node1652*)",68,2.971494938007999,1.837175246384109,c3,branch_to_yeast
"(Eukaryota_Opisthokonta_Nucletmycea_Fungi_Dikarya_Ascomycota_Saccharomycotina_Saccharomycetes_Saccharomycetales_Saccharomyces_cerevisiae_baker_s_yeast, Node1652*)",69,2.9610622710287644,1.01655548421231,c4,branch_to_yeast
"(Eukaryota_Opisthokonta_Nucletmycea_Fungi_Dikarya_Ascomycota_Saccharomycotina_Saccharomycetes_Saccharomycetales_Saccharomyces_cerevisiae_baker_s_yeast, Node1652*)",70,2.1967652049440844,1.01655548421231,c4,branch_to_yeast
"(Eukaryota_Opisthokonta_Nucletmycea_Fungi_Dikarya_Ascomycota_Saccharomycotina_Saccharomycetes_Saccharomycetales_Saccharomyces_cerevisiae_baker_s_yeast, Node1652*)",71,3.329810638949626,1.01655548421231,c4,branch_to_yeast
"(Eukaryota_Opisthokonta_Nucletmycea_Fungi_Dikarya_Ascomycota_Saccharomycotina_Saccharomycetes_Saccharomycetales_Saccharomyces_cerevisiae_baker_s_yeast, Node1652*)",72,2.9610622710287644,1.01655548421231,c4,branch_to_yeast
"(Eukaryota_Opisthokonta_Nucletmycea_Fungi_Dikarya_Ascomycota_Saccharomycotina_Saccharomycetes_Saccharomycetales_Saccharomyces_cerevisiae_baker_s_yeast, Node1652*)",73,5.408039219906777e-23,1.01655548421231,c4,branch_to_yeast
"(Eukaryota_Opisthokonta_Nucletmycea_Fungi_Dikarya_Ascomycota_Saccharomycotina_Saccharomycetes_Saccharomycetales_Saccharomyces_cerevisiae_baker_s_yeast, Node1652*)",74,1.3246324500882047e-21,1.01655548421231,c4,branch_to_yeast
"(Eukaryota_Opisthokonta_Nucletmycea_Fungi_Dikarya_Ascomycota_Saccharomycotina_Saccharomycetes_Saccharomycetales_Saccharomyces_cerevisiae_baker_s_yeast, Node1652*)",75,7.001090811777729e-22,1.01655548421231,c4,branch_to_yeast
"(Eukaryota_Opisthokonta_Nucletmycea_Fungi_Dikarya_Ascomycota_Saccharomycotina_Saccharomycetes_Saccharomycetales_Saccharomyces_cerevisiae_baker_s_yeast, Node1652*)",76,1.433920011789914e-21,1.01655548421231,c4,branch_to_yeast
"(Eukaryota_Opisthokonta_Nucletmycea_Fungi_Dikarya_Ascomycota_Saccharomycotina_Saccharomycetes_Saccharomycetales_Saccharomyces_cerevisiae_baker_s_yeast, Node1652*)",77,1.4920354771601985e-21,1.01655548421231,c4,branch_to_yeast
"(Eukaryota_Opisthokonta_Nucletmycea_Fungi_Dikarya_Ascomycota_Saccharomycotina_Saccharomycetes_Saccharomycetales_Saccharomyces_cerevisiae_baker_s_yeast, Node1652*)",78,-2.7397411926266586e-21,1.01655548421231,c4,branch_to_yeast
"(Eukaryota_Opisthokonta_Nucletmycea_Fungi_Dikarya_Ascomycota_Saccharomycotina_Saccharomycetes_Saccharomycetales_Saccharomyces_cerevisiae_baker_s_yeast, Node1652*)",79,-6.1570644092576176e-21,1.01655548421231,c4,branch_to_yeast
"(Eukaryota_Opisthokonta_Nucletmycea_Fungi_Dikarya_Ascomycota_Saccharomycotina_Saccharomycetes_Saccharomycetales_Saccharomyces_cerevisiae_baker_s_yeast, Node1652*)",80,1.9179282757489494e-21,1.01655548421231,c4,branch_to_yeast
"(Eukaryota_Opisthokonta_Nucletmycea_Fungi_Dikarya_Ascomycota_Saccharomycotina_Saccharomycetes_Saccharomycetales_Saccharomyces_cerevisiae_baker_s_yeast, Node1652*)",81,4.992520415148401e-21,1.01655548421231,c4,branch_to_yeast
"(Eukaryota_Opisthokonta_Nucletmycea_Fungi_Dikarya_Ascomycota_Saccharomycotina_Saccharomycetes_Saccharomycetales_Saccharomyces_cerevisiae_baker_s_yeast, Node1652*)",82,-1.888068246743405e-21,1.01655548421231,c4,branch_to_yeast
"(Eukaryota_Opisthokonta_Nucletmycea_Fungi_Dikarya_Ascomycota_Saccharomycotina_Saccharomycetes_Saccharomycetales_Saccharomyces_cerevisiae_baker_s_yeast, Node1652*)",83,-3.374541380589668e-21,1.01655548421231,c4,branch_to_yeast
"(Eukaryota_Opisthokonta_Nucletmycea_Fungi_Dikarya_Ascomycota_Saccharomycotina_Saccharomycetes_Saccharomycetales_Saccharomyces_cerevisiae_baker_s_yeast, Node1652*)",84,1.872412068252608e-21,1.01655548421231,c4,branch_to_yeast
"(Eukaryota_Opisthokonta_Nucletmycea_Fungi_Dikarya_Ascomycota_Saccharomycotina_Saccharomycetes_Saccharomycetales_Saccharomyces_cerevisiae_baker_s_yeast, Node1652*)",85,-5.7580599986017164e-21,1.01655548421231,c4,branch_to_yeast
"(Eukaryota_Opisthokonta_Nucletmycea_Fungi_Dikarya_Ascomycota_Saccharomycotina_Saccharomycetes_Saccharomycetales_Saccharomyces_cerevisiae_baker_s_yeast, Node1652*)",86,2.152712197010956e-16,1.01655548421231,c4,branch_to_yeast
"(Eukaryota_Opisthokonta_Nucletmycea_Fungi_Dikarya_Ascomycota_Saccharomycotina_Saccharomycetes_Saccharomycetales_Saccharomyces_cerevisiae_baker_s_yeast, Node1652*)",87,-1.631466804180791e-16,1.01655548421231,c4,branch_to_yeast
"(Eukaryota_Opisthokonta_Nucletmycea_Fungi_Dikarya_Ascomycota_Saccharomycotina_Saccharomycetes_Saccharomycetales_Saccharomyces_cerevisiae_baker_s_yeast, Node1652*)",88,-6.357918090319725e-17,1.01655548421231,c4,branch_to_yeast
"(Eukaryota_Opisthokonta_Nucletmycea_Fungi_Dikarya_Ascomycota_Saccharomycotina_Saccharomycetes_Saccharomycetales_Saccharomyces_cerevisiae_baker_s_yeast, Node1652*)",89,2.971494938007999,1.837175246384109,c3,branch_to_yeast
"(Eukaryota_Opisthokonta_Nucletmycea_Fungi_Dikarya_Ascomycota_Saccharomycotina_Saccharomycetes_Saccharomycetales_Saccharomyces_cerevisiae_baker_s_yeast, Node1652*)",90,4.2450679748265696e-17,1.01655548421231,c4,branch_to_yeast
"(Eukaryota_Opisthokonta_Nucletmycea_Fungi_Dikarya_Ascomycota_Saccharomycotina_Saccharomycetes_Saccharomycetales_Saccharomyces_cerevisiae_baker_s_yeast, Node1652*)",91,2.971494938007999,1.837175246384109,c3,branch_to_yeast
"(Eukaryota_Opisthokonta_Nucletmycea_Fungi_Dikarya_Ascomycota_Saccharomycotina_Saccharomycetes_Saccharomycetales_Saccharomyces_cerevisiae_baker_s_yeast, Node1652*)",92,3.3421000322333803,1.837175246384109,c3,branch_to_yeast
"(Eukaryota_Opisthokonta_Nucletmycea_Fungi_Dikarya_Ascomycota_Saccharomycotina_Saccharomycetes_Saccharomycetales_Saccharomyces_cerevisiae_baker_s_yeast, Node1652*)",93,2.6327644724946388e-21,1.01655548421231,c4,branch_to_yeast
"(Eukaryota_Opisthokonta_Nucletmycea_Fungi_Dikarya_Ascomycota_Saccharomycotina_Saccharomycetes_Saccharomycetales_Saccharomyces_cerevisiae_baker_s_yeast, Node1652*)",94,-2.888699749727815e-21,1.01655548421231,c4,branch_to_yeast
"(Eukaryota_Opisthokonta_Nucletmycea_Fungi_Dikarya_Ascomycota_Saccharomycotina_Saccharomycetes_Saccharomycetales_Saccharomyces_cerevisiae_baker_s_yeast, Node1652*)",95,3.2824004372650866e-21,1.01655548421231,c4,branch_to_yeast
"(Eukaryota_Opisthokonta_Nucletmycea_Fungi_Dikarya_Ascomycota_Saccharomycotina_Saccharomycetes_Saccharomycetales_Saccharomyces_cerevisiae_baker_s_yeast, Node1652*)",96,4.550332367858256e-21,1.01655548421231,c4,branch_to_yeast
"(Eukaryota_Opisthokonta_Nucletmycea_Fungi_Dikarya_Ascomycota_Saccharomycotina_Saccharomycetes_Saccharomycetales_Saccharomyces_cerevisiae_baker_s_yeast, Node1652*)",97,-3.093540677722884e-21,1.01655548421231,c4,branch_to_yeast
"(Eukaryota_Opisthokonta_Nucletmycea_Fungi_Dikarya_Ascomycota_Saccharomycotina_Saccharomycetes_Saccharomycetales_Saccharomyces_cerevisiae_baker_s_yeast, Node1652*)",98,2.0766761361573858e-21,1.01655548421231,c4,branch_to_yeast
"(Eukaryota_Opisthokonta_Nucletmycea_Fungi_Dikarya_Ascomycota_Saccharomycotina_Saccharomycetes_Saccharomycetales_Saccharomyces_cerevisiae_baker_s_yeast, Node1652*)",99,5.517124483345507e-21,1.01655548421231,c4,branch_to_yeast
"(Eukaryota_Opisthokonta_Nucletmycea_Fungi_Dikarya_Ascomycota_Saccharomycotina_Saccharomycetes_Saccharomycetales_Saccharomyces_cerevisiae_baker_s_yeast, Node1652*)",100,2.1489700373544937e-21,1.01655548421231,c4,branch_to_yeast
"(Eukaryota_Opisthokonta_Nucletmycea_Fungi_Dikarya_Ascomycota_Saccharomycotina_Saccharomycetes_Saccharomycetales_Saccharomyces_cerevisiae_baker_s_yeast, Node1652*)",101,1.7704164705601032e-21,1.01655548421231,c4,branch_to_yeast
"(Eukaryota_Opisthokonta_Nucletmycea_Fungi_Dikarya_Ascomycota_Saccharomycotina_Saccharomycetes_Saccharomycetales_Saccharomyces_cerevisiae_baker_s_yeast, Node1652*)",102,1.290485179043639e-21,1.01655548421231,c4,branch_to_yeast
"(Eukaryota_Opisthokonta_Nucletmycea_Fungi_Dikarya_Ascomycota_Saccharomycotina_Saccharomycetes_Saccharomycetales_Saccharomyces_cerevisiae_baker_s_yeast, Node1652*)",103,4.668115933999163e-22,1.01655548421231,c4,branch_to_yeast
"(Eukaryota_Opisthokonta_Nucletmycea_Fungi_Dikarya_Ascomycota_Saccharomycotina_Saccharomycetes_Saccharomycetales_Saccharomyces_cerevisiae_baker_s_yeast, Node1652*)",104,1.133771852462491e-21,1.01655548421231,c4,branch_to_yeast
"(Eukaryota_Opisthokonta_Nucletmycea_Fungi_Dikarya_Ascomycota_Saccharomycotina_Saccharomycetes_Saccharomycetales_Saccharomyces_cerevisiae_baker_s_yeast, Node1652*)",105,1.2765011700979093e-21,1.01655548421231,c4,branch_to_yeast
"(Eukaryota_Opisthokonta_Nucletmycea_Fungi_Dikarya_Ascomycota_Saccharomycotina_Saccharomycetes_Saccharomycetales_Saccharomyces_cerevisiae_baker_s_yeast, Node1652*)",106,3.228007758412166e-17,1.837175246384109,c3,branch_to_yeast
"(Eukaryota_Opisthokonta_Nucletmycea_Fungi_Dikarya_Ascomycota_Saccharomycotina_Saccharomycetes_Saccharomycetales_Saccharomyces_cerevisiae_baker_s_yeast, Node1652*)",107,2.9610622710287644,1.01655548421231,c4,branch_to_yeast
"(Eukaryota_Opisthokonta_Nucletmycea_Fungi_Dikarya_Ascomycota_Saccharomycotina_Saccharomycetes_Saccharomycetales_Saccharomyces_cerevisiae_baker_s_yeast, Node1652*)",108,2.1967652049440844,1.01655548421231,c4,branch_to_yeast
"(Eukaryota_Opisthokonta_Nucletmycea_Fungi_Dikarya_Ascomycota_Saccharomycotina_Saccharomycetes_Saccharomycetales_Saccharomyces_cerevisiae_baker_s_yeast, Node1652*)",109,-1.3577563004876108e-16,1.01655548421231,c4,branch_to_yeast
"(Eukaryota_Opisthokonta_Nucletmycea_Fungi_Dikarya_Ascomycota_Saccharomycotina_Saccharomycetes_Saccharomycetales_Saccharomyces_cerevisiae_baker_s_yeast, Node1652*)",110,2.1967652049440844,1.01655548421231,c4,branch_to_yeast
"(Eukaryota_Opisthokonta_Nucletmycea_Fungi_Dikarya_Ascomycota_Saccharomycotina_Saccharomycetes_Saccharomycetales_Saccharomyces_cerevisiae_baker_s_yeast, Node1652*)",111,2.9610622710287644,1.01655548421231,c4,branch_to_yeast
"(Eukaryota_Opisthokonta_Nucletmycea_Fungi_Dikarya_Ascomycota_Saccharomycotina_Saccharomycetes_Saccharomycetales_Saccharomyces_cerevisiae_baker_s_yeast, Node1652*)",112,6.325325180628533e-18,1.01655548421231,c4,branch_to_yeast
"(Eukaryota_Opisthokonta_Nucletmycea_Fungi_Dikarya_Ascomycota_Saccharomycotina_Saccharomycetes_Saccharomycetales_Saccharomyces_cerevisiae_baker_s_yeast, Node1652*)",113,2.9747327073946592,1.889559500203874,c2,branch_to_yeast
"(Eukaryota_Opisthokonta_Nucletmycea_Fungi_Dikarya_Ascomycota_Saccharomycotina_Saccharomycetes_Saccharomycetales_Saccharomyces_cerevisiae_baker_s_yeast, Node1652*)",114,2.9747327073946592,1.889559500203874,c2,branch_to_yeast
"(Eukaryota_Opisthokonta_Nucletmycea_Fungi_Dikarya_Ascomycota_Saccharomycotina_Saccharomycetes_Saccharomycetales_Saccharomyces_cerevisiae_baker_s_yeast, Node1652*)",115,3.3421000322333803,1.837175246384109,c3,branch_to_yeast
"(Eukaryota_Opisthokonta_Nucletmycea_Fungi_Dikarya_Ascomycota_Saccharomycotina_Saccharomycetes_Saccharomycetales_Saccharomyces_cerevisiae_baker_s_yeast, Node1652*)",116,-2.1023455946572456e-16,1.889559500203874,c2,branch_to_yeast
"(Eukaryota_Opisthokonta_Nucletmycea_Fungi_Dikarya_Ascomycota_Saccharomycotina_Saccharomycetes_Saccharomycetales_Saccharomyces_cerevisiae_baker_s_yeast, Node1652*)",117,2.204415160258556,2.347597172229281,c1,branch_to_yeast
"(Eukaryota_Opisthokonta_Nucletmycea_Fungi_Dikarya_Ascomycota_Saccharomycotina_Saccharomycetes_Saccharomycetales_Saccharomyces_cerevisiae_baker_s_yeast, Node1652*)",118,3.3477171110772046,2.347597172229281,c1,branch_to_yeast
"(Eukaryota_Opisthokonta_Nucletmycea_Fungi_Dikarya_Ascomycota_Saccharomycotina_Saccharomycetes_Saccharomycetales_Saccharomyces_cerevisiae_baker_s_yeast, Node1652*)",119,2.2036494920422576,1.889559500203874,c2,branch_to_yeast
"(Eukaryota_Opisthokonta_Nucletmycea_Fungi_Dikarya_Ascomycota_Saccharomycotina_Saccharomycetes_Saccharomycetales_Saccharomyces_cerevisiae_baker_s_yeast, Node1652*)",120,2.971494938007999,1.837175246384109,c3,branch_to_yeast
"(Eukaryota_Opisthokonta_Nucletmycea_Fungi_Dikarya_Ascomycota_Saccharomycotina_Saccharomycetes_Saccharomycetales_Saccharomyces_cerevisiae_baker_s_yeast, Node1652*)",121,2.976253267401704,2.347597172229281,c1,branch_to_yeast
"(Eukaryota_Opisthokonta_Nucletmycea_Fungi_Dikarya_Ascomycota_Saccharomycotina_Saccharomycetes_Saccharomycetales_Saccharomyces_cerevisiae_baker_s_yeast, Node1652*)",122,-2.0709957876191087e-16,1.889559500203874,c2,branch_to_yeast
"(Eukaryota_Opisthokonta_Nucletmycea_Fungi_Dikarya_Ascomycota_Saccharomycotina_Saccharomycetes_Saccharomycetales_Saccharomyces_cerevisiae_baker_s_yeast, Node1652*)",123,2.2036494920422576,1.889559500203874,c2,branch_to_yeast
"(Eukaryota_Opisthokonta_Nucletmycea_Fungi_Dikarya_Ascomycota_Saccharomycotina_Saccharomycetes_Saccharomycetales_Saccharomyces_cerevisiae_baker_s_yeast, Node1652*)",124,2.204415160258556,2.347597172229281,c1,branch_to_yeast
"(Eukaryota_Opisthokonta_Nucletmycea_Fungi_Dikarya_Ascomycota_Saccharomycotina_Saccharomycetes_Saccharomycetales_Saccharomyces_cerevisiae_baker_s_yeast, Node1652*)",125,3.3477171110772046,2.347597172229281,c1,branch_to_yeast
"(Eukaryota_Opisthokonta_Nucletmycea_Fungi_Dikarya_Ascomycota_Saccharomycotina_Saccharomycetes_Saccharomycetales_Saccharomyces_cerevisiae_baker_s_yeast, Node1652*)",126,2.733240076108026e-16,2.347597172229281,c1,branch_to_yeast
"(Eukaryota_Opisthokonta_Nucletmycea_Fungi_Dikarya_Ascomycota_Saccharomycotina_Saccharomycetes_Saccharomycetales_Saccharomyces_cerevisiae_baker_s_yeast, Node1652*)",127,3.3477171110772046,2.347597172229281,c1,branch_to_yeast
"(Eukaryota_Opisthokonta_Nucletmycea_Fungi_Dikarya_Ascomycota_Saccharomycotina_Saccharomycetes_Saccharomycetales_Saccharomyces_cerevisiae_baker_s_yeast, Node1652*)",128,2.9747327073946592,1.889559500203874,c2,branch_to_yeast
"(Eukaryota_Opisthokonta_Nucletmycea_Fungi_Dikarya_Ascomycota_Saccharomycotina_Saccharomycetes_Saccharomycetales_Saccharomyces_cerevisiae_baker_s_yeast, Node1652*)",129,3.344584836996695e-16,2.347597172229281,c1,branch_to_yeast
"(Eukaryota_Opisthokonta_Nucletmycea_Fungi_Dikarya_Ascomycota_Saccharomycotina_Saccharomycetes_Saccharomycetales_Saccharomyces_cerevisiae_baker_s_yeast, Node1652*)",130,-2.514806561693261e-16,2.347597172229281,c1,branch_to_yeast
"(Eukaryota_Opisthokonta_Nucletmycea_Fungi_Dikarya_Ascomycota_Saccharomycotina_Saccharomycetes_Saccharomycetales_Saccharomyces_cerevisiae_baker_s_yeast, Node1652*)",131,2.976253267401704,2.347597172229281,c1,branch_to_yeast
"(Eukaryota_Opisthokonta_Nucletmycea_Fungi_Dikarya_Ascomycota_Saccharomycotina_Saccharomycetes_Saccharomycetales_Saccharomyces_cerevisiae_baker_s_yeast, Node1652*)",132,2.9747327073946592,1.889559500203874,c2,branch_to_yeast
"(Eukaryota_Opisthokonta_Nucletmycea_Fungi_Dikarya_Ascomycota_Saccharomycotina_Saccharomycetes_Saccharomycetales_Saccharomyces_cerevisiae_baker_s_yeast, Node1652*)",133,2.9747327073946592,1.889559500203874,c2,branch_to_yeast
"(Eukaryota_Opisthokonta_Nucletmycea_Fungi_Dikarya_Ascomycota_Saccharomycotina_Saccharomycetes_Saccharomycetales_Saccharomyces_cerevisiae_baker_s_yeast, Node1652*)",134,2.2245785706795204e-16,1.837175246384109,c3,branch_to_yeast
"(Eukaryota_Opisthokonta_Nucletmycea_Fungi_Dikarya_Ascomycota_Saccharomycotina_Saccharomycetes_Saccharomycetales_Saccharomyces_cerevisiae_baker_s_yeast, Node1652*)",135,3.3459213213490626,1.889559500203874,c2,branch_to_yeast
"(Eukaryota_Opisthokonta_Nucletmycea_Fungi_Dikarya_Ascomycota_Saccharomycotina_Saccharomycetes_Saccharomycetales_Saccharomyces_cerevisiae_baker_s_yeast, Node1652*)",136,2.9747327073946592,1.889559500203874,c2,branch_to_yeast
"(Eukaryota_Opisthokonta_Nucletmycea_Fungi_Dikarya_Ascomycota_Saccharomycotina_Saccharomycetes_Saccharomycetales_Saccharomyces_cerevisiae_baker_s_yeast, Node1652*)",137,2.204415160258556,2.347597172229281,c1,branch_to_yeast
"(Eukaryota_Opisthokonta_Nucletmycea_Fungi_Dikarya_Ascomycota_Saccharomycotina_Saccharomycetes_Saccharomycetales_Saccharomyces_cerevisiae_baker_s_yeast, Node1652*)",138,3.016151442465096e-17,1.837175246384109,c3,branch_to_yeast
"(Eukaryota_Opisthokonta_Nucletmycea_Fungi_Dikarya_Ascomycota_Saccharomycotina_Saccharomycetes_Saccharomycetales_Saccharomyces_cerevisiae_baker_s_yeast, Node1652*)",139,2.757873645749948e-16,1.889559500203874,c2,branch_to_yeast
"(Eukaryota_Opisthokonta_Nucletmycea_Fungi_Dikarya_Ascomycota_Saccharomycotina_Saccharomycetes_Saccharomycetales_Saccharomyces_cerevisiae_baker_s_yeast, Node1652*)",140,2.971494938007999,1.837175246384109,c3,branch_to_yeast
"(Eukaryota_Opisthokonta_Nucletmycea_Fungi_Dikarya_Ascomycota_Saccharomycotina_Saccharomycetes_Saccharomycetales_Saccharomyces_cerevisiae_baker_s_yeast, Node1652*)",141,-2.1041833225734715e-16,1.889559500203874,c2,branch_to_yeast
"(Eukaryota_Opisthokonta_Nucletmycea_Fungi_Dikarya_Ascomycota_Saccharomycotina_Saccharomycetes_Saccharomycetales_Saccharomyces_cerevisiae_baker_s_yeast, Node1652*)",142,3.3421000322333803,1.837175246384109,c3,branch_to_yeast
"(Eukaryota_Opisthokonta_Nucletmycea_Fungi_Dikarya_Ascomycota_Saccharomycotina_Saccharomycetes_Saccharomycetales_Saccharomyces_cerevisiae_baker_s_yeast, Node1652*)",143,9.434535788055002e-17,1.889559500203874,c2,branch_to_yeast
"(Eukaryota_Opisthokonta_Nucletmycea_Fungi_Dikarya_Ascomycota_Saccharomycotina_Saccharomycetes_Saccharomycetales_Saccharomyces_cerevisiae_baker_s_yeast, Node1652*)",144,2.204415160258556,2.347597172229281,c1,branch_to_yeast
"(Eukaryota_Opisthokonta_Nucletmycea_Fungi_Dikarya_Ascomycota_Saccharomycotina_Saccharomycetes_Saccharomycetales_Saccharomyces_cerevisiae_baker_s_yeast, Node1652*)",145,1.240540708826311e-16,1.837175246384109,c3,branch_to_yeast
"(Eukaryota_Opisthokonta_Nucletmycea_Fungi_Dikarya_Ascomycota_Saccharomycotina_Saccharomycetes_Saccharomycetales_Saccharomyces_cerevisiae_baker_s_yeast, Node1652*)",146,-1.6479918164875579e-16,1.837175246384109,c3,branch_to_yeast
"(Eukaryota_Opisthokonta_Nucletmycea_Fungi_Dikarya_Ascomycota_Saccharomycotina_Saccharomycetes_Saccharomycetales_Saccharomyces_cerevisiae_baker_s_yeast, Node1652*)",147,-2.3612823852106983e-16,2.347597172229281,c1,branch_to_yeast
"(Eukaryota_Opisthokonta_Nucletmycea_Fungi_Dikarya_Ascomycota_Saccharomycotina_Saccharomycetes_Saccharomycetales_Saccharomyces_cerevisiae_baker_s_yeast, Node1652*)",148,2.9610622710287644,1.01655548421231,c4,branch_to_yeast
"(Eukaryota_Opisthokonta_Nucletmycea_Fungi_Dikarya_Ascomycota_Saccharomycotina_Saccharomycetes_Saccharomycetales_Saccharomyces_cerevisiae_baker_s_yeast, Node1652*)",149,-2.0519802057644102e-16,1.889559500203874,c2,branch_to_yeast
"(Eukaryota_Opisthokonta_Nucletmycea_Fungi_Dikarya_Ascomycota_Saccharomycotina_Saccharomycetes_Saccharomycetales_Saccharomyces_cerevisiae_baker_s_yeast, Node1652*)",150,2.9188641275652495e-16,2.347597172229281,c1,branch_to_yeast
"(Eukaryota_Opisthokonta_Nucletmycea_Fungi_Dikarya_Ascomycota_Saccharomycotina_Saccharomycetes_Saccharomycetales_Saccharomyces_cerevisiae_baker_s_yeast, Node1652*)",151,1.5379132704011659e-16,1.837175246384109,c3,branch_to_yeast
"(Eukaryota_Opisthokonta_Nucletmycea_Fungi_Dikarya_Ascomycota_Saccharomycotina_Saccharomycetes_Saccharomycetales_Saccharomyces_cerevisiae_baker_s_yeast, Node1652*)",152,2.1967652049440844,1.01655548421231,c4,branch_to_yeast
"(Eukaryota_Opisthokonta_Nucletmycea_Fungi_Dikarya_Ascomycota_Saccharomycotina_Saccharomycetes_Saccharomycetales_Saccharomyces_cerevisiae_baker_s_yeast, Node1652*)",153,2.9610622710287644,1.01655548421231,c4,branch_to_yeast
"(Eukaryota_Opisthokonta_Nucletmycea_Fungi_Dikarya_Ascomycota_Saccharomycotina_Saccharomycetes_Saccharomycetales_Saccharomyces_cerevisiae_baker_s_yeast, Node1652*)",154,3.121988740217722e-17,1.01655548421231,c4,branch_to_yeast
"(Eukaryota_Opisthokonta_Nucletmycea_Fungi_Dikarya_Ascomycota_Saccharomycotina_Saccharomycetes_Saccharomycetales_Saccharomyces_cerevisiae_baker_s_yeast, Node1652*)",155,2.971494938007999,1.837175246384109,c3,branch_to_yeast
"(Eukaryota_Opisthokonta_Nucletmycea_Fungi_Dikarya_Ascomycota_Saccharomycotina_Saccharomycetes_Saccharomycetales_Saccharomyces_cerevisiae_baker_s_yeast, Node1652*)",156,2.2020190876113945,1.837175246384109,c3,branch_to_yeast
"(Eukaryota_Opisthokonta_Nucletmycea_Fungi_Dikarya_Ascomycota_Saccharomycotina_Saccharomycetes_Saccharomycetales_Saccharomyces_cerevisiae_baker_s_yeast, Node1652*)",157,2.225586160490542e-16,1.889559500203874,c2,branch_to_yeast
"(Eukaryota_Opisthokonta_Nucletmycea_Fungi_Dikarya_Ascomycota_Saccharomycotina_Saccharomycetes_Saccharomycetales_Saccharomyces_cerevisiae_baker_s_yeast, Node1652*)",158,2.834188232520436e-16,1.01655548421231,c4,branch_to_yeast
"(Eukaryota_Opisthokonta_Nucletmycea_Fungi_Dikarya_Ascomycota_Saccharomycotina_Saccharomycetes_Saccharomycetales_Saccharomyces_cerevisiae_baker_s_yeast, Node1652*)",159,-1.9746602668038575e-16,1.837175246384109,c3,branch_to_yeast
"(Eukaryota_Opisthokonta_Nucletmycea_Fungi_Dikarya_Ascomycota_Saccharomycotina_Saccharomycetes_Saccharomycetales_Saccharomyces_cerevisiae_baker_s_yeast, Node1652*)",160,2.9610622710287644,1.01655548421231,c4,branch_to_yeast
"(Eukaryota_Opisthokonta_Nucletmycea_Fungi_Dikarya_Ascomycota_Saccharomycotina_Saccharomycetes_Saccharomycetales_Saccharomyces_cerevisiae_baker_s_yeast, Node1652*)",161,3.3421000322333803,1.837175246384109,c3,branch_to_yeast
"(Eukaryota_Opisthokonta_Nucletmycea_Fungi_Dikarya_Ascomycota_Saccharomycotina_Saccharomycetes_Saccharomycetales_Saccharomyces_cerevisiae_baker_s_yeast, Node1652*)",162,2.903771722702887e-16,1.889559500203874,c2,branch_to_yeast
"(Eukaryota_Opisthokonta_Nucletmycea_Fungi_Dikarya_Ascomycota_Saccharomycotina_Saccharomycetes_Saccharomycetales_Saccharomyces_cerevisiae_baker_s_yeast, Node1652*)",163,2.9747327073946592,1.889559500203874,c2,branch_to_yeast
"(Eukaryota_Opisthokonta_Nucletmycea_Fungi_Dikarya_Ascomycota_Saccharomycotina_Saccharomycetes_Saccharomycetales_Saccharomyces_cerevisiae_baker_s_yeast, Node1652*)",164,5.858096185269761e-17,1.837175246384109,c3,branch_to_yeast
"(Eukaryota_Opisthokonta_Nucletmycea_Fungi_Dikarya_Ascomycota_Saccharomycotina_Saccharomycetes_Saccharomycetales_Saccharomyces_cerevisiae_baker_s_yeast, Node1652*)",165,3.3421000322333803,1.837175246384109,c3,branch_to_yeast
"(Eukaryota_Opisthokonta_Nucletmycea_Fungi_Dikarya_Ascomycota_Saccharomycotina_Saccharomycetes_Saccharomycetales_Saccharomyces_cerevisiae_baker_s_yeast, Node1652*)",166,2.9610622710287644,1.01655548421231,c4,branch_to_yeast
"(Eukaryota_Opisthokonta_Nucletmycea_Fungi_Dikarya_Ascomycota_Saccharomycotina_Saccharomycetes_Saccharomycetales_Saccharomyces_cerevisiae_baker_s_yeast, Node1652*)",167,-6.018668586272052e-18,1.837175246384109,c3,branch_to_yeast
"(Eukaryota_Opisthokonta_Nucletmycea_Fungi_Dikarya_Ascomycota_Saccharomycotina_Saccharomycetes_Saccharomycetales_Saccharomyces_cerevisiae_baker_s_yeast, Node1652*)",168,2.2036494920422576,1.889559500203874,c2,branch_to_yeast
"(Eukaryota_Opisthokonta_Nucletmycea_Fungi_Dikarya_Ascomycota_Saccharomycotina_Saccharomycetes_Saccharomycetales_Saccharomyces_cerevisiae_baker_s_yeast, Node1652*)",169,2.2020190876113945,1.837175246384109,c3,branch_to_yeast
"(Eukaryota_Opisthokonta_Nucletmycea_Fungi_Dikarya_Ascomycota_Saccharomycotina_Saccharomycetes_Saccharomycetales_Saccharomyces_cerevisiae_baker_s_yeast, Node1652*)",170,2.976253267401704,2.347597172229281,c1,branch_to_yeast
"(Eukaryota_Opisthokonta_Nucletmycea_Fungi_Dikarya_Ascomycota_Saccharomycotina_Saccharomycetes_Saccharomycetales_Saccharomyces_cerevisiae_baker_s_yeast, Node1652*)",171,-2.0082467257791286e-16,1.889559500203874,c2,branch_to_yeast
"(Eukaryota_Opisthokonta_Nucletmycea_Fungi_Dikarya_Ascomycota_Saccharomycotina_Saccharomycetes_Saccharomycetales_Saccharomyces_cerevisiae_baker_s_yeast, Node1652*)",172,2.976253267401704,2.347597172229281,c1,branch_to_yeast
"(Eukaryota_Opisthokonta_Nucletmycea_Fungi_Dikarya_Ascomycota_Saccharomycotina_Saccharomycetes_Saccharomycetales_Saccharomyces_cerevisiae_baker_s_yeast, Node1652*)",173,2.971494938002877,1.837175246384109,c3,branch_to_yeast
"(Eukaryota_Opisthokonta_Nucletmycea_Fungi_Dikarya_Ascomycota_Saccharomycotina_Saccharomycetes_Saccharomycetales_Saccharomyces_cerevisiae_baker_s_yeast, Node1652*)",174,3.3459213213490626,1.889559500203874,c2,branch_to_yeast
"(Eukaryota_Opisthokonta_Nucletmycea_Fungi_Dikarya_Ascomycota_Saccharomycotina_Saccharomycetes_Saccharomycetales_Saccharomyces_cerevisiae_baker_s_yeast, Node1652*)",175,-1.9094407238811047e-16,1.01655548421231,c4,branch_to_yeast
"(Eukaryota_Opisthokonta_Nucletmycea_Fungi_Dikarya_Ascomycota_Saccharomycotina_Saccharomycetes_Saccharomycetales_Saccharomyces_cerevisiae_baker_s_yeast, Node1652*)",176,2.1967652049440844,1.01655548421231,c4,branch_to_yeast
"(Eukaryota_Opisthokonta_Nucletmycea_Fungi_Dikarya_Ascomycota_Saccharomycotina_Saccharomycetes_Saccharomycetales_Saccharomyces_cerevisiae_baker_s_yeast, Node1652*)",177,-4.642599824353658e-17,1.01655548421231,c4,branch_to_yeast
"(Eukaryota_Opisthokonta_Nucletmycea_Fungi_Dikarya_Ascomycota_Saccharomycotina_Saccharomycetes_Saccharomycetales_Saccharomyces_cerevisiae_baker_s_yeast, Node1652*)",178,2.1967652049440844,1.01655548421231,c4,branch_to_yeast
"(Eukaryota_Opisthokonta_Nucletmycea_Fungi_Dikarya_Ascomycota_Saccharomycotina_Saccharomycetes_Saccharomycetales_Saccharomyces_cerevisiae_baker_s_yeast, Node1652*)",179,2.2020190876113945,1.837175246384109,c3,branch_to_yeast
"(Eukaryota_Opisthokonta_Nucletmycea_Fungi_Dikarya_Ascomycota_Saccharomycotina_Saccharomycetes_Saccharomycetales_Saccharomyces_cerevisiae_baker_s_yeast, Node1652*)",180,-2.400892204304391e-16,2.347597172229281,c1,branch_to_yeast
"(Eukaryota_Opisthokonta_Nucletmycea_Fungi_Dikarya_Ascomycota_Saccharomycotina_Saccharomycetes_Saccharomycetales_Saccharomyces_cerevisiae_baker_s_yeast, Node1652*)",181,2.976253267401704,2.347597172229281,c1,branch_to_yeast
"(Eukaryota_Opisthokonta_Nucletmycea_Fungi_Dikarya_Ascomycota_Saccharomycotina_Saccharomycetes_Saccharomycetales_Saccharomyces_cerevisiae_baker_s_yeast, Node1652*)",182,2.976253267401704,2.347597172229281,c1,branch_to_yeast
"(Eukaryota_Opisthokonta_Nucletmycea_Fungi_Dikarya_Ascomycota_Saccharomycotina_Saccharomycetes_Saccharomycetales_Saccharomyces_cerevisiae_baker_s_yeast, Node1652*)",183,1.816463815284006e-16,2.347597172229281,c1,branch_to_yeast
"(Eukaryota_Opisthokonta_Nucletmycea_Fungi_Dikarya_Ascomycota_Saccharomycotina_Saccharomycetes_Saccharomycetales_Saccharomyces_cerevisiae_baker_s_yeast, Node1652*)",184,-1.3403246801429543e-16,1.889559500203874,c2,branch_to_yeast
"(Eukaryota_Opisthokonta_Nucletmycea_Fungi_Dikarya_Ascomycota_Saccharomycotina_Saccharomycetes_Saccharomycetales_Saccharomyces_cerevisiae_baker_s_yeast, Node1652*)",185,3.3421000322333803,1.837175246384109,c3,branch_to_yeast
"(Eukaryota_Opisthokonta_Nucletmycea_Fungi_Dikarya_Ascomycota_Saccharomycotina_Saccharomycetes_Saccharomycetales_Saccharomyces_cerevisiae_baker_s_yeast, Node1652*)",186,-5.905637002247056e-17,1.01655548421231,c4,branch_to_yeast
"(Eukaryota_Opisthokonta_Nucletmycea_Fungi_Dikarya_Ascomycota_Saccharomycotina_Saccharomycetes_Saccharomycetales_Saccharomyces_cerevisiae_baker_s_yeast, Node1652*)",187,2.9610622710287644,1.01655548421231,c4,branch_to_yeast
"(Eukaryota_Opisthokonta_Nucletmycea_Fungi_Dikarya_Ascomycota_Saccharomycotina_Saccharomycetes_Saccharomycetales_Saccharomyces_cerevisiae_baker_s_yeast, Node1652*)",188,2.1967652049440844,1.01655548421231,c4,branch_to_yeast
"(Eukaryota_Opisthokonta_Nucletmycea_Fungi_Dikarya_Ascomycota_Saccharomycotina_Saccharomycetes_Saccharomycetales_Saccharomyces_cerevisiae_baker_s_yeast, Node1652*)",189,2.9610622710287644,1.01655548421231,c4,branch_to_yeast
"(Eukaryota_Opisthokonta_Nucletmycea_Fungi_Dikarya_Ascomycota_Saccharomycotina_Saccharomycetes_Saccharomycetales_Saccharomyces_cerevisiae_baker_s_yeast, Node1652*)",190,2.2020190876113945,1.837175246384109,c3,branch_to_yeast
"(Eukaryota_Opisthokonta_Nucletmycea_Fungi_Dikarya_Ascomycota_Saccharomycotina_Saccharomycetes_Saccharomycetales_Saccharomyces_cerevisiae_baker_s_yeast, Node1652*)",191,3.3421000322333803,1.837175246384109,c3,branch_to_yeast
"(Eukaryota_Opisthokonta_Nucletmycea_Fungi_Dikarya_Ascomycota_Saccharomycotina_Saccharomycetes_Saccharomycetales_Saccharomyces_cerevisiae_baker_s_yeast, Node1652*)",192,-2.0924807198149255e-16,2.347597172229281,c1,branch_to_yeast
"(Eukaryota_Opisthokonta_Nucletmycea_Fungi_Dikarya_Ascomycota_Saccharomycotina_Saccharomycetes_Saccharomycetales_Saccharomyces_cerevisiae_baker_s_yeast, Node1652*)",193,2.976253267401704,2.347597172229281,c1,branch_to_yeast
"(Eukaryota_Opisthokonta_Nucletmycea_Fungi_Dikarya_Ascomycota_Saccharomycotina_Saccharomycetes_Saccharomycetales_Saccharomyces_cerevisiae_baker_s_yeast, Node1652*)",194,2.976253267401704,2.347597172229281,c1,branch_to_yeast
"(Eukaryota_Opisthokonta_Nucletmycea_Fungi_Dikarya_Ascomycota_Saccharomycotina_Saccharomycetes_Saccharomycetales_Saccharomyces_cerevisiae_baker_s_yeast, Node1652*)",195,1.8373427624047856e-17,1.889559500203874,c2,branch_to_yeast
"(Eukaryota_Opisthokonta_Nucletmycea_Fungi_Dikarya_Ascomycota_Saccharomycotina_Saccharomycetes_Saccharomycetales_Saccharomyces_cerevisiae_baker_s_yeast, Node1652*)",196,2.971494938007999,1.837175246384109,c3,branch_to_yeast
"(Eukaryota_Opisthokonta_Nucletmycea_Fungi_Dikarya_Ascomycota_Saccharomycotina_Saccharomycetes_Saccharomycetales_Saccharomyces_cerevisiae_baker_s_yeast, Node1652*)",197,3.3459213213490626,1.889559500203874,c2,branch_to_yeast
"(Eukaryota_Opisthokonta_Nucletmycea_Fungi_Dikarya_Ascomycota_Saccharomycotina_Saccharomycetes_Saccharomycetales_Saccharomyces_cerevisiae_baker_s_yeast, Node1652*)",198,2.971494938007999,1.837175246384109,c3,branch_to_yeast
"(Eukaryota_Opisthokonta_Nucletmycea_Fungi_Dikarya_Ascomycota_Saccharomycotina_Saccharomycetes_Saccharomycetales_Saccharomyces_cerevisiae_baker_s_yeast, Node1652*)",199,-1.5762901851640082e-16,1.837175246384109,c3,branch_to_yeast
"(Eukaryota_Opisthokonta_Nucletmycea_Fungi_Dikarya_Ascomycota_Saccharomycotina_Saccharomycetes_Saccharomycetales_Saccharomyces_cerevisiae_baker_s_yeast, Node1652*)",200,2.2020190876113945,1.837175246384109,c3,branch_to_yeast
"(Eukaryota_Opisthokonta_Nucletmycea_Fungi_Dikarya_Ascomycota_Saccharomycotina_Saccharomycetes_Saccharomycetales_Saccharomyces_cerevisiae_baker_s_yeast, Node1652*)",201,3.3459213213490626,1.889559500203874,c2,branch_to_yeast
"(Eukaryota_Opisthokonta_Nucletmycea_Fungi_Dikarya_Ascomycota_Saccharomycotina_Saccharomycetes_Saccharomycetales_Saccharomyces_cerevisiae_baker_s_yeast, Node1652*)",202,-2.5233744968123333e-16,2.347597172229281,c1,branch_to_yeast
"(Eukaryota_Opisthokonta_Nucletmycea_Fungi_Dikarya_Ascomycota_Saccharomycotina_Saccharomycetes_Saccharomycetales_Saccharomyces_cerevisiae_baker_s_yeast, Node1652*)",203,3.212385782822026e-16,1.837175246384109,c3,branch_to_yeast
"(Eukaryota_Opisthokonta_Nucletmycea_Fungi_Dikarya_Ascomycota_Saccharomycotina_Saccharomycetes_Saccharomycetales_Saccharomyces_cerevisiae_baker_s_yeast, Node1652*)",204,2.9610622710287644,1.01655548421231,c4,branch_to_yeast
"(Eukaryota_Opisthokonta_Nucletmycea_Fungi_Dikarya_Ascomycota_Saccharomycotina_Saccharomycetes_Saccharomycetales_Saccharomyces_cerevisiae_baker_s_yeast, Node1652*)",205,2.9610622710287644,1.01655548421231,c4,branch_to_yeast
"(Eukaryota_Opisthokonta_Nucletmycea_Fungi_Dikarya_Ascomycota_Saccharomycotina_Saccharomycetes_Saccharomycetales_Saccharomyces_cerevisiae_baker_s_yeast, Node1652*)",206,2.9610622710287644,1.01655548421231,c4,branch_to_yeast
"(Eukaryota_Opisthokonta_Nucletmycea_Fungi_Dikarya_Ascomycota_Saccharomycotina_Saccharomycetes_Saccharomycetales_Saccharomyces_cerevisiae_baker_s_yeast, Node1652*)",207,2.9610622710287644,1.01655548421231,c4,branch_to_yeast
"(Eukaryota_Opisthokonta_Nucletmycea_Fungi_Dikarya_Ascomycota_Saccharomycotina_Saccharomycetes_Saccharomycetales_Saccharomyces_cerevisiae_baker_s_yeast, Node1652*)",208,-1.403316763225379e-16,1.01655548421231,c4,branch_to_yeast
"(Eukaryota_Opisthokonta_Nucletmycea_Fungi_Dikarya_Ascomycota_Saccharomycotina_Saccharomycetes_Saccharomycetales_Saccharomyces_cerevisiae_baker_s_yeast, Node1652*)",209,-1.5095948222438734e-16,1.01655548421231,c4,branch_to_yeast
"(Eukaryota_Opisthokonta_Nucletmycea_Fungi_Dikarya_Ascomycota_Saccharomycotina_Saccharomycetes_Saccharomycetales_Saccharomyces_cerevisiae_baker_s_yeast, Node1652*)",210,3.329810638949626,1.01655548421231,c4,branch_to_yeast
"(Eukaryota_Opisthokonta_Nucletmycea_Fungi_Dikarya_Ascomycota_Saccharomycotina_Saccharomycetes_Saccharomycetales_Saccharomyces_cerevisiae_baker_s_yeast, Node1652*)",211,-1.9093623557147467e-16,1.01655548421231,c4,branch_to_yeast
"(Eukaryota_Opisthokonta_Nucletmycea_Fungi_Dikarya_Ascomycota_Saccharomycotina_Saccharomycetes_Saccharomycetales_Saccharomyces_cerevisiae_baker_s_yeast, Node1652*)",212,3.329810638949626,1.01655548421231,c4,branch_to_yeast
"(Eukaryota_Opisthokonta_Nucletmycea_Fungi_Dikarya_Ascomycota_Saccharomycotina_Saccharomycetes_Saccharomycetales_Saccharomyces_cerevisiae_baker_s_yeast, Node1652*)",213,-9.913590934647449e-18,1.01655548421231,c4,branch_to_yeast
"(Eukaryota_Opisthokonta_Nucletmycea_Fungi_Dikarya_Ascomycota_Saccharomycotina_Saccharomycetes_Saccharomycetales_Saccharomyces_cerevisiae_baker_s_yeast, Node1652*)",214,2.2020190876113945,1.837175246384109,c3,branch_to_yeast
"(Eukaryota_Opisthokonta_Nucletmycea_Fungi_Dikarya_Ascomycota_Saccharomycotina_Saccharomycetes_Saccharomycetales_Saccharomyces_cerevisiae_baker_s_yeast, Node1652*)",215,2.16929276981543e-19,1.01655548421231,c4,branch_to_yeast
"(Eukaryota_Opisthokonta_Nucletmycea_Fungi_Dikarya_Ascomycota_Saccharomycotina_Saccharomycetes_Saccharomycetales_Saccharomyces_cerevisiae_baker_s_yeast, Node1652*)",216,1.1260564675998837e-19,1.01655548421231,c4,branch_to_yeast
"(Eukaryota_Opisthokonta_Nucletmycea_Fungi_Dikarya_Ascomycota_Saccharomycotina_Saccharomycetes_Saccharomycetales_Saccharomyces_cerevisiae_baker_s_yeast, Node1652*)",217,2.971494938007999,1.837175246384109,c3,branch_to_yeast
"(Eukaryota_Opisthokonta_Nucletmycea_Fungi_Dikarya_Ascomycota_Saccharomycotina_Saccharomycetes_Saccharomycetales_Saccharomyces_cerevisiae_baker_s_yeast, Node1652*)",218,-5.6722552550844606e-18,1.01655548421231,c4,branch_to_yeast
"(Eukaryota_Opisthokonta_Nucletmycea_Fungi_Dikarya_Ascomycota_Saccharomycotina_Saccharomycetes_Saccharomycetales_Saccharomyces_cerevisiae_baker_s_yeast, Node1652*)",219,-3.0590291300715296e-18,1.01655548421231,c4,branch_to_yeast
"(Eukaryota_Opisthokonta_Nucletmycea_Fungi_Dikarya_Ascomycota_Saccharomycotina_Saccharomycetes_Saccharomycetales_Saccharomyces_cerevisiae_baker_s_yeast, Node1652*)",220,3.329810638949626,1.01655548421231,c4,branch_to_yeast
"(Eukaryota_Opisthokonta_Nucletmycea_Fungi_Dikarya_Ascomycota_Saccharomycotina_Saccharomycetes_Saccharomycetales_Saccharomyces_cerevisiae_baker_s_yeast, Node1652*)",221,3.3421000322333803,1.837175246384109,c3,branch_to_yeast
"(Eukaryota_Opisthokonta_Nucletmycea_Fungi_Dikarya_Ascomycota_Saccharomycotina_Saccharomycetes_Saccharomycetales_Saccharomyces_cerevisiae_baker_s_yeast, Node1652*)",222,-2.1808710200136587e-16,1.889559500203874,c2,branch_to_yeast
"(Eukaryota_Opisthokonta_Nucletmycea_Fungi_Dikarya_Ascomycota_Saccharomycotina_Saccharomycetes_Saccharomycetales_Saccharomyces_cerevisiae_baker_s_yeast, Node1652*)",223,3.342100032146172,1.837175246384109,c3,branch_to_yeast
"(Eukaryota_Opisthokonta_Nucletmycea_Fungi_Dikarya_Ascomycota_Saccharomycotina_Saccharomycetes_Saccharomycetales_Saccharomyces_cerevisiae_baker_s_yeast, Node1652*)",224,-2.317205970474095e-16,1.01655548421231,c4,branch_to_yeast
"(Eukaryota_Opisthokonta_Nucletmycea_Fungi_Dikarya_Ascomycota_Saccharomycotina_Saccharomycetes_Saccharomycetales_Saccharomyces_cerevisiae_baker_s_yeast, Node1652*)",225,-2.3965192064690115e-16,1.837175246384109,c3,branch_to_yeast
"(Eukaryota_Opisthokonta_Nucletmycea_Fungi_Dikarya_Ascomycota_Saccharomycotina_Saccharomycetes_Saccharomycetales_Saccharomyces_cerevisiae_baker_s_yeast, Node1652*)",226,-2.338908478814277e-16,1.837175246384109,c3,branch_to_yeast
"(Eukaryota_Opisthokonta_Nucletmycea_Fungi_Dikarya_Ascomycota_Saccharomycotina_Saccharomycetes_Saccharomycetales_Saccharomyces_cerevisiae_baker_s_yeast, Node1652*)",227,-6.025868309229899e-17,1.01655548421231,c4,branch_to_yeast
"(Eukaryota_Opisthokonta_Nucletmycea_Fungi_Dikarya_Ascomycota_Saccharomycotina_Saccharomycetes_Saccharomycetales_Saccharomyces_cerevisiae_baker_s_yeast, Node1652*)",228,2.2020190876113945,1.837175246384109,c3,branch_to_yeast
"(Eukaryota_Opisthokonta_Nucletmycea_Fungi_Dikarya_Ascomycota_Saccharomycotina_Saccharomycetes_Saccharomycetales_Saccharomyces_cerevisiae_baker_s_yeast, Node1652*)",229,2.1967652049440844,1.01655548421231,c4,branch_to_yeast
"(Eukaryota_Opisthokonta_Nucletmycea_Fungi_Dikarya_Ascomycota_Saccharomycotina_Saccharomycetes_Saccharomycetales_Saccharomyces_cerevisiae_baker_s_yeast, Node1652*)",230,-1.4662905102212302e-17,1.01655548421231,c4,branch_to_yeast
"(Eukaryota_Opisthokonta_Nucletmycea_Fungi_Dikarya_Ascomycota_Saccharomycotina_Saccharomycetes_Saccharomycetales_Saccharomyces_cerevisiae_baker_s_yeast, Node1652*)",231,-3.5880969573666683e-19,1.01655548421231,c4,branch_to_yeast
"(Eukaryota_Opisthokonta_Nucletmycea_Fungi_Dikarya_Ascomycota_Saccharomycotina_Saccharomycetes_Saccharomycetales_Saccharomyces_cerevisiae_baker_s_yeast, Node1652*)",232,-6.057994472564802e-19,1.01655548421231,c4,branch_to_yeast
"(Eukaryota_Opisthokonta_Nucletmycea_Fungi_Dikarya_Ascomycota_Saccharomycotina_Saccharomycetes_Saccharomycetales_Saccharomyces_cerevisiae_baker_s_yeast, Node1652*)",233,2.971494938007999,1.837175246384109,c3,branch_to_yeast
"(Eukaryota_Opisthokonta_Nucletmycea_Fungi_Dikarya_Ascomycota_Saccharomycotina_Saccharomycetes_Saccharomycetales_Saccharomyces_cerevisiae_baker_s_yeast, Node1652*)",234,2.971494938007999,1.837175246384109,c3,branch_to_yeast
"(Eukaryota_Opisthokonta_Nucletmycea_Fungi_Dikarya_Ascomycota_Saccharomycotina_Saccharomycetes_Saccharomycetales_Saccharomyces_cerevisiae_baker_s_yeast, Node1652*)",235,1.455746726017642e-17,1.01655548421231,c4,branch_to_yeast
"(Eukaryota_Opisthokonta_Nucletmycea_Fungi_Dikarya_Ascomycota_Saccharomycotina_Saccharomycetes_Saccharomycetales_Saccharomyces_cerevisiae_baker_s_yeast, Node1652*)",236,2.1967652049440844,1.01655548421231,c4,branch_to_yeast
"(Eukaryota_Opisthokonta_Nucletmycea_Fungi_Dikarya_Ascomycota_Saccharomycotina_Saccharomycetes_Saccharomycetales_Saccharomyces_cerevisiae_baker_s_yeast, Node1652*)",237,2.9610622710287644,1.01655548421231,c4,branch_to_yeast
"(Eukaryota_Opisthokonta_Nucletmycea_Fungi_Dikarya_Ascomycota_Saccharomycotina_Saccharomycetes_Saccharomycetales_Saccharomyces_cerevisiae_baker_s_yeast, Node1652*)",238,2.1967652049440844,1.01655548421231,c4,branch_to_yeast
"(Eukaryota_Opisthokonta_Nucletmycea_Fungi_Dikarya_Ascomycota_Saccharomycotina_Saccharomycetes_Saccharomycetales_Saccharomyces_cerevisiae_baker_s_yeast, Node1652*)",239,2.9610622710287644,1.01655548421231,c4,branch_to_yeast
"(Eukaryota_Opisthokonta_Nucletmycea_Fungi_Dikarya_Ascomycota_Saccharomycotina_Saccharomycetes_Saccharomycetales_Saccharomyces_cerevisiae_baker_s_yeast, Node1652*)",240,-1.4168297337601938e-16,1.01655548421231,c4,branch_to_yeast
"(Eukaryota_Opisthokonta_Nucletmycea_Fungi_Dikarya_Ascomycota_Saccharomycotina_Saccharomycetes_Saccharomycetales_Saccharomyces_cerevisiae_baker_s_yeast, Node1652*)",241,2.2036494920422576,1.889559500203874,c2,branch_to_yeast
"(Eukaryota_Opisthokonta_Nucletmycea_Fungi_Dikarya_Ascomycota_Saccharomycotina_Saccharomycetes_Saccharomycetales_Saccharomyces_cerevisiae_baker_s_yeast, Node1652*)",242,-1.7794090079845126e-16,1.837175246384109,c3,branch_to_yeast
"(Eukaryota_Opisthokonta_Nucletmycea_Fungi_Dikarya_Ascomycota_Saccharomycotina_Saccharomycetes_Saccharomycetales_Saccharomyces_cerevisiae_baker_s_yeast, Node1652*)",243,2.971494938007999,1.837175246384109,c3,branch_to_yeast
"(Eukaryota_Opisthokonta_Nucletmycea_Fungi_Dikarya_Ascomycota_Saccharomycotina_Saccharomycetes_Saccharomycetales_Saccharomyces_cerevisiae_baker_s_yeast, Node1652*)",244,-2.074263853697877e-16,1.889559500203874,c2,branch_to_yeast
"(Eukaryota_Opisthokonta_Nucletmycea_Fungi_Dikarya_Ascomycota_Saccharomycotina_Saccharomycetes_Saccharomycetales_Saccharomyces_cerevisiae_baker_s_yeast, Node1652*)",245,-2.934652630738667e-17,1.889559500203874,c2,branch_to_yeast
"(Eukaryota_Opisthokonta_Nucletmycea_Fungi_Dikarya_Ascomycota_Saccharomycotina_Saccharomycetes_Saccharomycetales_Saccharomyces_cerevisiae_baker_s_yeast, Node1652*)",246,-2.282332755150076e-16,1.889559500203874,c2,branch_to_yeast
"(Eukaryota_Opisthokonta_Nucletmycea_Fungi_Dikarya_Ascomycota_Saccharomycotina_Saccharomycetes_Saccharomycetales_Saccharomyces_cerevisiae_baker_s_yeast, Node1652*)",247,2.9747327073946592,1.889559500203874,c2,branch_to_yeast
"(Eukaryota_Opisthokonta_Nucletmycea_Fungi_Dikarya_Ascomycota_Saccharomycotina_Saccharomycetes_Saccharomycetales_Saccharomyces_cerevisiae_baker_s_yeast, Node1652*)",248,-8.039750211440246e-17,1.889559500203874,c2,branch_to_yeast
"(Eukaryota_Opisthokonta_Nucletmycea_Fungi_Dikarya_Ascomycota_Saccharomycotina_Saccharomycetes_Saccharomycetales_Saccharomyces_cerevisiae_baker_s_yeast, Node1652*)",249,-2.2130324048983036e-16,1.889559500203874,c2,branch_to_yeast
"(Eukaryota_Opisthokonta_Nucletmycea_Fungi_Dikarya_Ascomycota_Saccharomycotina_Saccharomycetes_Saccharomycetales_Saccharomyces_cerevisiae_baker_s_yeast, Node1652*)",250,2.9747327073946592,1.889559500203874,c2,branch_to_yeast
"(Eukaryota_Opisthokonta_Nucletmycea_Fungi_Dikarya_Ascomycota_Saccharomycotina_Saccharomycetes_Saccharomycetales_Saccharomyces_cerevisiae_baker_s_yeast, Node1652*)",251,2.2036494920422576,1.889559500203874,c2,branch_to_yeast
"(Eukaryota_Opisthokonta_Nucletmycea_Fungi_Dikarya_Ascomycota_Saccharomycotina_Saccharomycetes_Saccharomycetales_Saccharomyces_cerevisiae_baker_s_yeast, Node1652*)",252,2.971494938007999,1.837175246384109,c3,branch_to_yeast
"(Eukaryota_Opisthokonta_Nucletmycea_Fungi_Dikarya_Ascomycota_Saccharomycotina_Saccharomycetes_Saccharomycetales_Saccharomyces_cerevisiae_baker_s_yeast, Node1652*)",253,-1.5281645784260292e-16,1.837175246384109,c3,branch_to_yeast
"(Eukaryota_Opisthokonta_Nucletmycea_Fungi_Dikarya_Ascomycota_Saccharomycotina_Saccharomycetes_Saccharomycetales_Saccharomyces_cerevisiae_baker_s_yeast, Node1652*)",254,2.9610622710287644,1.01655548421231,c4,branch_to_yeast
"(Eukaryota_Opisthokonta_Nucletmycea_Fungi_Dikarya_Ascomycota_Saccharomycotina_Saccharomycetes_Saccharomycetales_Saccharomyces_cerevisiae_baker_s_yeast, Node1652*)",255,2.9610622710287644,1.01655548421231,c4,branch_to_yeast
"(Eukaryota_Opisthokonta_Nucletmycea_Fungi_Dikarya_Ascomycota_Saccharomycotina_Saccharomycetes_Saccharomycetales_Saccharomyces_cerevisiae_baker_s_yeast, Node1652*)",256,2.971494938007999,1.837175246384109,c3,branch_to_yeast
"(Eukaryota_Opisthokonta_Nucletmycea_Fungi_Dikarya_Ascomycota_Saccharomycotina_Saccharomycetes_Saccharomycetales_Saccharomyces_cerevisiae_baker_s_yeast, Node1652*)",257,2.971494938007999,1.837175246384109,c3,branch_to_yeast
"(Eukaryota_Opisthokonta_Nucletmycea_Fungi_Dikarya_Ascomycota_Saccharomycotina_Saccharomycetes_Saccharomycetales_Saccharomyces_cerevisiae_baker_s_yeast, Node1652*)",258,2.971494938007999,1.837175246384109,c3,branch_to_yeast
"(Eukaryota_Opisthokonta_Nucletmycea_Fungi_Dikarya_Ascomycota_Saccharomycotina_Saccharomycetes_Saccharomycetales_Saccharomyces_cerevisiae_baker_s_yeast, Node1652*)",259,2.971494938007999,1.837175246384109,c3,branch_to_yeast
"(Eukaryota_Opisthokonta_Nucletmycea_Fungi_Dikarya_Ascomycota_Saccharomycotina_Saccharomycetes_Saccharomycetales_Saccharomyces_cerevisiae_baker_s_yeast, Node1652*)",260,-2.305291630300839e-16,1.889559500203874,c2,branch_to_yeast
"(Eukaryota_Opisthokonta_Nucletmycea_Fungi_Dikarya_Ascomycota_Saccharomycotina_Saccharomycetes_Saccharomycetales_Saccharomyces_cerevisiae_baker_s_yeast, Node1652*)",261,3.3459213213490626,1.889559500203874,c2,branch_to_yeast
"(Eukaryota_Opisthokonta_Nucletmycea_Fungi_Dikarya_Ascomycota_Saccharomycotina_Saccharomycetes_Saccharomycetales_Saccharomyces_cerevisiae_baker_s_yeast, Node1652*)",262,2.9747327073946592,1.889559500203874,c2,branch_to_yeast
"(Eukaryota_Opisthokonta_Nucletmycea_Fungi_Dikarya_Ascomycota_Saccharomycotina_Saccharomycetes_Saccharomycetales_Saccharomyces_cerevisiae_baker_s_yeast, Node1652*)",263,2.971494938007999,1.837175246384109,c3,branch_to_yeast
"(Eukaryota_Opisthokonta_Nucletmycea_Fungi_Dikarya_Ascomycota_Saccharomycotina_Saccharomycetes_Saccharomycetales_Saccharomyces_cerevisiae_baker_s_yeast, Node1652*)",264,-2.2147975105830958e-16,1.01655548421231,c4,branch_to_yeast
"(Eukaryota_Opisthokonta_Nucletmycea_Fungi_Dikarya_Ascomycota_Saccharomycotina_Saccharomycetes_Saccharomycetales_Saccharomyces_cerevisiae_baker_s_yeast, Node1652*)",265,2.1967652049440844,1.01655548421231,c4,branch_to_yeast
"(Eukaryota_Opisthokonta_Nucletmycea_Fungi_Dikarya_Ascomycota_Saccharomycotina_Saccharomycetes_Saccharomycetales_Saccharomyces_cerevisiae_baker_s_yeast, Node1652*)",266,-1.9065364921201228e-16,1.01655548421231,c4,branch_to_yeast
"(Eukaryota_Opisthokonta_Nucletmycea_Fungi_Dikarya_Ascomycota_Saccharomycotina_Saccharomycetes_Saccharomycetales_Saccharomyces_cerevisiae_baker_s_yeast, Node1652*)",267,-1.8964307956582587e-16,1.01655548421231,c4,branch_to_yeast
"(Eukaryota_Opisthokonta_Nucletmycea_Fungi_Dikarya_Ascomycota_Saccharomycotina_Saccharomycetes_Saccharomycetales_Saccharomyces_cerevisiae_baker_s_yeast, Node1652*)",268,3.329810638949626,1.01655548421231,c4,branch_to_yeast
"(Eukaryota_Opisthokonta_Nucletmycea_Fungi_Dikarya_Ascomycota_Saccharomycotina_Saccharomycetes_Saccharomycetales_Saccharomyces_cerevisiae_baker_s_yeast, Node1652*)",269,6.382017033675204e-17,1.01655548421231,c4,branch_to_yeast
"(Eukaryota_Opisthokonta_Nucletmycea_Fungi_Dikarya_Ascomycota_Saccharomycotina_Saccharomycetes_Saccharomycetales_Saccharomyces_cerevisiae_baker_s_yeast, Node1652*)",270,-1.4270223161533443e-16,1.01655548421231,c4,branch_to_yeast
"(Eukaryota_Opisthokonta_Nucletmycea_Fungi_Dikarya_Ascomycota_Saccharomycotina_Saccharomycetes_Saccharomycetales_Saccharomyces_cerevisiae_baker_s_yeast, Node1652*)",271,3.329810638949626,1.01655548421231,c4,branch_to_yeast
"(Eukaryota_Opisthokonta_Nucletmycea_Fungi_Dikarya_Ascomycota_Saccharomycotina_Saccharomycetes_Saccharomycetales_Saccharomyces_cerevisiae_baker_s_yeast, Node1652*)",272,2.1967652049440844,1.01655548421231,c4,branch_to_yeast
"(Eukaryota_Opisthokonta_Nucletmycea_Fungi_Dikarya_Ascomycota_Saccharomycotina_Saccharomycetes_Saccharomycetales_Saccharomyces_cerevisiae_baker_s_yeast, Node1652*)",273,2.1967652049440844,1.01655548421231,c4,branch_to_yeast
"(Eukaryota_Opisthokonta_Nucletmycea_Fungi_Dikarya_Ascomycota_Saccharomycotina_Saccharomycetes_Saccharomycetales_Saccharomyces_cerevisiae_baker_s_yeast, Node1652*)",274,-1.465698573420174e-16,1.01655548421231,c4,branch_to_yeast
"(Eukaryota_Opisthokonta_Nucletmycea_Fungi_Dikarya_Ascomycota_Saccharomycotina_Saccharomycetes_Saccharomycetales_Saccharomyces_cerevisiae_baker_s_yeast, Node1652*)",275,2.9610622710287644,1.01655548421231,c4,branch_to_yeast
"(Eukaryota_Opisthokonta_Nucletmycea_Fungi_Dikarya_Ascomycota_Saccharomycotina_Saccharomycetes_Saccharomycetales_Saccharomyces_cerevisiae_baker_s_yeast, Node1652*)",276,3.329810638949626,1.01655548421231,c4,branch_to_yeast
"(Eukaryota_Opisthokonta_Nucletmycea_Fungi_Dikarya_Ascomycota_Saccharomycotina_Saccharomycetes_Saccharomycetales_Saccharomyces_cerevisiae_baker_s_yeast, Node1652*)",277,2.5670781783401187e-16,1.837175246384109,c3,branch_to_yeast
"(Eukaryota_Opisthokonta_Nucletmycea_Fungi_Dikarya_Ascomycota_Saccharomycotina_Saccharomycetes_Saccharomycetales_Saccharomyces_cerevisiae_baker_s_yeast, Node1652*)",278,3.3298106382086825,1.01655548421231,c4,branch_to_yeast
"(Eukaryota_Opisthokonta_Nucletmycea_Fungi_Dikarya_Ascomycota_Saccharomycotina_Saccharomycetes_Saccharomycetales_Saccharomyces_cerevisiae_baker_s_yeast, Node1652*)",279,-2.360404595215967e-16,1.01655548421231,c4,branch_to_yeast
"(Eukaryota_Opisthokonta_Nucletmycea_Fungi_Dikarya_Ascomycota_Saccharomycotina_Saccharomycetes_Saccharomycetales_Saccharomyces_cerevisiae_baker_s_yeast, Node1652*)",280,2.812413373146817e-16,1.01655548421231,c4,branch_to_yeast
"(Eukaryota_Opisthokonta_Nucletmycea_Fungi_Dikarya_Ascomycota_Saccharomycotina_Saccharomycetes_Saccharomycetales_Saccharomyces_cerevisiae_baker_s_yeast, Node1652*)",281,1.405445363283272e-17,1.837175246384109,c3,branch_to_yeast
"(Eukaryota_Opisthokonta_Nucletmycea_Fungi_Dikarya_Ascomycota_Saccharomycotina_Saccharomycetes_Saccharomycetales_Saccharomyces_cerevisiae_baker_s_yeast, Node1652*)",282,2.2036494920422576,1.889559500203874,c2,branch_to_yeast
"(Eukaryota_Opisthokonta_Nucletmycea_Fungi_Dikarya_Ascomycota_Saccharomycotina_Saccharomycetes_Saccharomycetales_Saccharomyces_cerevisiae_baker_s_yeast, Node1652*)",283,2.971494938007999,1.837175246384109,c3,branch_to_yeast
"(Eukaryota_Opisthokonta_Nucletmycea_Fungi_Dikarya_Ascomycota_Saccharomycotina_Saccharomycetes_Saccharomycetales_Saccharomyces_cerevisiae_baker_s_yeast, Node1652*)",284,-2.3396668580277487e-16,2.347597172229281,c1,branch_to_yeast
"(Eukaryota_Opisthokonta_Nucletmycea_Fungi_Dikarya_Ascomycota_Saccharomycotina_Saccharomycetes_Saccharomycetales_Saccharomyces_cerevisiae_baker_s_yeast, Node1652*)",285,2.204415160258556,2.347597172229281,c1,branch_to_yeast
"(Eukaryota_Opisthokonta_Nucletmycea_Fungi_Dikarya_Ascomycota_Saccharomycotina_Saccharomycetes_Saccharomycetales_Saccharomyces_cerevisiae_baker_s_yeast, Node1652*)",286,2.976253267401704,2.347597172229281,c1,branch_to_yeast
"(Eukaryota_Opisthokonta_Nucletmycea_Fungi_Dikarya_Ascomycota_Saccharomycotina_Saccharomycetes_Saccharomycetales_Saccharomyces_cerevisiae_baker_s_yeast, Node1652*)",287,2.1192889894826614e-16,1.01655548421231,c4,branch_to_yeast
"(Eukaryota_Opisthokonta_Nucletmycea_Fungi_Dikarya_Ascomycota_Saccharomycotina_Saccharomycetes_Saccharomycetales_Saccharomyces_cerevisiae_baker_s_yeast, Node1652*)",288,-2.3077490698456687e-16,2.347597172229281,c1,branch_to_yeast
"(Eukaryota_Opisthokonta_Nucletmycea_Fungi_Dikarya_Ascomycota_Saccharomycotina_Saccharomycetes_Saccharomycetales_Saccharomyces_cerevisiae_baker_s_yeast, Node1652*)",289,3.3459213213490626,1.889559500203874,c2,branch_to_yeast
"(Eukaryota_Opisthokonta_Nucletmycea_Fungi_Dikarya_Ascomycota_Saccharomycotina_Saccharomycetes_Saccharomycetales_Saccharomyces_cerevisiae_baker_s_yeast, Node1652*)",290,2.9747327073946592,1.889559500203874,c2,branch_to_yeast
"(Eukaryota_Opisthokonta_Nucletmycea_Fungi_Dikarya_Ascomycota_Saccharomycotina_Saccharomycetes_Saccharomycetales_Saccharomyces_cerevisiae_baker_s_yeast, Node1652*)",291,6.08120701047899e-17,1.837175246384109,c3,branch_to_yeast
"(Eukaryota_Opisthokonta_Nucletmycea_Fungi_Dikarya_Ascomycota_Saccharomycotina_Saccharomycetes_Saccharomycetales_Saccharomyces_cerevisiae_baker_s_yeast, Node1652*)",292,2.971494938007999,1.837175246384109,c3,branch_to_yeast
"(Eukaryota_Opisthokonta_Nucletmycea_Fungi_Dikarya_Ascomycota_Saccharomycotina_Saccharomycetes_Saccharomycetales_Saccharomyces_cerevisiae_baker_s_yeast, Node1652*)",293,2.971494938007999,1.837175246384109,c3,branch_to_yeast
"(Eukaryota_Opisthokonta_Nucletmycea_Fungi_Dikarya_Ascomycota_Saccharomycotina_Saccharomycetes_Saccharomycetales_Saccharomyces_cerevisiae_baker_s_yeast, Node1652*)",294,-2.0687519962996566e-16,1.889559500203874,c2,branch_to_yeast
"(Eukaryota_Opisthokonta_Nucletmycea_Fungi_Dikarya_Ascomycota_Saccharomycotina_Saccharomycetes_Saccharomycetales_Saccharomyces_cerevisiae_baker_s_yeast, Node1652*)",295,2.9747327073946592,1.889559500203874,c2,branch_to_yeast
"(Eukaryota_Opisthokonta_Nucletmycea_Fungi_Dikarya_Ascomycota_Saccharomycotina_Saccharomycetes_Saccharomycetales_Saccharomyces_cerevisiae_baker_s_yeast, Node1652*)",296,2.9747327073946592,1.889559500203874,c2,branch_to_yeast
"(Eukaryota_Opisthokonta_Nucletmycea_Fungi_Dikarya_Ascomycota_Saccharomycotina_Saccharomycetes_Saccharomycetales_Saccharomyces_cerevisiae_baker_s_yeast, Node1652*)",297,3.3459213213490626,1.889559500203874,c2,branch_to_yeast
"(Eukaryota_Opisthokonta_Nucletmycea_Fungi_Dikarya_Ascomycota_Saccharomycotina_Saccharomycetes_Saccharomycetales_Saccharomyces_cerevisiae_baker_s_yeast, Node1652*)",298,-1.7167760509703815e-16,1.837175246384109,c3,branch_to_yeast
"(Eukaryota_Opisthokonta_Nucletmycea_Fungi_Dikarya_Ascomycota_Saccharomycotina_Saccharomycetes_Saccharomycetales_Saccharomyces_cerevisiae_baker_s_yeast, Node1652*)",299,-1.9757991070635006e-16,1.837175246384109,c3,branch_to_yeast
"(Eukaryota_Opisthokonta_Nucletmycea_Fungi_Dikarya_Ascomycota_Saccharomycotina_Saccharomycetes_Saccharomycetales_Saccharomyces_cerevisiae_baker_s_yeast, Node1652*)",300,-1.456008736407732e-16,1.01655548421231,c4,branch_to_yeast
"(Eukaryota_Opisthokonta_Nucletmycea_Fungi_Dikarya_Ascomycota_Saccharomycotina_Saccharomycetes_Saccharomycetales_Saccharomyces_cerevisiae_baker_s_yeast, Node1652*)",301,2.1989068193317508e-16,1.01655548421231,c4,branch_to_yeast
"(Eukaryota_Opisthokonta_Nucletmycea_Fungi_Dikarya_Ascomycota_Saccharomycotina_Saccharomycetes_Saccharomycetales_Saccharomyces_cerevisiae_baker_s_yeast, Node1652*)",302,3.3421000322333803,1.837175246384109,c3,branch_to_yeast
"(Eukaryota_Opisthokonta_Nucletmycea_Fungi_Dikarya_Ascomycota_Saccharomycotina_Saccharomycetes_Saccharomycetales_Saccharomyces_cerevisiae_baker_s_yeast, Node1652*)",303,2.204415160258556,2.347597172229281,c1,branch_to_yeast
"(Eukaryota_Opisthokonta_Nucletmycea_Fungi_Dikarya_Ascomycota_Saccharomycotina_Saccharomycetes_Saccharomycetales_Saccharomyces_cerevisiae_baker_s_yeast, Node1652*)",304,2.976253267401704,2.347597172229281,c1,branch_to_yeast
"(Eukaryota_Opisthokonta_Nucletmycea_Fungi_Dikarya_Ascomycota_Saccharomycotina_Saccharomycetes_Saccharomycetales_Saccharomyces_cerevisiae_baker_s_yeast, Node1652*)",305,-2.3079566909097824e-16,2.347597172229281,c1,branch_to_yeast
"(Eukaryota_Opisthokonta_Nucletmycea_Fungi_Dikarya_Ascomycota_Saccharomycotina_Saccharomycetes_Saccharomycetales_Saccharomyces_cerevisiae_baker_s_yeast, Node1652*)",306,7.24141665578401e-21,1.01655548421231,c4,branch_to_yeast
"(Eukaryota_Opisthokonta_Nucletmycea_Fungi_Dikarya_Ascomycota_Saccharomycotina_Saccharomycetes_Saccharomycetales_Saccharomyces_cerevisiae_baker_s_yeast, Node1652*)",307,2.971494938007999,1.837175246384109,c3,branch_to_yeast
"(Eukaryota_Opisthokonta_Nucletmycea_Fungi_Dikarya_Ascomycota_Saccharomycotina_Saccharomycetes_Saccharomycetales_Saccharomyces_cerevisiae_baker_s_yeast, Node1652*)",308,-9.378411202983044e-17,1.01655548421231,c4,branch_to_yeast
"(Eukaryota_Opisthokonta_Nucletmycea_Fungi_Dikarya_Ascomycota_Saccharomycotina_Saccharomycetes_Saccharomycetales_Saccharomyces_cerevisiae_baker_s_yeast, Node1652*)",309,3.329810638949626,1.01655548421231,c4,branch_to_yeast
"(Eukaryota_Opisthokonta_Nucletmycea_Fungi_Dikarya_Ascomycota_Saccharomycotina_Saccharomycetes_Saccharomycetales_Saccharomyces_cerevisiae_baker_s_yeast, Node1652*)",310,2.2020190876113945,1.837175246384109,c3,branch_to_yeast
"(Eukaryota_Opisthokonta_Nucletmycea_Fungi_Dikarya_Ascomycota_Saccharomycotina_Saccharomycetes_Saccharomycetales_Saccharomyces_cerevisiae_baker_s_yeast, Node1652*)",311,3.3421000322333803,1.837175246384109,c3,branch_to_yeast
"(Eukaryota_Opisthokonta_Nucletmycea_Fungi_Dikarya_Ascomycota_Saccharomycotina_Saccharomycetes_Saccharomycetales_Saccharomyces_cerevisiae_baker_s_yeast, Node1652*)",312,2.9747327073946592,1.889559500203874,c2,branch_to_yeast
"(Eukaryota_Opisthokonta_Nucletmycea_Fungi_Dikarya_Ascomycota_Saccharomycotina_Saccharomycetes_Saccharomycetales_Saccharomyces_cerevisiae_baker_s_yeast, Node1652*)",313,-2.0817628759734446e-16,1.837175246384109,c3,branch_to_yeast
"(Eukaryota_Opisthokonta_Nucletmycea_Fungi_Dikarya_Ascomycota_Saccharomycotina_Saccharomycetes_Saccharomycetales_Saccharomyces_cerevisiae_baker_s_yeast, Node1652*)",314,-3.1377946267920545e-17,1.837175246384109,c3,branch_to_yeast
"(Eukaryota_Opisthokonta_Nucletmycea_Fungi_Dikarya_Ascomycota_Saccharomycotina_Saccharomycetes_Saccharomycetales_Saccharomyces_cerevisiae_baker_s_yeast, Node1652*)",315,8.476897951606738e-17,1.837175246384109,c3,branch_to_yeast
"(Eukaryota_Opisthokonta_Nucletmycea_Fungi_Dikarya_Ascomycota_Saccharomycotina_Saccharomycetes_Saccharomycetales_Saccharomyces_cerevisiae_baker_s_yeast, Node1652*)",316,2.1967652049440844,1.01655548421231,c4,branch_to_yeast
"(Eukaryota_Opisthokonta_Nucletmycea_Fungi_Dikarya_Ascomycota_Saccharomycotina_Saccharomycetes_Saccharomycetales_Saccharomyces_cerevisiae_baker_s_yeast, Node1652*)",317,-4.659940314841787e-17,1.889559500203874,c2,branch_to_yeast
"(Eukaryota_Opisthokonta_Nucletmycea_Fungi_Dikarya_Ascomycota_Saccharomycotina_Saccharomycetes_Saccharomycetales_Saccharomyces_cerevisiae_baker_s_yeast, Node1652*)",318,2.2020190876113945,1.837175246384109,c3,branch_to_yeast
"(Eukaryota_Opisthokonta_Nucletmycea_Fungi_Dikarya_Ascomycota_Saccharomycotina_Saccharomycetes_Saccharomycetales_Saccharomyces_cerevisiae_baker_s_yeast, Node1652*)",319,3.329810638949626,1.01655548421231,c4,branch_to_yeast
"(Eukaryota_Opisthokonta_Nucletmycea_Fungi_Dikarya_Ascomycota_Saccharomycotina_Saccharomycetes_Saccharomycetales_Saccharomyces_cerevisiae_baker_s_yeast, Node1652*)",320,-5.25253058012006e-17,1.01655548421231,c4,branch_to_yeast
"(Eukaryota_Opisthokonta_Nucletmycea_Fungi_Dikarya_Ascomycota_Saccharomycotina_Saccharomycetes_Saccharomycetales_Saccharomyces_cerevisiae_baker_s_yeast, Node1652*)",321,3.342100032188948,1.837175246384109,c3,branch_to_yeast
"(Eukaryota_Opisthokonta_Nucletmycea_Fungi_Dikarya_Ascomycota_Saccharomycotina_Saccharomycetes_Saccharomycetales_Saccharomyces_cerevisiae_baker_s_yeast, Node1652*)",322,-2.0238249577446456e-16,1.837175246384109,c3,branch_to_yeast
"(Eukaryota_Opisthokonta_Nucletmycea_Fungi_Dikarya_Ascomycota_Saccharomycotina_Saccharomycetes_Saccharomycetales_Saccharomyces_cerevisiae_baker_s_yeast, Node1652*)",323,-1.8276901210084959e-16,1.01655548421231,c4,branch_to_yeast
"(Eukaryota_Opisthokonta_Nucletmycea_Fungi_Dikarya_Ascomycota_Saccharomycotina_Saccharomycetes_Saccharomycetales_Saccharomyces_cerevisiae_baker_s_yeast, Node1652*)",324,2.1967652048144446,1.01655548421231,c4,branch_to_yeast
"(Eukaryota_Opisthokonta_Nucletmycea_Fungi_Dikarya_Ascomycota_Saccharomycotina_Saccharomycetes_Saccharomycetales_Saccharomyces_cerevisiae_baker_s_yeast, Node1652*)",325,-2.253699976098828e-16,1.01655548421231,c4,branch_to_yeast
"(Eukaryota_Opisthokonta_Nucletmycea_Fungi_Dikarya_Ascomycota_Saccharomycotina_Saccharomycetes_Saccharomycetales_Saccharomyces_cerevisiae_baker_s_yeast, Node1652*)",326,-4.223939796926913e-17,1.01655548421231,c4,branch_to_yeast
"(Eukaryota_Opisthokonta_Nucletmycea_Fungi_Dikarya_Ascomycota_Saccharomycotina_Saccharomycetes_Saccharomycetales_Saccharomyces_cerevisiae_baker_s_yeast, Node1652*)",327,2.1967652049440844,1.01655548421231,c4,branch_to_yeast
"(Eukaryota_Opisthokonta_Nucletmycea_Fungi_Dikarya_Ascomycota_Saccharomycotina_Saccharomycetes_Saccharomycetales_Saccharomyces_cerevisiae_baker_s_yeast, Node1652*)",328,3.3421000322333803,1.837175246384109,c3,branch_to_yeast
"(Eukaryota_Opisthokonta_Nucletmycea_Fungi_Dikarya_Ascomycota_Saccharomycotina_Saccharomycetes_Saccharomycetales_Saccharomyces_cerevisiae_baker_s_yeast, Node1652*)",329,-1.8235839013454872e-16,1.01655548421231,c4,branch_to_yeast
"(Eukaryota_Opisthokonta_Nucletmycea_Fungi_Dikarya_Ascomycota_Saccharomycotina_Saccharomycetes_Saccharomycetales_Saccharomyces_cerevisiae_baker_s_yeast, Node1652*)",330,2.2020190876113945,1.837175246384109,c3,branch_to_yeast
"(Eukaryota_Opisthokonta_Nucletmycea_Fungi_Dikarya_Ascomycota_Saccharomycotina_Saccharomycetes_Saccharomycetales_Saccharomyces_cerevisiae_baker_s_yeast, Node1652*)",331,2.2020190876113945,1.837175246384109,c3,branch_to_yeast
"(Eukaryota_Opisthokonta_Nucletmycea_Fungi_Dikarya_Ascomycota_Saccharomycotina_Saccharomycetes_Saccharomycetales_Saccharomyces_cerevisiae_baker_s_yeast, Node1652*)",332,3.3421000322333803,1.837175246384109,c3,branch_to_yeast
"(Eukaryota_Opisthokonta_Nucletmycea_Fungi_Dikarya_Ascomycota_Saccharomycotina_Saccharomycetes_Saccharomycetales_Saccharomyces_cerevisiae_baker_s_yeast, Node1652*)",333,2.1967652049440844,1.01655548421231,c4,branch_to_yeast
"(Eukaryota_Opisthokonta_Nucletmycea_Fungi_Dikarya_Ascomycota_Saccharomycotina_Saccharomycetes_Saccharomycetales_Saccharomyces_cerevisiae_baker_s_yeast, Node1652*)",334,2.9610622710287644,1.01655548421231,c4,branch_to_yeast
"(Eukaryota_Opisthokonta_Nucletmycea_Fungi_Dikarya_Ascomycota_Saccharomycotina_Saccharomycetes_Saccharomycetales_Saccharomyces_cerevisiae_baker_s_yeast, Node1652*)",335,-2.039030858809658e-16,1.837175246384109,c3,branch_to_yeast
"(Eukaryota_Opisthokonta_Nucletmycea_Fungi_Dikarya_Ascomycota_Saccharomycotina_Saccharomycetes_Saccharomycetales_Saccharomyces_cerevisiae_baker_s_yeast, Node1652*)",336,-2.272777781220245e-16,1.889559500203874,c2,branch_to_yeast
"(Eukaryota_Opisthokonta_Nucletmycea_Fungi_Dikarya_Ascomycota_Saccharomycotina_Saccharomycetes_Saccharomycetales_Saccharomyces_cerevisiae_baker_s_yeast, Node1652*)",337,2.2020190876113945,1.837175246384109,c3,branch_to_yeast
"(Eukaryota_Opisthokonta_Nucletmycea_Fungi_Dikarya_Ascomycota_Saccharomycotina_Saccharomycetes_Saccharomycetales_Saccharomyces_cerevisiae_baker_s_yeast, Node1652*)",338,2.2020190876113945,1.837175246384109,c3,branch_to_yeast
"(Eukaryota_Opisthokonta_Nucletmycea_Fungi_Dikarya_Ascomycota_Saccharomycotina_Saccharomycetes_Saccharomycetales_Saccharomyces_cerevisiae_baker_s_yeast, Node1652*)",339,1.875129140403813e-16,1.01655548421231,c4,branch_to_yeast
"(Eukaryota_Opisthokonta_Nucletmycea_Fungi_Dikarya_Ascomycota_Saccharomycotina_Saccharomycetes_Saccharomycetales_Saccharomyces_cerevisiae_baker_s_yeast, Node1652*)",340,-8.040501418348292e-17,1.01655548421231,c4,branch_to_yeast
"(Eukaryota_Opisthokonta_Nucletmycea_Fungi_Dikarya_Ascomycota_Saccharomycotina_Saccharomycetes_Saccharomycetales_Saccharomyces_cerevisiae_baker_s_yeast, Node1652*)",341,3.329810638949626,1.01655548421231,c4,branch_to_yeast
"(Eukaryota_Opisthokonta_Nucletmycea_Fungi_Dikarya_Ascomycota_Saccharomycotina_Saccharomycetes_Saccharomycetales_Saccharomyces_cerevisiae_baker_s_yeast, Node1652*)",342,2.9610622710287644,1.01655548421231,c4,branch_to_yeast
"(Eukaryota_Opisthokonta_Nucletmycea_Fungi_Dikarya_Ascomycota_Saccharomycotina_Saccharomycetes_Saccharomycetales_Saccharomyces_cerevisiae_baker_s_yeast, Node1652*)",343,3.35959624131588e-16,2.347597172229281,c1,branch_to_yeast
"(Eukaryota_Opisthokonta_Nucletmycea_Fungi_Dikarya_Ascomycota_Saccharomycotina_Saccharomycetes_Saccharomycetales_Saccharomyces_cerevisiae_baker_s_yeast, Node1652*)",344,3.332885422524172e-16,2.347597172229281,c1,branch_to_yeast
"(Eukaryota_Opisthokonta_Nucletmycea_Fungi_Dikarya_Ascomycota_Saccharomycotina_Saccharomycetes_Saccharomycetales_Saccharomyces_cerevisiae_baker_s_yeast, Node1652*)",345,3.3421000322333803,1.837175246384109,c3,branch_to_yeast
"(Eukaryota_Opisthokonta_Nucletmycea_Fungi_Dikarya_Ascomycota_Saccharomycotina_Saccharomycetes_Saccharomycetales_Saccharomyces_cerevisiae_baker_s_yeast, Node1652*)",346,2.971494938007999,1.837175246384109,c3,branch_to_yeast
"(Eukaryota_Opisthokonta_Nucletmycea_Fungi_Dikarya_Ascomycota_Saccharomycotina_Saccharomycetes_Saccharomycetales_Saccharomyces_cerevisiae_baker_s_yeast, Node1652*)",347,2.971494938007999,1.837175246384109,c3,branch_to_yeast
"(Eukaryota_Opisthokonta_Nucletmycea_Fungi_Dikarya_Ascomycota_Saccharomycotina_Saccharomycetes_Saccharomycetales_Saccharomyces_cerevisiae_baker_s_yeast, Node1652*)",348,2.971494938007999,1.837175246384109,c3,branch_to_yeast
"(Eukaryota_Opisthokonta_Nucletmycea_Fungi_Dikarya_Ascomycota_Saccharomycotina_Saccharomycetes_Saccharomycetales_Saccharomyces_cerevisiae_baker_s_yeast, Node1652*)",349,-1.652588097980806e-16,1.837175246384109,c3,branch_to_yeast
"(Eukaryota_Opisthokonta_Nucletmycea_Fungi_Dikarya_Ascomycota_Saccharomycotina_Saccharomycetes_Saccharomycetales_Saccharomyces_cerevisiae_baker_s_yeast, Node1652*)",350,2.3537673721257053e-16,1.889559500203874,c2,branch_to_yeast
"(Eukaryota_Opisthokonta_Nucletmycea_Fungi_Dikarya_Ascomycota_Saccharomycotina_Saccharomycetes_Saccharomycetales_Saccharomyces_cerevisiae_baker_s_yeast, Node1652*)",351,6.391963237070792e-17,1.889559500203874,c2,branch_to_yeast
"(Eukaryota_Opisthokonta_Nucletmycea_Fungi_Dikarya_Ascomycota_Saccharomycotina_Saccharomycetes_Saccharomycetales_Saccharomyces_cerevisiae_baker_s_yeast, Node1652*)",352,3.3459213213490626,1.889559500203874,c2,branch_to_yeast
"(Eukaryota_Opisthokonta_Nucletmycea_Fungi_Dikarya_Ascomycota_Saccharomycotina_Saccharomycetes_Saccharomycetales_Saccharomyces_cerevisiae_baker_s_yeast, Node1652*)",353,-2.1191718038150054e-16,1.889559500203874,c2,branch_to_yeast
"(Eukaryota_Opisthokonta_Nucletmycea_Fungi_Dikarya_Ascomycota_Saccharomycotina_Saccharomycetes_Saccharomycetales_Saccharomyces_cerevisiae_baker_s_yeast, Node1652*)",354,2.2036494920422576,1.889559500203874,c2,branch_to_yeast
"(Eukaryota_Opisthokonta_Nucletmycea_Fungi_Dikarya_Ascomycota_Saccharomycotina_Saccharomycetes_Saccharomycetales_Saccharomyces_cerevisiae_baker_s_yeast, Node1652*)",355,3.3421000322333803,1.837175246384109,c3,branch_to_yeast
"(Eukaryota_Opisthokonta_Nucletmycea_Fungi_Dikarya_Ascomycota_Saccharomycotina_Saccharomycetes_Saccharomycetales_Saccharomyces_cerevisiae_baker_s_yeast, Node1652*)",356,3.3421000322333803,1.837175246384109,c3,branch_to_yeast
"(Eukaryota_Opisthokonta_Nucletmycea_Fungi_Dikarya_Ascomycota_Saccharomycotina_Saccharomycetes_Saccharomycetales_Saccharomyces_cerevisiae_baker_s_yeast, Node1652*)",357,3.3421000322333803,1.837175246384109,c3,branch_to_yeast
"(Eukaryota_Opisthokonta_Nucletmycea_Fungi_Dikarya_Ascomycota_Saccharomycotina_Saccharomycetes_Saccharomycetales_Saccharomyces_cerevisiae_baker_s_yeast, Node1652*)",358,-2.3323652264966107e-16,1.889559500203874,c2,branch_to_yeast
"(Eukaryota_Opisthokonta_Nucletmycea_Fungi_Dikarya_Ascomycota_Saccharomycotina_Saccharomycetes_Saccharomycetales_Saccharomyces_cerevisiae_baker_s_yeast, Node1652*)",359,2.976253267401704,2.347597172229281,c1,branch_to_yeast
"(Eukaryota_Opisthokonta_Nucletmycea_Fungi_Dikarya_Ascomycota_Saccharomycotina_Saccharomycetes_Saccharomycetales_Saccharomyces_cerevisiae_baker_s_yeast, Node1652*)",360,-3.919109210982725e-17,2.347597172229281,c1,branch_to_yeast
"(Eukaryota_Opisthokonta_Nucletmycea_Fungi_Dikarya_Ascomycota_Saccharomycotina_Saccharomycetes_Saccharomycetales_Saccharomyces_cerevisiae_baker_s_yeast, Node1652*)",361,3.3459213213490626,1.889559500203874,c2,branch_to_yeast
"(Eukaryota_Opisthokonta_Nucletmycea_Fungi_Dikarya_Ascomycota_Saccharomycotina_Saccharomycetes_Saccharomycetales_Saccharomyces_cerevisiae_baker_s_yeast, Node1652*)",362,2.976253267401704,2.347597172229281,c1,branch_to_yeast
"(Eukaryota_Opisthokonta_Nucletmycea_Fungi_Dikarya_Ascomycota_Saccharomycotina_Saccharomycetes_Saccharomycetales_Saccharomyces_cerevisiae_baker_s_yeast, Node1652*)",363,2.976253267401704,2.347597172229281,c1,branch_to_yeast
"(Eukaryota_Opisthokonta_Nucletmycea_Fungi_Dikarya_Ascomycota_Saccharomycotina_Saccharomycetes_Saccharomycetales_Saccharomyces_cerevisiae_baker_s_yeast, Node1652*)",364,3.3421000322333803,1.837175246384109,c3,branch_to_yeast
"(Eukaryota_Opisthokonta_Nucletmycea_Fungi_Dikarya_Ascomycota_Saccharomycotina_Saccharomycetes_Saccharomycetales_Saccharomyces_cerevisiae_baker_s_yeast, Node1652*)",365,7.487254247965742e-17,2.347597172229281,c1,branch_to_yeast
"(Eukaryota_Opisthokonta_Nucletmycea_Fungi_Dikarya_Ascomycota_Saccharomycotina_Saccharomycetes_Saccharomycetales_Saccharomyces_cerevisiae_baker_s_yeast, Node1652*)",366,-2.280223523301367e-16,1.837175246384109,c3,branch_to_yeast
"(Eukaryota_Opisthokonta_Nucletmycea_Fungi_Dikarya_Ascomycota_Saccharomycotina_Saccharomycetes_Saccharomycetales_Saccharomyces_cerevisiae_baker_s_yeast, Node1652*)",367,-4.918013290480452e-17,1.889559500203874,c2,branch_to_yeast
"(Eukaryota_Opisthokonta_Nucletmycea_Fungi_Dikarya_Ascomycota_Saccharomycotina_Saccharomycetes_Saccharomycetales_Saccharomyces_cerevisiae_baker_s_yeast, Node1652*)",368,3.3421000322333803,1.837175246384109,c3,branch_to_yeast
"(Eukaryota_Opisthokonta_Nucletmycea_Fungi_Dikarya_Ascomycota_Saccharomycotina_Saccharomycetes_Saccharomycetales_Saccharomyces_cerevisiae_baker_s_yeast, Node1652*)",369,2.204415160258556,2.347597172229281,c1,branch_to_yeast
"(Eukaryota_Opisthokonta_Nucletmycea_Fungi_Dikarya_Ascomycota_Saccharomycotina_Saccharomycetes_Saccharomycetales_Saccharomyces_cerevisiae_baker_s_yeast, Node1652*)",370,2.9747327073946592,1.889559500203874,c2,branch_to_yeast
"(Eukaryota_Opisthokonta_Nucletmycea_Fungi_Dikarya_Ascomycota_Saccharomycotina_Saccharomycetes_Saccharomycetales_Saccharomyces_cerevisiae_baker_s_yeast, Node1652*)",371,-2.3030641716678924e-16,1.889559500203874,c2,branch_to_yeast
"(Eukaryota_Opisthokonta_Nucletmycea_Fungi_Dikarya_Ascomycota_Saccharomycotina_Saccharomycetes_Saccharomycetales_Saccharomyces_cerevisiae_baker_s_yeast, Node1652*)",372,2.204415160258556,2.347597172229281,c1,branch_to_yeast
"(Eukaryota_Opisthokonta_Nucletmycea_Fungi_Dikarya_Ascomycota_Saccharomycotina_Saccharomycetes_Saccharomycetales_Saccharomyces_cerevisiae_baker_s_yeast, Node1652*)",373,2.204415160258556,2.347597172229281,c1,branch_to_yeast
"(Eukaryota_Opisthokonta_Nucletmycea_Fungi_Dikarya_Ascomycota_Saccharomycotina_Saccharomycetes_Saccharomycetales_Saccharomyces_cerevisiae_baker_s_yeast, Node1652*)",374,-2.3025793404201564e-16,1.889559500203874,c2,branch_to_yeast
"(Eukaryota_Opisthokonta_Nucletmycea_Fungi_Dikarya_Ascomycota_Saccharomycotina_Saccharomycetes_Saccharomycetales_Saccharomyces_cerevisiae_baker_s_yeast, Node1652*)",375,2.971494938007999,1.837175246384109,c3,branch_to_yeast
"(Eukaryota_Opisthokonta_Nucletmycea_Fungi_Dikarya_Ascomycota_Saccharomycotina_Saccharomycetes_Saccharomycetales_Saccharomyces_cerevisiae_baker_s_yeast, Node1652*)",376,2.1967652049440844,1.01655548421231,c4,branch_to_yeast
"(Eukaryota_Opisthokonta_Nucletmycea_Fungi_Dikarya_Ascomycota_Saccharomycotina_Saccharomycetes_Saccharomycetales_Saccharomyces_cerevisiae_baker_s_yeast, Node1652*)",377,2.2036494920422576,1.889559500203874,c2,branch_to_yeast
"(Eukaryota_Opisthokonta_Nucletmycea_Fungi_Dikarya_Ascomycota_Saccharomycotina_Saccharomycetes_Saccharomycetales_Saccharomyces_cerevisiae_baker_s_yeast, Node1652*)",378,2.9747327073946592,1.889559500203874,c2,branch_to_yeast
"(Eukaryota_Opisthokonta_Nucletmycea_Fungi_Dikarya_Ascomycota_Saccharomycotina_Saccharomycetes_Saccharomycetales_Saccharomyces_cerevisiae_baker_s_yeast, Node1652*)",379,-2.410166033293966e-16,2.347597172229281,c1,branch_to_yeast
"(Eukaryota_Opisthokonta_Nucletmycea_Fungi_Dikarya_Ascomycota_Saccharomycotina_Saccharomycetes_Saccharomycetales_Saccharomyces_cerevisiae_baker_s_yeast, Node1652*)",380,2.976253267401704,2.347597172229281,c1,branch_to_yeast
"(Eukaryota_Opisthokonta_Nucletmycea_Fungi_Dikarya_Ascomycota_Saccharomycotina_Saccharomycetes_Saccharomycetales_Saccharomyces_cerevisiae_baker_s_yeast, Node1652*)",381,2.2036494920422576,1.889559500203874,c2,branch_to_yeast
"(Eukaryota_Opisthokonta_Nucletmycea_Fungi_Dikarya_Ascomycota_Saccharomycotina_Saccharomycetes_Saccharomycetales_Saccharomyces_cerevisiae_baker_s_yeast, Node1652*)",382,2.741408194498809e-16,1.01655548421231,c4,branch_to_yeast
"(Eukaryota_Opisthokonta_Nucletmycea_Fungi_Dikarya_Ascomycota_Saccharomycotina_Saccharomycetes_Saccharomycetales_Saccharomyces_cerevisiae_baker_s_yeast, Node1652*)",383,2.2020190876113945,1.837175246384109,c3,branch_to_yeast
"(Eukaryota_Opisthokonta_Nucletmycea_Fungi_Dikarya_Ascomycota_Saccharomycotina_Saccharomycetes_Saccharomycetales_Saccharomyces_cerevisiae_baker_s_yeast, Node1652*)",384,2.204415160258556,2.347597172229281,c1,branch_to_yeast
"(Eukaryota_Opisthokonta_Nucletmycea_Fungi_Dikarya_Ascomycota_Saccharomycotina_Saccharomycetes_Saccharomycetales_Saccharomyces_cerevisiae_baker_s_yeast, Node1652*)",385,3.3459213213490626,1.889559500203874,c2,branch_to_yeast
"(Eukaryota_Opisthokonta_Nucletmycea_Fungi_Dikarya_Ascomycota_Saccharomycotina_Saccharomycetes_Saccharomycetales_Saccharomyces_cerevisiae_baker_s_yeast, Node1652*)",386,3.3421000322333803,1.837175246384109,c3,branch_to_yeast
"(Eukaryota_Opisthokonta_Nucletmycea_Fungi_Dikarya_Ascomycota_Saccharomycotina_Saccharomycetes_Saccharomycetales_Saccharomyces_cerevisiae_baker_s_yeast, Node1652*)",387,2.4401645545497244e-16,1.837175246384109,c3,branch_to_yeast
"(Eukaryota_Opisthokonta_Nucletmycea_Fungi_Dikarya_Ascomycota_Saccharomycotina_Saccharomycetes_Saccharomycetales_Saccharomyces_cerevisiae_baker_s_yeast, Node1652*)",388,2.976253267401704,2.347597172229281,c1,branch_to_yeast
"(Eukaryota_Opisthokonta_Nucletmycea_Fungi_Dikarya_Ascomycota_Saccharomycotina_Saccharomycetes_Saccharomycetales_Saccharomyces_cerevisiae_baker_s_yeast, Node1652*)",389,3.3477171110772046,2.347597172229281,c1,branch_to_yeast
"(Eukaryota_Opisthokonta_Nucletmycea_Fungi_Dikarya_Ascomycota_Saccharomycotina_Saccharomycetes_Saccharomycetales_Saccharomyces_cerevisiae_baker_s_yeast, Node1652*)",390,3.3477171110772046,2.347597172229281,c1,branch_to_yeast
"(Eukaryota_Opisthokonta_Nucletmycea_Fungi_Dikarya_Ascomycota_Saccharomycotina_Saccharomycetes_Saccharomycetales_Saccharomyces_cerevisiae_baker_s_yeast, Node1652*)",391,2.9747327073946592,1.889559500203874,c2,branch_to_yeast
"(Eukaryota_Opisthokonta_Nucletmycea_Fungi_Dikarya_Ascomycota_Saccharomycotina_Saccharomycetes_Saccharomycetales_Saccharomyces_cerevisiae_baker_s_yeast, Node1652*)",392,3.088746493588387e-16,1.889559500203874,c2,branch_to_yeast
"(Eukaryota_Opisthokonta_Nucletmycea_Fungi_Dikarya_Ascomycota_Saccharomycotina_Saccharomycetes_Saccharomycetales_Saccharomyces_cerevisiae_baker_s_yeast, Node1652*)",393,2.204415160258556,2.347597172229281,c1,branch_to_yeast
"(Eukaryota_Opisthokonta_Nucletmycea_Fungi_Dikarya_Ascomycota_Saccharomycotina_Saccharomycetes_Saccharomycetales_Saccharomyces_cerevisiae_baker_s_yeast, Node1652*)",394,2.2020190876113945,1.837175246384109,c3,branch_to_yeast
"(Eukaryota_Opisthokonta_Nucletmycea_Fungi_Dikarya_Ascomycota_Saccharomycotina_Saccharomycetes_Saccharomycetales_Saccharomyces_cerevisiae_baker_s_yeast, Node1652*)",395,-2.365801928669594e-16,2.347597172229281,c1,branch_to_yeast
"(Eukaryota_Opisthokonta_Nucletmycea_Fungi_Dikarya_Ascomycota_Saccharomycotina_Saccharomycetes_Saccharomycetales_Saccharomyces_cerevisiae_baker_s_yeast, Node1652*)",396,-1.3400275848257608e-16,1.01655548421231,c4,branch_to_yeast
"(Eukaryota_Opisthokonta_Nucletmycea_Fungi_Dikarya_Ascomycota_Saccharomycotina_Saccharomycetes_Saccharomycetales_Saccharomyces_cerevisiae_baker_s_yeast, Node1652*)",397,-2.132646172386688e-16,1.837175246384109,c3,branch_to_yeast
"(Eukaryota_Opisthokonta_Nucletmycea_Fungi_Dikarya_Ascomycota_Saccharomycotina_Saccharomycetes_Saccharomycetales_Saccharomyces_cerevisiae_baker_s_yeast, Node1652*)",398,3.3421000322333803,1.837175246384109,c3,branch_to_yeast
"(Eukaryota_Opisthokonta_Nucletmycea_Fungi_Dikarya_Ascomycota_Saccharomycotina_Saccharomycetes_Saccharomycetales_Saccharomyces_cerevisiae_baker_s_yeast, Node1652*)",399,2.9747327073946592,1.889559500203874,c2,branch_to_yeast
"(Eukaryota_Opisthokonta_Nucletmycea_Fungi_Dikarya_Ascomycota_Saccharomycotina_Saccharomycetes_Saccharomycetales_Saccharomyces_cerevisiae_baker_s_yeast, Node1652*)",400,2.976253267401704,2.347597172229281,c1,branch_to_yeast
"(Eukaryota_Opisthokonta_Nucletmycea_Fungi_Dikarya_Ascomycota_Saccharomycotina_Saccharomycetes_Saccharomycetales_Saccharomyces_cerevisiae_baker_s_yeast, Node1652*)",401,3.3459213213490626,1.889559500203874,c2,branch_to_yeast
"(Eukaryota_Opisthokonta_Nucletmycea_Fungi_Dikarya_Ascomycota_Saccharomycotina_Saccharomycetes_Saccharomycetales_Saccharomyces_cerevisiae_baker_s_yeast, Node1652*)",402,2.2036494920422576,1.889559500203874,c2,branch_to_yeast
"(Eukaryota_Opisthokonta_Nucletmycea_Fungi_Dikarya_Ascomycota_Saccharomycotina_Saccharomycetes_Saccharomycetales_Saccharomyces_cerevisiae_baker_s_yeast, Node1652*)",403,2.2020190876113945,1.837175246384109,c3,branch_to_yeast
"(Eukaryota_Opisthokonta_Nucletmycea_Fungi_Dikarya_Ascomycota_Saccharomycotina_Saccharomycetes_Saccharomycetales_Saccharomyces_cerevisiae_baker_s_yeast, Node1652*)",404,2.2020190876113945,1.837175246384109,c3,branch_to_yeast
"(Eukaryota_Opisthokonta_Nucletmycea_Fungi_Dikarya_Ascomycota_Saccharomycotina_Saccharomycetes_Saccharomycetales_Saccharomyces_cerevisiae_baker_s_yeast, Node1652*)",405,-2.2651328418539113e-16,2.347597172229281,c1,branch_to_yeast
"(Eukaryota_Opisthokonta_Nucletmycea_Fungi_Dikarya_Ascomycota_Saccharomycotina_Saccharomycetes_Saccharomycetales_Saccharomyces_cerevisiae_baker_s_yeast, Node1652*)",406,2.971494938007999,1.837175246384109,c3,branch_to_yeast
"(Eukaryota_Opisthokonta_Nucletmycea_Fungi_Dikarya_Ascomycota_Saccharomycotina_Saccharomycetes_Saccharomycetales_Saccharomyces_cerevisiae_baker_s_yeast, Node1652*)",407,2.976253267401704,2.347597172229281,c1,branch_to_yeast
"(Eukaryota_Opisthokonta_Nucletmycea_Fungi_Dikarya_Ascomycota_Saccharomycotina_Saccharomycetes_Saccharomycetales_Saccharomyces_cerevisiae_baker_s_yeast, Node1652*)",408,3.3459213213490626,1.889559500203874,c2,branch_to_yeast
"(Eukaryota_Opisthokonta_Nucletmycea_Fungi_Dikarya_Ascomycota_Saccharomycotina_Saccharomycetes_Saccharomycetales_Saccharomyces_cerevisiae_baker_s_yeast, Node1652*)",409,2.2036494920422576,1.889559500203874,c2,branch_to_yeast
"(Eukaryota_Opisthokonta_Nucletmycea_Fungi_Dikarya_Ascomycota_Saccharomycotina_Saccharomycetes_Saccharomycetales_Saccharomyces_cerevisiae_baker_s_yeast, Node1652*)",410,2.2036494920422576,1.889559500203874,c2,branch_to_yeast
"(Eukaryota_Opisthokonta_Nucletmycea_Fungi_Dikarya_Ascomycota_Saccharomycotina_Saccharomycetes_Saccharomycetales_Saccharomyces_cerevisiae_baker_s_yeast, Node1652*)",411,2.204415160258556,2.347597172229281,c1,branch_to_yeast
"(Eukaryota_Opisthokonta_Nucletmycea_Fungi_Dikarya_Ascomycota_Saccharomycotina_Saccharomycetes_Saccharomycetales_Saccharomyces_cerevisiae_baker_s_yeast, Node1652*)",412,2.2020190876113945,1.837175246384109,c3,branch_to_yeast
"(Eukaryota_Opisthokonta_Nucletmycea_Fungi_Dikarya_Ascomycota_Saccharomycotina_Saccharomycetes_Saccharomycetales_Saccharomyces_cerevisiae_baker_s_yeast, Node1652*)",413,2.971494938007999,1.837175246384109,c3,branch_to_yeast
"(Eukaryota_Opisthokonta_Nucletmycea_Fungi_Dikarya_Ascomycota_Saccharomycotina_Saccharomycetes_Saccharomycetales_Saccharomyces_cerevisiae_baker_s_yeast, Node1652*)",414,2.9747327073946592,1.889559500203874,c2,branch_to_yeast
"(Eukaryota_Opisthokonta_Nucletmycea_Fungi_Dikarya_Ascomycota_Saccharomycotina_Saccharomycetes_Saccharomycetales_Saccharomyces_cerevisiae_baker_s_yeast, Node1652*)",415,-1.3488905216493703e-16,2.347597172229281,c1,branch_to_yeast
"(Eukaryota_Opisthokonta_Nucletmycea_Fungi_Dikarya_Ascomycota_Saccharomycotina_Saccharomycetes_Saccharomycetales_Saccharomyces_cerevisiae_baker_s_yeast, Node1652*)",416,2.9747327073946592,1.889559500203874,c2,branch_to_yeast
"(Eukaryota_Opisthokonta_Nucletmycea_Fungi_Dikarya_Ascomycota_Saccharomycotina_Saccharomycetes_Saccharomycetales_Saccharomyces_cerevisiae_baker_s_yeast, Node1652*)",417,2.976253267401704,2.347597172229281,c1,branch_to_yeast
"(Eukaryota_Opisthokonta_Nucletmycea_Fungi_Dikarya_Ascomycota_Saccharomycotina_Saccharomycetes_Saccharomycetales_Saccharomyces_cerevisiae_baker_s_yeast, Node1652*)",418,2.204415160258556,2.347597172229281,c1,branch_to_yeast
"(Eukaryota_Opisthokonta_Nucletmycea_Fungi_Dikarya_Ascomycota_Saccharomycotina_Saccharomycetes_Saccharomycetales_Saccharomyces_cerevisiae_baker_s_yeast, Node1652*)",419,2.204415160258556,2.347597172229281,c1,branch_to_yeast
"(Eukaryota_Opisthokonta_Nucletmycea_Fungi_Dikarya_Ascomycota_Saccharomycotina_Saccharomycetes_Saccharomycetales_Saccharomyces_cerevisiae_baker_s_yeast, Node1652*)",420,2.204415160258556,2.347597172229281,c1,branch_to_yeast
"(Eukaryota_Opisthokonta_Nucletmycea_Fungi_Dikarya_Ascomycota_Saccharomycotina_Saccharomycetes_Saccharomycetales_Saccharomyces_cerevisiae_baker_s_yeast, Node1652*)",421,-2.266511738949362e-16,1.889559500203874,c2,branch_to_yeast
"(Eukaryota_Opisthokonta_Nucletmycea_Fungi_Dikarya_Ascomycota_Saccharomycotina_Saccharomycetes_Saccharomycetales_Saccharomyces_cerevisiae_baker_s_yeast, Node1652*)",422,-4.248621337687634e-17,1.837175246384109,c3,branch_to_yeast
"(Eukaryota_Opisthokonta_Nucletmycea_Fungi_Dikarya_Ascomycota_Saccharomycotina_Saccharomycetes_Saccharomycetales_Saccharomyces_cerevisiae_baker_s_yeast, Node1652*)",423,3.3421000322333803,1.837175246384109,c3,branch_to_yeast
"(Eukaryota_Opisthokonta_Nucletmycea_Fungi_Dikarya_Ascomycota_Saccharomycotina_Saccharomycetes_Saccharomycetales_Saccharomyces_cerevisiae_baker_s_yeast, Node1652*)",424,2.2036494920422576,1.889559500203874,c2,branch_to_yeast
"(Eukaryota_Opisthokonta_Nucletmycea_Fungi_Dikarya_Ascomycota_Saccharomycotina_Saccharomycetes_Saccharomycetales_Saccharomyces_cerevisiae_baker_s_yeast, Node1652*)",425,2.971494938007999,1.837175246384109,c3,branch_to_yeast
"(Eukaryota_Opisthokonta_Nucletmycea_Fungi_Dikarya_Ascomycota_Saccharomycotina_Saccharomycetes_Saccharomycetales_Saccharomyces_cerevisiae_baker_s_yeast, Node1652*)",426,-2.0305102423399023e-16,1.837175246384109,c3,branch_to_yeast
"(Eukaryota_Opisthokonta_Nucletmycea_Fungi_Dikarya_Ascomycota_Saccharomycotina_Saccharomycetes_Saccharomycetales_Saccharomyces_cerevisiae_baker_s_yeast, Node1652*)",427,-2.3873806512834433e-16,2.347597172229281,c1,branch_to_yeast
"(Eukaryota_Opisthokonta_Nucletmycea_Fungi_Dikarya_Ascomycota_Saccharomycotina_Saccharomycetes_Saccharomycetales_Saccharomyces_cerevisiae_baker_s_yeast, Node1652*)",428,3.3459213213490626,1.889559500203874,c2,branch_to_yeast
"(Eukaryota_Opisthokonta_Nucletmycea_Fungi_Dikarya_Ascomycota_Saccharomycotina_Saccharomycetes_Saccharomycetales_Saccharomyces_cerevisiae_baker_s_yeast, Node1652*)",429,3.3459213213490626,1.889559500203874,c2,branch_to_yeast
"(Eukaryota_Opisthokonta_Nucletmycea_Fungi_Dikarya_Ascomycota_Saccharomycotina_Saccharomycetes_Saccharomycetales_Saccharomyces_cerevisiae_baker_s_yeast, Node1652*)",430,2.2036494920422576,1.889559500203874,c2,branch_to_yeast
"(Eukaryota_Opisthokonta_Nucletmycea_Fungi_Dikarya_Ascomycota_Saccharomycotina_Saccharomycetes_Saccharomycetales_Saccharomyces_cerevisiae_baker_s_yeast, Node1652*)",431,2.204415160258556,2.347597172229281,c1,branch_to_yeast
"(Eukaryota_Opisthokonta_Nucletmycea_Fungi_Dikarya_Ascomycota_Saccharomycotina_Saccharomycetes_Saccharomycetales_Saccharomyces_cerevisiae_baker_s_yeast, Node1652*)",432,2.976253267401704,2.347597172229281,c1,branch_to_yeast
"(Eukaryota_Opisthokonta_Nucletmycea_Fungi_Dikarya_Ascomycota_Saccharomycotina_Saccharomycetes_Saccharomycetales_Saccharomyces_cerevisiae_baker_s_yeast, Node1652*)",433,2.204415160258556,2.347597172229281,c1,branch_to_yeast
"(Eukaryota_Opisthokonta_Nucletmycea_Fungi_Dikarya_Ascomycota_Saccharomycotina_Saccharomycetes_Saccharomycetales_Saccharomyces_cerevisiae_baker_s_yeast, Node1652*)",434,2.976253267401704,2.347597172229281,c1,branch_to_yeast
"(Eukaryota_Opisthokonta_Nucletmycea_Fungi_Dikarya_Ascomycota_Saccharomycotina_Saccharomycetes_Saccharomycetales_Saccharomyces_cerevisiae_baker_s_yeast, Node1652*)",435,2.2020190876113945,1.837175246384109,c3,branch_to_yeast
"(Eukaryota_Opisthokonta_Nucletmycea_Fungi_Dikarya_Ascomycota_Saccharomycotina_Saccharomycetes_Saccharomycetales_Saccharomyces_cerevisiae_baker_s_yeast, Node1652*)",436,2.2036494920422576,1.889559500203874,c2,branch_to_yeast
"(Eukaryota_Opisthokonta_Nucletmycea_Fungi_Dikarya_Ascomycota_Saccharomycotina_Saccharomycetes_Saccharomycetales_Saccharomyces_cerevisiae_baker_s_yeast, Node1652*)",437,2.204415160258556,2.347597172229281,c1,branch_to_yeast
"(Eukaryota_Opisthokonta_Nucletmycea_Fungi_Dikarya_Ascomycota_Saccharomycotina_Saccharomycetes_Saccharomycetales_Saccharomyces_cerevisiae_baker_s_yeast, Node1652*)",438,2.9747327073946592,1.889559500203874,c2,branch_to_yeast
"(Eukaryota_Opisthokonta_Nucletmycea_Fungi_Dikarya_Ascomycota_Saccharomycotina_Saccharomycetes_Saccharomycetales_Saccharomyces_cerevisiae_baker_s_yeast, Node1652*)",439,2.2020190876113945,1.837175246384109,c3,branch_to_yeast
"(Eukaryota_Opisthokonta_Nucletmycea_Fungi_Dikarya_Ascomycota_Saccharomycotina_Saccharomycetes_Saccharomycetales_Saccharomyces_cerevisiae_baker_s_yeast, Node1652*)",440,3.3477171110772046,2.347597172229281,c1,branch_to_yeast
"(Eukaryota_Opisthokonta_Nucletmycea_Fungi_Dikarya_Ascomycota_Saccharomycotina_Saccharomycetes_Saccharomycetales_Saccharomyces_cerevisiae_baker_s_yeast, Node1652*)",441,3.3477171110772046,2.347597172229281,c1,branch_to_yeast
"(Eukaryota_Opisthokonta_Nucletmycea_Fungi_Dikarya_Ascomycota_Saccharomycotina_Saccharomycetes_Saccharomycetales_Saccharomyces_cerevisiae_baker_s_yeast, Node1652*)",442,3.6867310652174555e-28,2.347597172229281,c1,branch_to_yeast
"(Eukaryota_Opisthokonta_Nucletmycea_Fungi_Dikarya_Ascomycota_Saccharomycotina_Saccharomycetes_Saccharomycetales_Saccharomyces_cerevisiae_baker_s_yeast, Node1652*)",443,2.204415160258556,2.347597172229281,c1,branch_to_yeast
"(Eukaryota_Opisthokonta_Nucletmycea_Fungi_Dikarya_Ascomycota_Saccharomycotina_Saccharomycetes_Saccharomycetales_Saccharomyces_cerevisiae_baker_s_yeast, Node1652*)",444,2.976253267401704,2.347597172229281,c1,branch_to_yeast
"(Eukaryota_Opisthokonta_Nucletmycea_Fungi_Dikarya_Ascomycota_Saccharomycotina_Saccharomycetes_Saccharomycetales_Saccharomyces_cerevisiae_baker_s_yeast, Node1652*)",445,2.204415160258556,2.347597172229281,c1,branch_to_yeast
"(Eukaryota_Opisthokonta_Nucletmycea_Fungi_Dikarya_Ascomycota_Saccharomycotina_Saccharomycetes_Saccharomycetales_Saccharomyces_cerevisiae_baker_s_yeast, Node1652*)",446,2.976253267401704,2.347597172229281,c1,branch_to_yeast
"(Eukaryota_Opisthokonta_Nucletmycea_Fungi_Dikarya_Ascomycota_Saccharomycotina_Saccharomycetes_Saccharomycetales_Saccharomyces_cerevisiae_baker_s_yeast, Node1652*)",447,2.9747327073946592,1.889559500203874,c2,branch_to_yeast
"(Eukaryota_Opisthokonta_Nucletmycea_Fungi_Dikarya_Ascomycota_Saccharomycotina_Saccharomycetes_Saccharomycetales_Saccharomyces_cerevisiae_baker_s_yeast, Node1652*)",448,2.976253267401704,2.347597172229281,c1,branch_to_yeast
"(Eukaryota_Opisthokonta_Nucletmycea_Fungi_Dikarya_Ascomycota_Saccharomycotina_Saccharomycetes_Saccharomycetales_Saccharomyces_cerevisiae_baker_s_yeast, Node1652*)",449,3.3477171110772046,2.347597172229281,c1,branch_to_yeast
"(Eukaryota_Opisthokonta_Nucletmycea_Fungi_Dikarya_Ascomycota_Saccharomycotina_Saccharomycetes_Saccharomycetales_Saccharomyces_cerevisiae_baker_s_yeast, Node1652*)",450,2.204415160258556,2.347597172229281,c1,branch_to_yeast
"(Eukaryota_Opisthokonta_Nucletmycea_Fungi_Dikarya_Ascomycota_Saccharomycotina_Saccharomycetes_Saccharomycetales_Saccharomyces_cerevisiae_baker_s_yeast, Node1652*)",451,2.204415160258556,2.347597172229281,c1,branch_to_yeast
"(Eukaryota_Opisthokonta_Nucletmycea_Fungi_Dikarya_Ascomycota_Saccharomycotina_Saccharomycetes_Saccharomycetales_Saccharomyces_cerevisiae_baker_s_yeast, Node1652*)",452,3.3421000322333803,1.837175246384109,c3,branch_to_yeast
"(Eukaryota_Opisthokonta_Nucletmycea_Fungi_Dikarya_Ascomycota_Saccharomycotina_Saccharomycetes_Saccharomycetales_Saccharomyces_cerevisiae_baker_s_yeast, Node1652*)",453,-2.320214412867614e-16,1.889559500203874,c2,branch_to_yeast
"(Eukaryota_Opisthokonta_Nucletmycea_Fungi_Dikarya_Ascomycota_Saccharomycotina_Saccharomycetes_Saccharomycetales_Saccharomyces_cerevisiae_baker_s_yeast, Node1652*)",454,2.976253267401704,2.347597172229281,c1,branch_to_yeast
"(Eukaryota_Opisthokonta_Nucletmycea_Fungi_Dikarya_Ascomycota_Saccharomycotina_Saccharomycetes_Saccharomycetales_Saccharomyces_cerevisiae_baker_s_yeast, Node1652*)",455,3.3459213213490626,1.889559500203874,c2,branch_to_yeast
"(Eukaryota_Opisthokonta_Nucletmycea_Fungi_Dikarya_Ascomycota_Saccharomycotina_Saccharomycetes_Saccharomycetales_Saccharomyces_cerevisiae_baker_s_yeast, Node1652*)",456,3.3459213213490626,1.889559500203874,c2,branch_to_yeast
"(Eukaryota_Opisthokonta_Nucletmycea_Fungi_Dikarya_Ascomycota_Saccharomycotina_Saccharomycetes_Saccharomycetales_Saccharomyces_cerevisiae_baker_s_yeast, Node1652*)",457,2.976253267401704,2.347597172229281,c1,branch_to_yeast
"(Eukaryota_Opisthokonta_Nucletmycea_Fungi_Dikarya_Ascomycota_Saccharomycotina_Saccharomycetes_Saccharomycetales_Saccharomyces_cerevisiae_baker_s_yeast, Node1652*)",458,3.3477171110772046,2.347597172229281,c1,branch_to_yeast
"(Eukaryota_Opisthokonta_Nucletmycea_Fungi_Dikarya_Ascomycota_Saccharomycotina_Saccharomycetes_Saccharomycetales_Saccharomyces_cerevisiae_baker_s_yeast, Node1652*)",459,2.976253267401704,2.347597172229281,c1,branch_to_yeast
"(Eukaryota_Opisthokonta_Nucletmycea_Fungi_Dikarya_Ascomycota_Saccharomycotina_Saccharomycetes_Saccharomycetales_Saccharomyces_cerevisiae_baker_s_yeast, Node1652*)",460,3.328426600878429e-16,2.347597172229281,c1,branch_to_yeast
"(Eukaryota_Opisthokonta_Nucletmycea_Fungi_Dikarya_Ascomycota_Saccharomycotina_Saccharomycetes_Saccharomycetales_Saccharomyces_cerevisiae_baker_s_yeast, Node1652*)",461,3.3477171110772046,2.347597172229281,c1,branch_to_yeast
"(Eukaryota_Opisthokonta_Nucletmycea_Fungi_Dikarya_Ascomycota_Saccharomycotina_Saccharomycetes_Saccharomycetales_Saccharomyces_cerevisiae_baker_s_yeast, Node1652*)",462,3.3477171110772046,2.347597172229281,c1,branch_to_yeast
"(Eukaryota_Opisthokonta_Nucletmycea_Fungi_Dikarya_Ascomycota_Saccharomycotina_Saccharomycetes_Saccharomycetales_Saccharomyces_cerevisiae_baker_s_yeast, Node1652*)",463,2.976253267401704,2.347597172229281,c1,branch_to_yeast
"(Eukaryota_Opisthokonta_Nucletmycea_Fungi_Dikarya_Ascomycota_Saccharomycotina_Saccharomycetes_Saccharomycetales_Saccharomyces_cerevisiae_baker_s_yeast, Node1652*)",464,2.976253267401704,2.347597172229281,c1,branch_to_yeast
"(Eukaryota_Opisthokonta_Nucletmycea_Fungi_Dikarya_Ascomycota_Saccharomycotina_Saccharomycetes_Saccharomycetales_Saccharomyces_cerevisiae_baker_s_yeast, Node1652*)",465,2.204415160258556,2.347597172229281,c1,branch_to_yeast
"(Eukaryota_Opisthokonta_Nucletmycea_Fungi_Dikarya_Ascomycota_Saccharomycotina_Saccharomycetes_Saccharomycetales_Saccharomyces_cerevisiae_baker_s_yeast, Node1652*)",466,2.204415160258556,2.347597172229281,c1,branch_to_yeast
"(Eukaryota_Opisthokonta_Nucletmycea_Fungi_Dikarya_Ascomycota_Saccharomycotina_Saccharomycetes_Saccharomycetales_Saccharomyces_cerevisiae_baker_s_yeast, Node1652*)",467,2.976253267401704,2.347597172229281,c1,branch_to_yeast
"(Eukaryota_Opisthokonta_Nucletmycea_Fungi_Dikarya_Ascomycota_Saccharomycotina_Saccharomycetes_Saccharomycetales_Saccharomyces_cerevisiae_baker_s_yeast, Node1652*)",468,2.9747327073946592,1.889559500203874,c2,branch_to_yeast
"(Eukaryota_Opisthokonta_Nucletmycea_Fungi_Dikarya_Ascomycota_Saccharomycotina_Saccharomycetes_Saccharomycetales_Saccharomyces_cerevisiae_baker_s_yeast, Node1652*)",469,2.204415160258556,2.347597172229281,c1,branch_to_yeast
"(Eukaryota_Opisthokonta_Nucletmycea_Fungi_Dikarya_Ascomycota_Saccharomycotina_Saccharomycetes_Saccharomycetales_Saccharomyces_cerevisiae_baker_s_yeast, Node1652*)",470,2.204415160258556,2.347597172229281,c1,branch_to_yeast
"(Eukaryota_Opisthokonta_Nucletmycea_Fungi_Dikarya_Ascomycota_Saccharomycotina_Saccharomycetes_Saccharomycetales_Saccharomyces_cerevisiae_baker_s_yeast, Node1652*)",471,3.3477171110772046,2.347597172229281,c1,branch_to_yeast
"(Eukaryota_Opisthokonta_Nucletmycea_Fungi_Dikarya_Ascomycota_Saccharomycotina_Saccharomycetes_Saccharomycetales_Saccharomyces_cerevisiae_baker_s_yeast, Node1652*)",472,2.976253267401704,2.347597172229281,c1,branch_to_yeast
"(Eukaryota_Opisthokonta_Nucletmycea_Fungi_Dikarya_Ascomycota_Saccharomycotina_Saccharomycetes_Saccharomycetales_Saccharomyces_cerevisiae_baker_s_yeast, Node1652*)",473,2.204415160258556,2.347597172229281,c1,branch_to_yeast
"(Eukaryota_Opisthokonta_Nucletmycea_Fungi_Dikarya_Ascomycota_Saccharomycotina_Saccharomycetes_Saccharomycetales_Saccharomyces_cerevisiae_baker_s_yeast, Node1652*)",474,3.3477171110772046,2.347597172229281,c1,branch_to_yeast
"(Eukaryota_Opisthokonta_Nucletmycea_Fungi_Dikarya_Ascomycota_Saccharomycotina_Saccharomycetes_Saccharomycetales_Saccharomyces_cerevisiae_baker_s_yeast, Node1652*)",475,2.976253267401704,2.347597172229281,c1,branch_to_yeast
"(Eukaryota_Opisthokonta_Nucletmycea_Fungi_Dikarya_Ascomycota_Saccharomycotina_Saccharomycetes_Saccharomycetales_Saccharomyces_cerevisiae_baker_s_yeast, Node1652*)",476,2.204415160258556,2.347597172229281,c1,branch_to_yeast
"(Eukaryota_Opisthokonta_Nucletmycea_Fungi_Dikarya_Ascomycota_Saccharomycotina_Saccharomycetes_Saccharomycetales_Saccharomyces_cerevisiae_baker_s_yeast, Node1652*)",477,2.204415160258556,2.347597172229281,c1,branch_to_yeast
"(Eukaryota_Opisthokonta_Nucletmycea_Fungi_Dikarya_Ascomycota_Saccharomycotina_Saccharomycetes_Saccharomycetales_Saccharomyces_cerevisiae_baker_s_yeast, Node1652*)",478,3.3459213213490626,1.889559500203874,c2,branch_to_yeast
"(Eukaryota_Opisthokonta_Nucletmycea_Fungi_Dikarya_Ascomycota_Saccharomycotina_Saccharomycetes_Saccharomycetales_Saccharomyces_cerevisiae_baker_s_yeast, Node1652*)",479,2.2036494920422576,1.889559500203874,c2,branch_to_yeast
"(Eukaryota_Opisthokonta_Nucletmycea_Fungi_Dikarya_Ascomycota_Saccharomycotina_Saccharomycetes_Saccharomycetales_Saccharomyces_cerevisiae_baker_s_yeast, Node1652*)",480,3.3477171110772046,2.347597172229281,c1,branch_to_yeast
"(Eukaryota_Opisthokonta_Nucletmycea_Fungi_Dikarya_Ascomycota_Saccharomycotina_Saccharomycetes_Saccharomycetales_Saccharomyces_cerevisiae_baker_s_yeast, Node1652*)",481,2.204415160258556,2.347597172229281,c1,branch_to_yeast
"(Eukaryota_Opisthokonta_Nucletmycea_Fungi_Dikarya_Ascomycota_Saccharomycotina_Saccharomycetes_Saccharomycetales_Saccharomyces_cerevisiae_baker_s_yeast, Node1652*)",482,3.3477171110772046,2.347597172229281,c1,branch_to_yeast
"(Eukaryota_Opisthokonta_Nucletmycea_Fungi_Dikarya_Ascomycota_Saccharomycotina_Saccharomycetes_Saccharomycetales_Saccharomyces_cerevisiae_baker_s_yeast, Node1652*)",483,2.976253267401704,2.347597172229281,c1,branch_to_yeast
"(Eukaryota_Opisthokonta_Nucletmycea_Fungi_Dikarya_Ascomycota_Saccharomycotina_Saccharomycetes_Saccharomycetales_Saccharomyces_cerevisiae_baker_s_yeast, Node1652*)",484,2.976253267401704,2.347597172229281,c1,branch_to_yeast
"(Eukaryota_Opisthokonta_Nucletmycea_Fungi_Dikarya_Ascomycota_Saccharomycotina_Saccharomycetes_Saccharomycetales_Saccharomyces_cerevisiae_baker_s_yeast, Node1652*)",485,2.971494938007999,1.837175246384109,c3,branch_to_yeast
"(Eukaryota_Opisthokonta_Nucletmycea_Fungi_Dikarya_Ascomycota_Saccharomycotina_Saccharomycetes_Saccharomycetales_Saccharomyces_cerevisiae_baker_s_yeast, Node1652*)",486,-2.3672786141865673e-16,2.347597172229281,c1,branch_to_yeast
"(Eukaryota_Opisthokonta_Nucletmycea_Fungi_Dikarya_Ascomycota_Saccharomycotina_Saccharomycetes_Saccharomycetales_Saccharomyces_cerevisiae_baker_s_yeast, Node1652*)",487,3.256369552196996e-16,2.347597172229281,c1,branch_to_yeast
"(Eukaryota_Opisthokonta_Nucletmycea_Fungi_Dikarya_Ascomycota_Saccharomycotina_Saccharomycetes_Saccharomycetales_Saccharomyces_cerevisiae_baker_s_yeast, Node1652*)",488,2.9747327073946592,1.889559500203874,c2,branch_to_yeast
"(Eukaryota_Opisthokonta_Nucletmycea_Fungi_Dikarya_Ascomycota_Saccharomycotina_Saccharomycetes_Saccharomycetales_Saccharomyces_cerevisiae_baker_s_yeast, Node1652*)",489,3.3459213213490626,1.889559500203874,c2,branch_to_yeast
"(Eukaryota_Opisthokonta_Nucletmycea_Fungi_Dikarya_Ascomycota_Saccharomycotina_Saccharomycetes_Saccharomycetales_Saccharomyces_cerevisiae_baker_s_yeast, Node1652*)",490,3.3421000322333803,1.837175246384109,c3,branch_to_yeast
"(Eukaryota_Opisthokonta_Nucletmycea_Fungi_Dikarya_Ascomycota_Saccharomycotina_Saccharomycetes_Saccharomycetales_Saccharomyces_cerevisiae_baker_s_yeast, Node1652*)",491,3.3477171110772046,2.347597172229281,c1,branch_to_yeast
"(Eukaryota_Opisthokonta_Nucletmycea_Fungi_Dikarya_Ascomycota_Saccharomycotina_Saccharomycetes_Saccharomycetales_Saccharomyces_cerevisiae_baker_s_yeast, Node1652*)",492,2.976253267401704,2.347597172229281,c1,branch_to_yeast
"(Eukaryota_Opisthokonta_Nucletmycea_Fungi_Dikarya_Ascomycota_Saccharomycotina_Saccharomycetes_Saccharomycetales_Saccharomyces_cerevisiae_baker_s_yeast, Node1652*)",493,2.976253267401704,2.347597172229281,c1,branch_to_yeast
"(Eukaryota_Opisthokonta_Nucletmycea_Fungi_Dikarya_Ascomycota_Saccharomycotina_Saccharomycetes_Saccharomycetales_Saccharomyces_cerevisiae_baker_s_yeast, Node1652*)",494,-1.996628551248393e-16,2.347597172229281,c1,branch_to_yeast
"(Eukaryota_Opisthokonta_Nucletmycea_Fungi_Dikarya_Ascomycota_Saccharomycotina_Saccharomycetes_Saccharomycetales_Saccharomyces_cerevisiae_baker_s_yeast, Node1652*)",495,3.3477171110772046,2.347597172229281,c1,branch_to_yeast
"(Eukaryota_Opisthokonta_Nucletmycea_Fungi_Dikarya_Ascomycota_Saccharomycotina_Saccharomycetes_Saccharomycetales_Saccharomyces_cerevisiae_baker_s_yeast, Node1652*)",496,3.3459213213490626,1.889559500203874,c2,branch_to_yeast
"(Eukaryota_Opisthokonta_Nucletmycea_Fungi_Dikarya_Ascomycota_Saccharomycotina_Saccharomycetes_Saccharomycetales_Saccharomyces_cerevisiae_baker_s_yeast, Node1652*)",497,-2.2356975330611457e-16,1.837175246384109,c3,branch_to_yeast
"(Eukaryota_Opisthokonta_Nucletmycea_Fungi_Dikarya_Ascomycota_Saccharomycotina_Saccharomycetes_Saccharomycetales_Saccharomyces_cerevisiae_baker_s_yeast, Node1652*)",498,2.97149493773616,1.837175246384109,c3,branch_to_yeast
"(Eukaryota_Opisthokonta_Nucletmycea_Fungi_Dikarya_Ascomycota_Saccharomycotina_Saccharomycetes_Saccharomycetales_Saccharomyces_cerevisiae_baker_s_yeast, Node1652*)",499,2.976253267401704,2.347597172229281,c1,branch_to_yeast
"(Eukaryota_Opisthokonta_Nucletmycea_Fungi_Dikarya_Ascomycota_Saccharomycotina_Saccharomycetes_Saccharomycetales_Saccharomyces_cerevisiae_baker_s_yeast, Node1652*)",500,-2.3364229746945897e-16,1.01655548421231,c4,branch_to_yeast
"(Eukaryota_Opisthokonta_Nucletmycea_Fungi_Dikarya_Ascomycota_Saccharomycotina_Saccharomycetes_Saccharomycetales_Saccharomyces_cerevisiae_baker_s_yeast, Node1652*)",501,3.4034367147004136e-16,1.889559500203874,c2,branch_to_yeast
"(Eukaryota_Opisthokonta_Nucletmycea_Fungi_Dikarya_Ascomycota_Saccharomycotina_Saccharomycetes_Saccharomycetales_Saccharomyces_cerevisiae_baker_s_yeast, Node1652*)",502,3.26312943629811e-16,2.347597172229281,c1,branch_to_yeast
"(Eukaryota_Opisthokonta_Nucletmycea_Fungi_Dikarya_Ascomycota_Saccharomycotina_Saccharomycetes_Saccharomycetales_Saccharomyces_cerevisiae_baker_s_yeast, Node1652*)",503,3.3421000322333803,1.837175246384109,c3,branch_to_yeast
"(Eukaryota_Opisthokonta_Nucletmycea_Fungi_Dikarya_Ascomycota_Saccharomycotina_Saccharomycetes_Saccharomycetales_Saccharomyces_cerevisiae_baker_s_yeast, Node1652*)",504,2.971494938007999,1.837175246384109,c3,branch_to_yeast
"(Eukaryota_Opisthokonta_Nucletmycea_Fungi_Dikarya_Ascomycota_Saccharomycotina_Saccharomycetes_Saccharomycetales_Saccharomyces_cerevisiae_baker_s_yeast, Node1652*)",505,2.2036494920422576,1.889559500203874,c2,branch_to_yeast
"(Eukaryota_Opisthokonta_Nucletmycea_Fungi_Dikarya_Ascomycota_Saccharomycotina_Saccharomycetes_Saccharomycetales_Saccharomyces_cerevisiae_baker_s_yeast, Node1652*)",506,2.204415160258556,2.347597172229281,c1,branch_to_yeast
"(Eukaryota_Opisthokonta_Nucletmycea_Fungi_Dikarya_Ascomycota_Saccharomycotina_Saccharomycetes_Saccharomycetales_Saccharomyces_cerevisiae_baker_s_yeast, Node1652*)",507,2.204415160258556,2.347597172229281,c1,branch_to_yeast
"(Eukaryota_Opisthokonta_Nucletmycea_Fungi_Dikarya_Ascomycota_Saccharomycotina_Saccharomycetes_Saccharomycetales_Saccharomyces_cerevisiae_baker_s_yeast, Node1652*)",508,2.976253267401704,2.347597172229281,c1,branch_to_yeast
"(Eukaryota_Opisthokonta_Nucletmycea_Fungi_Dikarya_Ascomycota_Saccharomycotina_Saccharomycetes_Saccharomycetales_Saccharomyces_cerevisiae_baker_s_yeast, Node1652*)",509,2.2020190876113945,1.837175246384109,c3,branch_to_yeast
"(Eukaryota_Opisthokonta_Nucletmycea_Fungi_Dikarya_Ascomycota_Saccharomycotina_Saccharomycetes_Saccharomycetales_Saccharomyces_cerevisiae_baker_s_yeast, Node1652*)",510,2.2036494920422576,1.889559500203874,c2,branch_to_yeast
"(Eukaryota_Opisthokonta_Nucletmycea_Fungi_Dikarya_Ascomycota_Saccharomycotina_Saccharomycetes_Saccharomycetales_Saccharomyces_cerevisiae_baker_s_yeast, Node1652*)",511,-2.0828133028246926e-16,1.889559500203874,c2,branch_to_yeast
"(Eukaryota_Opisthokonta_Nucletmycea_Fungi_Dikarya_Ascomycota_Saccharomycotina_Saccharomycetes_Saccharomycetales_Saccharomyces_cerevisiae_baker_s_yeast, Node1652*)",512,2.976253267401704,2.347597172229281,c1,branch_to_yeast
"(Eukaryota_Opisthokonta_Nucletmycea_Fungi_Dikarya_Ascomycota_Saccharomycotina_Saccharomycetes_Saccharomycetales_Saccharomyces_cerevisiae_baker_s_yeast, Node1652*)",513,2.204415160258556,2.347597172229281,c1,branch_to_yeast
"(Eukaryota_Opisthokonta_Nucletmycea_Fungi_Dikarya_Ascomycota_Saccharomycotina_Saccharomycetes_Saccharomycetales_Saccharomyces_cerevisiae_baker_s_yeast, Node1652*)",514,-2.3516821141444886e-16,2.347597172229281,c1,branch_to_yeast
"(Eukaryota_Opisthokonta_Nucletmycea_Fungi_Dikarya_Ascomycota_Saccharomycotina_Saccharomycetes_Saccharomycetales_Saccharomyces_cerevisiae_baker_s_yeast, Node1652*)",515,2.2020190876113945,1.837175246384109,c3,branch_to_yeast
"(Eukaryota_Opisthokonta_Nucletmycea_Fungi_Dikarya_Ascomycota_Saccharomycotina_Saccharomycetes_Saccharomycetales_Saccharomyces_cerevisiae_baker_s_yeast, Node1652*)",516,2.976253267401704,2.347597172229281,c1,branch_to_yeast
"(Eukaryota_Opisthokonta_Nucletmycea_Fungi_Dikarya_Ascomycota_Saccharomycotina_Saccharomycetes_Saccharomycetales_Saccharomyces_cerevisiae_baker_s_yeast, Node1652*)",517,3.3459213213490626,1.889559500203874,c2,branch_to_yeast
"(Eukaryota_Opisthokonta_Nucletmycea_Fungi_Dikarya_Ascomycota_Saccharomycotina_Saccharomycetes_Saccharomycetales_Saccharomyces_cerevisiae_baker_s_yeast, Node1652*)",518,2.9747327073946592,1.889559500203874,c2,branch_to_yeast
"(Eukaryota_Opisthokonta_Nucletmycea_Fungi_Dikarya_Ascomycota_Saccharomycotina_Saccharomycetes_Saccharomycetales_Saccharomyces_cerevisiae_baker_s_yeast, Node1652*)",519,2.9747327073946592,1.889559500203874,c2,branch_to_yeast
"(Eukaryota_Opisthokonta_Nucletmycea_Fungi_Dikarya_Ascomycota_Saccharomycotina_Saccharomycetes_Saccharomycetales_Saccharomyces_cerevisiae_baker_s_yeast, Node1652*)",520,-2.440112281814782e-16,1.889559500203874,c2,branch_to_yeast
"(Eukaryota_Opisthokonta_Nucletmycea_Fungi_Dikarya_Ascomycota_Saccharomycotina_Saccharomycetes_Saccharomycetales_Saccharomyces_cerevisiae_baker_s_yeast, Node1652*)",521,2.976253267401704,2.347597172229281,c1,branch_to_yeast
"(Eukaryota_Opisthokonta_Nucletmycea_Fungi_Dikarya_Ascomycota_Saccharomycotina_Saccharomycetes_Saccharomycetales_Saccharomyces_cerevisiae_baker_s_yeast, Node1652*)",522,2.9747327073946592,1.889559500203874,c2,branch_to_yeast
"(Eukaryota_Opisthokonta_Nucletmycea_Fungi_Dikarya_Ascomycota_Saccharomycotina_Saccharomycetes_Saccharomycetales_Saccharomyces_cerevisiae_baker_s_yeast, Node1652*)",523,2.976253267401704,2.347597172229281,c1,branch_to_yeast
"(Eukaryota_Opisthokonta_Nucletmycea_Fungi_Dikarya_Ascomycota_Saccharomycotina_Saccharomycetes_Saccharomycetales_Saccharomyces_cerevisiae_baker_s_yeast, Node1652*)",524,-2.0216566198667816e-16,2.347597172229281,c1,branch_to_yeast
"(Eukaryota_Opisthokonta_Nucletmycea_Fungi_Dikarya_Ascomycota_Saccharomycotina_Saccharomycetes_Saccharomycetales_Saccharomyces_cerevisiae_baker_s_yeast, Node1652*)",525,2.9498076940917545e-16,2.347597172229281,c1,branch_to_yeast
"(Eukaryota_Opisthokonta_Nucletmycea_Fungi_Dikarya_Ascomycota_Saccharomycotina_Saccharomycetes_Saccharomycetales_Saccharomyces_cerevisiae_baker_s_yeast, Node1652*)",526,2.976253267401704,2.347597172229281,c1,branch_to_yeast
"(Eukaryota_Opisthokonta_Nucletmycea_Fungi_Dikarya_Ascomycota_Saccharomycotina_Saccharomycetes_Saccharomycetales_Saccharomyces_cerevisiae_baker_s_yeast, Node1652*)",527,2.976253267401704,2.347597172229281,c1,branch_to_yeast
"(Eukaryota_Opisthokonta_Nucletmycea_Fungi_Dikarya_Ascomycota_Saccharomycotina_Saccharomycetes_Saccharomycetales_Saccharomyces_cerevisiae_baker_s_yeast, Node1652*)",528,3.3421000322333803,1.837175246384109,c3,branch_to_yeast
"(Eukaryota_Opisthokonta_Nucletmycea_Fungi_Dikarya_Ascomycota_Saccharomycotina_Saccharomycetes_Saccharomycetales_Saccharomyces_cerevisiae_baker_s_yeast, Node1652*)",529,2.2020190876113945,1.837175246384109,c3,branch_to_yeast
"(Eukaryota_Opisthokonta_Nucletmycea_Fungi_Dikarya_Ascomycota_Saccharomycotina_Saccharomycetes_Saccharomycetales_Saccharomyces_cerevisiae_baker_s_yeast, Node1652*)",530,2.971494938007999,1.837175246384109,c3,branch_to_yeast
"(Eukaryota_Opisthokonta_Nucletmycea_Fungi_Dikarya_Ascomycota_Saccharomycotina_Saccharomycetes_Saccharomycetales_Saccharomyces_cerevisiae_baker_s_yeast, Node1652*)",531,-1.2772307905765466e-16,1.889559500203874,c2,branch_to_yeast
"(Eukaryota_Opisthokonta_Nucletmycea_Fungi_Dikarya_Ascomycota_Saccharomycotina_Saccharomycetes_Saccharomycetales_Saccharomyces_cerevisiae_baker_s_yeast, Node1652*)",532,2.976253267401704,2.347597172229281,c1,branch_to_yeast
"(Eukaryota_Opisthokonta_Nucletmycea_Fungi_Dikarya_Ascomycota_Saccharomycotina_Saccharomycetes_Saccharomycetales_Saccharomyces_cerevisiae_baker_s_yeast, Node1652*)",533,-8.884293955437501e-17,1.837175246384109,c3,branch_to_yeast
"(Eukaryota_Opisthokonta_Nucletmycea_Fungi_Dikarya_Ascomycota_Saccharomycotina_Saccharomycetes_Saccharomycetales_Saccharomyces_cerevisiae_baker_s_yeast, Node1652*)",534,3.3477171110772046,2.347597172229281,c1,branch_to_yeast
"(Eukaryota_Opisthokonta_Nucletmycea_Fungi_Dikarya_Ascomycota_Saccharomycotina_Saccharomycetes_Saccharomycetales_Saccharomyces_cerevisiae_baker_s_yeast, Node1652*)",535,2.9610622710287644,1.01655548421231,c4,branch_to_yeast
"(Eukaryota_Opisthokonta_Nucletmycea_Fungi_Dikarya_Ascomycota_Saccharomycotina_Saccharomycetes_Saccharomycetales_Saccharomyces_cerevisiae_baker_s_yeast, Node1652*)",536,2.204415160258556,2.347597172229281,c1,branch_to_yeast
"(Eukaryota_Opisthokonta_Nucletmycea_Fungi_Dikarya_Ascomycota_Saccharomycotina_Saccharomycetes_Saccharomycetales_Saccharomyces_cerevisiae_baker_s_yeast, Node1652*)",537,2.2020190876113945,1.837175246384109,c3,branch_to_yeast
"(Eukaryota_Opisthokonta_Nucletmycea_Fungi_Dikarya_Ascomycota_Saccharomycotina_Saccharomycetes_Saccharomycetales_Saccharomyces_cerevisiae_baker_s_yeast, Node1652*)",538,2.2036494920422576,1.889559500203874,c2,branch_to_yeast
"(Eukaryota_Opisthokonta_Nucletmycea_Fungi_Dikarya_Ascomycota_Saccharomycotina_Saccharomycetes_Saccharomycetales_Saccharomyces_cerevisiae_baker_s_yeast, Node1652*)",539,3.3459213213490626,1.889559500203874,c2,branch_to_yeast
"(Eukaryota_Opisthokonta_Nucletmycea_Fungi_Dikarya_Ascomycota_Saccharomycotina_Saccharomycetes_Saccharomycetales_Saccharomyces_cerevisiae_baker_s_yeast, Node1652*)",540,3.3421000322333803,1.837175246384109,c3,branch_to_yeast
"(Eukaryota_Opisthokonta_Nucletmycea_Fungi_Dikarya_Ascomycota_Saccharomycotina_Saccharomycetes_Saccharomycetales_Saccharomyces_cerevisiae_baker_s_yeast, Node1652*)",541,3.3421000322333803,1.837175246384109,c3,branch_to_yeast
"(Eukaryota_Opisthokonta_Nucletmycea_Fungi_Dikarya_Ascomycota_Saccharomycotina_Saccharomycetes_Saccharomycetales_Saccharomyces_cerevisiae_baker_s_yeast, Node1652*)",542,-2.761136877201278e-17,1.889559500203874,c2,branch_to_yeast
"(Eukaryota_Opisthokonta_Nucletmycea_Fungi_Dikarya_Ascomycota_Saccharomycotina_Saccharomycetes_Saccharomycetales_Saccharomyces_cerevisiae_baker_s_yeast, Node1652*)",543,2.971494938002877,1.837175246384109,c3,branch_to_yeast
"(Eukaryota_Opisthokonta_Nucletmycea_Fungi_Dikarya_Ascomycota_Saccharomycotina_Saccharomycetes_Saccharomycetales_Saccharomyces_cerevisiae_baker_s_yeast, Node1652*)",544,2.957778107911661e-16,1.889559500203874,c2,branch_to_yeast
"(Eukaryota_Opisthokonta_Nucletmycea_Fungi_Dikarya_Ascomycota_Saccharomycotina_Saccharomycetes_Saccharomycetales_Saccharomyces_cerevisiae_baker_s_yeast, Node1652*)",545,3.377331991603388e-16,1.837175246384109,c3,branch_to_yeast
"(Eukaryota_Opisthokonta_Nucletmycea_Fungi_Dikarya_Ascomycota_Saccharomycotina_Saccharomycetes_Saccharomycetales_Saccharomyces_cerevisiae_baker_s_yeast, Node1652*)",546,3.345921320800646,1.889559500203874,c2,branch_to_yeast
"(Eukaryota_Opisthokonta_Nucletmycea_Fungi_Dikarya_Ascomycota_Saccharomycotina_Saccharomycetes_Saccharomycetales_Saccharomyces_cerevisiae_baker_s_yeast, Node1652*)",547,2.2036494920422576,1.889559500203874,c2,branch_to_yeast
"(Eukaryota_Opisthokonta_Nucletmycea_Fungi_Dikarya_Ascomycota_Saccharomycotina_Saccharomycetes_Saccharomycetales_Saccharomyces_cerevisiae_baker_s_yeast, Node1652*)",548,2.2020190876113945,1.837175246384109,c3,branch_to_yeast
"(Eukaryota_Opisthokonta_Nucletmycea_Fungi_Dikarya_Ascomycota_Saccharomycotina_Saccharomycetes_Saccharomycetales_Saccharomyces_cerevisiae_baker_s_yeast, Node1652*)",549,2.2036494920422576,1.889559500203874,c2,branch_to_yeast
"(Eukaryota_Opisthokonta_Nucletmycea_Fungi_Dikarya_Ascomycota_Saccharomycotina_Saccharomycetes_Saccharomycetales_Saccharomyces_cerevisiae_baker_s_yeast, Node1652*)",550,-1.936563912457656e-16,1.837175246384109,c3,branch_to_yeast
"(Eukaryota_Opisthokonta_Nucletmycea_Fungi_Dikarya_Ascomycota_Saccharomycotina_Saccharomycetes_Saccharomycetales_Saccharomyces_cerevisiae_baker_s_yeast, Node1652*)",551,3.3459213213490626,1.889559500203874,c2,branch_to_yeast
"(Eukaryota_Opisthokonta_Nucletmycea_Fungi_Dikarya_Ascomycota_Saccharomycotina_Saccharomycetes_Saccharomycetales_Saccharomyces_cerevisiae_baker_s_yeast, Node1652*)",552,-2.393320213548226e-16,2.347597172229281,c1,branch_to_yeast
"(Eukaryota_Opisthokonta_Nucletmycea_Fungi_Dikarya_Ascomycota_Saccharomycotina_Saccharomycetes_Saccharomycetales_Saccharomyces_cerevisiae_baker_s_yeast, Node1652*)",553,-1.4820505858572482e-16,1.01655548421231,c4,branch_to_yeast
"(Eukaryota_Opisthokonta_Nucletmycea_Fungi_Dikarya_Ascomycota_Saccharomycotina_Saccharomycetes_Saccharomycetales_Saccharomyces_cerevisiae_baker_s_yeast, Node1652*)",554,2.204415160258556,2.347597172229281,c1,branch_to_yeast
"(Eukaryota_Opisthokonta_Nucletmycea_Fungi_Dikarya_Ascomycota_Saccharomycotina_Saccharomycetes_Saccharomycetales_Saccharomyces_cerevisiae_baker_s_yeast, Node1652*)",555,-1.7806802684605658e-16,1.837175246384109,c3,branch_to_yeast
"(Eukaryota_Opisthokonta_Nucletmycea_Fungi_Dikarya_Ascomycota_Saccharomycotina_Saccharomycetes_Saccharomycetales_Saccharomyces_cerevisiae_baker_s_yeast, Node1652*)",556,2.9747327073946592,1.889559500203874,c2,branch_to_yeast
"(Eukaryota_Opisthokonta_Nucletmycea_Fungi_Dikarya_Ascomycota_Saccharomycotina_Saccharomycetes_Saccharomycetales_Saccharomyces_cerevisiae_baker_s_yeast, Node1652*)",557,2.976253267401704,2.347597172229281,c1,branch_to_yeast
"(Eukaryota_Opisthokonta_Nucletmycea_Fungi_Dikarya_Ascomycota_Saccharomycotina_Saccharomycetes_Saccharomycetales_Saccharomyces_cerevisiae_baker_s_yeast, Node1652*)",558,2.7149323563090725e-16,1.837175246384109,c3,branch_to_yeast
"(Eukaryota_Opisthokonta_Nucletmycea_Fungi_Dikarya_Ascomycota_Saccharomycotina_Saccharomycetes_Saccharomycetales_Saccharomyces_cerevisiae_baker_s_yeast, Node1652*)",559,-2.122250514911198e-16,1.837175246384109,c3,branch_to_yeast
"(Eukaryota_Opisthokonta_Nucletmycea_Fungi_Dikarya_Ascomycota_Saccharomycotina_Saccharomycetes_Saccharomycetales_Saccharomyces_cerevisiae_baker_s_yeast, Node1652*)",560,2.2020190876113945,1.837175246384109,c3,branch_to_yeast
"(Eukaryota_Opisthokonta_Nucletmycea_Fungi_Dikarya_Ascomycota_Saccharomycotina_Saccharomycetes_Saccharomycetales_Saccharomyces_cerevisiae_baker_s_yeast, Node1652*)",561,2.204415160258556,2.347597172229281,c1,branch_to_yeast
"(Eukaryota_Opisthokonta_Nucletmycea_Fungi_Dikarya_Ascomycota_Saccharomycotina_Saccharomycetes_Saccharomycetales_Saccharomyces_cerevisiae_baker_s_yeast, Node1652*)",562,2.976253267401704,2.347597172229281,c1,branch_to_yeast
"(Eukaryota_Opisthokonta_Nucletmycea_Fungi_Dikarya_Ascomycota_Saccharomycotina_Saccharomycetes_Saccharomycetales_Saccharomyces_cerevisiae_baker_s_yeast, Node1652*)",563,2.976253267401704,2.347597172229281,c1,branch_to_yeast
"(Eukaryota_Opisthokonta_Nucletmycea_Fungi_Dikarya_Ascomycota_Saccharomycotina_Saccharomycetes_Saccharomycetales_Saccharomyces_cerevisiae_baker_s_yeast, Node1652*)",564,-1.2953372889204567e-16,1.889559500203874,c2,branch_to_yeast
"(Eukaryota_Opisthokonta_Nucletmycea_Fungi_Dikarya_Ascomycota_Saccharomycotina_Saccharomycetes_Saccharomycetales_Saccharomyces_cerevisiae_baker_s_yeast, Node1652*)",565,2.204415160258556,2.347597172229281,c1,branch_to_yeast
"(Eukaryota_Opisthokonta_Nucletmycea_Fungi_Dikarya_Ascomycota_Saccharomycotina_Saccharomycetes_Saccharomycetales_Saccharomyces_cerevisiae_baker_s_yeast, Node1652*)",566,2.9747327073946592,1.889559500203874,c2,branch_to_yeast
"(Eukaryota_Opisthokonta_Nucletmycea_Fungi_Dikarya_Ascomycota_Saccharomycotina_Saccharomycetes_Saccharomycetales_Saccharomyces_cerevisiae_baker_s_yeast, Node1652*)",567,2.2020190876113945,1.837175246384109,c3,branch_to_yeast
"(Eukaryota_Opisthokonta_Nucletmycea_Fungi_Dikarya_Ascomycota_Saccharomycotina_Saccharomycetes_Saccharomycetales_Saccharomyces_cerevisiae_baker_s_yeast, Node1652*)",568,2.6891487478661616e-16,1.837175246384109,c3,branch_to_yeast
"(Eukaryota_Opisthokonta_Nucletmycea_Fungi_Dikarya_Ascomycota_Saccharomycotina_Saccharomycetes_Saccharomycetales_Saccharomyces_cerevisiae_baker_s_yeast, Node1652*)",569,2.9610622710287644,1.01655548421231,c4,branch_to_yeast
"(Eukaryota_Opisthokonta_Nucletmycea_Fungi_Dikarya_Ascomycota_Saccharomycotina_Saccharomycetes_Saccharomycetales_Saccharomyces_cerevisiae_baker_s_yeast, Node1652*)",570,3.329810638949626,1.01655548421231,c4,branch_to_yeast
"(Eukaryota_Opisthokonta_Nucletmycea_Fungi_Dikarya_Ascomycota_Saccharomycotina_Saccharomycetes_Saccharomycetales_Saccharomyces_cerevisiae_baker_s_yeast, Node1652*)",571,2.971494938007999,1.837175246384109,c3,branch_to_yeast
"(Eukaryota_Opisthokonta_Nucletmycea_Fungi_Dikarya_Ascomycota_Saccharomycotina_Saccharomycetes_Saccharomycetales_Saccharomyces_cerevisiae_baker_s_yeast, Node1652*)",572,2.971494938007999,1.837175246384109,c3,branch_to_yeast
"(Eukaryota_Opisthokonta_Nucletmycea_Fungi_Dikarya_Ascomycota_Saccharomycotina_Saccharomycetes_Saccharomycetales_Saccharomyces_cerevisiae_baker_s_yeast, Node1652*)",573,-6.15173696122231e-17,1.889559500203874,c2,branch_to_yeast
"(Eukaryota_Opisthokonta_Nucletmycea_Fungi_Dikarya_Ascomycota_Saccharomycotina_Saccharomycetes_Saccharomycetales_Saccharomyces_cerevisiae_baker_s_yeast, Node1652*)",574,2.2036494920422576,1.889559500203874,c2,branch_to_yeast
"(Eukaryota_Opisthokonta_Nucletmycea_Fungi_Dikarya_Ascomycota_Saccharomycotina_Saccharomycetes_Saccharomycetales_Saccharomyces_cerevisiae_baker_s_yeast, Node1652*)",575,-1.980015433210845e-16,1.837175246384109,c3,branch_to_yeast
"(Eukaryota_Opisthokonta_Nucletmycea_Fungi_Dikarya_Ascomycota_Saccharomycotina_Saccharomycetes_Saccharomycetales_Saccharomyces_cerevisiae_baker_s_yeast, Node1652*)",576,4.625823014795841e-18,1.889559500203874,c2,branch_to_yeast
"(Eukaryota_Opisthokonta_Nucletmycea_Fungi_Dikarya_Ascomycota_Saccharomycotina_Saccharomycetes_Saccharomycetales_Saccharomyces_cerevisiae_baker_s_yeast, Node1652*)",577,-6.646914713956073e-17,2.347597172229281,c1,branch_to_yeast
"(Eukaryota_Opisthokonta_Nucletmycea_Fungi_Dikarya_Ascomycota_Saccharomycotina_Saccharomycetes_Saccharomycetales_Saccharomyces_cerevisiae_baker_s_yeast, Node1652*)",578,-2.3277260276787376e-17,1.889559500203874,c2,branch_to_yeast
"(Eukaryota_Opisthokonta_Nucletmycea_Fungi_Dikarya_Ascomycota_Saccharomycotina_Saccharomycetes_Saccharomycetales_Saccharomyces_cerevisiae_baker_s_yeast, Node1652*)",579,-4.9045787146764864e-20,1.01655548421231,c4,branch_to_yeast
"(Eukaryota_Opisthokonta_Nucletmycea_Fungi_Dikarya_Ascomycota_Saccharomycotina_Saccharomycetes_Saccharomycetales_Saccharomyces_cerevisiae_baker_s_yeast, Node1652*)",580,5.803794228895475e-20,1.01655548421231,c4,branch_to_yeast
"(Eukaryota_Opisthokonta_Nucletmycea_Fungi_Dikarya_Ascomycota_Saccharomycotina_Saccharomycetes_Saccharomycetales_Saccharomyces_cerevisiae_baker_s_yeast, Node1652*)",581,1.5073885728540552e-20,1.01655548421231,c4,branch_to_yeast
"(Eukaryota_Opisthokonta_Nucletmycea_Fungi_Dikarya_Ascomycota_Saccharomycotina_Saccharomycetes_Saccharomycetales_Saccharomyces_cerevisiae_baker_s_yeast, Node1652*)",582,-5.1014001613067143e-20,1.01655548421231,c4,branch_to_yeast
"(Eukaryota_Opisthokonta_Nucletmycea_Fungi_Dikarya_Ascomycota_Saccharomycotina_Saccharomycetes_Saccharomycetales_Saccharomyces_cerevisiae_baker_s_yeast, Node1652*)",583,-1.0408475496482742e-21,1.01655548421231,c4,branch_to_yeast
"(Eukaryota_Opisthokonta_Nucletmycea_Fungi_Dikarya_Ascomycota_Saccharomycotina_Saccharomycetes_Saccharomycetales_Saccharomyces_cerevisiae_baker_s_yeast, Node1652*)",584,-5.408309572466687e-20,1.01655548421231,c4,branch_to_yeast
"(Eukaryota_Opisthokonta_Nucletmycea_Fungi_Dikarya_Ascomycota_Saccharomycotina_Saccharomycetes_Saccharomycetales_Saccharomyces_cerevisiae_baker_s_yeast, Node1652*)",585,1.5386409397699418e-20,1.01655548421231,c4,branch_to_yeast
"(Eukaryota_Opisthokonta_Nucletmycea_Fungi_Dikarya_Ascomycota_Saccharomycotina_Saccharomycetes_Saccharomycetales_Saccharomyces_cerevisiae_baker_s_yeast, Node1652*)",586,1.5687317858992268e-21,1.01655548421231,c4,branch_to_yeast
"(Eukaryota_Opisthokonta_Nucletmycea_Fungi_Dikarya_Ascomycota_Saccharomycotina_Saccharomycetes_Saccharomycetales_Saccharomyces_cerevisiae_baker_s_yeast, Node1652*)",587,5.741148853366587e-22,1.01655548421231,c4,branch_to_yeast
"(Eukaryota_Opisthokonta_Nucletmycea_Fungi_Dikarya_Ascomycota_Saccharomycotina_Saccharomycetes_Saccharomycetales_Saccharomyces_cerevisiae_baker_s_yeast, Node1652*)",588,1.955150808410244e-21,1.01655548421231,c4,branch_to_yeast
"(Eukaryota_Opisthokonta_Nucletmycea_Fungi_Dikarya_Ascomycota_Saccharomycotina_Saccharomycetes_Saccharomycetales_Saccharomyces_cerevisiae_baker_s_yeast, Node1652*)",589,2.443829369077501e-21,1.01655548421231,c4,branch_to_yeast
"(Eukaryota_Opisthokonta_Nucletmycea_Fungi_Dikarya_Ascomycota_Saccharomycotina_Saccharomycetes_Saccharomycetales_Saccharomyces_cerevisiae_baker_s_yeast, Node1652*)",590,2.9610622710287644,1.01655548421231,c4,branch_to_yeast
"(Eukaryota_Opisthokonta_Nucletmycea_Fungi_Dikarya_Ascomycota_Saccharomycotina_Saccharomycetes_Saccharomycetales_Saccharomyces_cerevisiae_baker_s_yeast, Node1652*)",591,2.971494938007999,1.837175246384109,c3,branch_to_yeast
"(Eukaryota_Opisthokonta_Nucletmycea_Fungi_Dikarya_Ascomycota_Saccharomycotina_Saccharomycetes_Saccharomycetales_Saccharomyces_cerevisiae_baker_s_yeast, Node1652*)",592,2.971494938007999,1.837175246384109,c3,branch_to_yeast
"(Eukaryota_Opisthokonta_Nucletmycea_Fungi_Dikarya_Ascomycota_Saccharomycotina_Saccharomycetes_Saccharomycetales_Saccharomyces_cerevisiae_baker_s_yeast, Node1652*)",593,-2.1125100232517047e-16,1.837175246384109,c3,branch_to_yeast
"(Eukaryota_Opisthokonta_Nucletmycea_Fungi_Dikarya_Ascomycota_Saccharomycotina_Saccharomycetes_Saccharomycetales_Saccharomyces_cerevisiae_baker_s_yeast, Node1652*)",594,2.971494938007999,1.837175246384109,c3,branch_to_yeast
"(Eukaryota_Opisthokonta_Nucletmycea_Fungi_Dikarya_Ascomycota_Saccharomycotina_Saccharomycetes_Saccharomycetales_Saccharomyces_cerevisiae_baker_s_yeast, Node1652*)",595,3.5667935898383146e-17,1.837175246384109,c3,branch_to_yeast
"(Eukaryota_Opisthokonta_Nucletmycea_Fungi_Dikarya_Ascomycota_Saccharomycotina_Saccharomycetes_Saccharomycetales_Saccharomyces_cerevisiae_baker_s_yeast, Node1652*)",596,9.649794005827489e-21,1.01655548421231,c4,branch_to_yeast
"(Eukaryota_Opisthokonta_Nucletmycea_Fungi_Dikarya_Ascomycota_Saccharomycotina_Saccharomycetes_Saccharomycetales_Saccharomyces_cerevisiae_baker_s_yeast, Node1652*)",597,-3.575398974057938e-21,1.01655548421231,c4,branch_to_yeast
"(Eukaryota_Opisthokonta_Nucletmycea_Fungi_Dikarya_Ascomycota_Saccharomycotina_Saccharomycetes_Saccharomycetales_Saccharomyces_cerevisiae_baker_s_yeast, Node1652*)",598,-3.56110286000019e-21,1.01655548421231,c4,branch_to_yeast
"(Eukaryota_Opisthokonta_Nucletmycea_Fungi_Dikarya_Ascomycota_Saccharomycotina_Saccharomycetes_Saccharomycetales_Saccharomyces_cerevisiae_baker_s_yeast, Node1652*)",599,-1.0228051048375292e-21,1.01655548421231,c4,branch_to_yeast
"(Eukaryota_Opisthokonta_Nucletmycea_Fungi_Dikarya_Ascomycota_Saccharomycotina_Saccharomycetes_Saccharomycetales_Saccharomyces_cerevisiae_baker_s_yeast, Node1652*)",600,1.5060077587372089e-21,1.01655548421231,c4,branch_to_yeast
"(Eukaryota_Opisthokonta_Nucletmycea_Fungi_Dikarya_Ascomycota_Saccharomycotina_Saccharomycetes_Saccharomycetales_Saccharomyces_cerevisiae_baker_s_yeast, Node1652*)",601,1.684743009748408e-23,1.01655548421231,c4,branch_to_yeast
"(Eukaryota_Opisthokonta_Nucletmycea_Fungi_Dikarya_Ascomycota_Saccharomycotina_Saccharomycetes_Saccharomycetales_Saccharomyces_cerevisiae_baker_s_yeast, Node1652*)",602,1.819948010365313e-21,1.01655548421231,c4,branch_to_yeast
"(Eukaryota_Opisthokonta_Nucletmycea_Fungi_Dikarya_Ascomycota_Saccharomycotina_Saccharomycetes_Saccharomycetales_Saccharomyces_cerevisiae_baker_s_yeast, Node1652*)",603,1.716460196370916e-21,1.01655548421231,c4,branch_to_yeast
"(Eukaryota_Opisthokonta_Nucletmycea_Fungi_Dikarya_Ascomycota_Saccharomycotina_Saccharomycetes_Saccharomycetales_Saccharomyces_cerevisiae_baker_s_yeast, Node1652*)",604,2.1511460084665756e-21,1.01655548421231,c4,branch_to_yeast
"(Eukaryota_Opisthokonta_Nucletmycea_Fungi_Dikarya_Ascomycota_Saccharomycotina_Saccharomycetes_Saccharomycetales_Saccharomyces_cerevisiae_baker_s_yeast, Node1652*)",605,3.666927482079097e-23,1.01655548421231,c4,branch_to_yeast
"(Eukaryota_Opisthokonta_Nucletmycea_Fungi_Dikarya_Ascomycota_Saccharomycotina_Saccharomycetes_Saccharomycetales_Saccharomyces_cerevisiae_baker_s_yeast, Node1652*)",606,2.0110184546945054e-21,1.01655548421231,c4,branch_to_yeast
"(Eukaryota_Opisthokonta_Nucletmycea_Fungi_Dikarya_Ascomycota_Saccharomycotina_Saccharomycetes_Saccharomycetales_Saccharomyces_cerevisiae_baker_s_yeast, Node1652*)",607,8.905112122075062e-17,1.889559500203874,c2,branch_to_yeast
"(Eukaryota_Opisthokonta_Nucletmycea_Fungi_Dikarya_Ascomycota_Saccharomycotina_Saccharomycetes_Saccharomycetales_Saccharomyces_cerevisiae_baker_s_yeast, Node1652*)",608,-1.917197553197916e-16,2.347597172229281,c1,branch_to_yeast
"(Eukaryota_Opisthokonta_Nucletmycea_Fungi_Dikarya_Ascomycota_Saccharomycotina_Saccharomycetes_Saccharomycetales_Saccharomyces_cerevisiae_baker_s_yeast, Node1652*)",609,2.586067326284109e-16,2.347597172229281,c1,branch_to_yeast
"(Eukaryota_Opisthokonta_Nucletmycea_Fungi_Dikarya_Ascomycota_Saccharomycotina_Saccharomycetes_Saccharomycetales_Saccharomyces_cerevisiae_baker_s_yeast, Node1652*)",610,5.613225753396247e-18,1.889559500203874,c2,branch_to_yeast
"(Eukaryota_Opisthokonta_Nucletmycea_Fungi_Dikarya_Ascomycota_Saccharomycotina_Saccharomycetes_Saccharomycetales_Saccharomyces_cerevisiae_baker_s_yeast, Node1652*)",611,1.4776495663585368e-17,1.837175246384109,c3,branch_to_yeast
"(Eukaryota_Opisthokonta_Nucletmycea_Fungi_Dikarya_Ascomycota_Saccharomycotina_Saccharomycetes_Saccharomycetales_Saccharomyces_cerevisiae_baker_s_yeast, Node1652*)",612,3.3459213213490626,1.889559500203874,c2,branch_to_yeast
"(Eukaryota_Opisthokonta_Nucletmycea_Fungi_Dikarya_Ascomycota_Saccharomycotina_Saccharomycetes_Saccharomycetales_Saccharomyces_cerevisiae_baker_s_yeast, Node1652*)",613,3.3477171110772046,2.347597172229281,c1,branch_to_yeast
"(Eukaryota_Opisthokonta_Nucletmycea_Fungi_Dikarya_Ascomycota_Saccharomycotina_Saccharomycetes_Saccharomycetales_Saccharomyces_cerevisiae_baker_s_yeast, Node1652*)",614,-2.1322886302685567e-16,1.889559500203874,c2,branch_to_yeast
"(Eukaryota_Opisthokonta_Nucletmycea_Fungi_Dikarya_Ascomycota_Saccharomycotina_Saccharomycetes_Saccharomycetales_Saccharomyces_cerevisiae_baker_s_yeast, Node1652*)",615,-1.754216171048717e-16,1.889559500203874,c2,branch_to_yeast
"(Eukaryota_Opisthokonta_Nucletmycea_Fungi_Dikarya_Ascomycota_Saccharomycotina_Saccharomycetes_Saccharomycetales_Saccharomyces_cerevisiae_baker_s_yeast, Node1652*)",616,2.971494938007999,1.837175246384109,c3,branch_to_yeast
"(Eukaryota_Opisthokonta_Nucletmycea_Fungi_Dikarya_Ascomycota_Saccharomycotina_Saccharomycetes_Saccharomycetales_Saccharomyces_cerevisiae_baker_s_yeast, Node1652*)",617,2.971494938007999,1.837175246384109,c3,branch_to_yeast
"(Eukaryota_Opisthokonta_Nucletmycea_Fungi_Dikarya_Ascomycota_Saccharomycotina_Saccharomycetes_Saccharomycetales_Saccharomyces_cerevisiae_baker_s_yeast, Node1652*)",618,3.329810638949626,1.01655548421231,c4,branch_to_yeast
"(Eukaryota_Opisthokonta_Nucletmycea_Fungi_Dikarya_Ascomycota_Saccharomycotina_Saccharomycetes_Saccharomycetales_Saccharomyces_cerevisiae_baker_s_yeast, Node1652*)",619,2.1967652049440844,1.01655548421231,c4,branch_to_yeast
"(Eukaryota_Opisthokonta_Nucletmycea_Fungi_Dikarya_Ascomycota_Saccharomycotina_Saccharomycetes_Saccharomycetales_Saccharomyces_cerevisiae_baker_s_yeast, Node1652*)",620,2.971494938007999,1.837175246384109,c3,branch_to_yeast
"(Eukaryota_Opisthokonta_Nucletmycea_Fungi_Dikarya_Ascomycota_Saccharomycotina_Saccharomycetes_Saccharomycetales_Saccharomyces_cerevisiae_baker_s_yeast, Node1652*)",621,2.2020190876113945,1.837175246384109,c3,branch_to_yeast
"(Eukaryota_Opisthokonta_Nucletmycea_Fungi_Dikarya_Ascomycota_Saccharomycotina_Saccharomycetes_Saccharomycetales_Saccharomyces_cerevisiae_baker_s_yeast, Node1652*)",622,2.2020190876113945,1.837175246384109,c3,branch_to_yeast
"(Eukaryota_Opisthokonta_Nucletmycea_Fungi_Dikarya_Ascomycota_Saccharomycotina_Saccharomycetes_Saccharomycetales_Saccharomyces_cerevisiae_baker_s_yeast, Node1652*)",623,2.976253267401704,2.347597172229281,c1,branch_to_yeast
"(Eukaryota_Opisthokonta_Nucletmycea_Fungi_Dikarya_Ascomycota_Saccharomycotina_Saccharomycetes_Saccharomycetales_Saccharomyces_cerevisiae_baker_s_yeast, Node1652*)",624,2.9747327073946592,1.889559500203874,c2,branch_to_yeast
"(Eukaryota_Opisthokonta_Nucletmycea_Fungi_Dikarya_Ascomycota_Saccharomycotina_Saccharomycetes_Saccharomycetales_Saccharomyces_cerevisiae_baker_s_yeast, Node1652*)",625,3.3459213213490626,1.889559500203874,c2,branch_to_yeast
"(Eukaryota_Opisthokonta_Nucletmycea_Fungi_Dikarya_Ascomycota_Saccharomycotina_Saccharomycetes_Saccharomycetales_Saccharomyces_cerevisiae_baker_s_yeast, Node1652*)",626,2.9747327073946592,1.889559500203874,c2,branch_to_yeast
"(Eukaryota_Opisthokonta_Nucletmycea_Fungi_Dikarya_Ascomycota_Saccharomycotina_Saccharomycetes_Saccharomycetales_Saccharomyces_cerevisiae_baker_s_yeast, Node1652*)",627,2.976253267401704,2.347597172229281,c1,branch_to_yeast
"(Eukaryota_Opisthokonta_Nucletmycea_Fungi_Dikarya_Ascomycota_Saccharomycotina_Saccharomycetes_Saccharomycetales_Saccharomyces_cerevisiae_baker_s_yeast, Node1652*)",628,-2.4102929034743246e-16,2.347597172229281,c1,branch_to_yeast
"(Eukaryota_Opisthokonta_Nucletmycea_Fungi_Dikarya_Ascomycota_Saccharomycotina_Saccharomycetes_Saccharomycetales_Saccharomyces_cerevisiae_baker_s_yeast, Node1652*)",629,-8.400133966416078e-17,1.837175246384109,c3,branch_to_yeast
"(Eukaryota_Opisthokonta_Nucletmycea_Fungi_Dikarya_Ascomycota_Saccharomycotina_Saccharomycetes_Saccharomycetales_Saccharomyces_cerevisiae_baker_s_yeast, Node1652*)",630,2.2020190876113945,1.837175246384109,c3,branch_to_yeast
"(Eukaryota_Opisthokonta_Nucletmycea_Fungi_Dikarya_Ascomycota_Saccharomycotina_Saccharomycetes_Saccharomycetales_Saccharomyces_cerevisiae_baker_s_yeast, Node1652*)",631,2.2036494920422576,1.889559500203874,c2,branch_to_yeast
"(Eukaryota_Opisthokonta_Nucletmycea_Fungi_Dikarya_Ascomycota_Saccharomycotina_Saccharomycetes_Saccharomycetales_Saccharomyces_cerevisiae_baker_s_yeast, Node1652*)",632,2.9747327073946592,1.889559500203874,c2,branch_to_yeast
"(Eukaryota_Opisthokonta_Nucletmycea_Fungi_Dikarya_Ascomycota_Saccharomycotina_Saccharomycetes_Saccharomycetales_Saccharomyces_cerevisiae_baker_s_yeast, Node1652*)",633,-1.9661752114367166e-16,2.347597172229281,c1,branch_to_yeast
"(Eukaryota_Opisthokonta_Nucletmycea_Fungi_Dikarya_Ascomycota_Saccharomycotina_Saccharomycetes_Saccharomycetales_Saccharomyces_cerevisiae_baker_s_yeast, Node1652*)",634,2.204415160258556,2.347597172229281,c1,branch_to_yeast
"(Eukaryota_Opisthokonta_Nucletmycea_Fungi_Dikarya_Ascomycota_Saccharomycotina_Saccharomycetes_Saccharomycetales_Saccharomyces_cerevisiae_baker_s_yeast, Node1652*)",635,2.204415160258556,2.347597172229281,c1,branch_to_yeast
"(Eukaryota_Opisthokonta_Nucletmycea_Fungi_Dikarya_Ascomycota_Saccharomycotina_Saccharomycetes_Saccharomycetales_Saccharomyces_cerevisiae_baker_s_yeast, Node1652*)",636,2.2036494920422576,1.889559500203874,c2,branch_to_yeast
"(Eukaryota_Opisthokonta_Nucletmycea_Fungi_Dikarya_Ascomycota_Saccharomycotina_Saccharomycetes_Saccharomycetales_Saccharomyces_cerevisiae_baker_s_yeast, Node1652*)",637,3.3477171110772046,2.347597172229281,c1,branch_to_yeast
"(Eukaryota_Opisthokonta_Nucletmycea_Fungi_Dikarya_Ascomycota_Saccharomycotina_Saccharomycetes_Saccharomycetales_Saccharomyces_cerevisiae_baker_s_yeast, Node1652*)",638,-3.235694173652328e-17,1.889559500203874,c2,branch_to_yeast
"(Eukaryota_Opisthokonta_Nucletmycea_Fungi_Dikarya_Ascomycota_Saccharomycotina_Saccharomycetes_Saccharomycetales_Saccharomyces_cerevisiae_baker_s_yeast, Node1652*)",639,2.976253267401704,2.347597172229281,c1,branch_to_yeast
"(Eukaryota_Opisthokonta_Nucletmycea_Fungi_Dikarya_Ascomycota_Saccharomycotina_Saccharomycetes_Saccharomycetales_Saccharomyces_cerevisiae_baker_s_yeast, Node1652*)",640,2.976253267401704,2.347597172229281,c1,branch_to_yeast
"(Eukaryota_Opisthokonta_Nucletmycea_Fungi_Dikarya_Ascomycota_Saccharomycotina_Saccharomycetes_Saccharomycetales_Saccharomyces_cerevisiae_baker_s_yeast, Node1652*)",641,2.2036494920422576,1.889559500203874,c2,branch_to_yeast
"(Eukaryota_Opisthokonta_Nucletmycea_Fungi_Dikarya_Ascomycota_Saccharomycotina_Saccharomycetes_Saccharomycetales_Saccharomyces_cerevisiae_baker_s_yeast, Node1652*)",642,2.4031849782965827e-16,1.889559500203874,c2,branch_to_yeast
"(Eukaryota_Opisthokonta_Nucletmycea_Fungi_Dikarya_Ascomycota_Saccharomycotina_Saccharomycetes_Saccharomycetales_Saccharomyces_cerevisiae_baker_s_yeast, Node1652*)",643,3.3477171110772046,2.347597172229281,c1,branch_to_yeast
"(Eukaryota_Opisthokonta_Nucletmycea_Fungi_Dikarya_Ascomycota_Saccharomycotina_Saccharomycetes_Saccharomycetales_Saccharomyces_cerevisiae_baker_s_yeast, Node1652*)",644,-5.020405650774159e-17,1.889559500203874,c2,branch_to_yeast
"(Eukaryota_Opisthokonta_Nucletmycea_Fungi_Dikarya_Ascomycota_Saccharomycotina_Saccharomycetes_Saccharomycetales_Saccharomyces_cerevisiae_baker_s_yeast, Node1652*)",645,2.2036494920422576,1.889559500203874,c2,branch_to_yeast
"(Eukaryota_Opisthokonta_Nucletmycea_Fungi_Dikarya_Ascomycota_Saccharomycotina_Saccharomycetes_Saccharomycetales_Saccharomyces_cerevisiae_baker_s_yeast, Node1652*)",646,2.204415160258556,2.347597172229281,c1,branch_to_yeast
"(Eukaryota_Opisthokonta_Nucletmycea_Fungi_Dikarya_Ascomycota_Saccharomycotina_Saccharomycetes_Saccharomycetales_Saccharomyces_cerevisiae_baker_s_yeast, Node1652*)",647,2.8069768659519673e-16,2.347597172229281,c1,branch_to_yeast
"(Eukaryota_Opisthokonta_Nucletmycea_Fungi_Dikarya_Ascomycota_Saccharomycotina_Saccharomycetes_Saccharomycetales_Saccharomyces_cerevisiae_baker_s_yeast, Node1652*)",648,2.204415160258556,2.347597172229281,c1,branch_to_yeast
"(Eukaryota_Opisthokonta_Nucletmycea_Fungi_Dikarya_Ascomycota_Saccharomycotina_Saccharomycetes_Saccharomycetales_Saccharomyces_cerevisiae_baker_s_yeast, Node1652*)",649,3.3477171110772046,2.347597172229281,c1,branch_to_yeast
"(Eukaryota_Opisthokonta_Nucletmycea_Fungi_Dikarya_Ascomycota_Saccharomycotina_Saccharomycetes_Saccharomycetales_Saccharomyces_cerevisiae_baker_s_yeast, Node1652*)",650,3.3477171110772046,2.347597172229281,c1,branch_to_yeast
"(Eukaryota_Opisthokonta_Nucletmycea_Fungi_Dikarya_Ascomycota_Saccharomycotina_Saccharomycetes_Saccharomycetales_Saccharomyces_cerevisiae_baker_s_yeast, Node1652*)",651,2.976253267401704,2.347597172229281,c1,branch_to_yeast
"(Eukaryota_Opisthokonta_Nucletmycea_Fungi_Dikarya_Ascomycota_Saccharomycotina_Saccharomycetes_Saccharomycetales_Saccharomyces_cerevisiae_baker_s_yeast, Node1652*)",652,2.204415160258556,2.347597172229281,c1,branch_to_yeast
"(Eukaryota_Opisthokonta_Nucletmycea_Fungi_Dikarya_Ascomycota_Saccharomycotina_Saccharomycetes_Saccharomycetales_Saccharomyces_cerevisiae_baker_s_yeast, Node1652*)",653,3.3477171110772046,2.347597172229281,c1,branch_to_yeast
"(Eukaryota_Opisthokonta_Nucletmycea_Fungi_Dikarya_Ascomycota_Saccharomycotina_Saccharomycetes_Saccharomycetales_Saccharomyces_cerevisiae_baker_s_yeast, Node1652*)",654,2.976253267401704,2.347597172229281,c1,branch_to_yeast
"(Eukaryota_Opisthokonta_Nucletmycea_Fungi_Dikarya_Ascomycota_Saccharomycotina_Saccharomycetes_Saccharomycetales_Saccharomyces_cerevisiae_baker_s_yeast, Node1652*)",655,2.204415160258556,2.347597172229281,c1,branch_to_yeast
"(Eukaryota_Opisthokonta_Nucletmycea_Fungi_Dikarya_Ascomycota_Saccharomycotina_Saccharomycetes_Saccharomycetales_Saccharomyces_cerevisiae_baker_s_yeast, Node1652*)",656,3.3477171110772046,2.347597172229281,c1,branch_to_yeast
"(Eukaryota_Opisthokonta_Nucletmycea_Fungi_Dikarya_Ascomycota_Saccharomycotina_Saccharomycetes_Saccharomycetales_Saccharomyces_cerevisiae_baker_s_yeast, Node1652*)",657,3.3477171110772046,2.347597172229281,c1,branch_to_yeast
"(Eukaryota_Opisthokonta_Nucletmycea_Fungi_Dikarya_Ascomycota_Saccharomycotina_Saccharomycetes_Saccharomycetales_Saccharomyces_cerevisiae_baker_s_yeast, Node1652*)",658,2.204415160258556,2.347597172229281,c1,branch_to_yeast
"(Eukaryota_Opisthokonta_Nucletmycea_Fungi_Dikarya_Ascomycota_Saccharomycotina_Saccharomycetes_Saccharomycetales_Saccharomyces_cerevisiae_baker_s_yeast, Node1652*)",659,3.3477171110772046,2.347597172229281,c1,branch_to_yeast
"(Eukaryota_Opisthokonta_Nucletmycea_Fungi_Dikarya_Ascomycota_Saccharomycotina_Saccharomycetes_Saccharomycetales_Saccharomyces_cerevisiae_baker_s_yeast, Node1652*)",660,2.204415160258556,2.347597172229281,c1,branch_to_yeast
"(Eukaryota_Opisthokonta_Nucletmycea_Fungi_Dikarya_Ascomycota_Saccharomycotina_Saccharomycetes_Saccharomycetales_Saccharomyces_cerevisiae_baker_s_yeast, Node1652*)",661,2.204415160258556,2.347597172229281,c1,branch_to_yeast
"(Eukaryota_Opisthokonta_Nucletmycea_Fungi_Dikarya_Ascomycota_Saccharomycotina_Saccharomycetes_Saccharomycetales_Saccharomyces_cerevisiae_baker_s_yeast, Node1652*)",662,-1.802853169200866e-16,2.347597172229281,c1,branch_to_yeast
"(Eukaryota_Opisthokonta_Nucletmycea_Fungi_Dikarya_Ascomycota_Saccharomycotina_Saccharomycetes_Saccharomycetales_Saccharomyces_cerevisiae_baker_s_yeast, Node1652*)",663,2.976253267401704,2.347597172229281,c1,branch_to_yeast
"(Eukaryota_Opisthokonta_Nucletmycea_Fungi_Dikarya_Ascomycota_Saccharomycotina_Saccharomycetes_Saccharomycetales_Saccharomyces_cerevisiae_baker_s_yeast, Node1652*)",664,2.976253267401704,2.347597172229281,c1,branch_to_yeast
"(Eukaryota_Opisthokonta_Nucletmycea_Fungi_Dikarya_Ascomycota_Saccharomycotina_Saccharomycetes_Saccharomycetales_Saccharomyces_cerevisiae_baker_s_yeast, Node1652*)",665,-2.1211990773079832e-16,1.889559500203874,c2,branch_to_yeast
"(Eukaryota_Opisthokonta_Nucletmycea_Fungi_Dikarya_Ascomycota_Saccharomycotina_Saccharomycetes_Saccharomycetales_Saccharomyces_cerevisiae_baker_s_yeast, Node1652*)",666,2.275460812698455e-16,2.347597172229281,c1,branch_to_yeast
"(Eukaryota_Opisthokonta_Nucletmycea_Fungi_Dikarya_Ascomycota_Saccharomycotina_Saccharomycetes_Saccharomycetales_Saccharomyces_cerevisiae_baker_s_yeast, Node1652*)",667,3.3477171110772046,2.347597172229281,c1,branch_to_yeast
"(Eukaryota_Opisthokonta_Nucletmycea_Fungi_Dikarya_Ascomycota_Saccharomycotina_Saccharomycetes_Saccharomycetales_Saccharomyces_cerevisiae_baker_s_yeast, Node1652*)",668,3.3459213213490626,1.889559500203874,c2,branch_to_yeast
"(Eukaryota_Opisthokonta_Nucletmycea_Fungi_Dikarya_Ascomycota_Saccharomycotina_Saccharomycetes_Saccharomycetales_Saccharomyces_cerevisiae_baker_s_yeast, Node1652*)",669,2.9747327073946592,1.889559500203874,c2,branch_to_yeast
"(Eukaryota_Opisthokonta_Nucletmycea_Fungi_Dikarya_Ascomycota_Saccharomycotina_Saccharomycetes_Saccharomycetales_Saccharomyces_cerevisiae_baker_s_yeast, Node1652*)",670,2.2036494920422576,1.889559500203874,c2,branch_to_yeast
"(Eukaryota_Opisthokonta_Nucletmycea_Fungi_Dikarya_Ascomycota_Saccharomycotina_Saccharomycetes_Saccharomycetales_Saccharomyces_cerevisiae_baker_s_yeast, Node1652*)",671,3.3459213213490626,1.889559500203874,c2,branch_to_yeast
"(Eukaryota_Opisthokonta_Nucletmycea_Fungi_Dikarya_Ascomycota_Saccharomycotina_Saccharomycetes_Saccharomycetales_Saccharomyces_cerevisiae_baker_s_yeast, Node1652*)",672,-1.5656879063979735e-16,1.889559500203874,c2,branch_to_yeast
"(Eukaryota_Opisthokonta_Nucletmycea_Fungi_Dikarya_Ascomycota_Saccharomycotina_Saccharomycetes_Saccharomycetales_Saccharomyces_cerevisiae_baker_s_yeast, Node1652*)",673,3.3459213213490626,1.889559500203874,c2,branch_to_yeast
"(Eukaryota_Opisthokonta_Nucletmycea_Fungi_Dikarya_Ascomycota_Saccharomycotina_Saccharomycetes_Saccharomycetales_Saccharomyces_cerevisiae_baker_s_yeast, Node1652*)",674,3.3459213213490626,1.889559500203874,c2,branch_to_yeast
"(Eukaryota_Opisthokonta_Nucletmycea_Fungi_Dikarya_Ascomycota_Saccharomycotina_Saccharomycetes_Saccharomycetales_Saccharomyces_cerevisiae_baker_s_yeast, Node1652*)",675,2.971494938007999,1.837175246384109,c3,branch_to_yeast
"(Eukaryota_Opisthokonta_Nucletmycea_Fungi_Dikarya_Ascomycota_Saccharomycotina_Saccharomycetes_Saccharomycetales_Saccharomyces_cerevisiae_baker_s_yeast, Node1652*)",676,2.976253267401704,2.347597172229281,c1,branch_to_yeast
"(Eukaryota_Opisthokonta_Nucletmycea_Fungi_Dikarya_Ascomycota_Saccharomycotina_Saccharomycetes_Saccharomycetales_Saccharomyces_cerevisiae_baker_s_yeast, Node1652*)",677,2.5204102445732243e-16,1.837175246384109,c3,branch_to_yeast
"(Eukaryota_Opisthokonta_Nucletmycea_Fungi_Dikarya_Ascomycota_Saccharomycotina_Saccharomycetes_Saccharomycetales_Saccharomyces_cerevisiae_baker_s_yeast, Node1652*)",678,2.976253267401704,2.347597172229281,c1,branch_to_yeast
"(Eukaryota_Opisthokonta_Nucletmycea_Fungi_Dikarya_Ascomycota_Saccharomycotina_Saccharomycetes_Saccharomycetales_Saccharomyces_cerevisiae_baker_s_yeast, Node1652*)",679,2.204415160258556,2.347597172229281,c1,branch_to_yeast
"(Eukaryota_Opisthokonta_Nucletmycea_Fungi_Dikarya_Ascomycota_Saccharomycotina_Saccharomycetes_Saccharomycetales_Saccharomyces_cerevisiae_baker_s_yeast, Node1652*)",680,3.3477171110772046,2.347597172229281,c1,branch_to_yeast
"(Eukaryota_Opisthokonta_Nucletmycea_Fungi_Dikarya_Ascomycota_Saccharomycotina_Saccharomycetes_Saccharomycetales_Saccharomyces_cerevisiae_baker_s_yeast, Node1652*)",681,2.204415160258556,2.347597172229281,c1,branch_to_yeast
"(Eukaryota_Opisthokonta_Nucletmycea_Fungi_Dikarya_Ascomycota_Saccharomycotina_Saccharomycetes_Saccharomycetales_Saccharomyces_cerevisiae_baker_s_yeast, Node1652*)",682,7.532041206920595e-17,2.347597172229281,c1,branch_to_yeast
"(Eukaryota_Opisthokonta_Nucletmycea_Fungi_Dikarya_Ascomycota_Saccharomycotina_Saccharomycetes_Saccharomycetales_Saccharomyces_cerevisiae_baker_s_yeast, Node1652*)",683,2.976253267401704,2.347597172229281,c1,branch_to_yeast
"(Eukaryota_Opisthokonta_Nucletmycea_Fungi_Dikarya_Ascomycota_Saccharomycotina_Saccharomycetes_Saccharomycetales_Saccharomyces_cerevisiae_baker_s_yeast, Node1652*)",684,-2.015327416973481e-16,1.889559500203874,c2,branch_to_yeast
"(Eukaryota_Opisthokonta_Nucletmycea_Fungi_Dikarya_Ascomycota_Saccharomycotina_Saccharomycetes_Saccharomycetales_Saccharomyces_cerevisiae_baker_s_yeast, Node1652*)",685,2.9747327073946592,1.889559500203874,c2,branch_to_yeast
"(Eukaryota_Opisthokonta_Nucletmycea_Fungi_Dikarya_Ascomycota_Saccharomycotina_Saccharomycetes_Saccharomycetales_Saccharomyces_cerevisiae_baker_s_yeast, Node1652*)",686,-2.1340779984133446e-16,1.889559500203874,c2,branch_to_yeast
"(Eukaryota_Opisthokonta_Nucletmycea_Fungi_Dikarya_Ascomycota_Saccharomycotina_Saccharomycetes_Saccharomycetales_Saccharomyces_cerevisiae_baker_s_yeast, Node1652*)",687,-2.319579516256523e-16,2.347597172229281,c1,branch_to_yeast
"(Eukaryota_Opisthokonta_Nucletmycea_Fungi_Dikarya_Ascomycota_Saccharomycotina_Saccharomycetes_Saccharomycetales_Saccharomyces_cerevisiae_baker_s_yeast, Node1652*)",688,2.9747327073946592,1.889559500203874,c2,branch_to_yeast
"(Eukaryota_Opisthokonta_Nucletmycea_Fungi_Dikarya_Ascomycota_Saccharomycotina_Saccharomycetes_Saccharomycetales_Saccharomyces_cerevisiae_baker_s_yeast, Node1652*)",689,2.9747327073946592,1.889559500203874,c2,branch_to_yeast
"(Eukaryota_Opisthokonta_Nucletmycea_Fungi_Dikarya_Ascomycota_Saccharomycotina_Saccharomycetes_Saccharomycetales_Saccharomyces_cerevisiae_baker_s_yeast, Node1652*)",690,2.976253267401704,2.347597172229281,c1,branch_to_yeast
"(Eukaryota_Opisthokonta_Nucletmycea_Fungi_Dikarya_Ascomycota_Saccharomycotina_Saccharomycetes_Saccharomycetales_Saccharomyces_cerevisiae_baker_s_yeast, Node1652*)",691,2.2020190876113945,1.837175246384109,c3,branch_to_yeast
"(Eukaryota_Opisthokonta_Nucletmycea_Fungi_Dikarya_Ascomycota_Saccharomycotina_Saccharomycetes_Saccharomycetales_Saccharomyces_cerevisiae_baker_s_yeast, Node1652*)",692,-2.3557696535864326e-16,2.347597172229281,c1,branch_to_yeast
"(Eukaryota_Opisthokonta_Nucletmycea_Fungi_Dikarya_Ascomycota_Saccharomycotina_Saccharomycetes_Saccharomycetales_Saccharomyces_cerevisiae_baker_s_yeast, Node1652*)",693,-1.8335327341723075e-16,1.889559500203874,c2,branch_to_yeast
"(Eukaryota_Opisthokonta_Nucletmycea_Fungi_Dikarya_Ascomycota_Saccharomycotina_Saccharomycetes_Saccharomycetales_Saccharomyces_cerevisiae_baker_s_yeast, Node1652*)",694,2.204415160258556,2.347597172229281,c1,branch_to_yeast
"(Eukaryota_Opisthokonta_Nucletmycea_Fungi_Dikarya_Ascomycota_Saccharomycotina_Saccharomycetes_Saccharomycetales_Saccharomyces_cerevisiae_baker_s_yeast, Node1652*)",695,-2.1589866033618095e-16,1.889559500203874,c2,branch_to_yeast
"(Eukaryota_Opisthokonta_Nucletmycea_Fungi_Dikarya_Ascomycota_Saccharomycotina_Saccharomycetes_Saccharomycetales_Saccharomyces_cerevisiae_baker_s_yeast, Node1652*)",696,-1.9013176098599424e-16,2.347597172229281,c1,branch_to_yeast
"(Eukaryota_Opisthokonta_Nucletmycea_Fungi_Dikarya_Ascomycota_Saccharomycotina_Saccharomycetes_Saccharomycetales_Saccharomyces_cerevisiae_baker_s_yeast, Node1652*)",697,2.204415160258556,2.347597172229281,c1,branch_to_yeast
"(Eukaryota_Opisthokonta_Nucletmycea_Fungi_Dikarya_Ascomycota_Saccharomycotina_Saccharomycetes_Saccharomycetales_Saccharomyces_cerevisiae_baker_s_yeast, Node1652*)",698,3.3477171110772046,2.347597172229281,c1,branch_to_yeast
"(Eukaryota_Opisthokonta_Nucletmycea_Fungi_Dikarya_Ascomycota_Saccharomycotina_Saccharomycetes_Saccharomycetales_Saccharomyces_cerevisiae_baker_s_yeast, Node1652*)",699,2.976253267401704,2.347597172229281,c1,branch_to_yeast
"(Eukaryota_Opisthokonta_Nucletmycea_Fungi_Dikarya_Ascomycota_Saccharomycotina_Saccharomycetes_Saccharomycetales_Saccharomyces_cerevisiae_baker_s_yeast, Node1652*)",700,2.204415160258556,2.347597172229281,c1,branch_to_yeast
"(Eukaryota_Opisthokonta_Nucletmycea_Fungi_Dikarya_Ascomycota_Saccharomycotina_Saccharomycetes_Saccharomycetales_Saccharomyces_cerevisiae_baker_s_yeast, Node1652*)",701,-1.8957966731656198e-16,2.347597172229281,c1,branch_to_yeast
"(Eukaryota_Opisthokonta_Nucletmycea_Fungi_Dikarya_Ascomycota_Saccharomycotina_Saccharomycetes_Saccharomycetales_Saccharomyces_cerevisiae_baker_s_yeast, Node1652*)",702,-1.9013176098599424e-16,2.347597172229281,c1,branch_to_yeast
"(Eukaryota_Opisthokonta_Nucletmycea_Fungi_Dikarya_Ascomycota_Saccharomycotina_Saccharomycetes_Saccharomycetales_Saccharomyces_cerevisiae_baker_s_yeast, Node1652*)",703,2.976253267401704,2.347597172229281,c1,branch_to_yeast
"(Eukaryota_Opisthokonta_Nucletmycea_Fungi_Dikarya_Ascomycota_Saccharomycotina_Saccharomycetes_Saccharomycetales_Saccharomyces_cerevisiae_baker_s_yeast, Node1652*)",704,2.976253267401704,2.347597172229281,c1,branch_to_yeast
"(Eukaryota_Opisthokonta_Nucletmycea_Fungi_Dikarya_Ascomycota_Saccharomycotina_Saccharomycetes_Saccharomycetales_Saccharomyces_cerevisiae_baker_s_yeast, Node1652*)",705,2.976253267401704,2.347597172229281,c1,branch_to_yeast
"(Eukaryota_Opisthokonta_Nucletmycea_Fungi_Dikarya_Ascomycota_Saccharomycotina_Saccharomycetes_Saccharomycetales_Saccharomyces_cerevisiae_baker_s_yeast, Node1652*)",706,2.976253267401704,2.347597172229281,c1,branch_to_yeast
"(Eukaryota_Opisthokonta_Nucletmycea_Fungi_Dikarya_Ascomycota_Saccharomycotina_Saccharomycetes_Saccharomycetales_Saccharomyces_cerevisiae_baker_s_yeast, Node1652*)",707,2.971494938007999,1.837175246384109,c3,branch_to_yeast
"(Eukaryota_Opisthokonta_Nucletmycea_Fungi_Dikarya_Ascomycota_Saccharomycotina_Saccharomycetes_Saccharomycetales_Saccharomyces_cerevisiae_baker_s_yeast, Node1652*)",708,2.204415160258556,2.347597172229281,c1,branch_to_yeast
"(Eukaryota_Opisthokonta_Nucletmycea_Fungi_Dikarya_Ascomycota_Saccharomycotina_Saccharomycetes_Saccharomycetales_Saccharomyces_cerevisiae_baker_s_yeast, Node1652*)",709,3.3459213213490626,1.889559500203874,c2,branch_to_yeast
"(Eukaryota_Opisthokonta_Nucletmycea_Fungi_Dikarya_Ascomycota_Saccharomycotina_Saccharomycetes_Saccharomycetales_Saccharomyces_cerevisiae_baker_s_yeast, Node1652*)",710,-1.4924996343765182e-16,1.837175246384109,c3,branch_to_yeast
"(Eukaryota_Opisthokonta_Nucletmycea_Fungi_Dikarya_Ascomycota_Saccharomycotina_Saccharomycetes_Saccharomycetales_Saccharomyces_cerevisiae_baker_s_yeast, Node1652*)",711,3.3421000322333803,1.837175246384109,c3,branch_to_yeast
"(Eukaryota_Opisthokonta_Nucletmycea_Fungi_Dikarya_Ascomycota_Saccharomycotina_Saccharomycetes_Saccharomycetales_Saccharomyces_cerevisiae_baker_s_yeast, Node1652*)",712,2.204415160258556,2.347597172229281,c1,branch_to_yeast
"(Eukaryota_Opisthokonta_Nucletmycea_Fungi_Dikarya_Ascomycota_Saccharomycotina_Saccharomycetes_Saccharomycetales_Saccharomyces_cerevisiae_baker_s_yeast, Node1652*)",713,1.8361453303495847e-16,1.889559500203874,c2,branch_to_yeast
"(Eukaryota_Opisthokonta_Nucletmycea_Fungi_Dikarya_Ascomycota_Saccharomycotina_Saccharomycetes_Saccharomycetales_Saccharomyces_cerevisiae_baker_s_yeast, Node1652*)",714,2.976253267401704,2.347597172229281,c1,branch_to_yeast
"(Eukaryota_Opisthokonta_Nucletmycea_Fungi_Dikarya_Ascomycota_Saccharomycotina_Saccharomycetes_Saccharomycetales_Saccharomyces_cerevisiae_baker_s_yeast, Node1652*)",715,2.204415160258556,2.347597172229281,c1,branch_to_yeast
"(Eukaryota_Opisthokonta_Nucletmycea_Fungi_Dikarya_Ascomycota_Saccharomycotina_Saccharomycetes_Saccharomycetales_Saccharomyces_cerevisiae_baker_s_yeast, Node1652*)",716,3.2857096814816924e-16,2.347597172229281,c1,branch_to_yeast
"(Eukaryota_Opisthokonta_Nucletmycea_Fungi_Dikarya_Ascomycota_Saccharomycotina_Saccharomycetes_Saccharomycetales_Saccharomyces_cerevisiae_baker_s_yeast, Node1652*)",717,-1.1934216611033663e-16,1.837175246384109,c3,branch_to_yeast
"(Eukaryota_Opisthokonta_Nucletmycea_Fungi_Dikarya_Ascomycota_Saccharomycotina_Saccharomycetes_Saccharomycetales_Saccharomyces_cerevisiae_baker_s_yeast, Node1652*)",718,2.2036494920422576,1.889559500203874,c2,branch_to_yeast
"(Eukaryota_Opisthokonta_Nucletmycea_Fungi_Dikarya_Ascomycota_Saccharomycotina_Saccharomycetes_Saccharomycetales_Saccharomyces_cerevisiae_baker_s_yeast, Node1652*)",719,2.971494938007999,1.837175246384109,c3,branch_to_yeast
"(Eukaryota_Opisthokonta_Nucletmycea_Fungi_Dikarya_Ascomycota_Saccharomycotina_Saccharomycetes_Saccharomycetales_Saccharomyces_cerevisiae_baker_s_yeast, Node1652*)",720,2.9747327073946592,1.889559500203874,c2,branch_to_yeast
"(Eukaryota_Opisthokonta_Nucletmycea_Fungi_Dikarya_Ascomycota_Saccharomycotina_Saccharomycetes_Saccharomycetales_Saccharomyces_cerevisiae_baker_s_yeast, Node1652*)",721,3.3421000322333803,1.837175246384109,c3,branch_to_yeast
"(Eukaryota_Opisthokonta_Nucletmycea_Fungi_Dikarya_Ascomycota_Saccharomycotina_Saccharomycetes_Saccharomycetales_Saccharomyces_cerevisiae_baker_s_yeast, Node1652*)",722,-2.235697227373901e-16,1.837175246384109,c3,branch_to_yeast
"(Eukaryota_Opisthokonta_Nucletmycea_Fungi_Dikarya_Ascomycota_Saccharomycotina_Saccharomycetes_Saccharomycetales_Saccharomyces_cerevisiae_baker_s_yeast, Node1652*)",723,3.059464373069303e-16,1.889559500203874,c2,branch_to_yeast
"(Eukaryota_Opisthokonta_Nucletmycea_Fungi_Dikarya_Ascomycota_Saccharomycotina_Saccharomycetes_Saccharomycetales_Saccharomyces_cerevisiae_baker_s_yeast, Node1652*)",724,-1.4005554185920207e-16,1.01655548421231,c4,branch_to_yeast
"(Eukaryota_Opisthokonta_Nucletmycea_Fungi_Dikarya_Ascomycota_Saccharomycotina_Saccharomycetes_Saccharomycetales_Saccharomyces_cerevisiae_baker_s_yeast, Node1652*)",725,2.2036494920422576,1.889559500203874,c2,branch_to_yeast
"(Eukaryota_Opisthokonta_Nucletmycea_Fungi_Dikarya_Ascomycota_Saccharomycotina_Saccharomycetes_Saccharomycetales_Saccharomyces_cerevisiae_baker_s_yeast, Node1652*)",726,2.1967652049440844,1.01655548421231,c4,branch_to_yeast
"(Eukaryota_Opisthokonta_Nucletmycea_Fungi_Dikarya_Ascomycota_Saccharomycotina_Saccharomycetes_Saccharomycetales_Saccharomyces_cerevisiae_baker_s_yeast, Node1652*)",727,2.1967652049440844,1.01655548421231,c4,branch_to_yeast
"(Eukaryota_Opisthokonta_Nucletmycea_Fungi_Dikarya_Ascomycota_Saccharomycotina_Saccharomycetes_Saccharomycetales_Saccharomyces_cerevisiae_baker_s_yeast, Node1652*)",728,3.3298106389496254,1.01655548421231,c4,branch_to_yeast
"(Eukaryota_Opisthokonta_Nucletmycea_Fungi_Dikarya_Ascomycota_Saccharomycotina_Saccharomycetes_Saccharomycetales_Saccharomyces_cerevisiae_baker_s_yeast, Node1652*)",729,3.329810638198276,1.01655548421231,c4,branch_to_yeast
"(Eukaryota_Opisthokonta_Nucletmycea_Fungi_Dikarya_Ascomycota_Saccharomycotina_Saccharomycetes_Saccharomycetales_Saccharomyces_cerevisiae_baker_s_yeast, Node1652*)",730,3.3298105338877666,1.01655548421231,c4,branch_to_yeast
"(Eukaryota_Opisthokonta_Nucletmycea_Fungi_Dikarya_Ascomycota_Saccharomycotina_Saccharomycetes_Saccharomycetales_Saccharomyces_cerevisiae_baker_s_yeast, Node1652*)",731,2.2020190876113945,1.837175246384109,c3,branch_to_yeast
"(Eukaryota_Opisthokonta_Nucletmycea_Fungi_Dikarya_Ascomycota_Saccharomycotina_Saccharomycetes_Saccharomycetales_Saccharomyces_cerevisiae_baker_s_yeast, Node1652*)",732,2.7901616545238007e-16,1.889559500203874,c2,branch_to_yeast
"(Eukaryota_Opisthokonta_Nucletmycea_Fungi_Dikarya_Ascomycota_Saccharomycotina_Saccharomycetes_Saccharomycetales_Saccharomyces_cerevisiae_baker_s_yeast, Node1652*)",733,2.2036494920422576,1.889559500203874,c2,branch_to_yeast
"(Eukaryota_Opisthokonta_Nucletmycea_Fungi_Dikarya_Ascomycota_Saccharomycotina_Saccharomycetes_Saccharomycetales_Saccharomyces_cerevisiae_baker_s_yeast, Node1652*)",734,-1.7668320599489267e-16,1.889559500203874,c2,branch_to_yeast
"(Eukaryota_Opisthokonta_Nucletmycea_Fungi_Dikarya_Ascomycota_Saccharomycotina_Saccharomycetes_Saccharomycetales_Saccharomyces_cerevisiae_baker_s_yeast, Node1652*)",735,-2.4158572756563646e-16,1.889559500203874,c2,branch_to_yeast
"(Eukaryota_Opisthokonta_Nucletmycea_Fungi_Dikarya_Ascomycota_Saccharomycotina_Saccharomycetes_Saccharomycetales_Saccharomyces_cerevisiae_baker_s_yeast, Node1652*)",736,2.2020190876113945,1.837175246384109,c3,branch_to_yeast
"(Eukaryota_Opisthokonta_Nucletmycea_Fungi_Dikarya_Ascomycota_Saccharomycotina_Saccharomycetes_Saccharomycetales_Saccharomyces_cerevisiae_baker_s_yeast, Node1652*)",737,2.1967652049440844,1.01655548421231,c4,branch_to_yeast
"(Eukaryota_Opisthokonta_Nucletmycea_Fungi_Dikarya_Ascomycota_Saccharomycotina_Saccharomycetes_Saccharomycetales_Saccharomyces_cerevisiae_baker_s_yeast, Node1652*)",738,3.3421000322333803,1.837175246384109,c3,branch_to_yeast
"(Eukaryota_Opisthokonta_Nucletmycea_Fungi_Dikarya_Ascomycota_Saccharomycotina_Saccharomycetes_Saccharomycetales_Saccharomyces_cerevisiae_baker_s_yeast, Node1652*)",739,3.3015748358386467,1.01655548421231,c4,branch_to_yeast
"(Eukaryota_Opisthokonta_Nucletmycea_Fungi_Dikarya_Ascomycota_Saccharomycotina_Saccharomycetes_Saccharomycetales_Saccharomyces_cerevisiae_baker_s_yeast, Node1652*)",740,2.2020190876113945,1.837175246384109,c3,branch_to_yeast
"(Eukaryota_Opisthokonta_Nucletmycea_Fungi_Dikarya_Ascomycota_Saccharomycotina_Saccharomycetes_Saccharomycetales_Saccharomyces_cerevisiae_baker_s_yeast, Node1652*)",741,2.2036494920422576,1.889559500203874,c2,branch_to_yeast
"(Eukaryota_Opisthokonta_Nucletmycea_Fungi_Dikarya_Ascomycota_Saccharomycotina_Saccharomycetes_Saccharomycetales_Saccharomyces_cerevisiae_baker_s_yeast, Node1652*)",742,-2.3659591014909667e-16,2.347597172229281,c1,branch_to_yeast
"(Eukaryota_Opisthokonta_Nucletmycea_Fungi_Dikarya_Ascomycota_Saccharomycotina_Saccharomycetes_Saccharomycetales_Saccharomyces_cerevisiae_baker_s_yeast, Node1652*)",743,-5.352244447589336e-18,1.837175246384109,c3,branch_to_yeast
"(Eukaryota_Opisthokonta_Nucletmycea_Fungi_Dikarya_Ascomycota_Saccharomycotina_Saccharomycetes_Saccharomycetales_Saccharomyces_cerevisiae_baker_s_yeast, Node1652*)",744,3.356278253864662e-16,2.347597172229281,c1,branch_to_yeast
"(Eukaryota_Opisthokonta_Nucletmycea_Fungi_Dikarya_Ascomycota_Saccharomycotina_Saccharomycetes_Saccharomycetales_Saccharomyces_cerevisiae_baker_s_yeast, Node1652*)",745,-2.4811559699750293e-16,2.347597172229281,c1,branch_to_yeast
"(Eukaryota_Opisthokonta_Nucletmycea_Fungi_Dikarya_Ascomycota_Saccharomycotina_Saccharomycetes_Saccharomycetales_Saccharomyces_cerevisiae_baker_s_yeast, Node1652*)",746,3.193927603981798e-16,2.347597172229281,c1,branch_to_yeast
"(Eukaryota_Opisthokonta_Nucletmycea_Fungi_Dikarya_Ascomycota_Saccharomycotina_Saccharomycetes_Saccharomycetales_Saccharomyces_cerevisiae_baker_s_yeast, Node1652*)",747,-6.370057597374373e-17,1.837175246384109,c3,branch_to_yeast
"(Eukaryota_Opisthokonta_Nucletmycea_Fungi_Dikarya_Ascomycota_Saccharomycotina_Saccharomycetes_Saccharomycetales_Saccharomyces_cerevisiae_baker_s_yeast, Node1652*)",748,3.3421000322333803,1.837175246384109,c3,branch_to_yeast
"(Eukaryota_Opisthokonta_Nucletmycea_Fungi_Dikarya_Ascomycota_Saccharomycotina_Saccharomycetes_Saccharomycetales_Saccharomyces_cerevisiae_baker_s_yeast, Node1652*)",749,3.3421000322333803,1.837175246384109,c3,branch_to_yeast
"(Eukaryota_Opisthokonta_Nucletmycea_Fungi_Dikarya_Ascomycota_Saccharomycotina_Saccharomycetes_Saccharomycetales_Saccharomyces_cerevisiae_baker_s_yeast, Node1652*)",750,2.2020190876113945,1.837175246384109,c3,branch_to_yeast
"(Eukaryota_Opisthokonta_Nucletmycea_Fungi_Dikarya_Ascomycota_Saccharomycotina_Saccharomycetes_Saccharomycetales_Saccharomyces_cerevisiae_baker_s_yeast, Node1652*)",751,2.9610622710287644,1.01655548421231,c4,branch_to_yeast
"(Eukaryota_Opisthokonta_Nucletmycea_Fungi_Dikarya_Ascomycota_Saccharomycotina_Saccharomycetes_Saccharomycetales_Saccharomyces_cerevisiae_baker_s_yeast, Node1652*)",752,-2.0295186811403243e-16,1.01655548421231,c4,branch_to_yeast
"(Eukaryota_Opisthokonta_Nucletmycea_Fungi_Dikarya_Ascomycota_Saccharomycotina_Saccharomycetes_Saccharomycetales_Saccharomyces_cerevisiae_baker_s_yeast, Node1652*)",753,-1.0928966112827664e-16,1.01655548421231,c4,branch_to_yeast
"(Eukaryota_Opisthokonta_Nucletmycea_Fungi_Dikarya_Ascomycota_Saccharomycotina_Saccharomycetes_Saccharomycetales_Saccharomyces_cerevisiae_baker_s_yeast, Node1652*)",754,-2.5185226171865854e-16,2.347597172229281,c1,branch_to_yeast
"(Eukaryota_Opisthokonta_Nucletmycea_Fungi_Dikarya_Ascomycota_Saccharomycotina_Saccharomycetes_Saccharomycetales_Saccharomyces_cerevisiae_baker_s_yeast, Node1652*)",755,-2.3745434069757294e-16,2.347597172229281,c1,branch_to_yeast
"(Eukaryota_Opisthokonta_Nucletmycea_Fungi_Dikarya_Ascomycota_Saccharomycotina_Saccharomycetes_Saccharomycetales_Saccharomyces_cerevisiae_baker_s_yeast, Node1652*)",756,-2.465464582379725e-16,1.889559500203874,c2,branch_to_yeast
"(Eukaryota_Opisthokonta_Nucletmycea_Fungi_Dikarya_Ascomycota_Saccharomycotina_Saccharomycetes_Saccharomycetales_Saccharomyces_cerevisiae_baker_s_yeast, Node1652*)",757,3.3907426220922605e-16,1.837175246384109,c3,branch_to_yeast
"(Eukaryota_Opisthokonta_Nucletmycea_Fungi_Dikarya_Ascomycota_Saccharomycotina_Saccharomycetes_Saccharomycetales_Saccharomyces_cerevisiae_baker_s_yeast, Node1652*)",758,3.410450410750377e-16,2.347597172229281,c1,branch_to_yeast
"(Eukaryota_Opisthokonta_Nucletmycea_Fungi_Dikarya_Ascomycota_Saccharomycotina_Saccharomycetes_Saccharomycetales_Saccharomyces_cerevisiae_baker_s_yeast, Node1652*)",759,-2.409809053298303e-16,2.347597172229281,c1,branch_to_yeast
"(Eukaryota_Opisthokonta_Nucletmycea_Fungi_Dikarya_Ascomycota_Saccharomycotina_Saccharomycetes_Saccharomycetales_Saccharomyces_cerevisiae_baker_s_yeast, Node1652*)",760,-1.0425030736634127e-16,2.347597172229281,c1,branch_to_yeast
"(Eukaryota_Opisthokonta_Nucletmycea_Fungi_Dikarya_Ascomycota_Saccharomycotina_Saccharomycetes_Saccharomycetales_Saccharomyces_cerevisiae_baker_s_yeast, Node1652*)",761,-1.5233621179935955e-16,1.01655548421231,c4,branch_to_yeast
"(Eukaryota_Opisthokonta_Nucletmycea_Fungi_Dikarya_Ascomycota_Saccharomycotina_Saccharomycetes_Saccharomycetales_Saccharomyces_cerevisiae_baker_s_yeast, Node1652*)",762,-2.464742800556771e-16,1.01655548421231,c4,branch_to_yeast
"(Eukaryota_Opisthokonta_Nucletmycea_Fungi_Dikarya_Ascomycota_Saccharomycotina_Saccharomycetes_Saccharomycetales_Saccharomyces_cerevisiae_baker_s_yeast, Node1652*)",763,-2.1520861177717203e-16,1.01655548421231,c4,branch_to_yeast
"(Eukaryota_Opisthokonta_Nucletmycea_Fungi_Dikarya_Ascomycota_Saccharomycotina_Saccharomycetes_Saccharomycetales_Saccharomyces_cerevisiae_baker_s_yeast, Node1652*)",764,3.3421000322333803,1.837175246384109,c3,branch_to_yeast
"(Eukaryota_Opisthokonta_Nucletmycea_Fungi_Dikarya_Ascomycota_Saccharomycotina_Saccharomycetes_Saccharomycetales_Saccharomyces_cerevisiae_baker_s_yeast, Node1652*)",765,2.2020190876113945,1.837175246384109,c3,branch_to_yeast
"(Eukaryota_Opisthokonta_Nucletmycea_Fungi_Dikarya_Ascomycota_Saccharomycotina_Saccharomycetes_Saccharomycetales_Saccharomyces_cerevisiae_baker_s_yeast, Node1652*)",766,-9.25550726847472e-17,1.837175246384109,c3,branch_to_yeast
"(Eukaryota_Opisthokonta_Nucletmycea_Fungi_Dikarya_Ascomycota_Saccharomycotina_Saccharomycetes_Saccharomycetales_Saccharomyces_cerevisiae_baker_s_yeast, Node1652*)",767,2.2020190876113945,1.837175246384109,c3,branch_to_yeast
"(Eukaryota_Opisthokonta_Nucletmycea_Fungi_Dikarya_Ascomycota_Saccharomycotina_Saccharomycetes_Saccharomycetales_Saccharomyces_cerevisiae_baker_s_yeast, Node1652*)",768,-1.8001760229514638e-16,1.01655548421231,c4,branch_to_yeast
"(Eukaryota_Opisthokonta_Nucletmycea_Fungi_Dikarya_Ascomycota_Saccharomycotina_Saccharomycetes_Saccharomycetales_Saccharomyces_cerevisiae_baker_s_yeast, Node1652*)",769,-9.678480911943066e-17,1.837175246384109,c3,branch_to_yeast
"(Eukaryota_Opisthokonta_Nucletmycea_Fungi_Dikarya_Ascomycota_Saccharomycotina_Saccharomycetes_Saccharomycetales_Saccharomyces_cerevisiae_baker_s_yeast, Node1652*)",770,-3.3838044620199537e-18,1.837175246384109,c3,branch_to_yeast
"(Eukaryota_Opisthokonta_Nucletmycea_Fungi_Dikarya_Ascomycota_Saccharomycotina_Saccharomycetes_Saccharomycetales_Saccharomyces_cerevisiae_baker_s_yeast, Node1652*)",771,2.9747327073946592,1.889559500203874,c2,branch_to_yeast
"(Eukaryota_Opisthokonta_Nucletmycea_Fungi_Dikarya_Ascomycota_Saccharomycotina_Saccharomycetes_Saccharomycetales_Saccharomyces_cerevisiae_baker_s_yeast, Node1652*)",772,3.3459213213490626,1.889559500203874,c2,branch_to_yeast
"(Eukaryota_Opisthokonta_Nucletmycea_Fungi_Dikarya_Ascomycota_Saccharomycotina_Saccharomycetes_Saccharomycetales_Saccharomyces_cerevisiae_baker_s_yeast, Node1652*)",773,-2.2505014601620387e-16,1.01655548421231,c4,branch_to_yeast
"(Eukaryota_Opisthokonta_Nucletmycea_Fungi_Dikarya_Ascomycota_Saccharomycotina_Saccharomycetes_Saccharomycetales_Saccharomyces_cerevisiae_baker_s_yeast, Node1652*)",774,2.2020190876113945,1.837175246384109,c3,branch_to_yeast
"(Eukaryota_Opisthokonta_Nucletmycea_Fungi_Dikarya_Ascomycota_Saccharomycotina_Saccharomycetes_Saccharomycetales_Saccharomyces_cerevisiae_baker_s_yeast, Node1652*)",775,2.2020190876113945,1.837175246384109,c3,branch_to_yeast
"(Eukaryota_Opisthokonta_Nucletmycea_Fungi_Dikarya_Ascomycota_Saccharomycotina_Saccharomycetes_Saccharomycetales_Saccharomyces_cerevisiae_baker_s_yeast, Node1652*)",776,-2.3415684354439846e-16,1.01655548421231,c4,branch_to_yeast
"(Eukaryota_Opisthokonta_Nucletmycea_Fungi_Dikarya_Ascomycota_Saccharomycotina_Saccharomycetes_Saccharomycetales_Saccharomyces_cerevisiae_baker_s_yeast, Node1652*)",777,3.3421000277048507,1.837175246384109,c3,branch_to_yeast
"(Eukaryota_Opisthokonta_Nucletmycea_Fungi_Dikarya_Ascomycota_Saccharomycotina_Saccharomycetes_Saccharomycetales_Saccharomyces_cerevisiae_baker_s_yeast, Node1652*)",778,-7.629761245551208e-17,1.889559500203874,c2,branch_to_yeast
"(Eukaryota_Opisthokonta_Nucletmycea_Fungi_Dikarya_Ascomycota_Saccharomycotina_Saccharomycetes_Saccharomycetales_Saccharomyces_cerevisiae_baker_s_yeast, Node1652*)",779,3.3421000322333803,1.837175246384109,c3,branch_to_yeast
"(Eukaryota_Opisthokonta_Nucletmycea_Fungi_Dikarya_Ascomycota_Saccharomycotina_Saccharomycetes_Saccharomycetales_Saccharomyces_cerevisiae_baker_s_yeast, Node1652*)",780,2.9762532674015896,2.347597172229281,c1,branch_to_yeast
"(Eukaryota_Opisthokonta_Nucletmycea_Fungi_Dikarya_Ascomycota_Saccharomycotina_Saccharomycetes_Saccharomycetales_Saccharomyces_cerevisiae_baker_s_yeast, Node1652*)",781,2.9747327073820444,1.889559500203874,c2,branch_to_yeast
"(Eukaryota_Opisthokonta_Nucletmycea_Fungi_Dikarya_Ascomycota_Saccharomycotina_Saccharomycetes_Saccharomycetales_Saccharomyces_cerevisiae_baker_s_yeast, Node1652*)",782,3.3459213213490626,1.889559500203874,c2,branch_to_yeast
"(Eukaryota_Opisthokonta_Nucletmycea_Fungi_Dikarya_Ascomycota_Saccharomycotina_Saccharomycetes_Saccharomycetales_Saccharomyces_cerevisiae_baker_s_yeast, Node1652*)",783,2.2006263402780606,1.837175246384109,c3,branch_to_yeast
"(Eukaryota_Opisthokonta_Nucletmycea_Fungi_Dikarya_Ascomycota_Saccharomycotina_Saccharomycetes_Saccharomycetales_Saccharomyces_cerevisiae_baker_s_yeast, Node1652*)",784,2.1967652049440844,1.01655548421231,c4,branch_to_yeast
"(Eukaryota_Opisthokonta_Nucletmycea_Fungi_Dikarya_Ascomycota_Saccharomycotina_Saccharomycetes_Saccharomycetales_Saccharomyces_cerevisiae_baker_s_yeast, Node1652*)",785,2.1967652048128463,1.01655548421231,c4,branch_to_yeast
"(Eukaryota_Opisthokonta_Nucletmycea_Fungi_Dikarya_Ascomycota_Saccharomycotina_Saccharomycetes_Saccharomycetales_Saccharomyces_cerevisiae_baker_s_yeast, Node1652*)",786,2.196765204944076,1.01655548421231,c4,branch_to_yeast
"(Eukaryota_Opisthokonta_Nucletmycea_Fungi_Dikarya_Ascomycota_Saccharomycotina_Saccharomycetes_Saccharomycetales_Saccharomyces_cerevisiae_baker_s_yeast, Node1652*)",787,3.329810638949626,1.01655548421231,c4,branch_to_yeast
"(Eukaryota_Opisthokonta_Nucletmycea_Fungi_Dikarya_Ascomycota_Saccharomycotina_Saccharomycetes_Saccharomycetales_Saccharomyces_cerevisiae_baker_s_yeast, Node1652*)",788,3.329810638949626,1.01655548421231,c4,branch_to_yeast
"(Eukaryota_Opisthokonta_Nucletmycea_Fungi_Dikarya_Ascomycota_Saccharomycotina_Saccharomycetes_Saccharomycetales_Saccharomyces_cerevisiae_baker_s_yeast, Node1652*)",789,-2.2491720668144856e-16,1.889559500203874,c2,branch_to_yeast
"(Eukaryota_Opisthokonta_Nucletmycea_Fungi_Dikarya_Ascomycota_Saccharomycotina_Saccharomycetes_Saccharomycetales_Saccharomyces_cerevisiae_baker_s_yeast, Node1652*)",790,-1.9308087211361523e-16,1.837175246384109,c3,branch_to_yeast
"(Eukaryota_Opisthokonta_Nucletmycea_Fungi_Dikarya_Ascomycota_Saccharomycotina_Saccharomycetes_Saccharomycetales_Saccharomyces_cerevisiae_baker_s_yeast, Node1652*)",791,-1.1421197644452908e-16,1.01655548421231,c4,branch_to_yeast
"(Eukaryota_Opisthokonta_Nucletmycea_Fungi_Dikarya_Ascomycota_Saccharomycotina_Saccharomycetes_Saccharomycetales_Saccharomyces_cerevisiae_baker_s_yeast, Node1652*)",792,3.329810638949626,1.01655548421231,c4,branch_to_yeast
"(Eukaryota_Opisthokonta_Nucletmycea_Fungi_Dikarya_Ascomycota_Saccharomycotina_Saccharomycetes_Saccharomycetales_Saccharomyces_cerevisiae_baker_s_yeast, Node1652*)",793,3.329810638949626,1.01655548421231,c4,branch_to_yeast
"(Eukaryota_Opisthokonta_Nucletmycea_Fungi_Dikarya_Ascomycota_Saccharomycotina_Saccharomycetes_Saccharomycetales_Saccharomyces_cerevisiae_baker_s_yeast, Node1652*)",794,-1.0746159852490002e-16,1.01655548421231,c4,branch_to_yeast
"(Eukaryota_Opisthokonta_Nucletmycea_Fungi_Dikarya_Ascomycota_Saccharomycotina_Saccharomycetes_Saccharomycetales_Saccharomyces_cerevisiae_baker_s_yeast, Node1652*)",795,-1.81560116126672e-16,1.01655548421231,c4,branch_to_yeast
"(Eukaryota_Opisthokonta_Nucletmycea_Fungi_Dikarya_Ascomycota_Saccharomycotina_Saccharomycetes_Saccharomycetales_Saccharomyces_cerevisiae_baker_s_yeast, Node1652*)",796,3.329810638949626,1.01655548421231,c4,branch_to_yeast
"(Eukaryota_Opisthokonta_Nucletmycea_Fungi_Dikarya_Ascomycota_Saccharomycotina_Saccharomycetes_Saccharomycetales_Saccharomyces_cerevisiae_baker_s_yeast, Node1652*)",797,-9.121274970101985e-17,1.01655548421231,c4,branch_to_yeast
"(Eukaryota_Opisthokonta_Nucletmycea_Fungi_Dikarya_Ascomycota_Saccharomycotina_Saccharomycetes_Saccharomycetales_Saccharomyces_cerevisiae_baker_s_yeast, Node1652*)",798,2.2020190876113945,1.837175246384109,c3,branch_to_yeast
"(Eukaryota_Opisthokonta_Nucletmycea_Fungi_Dikarya_Ascomycota_Saccharomycotina_Saccharomycetes_Saccharomycetales_Saccharomyces_cerevisiae_baker_s_yeast, Node1652*)",799,2.1967652049440844,1.01655548421231,c4,branch_to_yeast
"(Eukaryota_Opisthokonta_Nucletmycea_Fungi_Dikarya_Ascomycota_Saccharomycotina_Saccharomycetes_Saccharomycetales_Saccharomyces_cerevisiae_baker_s_yeast, Node1652*)",800,3.3298106383259336,1.01655548421231,c4,branch_to_yeast
"(Eukaryota_Opisthokonta_Nucletmycea_Fungi_Dikarya_Ascomycota_Saccharomycotina_Saccharomycetes_Saccharomycetales_Saccharomyces_cerevisiae_baker_s_yeast, Node1652*)",801,-2.4229727903657834e-16,1.01655548421231,c4,branch_to_yeast
"(Eukaryota_Opisthokonta_Nucletmycea_Fungi_Dikarya_Ascomycota_Saccharomycotina_Saccharomycetes_Saccharomycetales_Saccharomyces_cerevisiae_baker_s_yeast, Node1652*)",802,2.9610622710287644,1.01655548421231,c4,branch_to_yeast
"(Eukaryota_Opisthokonta_Nucletmycea_Fungi_Dikarya_Ascomycota_Saccharomycotina_Saccharomycetes_Saccharomycetales_Saccharomyces_cerevisiae_baker_s_yeast, Node1652*)",803,2.9610622710287644,1.01655548421231,c4,branch_to_yeast
"(Eukaryota_Opisthokonta_Nucletmycea_Fungi_Dikarya_Ascomycota_Saccharomycotina_Saccharomycetes_Saccharomycetales_Saccharomyces_cerevisiae_baker_s_yeast, Node1652*)",804,3.329810638949626,1.01655548421231,c4,branch_to_yeast
"(Eukaryota_Opisthokonta_Nucletmycea_Fungi_Dikarya_Ascomycota_Saccharomycotina_Saccharomycetes_Saccharomycetales_Saccharomyces_cerevisiae_baker_s_yeast, Node1652*)",805,3.329810638949626,1.01655548421231,c4,branch_to_yeast
"(Eukaryota_Opisthokonta_Nucletmycea_Fungi_Dikarya_Ascomycota_Saccharomycotina_Saccharomycetes_Saccharomycetales_Saccharomyces_cerevisiae_baker_s_yeast, Node1652*)",806,-2.324911087539352e-16,1.01655548421231,c4,branch_to_yeast
"(Eukaryota_Opisthokonta_Nucletmycea_Fungi_Dikarya_Ascomycota_Saccharomycotina_Saccharomycetes_Saccharomycetales_Saccharomyces_cerevisiae_baker_s_yeast, Node1652*)",807,-1.4673426893887047e-16,1.01655548421231,c4,branch_to_yeast
"(Eukaryota_Opisthokonta_Nucletmycea_Fungi_Dikarya_Ascomycota_Saccharomycotina_Saccharomycetes_Saccharomycetales_Saccharomyces_cerevisiae_baker_s_yeast, Node1652*)",808,-1.3345391946461723e-16,1.01655548421231,c4,branch_to_yeast
"(Eukaryota_Opisthokonta_Nucletmycea_Fungi_Dikarya_Ascomycota_Saccharomycotina_Saccharomycetes_Saccharomycetales_Saccharomyces_cerevisiae_baker_s_yeast, Node1652*)",809,3.30249393063685e-16,1.01655548421231,c4,branch_to_yeast
"(Eukaryota_Opisthokonta_Nucletmycea_Fungi_Dikarya_Ascomycota_Saccharomycotina_Saccharomycetes_Saccharomycetales_Saccharomyces_cerevisiae_baker_s_yeast, Node1652*)",810,2.202019086878436,1.837175246384109,c3,branch_to_yeast
"(Eukaryota_Opisthokonta_Nucletmycea_Fungi_Dikarya_Ascomycota_Saccharomycotina_Saccharomycetes_Saccharomycetales_Saccharomyces_cerevisiae_baker_s_yeast, Node1652*)",811,2.9610570378109613,1.01655548421231,c4,branch_to_yeast
"(Eukaryota_Opisthokonta_Nucletmycea_Fungi_Dikarya_Ascomycota_Saccharomycotina_Saccharomycetes_Saccharomycetales_Saccharomyces_cerevisiae_baker_s_yeast, Node1652*)",812,2.196765204513716,1.01655548421231,c4,branch_to_yeast
"(Eukaryota_Opisthokonta_Nucletmycea_Fungi_Dikarya_Ascomycota_Saccharomycotina_Saccharomycetes_Saccharomycetales_Saccharomyces_cerevisiae_baker_s_yeast, Node1652*)",813,-1.9043144849523215e-16,1.01655548421231,c4,branch_to_yeast
"(Eukaryota_Opisthokonta_Nucletmycea_Fungi_Dikarya_Ascomycota_Saccharomycotina_Saccharomycetes_Saccharomycetales_Saccharomyces_cerevisiae_baker_s_yeast, Node1652*)",814,3.3421000322333803,1.837175246384109,c3,branch_to_yeast
"(Eukaryota_Opisthokonta_Nucletmycea_Fungi_Dikarya_Ascomycota_Saccharomycotina_Saccharomycetes_Saccharomycetales_Saccharomyces_cerevisiae_baker_s_yeast, Node1652*)",815,3.3459213213490626,1.889559500203874,c2,branch_to_yeast
"(Eukaryota_Opisthokonta_Nucletmycea_Fungi_Dikarya_Ascomycota_Saccharomycotina_Saccharomycetes_Saccharomycetales_Saccharomyces_cerevisiae_baker_s_yeast, Node1652*)",816,-2.3577754332821703e-16,1.889559500203874,c2,branch_to_yeast
"(Eukaryota_Opisthokonta_Nucletmycea_Fungi_Dikarya_Ascomycota_Saccharomycotina_Saccharomycetes_Saccharomycetales_Saccharomyces_cerevisiae_baker_s_yeast, Node1652*)",817,-2.825693314166665e-17,1.01655548421231,c4,branch_to_yeast
"(Eukaryota_Opisthokonta_Nucletmycea_Fungi_Dikarya_Ascomycota_Saccharomycotina_Saccharomycetes_Saccharomycetales_Saccharomyces_cerevisiae_baker_s_yeast, Node1652*)",818,2.2020190876113945,1.837175246384109,c3,branch_to_yeast
"(Eukaryota_Opisthokonta_Nucletmycea_Fungi_Dikarya_Ascomycota_Saccharomycotina_Saccharomycetes_Saccharomycetales_Saccharomyces_cerevisiae_baker_s_yeast, Node1652*)",819,1.1778861813430298e-16,1.01655548421231,c4,branch_to_yeast
"(Eukaryota_Opisthokonta_Nucletmycea_Fungi_Dikarya_Ascomycota_Saccharomycotina_Saccharomycetes_Saccharomycetales_Saccharomyces_cerevisiae_baker_s_yeast, Node1652*)",820,2.8796571794976777e-16,1.837175246384109,c3,branch_to_yeast
"(Eukaryota_Opisthokonta_Nucletmycea_Fungi_Dikarya_Ascomycota_Saccharomycotina_Saccharomycetes_Saccharomycetales_Saccharomyces_cerevisiae_baker_s_yeast, Node1652*)",821,2.2020190876113945,1.837175246384109,c3,branch_to_yeast
"(Eukaryota_Opisthokonta_Nucletmycea_Fungi_Dikarya_Ascomycota_Saccharomycotina_Saccharomycetes_Saccharomycetales_Saccharomyces_cerevisiae_baker_s_yeast, Node1652*)",822,2.1967652049440844,1.01655548421231,c4,branch_to_yeast
"(Eukaryota_Opisthokonta_Nucletmycea_Fungi_Dikarya_Ascomycota_Saccharomycotina_Saccharomycetes_Saccharomycetales_Saccharomyces_cerevisiae_baker_s_yeast, Node1652*)",823,3.329810638325932,1.01655548421231,c4,branch_to_yeast
"(Eukaryota_Opisthokonta_Nucletmycea_Fungi_Dikarya_Ascomycota_Saccharomycotina_Saccharomycetes_Saccharomycetales_Saccharomyces_cerevisiae_baker_s_yeast, Node1652*)",824,-2.323346120742015e-16,1.01655548421231,c4,branch_to_yeast
"(Eukaryota_Opisthokonta_Nucletmycea_Fungi_Dikarya_Ascomycota_Saccharomycotina_Saccharomycetes_Saccharomycetales_Saccharomyces_cerevisiae_baker_s_yeast, Node1652*)",825,3.3421000321646077,1.837175246384109,c3,branch_to_yeast
"(Eukaryota_Opisthokonta_Nucletmycea_Fungi_Dikarya_Ascomycota_Saccharomycotina_Saccharomycetes_Saccharomycetales_Saccharomyces_cerevisiae_baker_s_yeast, Node1652*)",826,-2.261692736963062e-16,1.01655548421231,c4,branch_to_yeast
"(Eukaryota_Opisthokonta_Nucletmycea_Fungi_Dikarya_Ascomycota_Saccharomycotina_Saccharomycetes_Saccharomycetales_Saccharomyces_cerevisiae_baker_s_yeast, Node1652*)",827,-1.678994749599817e-16,1.01655548421231,c4,branch_to_yeast
"(Eukaryota_Opisthokonta_Nucletmycea_Fungi_Dikarya_Ascomycota_Saccharomycotina_Saccharomycetes_Saccharomycetales_Saccharomyces_cerevisiae_baker_s_yeast, Node1652*)",828,3.205892983886138e-16,1.01655548421231,c4,branch_to_yeast
"(Eukaryota_Opisthokonta_Nucletmycea_Fungi_Dikarya_Ascomycota_Saccharomycotina_Saccharomycetes_Saccharomycetales_Saccharomyces_cerevisiae_baker_s_yeast, Node1652*)",829,2.1967652049440844,1.01655548421231,c4,branch_to_yeast
"(Eukaryota_Opisthokonta_Nucletmycea_Fungi_Dikarya_Ascomycota_Saccharomycotina_Saccharomycetes_Saccharomycetales_Saccharomyces_cerevisiae_baker_s_yeast, Node1652*)",830,2.1967652049440844,1.01655548421231,c4,branch_to_yeast
"(Eukaryota_Opisthokonta_Nucletmycea_Fungi_Dikarya_Ascomycota_Saccharomycotina_Saccharomycetes_Saccharomycetales_Saccharomyces_cerevisiae_baker_s_yeast, Node1652*)",831,3.3298106383259336,1.01655548421231,c4,branch_to_yeast
"(Eukaryota_Opisthokonta_Nucletmycea_Fungi_Dikarya_Ascomycota_Saccharomycotina_Saccharomycetes_Saccharomycetales_Saccharomyces_cerevisiae_baker_s_yeast, Node1652*)",832,2.1967652049440844,1.01655548421231,c4,branch_to_yeast
"(Eukaryota_Opisthokonta_Nucletmycea_Fungi_Dikarya_Ascomycota_Saccharomycotina_Saccharomycetes_Saccharomycetales_Saccharomyces_cerevisiae_baker_s_yeast, Node1652*)",833,2.9610622708862047,1.01655548421231,c4,branch_to_yeast
"(Eukaryota_Opisthokonta_Nucletmycea_Fungi_Dikarya_Ascomycota_Saccharomycotina_Saccharomycetes_Saccharomycetales_Saccharomyces_cerevisiae_baker_s_yeast, Node1652*)",834,3.329810638949626,1.01655548421231,c4,branch_to_yeast
"(Eukaryota_Opisthokonta_Nucletmycea_Fungi_Dikarya_Ascomycota_Saccharomycotina_Saccharomycetes_Saccharomycetales_Saccharomyces_cerevisiae_baker_s_yeast, Node1652*)",835,3.329810638949626,1.01655548421231,c4,branch_to_yeast
"(Eukaryota_Opisthokonta_Nucletmycea_Fungi_Dikarya_Ascomycota_Saccharomycotina_Saccharomycetes_Saccharomycetales_Saccharomyces_cerevisiae_baker_s_yeast, Node1652*)",836,2.9610622710287644,1.01655548421231,c4,branch_to_yeast
"(Eukaryota_Opisthokonta_Nucletmycea_Fungi_Dikarya_Ascomycota_Saccharomycotina_Saccharomycetes_Saccharomycetales_Saccharomyces_cerevisiae_baker_s_yeast, Node1652*)",837,2.2020190876113945,1.837175246384109,c3,branch_to_yeast
"(Eukaryota_Opisthokonta_Nucletmycea_Fungi_Dikarya_Ascomycota_Saccharomycotina_Saccharomycetes_Saccharomycetales_Saccharomyces_cerevisiae_baker_s_yeast, Node1652*)",838,2.1967652049440844,1.01655548421231,c4,branch_to_yeast
"(Eukaryota_Opisthokonta_Nucletmycea_Fungi_Dikarya_Ascomycota_Saccharomycotina_Saccharomycetes_Saccharomycetales_Saccharomyces_cerevisiae_baker_s_yeast, Node1652*)",839,2.9610622710287644,1.01655548421231,c4,branch_to_yeast
"(Eukaryota_Opisthokonta_Nucletmycea_Fungi_Dikarya_Ascomycota_Saccharomycotina_Saccharomycetes_Saccharomycetales_Saccharomyces_cerevisiae_baker_s_yeast, Node1652*)",840,3.329810638619402,1.01655548421231,c4,branch_to_yeast
"(Eukaryota_Opisthokonta_Nucletmycea_Fungi_Dikarya_Ascomycota_Saccharomycotina_Saccharomycetes_Saccharomycetales_Saccharomyces_cerevisiae_baker_s_yeast, Node1652*)",841,-2.000790344035023e-16,1.01655548421231,c4,branch_to_yeast
"(Eukaryota_Opisthokonta_Nucletmycea_Fungi_Dikarya_Ascomycota_Saccharomycotina_Saccharomycetes_Saccharomycetales_Saccharomyces_cerevisiae_baker_s_yeast, Node1652*)",842,2.6368617260706206e-17,1.837175246384109,c3,branch_to_yeast
"(Eukaryota_Opisthokonta_Nucletmycea_Fungi_Dikarya_Ascomycota_Saccharomycotina_Saccharomycetes_Saccharomycetales_Saccharomyces_cerevisiae_baker_s_yeast, Node1652*)",843,-2.3264020445506567e-16,2.347597172229281,c1,branch_to_yeast
"(Eukaryota_Opisthokonta_Nucletmycea_Fungi_Dikarya_Ascomycota_Saccharomycotina_Saccharomycetes_Saccharomycetales_Saccharomyces_cerevisiae_baker_s_yeast, Node1652*)",844,-1.851538557577268e-16,1.889559500203874,c2,branch_to_yeast
"(Eukaryota_Opisthokonta_Nucletmycea_Fungi_Dikarya_Ascomycota_Saccharomycotina_Saccharomycetes_Saccharomycetales_Saccharomyces_cerevisiae_baker_s_yeast, Node1652*)",845,2.976253267401704,2.347597172229281,c1,branch_to_yeast
"(Eukaryota_Opisthokonta_Nucletmycea_Fungi_Dikarya_Ascomycota_Saccharomycotina_Saccharomycetes_Saccharomycetales_Saccharomyces_cerevisiae_baker_s_yeast, Node1652*)",846,3.3477171110772046,2.347597172229281,c1,branch_to_yeast
"(Eukaryota_Opisthokonta_Nucletmycea_Fungi_Dikarya_Ascomycota_Saccharomycotina_Saccharomycetes_Saccharomycetales_Saccharomyces_cerevisiae_baker_s_yeast, Node1652*)",847,-2.250139029504144e-16,1.889559500203874,c2,branch_to_yeast
"(Eukaryota_Opisthokonta_Nucletmycea_Fungi_Dikarya_Ascomycota_Saccharomycotina_Saccharomycetes_Saccharomycetales_Saccharomyces_cerevisiae_baker_s_yeast, Node1652*)",848,-2.227424574831601e-16,1.837175246384109,c3,branch_to_yeast
"(Eukaryota_Opisthokonta_Nucletmycea_Fungi_Dikarya_Ascomycota_Saccharomycotina_Saccharomycetes_Saccharomycetales_Saccharomyces_cerevisiae_baker_s_yeast, Node1652*)",849,-1.8095874145634887e-16,2.347597172229281,c1,branch_to_yeast
"(Eukaryota_Opisthokonta_Nucletmycea_Fungi_Dikarya_Ascomycota_Saccharomycotina_Saccharomycetes_Saccharomycetales_Saccharomyces_cerevisiae_baker_s_yeast, Node1652*)",850,2.204415160258556,2.347597172229281,c1,branch_to_yeast
"(Eukaryota_Opisthokonta_Nucletmycea_Fungi_Dikarya_Ascomycota_Saccharomycotina_Saccharomycetes_Saccharomycetales_Saccharomyces_cerevisiae_baker_s_yeast, Node1652*)",851,2.976253267401704,2.347597172229281,c1,branch_to_yeast
"(Eukaryota_Opisthokonta_Nucletmycea_Fungi_Dikarya_Ascomycota_Saccharomycotina_Saccharomycetes_Saccharomycetales_Saccharomyces_cerevisiae_baker_s_yeast, Node1652*)",852,2.971494938007999,1.837175246384109,c3,branch_to_yeast
"(Eukaryota_Opisthokonta_Nucletmycea_Fungi_Dikarya_Ascomycota_Saccharomycotina_Saccharomycetes_Saccharomycetales_Saccharomyces_cerevisiae_baker_s_yeast, Node1652*)",853,2.971494938007999,1.837175246384109,c3,branch_to_yeast
"(Eukaryota_Opisthokonta_Nucletmycea_Fungi_Dikarya_Ascomycota_Saccharomycotina_Saccharomycetes_Saccharomycetales_Saccharomyces_cerevisiae_baker_s_yeast, Node1652*)",854,2.976253267401704,2.347597172229281,c1,branch_to_yeast
"(Eukaryota_Opisthokonta_Nucletmycea_Fungi_Dikarya_Ascomycota_Saccharomycotina_Saccharomycetes_Saccharomycetales_Saccharomyces_cerevisiae_baker_s_yeast, Node1652*)",855,2.976253267401704,2.347597172229281,c1,branch_to_yeast
"(Eukaryota_Opisthokonta_Nucletmycea_Fungi_Dikarya_Ascomycota_Saccharomycotina_Saccharomycetes_Saccharomycetales_Saccharomyces_cerevisiae_baker_s_yeast, Node1652*)",856,2.976253267401704,2.347597172229281,c1,branch_to_yeast
"(Eukaryota_Opisthokonta_Nucletmycea_Fungi_Dikarya_Ascomycota_Saccharomycotina_Saccharomycetes_Saccharomycetales_Saccharomyces_cerevisiae_baker_s_yeast, Node1652*)",857,3.0542645306781667e-16,1.889559500203874,c2,branch_to_yeast
"(Eukaryota_Opisthokonta_Nucletmycea_Fungi_Dikarya_Ascomycota_Saccharomycotina_Saccharomycetes_Saccharomycetales_Saccharomyces_cerevisiae_baker_s_yeast, Node1652*)",858,-2.2980241062814397e-16,1.889559500203874,c2,branch_to_yeast
"(Eukaryota_Opisthokonta_Nucletmycea_Fungi_Dikarya_Ascomycota_Saccharomycotina_Saccharomycetes_Saccharomycetales_Saccharomyces_cerevisiae_baker_s_yeast, Node1652*)",859,2.9747327073946592,1.889559500203874,c2,branch_to_yeast
"(Eukaryota_Opisthokonta_Nucletmycea_Fungi_Dikarya_Ascomycota_Saccharomycotina_Saccharomycetes_Saccharomycetales_Saccharomyces_cerevisiae_baker_s_yeast, Node1652*)",860,2.2036494920422576,1.889559500203874,c2,branch_to_yeast
"(Eukaryota_Opisthokonta_Nucletmycea_Fungi_Dikarya_Ascomycota_Saccharomycotina_Saccharomycetes_Saccharomycetales_Saccharomyces_cerevisiae_baker_s_yeast, Node1652*)",861,2.9747327073946592,1.889559500203874,c2,branch_to_yeast
"(Eukaryota_Opisthokonta_Nucletmycea_Fungi_Dikarya_Ascomycota_Saccharomycotina_Saccharomycetes_Saccharomycetales_Saccharomyces_cerevisiae_baker_s_yeast, Node1652*)",862,2.204415160258556,2.347597172229281,c1,branch_to_yeast
"(Eukaryota_Opisthokonta_Nucletmycea_Fungi_Dikarya_Ascomycota_Saccharomycotina_Saccharomycetes_Saccharomycetales_Saccharomyces_cerevisiae_baker_s_yeast, Node1652*)",863,-2.2704212792724046e-16,1.889559500203874,c2,branch_to_yeast
"(Eukaryota_Opisthokonta_Nucletmycea_Fungi_Dikarya_Ascomycota_Saccharomycotina_Saccharomycetes_Saccharomycetales_Saccharomyces_cerevisiae_baker_s_yeast, Node1652*)",864,2.204415160258556,2.347597172229281,c1,branch_to_yeast
"(Eukaryota_Opisthokonta_Nucletmycea_Fungi_Dikarya_Ascomycota_Saccharomycotina_Saccharomycetes_Saccharomycetales_Saccharomyces_cerevisiae_baker_s_yeast, Node1652*)",865,-2.270893177694797e-16,1.889559500203874,c2,branch_to_yeast
"(Eukaryota_Opisthokonta_Nucletmycea_Fungi_Dikarya_Ascomycota_Saccharomycotina_Saccharomycetes_Saccharomycetales_Saccharomyces_cerevisiae_baker_s_yeast, Node1652*)",866,-2.355771348921028e-16,2.347597172229281,c1,branch_to_yeast
"(Eukaryota_Opisthokonta_Nucletmycea_Fungi_Dikarya_Ascomycota_Saccharomycotina_Saccharomycetes_Saccharomycetales_Saccharomyces_cerevisiae_baker_s_yeast, Node1652*)",867,3.3421000322333803,1.837175246384109,c3,branch_to_yeast
"(Eukaryota_Opisthokonta_Nucletmycea_Fungi_Dikarya_Ascomycota_Saccharomycotina_Saccharomycetes_Saccharomycetales_Saccharomyces_cerevisiae_baker_s_yeast, Node1652*)",868,2.9747327073946592,1.889559500203874,c2,branch_to_yeast
"(Eukaryota_Opisthokonta_Nucletmycea_Fungi_Dikarya_Ascomycota_Saccharomycotina_Saccharomycetes_Saccharomycetales_Saccharomyces_cerevisiae_baker_s_yeast, Node1652*)",869,2.976253267401704,2.347597172229281,c1,branch_to_yeast
"(Eukaryota_Opisthokonta_Nucletmycea_Fungi_Dikarya_Ascomycota_Saccharomycotina_Saccharomycetes_Saccharomycetales_Saccharomyces_cerevisiae_baker_s_yeast, Node1652*)",870,2.9747327073946592,1.889559500203874,c2,branch_to_yeast
"(Eukaryota_Opisthokonta_Nucletmycea_Fungi_Dikarya_Ascomycota_Saccharomycotina_Saccharomycetes_Saccharomycetales_Saccharomyces_cerevisiae_baker_s_yeast, Node1652*)",871,2.204415160258556,2.347597172229281,c1,branch_to_yeast
"(Eukaryota_Opisthokonta_Nucletmycea_Fungi_Dikarya_Ascomycota_Saccharomycotina_Saccharomycetes_Saccharomycetales_Saccharomyces_cerevisiae_baker_s_yeast, Node1652*)",872,3.3477171110772046,2.347597172229281,c1,branch_to_yeast
"(Eukaryota_Opisthokonta_Nucletmycea_Fungi_Dikarya_Ascomycota_Saccharomycotina_Saccharomycetes_Saccharomycetales_Saccharomyces_cerevisiae_baker_s_yeast, Node1652*)",873,2.976253267401704,2.347597172229281,c1,branch_to_yeast
"(Eukaryota_Opisthokonta_Nucletmycea_Fungi_Dikarya_Ascomycota_Saccharomycotina_Saccharomycetes_Saccharomycetales_Saccharomyces_cerevisiae_baker_s_yeast, Node1652*)",874,2.2036494920422576,1.889559500203874,c2,branch_to_yeast
"(Eukaryota_Opisthokonta_Nucletmycea_Fungi_Dikarya_Ascomycota_Saccharomycotina_Saccharomycetes_Saccharomycetales_Saccharomyces_cerevisiae_baker_s_yeast, Node1652*)",875,2.2036494920422576,1.889559500203874,c2,branch_to_yeast
"(Eukaryota_Opisthokonta_Nucletmycea_Fungi_Dikarya_Ascomycota_Saccharomycotina_Saccharomycetes_Saccharomycetales_Saccharomyces_cerevisiae_baker_s_yeast, Node1652*)",876,3.3459213213490626,1.889559500203874,c2,branch_to_yeast
"(Eukaryota_Opisthokonta_Nucletmycea_Fungi_Dikarya_Ascomycota_Saccharomycotina_Saccharomycetes_Saccharomycetales_Saccharomyces_cerevisiae_baker_s_yeast, Node1652*)",877,-2.296196152773304e-16,1.01655548421231,c4,branch_to_yeast
"(Eukaryota_Opisthokonta_Nucletmycea_Fungi_Dikarya_Ascomycota_Saccharomycotina_Saccharomycetes_Saccharomycetales_Saccharomyces_cerevisiae_baker_s_yeast, Node1652*)",878,2.9610622710287644,1.01655548421231,c4,branch_to_yeast
"(Eukaryota_Opisthokonta_Nucletmycea_Fungi_Dikarya_Ascomycota_Saccharomycotina_Saccharomycetes_Saccharomycetales_Saccharomyces_cerevisiae_baker_s_yeast, Node1652*)",879,3.299350799598917e-16,1.01655548421231,c4,branch_to_yeast
"(Eukaryota_Opisthokonta_Nucletmycea_Fungi_Dikarya_Ascomycota_Saccharomycotina_Saccharomycetes_Saccharomycetales_Saccharomyces_cerevisiae_baker_s_yeast, Node1652*)",880,2.213524997932392e-16,1.01655548421231,c4,branch_to_yeast
"(Eukaryota_Opisthokonta_Nucletmycea_Fungi_Dikarya_Ascomycota_Saccharomycotina_Saccharomycetes_Saccharomycetales_Saccharomyces_cerevisiae_baker_s_yeast, Node1652*)",881,2.2036494920422576,1.889559500203874,c2,branch_to_yeast
"(Eukaryota_Opisthokonta_Nucletmycea_Fungi_Dikarya_Ascomycota_Saccharomycotina_Saccharomycetes_Saccharomycetales_Saccharomyces_cerevisiae_baker_s_yeast, Node1652*)",882,3.3459213213490626,1.889559500203874,c2,branch_to_yeast
"(Eukaryota_Opisthokonta_Nucletmycea_Fungi_Dikarya_Ascomycota_Saccharomycotina_Saccharomycetes_Saccharomycetales_Saccharomyces_cerevisiae_baker_s_yeast, Node1652*)",883,-2.093747978829256e-16,1.837175246384109,c3,branch_to_yeast
"(Eukaryota_Opisthokonta_Nucletmycea_Fungi_Dikarya_Ascomycota_Saccharomycotina_Saccharomycetes_Saccharomycetales_Saccharomyces_cerevisiae_baker_s_yeast, Node1652*)",884,3.3459213213490626,1.889559500203874,c2,branch_to_yeast
"(Eukaryota_Opisthokonta_Nucletmycea_Fungi_Dikarya_Ascomycota_Saccharomycotina_Saccharomycetes_Saccharomycetales_Saccharomyces_cerevisiae_baker_s_yeast, Node1652*)",885,2.204415160258556,2.347597172229281,c1,branch_to_yeast
"(Eukaryota_Opisthokonta_Nucletmycea_Fungi_Dikarya_Ascomycota_Saccharomycotina_Saccharomycetes_Saccharomycetales_Saccharomyces_cerevisiae_baker_s_yeast, Node1652*)",886,2.971494938007999,1.837175246384109,c3,branch_to_yeast
"(Eukaryota_Opisthokonta_Nucletmycea_Fungi_Dikarya_Ascomycota_Saccharomycotina_Saccharomycetes_Saccharomycetales_Saccharomyces_cerevisiae_baker_s_yeast, Node1652*)",887,2.976253267401704,2.347597172229281,c1,branch_to_yeast
"(Eukaryota_Opisthokonta_Nucletmycea_Fungi_Dikarya_Ascomycota_Saccharomycotina_Saccharomycetes_Saccharomycetales_Saccharomyces_cerevisiae_baker_s_yeast, Node1652*)",888,-1.8063105271400287e-16,1.889559500203874,c2,branch_to_yeast
"(Eukaryota_Opisthokonta_Nucletmycea_Fungi_Dikarya_Ascomycota_Saccharomycotina_Saccharomycetes_Saccharomycetales_Saccharomyces_cerevisiae_baker_s_yeast, Node1652*)",889,2.971494938007999,1.837175246384109,c3,branch_to_yeast
"(Eukaryota_Opisthokonta_Nucletmycea_Fungi_Dikarya_Ascomycota_Saccharomycotina_Saccharomycetes_Saccharomycetales_Saccharomyces_cerevisiae_baker_s_yeast, Node1652*)",890,-1.460785211096269e-16,1.01655548421231,c4,branch_to_yeast
"(Eukaryota_Opisthokonta_Nucletmycea_Fungi_Dikarya_Ascomycota_Saccharomycotina_Saccharomycetes_Saccharomycetales_Saccharomyces_cerevisiae_baker_s_yeast, Node1652*)",891,2.9610622710287644,1.01655548421231,c4,branch_to_yeast
"(Eukaryota_Opisthokonta_Nucletmycea_Fungi_Dikarya_Ascomycota_Saccharomycotina_Saccharomycetes_Saccharomycetales_Saccharomyces_cerevisiae_baker_s_yeast, Node1652*)",892,-1.545779003310334e-16,1.837175246384109,c3,branch_to_yeast
"(Eukaryota_Opisthokonta_Nucletmycea_Fungi_Dikarya_Ascomycota_Saccharomycotina_Saccharomycetes_Saccharomycetales_Saccharomyces_cerevisiae_baker_s_yeast, Node1652*)",893,4.0828673820800045e-17,1.837175246384109,c3,branch_to_yeast
"(Eukaryota_Opisthokonta_Nucletmycea_Fungi_Dikarya_Ascomycota_Saccharomycotina_Saccharomycetes_Saccharomycetales_Saccharomyces_cerevisiae_baker_s_yeast, Node1652*)",894,2.9747327073946592,1.889559500203874,c2,branch_to_yeast
"(Eukaryota_Opisthokonta_Nucletmycea_Fungi_Dikarya_Ascomycota_Saccharomycotina_Saccharomycetes_Saccharomycetales_Saccharomyces_cerevisiae_baker_s_yeast, Node1652*)",895,2.204415160258556,2.347597172229281,c1,branch_to_yeast
"(Eukaryota_Opisthokonta_Nucletmycea_Fungi_Dikarya_Ascomycota_Saccharomycotina_Saccharomycetes_Saccharomycetales_Saccharomyces_cerevisiae_baker_s_yeast, Node1652*)",896,3.3477171110772046,2.347597172229281,c1,branch_to_yeast
"(Eukaryota_Opisthokonta_Nucletmycea_Fungi_Dikarya_Ascomycota_Saccharomycotina_Saccharomycetes_Saccharomycetales_Saccharomyces_cerevisiae_baker_s_yeast, Node1652*)",897,2.976253267401704,2.347597172229281,c1,branch_to_yeast
"(Eukaryota_Opisthokonta_Nucletmycea_Fungi_Dikarya_Ascomycota_Saccharomycotina_Saccharomycetes_Saccharomycetales_Saccharomyces_cerevisiae_baker_s_yeast, Node1652*)",898,3.236679165749967e-16,2.347597172229281,c1,branch_to_yeast
"(Eukaryota_Opisthokonta_Nucletmycea_Fungi_Dikarya_Ascomycota_Saccharomycotina_Saccharomycetes_Saccharomycetales_Saccharomyces_cerevisiae_baker_s_yeast, Node1652*)",899,2.204415160258556,2.347597172229281,c1,branch_to_yeast
"(Eukaryota_Opisthokonta_Nucletmycea_Fungi_Dikarya_Ascomycota_Saccharomycotina_Saccharomycetes_Saccharomycetales_Saccharomyces_cerevisiae_baker_s_yeast, Node1652*)",900,2.204415160258556,2.347597172229281,c1,branch_to_yeast
"(Eukaryota_Opisthokonta_Nucletmycea_Fungi_Dikarya_Ascomycota_Saccharomycotina_Saccharomycetes_Saccharomycetales_Saccharomyces_cerevisiae_baker_s_yeast, Node1652*)",901,2.971494938007999,1.837175246384109,c3,branch_to_yeast
"(Eukaryota_Opisthokonta_Nucletmycea_Fungi_Dikarya_Ascomycota_Saccharomycotina_Saccharomycetes_Saccharomycetales_Saccharomyces_cerevisiae_baker_s_yeast, Node1652*)",902,2.976253267401704,2.347597172229281,c1,branch_to_yeast
"(Eukaryota_Opisthokonta_Nucletmycea_Fungi_Dikarya_Ascomycota_Saccharomycotina_Saccharomycetes_Saccharomycetales_Saccharomyces_cerevisiae_baker_s_yeast, Node1652*)",903,-2.3485980896423926e-16,2.347597172229281,c1,branch_to_yeast
"(Eukaryota_Opisthokonta_Nucletmycea_Fungi_Dikarya_Ascomycota_Saccharomycotina_Saccharomycetes_Saccharomycetales_Saccharomyces_cerevisiae_baker_s_yeast, Node1652*)",904,2.9747327073946592,1.889559500203874,c2,branch_to_yeast
"(Eukaryota_Opisthokonta_Nucletmycea_Fungi_Dikarya_Ascomycota_Saccharomycotina_Saccharomycetes_Saccharomycetales_Saccharomyces_cerevisiae_baker_s_yeast, Node1652*)",905,2.976253267401704,2.347597172229281,c1,branch_to_yeast
"(Eukaryota_Opisthokonta_Nucletmycea_Fungi_Dikarya_Ascomycota_Saccharomycotina_Saccharomycetes_Saccharomycetales_Saccharomyces_cerevisiae_baker_s_yeast, Node1652*)",906,-2.3001347298180624e-16,1.889559500203874,c2,branch_to_yeast
"(Eukaryota_Opisthokonta_Nucletmycea_Fungi_Dikarya_Ascomycota_Saccharomycotina_Saccharomycetes_Saccharomycetales_Saccharomyces_cerevisiae_baker_s_yeast, Node1652*)",907,2.961062268350126,1.01655548421231,c4,branch_to_yeast
"(Eukaryota_Opisthokonta_Nucletmycea_Fungi_Dikarya_Ascomycota_Saccharomycotina_Saccharomycetes_Saccharomycetales_Saccharomyces_cerevisiae_baker_s_yeast, Node1652*)",908,2.1967652049440844,1.01655548421231,c4,branch_to_yeast
"(Eukaryota_Opisthokonta_Nucletmycea_Fungi_Dikarya_Ascomycota_Saccharomycotina_Saccharomycetes_Saccharomycetales_Saccharomyces_cerevisiae_baker_s_yeast, Node1652*)",909,2.971494938007999,1.837175246384109,c3,branch_to_yeast
"(Eukaryota_Opisthokonta_Nucletmycea_Fungi_Dikarya_Ascomycota_Saccharomycotina_Saccharomycetes_Saccharomycetales_Saccharomyces_cerevisiae_baker_s_yeast, Node1652*)",910,2.9747327073946592,1.889559500203874,c2,branch_to_yeast
"(Eukaryota_Opisthokonta_Nucletmycea_Fungi_Dikarya_Ascomycota_Saccharomycotina_Saccharomycetes_Saccharomycetales_Saccharomyces_cerevisiae_baker_s_yeast, Node1652*)",911,-2.2931083146738785e-16,1.889559500203874,c2,branch_to_yeast
"(Eukaryota_Opisthokonta_Nucletmycea_Fungi_Dikarya_Ascomycota_Saccharomycotina_Saccharomycetes_Saccharomycetales_Saccharomyces_cerevisiae_baker_s_yeast, Node1652*)",912,2.9747327073946592,1.889559500203874,c2,branch_to_yeast
"(Eukaryota_Opisthokonta_Nucletmycea_Fungi_Dikarya_Ascomycota_Saccharomycotina_Saccharomycetes_Saccharomycetales_Saccharomyces_cerevisiae_baker_s_yeast, Node1652*)",913,2.2020190876113945,1.837175246384109,c3,branch_to_yeast
"(Eukaryota_Opisthokonta_Nucletmycea_Fungi_Dikarya_Ascomycota_Saccharomycotina_Saccharomycetes_Saccharomycetales_Saccharomyces_cerevisiae_baker_s_yeast, Node1652*)",914,2.2036494920422576,1.889559500203874,c2,branch_to_yeast
"(Eukaryota_Opisthokonta_Nucletmycea_Fungi_Dikarya_Ascomycota_Saccharomycotina_Saccharomycetes_Saccharomycetales_Saccharomyces_cerevisiae_baker_s_yeast, Node1652*)",915,2.9747327073946592,1.889559500203874,c2,branch_to_yeast
"(Eukaryota_Opisthokonta_Nucletmycea_Fungi_Dikarya_Ascomycota_Saccharomycotina_Saccharomycetes_Saccharomycetales_Saccharomyces_cerevisiae_baker_s_yeast, Node1652*)",916,3.3459213213490626,1.889559500203874,c2,branch_to_yeast
"(Eukaryota_Opisthokonta_Nucletmycea_Fungi_Dikarya_Ascomycota_Saccharomycotina_Saccharomycetes_Saccharomycetales_Saccharomyces_cerevisiae_baker_s_yeast, Node1652*)",917,2.2020190876113945,1.837175246384109,c3,branch_to_yeast
"(Eukaryota_Opisthokonta_Nucletmycea_Fungi_Dikarya_Ascomycota_Saccharomycotina_Saccharomycetes_Saccharomycetales_Saccharomyces_cerevisiae_baker_s_yeast, Node1652*)",918,3.2418582788161024e-16,1.837175246384109,c3,branch_to_yeast
"(Eukaryota_Opisthokonta_Nucletmycea_Fungi_Dikarya_Ascomycota_Saccharomycotina_Saccharomycetes_Saccharomycetales_Saccharomyces_cerevisiae_baker_s_yeast, Node1652*)",919,-1.775849020792299e-16,1.837175246384109,c3,branch_to_yeast
"(Eukaryota_Opisthokonta_Nucletmycea_Fungi_Dikarya_Ascomycota_Saccharomycotina_Saccharomycetes_Saccharomycetales_Saccharomyces_cerevisiae_baker_s_yeast, Node1652*)",920,2.2020190876113945,1.837175246384109,c3,branch_to_yeast
"(Eukaryota_Opisthokonta_Nucletmycea_Fungi_Dikarya_Ascomycota_Saccharomycotina_Saccharomycetes_Saccharomycetales_Saccharomyces_cerevisiae_baker_s_yeast, Node1652*)",921,2.2020190876113945,1.837175246384109,c3,branch_to_yeast
"(Eukaryota_Opisthokonta_Nucletmycea_Fungi_Dikarya_Ascomycota_Saccharomycotina_Saccharomycetes_Saccharomycetales_Saccharomyces_cerevisiae_baker_s_yeast, Node1652*)",922,1.4849167245300215e-16,1.889559500203874,c2,branch_to_yeast
"(Eukaryota_Opisthokonta_Nucletmycea_Fungi_Dikarya_Ascomycota_Saccharomycotina_Saccharomycetes_Saccharomycetales_Saccharomyces_cerevisiae_baker_s_yeast, Node1652*)",923,-2.0464596630970091e-16,1.837175246384109,c3,branch_to_yeast
"(Eukaryota_Opisthokonta_Nucletmycea_Fungi_Dikarya_Ascomycota_Saccharomycotina_Saccharomycetes_Saccharomycetales_Saccharomyces_cerevisiae_baker_s_yeast, Node1652*)",924,3.3421000322333803,1.837175246384109,c3,branch_to_yeast
"(Eukaryota_Opisthokonta_Nucletmycea_Fungi_Dikarya_Ascomycota_Saccharomycotina_Saccharomycetes_Saccharomycetales_Saccharomyces_cerevisiae_baker_s_yeast, Node1652*)",925,-2.2916233041904886e-16,1.889559500203874,c2,branch_to_yeast
"(Eukaryota_Opisthokonta_Nucletmycea_Fungi_Dikarya_Ascomycota_Saccharomycotina_Saccharomycetes_Saccharomycetales_Saccharomyces_cerevisiae_baker_s_yeast, Node1652*)",926,2.971494938007999,1.837175246384109,c3,branch_to_yeast
"(Eukaryota_Opisthokonta_Nucletmycea_Fungi_Dikarya_Ascomycota_Saccharomycotina_Saccharomycetes_Saccharomycetales_Saccharomyces_cerevisiae_baker_s_yeast, Node1652*)",927,-1.9090190824263919e-16,1.889559500203874,c2,branch_to_yeast
"(Eukaryota_Opisthokonta_Nucletmycea_Fungi_Dikarya_Ascomycota_Saccharomycotina_Saccharomycetes_Saccharomycetales_Saccharomyces_cerevisiae_baker_s_yeast, Node1652*)",928,-2.227811302835159e-16,1.889559500203874,c2,branch_to_yeast
"(Eukaryota_Opisthokonta_Nucletmycea_Fungi_Dikarya_Ascomycota_Saccharomycotina_Saccharomycetes_Saccharomycetales_Saccharomyces_cerevisiae_baker_s_yeast, Node1652*)",929,-2.0971846560320354e-16,1.889559500203874,c2,branch_to_yeast
"(Eukaryota_Opisthokonta_Nucletmycea_Fungi_Dikarya_Ascomycota_Saccharomycotina_Saccharomycetes_Saccharomycetales_Saccharomyces_cerevisiae_baker_s_yeast, Node1652*)",930,-2.2689417294605554e-16,1.889559500203874,c2,branch_to_yeast
"(Eukaryota_Opisthokonta_Nucletmycea_Fungi_Dikarya_Ascomycota_Saccharomycotina_Saccharomycetes_Saccharomycetales_Saccharomyces_cerevisiae_baker_s_yeast, Node1652*)",931,2.2020190876113945,1.837175246384109,c3,branch_to_yeast
"(Eukaryota_Opisthokonta_Nucletmycea_Fungi_Dikarya_Ascomycota_Saccharomycotina_Saccharomycetes_Saccharomycetales_Saccharomyces_cerevisiae_baker_s_yeast, Node1652*)",932,-1.159642210838157e-16,1.889559500203874,c2,branch_to_yeast
"(Eukaryota_Opisthokonta_Nucletmycea_Fungi_Dikarya_Ascomycota_Saccharomycotina_Saccharomycetes_Saccharomycetales_Saccharomyces_cerevisiae_baker_s_yeast, Node1652*)",933,1.650651320842352e-16,1.889559500203874,c2,branch_to_yeast
"(Eukaryota_Opisthokonta_Nucletmycea_Fungi_Dikarya_Ascomycota_Saccharomycotina_Saccharomycetes_Saccharomycetales_Saccharomyces_cerevisiae_baker_s_yeast, Node1652*)",934,2.2036494920422576,1.889559500203874,c2,branch_to_yeast
"(Eukaryota_Opisthokonta_Nucletmycea_Fungi_Dikarya_Ascomycota_Saccharomycotina_Saccharomycetes_Saccharomycetales_Saccharomyces_cerevisiae_baker_s_yeast, Node1652*)",935,2.2036494920422576,1.889559500203874,c2,branch_to_yeast
"(Eukaryota_Opisthokonta_Nucletmycea_Fungi_Dikarya_Ascomycota_Saccharomycotina_Saccharomycetes_Saccharomycetales_Saccharomyces_cerevisiae_baker_s_yeast, Node1652*)",936,-2.294807763541929e-16,1.889559500203874,c2,branch_to_yeast
"(Eukaryota_Opisthokonta_Nucletmycea_Fungi_Dikarya_Ascomycota_Saccharomycotina_Saccharomycetes_Saccharomycetales_Saccharomyces_cerevisiae_baker_s_yeast, Node1652*)",937,-2.3095089448837817e-16,1.889559500203874,c2,branch_to_yeast
"(Eukaryota_Opisthokonta_Nucletmycea_Fungi_Dikarya_Ascomycota_Saccharomycotina_Saccharomycetes_Saccharomycetales_Saccharomyces_cerevisiae_baker_s_yeast, Node1652*)",938,-2.0195284459899583e-16,1.889559500203874,c2,branch_to_yeast
"(Eukaryota_Opisthokonta_Nucletmycea_Fungi_Dikarya_Ascomycota_Saccharomycotina_Saccharomycetes_Saccharomycetales_Saccharomyces_cerevisiae_baker_s_yeast, Node1652*)",939,3.3421000322333803,1.837175246384109,c3,branch_to_yeast
"(Eukaryota_Opisthokonta_Nucletmycea_Fungi_Dikarya_Ascomycota_Saccharomycotina_Saccharomycetes_Saccharomycetales_Saccharomyces_cerevisiae_baker_s_yeast, Node1652*)",940,-2.0205544176290087e-16,1.837175246384109,c3,branch_to_yeast
"(Eukaryota_Opisthokonta_Nucletmycea_Fungi_Dikarya_Ascomycota_Saccharomycotina_Saccharomycetes_Saccharomycetales_Saccharomyces_cerevisiae_baker_s_yeast, Node1652*)",941,2.971494938007999,1.837175246384109,c3,branch_to_yeast
"(Eukaryota_Opisthokonta_Nucletmycea_Fungi_Dikarya_Ascomycota_Saccharomycotina_Saccharomycetes_Saccharomycetales_Saccharomyces_cerevisiae_baker_s_yeast, Node1652*)",942,2.2020190876113945,1.837175246384109,c3,branch_to_yeast
"(Eukaryota_Opisthokonta_Nucletmycea_Fungi_Dikarya_Ascomycota_Saccharomycotina_Saccharomycetes_Saccharomycetales_Saccharomyces_cerevisiae_baker_s_yeast, Node1652*)",943,2.1967652049440844,1.01655548421231,c4,branch_to_yeast
"(Eukaryota_Opisthokonta_Nucletmycea_Fungi_Dikarya_Ascomycota_Saccharomycotina_Saccharomycetes_Saccharomycetales_Saccharomyces_cerevisiae_baker_s_yeast, Node1652*)",944,2.971494938007999,1.837175246384109,c3,branch_to_yeast
"(Eukaryota_Opisthokonta_Nucletmycea_Fungi_Dikarya_Ascomycota_Saccharomycotina_Saccharomycetes_Saccharomycetales_Saccharomyces_cerevisiae_baker_s_yeast, Node1652*)",945,3.3421000322333803,1.837175246384109,c3,branch_to_yeast
"(Eukaryota_Opisthokonta_Nucletmycea_Fungi_Dikarya_Ascomycota_Saccharomycotina_Saccharomycetes_Saccharomycetales_Saccharomyces_cerevisiae_baker_s_yeast, Node1652*)",946,3.3421000322333803,1.837175246384109,c3,branch_to_yeast
"(Eukaryota_Opisthokonta_Nucletmycea_Fungi_Dikarya_Ascomycota_Saccharomycotina_Saccharomycetes_Saccharomycetales_Saccharomyces_cerevisiae_baker_s_yeast, Node1652*)",947,2.9610622710287644,1.01655548421231,c4,branch_to_yeast
"(Eukaryota_Opisthokonta_Nucletmycea_Fungi_Dikarya_Ascomycota_Saccharomycotina_Saccharomycetes_Saccharomycetales_Saccharomyces_cerevisiae_baker_s_yeast, Node1652*)",948,-1.3281083842628854e-16,1.01655548421231,c4,branch_to_yeast
"(Eukaryota_Opisthokonta_Nucletmycea_Fungi_Dikarya_Ascomycota_Saccharomycotina_Saccharomycetes_Saccharomycetales_Saccharomyces_cerevisiae_baker_s_yeast, Node1652*)",949,3.3421000322333803,1.837175246384109,c3,branch_to_yeast
"(Eukaryota_Opisthokonta_Nucletmycea_Fungi_Dikarya_Ascomycota_Saccharomycotina_Saccharomycetes_Saccharomycetales_Saccharomyces_cerevisiae_baker_s_yeast, Node1652*)",950,2.2036494920422576,1.889559500203874,c2,branch_to_yeast
"(Eukaryota_Opisthokonta_Nucletmycea_Fungi_Dikarya_Ascomycota_Saccharomycotina_Saccharomycetes_Saccharomycetales_Saccharomyces_cerevisiae_baker_s_yeast, Node1652*)",951,-2.2647796267104773e-16,1.889559500203874,c2,branch_to_yeast
"(Eukaryota_Opisthokonta_Nucletmycea_Fungi_Dikarya_Ascomycota_Saccharomycotina_Saccharomycetes_Saccharomycetales_Saccharomyces_cerevisiae_baker_s_yeast, Node1652*)",952,2.9747327073946592,1.889559500203874,c2,branch_to_yeast
"(Eukaryota_Opisthokonta_Nucletmycea_Fungi_Dikarya_Ascomycota_Saccharomycotina_Saccharomycetes_Saccharomycetales_Saccharomyces_cerevisiae_baker_s_yeast, Node1652*)",953,2.976253267401704,2.347597172229281,c1,branch_to_yeast
"(Eukaryota_Opisthokonta_Nucletmycea_Fungi_Dikarya_Ascomycota_Saccharomycotina_Saccharomycetes_Saccharomycetales_Saccharomyces_cerevisiae_baker_s_yeast, Node1652*)",954,-1.9211780167415355e-16,1.889559500203874,c2,branch_to_yeast
"(Eukaryota_Opisthokonta_Nucletmycea_Fungi_Dikarya_Ascomycota_Saccharomycotina_Saccharomycetes_Saccharomycetales_Saccharomyces_cerevisiae_baker_s_yeast, Node1652*)",955,2.2036494920422576,1.889559500203874,c2,branch_to_yeast
"(Eukaryota_Opisthokonta_Nucletmycea_Fungi_Dikarya_Ascomycota_Saccharomycotina_Saccharomycetes_Saccharomycetales_Saccharomyces_cerevisiae_baker_s_yeast, Node1652*)",956,2.9747327073946592,1.889559500203874,c2,branch_to_yeast
"(Eukaryota_Opisthokonta_Nucletmycea_Fungi_Dikarya_Ascomycota_Saccharomycotina_Saccharomycetes_Saccharomycetales_Saccharomyces_cerevisiae_baker_s_yeast, Node1652*)",957,2.0451653719397487e-16,2.347597172229281,c1,branch_to_yeast
"(Eukaryota_Opisthokonta_Nucletmycea_Fungi_Dikarya_Ascomycota_Saccharomycotina_Saccharomycetes_Saccharomycetales_Saccharomyces_cerevisiae_baker_s_yeast, Node1652*)",958,-1.9647499470616943e-16,1.837175246384109,c3,branch_to_yeast
"(Eukaryota_Opisthokonta_Nucletmycea_Fungi_Dikarya_Ascomycota_Saccharomycotina_Saccharomycetes_Saccharomycetales_Saccharomyces_cerevisiae_baker_s_yeast, Node1652*)",959,-2.0216566198667816e-16,2.347597172229281,c1,branch_to_yeast
"(Eukaryota_Opisthokonta_Nucletmycea_Fungi_Dikarya_Ascomycota_Saccharomycotina_Saccharomycetes_Saccharomycetales_Saccharomyces_cerevisiae_baker_s_yeast, Node1652*)",960,2.976253267401704,2.347597172229281,c1,branch_to_yeast
"(Eukaryota_Opisthokonta_Nucletmycea_Fungi_Dikarya_Ascomycota_Saccharomycotina_Saccharomycetes_Saccharomycetales_Saccharomyces_cerevisiae_baker_s_yeast, Node1652*)",961,2.9747327073946592,1.889559500203874,c2,branch_to_yeast
"(Eukaryota_Opisthokonta_Nucletmycea_Fungi_Dikarya_Ascomycota_Saccharomycotina_Saccharomycetes_Saccharomycetales_Saccharomyces_cerevisiae_baker_s_yeast, Node1652*)",962,-1.896082326617768e-16,1.837175246384109,c3,branch_to_yeast
"(Eukaryota_Opisthokonta_Nucletmycea_Fungi_Dikarya_Ascomycota_Saccharomycotina_Saccharomycetes_Saccharomycetales_Saccharomyces_cerevisiae_baker_s_yeast, Node1652*)",963,2.9747327073946592,1.889559500203874,c2,branch_to_yeast
"(Eukaryota_Opisthokonta_Nucletmycea_Fungi_Dikarya_Ascomycota_Saccharomycotina_Saccharomycetes_Saccharomycetales_Saccharomyces_cerevisiae_baker_s_yeast, Node1652*)",964,2.1967652049440844,1.01655548421231,c4,branch_to_yeast
"(Eukaryota_Opisthokonta_Nucletmycea_Fungi_Dikarya_Ascomycota_Saccharomycotina_Saccharomycetes_Saccharomycetales_Saccharomyces_cerevisiae_baker_s_yeast, Node1652*)",965,2.2020190876113945,1.837175246384109,c3,branch_to_yeast
"(Eukaryota_Opisthokonta_Nucletmycea_Fungi_Dikarya_Ascomycota_Saccharomycotina_Saccharomycetes_Saccharomycetales_Saccharomyces_cerevisiae_baker_s_yeast, Node1652*)",966,2.2020190876113945,1.837175246384109,c3,branch_to_yeast
"(Eukaryota_Opisthokonta_Nucletmycea_Fungi_Dikarya_Ascomycota_Saccharomycotina_Saccharomycetes_Saccharomycetales_Saccharomyces_cerevisiae_baker_s_yeast, Node1652*)",967,2.971494938007999,1.837175246384109,c3,branch_to_yeast
"(Eukaryota_Opisthokonta_Nucletmycea_Fungi_Dikarya_Ascomycota_Saccharomycotina_Saccharomycetes_Saccharomycetales_Saccharomyces_cerevisiae_baker_s_yeast, Node1652*)",968,3.3421000322333803,1.837175246384109,c3,branch_to_yeast
"(Eukaryota_Opisthokonta_Nucletmycea_Fungi_Dikarya_Ascomycota_Saccharomycotina_Saccharomycetes_Saccharomycetales_Saccharomyces_cerevisiae_baker_s_yeast, Node1652*)",969,2.2036494920422576,1.889559500203874,c2,branch_to_yeast
"(Eukaryota_Opisthokonta_Nucletmycea_Fungi_Dikarya_Ascomycota_Saccharomycotina_Saccharomycetes_Saccharomycetales_Saccharomyces_cerevisiae_baker_s_yeast, Node1652*)",970,2.2036494920422576,1.889559500203874,c2,branch_to_yeast
"(Eukaryota_Opisthokonta_Nucletmycea_Fungi_Dikarya_Ascomycota_Saccharomycotina_Saccharomycetes_Saccharomycetales_Saccharomyces_cerevisiae_baker_s_yeast, Node1652*)",971,1.8053048271248122e-16,1.889559500203874,c2,branch_to_yeast
"(Eukaryota_Opisthokonta_Nucletmycea_Fungi_Dikarya_Ascomycota_Saccharomycotina_Saccharomycetes_Saccharomycetales_Saccharomyces_cerevisiae_baker_s_yeast, Node1652*)",972,3.3459213213490626,1.889559500203874,c2,branch_to_yeast
"(Eukaryota_Opisthokonta_Nucletmycea_Fungi_Dikarya_Ascomycota_Saccharomycotina_Saccharomycetes_Saccharomycetales_Saccharomyces_cerevisiae_baker_s_yeast, Node1652*)",973,2.204415160258556,2.347597172229281,c1,branch_to_yeast
"(Eukaryota_Opisthokonta_Nucletmycea_Fungi_Dikarya_Ascomycota_Saccharomycotina_Saccharomycetes_Saccharomycetales_Saccharomyces_cerevisiae_baker_s_yeast, Node1652*)",974,2.2020190876113945,1.837175246384109,c3,branch_to_yeast
"(Eukaryota_Opisthokonta_Nucletmycea_Fungi_Dikarya_Ascomycota_Saccharomycotina_Saccharomycetes_Saccharomycetales_Saccharomyces_cerevisiae_baker_s_yeast, Node1652*)",975,2.2020190876113945,1.837175246384109,c3,branch_to_yeast
"(Eukaryota_Opisthokonta_Nucletmycea_Fungi_Dikarya_Ascomycota_Saccharomycotina_Saccharomycetes_Saccharomycetales_Saccharomyces_cerevisiae_baker_s_yeast, Node1652*)",976,2.204415160258556,2.347597172229281,c1,branch_to_yeast
"(Eukaryota_Opisthokonta_Nucletmycea_Fungi_Dikarya_Ascomycota_Saccharomycotina_Saccharomycetes_Saccharomycetales_Saccharomyces_cerevisiae_baker_s_yeast, Node1652*)",977,2.2020190876113945,1.837175246384109,c3,branch_to_yeast
"(Eukaryota_Opisthokonta_Nucletmycea_Fungi_Dikarya_Ascomycota_Saccharomycotina_Saccharomycetes_Saccharomycetales_Saccharomyces_cerevisiae_baker_s_yeast, Node1652*)",978,3.3421000321218135,1.837175246384109,c3,branch_to_yeast
"(Eukaryota_Opisthokonta_Nucletmycea_Fungi_Dikarya_Ascomycota_Saccharomycotina_Saccharomycetes_Saccharomycetales_Saccharomyces_cerevisiae_baker_s_yeast, Node1652*)",979,2.971494938007999,1.837175246384109,c3,branch_to_yeast
"(Eukaryota_Opisthokonta_Nucletmycea_Fungi_Dikarya_Ascomycota_Saccharomycotina_Saccharomycetes_Saccharomycetales_Saccharomyces_cerevisiae_baker_s_yeast, Node1652*)",980,-2.0589173957344603e-16,1.889559500203874,c2,branch_to_yeast
"(Eukaryota_Opisthokonta_Nucletmycea_Fungi_Dikarya_Ascomycota_Saccharomycotina_Saccharomycetes_Saccharomycetales_Saccharomyces_cerevisiae_baker_s_yeast, Node1652*)",981,3.3459213213490626,1.889559500203874,c2,branch_to_yeast
"(Eukaryota_Opisthokonta_Nucletmycea_Fungi_Dikarya_Ascomycota_Saccharomycotina_Saccharomycetes_Saccharomycetales_Saccharomyces_cerevisiae_baker_s_yeast, Node1652*)",982,2.9747327073946592,1.889559500203874,c2,branch_to_yeast
"(Eukaryota_Opisthokonta_Nucletmycea_Fungi_Dikarya_Ascomycota_Saccharomycotina_Saccharomycetes_Saccharomycetales_Saccharomyces_cerevisiae_baker_s_yeast, Node1652*)",983,2.204415160258556,2.347597172229281,c1,branch_to_yeast
"(Eukaryota_Opisthokonta_Nucletmycea_Fungi_Dikarya_Ascomycota_Saccharomycotina_Saccharomycetes_Saccharomycetales_Saccharomyces_cerevisiae_baker_s_yeast, Node1652*)",984,3.3587827266914757e-16,2.347597172229281,c1,branch_to_yeast
"(Eukaryota_Opisthokonta_Nucletmycea_Fungi_Dikarya_Ascomycota_Saccharomycotina_Saccharomycetes_Saccharomycetales_Saccharomyces_cerevisiae_baker_s_yeast, Node1652*)",985,2.976253267401704,2.347597172229281,c1,branch_to_yeast
"(Eukaryota_Opisthokonta_Nucletmycea_Fungi_Dikarya_Ascomycota_Saccharomycotina_Saccharomycetes_Saccharomycetales_Saccharomyces_cerevisiae_baker_s_yeast, Node1652*)",986,-2.230868649411024e-16,1.889559500203874,c2,branch_to_yeast
"(Eukaryota_Opisthokonta_Nucletmycea_Fungi_Dikarya_Ascomycota_Saccharomycotina_Saccharomycetes_Saccharomycetales_Saccharomyces_cerevisiae_baker_s_yeast, Node1652*)",987,-2.1297425074438324e-16,1.889559500203874,c2,branch_to_yeast
"(Eukaryota_Opisthokonta_Nucletmycea_Fungi_Dikarya_Ascomycota_Saccharomycotina_Saccharomycetes_Saccharomycetales_Saccharomyces_cerevisiae_baker_s_yeast, Node1652*)",988,3.3421000322333803,1.837175246384109,c3,branch_to_yeast
"(Eukaryota_Opisthokonta_Nucletmycea_Fungi_Dikarya_Ascomycota_Saccharomycotina_Saccharomycetes_Saccharomycetales_Saccharomyces_cerevisiae_baker_s_yeast, Node1652*)",989,2.9747327073946592,1.889559500203874,c2,branch_to_yeast
"(Eukaryota_Opisthokonta_Nucletmycea_Fungi_Dikarya_Ascomycota_Saccharomycotina_Saccharomycetes_Saccharomycetales_Saccharomyces_cerevisiae_baker_s_yeast, Node1652*)",990,2.971494938007999,1.837175246384109,c3,branch_to_yeast
"(Eukaryota_Opisthokonta_Nucletmycea_Fungi_Dikarya_Ascomycota_Saccharomycotina_Saccharomycetes_Saccharomycetales_Saccharomyces_cerevisiae_baker_s_yeast, Node1652*)",991,-2.0444377841964138e-16,1.837175246384109,c3,branch_to_yeast
"(Eukaryota_Opisthokonta_Nucletmycea_Fungi_Dikarya_Ascomycota_Saccharomycotina_Saccharomycetes_Saccharomycetales_Saccharomyces_cerevisiae_baker_s_yeast, Node1652*)",992,-2.1636793036138567e-16,1.889559500203874,c2,branch_to_yeast
"(Eukaryota_Opisthokonta_Nucletmycea_Fungi_Dikarya_Ascomycota_Saccharomycotina_Saccharomycetes_Saccharomycetales_Saccharomyces_cerevisiae_baker_s_yeast, Node1652*)",993,2.204415160258556,2.347597172229281,c1,branch_to_yeast
"(Eukaryota_Opisthokonta_Nucletmycea_Fungi_Dikarya_Ascomycota_Saccharomycotina_Saccharomycetes_Saccharomycetales_Saccharomyces_cerevisiae_baker_s_yeast, Node1652*)",994,-2.3798863889973955e-16,2.347597172229281,c1,branch_to_yeast
"(Eukaryota_Opisthokonta_Nucletmycea_Fungi_Dikarya_Ascomycota_Saccharomycotina_Saccharomycetes_Saccharomycetales_Saccharomyces_cerevisiae_baker_s_yeast, Node1652*)",995,3.3459213213490626,1.889559500203874,c2,branch_to_yeast
"(Eukaryota_Opisthokonta_Nucletmycea_Fungi_Dikarya_Ascomycota_Saccharomycotina_Saccharomycetes_Saccharomycetales_Saccharomyces_cerevisiae_baker_s_yeast, Node1652*)",996,2.976253267401704,2.347597172229281,c1,branch_to_yeast
"(Eukaryota_Opisthokonta_Nucletmycea_Fungi_Dikarya_Ascomycota_Saccharomycotina_Saccharomycetes_Saccharomycetales_Saccharomyces_cerevisiae_baker_s_yeast, Node1652*)",997,2.204415160258556,2.347597172229281,c1,branch_to_yeast
"(Eukaryota_Opisthokonta_Nucletmycea_Fungi_Dikarya_Ascomycota_Saccharomycotina_Saccharomycetes_Saccharomycetales_Saccharomyces_cerevisiae_baker_s_yeast, Node1652*)",998,2.9747327073946592,1.889559500203874,c2,branch_to_yeast
"(Eukaryota_Opisthokonta_Nucletmycea_Fungi_Dikarya_Ascomycota_Saccharomycotina_Saccharomycetes_Saccharomycetales_Saccharomyces_cerevisiae_baker_s_yeast, Node1652*)",999,2.2036494920422576,1.889559500203874,c2,branch_to_yeast
"(Eukaryota_Opisthokonta_Nucletmycea_Fungi_Dikarya_Ascomycota_Saccharomycotina_Saccharomycetes_Saccharomycetales_Saccharomyces_cerevisiae_baker_s_yeast, Node1652*)",1000,2.204415160258556,2.347597172229281,c1,branch_to_yeast
"(Eukaryota_Opisthokonta_Nucletmycea_Fungi_Dikarya_Ascomycota_Saccharomycotina_Saccharomycetes_Saccharomycetales_Saccharomyces_cerevisiae_baker_s_yeast, Node1652*)",1001,-1.775983636035526e-16,2.347597172229281,c1,branch_to_yeast
"(Eukaryota_Opisthokonta_Nucletmycea_Fungi_Dikarya_Ascomycota_Saccharomycotina_Saccharomycetes_Saccharomycetales_Saccharomyces_cerevisiae_baker_s_yeast, Node1652*)",1002,2.2036494920422576,1.889559500203874,c2,branch_to_yeast
"(Eukaryota_Opisthokonta_Nucletmycea_Fungi_Dikarya_Ascomycota_Saccharomycotina_Saccharomycetes_Saccharomycetales_Saccharomyces_cerevisiae_baker_s_yeast, Node1652*)",1003,2.9747327073946592,1.889559500203874,c2,branch_to_yeast
"(Eukaryota_Opisthokonta_Nucletmycea_Fungi_Dikarya_Ascomycota_Saccharomycotina_Saccharomycetes_Saccharomycetales_Saccharomyces_cerevisiae_baker_s_yeast, Node1652*)",1004,2.976253267401704,2.347597172229281,c1,branch_to_yeast
"(Eukaryota_Opisthokonta_Nucletmycea_Fungi_Dikarya_Ascomycota_Saccharomycotina_Saccharomycetes_Saccharomycetales_Saccharomyces_cerevisiae_baker_s_yeast, Node1652*)",1005,2.976253267401704,2.347597172229281,c1,branch_to_yeast
"(Eukaryota_Opisthokonta_Nucletmycea_Fungi_Dikarya_Ascomycota_Saccharomycotina_Saccharomycetes_Saccharomycetales_Saccharomyces_cerevisiae_baker_s_yeast, Node1652*)",1006,-1.990178314055204e-16,2.347597172229281,c1,branch_to_yeast
"(Eukaryota_Opisthokonta_Nucletmycea_Fungi_Dikarya_Ascomycota_Saccharomycotina_Saccharomycetes_Saccharomycetales_Saccharomyces_cerevisiae_baker_s_yeast, Node1652*)",1007,3.0683245491776653e-16,1.889559500203874,c2,branch_to_yeast
"(Eukaryota_Opisthokonta_Nucletmycea_Fungi_Dikarya_Ascomycota_Saccharomycotina_Saccharomycetes_Saccharomycetales_Saccharomyces_cerevisiae_baker_s_yeast, Node1652*)",1008,3.3477171110772046,2.347597172229281,c1,branch_to_yeast
"(Eukaryota_Opisthokonta_Nucletmycea_Fungi_Dikarya_Ascomycota_Saccharomycotina_Saccharomycetes_Saccharomycetales_Saccharomyces_cerevisiae_baker_s_yeast, Node1652*)",1009,-2.198974919963017e-16,1.889559500203874,c2,branch_to_yeast
"(Eukaryota_Opisthokonta_Nucletmycea_Fungi_Dikarya_Ascomycota_Saccharomycotina_Saccharomycetes_Saccharomycetales_Saccharomyces_cerevisiae_baker_s_yeast, Node1652*)",1010,3.334674409382108e-16,2.347597172229281,c1,branch_to_yeast
"(Eukaryota_Opisthokonta_Nucletmycea_Fungi_Dikarya_Ascomycota_Saccharomycotina_Saccharomycetes_Saccharomycetales_Saccharomyces_cerevisiae_baker_s_yeast, Node1652*)",1011,2.204415160258556,2.347597172229281,c1,branch_to_yeast
"(Eukaryota_Opisthokonta_Nucletmycea_Fungi_Dikarya_Ascomycota_Saccharomycotina_Saccharomycetes_Saccharomycetales_Saccharomyces_cerevisiae_baker_s_yeast, Node1652*)",1012,2.204415160258556,2.347597172229281,c1,branch_to_yeast
"(Eukaryota_Opisthokonta_Nucletmycea_Fungi_Dikarya_Ascomycota_Saccharomycotina_Saccharomycetes_Saccharomycetales_Saccharomyces_cerevisiae_baker_s_yeast, Node1652*)",1013,2.976253267401704,2.347597172229281,c1,branch_to_yeast
"(Eukaryota_Opisthokonta_Nucletmycea_Fungi_Dikarya_Ascomycota_Saccharomycotina_Saccharomycetes_Saccharomycetales_Saccharomyces_cerevisiae_baker_s_yeast, Node1652*)",1014,-2.132841414603949e-16,1.889559500203874,c2,branch_to_yeast
"(Eukaryota_Opisthokonta_Nucletmycea_Fungi_Dikarya_Ascomycota_Saccharomycotina_Saccharomycetes_Saccharomycetales_Saccharomyces_cerevisiae_baker_s_yeast, Node1652*)",1015,-2.4010530640676976e-16,2.347597172229281,c1,branch_to_yeast
"(Eukaryota_Opisthokonta_Nucletmycea_Fungi_Dikarya_Ascomycota_Saccharomycotina_Saccharomycetes_Saccharomycetales_Saccharomyces_cerevisiae_baker_s_yeast, Node1652*)",1016,-2.5572464401542714e-16,2.347597172229281,c1,branch_to_yeast
"(Eukaryota_Opisthokonta_Nucletmycea_Fungi_Dikarya_Ascomycota_Saccharomycotina_Saccharomycetes_Saccharomycetales_Saccharomyces_cerevisiae_baker_s_yeast, Node1652*)",1017,2.971494938007999,1.837175246384109,c3,branch_to_yeast
"(Eukaryota_Opisthokonta_Nucletmycea_Fungi_Dikarya_Ascomycota_Saccharomycotina_Saccharomycetes_Saccharomycetales_Saccharomyces_cerevisiae_baker_s_yeast, Node1652*)",1018,-2.3480621609195093e-16,1.837175246384109,c3,branch_to_yeast
"(Eukaryota_Opisthokonta_Nucletmycea_Fungi_Dikarya_Ascomycota_Saccharomycotina_Saccharomycetes_Saccharomycetales_Saccharomyces_cerevisiae_baker_s_yeast, Node1652*)",1019,-1.8592321213896944e-16,1.889559500203874,c2,branch_to_yeast
"(Eukaryota_Opisthokonta_Nucletmycea_Fungi_Dikarya_Ascomycota_Saccharomycotina_Saccharomycetes_Saccharomycetales_Saccharomyces_cerevisiae_baker_s_yeast, Node1652*)",1020,2.2020190876113945,1.837175246384109,c3,branch_to_yeast
"(Eukaryota_Opisthokonta_Nucletmycea_Fungi_Dikarya_Ascomycota_Saccharomycotina_Saccharomycetes_Saccharomycetales_Saccharomyces_cerevisiae_baker_s_yeast, Node1652*)",1021,2.9747327073946592,1.889559500203874,c2,branch_to_yeast
"(Eukaryota_Opisthokonta_Nucletmycea_Fungi_Dikarya_Ascomycota_Saccharomycotina_Saccharomycetes_Saccharomycetales_Saccharomyces_cerevisiae_baker_s_yeast, Node1652*)",1022,2.971494938007999,1.837175246384109,c3,branch_to_yeast
"(Eukaryota_Opisthokonta_Nucletmycea_Fungi_Dikarya_Ascomycota_Saccharomycotina_Saccharomycetes_Saccharomycetales_Saccharomyces_cerevisiae_baker_s_yeast, Node1652*)",1023,2.204415160258556,2.347597172229281,c1,branch_to_yeast
"(Eukaryota_Opisthokonta_Nucletmycea_Fungi_Dikarya_Ascomycota_Saccharomycotina_Saccharomycetes_Saccharomycetales_Saccharomyces_cerevisiae_baker_s_yeast, Node1652*)",1024,2.976253267401704,2.347597172229281,c1,branch_to_yeast
"(Eukaryota_Opisthokonta_Nucletmycea_Fungi_Dikarya_Ascomycota_Saccharomycotina_Saccharomycetes_Saccharomycetales_Saccharomyces_cerevisiae_baker_s_yeast, Node1652*)",1025,3.3477171110772046,2.347597172229281,c1,branch_to_yeast
"(Eukaryota_Opisthokonta_Nucletmycea_Fungi_Dikarya_Ascomycota_Saccharomycotina_Saccharomycetes_Saccharomycetales_Saccharomyces_cerevisiae_baker_s_yeast, Node1652*)",1026,-2.4404775379137664e-16,1.889559500203874,c2,branch_to_yeast
"(Eukaryota_Opisthokonta_Nucletmycea_Fungi_Dikarya_Ascomycota_Saccharomycotina_Saccharomycetes_Saccharomycetales_Saccharomyces_cerevisiae_baker_s_yeast, Node1652*)",1027,2.9747327073946592,1.889559500203874,c2,branch_to_yeast
"(Eukaryota_Opisthokonta_Nucletmycea_Fungi_Dikarya_Ascomycota_Saccharomycotina_Saccharomycetes_Saccharomycetales_Saccharomyces_cerevisiae_baker_s_yeast, Node1652*)",1028,2.9747327073946592,1.889559500203874,c2,branch_to_yeast
"(Eukaryota_Opisthokonta_Nucletmycea_Fungi_Dikarya_Ascomycota_Saccharomycotina_Saccharomycetes_Saccharomycetales_Saccharomyces_cerevisiae_baker_s_yeast, Node1652*)",1029,3.3477171110772046,2.347597172229281,c1,branch_to_yeast
"(Eukaryota_Opisthokonta_Nucletmycea_Fungi_Dikarya_Ascomycota_Saccharomycotina_Saccharomycetes_Saccharomycetales_Saccharomyces_cerevisiae_baker_s_yeast, Node1652*)",1030,-6.171528703432651e-17,1.837175246384109,c3,branch_to_yeast
"(Eukaryota_Opisthokonta_Nucletmycea_Fungi_Dikarya_Ascomycota_Saccharomycotina_Saccharomycetes_Saccharomycetales_Saccharomyces_cerevisiae_baker_s_yeast, Node1652*)",1031,2.85651324763562e-16,1.837175246384109,c3,branch_to_yeast
"(Eukaryota_Opisthokonta_Nucletmycea_Fungi_Dikarya_Ascomycota_Saccharomycotina_Saccharomycetes_Saccharomycetales_Saccharomyces_cerevisiae_baker_s_yeast, Node1652*)",1032,2.971494938007999,1.837175246384109,c3,branch_to_yeast
"(Eukaryota_Opisthokonta_Nucletmycea_Fungi_Dikarya_Ascomycota_Saccharomycotina_Saccharomycetes_Saccharomycetales_Saccharomyces_cerevisiae_baker_s_yeast, Node1652*)",1033,3.3459213213490626,1.889559500203874,c2,branch_to_yeast
"(Eukaryota_Opisthokonta_Nucletmycea_Fungi_Dikarya_Ascomycota_Saccharomycotina_Saccharomycetes_Saccharomycetales_Saccharomyces_cerevisiae_baker_s_yeast, Node1652*)",1034,2.765294932912284e-16,1.889559500203874,c2,branch_to_yeast
"(Eukaryota_Opisthokonta_Nucletmycea_Fungi_Dikarya_Ascomycota_Saccharomycotina_Saccharomycetes_Saccharomycetales_Saccharomyces_cerevisiae_baker_s_yeast, Node1652*)",1035,2.204415160258556,2.347597172229281,c1,branch_to_yeast
"(Eukaryota_Opisthokonta_Nucletmycea_Fungi_Dikarya_Ascomycota_Saccharomycotina_Saccharomycetes_Saccharomycetales_Saccharomyces_cerevisiae_baker_s_yeast, Node1652*)",1036,3.3477171110772046,2.347597172229281,c1,branch_to_yeast
"(Eukaryota_Opisthokonta_Nucletmycea_Fungi_Dikarya_Ascomycota_Saccharomycotina_Saccharomycetes_Saccharomycetales_Saccharomyces_cerevisiae_baker_s_yeast, Node1652*)",1037,2.204415160258556,2.347597172229281,c1,branch_to_yeast
"(Eukaryota_Opisthokonta_Nucletmycea_Fungi_Dikarya_Ascomycota_Saccharomycotina_Saccharomycetes_Saccharomycetales_Saccharomyces_cerevisiae_baker_s_yeast, Node1652*)",1038,2.976253267401704,2.347597172229281,c1,branch_to_yeast
"(Eukaryota_Opisthokonta_Nucletmycea_Fungi_Dikarya_Ascomycota_Saccharomycotina_Saccharomycetes_Saccharomycetales_Saccharomyces_cerevisiae_baker_s_yeast, Node1652*)",1039,2.976253267401704,2.347597172229281,c1,branch_to_yeast
"(Eukaryota_Opisthokonta_Nucletmycea_Fungi_Dikarya_Ascomycota_Saccharomycotina_Saccharomycetes_Saccharomycetales_Saccharomyces_cerevisiae_baker_s_yeast, Node1652*)",1040,2.9747327073946592,1.889559500203874,c2,branch_to_yeast
"(Eukaryota_Opisthokonta_Nucletmycea_Fungi_Dikarya_Ascomycota_Saccharomycotina_Saccharomycetes_Saccharomycetales_Saccharomyces_cerevisiae_baker_s_yeast, Node1652*)",1041,2.204415160258556,2.347597172229281,c1,branch_to_yeast
"(Eukaryota_Opisthokonta_Nucletmycea_Fungi_Dikarya_Ascomycota_Saccharomycotina_Saccharomycetes_Saccharomycetales_Saccharomyces_cerevisiae_baker_s_yeast, Node1652*)",1042,3.3477171110772046,2.347597172229281,c1,branch_to_yeast
"(Eukaryota_Opisthokonta_Nucletmycea_Fungi_Dikarya_Ascomycota_Saccharomycotina_Saccharomycetes_Saccharomycetales_Saccharomyces_cerevisiae_baker_s_yeast, Node1652*)",1043,2.9747327073946592,1.889559500203874,c2,branch_to_yeast
"(Eukaryota_Opisthokonta_Nucletmycea_Fungi_Dikarya_Ascomycota_Saccharomycotina_Saccharomycetes_Saccharomycetales_Saccharomyces_cerevisiae_baker_s_yeast, Node1652*)",1044,-1.9795378172663427e-16,1.889559500203874,c2,branch_to_yeast
"(Eukaryota_Opisthokonta_Nucletmycea_Fungi_Dikarya_Ascomycota_Saccharomycotina_Saccharomycetes_Saccharomycetales_Saccharomyces_cerevisiae_baker_s_yeast, Node1652*)",1045,-2.1353165829641214e-16,1.889559500203874,c2,branch_to_yeast
"(Eukaryota_Opisthokonta_Nucletmycea_Fungi_Dikarya_Ascomycota_Saccharomycotina_Saccharomycetes_Saccharomycetales_Saccharomyces_cerevisiae_baker_s_yeast, Node1652*)",1046,-2.110853537648768e-16,1.837175246384109,c3,branch_to_yeast
"(Eukaryota_Opisthokonta_Nucletmycea_Fungi_Dikarya_Ascomycota_Saccharomycotina_Saccharomycetes_Saccharomycetales_Saccharomyces_cerevisiae_baker_s_yeast, Node1652*)",1047,2.2020190876113945,1.837175246384109,c3,branch_to_yeast
"(Eukaryota_Opisthokonta_Nucletmycea_Fungi_Dikarya_Ascomycota_Saccharomycotina_Saccharomycetes_Saccharomycetales_Saccharomyces_cerevisiae_baker_s_yeast, Node1652*)",1048,3.3421000322333803,1.837175246384109,c3,branch_to_yeast
"(Eukaryota_Opisthokonta_Nucletmycea_Fungi_Dikarya_Ascomycota_Saccharomycotina_Saccharomycetes_Saccharomycetales_Saccharomyces_cerevisiae_baker_s_yeast, Node1652*)",1049,3.3421000322333803,1.837175246384109,c3,branch_to_yeast
"(Eukaryota_Opisthokonta_Nucletmycea_Fungi_Dikarya_Ascomycota_Saccharomycotina_Saccharomycetes_Saccharomycetales_Saccharomyces_cerevisiae_baker_s_yeast, Node1652*)",1050,2.971494938007999,1.837175246384109,c3,branch_to_yeast
"(Eukaryota_Opisthokonta_Nucletmycea_Fungi_Dikarya_Ascomycota_Saccharomycotina_Saccharomycetes_Saccharomycetales_Saccharomyces_cerevisiae_baker_s_yeast, Node1652*)",1051,2.976253267401704,2.347597172229281,c1,branch_to_yeast
"(Eukaryota_Opisthokonta_Nucletmycea_Fungi_Dikarya_Ascomycota_Saccharomycotina_Saccharomycetes_Saccharomycetales_Saccharomyces_cerevisiae_baker_s_yeast, Node1652*)",1052,2.2036494920422576,1.889559500203874,c2,branch_to_yeast
"(Eukaryota_Opisthokonta_Nucletmycea_Fungi_Dikarya_Ascomycota_Saccharomycotina_Saccharomycetes_Saccharomycetales_Saccharomyces_cerevisiae_baker_s_yeast, Node1652*)",1053,2.2036494920422576,1.889559500203874,c2,branch_to_yeast
"(Eukaryota_Opisthokonta_Nucletmycea_Fungi_Dikarya_Ascomycota_Saccharomycotina_Saccharomycetes_Saccharomycetales_Saccharomyces_cerevisiae_baker_s_yeast, Node1652*)",1054,2.9747327073946592,1.889559500203874,c2,branch_to_yeast
"(Eukaryota_Opisthokonta_Nucletmycea_Fungi_Dikarya_Ascomycota_Saccharomycotina_Saccharomycetes_Saccharomycetales_Saccharomyces_cerevisiae_baker_s_yeast, Node1652*)",1055,3.3459213213490626,1.889559500203874,c2,branch_to_yeast
"(Eukaryota_Opisthokonta_Nucletmycea_Fungi_Dikarya_Ascomycota_Saccharomycotina_Saccharomycetes_Saccharomycetales_Saccharomyces_cerevisiae_baker_s_yeast, Node1652*)",1056,2.2020190876113945,1.837175246384109,c3,branch_to_yeast
"(Eukaryota_Opisthokonta_Nucletmycea_Fungi_Dikarya_Ascomycota_Saccharomycotina_Saccharomycetes_Saccharomycetales_Saccharomyces_cerevisiae_baker_s_yeast, Node1652*)",1057,-1.6763910675014322e-16,1.837175246384109,c3,branch_to_yeast
"(Eukaryota_Opisthokonta_Nucletmycea_Fungi_Dikarya_Ascomycota_Saccharomycotina_Saccharomycetes_Saccharomycetales_Saccharomyces_cerevisiae_baker_s_yeast, Node1652*)",1058,1.2063063143867819e-17,1.837175246384109,c3,branch_to_yeast
"(Eukaryota_Opisthokonta_Nucletmycea_Fungi_Dikarya_Ascomycota_Saccharomycotina_Saccharomycetes_Saccharomycetales_Saccharomyces_cerevisiae_baker_s_yeast, Node1652*)",1059,-6.101136292028234e-17,1.01655548421231,c4,branch_to_yeast
"(Eukaryota_Opisthokonta_Nucletmycea_Fungi_Dikarya_Ascomycota_Saccharomycotina_Saccharomycetes_Saccharomycetales_Saccharomyces_cerevisiae_baker_s_yeast, Node1652*)",1060,-5.622789028474429e-17,1.01655548421231,c4,branch_to_yeast
"(Eukaryota_Opisthokonta_Nucletmycea_Fungi_Dikarya_Ascomycota_Saccharomycotina_Saccharomycetes_Saccharomycetales_Saccharomyces_cerevisiae_baker_s_yeast, Node1652*)",1061,3.3421000322333803,1.837175246384109,c3,branch_to_yeast
"(Eukaryota_Opisthokonta_Nucletmycea_Fungi_Dikarya_Ascomycota_Saccharomycotina_Saccharomycetes_Saccharomycetales_Saccharomyces_cerevisiae_baker_s_yeast, Node1652*)",1062,-4.6908258927758496e-18,1.837175246384109,c3,branch_to_yeast
"(Eukaryota_Opisthokonta_Nucletmycea_Fungi_Dikarya_Ascomycota_Saccharomycotina_Saccharomycetes_Saccharomycetales_Saccharomyces_cerevisiae_baker_s_yeast, Node1652*)",1063,2.971494938007999,1.837175246384109,c3,branch_to_yeast
"(Eukaryota_Opisthokonta_Nucletmycea_Fungi_Dikarya_Ascomycota_Saccharomycotina_Saccharomycetes_Saccharomycetales_Saccharomyces_cerevisiae_baker_s_yeast, Node1652*)",1064,-2.001497997409373e-16,1.889559500203874,c2,branch_to_yeast
"(Eukaryota_Opisthokonta_Nucletmycea_Fungi_Dikarya_Ascomycota_Saccharomycotina_Saccharomycetes_Saccharomycetales_Saccharomyces_cerevisiae_baker_s_yeast, Node1652*)",1065,-2.361391710504864e-16,2.347597172229281,c1,branch_to_yeast
"(Eukaryota_Opisthokonta_Nucletmycea_Fungi_Dikarya_Ascomycota_Saccharomycotina_Saccharomycetes_Saccharomycetales_Saccharomyces_cerevisiae_baker_s_yeast, Node1652*)",1066,-2.0216566198667816e-16,2.347597172229281,c1,branch_to_yeast
"(Eukaryota_Opisthokonta_Nucletmycea_Fungi_Dikarya_Ascomycota_Saccharomycotina_Saccharomycetes_Saccharomycetales_Saccharomyces_cerevisiae_baker_s_yeast, Node1652*)",1067,2.720078401871253e-16,2.347597172229281,c1,branch_to_yeast
"(Eukaryota_Opisthokonta_Nucletmycea_Fungi_Dikarya_Ascomycota_Saccharomycotina_Saccharomycetes_Saccharomycetales_Saccharomyces_cerevisiae_baker_s_yeast, Node1652*)",1068,2.976253267401704,2.347597172229281,c1,branch_to_yeast
"(Eukaryota_Opisthokonta_Nucletmycea_Fungi_Dikarya_Ascomycota_Saccharomycotina_Saccharomycetes_Saccharomycetales_Saccharomyces_cerevisiae_baker_s_yeast, Node1652*)",1069,2.971494938007999,1.837175246384109,c3,branch_to_yeast
"(Eukaryota_Opisthokonta_Nucletmycea_Fungi_Dikarya_Ascomycota_Saccharomycotina_Saccharomycetes_Saccharomycetales_Saccharomyces_cerevisiae_baker_s_yeast, Node1652*)",1070,-1.9431309570829982e-16,2.347597172229281,c1,branch_to_yeast
"(Eukaryota_Opisthokonta_Nucletmycea_Fungi_Dikarya_Ascomycota_Saccharomycotina_Saccharomycetes_Saccharomycetales_Saccharomyces_cerevisiae_baker_s_yeast, Node1652*)",1071,3.3477171110772046,2.347597172229281,c1,branch_to_yeast
"(Eukaryota_Opisthokonta_Nucletmycea_Fungi_Dikarya_Ascomycota_Saccharomycotina_Saccharomycetes_Saccharomycetales_Saccharomyces_cerevisiae_baker_s_yeast, Node1652*)",1072,2.971494938007999,1.837175246384109,c3,branch_to_yeast
"(Eukaryota_Opisthokonta_Nucletmycea_Fungi_Dikarya_Ascomycota_Saccharomycotina_Saccharomycetes_Saccharomycetales_Saccharomyces_cerevisiae_baker_s_yeast, Node1652*)",1073,2.976253267401704,2.347597172229281,c1,branch_to_yeast
"(Eukaryota_Opisthokonta_Nucletmycea_Fungi_Dikarya_Ascomycota_Saccharomycotina_Saccharomycetes_Saccharomycetales_Saccharomyces_cerevisiae_baker_s_yeast, Node1652*)",1074,-1.9932548321423015e-16,1.837175246384109,c3,branch_to_yeast
"(Eukaryota_Opisthokonta_Nucletmycea_Fungi_Dikarya_Ascomycota_Saccharomycotina_Saccharomycetes_Saccharomycetales_Saccharomyces_cerevisiae_baker_s_yeast, Node1652*)",1075,2.2020190876113945,1.837175246384109,c3,branch_to_yeast
"(Eukaryota_Opisthokonta_Nucletmycea_Fungi_Dikarya_Ascomycota_Saccharomycotina_Saccharomycetes_Saccharomycetales_Saccharomyces_cerevisiae_baker_s_yeast, Node1652*)",1076,2.971494938007999,1.837175246384109,c3,branch_to_yeast
"(Eukaryota_Opisthokonta_Nucletmycea_Fungi_Dikarya_Ascomycota_Saccharomycotina_Saccharomycetes_Saccharomycetales_Saccharomyces_cerevisiae_baker_s_yeast, Node1652*)",1077,2.971494938007999,1.837175246384109,c3,branch_to_yeast
"(Eukaryota_Opisthokonta_Nucletmycea_Fungi_Dikarya_Ascomycota_Saccharomycotina_Saccharomycetes_Saccharomycetales_Saccharomyces_cerevisiae_baker_s_yeast, Node1652*)",1078,3.3477171110772046,2.347597172229281,c1,branch_to_yeast
"(Eukaryota_Opisthokonta_Nucletmycea_Fungi_Dikarya_Ascomycota_Saccharomycotina_Saccharomycetes_Saccharomycetales_Saccharomyces_cerevisiae_baker_s_yeast, Node1652*)",1079,2.204415160258556,2.347597172229281,c1,branch_to_yeast
"(Eukaryota_Opisthokonta_Nucletmycea_Fungi_Dikarya_Ascomycota_Saccharomycotina_Saccharomycetes_Saccharomycetales_Saccharomyces_cerevisiae_baker_s_yeast, Node1652*)",1080,2.976253267401704,2.347597172229281,c1,branch_to_yeast
"(Eukaryota_Opisthokonta_Nucletmycea_Fungi_Dikarya_Ascomycota_Saccharomycotina_Saccharomycetes_Saccharomycetales_Saccharomyces_cerevisiae_baker_s_yeast, Node1652*)",1081,2.976253267401704,2.347597172229281,c1,branch_to_yeast
"(Eukaryota_Opisthokonta_Nucletmycea_Fungi_Dikarya_Ascomycota_Saccharomycotina_Saccharomycetes_Saccharomycetales_Saccharomyces_cerevisiae_baker_s_yeast, Node1652*)",1082,2.976253267401704,2.347597172229281,c1,branch_to_yeast
"(Eukaryota_Opisthokonta_Nucletmycea_Fungi_Dikarya_Ascomycota_Saccharomycotina_Saccharomycetes_Saccharomycetales_Saccharomyces_cerevisiae_baker_s_yeast, Node1652*)",1083,2.204415160258556,2.347597172229281,c1,branch_to_yeast
"(Eukaryota_Opisthokonta_Nucletmycea_Fungi_Dikarya_Ascomycota_Saccharomycotina_Saccharomycetes_Saccharomycetales_Saccharomyces_cerevisiae_baker_s_yeast, Node1652*)",1084,-2.3656631181597007e-16,2.347597172229281,c1,branch_to_yeast
"(Eukaryota_Opisthokonta_Nucletmycea_Fungi_Dikarya_Ascomycota_Saccharomycotina_Saccharomycetes_Saccharomycetales_Saccharomyces_cerevisiae_baker_s_yeast, Node1652*)",1085,-2.155458549030964e-16,1.889559500203874,c2,branch_to_yeast
"(Eukaryota_Opisthokonta_Nucletmycea_Fungi_Dikarya_Ascomycota_Saccharomycotina_Saccharomycetes_Saccharomycetales_Saccharomyces_cerevisiae_baker_s_yeast, Node1652*)",1086,2.9747327073946592,1.889559500203874,c2,branch_to_yeast
"(Eukaryota_Opisthokonta_Nucletmycea_Fungi_Dikarya_Ascomycota_Saccharomycotina_Saccharomycetes_Saccharomycetales_Saccharomyces_cerevisiae_baker_s_yeast, Node1652*)",1087,2.204415160258556,2.347597172229281,c1,branch_to_yeast
"(Eukaryota_Opisthokonta_Nucletmycea_Fungi_Dikarya_Ascomycota_Saccharomycotina_Saccharomycetes_Saccharomycetales_Saccharomyces_cerevisiae_baker_s_yeast, Node1652*)",1088,2.204415160258556,2.347597172229281,c1,branch_to_yeast
"(Eukaryota_Opisthokonta_Nucletmycea_Fungi_Dikarya_Ascomycota_Saccharomycotina_Saccharomycetes_Saccharomycetales_Saccharomyces_cerevisiae_baker_s_yeast, Node1652*)",1089,2.204415160258556,2.347597172229281,c1,branch_to_yeast
"(Eukaryota_Opisthokonta_Nucletmycea_Fungi_Dikarya_Ascomycota_Saccharomycotina_Saccharomycetes_Saccharomycetales_Saccharomyces_cerevisiae_baker_s_yeast, Node1652*)",1090,2.2020190876113945,1.837175246384109,c3,branch_to_yeast
"(Eukaryota_Opisthokonta_Nucletmycea_Fungi_Dikarya_Ascomycota_Saccharomycotina_Saccharomycetes_Saccharomycetales_Saccharomyces_cerevisiae_baker_s_yeast, Node1652*)",1091,2.976253267401704,2.347597172229281,c1,branch_to_yeast
"(Eukaryota_Opisthokonta_Nucletmycea_Fungi_Dikarya_Ascomycota_Saccharomycotina_Saccharomycetes_Saccharomycetales_Saccharomyces_cerevisiae_baker_s_yeast, Node1652*)",1092,-2.336505968906131e-16,1.889559500203874,c2,branch_to_yeast
"(Eukaryota_Opisthokonta_Nucletmycea_Fungi_Dikarya_Ascomycota_Saccharomycotina_Saccharomycetes_Saccharomycetales_Saccharomyces_cerevisiae_baker_s_yeast, Node1652*)",1093,3.3477171110772046,2.347597172229281,c1,branch_to_yeast
"(Eukaryota_Opisthokonta_Nucletmycea_Fungi_Dikarya_Ascomycota_Saccharomycotina_Saccharomycetes_Saccharomycetales_Saccharomyces_cerevisiae_baker_s_yeast, Node1652*)",1094,2.2020190876113945,1.837175246384109,c3,branch_to_yeast
"(Eukaryota_Opisthokonta_Nucletmycea_Fungi_Dikarya_Ascomycota_Saccharomycotina_Saccharomycetes_Saccharomycetales_Saccharomyces_cerevisiae_baker_s_yeast, Node1652*)",1095,2.976253267401704,2.347597172229281,c1,branch_to_yeast
"(Eukaryota_Opisthokonta_Nucletmycea_Fungi_Dikarya_Ascomycota_Saccharomycotina_Saccharomycetes_Saccharomycetales_Saccharomyces_cerevisiae_baker_s_yeast, Node1652*)",1096,2.976253267401704,2.347597172229281,c1,branch_to_yeast
"(Eukaryota_Opisthokonta_Nucletmycea_Fungi_Dikarya_Ascomycota_Saccharomycotina_Saccharomycetes_Saccharomycetales_Saccharomyces_cerevisiae_baker_s_yeast, Node1652*)",1097,2.2036494920422576,1.889559500203874,c2,branch_to_yeast
"(Eukaryota_Opisthokonta_Nucletmycea_Fungi_Dikarya_Ascomycota_Saccharomycotina_Saccharomycetes_Saccharomycetales_Saccharomyces_cerevisiae_baker_s_yeast, Node1652*)",1098,2.9747327073946592,1.889559500203874,c2,branch_to_yeast
"(Eukaryota_Opisthokonta_Nucletmycea_Fungi_Dikarya_Ascomycota_Saccharomycotina_Saccharomycetes_Saccharomycetales_Saccharomyces_cerevisiae_baker_s_yeast, Node1652*)",1099,-2.393384297480721e-16,2.347597172229281,c1,branch_to_yeast
"(Eukaryota_Opisthokonta_Nucletmycea_Fungi_Dikarya_Ascomycota_Saccharomycotina_Saccharomycetes_Saccharomycetales_Saccharomyces_cerevisiae_baker_s_yeast, Node1652*)",1100,2.204415160258556,2.347597172229281,c1,branch_to_yeast
"(Eukaryota_Opisthokonta_Nucletmycea_Fungi_Dikarya_Ascomycota_Saccharomycotina_Saccharomycetes_Saccharomycetales_Saccharomyces_cerevisiae_baker_s_yeast, Node1652*)",1101,2.976253267401704,2.347597172229281,c1,branch_to_yeast
"(Eukaryota_Opisthokonta_Nucletmycea_Fungi_Dikarya_Ascomycota_Saccharomycotina_Saccharomycetes_Saccharomycetales_Saccharomyces_cerevisiae_baker_s_yeast, Node1652*)",1102,3.6867310652174555e-28,2.347597172229281,c1,branch_to_yeast
"(Eukaryota_Opisthokonta_Nucletmycea_Fungi_Dikarya_Ascomycota_Saccharomycotina_Saccharomycetes_Saccharomycetales_Saccharomyces_cerevisiae_baker_s_yeast, Node1652*)",1103,3.3477171110772046,2.347597172229281,c1,branch_to_yeast
"(Eukaryota_Opisthokonta_Nucletmycea_Fungi_Dikarya_Ascomycota_Saccharomycotina_Saccharomycetes_Saccharomycetales_Saccharomyces_cerevisiae_baker_s_yeast, Node1652*)",1104,2.976253267401704,2.347597172229281,c1,branch_to_yeast
"(Eukaryota_Opisthokonta_Nucletmycea_Fungi_Dikarya_Ascomycota_Saccharomycotina_Saccharomycetes_Saccharomycetales_Saccharomyces_cerevisiae_baker_s_yeast, Node1652*)",1105,2.204415160258556,2.347597172229281,c1,branch_to_yeast
"(Eukaryota_Opisthokonta_Nucletmycea_Fungi_Dikarya_Ascomycota_Saccharomycotina_Saccharomycetes_Saccharomycetales_Saccharomyces_cerevisiae_baker_s_yeast, Node1652*)",1106,2.976253267401704,2.347597172229281,c1,branch_to_yeast
"(Eukaryota_Opisthokonta_Nucletmycea_Fungi_Dikarya_Ascomycota_Saccharomycotina_Saccharomycetes_Saccharomycetales_Saccharomyces_cerevisiae_baker_s_yeast, Node1652*)",1107,-2.3545916888355414e-16,2.347597172229281,c1,branch_to_yeast
"(Eukaryota_Opisthokonta_Nucletmycea_Fungi_Dikarya_Ascomycota_Saccharomycotina_Saccharomycetes_Saccharomycetales_Saccharomyces_cerevisiae_baker_s_yeast, Node1652*)",1108,2.976253267401704,2.347597172229281,c1,branch_to_yeast
"(Eukaryota_Opisthokonta_Nucletmycea_Fungi_Dikarya_Ascomycota_Saccharomycotina_Saccharomycetes_Saccharomycetales_Saccharomyces_cerevisiae_baker_s_yeast, Node1652*)",1109,3.3477171110772046,2.347597172229281,c1,branch_to_yeast
"(Eukaryota_Opisthokonta_Nucletmycea_Fungi_Dikarya_Ascomycota_Saccharomycotina_Saccharomycetes_Saccharomycetales_Saccharomyces_cerevisiae_baker_s_yeast, Node1652*)",1110,3.3477171110772046,2.347597172229281,c1,branch_to_yeast
"(Eukaryota_Opisthokonta_Nucletmycea_Fungi_Dikarya_Ascomycota_Saccharomycotina_Saccharomycetes_Saccharomycetales_Saccharomyces_cerevisiae_baker_s_yeast, Node1652*)",1111,2.204415160258556,2.347597172229281,c1,branch_to_yeast
"(Eukaryota_Opisthokonta_Nucletmycea_Fungi_Dikarya_Ascomycota_Saccharomycotina_Saccharomycetes_Saccharomycetales_Saccharomyces_cerevisiae_baker_s_yeast, Node1652*)",1112,-2.2508114585236203e-16,1.889559500203874,c2,branch_to_yeast
"(Eukaryota_Opisthokonta_Nucletmycea_Fungi_Dikarya_Ascomycota_Saccharomycotina_Saccharomycetes_Saccharomycetales_Saccharomyces_cerevisiae_baker_s_yeast, Node1652*)",1113,3.3459213213490626,1.889559500203874,c2,branch_to_yeast
"(Eukaryota_Opisthokonta_Nucletmycea_Fungi_Dikarya_Ascomycota_Saccharomycotina_Saccharomycetes_Saccharomycetales_Saccharomyces_cerevisiae_baker_s_yeast, Node1652*)",1114,2.204415160258556,2.347597172229281,c1,branch_to_yeast
"(Eukaryota_Opisthokonta_Nucletmycea_Fungi_Dikarya_Ascomycota_Saccharomycotina_Saccharomycetes_Saccharomycetales_Saccharomyces_cerevisiae_baker_s_yeast, Node1652*)",1115,3.6867310652174555e-28,2.347597172229281,c1,branch_to_yeast
"(Eukaryota_Opisthokonta_Nucletmycea_Fungi_Dikarya_Ascomycota_Saccharomycotina_Saccharomycetes_Saccharomycetales_Saccharomyces_cerevisiae_baker_s_yeast, Node1652*)",1116,2.976253267401704,2.347597172229281,c1,branch_to_yeast
"(Eukaryota_Opisthokonta_Nucletmycea_Fungi_Dikarya_Ascomycota_Saccharomycotina_Saccharomycetes_Saccharomycetales_Saccharomyces_cerevisiae_baker_s_yeast, Node1652*)",1117,2.204415160258556,2.347597172229281,c1,branch_to_yeast
"(Eukaryota_Opisthokonta_Nucletmycea_Fungi_Dikarya_Ascomycota_Saccharomycotina_Saccharomycetes_Saccharomycetales_Saccharomyces_cerevisiae_baker_s_yeast, Node1652*)",1118,3.3689908639307253e-16,2.347597172229281,c1,branch_to_yeast
"(Eukaryota_Opisthokonta_Nucletmycea_Fungi_Dikarya_Ascomycota_Saccharomycotina_Saccharomycetes_Saccharomycetales_Saccharomyces_cerevisiae_baker_s_yeast, Node1652*)",1119,3.3477171110772046,2.347597172229281,c1,branch_to_yeast
"(Eukaryota_Opisthokonta_Nucletmycea_Fungi_Dikarya_Ascomycota_Saccharomycotina_Saccharomycetes_Saccharomycetales_Saccharomyces_cerevisiae_baker_s_yeast, Node1652*)",1120,-2.379776116740168e-16,2.347597172229281,c1,branch_to_yeast
"(Eukaryota_Opisthokonta_Nucletmycea_Fungi_Dikarya_Ascomycota_Saccharomycotina_Saccharomycetes_Saccharomycetales_Saccharomyces_cerevisiae_baker_s_yeast, Node1652*)",1121,-2.124704678251768e-16,1.889559500203874,c2,branch_to_yeast
"(Eukaryota_Opisthokonta_Nucletmycea_Fungi_Dikarya_Ascomycota_Saccharomycotina_Saccharomycetes_Saccharomycetales_Saccharomyces_cerevisiae_baker_s_yeast, Node1652*)",1122,2.9747327073946592,1.889559500203874,c2,branch_to_yeast
"(Eukaryota_Opisthokonta_Nucletmycea_Fungi_Dikarya_Ascomycota_Saccharomycotina_Saccharomycetes_Saccharomycetales_Saccharomyces_cerevisiae_baker_s_yeast, Node1652*)",1123,2.9747327073946592,1.889559500203874,c2,branch_to_yeast
"(Eukaryota_Opisthokonta_Nucletmycea_Fungi_Dikarya_Ascomycota_Saccharomycotina_Saccharomycetes_Saccharomycetales_Saccharomyces_cerevisiae_baker_s_yeast, Node1652*)",1124,3.3477171110772046,2.347597172229281,c1,branch_to_yeast
"(Eukaryota_Opisthokonta_Nucletmycea_Fungi_Dikarya_Ascomycota_Saccharomycotina_Saccharomycetes_Saccharomycetales_Saccharomyces_cerevisiae_baker_s_yeast, Node1652*)",1125,3.3421000322333803,1.837175246384109,c3,branch_to_yeast
"(Eukaryota_Opisthokonta_Nucletmycea_Fungi_Dikarya_Ascomycota_Saccharomycotina_Saccharomycetes_Saccharomycetales_Saccharomyces_cerevisiae_baker_s_yeast, Node1652*)",1126,2.9747327073946592,1.889559500203874,c2,branch_to_yeast
"(Eukaryota_Opisthokonta_Nucletmycea_Fungi_Dikarya_Ascomycota_Saccharomycotina_Saccharomycetes_Saccharomycetales_Saccharomyces_cerevisiae_baker_s_yeast, Node1652*)",1127,-2.3517824262865925e-16,2.347597172229281,c1,branch_to_yeast
"(Eukaryota_Opisthokonta_Nucletmycea_Fungi_Dikarya_Ascomycota_Saccharomycotina_Saccharomycetes_Saccharomycetales_Saccharomyces_cerevisiae_baker_s_yeast, Node1652*)",1128,2.976253267401704,2.347597172229281,c1,branch_to_yeast
"(Eukaryota_Opisthokonta_Nucletmycea_Fungi_Dikarya_Ascomycota_Saccharomycotina_Saccharomycetes_Saccharomycetales_Saccharomyces_cerevisiae_baker_s_yeast, Node1652*)",1129,2.976253267401704,2.347597172229281,c1,branch_to_yeast
"(Eukaryota_Opisthokonta_Nucletmycea_Fungi_Dikarya_Ascomycota_Saccharomycotina_Saccharomycetes_Saccharomycetales_Saccharomyces_cerevisiae_baker_s_yeast, Node1652*)",1130,2.976253267401704,2.347597172229281,c1,branch_to_yeast
"(Eukaryota_Opisthokonta_Nucletmycea_Fungi_Dikarya_Ascomycota_Saccharomycotina_Saccharomycetes_Saccharomycetales_Saccharomyces_cerevisiae_baker_s_yeast, Node1652*)",1131,3.3477171110772046,2.347597172229281,c1,branch_to_yeast
"(Eukaryota_Opisthokonta_Nucletmycea_Fungi_Dikarya_Ascomycota_Saccharomycotina_Saccharomycetes_Saccharomycetales_Saccharomyces_cerevisiae_baker_s_yeast, Node1652*)",1132,-2.4039394059797784e-16,1.889559500203874,c2,branch_to_yeast
"(Eukaryota_Opisthokonta_Nucletmycea_Fungi_Dikarya_Ascomycota_Saccharomycotina_Saccharomycetes_Saccharomycetales_Saccharomyces_cerevisiae_baker_s_yeast, Node1652*)",1133,2.9747327073946592,1.889559500203874,c2,branch_to_yeast
"(Eukaryota_Opisthokonta_Nucletmycea_Fungi_Dikarya_Ascomycota_Saccharomycotina_Saccharomycetes_Saccharomycetales_Saccharomyces_cerevisiae_baker_s_yeast, Node1652*)",1134,-2.438901364372694e-16,2.347597172229281,c1,branch_to_yeast
"(Eukaryota_Opisthokonta_Nucletmycea_Fungi_Dikarya_Ascomycota_Saccharomycotina_Saccharomycetes_Saccharomycetales_Saccharomyces_cerevisiae_baker_s_yeast, Node1652*)",1135,2.204415160258556,2.347597172229281,c1,branch_to_yeast
"(Eukaryota_Opisthokonta_Nucletmycea_Fungi_Dikarya_Ascomycota_Saccharomycotina_Saccharomycetes_Saccharomycetales_Saccharomyces_cerevisiae_baker_s_yeast, Node1652*)",1136,3.3421000322333803,1.837175246384109,c3,branch_to_yeast
"(Eukaryota_Opisthokonta_Nucletmycea_Fungi_Dikarya_Ascomycota_Saccharomycotina_Saccharomycetes_Saccharomycetales_Saccharomyces_cerevisiae_baker_s_yeast, Node1652*)",1137,3.3421000322333803,1.837175246384109,c3,branch_to_yeast
"(Eukaryota_Opisthokonta_Nucletmycea_Fungi_Dikarya_Ascomycota_Saccharomycotina_Saccharomycetes_Saccharomycetales_Saccharomyces_cerevisiae_baker_s_yeast, Node1652*)",1138,2.2020190876113945,1.837175246384109,c3,branch_to_yeast
"(Eukaryota_Opisthokonta_Nucletmycea_Fungi_Dikarya_Ascomycota_Saccharomycotina_Saccharomycetes_Saccharomycetales_Saccharomyces_cerevisiae_baker_s_yeast, Node1652*)",1139,2.9747327073946592,1.889559500203874,c2,branch_to_yeast
"(Eukaryota_Opisthokonta_Nucletmycea_Fungi_Dikarya_Ascomycota_Saccharomycotina_Saccharomycetes_Saccharomycetales_Saccharomyces_cerevisiae_baker_s_yeast, Node1652*)",1140,3.3459213213490626,1.889559500203874,c2,branch_to_yeast
"(Eukaryota_Opisthokonta_Nucletmycea_Fungi_Dikarya_Ascomycota_Saccharomycotina_Saccharomycetes_Saccharomycetales_Saccharomyces_cerevisiae_baker_s_yeast, Node1652*)",1141,-2.381123056124357e-16,2.347597172229281,c1,branch_to_yeast
"(Eukaryota_Opisthokonta_Nucletmycea_Fungi_Dikarya_Ascomycota_Saccharomycotina_Saccharomycetes_Saccharomycetales_Saccharomyces_cerevisiae_baker_s_yeast, Node1652*)",1142,2.9747327073946592,1.889559500203874,c2,branch_to_yeast
"(Eukaryota_Opisthokonta_Nucletmycea_Fungi_Dikarya_Ascomycota_Saccharomycotina_Saccharomycetes_Saccharomycetales_Saccharomyces_cerevisiae_baker_s_yeast, Node1652*)",1143,2.2036494920422576,1.889559500203874,c2,branch_to_yeast
"(Eukaryota_Opisthokonta_Nucletmycea_Fungi_Dikarya_Ascomycota_Saccharomycotina_Saccharomycetes_Saccharomycetales_Saccharomyces_cerevisiae_baker_s_yeast, Node1652*)",1144,2.2020190876113945,1.837175246384109,c3,branch_to_yeast
"(Eukaryota_Opisthokonta_Nucletmycea_Fungi_Dikarya_Ascomycota_Saccharomycotina_Saccharomycetes_Saccharomycetales_Saccharomyces_cerevisiae_baker_s_yeast, Node1652*)",1145,2.2036494920422576,1.889559500203874,c2,branch_to_yeast
"(Eukaryota_Opisthokonta_Nucletmycea_Fungi_Dikarya_Ascomycota_Saccharomycotina_Saccharomycetes_Saccharomycetales_Saccharomyces_cerevisiae_baker_s_yeast, Node1652*)",1146,2.9747327073946592,1.889559500203874,c2,branch_to_yeast
"(Eukaryota_Opisthokonta_Nucletmycea_Fungi_Dikarya_Ascomycota_Saccharomycotina_Saccharomycetes_Saccharomycetales_Saccharomyces_cerevisiae_baker_s_yeast, Node1652*)",1147,-8.96309949885865e-17,1.889559500203874,c2,branch_to_yeast
"(Eukaryota_Opisthokonta_Nucletmycea_Fungi_Dikarya_Ascomycota_Saccharomycotina_Saccharomycetes_Saccharomycetales_Saccharomyces_cerevisiae_baker_s_yeast, Node1652*)",1148,3.3421000322333803,1.837175246384109,c3,branch_to_yeast
"(Eukaryota_Opisthokonta_Nucletmycea_Fungi_Dikarya_Ascomycota_Saccharomycotina_Saccharomycetes_Saccharomycetales_Saccharomyces_cerevisiae_baker_s_yeast, Node1652*)",1149,2.2020190876113945,1.837175246384109,c3,branch_to_yeast
"(Eukaryota_Opisthokonta_Nucletmycea_Fungi_Dikarya_Ascomycota_Saccharomycotina_Saccharomycetes_Saccharomycetales_Saccharomyces_cerevisiae_baker_s_yeast, Node1652*)",1150,2.2036494920422576,1.889559500203874,c2,branch_to_yeast
"(Eukaryota_Opisthokonta_Nucletmycea_Fungi_Dikarya_Ascomycota_Saccharomycotina_Saccharomycetes_Saccharomycetales_Saccharomyces_cerevisiae_baker_s_yeast, Node1652*)",1151,2.1967652049440844,1.01655548421231,c4,branch_to_yeast
"(Eukaryota_Opisthokonta_Nucletmycea_Fungi_Dikarya_Ascomycota_Saccharomycotina_Saccharomycetes_Saccharomycetales_Saccharomyces_cerevisiae_baker_s_yeast, Node1652*)",1152,-1.8605367770004678e-16,1.01655548421231,c4,branch_to_yeast
"(Eukaryota_Opisthokonta_Nucletmycea_Fungi_Dikarya_Ascomycota_Saccharomycotina_Saccharomycetes_Saccharomycetales_Saccharomyces_cerevisiae_baker_s_yeast, Node1652*)",1153,2.1967652049440844,1.01655548421231,c4,branch_to_yeast
"(Eukaryota_Opisthokonta_Nucletmycea_Fungi_Dikarya_Ascomycota_Saccharomycotina_Saccharomycetes_Saccharomycetales_Saccharomyces_cerevisiae_baker_s_yeast, Node1652*)",1154,2.1967652048144446,1.01655548421231,c4,branch_to_yeast
"(Eukaryota_Opisthokonta_Nucletmycea_Fungi_Dikarya_Ascomycota_Saccharomycotina_Saccharomycetes_Saccharomycetales_Saccharomyces_cerevisiae_baker_s_yeast, Node1652*)",1155,-1.9032675109314603e-16,1.01655548421231,c4,branch_to_yeast
"(Eukaryota_Opisthokonta_Nucletmycea_Fungi_Dikarya_Ascomycota_Saccharomycotina_Saccharomycetes_Saccharomycetales_Saccharomyces_cerevisiae_baker_s_yeast, Node1652*)",1156,2.2020190876113945,1.837175246384109,c3,branch_to_yeast
"(Eukaryota_Opisthokonta_Nucletmycea_Fungi_Dikarya_Ascomycota_Saccharomycotina_Saccharomycetes_Saccharomycetales_Saccharomyces_cerevisiae_baker_s_yeast, Node1652*)",1157,-2.24716063309722e-16,1.837175246384109,c3,branch_to_yeast
"(Eukaryota_Opisthokonta_Nucletmycea_Fungi_Dikarya_Ascomycota_Saccharomycotina_Saccharomycetes_Saccharomycetales_Saccharomyces_cerevisiae_baker_s_yeast, Node1652*)",1158,-7.702855313374279e-17,1.837175246384109,c3,branch_to_yeast
"(Eukaryota_Opisthokonta_Nucletmycea_Fungi_Dikarya_Ascomycota_Saccharomycotina_Saccharomycetes_Saccharomycetales_Saccharomyces_cerevisiae_baker_s_yeast, Node1652*)",1159,2.8704831318576744e-16,1.837175246384109,c3,branch_to_yeast
"(Eukaryota_Opisthokonta_Nucletmycea_Fungi_Dikarya_Ascomycota_Saccharomycotina_Saccharomycetes_Saccharomycetales_Saccharomyces_cerevisiae_baker_s_yeast, Node1652*)",1160,2.7197080660243994e-16,1.837175246384109,c3,branch_to_yeast
"(Eukaryota_Opisthokonta_Nucletmycea_Fungi_Dikarya_Ascomycota_Saccharomycotina_Saccharomycetes_Saccharomycetales_Saccharomyces_cerevisiae_baker_s_yeast, Node1652*)",1161,-2.3339752694214233e-16,1.837175246384109,c3,branch_to_yeast
"(Eukaryota_Opisthokonta_Nucletmycea_Fungi_Dikarya_Ascomycota_Saccharomycotina_Saccharomycetes_Saccharomycetales_Saccharomyces_cerevisiae_baker_s_yeast, Node1652*)",1162,-1.8392929211381987e-16,1.837175246384109,c3,branch_to_yeast
"(Eukaryota_Opisthokonta_Nucletmycea_Fungi_Dikarya_Ascomycota_Saccharomycotina_Saccharomycetes_Saccharomycetales_Saccharomyces_cerevisiae_baker_s_yeast, Node1652*)",1163,-1.0120117845214431e-16,1.01655548421231,c4,branch_to_yeast
"(Eukaryota_Opisthokonta_Nucletmycea_Fungi_Dikarya_Ascomycota_Saccharomycotina_Saccharomycetes_Saccharomycetales_Saccharomyces_cerevisiae_baker_s_yeast, Node1652*)",1164,2.971494938007999,1.837175246384109,c3,branch_to_yeast
"(Eukaryota_Opisthokonta_Nucletmycea_Fungi_Dikarya_Ascomycota_Saccharomycotina_Saccharomycetes_Saccharomycetales_Saccharomyces_cerevisiae_baker_s_yeast, Node1652*)",1165,2.971490565549745,1.837175246384109,c3,branch_to_yeast
"(Eukaryota_Opisthokonta_Nucletmycea_Fungi_Dikarya_Ascomycota_Saccharomycotina_Saccharomycetes_Saccharomycetales_Saccharomyces_cerevisiae_baker_s_yeast, Node1652*)",1166,-2.1253506241543014e-16,1.837175246384109,c3,branch_to_yeast
"(Eukaryota_Opisthokonta_Nucletmycea_Fungi_Dikarya_Ascomycota_Saccharomycotina_Saccharomycetes_Saccharomycetales_Saccharomyces_cerevisiae_baker_s_yeast, Node1652*)",1167,-1.3761488639579884e-16,1.837175246384109,c3,branch_to_yeast
"(Eukaryota_Opisthokonta_Nucletmycea_Fungi_Dikarya_Ascomycota_Saccharomycotina_Saccharomycetes_Saccharomycetales_Saccharomyces_cerevisiae_baker_s_yeast, Node1652*)",1168,2.2020190876113945,1.837175246384109,c3,branch_to_yeast
"(Eukaryota_Opisthokonta_Nucletmycea_Fungi_Dikarya_Ascomycota_Saccharomycotina_Saccharomycetes_Saccharomycetales_Saccharomyces_cerevisiae_baker_s_yeast, Node1652*)",1169,2.971494938007999,1.837175246384109,c3,branch_to_yeast
"(Eukaryota_Opisthokonta_Nucletmycea_Fungi_Dikarya_Ascomycota_Saccharomycotina_Saccharomycetes_Saccharomycetales_Saccharomyces_cerevisiae_baker_s_yeast, Node1652*)",1170,3.3421000322333803,1.837175246384109,c3,branch_to_yeast
"(Eukaryota_Opisthokonta_Nucletmycea_Fungi_Dikarya_Ascomycota_Saccharomycotina_Saccharomycetes_Saccharomycetales_Saccharomyces_cerevisiae_baker_s_yeast, Node1652*)",1171,3.329810638198281,1.01655548421231,c4,branch_to_yeast
"(Eukaryota_Opisthokonta_Nucletmycea_Fungi_Dikarya_Ascomycota_Saccharomycotina_Saccharomycetes_Saccharomycetales_Saccharomyces_cerevisiae_baker_s_yeast, Node1652*)",1172,3.329810638949626,1.01655548421231,c4,branch_to_yeast
"(Eukaryota_Opisthokonta_Nucletmycea_Fungi_Dikarya_Ascomycota_Saccharomycotina_Saccharomycetes_Saccharomycetales_Saccharomyces_cerevisiae_baker_s_yeast, Node1652*)",1173,2.9610622710287644,1.01655548421231,c4,branch_to_yeast
"(Eukaryota_Opisthokonta_Nucletmycea_Fungi_Dikarya_Ascomycota_Saccharomycotina_Saccharomycetes_Saccharomycetales_Saccharomyces_cerevisiae_baker_s_yeast, Node1652*)",1174,3.329810638949626,1.01655548421231,c4,branch_to_yeast
"(Eukaryota_Opisthokonta_Nucletmycea_Fungi_Dikarya_Ascomycota_Saccharomycotina_Saccharomycetes_Saccharomycetales_Saccharomyces_cerevisiae_baker_s_yeast, Node1652*)",1175,-1.7765977262692708e-16,1.837175246384109,c3,branch_to_yeast
"(Eukaryota_Opisthokonta_Nucletmycea_Fungi_Dikarya_Ascomycota_Saccharomycotina_Saccharomycetes_Saccharomycetales_Saccharomyces_cerevisiae_baker_s_yeast, Node1652*)",1176,3.3421000322333803,1.837175246384109,c3,branch_to_yeast
"(Eukaryota_Opisthokonta_Nucletmycea_Fungi_Dikarya_Ascomycota_Saccharomycotina_Saccharomycetes_Saccharomycetales_Saccharomyces_cerevisiae_baker_s_yeast, Node1652*)",1177,2.2020190876113945,1.837175246384109,c3,branch_to_yeast
"(Eukaryota_Opisthokonta_Nucletmycea_Fungi_Dikarya_Ascomycota_Saccharomycotina_Saccharomycetes_Saccharomycetales_Saccharomyces_cerevisiae_baker_s_yeast, Node1652*)",1178,2.2036494920422576,1.889559500203874,c2,branch_to_yeast
"(Eukaryota_Opisthokonta_Nucletmycea_Fungi_Dikarya_Ascomycota_Saccharomycotina_Saccharomycetes_Saccharomycetales_Saccharomyces_cerevisiae_baker_s_yeast, Node1652*)",1179,3.3459213213490626,1.889559500203874,c2,branch_to_yeast
"(Eukaryota_Opisthokonta_Nucletmycea_Fungi_Dikarya_Ascomycota_Saccharomycotina_Saccharomycetes_Saccharomycetales_Saccharomyces_cerevisiae_baker_s_yeast, Node1652*)",1180,2.9747327073946592,1.889559500203874,c2,branch_to_yeast
"(Eukaryota_Opisthokonta_Nucletmycea_Fungi_Dikarya_Ascomycota_Saccharomycotina_Saccharomycetes_Saccharomycetales_Saccharomyces_cerevisiae_baker_s_yeast, Node1652*)",1181,3.3421000322333803,1.837175246384109,c3,branch_to_yeast
"(Eukaryota_Opisthokonta_Nucletmycea_Fungi_Dikarya_Ascomycota_Saccharomycotina_Saccharomycetes_Saccharomycetales_Saccharomyces_cerevisiae_baker_s_yeast, Node1652*)",1182,3.3459213213490626,1.889559500203874,c2,branch_to_yeast
"(Eukaryota_Opisthokonta_Nucletmycea_Fungi_Dikarya_Ascomycota_Saccharomycotina_Saccharomycetes_Saccharomycetales_Saccharomyces_cerevisiae_baker_s_yeast, Node1652*)",1183,-2.2956959615822414e-16,1.889559500203874,c2,branch_to_yeast
"(Eukaryota_Opisthokonta_Nucletmycea_Fungi_Dikarya_Ascomycota_Saccharomycotina_Saccharomycetes_Saccharomycetales_Saccharomyces_cerevisiae_baker_s_yeast, Node1652*)",1184,-1.33124868240338e-16,1.01655548421231,c4,branch_to_yeast
"(Eukaryota_Opisthokonta_Nucletmycea_Fungi_Dikarya_Ascomycota_Saccharomycotina_Saccharomycetes_Saccharomycetales_Saccharomyces_cerevisiae_baker_s_yeast, Node1652*)",1185,2.9747327073946592,1.889559500203874,c2,branch_to_yeast
"(Eukaryota_Opisthokonta_Nucletmycea_Fungi_Dikarya_Ascomycota_Saccharomycotina_Saccharomycetes_Saccharomycetales_Saccharomyces_cerevisiae_baker_s_yeast, Node1652*)",1186,3.3421000322333803,1.837175246384109,c3,branch_to_yeast
"(Eukaryota_Opisthokonta_Nucletmycea_Fungi_Dikarya_Ascomycota_Saccharomycotina_Saccharomycetes_Saccharomycetales_Saccharomyces_cerevisiae_baker_s_yeast, Node1652*)",1187,2.204415160258556,2.347597172229281,c1,branch_to_yeast
"(Eukaryota_Opisthokonta_Nucletmycea_Fungi_Dikarya_Ascomycota_Saccharomycotina_Saccharomycetes_Saccharomycetales_Saccharomyces_cerevisiae_baker_s_yeast, Node1652*)",1188,2.971494938007999,1.837175246384109,c3,branch_to_yeast
"(Eukaryota_Opisthokonta_Nucletmycea_Fungi_Dikarya_Ascomycota_Saccharomycotina_Saccharomycetes_Saccharomycetales_Saccharomyces_cerevisiae_baker_s_yeast, Node1652*)",1189,2.2036494920422576,1.889559500203874,c2,branch_to_yeast
"(Eukaryota_Opisthokonta_Nucletmycea_Fungi_Dikarya_Ascomycota_Saccharomycotina_Saccharomycetes_Saccharomycetales_Saccharomyces_cerevisiae_baker_s_yeast, Node1652*)",1190,2.976253267401704,2.347597172229281,c1,branch_to_yeast
"(Eukaryota_Opisthokonta_Nucletmycea_Fungi_Dikarya_Ascomycota_Saccharomycotina_Saccharomycetes_Saccharomycetales_Saccharomyces_cerevisiae_baker_s_yeast, Node1652*)",1191,2.976253267401704,2.347597172229281,c1,branch_to_yeast
"(Eukaryota_Opisthokonta_Nucletmycea_Fungi_Dikarya_Ascomycota_Saccharomycotina_Saccharomycetes_Saccharomycetales_Saccharomyces_cerevisiae_baker_s_yeast, Node1652*)",1192,2.976253267401704,2.347597172229281,c1,branch_to_yeast
"(Eukaryota_Opisthokonta_Nucletmycea_Fungi_Dikarya_Ascomycota_Saccharomycotina_Saccharomycetes_Saccharomycetales_Saccharomyces_cerevisiae_baker_s_yeast, Node1652*)",1193,-2.254912673631928e-16,1.889559500203874,c2,branch_to_yeast
"(Eukaryota_Opisthokonta_Nucletmycea_Fungi_Dikarya_Ascomycota_Saccharomycotina_Saccharomycetes_Saccharomycetales_Saccharomyces_cerevisiae_baker_s_yeast, Node1652*)",1194,3.3477171110772046,2.347597172229281,c1,branch_to_yeast
"(Eukaryota_Opisthokonta_Nucletmycea_Fungi_Dikarya_Ascomycota_Saccharomycotina_Saccharomycetes_Saccharomycetales_Saccharomyces_cerevisiae_baker_s_yeast, Node1652*)",1195,-3.968478544142702e-18,1.837175246384109,c3,branch_to_yeast
"(Eukaryota_Opisthokonta_Nucletmycea_Fungi_Dikarya_Ascomycota_Saccharomycotina_Saccharomycetes_Saccharomycetales_Saccharomyces_cerevisiae_baker_s_yeast, Node1652*)",1196,-8.790000953995678e-18,1.837175246384109,c3,branch_to_yeast
"(Eukaryota_Opisthokonta_Nucletmycea_Fungi_Dikarya_Ascomycota_Saccharomycotina_Saccharomycetes_Saccharomycetales_Saccharomyces_cerevisiae_baker_s_yeast, Node1652*)",1197,2.976253267401704,2.347597172229281,c1,branch_to_yeast
"(Eukaryota_Opisthokonta_Nucletmycea_Fungi_Dikarya_Ascomycota_Saccharomycotina_Saccharomycetes_Saccharomycetales_Saccharomyces_cerevisiae_baker_s_yeast, Node1652*)",1198,2.976253267401704,2.347597172229281,c1,branch_to_yeast
"(Eukaryota_Opisthokonta_Nucletmycea_Fungi_Dikarya_Ascomycota_Saccharomycotina_Saccharomycetes_Saccharomycetales_Saccharomyces_cerevisiae_baker_s_yeast, Node1652*)",1199,2.976253267401704,2.347597172229281,c1,branch_to_yeast
"(Eukaryota_Opisthokonta_Nucletmycea_Fungi_Dikarya_Ascomycota_Saccharomycotina_Saccharomycetes_Saccharomycetales_Saccharomyces_cerevisiae_baker_s_yeast, Node1652*)",1200,2.2036494920422576,1.889559500203874,c2,branch_to_yeast
"(Eukaryota_Opisthokonta_Nucletmycea_Fungi_Dikarya_Ascomycota_Saccharomycotina_Saccharomycetes_Saccharomycetales_Saccharomyces_cerevisiae_baker_s_yeast, Node1652*)",1201,-1.8993247375877286e-16,1.889559500203874,c2,branch_to_yeast
"(Eukaryota_Opisthokonta_Nucletmycea_Fungi_Dikarya_Ascomycota_Saccharomycotina_Saccharomycetes_Saccharomycetales_Saccharomyces_cerevisiae_baker_s_yeast, Node1652*)",1202,3.3298106000157817,1.01655548421231,c4,branch_to_yeast
"(Eukaryota_Opisthokonta_Nucletmycea_Fungi_Dikarya_Ascomycota_Saccharomycotina_Saccharomycetes_Saccharomycetales_Saccharomyces_cerevisiae_baker_s_yeast, Node1652*)",1203,-1.3186561758662522e-16,1.837175246384109,c3,branch_to_yeast
"(Eukaryota_Opisthokonta_Nucletmycea_Fungi_Dikarya_Ascomycota_Saccharomycotina_Saccharomycetes_Saccharomycetales_Saccharomyces_cerevisiae_baker_s_yeast, Node1652*)",1204,-2.2727487502485736e-16,1.889559500203874,c2,branch_to_yeast
"(Eukaryota_Opisthokonta_Nucletmycea_Fungi_Dikarya_Ascomycota_Saccharomycotina_Saccharomycetes_Saccharomycetales_Saccharomyces_cerevisiae_baker_s_yeast, Node1652*)",1205,-2.2914958443439537e-16,1.889559500203874,c2,branch_to_yeast
"(Eukaryota_Opisthokonta_Nucletmycea_Fungi_Dikarya_Ascomycota_Saccharomycotina_Saccharomycetes_Saccharomycetales_Saccharomyces_cerevisiae_baker_s_yeast, Node1652*)",1206,2.2036494920422576,1.889559500203874,c2,branch_to_yeast
"(Eukaryota_Opisthokonta_Nucletmycea_Fungi_Dikarya_Ascomycota_Saccharomycotina_Saccharomycetes_Saccharomycetales_Saccharomyces_cerevisiae_baker_s_yeast, Node1652*)",1207,2.2020190876113945,1.837175246384109,c3,branch_to_yeast
"(Eukaryota_Opisthokonta_Nucletmycea_Fungi_Dikarya_Ascomycota_Saccharomycotina_Saccharomycetes_Saccharomycetales_Saccharomyces_cerevisiae_baker_s_yeast, Node1652*)",1208,2.2020190876113945,1.837175246384109,c3,branch_to_yeast
"(Eukaryota_Opisthokonta_Nucletmycea_Fungi_Dikarya_Ascomycota_Saccharomycotina_Saccharomycetes_Saccharomycetales_Saccharomyces_cerevisiae_baker_s_yeast, Node1652*)",1209,-2.3853920771193253e-16,2.347597172229281,c1,branch_to_yeast
"(Eukaryota_Opisthokonta_Nucletmycea_Fungi_Dikarya_Ascomycota_Saccharomycotina_Saccharomycetes_Saccharomycetales_Saccharomyces_cerevisiae_baker_s_yeast, Node1652*)",1210,-1.8198507676061396e-16,2.347597172229281,c1,branch_to_yeast
"(Eukaryota_Opisthokonta_Nucletmycea_Fungi_Dikarya_Ascomycota_Saccharomycotina_Saccharomycetes_Saccharomycetales_Saccharomyces_cerevisiae_baker_s_yeast, Node1652*)",1211,3.3459213213490626,1.889559500203874,c2,branch_to_yeast
"(Eukaryota_Opisthokonta_Nucletmycea_Fungi_Dikarya_Ascomycota_Saccharomycotina_Saccharomycetes_Saccharomycetales_Saccharomyces_cerevisiae_baker_s_yeast, Node1652*)",1212,-2.3874383533070653e-16,2.347597172229281,c1,branch_to_yeast
"(Eukaryota_Opisthokonta_Nucletmycea_Fungi_Dikarya_Ascomycota_Saccharomycotina_Saccharomycetes_Saccharomycetales_Saccharomyces_cerevisiae_baker_s_yeast, Node1652*)",1213,2.204415160258556,2.347597172229281,c1,branch_to_yeast
"(Eukaryota_Opisthokonta_Nucletmycea_Fungi_Dikarya_Ascomycota_Saccharomycotina_Saccharomycetes_Saccharomycetales_Saccharomyces_cerevisiae_baker_s_yeast, Node1652*)",1214,2.204415160258556,2.347597172229281,c1,branch_to_yeast
"(Eukaryota_Opisthokonta_Nucletmycea_Fungi_Dikarya_Ascomycota_Saccharomycotina_Saccharomycetes_Saccharomycetales_Saccharomyces_cerevisiae_baker_s_yeast, Node1652*)",1215,2.204415160258556,2.347597172229281,c1,branch_to_yeast
"(Eukaryota_Opisthokonta_Nucletmycea_Fungi_Dikarya_Ascomycota_Saccharomycotina_Saccharomycetes_Saccharomycetales_Saccharomyces_cerevisiae_baker_s_yeast, Node1652*)",1216,2.204415160258556,2.347597172229281,c1,branch_to_yeast
"(Eukaryota_Opisthokonta_Nucletmycea_Fungi_Dikarya_Ascomycota_Saccharomycotina_Saccharomycetes_Saccharomycetales_Saccharomyces_cerevisiae_baker_s_yeast, Node1652*)",1217,2.204415160258556,2.347597172229281,c1,branch_to_yeast
"(Eukaryota_Opisthokonta_Nucletmycea_Fungi_Dikarya_Ascomycota_Saccharomycotina_Saccharomycetes_Saccharomycetales_Saccharomyces_cerevisiae_baker_s_yeast, Node1652*)",1218,2.2036494920422576,1.889559500203874,c2,branch_to_yeast
"(Eukaryota_Opisthokonta_Nucletmycea_Fungi_Dikarya_Ascomycota_Saccharomycotina_Saccharomycetes_Saccharomycetales_Saccharomyces_cerevisiae_baker_s_yeast, Node1652*)",1219,2.976253267401704,2.347597172229281,c1,branch_to_yeast
"(Eukaryota_Opisthokonta_Nucletmycea_Fungi_Dikarya_Ascomycota_Saccharomycotina_Saccharomycetes_Saccharomycetales_Saccharomyces_cerevisiae_baker_s_yeast, Node1652*)",1220,2.2036494920422576,1.889559500203874,c2,branch_to_yeast
"(Eukaryota_Opisthokonta_Nucletmycea_Fungi_Dikarya_Ascomycota_Saccharomycotina_Saccharomycetes_Saccharomycetales_Saccharomyces_cerevisiae_baker_s_yeast, Node1652*)",1221,3.1818197541390296e-16,2.347597172229281,c1,branch_to_yeast
"(Eukaryota_Opisthokonta_Nucletmycea_Fungi_Dikarya_Ascomycota_Saccharomycotina_Saccharomycetes_Saccharomycetales_Saccharomyces_cerevisiae_baker_s_yeast, Node1652*)",1222,2.976253267401704,2.347597172229281,c1,branch_to_yeast
"(Eukaryota_Opisthokonta_Nucletmycea_Fungi_Dikarya_Ascomycota_Saccharomycotina_Saccharomycetes_Saccharomycetales_Saccharomyces_cerevisiae_baker_s_yeast, Node1652*)",1223,-2.296011338455816e-16,2.347597172229281,c1,branch_to_yeast
"(Eukaryota_Opisthokonta_Nucletmycea_Fungi_Dikarya_Ascomycota_Saccharomycotina_Saccharomycetes_Saccharomycetales_Saccharomyces_cerevisiae_baker_s_yeast, Node1652*)",1224,2.204415160258556,2.347597172229281,c1,branch_to_yeast
"(Eukaryota_Opisthokonta_Nucletmycea_Fungi_Dikarya_Ascomycota_Saccharomycotina_Saccharomycetes_Saccharomycetales_Saccharomyces_cerevisiae_baker_s_yeast, Node1652*)",1225,2.2020190876113945,1.837175246384109,c3,branch_to_yeast
"(Eukaryota_Opisthokonta_Nucletmycea_Fungi_Dikarya_Ascomycota_Saccharomycotina_Saccharomycetes_Saccharomycetales_Saccharomyces_cerevisiae_baker_s_yeast, Node1652*)",1226,1.8720685674405559e-16,1.837175246384109,c3,branch_to_yeast
"(Eukaryota_Opisthokonta_Nucletmycea_Fungi_Dikarya_Ascomycota_Saccharomycotina_Saccharomycetes_Saccharomycetales_Saccharomyces_cerevisiae_baker_s_yeast, Node1652*)",1227,3.3477171110772046,2.347597172229281,c1,branch_to_yeast
"(Eukaryota_Opisthokonta_Nucletmycea_Fungi_Dikarya_Ascomycota_Saccharomycotina_Saccharomycetes_Saccharomycetales_Saccharomyces_cerevisiae_baker_s_yeast, Node1652*)",1228,2.204415160258556,2.347597172229281,c1,branch_to_yeast
"(Eukaryota_Opisthokonta_Nucletmycea_Fungi_Dikarya_Ascomycota_Saccharomycotina_Saccharomycetes_Saccharomycetales_Saccharomyces_cerevisiae_baker_s_yeast, Node1652*)",1229,3.3477171110772046,2.347597172229281,c1,branch_to_yeast
"(Eukaryota_Opisthokonta_Nucletmycea_Fungi_Dikarya_Ascomycota_Saccharomycotina_Saccharomycetes_Saccharomycetales_Saccharomyces_cerevisiae_baker_s_yeast, Node1652*)",1230,2.976253267401704,2.347597172229281,c1,branch_to_yeast
"(Eukaryota_Opisthokonta_Nucletmycea_Fungi_Dikarya_Ascomycota_Saccharomycotina_Saccharomycetes_Saccharomycetales_Saccharomyces_cerevisiae_baker_s_yeast, Node1652*)",1231,2.976253267401704,2.347597172229281,c1,branch_to_yeast
"(Eukaryota_Opisthokonta_Nucletmycea_Fungi_Dikarya_Ascomycota_Saccharomycotina_Saccharomycetes_Saccharomycetales_Saccharomyces_cerevisiae_baker_s_yeast, Node1652*)",1232,2.204415160258556,2.347597172229281,c1,branch_to_yeast
"(Eukaryota_Opisthokonta_Nucletmycea_Fungi_Dikarya_Ascomycota_Saccharomycotina_Saccharomycetes_Saccharomycetales_Saccharomyces_cerevisiae_baker_s_yeast, Node1652*)",1233,2.2020190876113945,1.837175246384109,c3,branch_to_yeast
"(Eukaryota_Opisthokonta_Nucletmycea_Fungi_Dikarya_Ascomycota_Saccharomycotina_Saccharomycetes_Saccharomycetales_Saccharomyces_cerevisiae_baker_s_yeast, Node1652*)",1234,3.3421000322333803,1.837175246384109,c3,branch_to_yeast
"(Eukaryota_Opisthokonta_Nucletmycea_Fungi_Dikarya_Ascomycota_Saccharomycotina_Saccharomycetes_Saccharomycetales_Saccharomyces_cerevisiae_baker_s_yeast, Node1652*)",1235,3.3225181627916157e-16,2.347597172229281,c1,branch_to_yeast
"(Eukaryota_Opisthokonta_Nucletmycea_Fungi_Dikarya_Ascomycota_Saccharomycotina_Saccharomycetes_Saccharomycetales_Saccharomyces_cerevisiae_baker_s_yeast, Node1652*)",1236,2.2036494920422576,1.889559500203874,c2,branch_to_yeast
"(Eukaryota_Opisthokonta_Nucletmycea_Fungi_Dikarya_Ascomycota_Saccharomycotina_Saccharomycetes_Saccharomycetales_Saccharomyces_cerevisiae_baker_s_yeast, Node1652*)",1237,2.976253267401704,2.347597172229281,c1,branch_to_yeast
"(Eukaryota_Opisthokonta_Nucletmycea_Fungi_Dikarya_Ascomycota_Saccharomycotina_Saccharomycetes_Saccharomycetales_Saccharomyces_cerevisiae_baker_s_yeast, Node1652*)",1238,2.976253267401704,2.347597172229281,c1,branch_to_yeast
"(Eukaryota_Opisthokonta_Nucletmycea_Fungi_Dikarya_Ascomycota_Saccharomycotina_Saccharomycetes_Saccharomycetales_Saccharomyces_cerevisiae_baker_s_yeast, Node1652*)",1239,2.976253267401704,2.347597172229281,c1,branch_to_yeast
"(Eukaryota_Opisthokonta_Nucletmycea_Fungi_Dikarya_Ascomycota_Saccharomycotina_Saccharomycetes_Saccharomycetales_Saccharomyces_cerevisiae_baker_s_yeast, Node1652*)",1240,3.3477171110772046,2.347597172229281,c1,branch_to_yeast
"(Eukaryota_Opisthokonta_Nucletmycea_Fungi_Dikarya_Ascomycota_Saccharomycotina_Saccharomycetes_Saccharomycetales_Saccharomyces_cerevisiae_baker_s_yeast, Node1652*)",1241,1.9803818756485826e-16,2.347597172229281,c1,branch_to_yeast
"(Eukaryota_Opisthokonta_Nucletmycea_Fungi_Dikarya_Ascomycota_Saccharomycotina_Saccharomycetes_Saccharomycetales_Saccharomyces_cerevisiae_baker_s_yeast, Node1652*)",1242,-2.3763872481219833e-16,2.347597172229281,c1,branch_to_yeast
"(Eukaryota_Opisthokonta_Nucletmycea_Fungi_Dikarya_Ascomycota_Saccharomycotina_Saccharomycetes_Saccharomycetales_Saccharomyces_cerevisiae_baker_s_yeast, Node1652*)",1243,2.976253267401704,2.347597172229281,c1,branch_to_yeast
"(Eukaryota_Opisthokonta_Nucletmycea_Fungi_Dikarya_Ascomycota_Saccharomycotina_Saccharomycetes_Saccharomycetales_Saccharomyces_cerevisiae_baker_s_yeast, Node1652*)",1244,2.976253267401704,2.347597172229281,c1,branch_to_yeast
"(Eukaryota_Opisthokonta_Nucletmycea_Fungi_Dikarya_Ascomycota_Saccharomycotina_Saccharomycetes_Saccharomycetales_Saccharomyces_cerevisiae_baker_s_yeast, Node1652*)",1245,2.976253267401704,2.347597172229281,c1,branch_to_yeast
"(Eukaryota_Opisthokonta_Nucletmycea_Fungi_Dikarya_Ascomycota_Saccharomycotina_Saccharomycetes_Saccharomycetales_Saccharomyces_cerevisiae_baker_s_yeast, Node1652*)",1246,2.204415160258556,2.347597172229281,c1,branch_to_yeast
"(Eukaryota_Opisthokonta_Nucletmycea_Fungi_Dikarya_Ascomycota_Saccharomycotina_Saccharomycetes_Saccharomycetales_Saccharomyces_cerevisiae_baker_s_yeast, Node1652*)",1247,2.2036494920422576,1.889559500203874,c2,branch_to_yeast
"(Eukaryota_Opisthokonta_Nucletmycea_Fungi_Dikarya_Ascomycota_Saccharomycotina_Saccharomycetes_Saccharomycetales_Saccharomyces_cerevisiae_baker_s_yeast, Node1652*)",1248,2.976253267401704,2.347597172229281,c1,branch_to_yeast
"(Eukaryota_Opisthokonta_Nucletmycea_Fungi_Dikarya_Ascomycota_Saccharomycotina_Saccharomycetes_Saccharomycetales_Saccharomyces_cerevisiae_baker_s_yeast, Node1652*)",1249,2.976253267401704,2.347597172229281,c1,branch_to_yeast
"(Eukaryota_Opisthokonta_Nucletmycea_Fungi_Dikarya_Ascomycota_Saccharomycotina_Saccharomycetes_Saccharomycetales_Saccharomyces_cerevisiae_baker_s_yeast, Node1652*)",1250,-2.2689119814759205e-16,2.347597172229281,c1,branch_to_yeast
"(Eukaryota_Opisthokonta_Nucletmycea_Fungi_Dikarya_Ascomycota_Saccharomycotina_Saccharomycetes_Saccharomycetales_Saccharomyces_cerevisiae_baker_s_yeast, Node1652*)",1251,2.7195973053278397e-16,2.347597172229281,c1,branch_to_yeast
"(Eukaryota_Opisthokonta_Nucletmycea_Fungi_Dikarya_Ascomycota_Saccharomycotina_Saccharomycetes_Saccharomycetales_Saccharomyces_cerevisiae_baker_s_yeast, Node1652*)",1252,2.204415160258556,2.347597172229281,c1,branch_to_yeast
"(Eukaryota_Opisthokonta_Nucletmycea_Fungi_Dikarya_Ascomycota_Saccharomycotina_Saccharomycetes_Saccharomycetales_Saccharomyces_cerevisiae_baker_s_yeast, Node1652*)",1253,2.976253267401704,2.347597172229281,c1,branch_to_yeast
"(Eukaryota_Opisthokonta_Nucletmycea_Fungi_Dikarya_Ascomycota_Saccharomycotina_Saccharomycetes_Saccharomycetales_Saccharomyces_cerevisiae_baker_s_yeast, Node1652*)",1254,3.3477171110772046,2.347597172229281,c1,branch_to_yeast
"(Eukaryota_Opisthokonta_Nucletmycea_Fungi_Dikarya_Ascomycota_Saccharomycotina_Saccharomycetes_Saccharomycetales_Saccharomyces_cerevisiae_baker_s_yeast, Node1652*)",1255,2.204415160258556,2.347597172229281,c1,branch_to_yeast
"(Eukaryota_Opisthokonta_Nucletmycea_Fungi_Dikarya_Ascomycota_Saccharomycotina_Saccharomycetes_Saccharomycetales_Saccharomyces_cerevisiae_baker_s_yeast, Node1652*)",1256,2.204415160258556,2.347597172229281,c1,branch_to_yeast
"(Eukaryota_Opisthokonta_Nucletmycea_Fungi_Dikarya_Ascomycota_Saccharomycotina_Saccharomycetes_Saccharomycetales_Saccharomyces_cerevisiae_baker_s_yeast, Node1652*)",1257,2.976253267401704,2.347597172229281,c1,branch_to_yeast
"(Eukaryota_Opisthokonta_Nucletmycea_Fungi_Dikarya_Ascomycota_Saccharomycotina_Saccharomycetes_Saccharomycetales_Saccharomyces_cerevisiae_baker_s_yeast, Node1652*)",1258,2.976253267401704,2.347597172229281,c1,branch_to_yeast
"(Eukaryota_Opisthokonta_Nucletmycea_Fungi_Dikarya_Ascomycota_Saccharomycotina_Saccharomycetes_Saccharomycetales_Saccharomyces_cerevisiae_baker_s_yeast, Node1652*)",1259,2.2036494920422576,1.889559500203874,c2,branch_to_yeast
"(Eukaryota_Opisthokonta_Nucletmycea_Fungi_Dikarya_Ascomycota_Saccharomycotina_Saccharomycetes_Saccharomycetales_Saccharomyces_cerevisiae_baker_s_yeast, Node1652*)",1260,2.2036494920422576,1.889559500203874,c2,branch_to_yeast
"(Eukaryota_Opisthokonta_Nucletmycea_Fungi_Dikarya_Ascomycota_Saccharomycotina_Saccharomycetes_Saccharomycetales_Saccharomyces_cerevisiae_baker_s_yeast, Node1652*)",1261,2.204415160258556,2.347597172229281,c1,branch_to_yeast
"(Eukaryota_Opisthokonta_Nucletmycea_Fungi_Dikarya_Ascomycota_Saccharomycotina_Saccharomycetes_Saccharomycetales_Saccharomyces_cerevisiae_baker_s_yeast, Node1652*)",1262,3.3477171110772046,2.347597172229281,c1,branch_to_yeast
"(Eukaryota_Opisthokonta_Nucletmycea_Fungi_Dikarya_Ascomycota_Saccharomycotina_Saccharomycetes_Saccharomycetales_Saccharomyces_cerevisiae_baker_s_yeast, Node1652*)",1263,2.976253267401704,2.347597172229281,c1,branch_to_yeast
"(Eukaryota_Opisthokonta_Nucletmycea_Fungi_Dikarya_Ascomycota_Saccharomycotina_Saccharomycetes_Saccharomycetales_Saccharomyces_cerevisiae_baker_s_yeast, Node1652*)",1264,3.3477171110772046,2.347597172229281,c1,branch_to_yeast
"(Eukaryota_Opisthokonta_Nucletmycea_Fungi_Dikarya_Ascomycota_Saccharomycotina_Saccharomycetes_Saccharomycetales_Saccharomyces_cerevisiae_baker_s_yeast, Node1652*)",1265,3.3477171110772046,2.347597172229281,c1,branch_to_yeast
"(Eukaryota_Opisthokonta_Nucletmycea_Fungi_Dikarya_Ascomycota_Saccharomycotina_Saccharomycetes_Saccharomycetales_Saccharomyces_cerevisiae_baker_s_yeast, Node1652*)",1266,-3.450422692972404e-18,1.837175246384109,c3,branch_to_yeast
"(Eukaryota_Opisthokonta_Nucletmycea_Fungi_Dikarya_Ascomycota_Saccharomycotina_Saccharomycetes_Saccharomycetales_Saccharomyces_cerevisiae_baker_s_yeast, Node1652*)",1267,2.976253267401704,2.347597172229281,c1,branch_to_yeast
"(Eukaryota_Opisthokonta_Nucletmycea_Fungi_Dikarya_Ascomycota_Saccharomycotina_Saccharomycetes_Saccharomycetales_Saccharomyces_cerevisiae_baker_s_yeast, Node1652*)",1268,3.3477171110772046,2.347597172229281,c1,branch_to_yeast
"(Eukaryota_Opisthokonta_Nucletmycea_Fungi_Dikarya_Ascomycota_Saccharomycotina_Saccharomycetes_Saccharomycetales_Saccharomyces_cerevisiae_baker_s_yeast, Node1652*)",1269,3.3477171110772046,2.347597172229281,c1,branch_to_yeast
"(Eukaryota_Opisthokonta_Nucletmycea_Fungi_Dikarya_Ascomycota_Saccharomycotina_Saccharomycetes_Saccharomycetales_Saccharomyces_cerevisiae_baker_s_yeast, Node1652*)",1270,2.976253267401704,2.347597172229281,c1,branch_to_yeast
"(Eukaryota_Opisthokonta_Nucletmycea_Fungi_Dikarya_Ascomycota_Saccharomycotina_Saccharomycetes_Saccharomycetales_Saccharomyces_cerevisiae_baker_s_yeast, Node1652*)",1271,2.204415160258556,2.347597172229281,c1,branch_to_yeast
"(Eukaryota_Opisthokonta_Nucletmycea_Fungi_Dikarya_Ascomycota_Saccharomycotina_Saccharomycetes_Saccharomycetales_Saccharomyces_cerevisiae_baker_s_yeast, Node1652*)",1272,2.204415160258556,2.347597172229281,c1,branch_to_yeast
"(Eukaryota_Opisthokonta_Nucletmycea_Fungi_Dikarya_Ascomycota_Saccharomycotina_Saccharomycetes_Saccharomycetales_Saccharomyces_cerevisiae_baker_s_yeast, Node1652*)",1273,2.9747327073946592,1.889559500203874,c2,branch_to_yeast
"(Eukaryota_Opisthokonta_Nucletmycea_Fungi_Dikarya_Ascomycota_Saccharomycotina_Saccharomycetes_Saccharomycetales_Saccharomyces_cerevisiae_baker_s_yeast, Node1652*)",1274,2.204415160258556,2.347597172229281,c1,branch_to_yeast
"(Eukaryota_Opisthokonta_Nucletmycea_Fungi_Dikarya_Ascomycota_Saccharomycotina_Saccharomycetes_Saccharomycetales_Saccharomyces_cerevisiae_baker_s_yeast, Node1652*)",1275,-2.274463954254304e-16,2.347597172229281,c1,branch_to_yeast
"(Eukaryota_Opisthokonta_Nucletmycea_Fungi_Dikarya_Ascomycota_Saccharomycotina_Saccharomycetes_Saccharomycetales_Saccharomyces_cerevisiae_baker_s_yeast, Node1652*)",1276,2.204415160258556,2.347597172229281,c1,branch_to_yeast
"(Eukaryota_Opisthokonta_Nucletmycea_Fungi_Dikarya_Ascomycota_Saccharomycotina_Saccharomycetes_Saccharomycetales_Saccharomyces_cerevisiae_baker_s_yeast, Node1652*)",1277,2.204415160258556,2.347597172229281,c1,branch_to_yeast
"(Eukaryota_Opisthokonta_Nucletmycea_Fungi_Dikarya_Ascomycota_Saccharomycotina_Saccharomycetes_Saccharomycetales_Saccharomyces_cerevisiae_baker_s_yeast, Node1652*)",1278,2.976253267401704,2.347597172229281,c1,branch_to_yeast
"(Eukaryota_Opisthokonta_Nucletmycea_Fungi_Dikarya_Ascomycota_Saccharomycotina_Saccharomycetes_Saccharomycetales_Saccharomyces_cerevisiae_baker_s_yeast, Node1652*)",1279,2.2036494920422576,1.889559500203874,c2,branch_to_yeast
"(Eukaryota_Opisthokonta_Nucletmycea_Fungi_Dikarya_Ascomycota_Saccharomycotina_Saccharomycetes_Saccharomycetales_Saccharomyces_cerevisiae_baker_s_yeast, Node1652*)",1280,3.3459213213490626,1.889559500203874,c2,branch_to_yeast
"(Eukaryota_Opisthokonta_Nucletmycea_Fungi_Dikarya_Ascomycota_Saccharomycotina_Saccharomycetes_Saccharomycetales_Saccharomyces_cerevisiae_baker_s_yeast, Node1652*)",1281,3.3459213213490626,1.889559500203874,c2,branch_to_yeast
"(Eukaryota_Opisthokonta_Nucletmycea_Fungi_Dikarya_Ascomycota_Saccharomycotina_Saccharomycetes_Saccharomycetales_Saccharomyces_cerevisiae_baker_s_yeast, Node1652*)",1282,-1.0059493708395446e-16,2.347597172229281,c1,branch_to_yeast
"(Eukaryota_Opisthokonta_Nucletmycea_Fungi_Dikarya_Ascomycota_Saccharomycotina_Saccharomycetes_Saccharomycetales_Saccharomyces_cerevisiae_baker_s_yeast, Node1652*)",1283,2.204415160258556,2.347597172229281,c1,branch_to_yeast
"(Eukaryota_Opisthokonta_Nucletmycea_Fungi_Dikarya_Ascomycota_Saccharomycotina_Saccharomycetes_Saccharomycetales_Saccharomyces_cerevisiae_baker_s_yeast, Node1652*)",1284,3.3477171110772046,2.347597172229281,c1,branch_to_yeast
"(Eukaryota_Opisthokonta_Nucletmycea_Fungi_Dikarya_Ascomycota_Saccharomycotina_Saccharomycetes_Saccharomycetales_Saccharomyces_cerevisiae_baker_s_yeast, Node1652*)",1285,2.204415160258556,2.347597172229281,c1,branch_to_yeast
"(Eukaryota_Opisthokonta_Nucletmycea_Fungi_Dikarya_Ascomycota_Saccharomycotina_Saccharomycetes_Saccharomycetales_Saccharomyces_cerevisiae_baker_s_yeast, Node1652*)",1286,2.204415160258556,2.347597172229281,c1,branch_to_yeast
"(Eukaryota_Opisthokonta_Nucletmycea_Fungi_Dikarya_Ascomycota_Saccharomycotina_Saccharomycetes_Saccharomycetales_Saccharomyces_cerevisiae_baker_s_yeast, Node1652*)",1287,3.3477171110772046,2.347597172229281,c1,branch_to_yeast
"(Eukaryota_Opisthokonta_Nucletmycea_Fungi_Dikarya_Ascomycota_Saccharomycotina_Saccharomycetes_Saccharomycetales_Saccharomyces_cerevisiae_baker_s_yeast, Node1652*)",1288,-2.387312824374601e-16,2.347597172229281,c1,branch_to_yeast
"(Eukaryota_Opisthokonta_Nucletmycea_Fungi_Dikarya_Ascomycota_Saccharomycotina_Saccharomycetes_Saccharomycetales_Saccharomyces_cerevisiae_baker_s_yeast, Node1652*)",1289,-2.315108109611295e-16,1.889559500203874,c2,branch_to_yeast
"(Eukaryota_Opisthokonta_Nucletmycea_Fungi_Dikarya_Ascomycota_Saccharomycotina_Saccharomycetes_Saccharomycetales_Saccharomyces_cerevisiae_baker_s_yeast, Node1652*)",1290,2.976253267401704,2.347597172229281,c1,branch_to_yeast
"(Eukaryota_Opisthokonta_Nucletmycea_Fungi_Dikarya_Ascomycota_Saccharomycotina_Saccharomycetes_Saccharomycetales_Saccharomyces_cerevisiae_baker_s_yeast, Node1652*)",1291,2.976253267401704,2.347597172229281,c1,branch_to_yeast
"(Eukaryota_Opisthokonta_Nucletmycea_Fungi_Dikarya_Ascomycota_Saccharomycotina_Saccharomycetes_Saccharomycetales_Saccharomyces_cerevisiae_baker_s_yeast, Node1652*)",1292,-1.6332492487765227e-16,2.347597172229281,c1,branch_to_yeast
"(Eukaryota_Opisthokonta_Nucletmycea_Fungi_Dikarya_Ascomycota_Saccharomycotina_Saccharomycetes_Saccharomycetales_Saccharomyces_cerevisiae_baker_s_yeast, Node1652*)",1293,-2.3409734847997467e-16,2.347597172229281,c1,branch_to_yeast
"(Eukaryota_Opisthokonta_Nucletmycea_Fungi_Dikarya_Ascomycota_Saccharomycotina_Saccharomycetes_Saccharomycetales_Saccharomyces_cerevisiae_baker_s_yeast, Node1652*)",1294,-2.0445037452452864e-16,2.347597172229281,c1,branch_to_yeast
"(Eukaryota_Opisthokonta_Nucletmycea_Fungi_Dikarya_Ascomycota_Saccharomycotina_Saccharomycetes_Saccharomycetales_Saccharomyces_cerevisiae_baker_s_yeast, Node1652*)",1295,2.204415160258556,2.347597172229281,c1,branch_to_yeast
"(Eukaryota_Opisthokonta_Nucletmycea_Fungi_Dikarya_Ascomycota_Saccharomycotina_Saccharomycetes_Saccharomycetales_Saccharomyces_cerevisiae_baker_s_yeast, Node1652*)",1296,2.976253267401704,2.347597172229281,c1,branch_to_yeast
"(Eukaryota_Opisthokonta_Nucletmycea_Fungi_Dikarya_Ascomycota_Saccharomycotina_Saccharomycetes_Saccharomycetales_Saccharomyces_cerevisiae_baker_s_yeast, Node1652*)",1297,3.3421000322333803,1.837175246384109,c3,branch_to_yeast
"(Eukaryota_Opisthokonta_Nucletmycea_Fungi_Dikarya_Ascomycota_Saccharomycotina_Saccharomycetes_Saccharomycetales_Saccharomyces_cerevisiae_baker_s_yeast, Node1652*)",1298,-2.2695407254214453e-16,1.889559500203874,c2,branch_to_yeast
"(Eukaryota_Opisthokonta_Nucletmycea_Fungi_Dikarya_Ascomycota_Saccharomycotina_Saccharomycetes_Saccharomycetales_Saccharomyces_cerevisiae_baker_s_yeast, Node1652*)",1299,3.3459213213490626,1.889559500203874,c2,branch_to_yeast
"(Eukaryota_Opisthokonta_Nucletmycea_Fungi_Dikarya_Ascomycota_Saccharomycotina_Saccharomycetes_Saccharomycetales_Saccharomyces_cerevisiae_baker_s_yeast, Node1652*)",1300,2.9747327073946592,1.889559500203874,c2,branch_to_yeast
"(Eukaryota_Opisthokonta_Nucletmycea_Fungi_Dikarya_Ascomycota_Saccharomycotina_Saccharomycetes_Saccharomycetales_Saccharomyces_cerevisiae_baker_s_yeast, Node1652*)",1301,2.976253267401704,2.347597172229281,c1,branch_to_yeast
"(Eukaryota_Opisthokonta_Nucletmycea_Fungi_Dikarya_Ascomycota_Saccharomycotina_Saccharomycetes_Saccharomycetales_Saccharomyces_cerevisiae_baker_s_yeast, Node1652*)",1302,3.3477171110772046,2.347597172229281,c1,branch_to_yeast
"(Eukaryota_Opisthokonta_Nucletmycea_Fungi_Dikarya_Ascomycota_Saccharomycotina_Saccharomycetes_Saccharomycetales_Saccharomyces_cerevisiae_baker_s_yeast, Node1652*)",1303,2.9747327073946592,1.889559500203874,c2,branch_to_yeast
"(Eukaryota_Opisthokonta_Nucletmycea_Fungi_Dikarya_Ascomycota_Saccharomycotina_Saccharomycetes_Saccharomycetales_Saccharomyces_cerevisiae_baker_s_yeast, Node1652*)",1304,3.3477171110772046,2.347597172229281,c1,branch_to_yeast
"(Eukaryota_Opisthokonta_Nucletmycea_Fungi_Dikarya_Ascomycota_Saccharomycotina_Saccharomycetes_Saccharomycetales_Saccharomyces_cerevisiae_baker_s_yeast, Node1652*)",1305,2.204415160258556,2.347597172229281,c1,branch_to_yeast
"(Eukaryota_Opisthokonta_Nucletmycea_Fungi_Dikarya_Ascomycota_Saccharomycotina_Saccharomycetes_Saccharomycetales_Saccharomyces_cerevisiae_baker_s_yeast, Node1652*)",1306,2.2036494920422576,1.889559500203874,c2,branch_to_yeast
"(Eukaryota_Opisthokonta_Nucletmycea_Fungi_Dikarya_Ascomycota_Saccharomycotina_Saccharomycetes_Saccharomycetales_Saccharomyces_cerevisiae_baker_s_yeast, Node1652*)",1307,2.2036494920422576,1.889559500203874,c2,branch_to_yeast
"(Eukaryota_Opisthokonta_Nucletmycea_Fungi_Dikarya_Ascomycota_Saccharomycotina_Saccharomycetes_Saccharomycetales_Saccharomyces_cerevisiae_baker_s_yeast, Node1652*)",1308,2.2036494920422576,1.889559500203874,c2,branch_to_yeast
"(Eukaryota_Opisthokonta_Nucletmycea_Fungi_Dikarya_Ascomycota_Saccharomycotina_Saccharomycetes_Saccharomycetales_Saccharomyces_cerevisiae_baker_s_yeast, Node1652*)",1309,2.976253267401704,2.347597172229281,c1,branch_to_yeast
"(Eukaryota_Opisthokonta_Nucletmycea_Fungi_Dikarya_Ascomycota_Saccharomycotina_Saccharomycetes_Saccharomycetales_Saccharomyces_cerevisiae_baker_s_yeast, Node1652*)",1310,2.976253267401704,2.347597172229281,c1,branch_to_yeast
"(Eukaryota_Opisthokonta_Nucletmycea_Fungi_Dikarya_Ascomycota_Saccharomycotina_Saccharomycetes_Saccharomycetales_Saccharomyces_cerevisiae_baker_s_yeast, Node1652*)",1311,2.9747327073946592,1.889559500203874,c2,branch_to_yeast
"(Eukaryota_Opisthokonta_Nucletmycea_Fungi_Dikarya_Ascomycota_Saccharomycotina_Saccharomycetes_Saccharomycetales_Saccharomyces_cerevisiae_baker_s_yeast, Node1652*)",1312,3.3477171110772046,2.347597172229281,c1,branch_to_yeast
"(Eukaryota_Opisthokonta_Nucletmycea_Fungi_Dikarya_Ascomycota_Saccharomycotina_Saccharomycetes_Saccharomycetales_Saccharomyces_cerevisiae_baker_s_yeast, Node1652*)",1313,-2.1801719393790946e-16,2.347597172229281,c1,branch_to_yeast
"(Eukaryota_Opisthokonta_Nucletmycea_Fungi_Dikarya_Ascomycota_Saccharomycotina_Saccharomycetes_Saccharomycetales_Saccharomyces_cerevisiae_baker_s_yeast, Node1652*)",1314,3.3459213213490626,1.889559500203874,c2,branch_to_yeast
"(Eukaryota_Opisthokonta_Nucletmycea_Fungi_Dikarya_Ascomycota_Saccharomycotina_Saccharomycetes_Saccharomycetales_Saccharomyces_cerevisiae_baker_s_yeast, Node1652*)",1315,2.976253267401704,2.347597172229281,c1,branch_to_yeast
"(Eukaryota_Opisthokonta_Nucletmycea_Fungi_Dikarya_Ascomycota_Saccharomycotina_Saccharomycetes_Saccharomycetales_Saccharomyces_cerevisiae_baker_s_yeast, Node1652*)",1316,3.3477171110772046,2.347597172229281,c1,branch_to_yeast
"(Eukaryota_Opisthokonta_Nucletmycea_Fungi_Dikarya_Ascomycota_Saccharomycotina_Saccharomycetes_Saccharomycetales_Saccharomyces_cerevisiae_baker_s_yeast, Node1652*)",1317,3.3477171110772046,2.347597172229281,c1,branch_to_yeast
"(Eukaryota_Opisthokonta_Nucletmycea_Fungi_Dikarya_Ascomycota_Saccharomycotina_Saccharomycetes_Saccharomycetales_Saccharomyces_cerevisiae_baker_s_yeast, Node1652*)",1318,2.9747327073946592,1.889559500203874,c2,branch_to_yeast
"(Eukaryota_Opisthokonta_Nucletmycea_Fungi_Dikarya_Ascomycota_Saccharomycotina_Saccharomycetes_Saccharomycetales_Saccharomyces_cerevisiae_baker_s_yeast, Node1652*)",1319,2.2020190876113945,1.837175246384109,c3,branch_to_yeast
"(Eukaryota_Opisthokonta_Nucletmycea_Fungi_Dikarya_Ascomycota_Saccharomycotina_Saccharomycetes_Saccharomycetales_Saccharomyces_cerevisiae_baker_s_yeast, Node1652*)",1320,2.2036494920422576,1.889559500203874,c2,branch_to_yeast
"(Eukaryota_Opisthokonta_Nucletmycea_Fungi_Dikarya_Ascomycota_Saccharomycotina_Saccharomycetes_Saccharomycetales_Saccharomyces_cerevisiae_baker_s_yeast, Node1652*)",1321,-9.548441068869678e-17,1.837175246384109,c3,branch_to_yeast
"(Eukaryota_Opisthokonta_Nucletmycea_Fungi_Dikarya_Ascomycota_Saccharomycotina_Saccharomycetes_Saccharomycetales_Saccharomyces_cerevisiae_baker_s_yeast, Node1652*)",1322,3.3421000322333803,1.837175246384109,c3,branch_to_yeast
"(Eukaryota_Opisthokonta_Nucletmycea_Fungi_Dikarya_Ascomycota_Saccharomycotina_Saccharomycetes_Saccharomycetales_Saccharomyces_cerevisiae_baker_s_yeast, Node1652*)",1323,3.3477171110772046,2.347597172229281,c1,branch_to_yeast
"(Eukaryota_Opisthokonta_Nucletmycea_Fungi_Dikarya_Ascomycota_Saccharomycotina_Saccharomycetes_Saccharomycetales_Saccharomyces_cerevisiae_baker_s_yeast, Node1652*)",1324,2.9747327073946592,1.889559500203874,c2,branch_to_yeast
"(Eukaryota_Opisthokonta_Nucletmycea_Fungi_Dikarya_Ascomycota_Saccharomycotina_Saccharomycetes_Saccharomycetales_Saccharomyces_cerevisiae_baker_s_yeast, Node1652*)",1325,2.204415160258556,2.347597172229281,c1,branch_to_yeast
"(Eukaryota_Opisthokonta_Nucletmycea_Fungi_Dikarya_Ascomycota_Saccharomycotina_Saccharomycetes_Saccharomycetales_Saccharomyces_cerevisiae_baker_s_yeast, Node1652*)",1326,2.976253267401704,2.347597172229281,c1,branch_to_yeast
"(Eukaryota_Opisthokonta_Nucletmycea_Fungi_Dikarya_Ascomycota_Saccharomycotina_Saccharomycetes_Saccharomycetales_Saccharomyces_cerevisiae_baker_s_yeast, Node1652*)",1327,3.3459213213490626,1.889559500203874,c2,branch_to_yeast
"(Eukaryota_Opisthokonta_Nucletmycea_Fungi_Dikarya_Ascomycota_Saccharomycotina_Saccharomycetes_Saccharomycetales_Saccharomyces_cerevisiae_baker_s_yeast, Node1652*)",1328,2.976253267401704,2.347597172229281,c1,branch_to_yeast
"(Eukaryota_Opisthokonta_Nucletmycea_Fungi_Dikarya_Ascomycota_Saccharomycotina_Saccharomycetes_Saccharomycetales_Saccharomyces_cerevisiae_baker_s_yeast, Node1652*)",1329,3.3459213213490626,1.889559500203874,c2,branch_to_yeast
"(Eukaryota_Opisthokonta_Nucletmycea_Fungi_Dikarya_Ascomycota_Saccharomycotina_Saccharomycetes_Saccharomycetales_Saccharomyces_cerevisiae_baker_s_yeast, Node1652*)",1330,8.498347821971047e-18,1.837175246384109,c3,branch_to_yeast
"(Eukaryota_Opisthokonta_Nucletmycea_Fungi_Dikarya_Ascomycota_Saccharomycotina_Saccharomycetes_Saccharomycetales_Saccharomyces_cerevisiae_baker_s_yeast, Node1652*)",1331,2.971494938007999,1.837175246384109,c3,branch_to_yeast
"(Eukaryota_Opisthokonta_Nucletmycea_Fungi_Dikarya_Ascomycota_Saccharomycotina_Saccharomycetes_Saccharomycetales_Saccharomyces_cerevisiae_baker_s_yeast, Node1652*)",1332,2.971494938007999,1.837175246384109,c3,branch_to_yeast
"(Eukaryota_Opisthokonta_Nucletmycea_Fungi_Dikarya_Ascomycota_Saccharomycotina_Saccharomycetes_Saccharomycetales_Saccharomyces_cerevisiae_baker_s_yeast, Node1652*)",1333,-1.587734237925952e-16,1.01655548421231,c4,branch_to_yeast
"(Eukaryota_Opisthokonta_Nucletmycea_Fungi_Dikarya_Ascomycota_Saccharomycotina_Saccharomycetes_Saccharomycetales_Saccharomyces_cerevisiae_baker_s_yeast, Node1652*)",1334,2.9610622710287644,1.01655548421231,c4,branch_to_yeast
"(Eukaryota_Opisthokonta_Nucletmycea_Fungi_Dikarya_Ascomycota_Saccharomycotina_Saccharomycetes_Saccharomycetales_Saccharomyces_cerevisiae_baker_s_yeast, Node1652*)",1335,2.9747327073946592,1.889559500203874,c2,branch_to_yeast
"(Eukaryota_Opisthokonta_Nucletmycea_Fungi_Dikarya_Ascomycota_Saccharomycotina_Saccharomycetes_Saccharomycetales_Saccharomyces_cerevisiae_baker_s_yeast, Node1652*)",1336,2.2020190876113945,1.837175246384109,c3,branch_to_yeast
"(Eukaryota_Opisthokonta_Nucletmycea_Fungi_Dikarya_Ascomycota_Saccharomycotina_Saccharomycetes_Saccharomycetales_Saccharomyces_cerevisiae_baker_s_yeast, Node1652*)",1337,2.2036494920422576,1.889559500203874,c2,branch_to_yeast
"(Eukaryota_Opisthokonta_Nucletmycea_Fungi_Dikarya_Ascomycota_Saccharomycotina_Saccharomycetes_Saccharomycetales_Saccharomyces_cerevisiae_baker_s_yeast, Node1652*)",1338,2.971494938007999,1.837175246384109,c3,branch_to_yeast
"(Eukaryota_Opisthokonta_Nucletmycea_Fungi_Dikarya_Ascomycota_Saccharomycotina_Saccharomycetes_Saccharomycetales_Saccharomyces_cerevisiae_baker_s_yeast, Node1652*)",1339,2.620567899814578e-17,1.01655548421231,c4,branch_to_yeast
"(Eukaryota_Opisthokonta_Nucletmycea_Fungi_Dikarya_Ascomycota_Saccharomycotina_Saccharomycetes_Saccharomycetales_Saccharomyces_cerevisiae_baker_s_yeast, Node1652*)",1340,-2.0712821831660936e-17,1.01655548421231,c4,branch_to_yeast
"(Eukaryota_Opisthokonta_Nucletmycea_Fungi_Dikarya_Ascomycota_Saccharomycotina_Saccharomycetes_Saccharomycetales_Saccharomyces_cerevisiae_baker_s_yeast, Node1652*)",1341,-4.669917655541108e-18,1.837175246384109,c3,branch_to_yeast
"(Eukaryota_Opisthokonta_Nucletmycea_Fungi_Dikarya_Ascomycota_Saccharomycotina_Saccharomycetes_Saccharomycetales_Saccharomyces_cerevisiae_baker_s_yeast, Node1652*)",1342,7.936334314391277e-17,1.889559500203874,c2,branch_to_yeast
"(Eukaryota_Opisthokonta_Nucletmycea_Fungi_Dikarya_Ascomycota_Saccharomycotina_Saccharomycetes_Saccharomycetales_Saccharomyces_cerevisiae_baker_s_yeast, Node1652*)",1343,2.2020190876113945,1.837175246384109,c3,branch_to_yeast
"(Eukaryota_Opisthokonta_Nucletmycea_Fungi_Dikarya_Ascomycota_Saccharomycotina_Saccharomycetes_Saccharomycetales_Saccharomyces_cerevisiae_baker_s_yeast, Node1652*)",1344,2.971494938007999,1.837175246384109,c3,branch_to_yeast
"(Eukaryota_Opisthokonta_Nucletmycea_Fungi_Dikarya_Ascomycota_Saccharomycotina_Saccharomycetes_Saccharomycetales_Saccharomyces_cerevisiae_baker_s_yeast, Node1652*)",1345,3.334118186679842e-19,1.837175246384109,c3,branch_to_yeast
"(Eukaryota_Opisthokonta_Nucletmycea_Fungi_Dikarya_Ascomycota_Saccharomycotina_Saccharomycetes_Saccharomycetales_Saccharomyces_cerevisiae_baker_s_yeast, Node1652*)",1346,6.88423788824061e-18,1.837175246384109,c3,branch_to_yeast
"(Eukaryota_Opisthokonta_Nucletmycea_Fungi_Dikarya_Ascomycota_Saccharomycotina_Saccharomycetes_Saccharomycetales_Saccharomyces_cerevisiae_baker_s_yeast, Node1652*)",1347,3.989460215308617e-18,1.837175246384109,c3,branch_to_yeast
"(Eukaryota_Opisthokonta_Nucletmycea_Fungi_Dikarya_Ascomycota_Saccharomycotina_Saccharomycetes_Saccharomycetales_Saccharomyces_cerevisiae_baker_s_yeast, Node1652*)",1348,9.555716294660717e-18,1.837175246384109,c3,branch_to_yeast
"(Eukaryota_Opisthokonta_Nucletmycea_Fungi_Dikarya_Ascomycota_Saccharomycotina_Saccharomycetes_Saccharomycetales_Saccharomyces_cerevisiae_baker_s_yeast, Node1652*)",1349,7.015548914200744e-21,1.01655548421231,c4,branch_to_yeast
"(Eukaryota_Opisthokonta_Nucletmycea_Fungi_Dikarya_Ascomycota_Saccharomycotina_Saccharomycetes_Saccharomycetales_Saccharomyces_cerevisiae_baker_s_yeast, Node1652*)",1350,4.5460960193210075e-21,1.01655548421231,c4,branch_to_yeast
"(Eukaryota_Opisthokonta_Nucletmycea_Fungi_Dikarya_Ascomycota_Saccharomycotina_Saccharomycetes_Saccharomycetales_Saccharomyces_cerevisiae_baker_s_yeast, Node1652*)",1351,-1.2184897668519567e-20,1.01655548421231,c4,branch_to_yeast
"(Eukaryota_Opisthokonta_Nucletmycea_Fungi_Dikarya_Ascomycota_Saccharomycotina_Saccharomycetes_Saccharomycetales_Saccharomyces_cerevisiae_baker_s_yeast, Node1652*)",1352,-3.860937973044822e-18,1.837175246384109,c3,branch_to_yeast
"(Eukaryota_Opisthokonta_Nucletmycea_Fungi_Dikarya_Ascomycota_Saccharomycotina_Saccharomycetes_Saccharomycetales_Saccharomyces_cerevisiae_baker_s_yeast, Node1652*)",1353,1.0017357442011344e-20,1.01655548421231,c4,branch_to_yeast
"(Eukaryota_Opisthokonta_Nucletmycea_Fungi_Dikarya_Ascomycota_Saccharomycotina_Saccharomycetes_Saccharomycetales_Saccharomyces_cerevisiae_baker_s_yeast, Node1652*)",1354,5.568953563050166e-21,1.01655548421231,c4,branch_to_yeast
"(Eukaryota_Opisthokonta_Nucletmycea_Fungi_Dikarya_Ascomycota_Saccharomycotina_Saccharomycetes_Saccharomycetales_Saccharomyces_cerevisiae_baker_s_yeast, Node1652*)",1355,4.923979902251116e-21,1.01655548421231,c4,branch_to_yeast
"(Eukaryota_Opisthokonta_Nucletmycea_Fungi_Dikarya_Ascomycota_Saccharomycotina_Saccharomycetes_Saccharomycetales_Saccharomyces_cerevisiae_baker_s_yeast, Node1652*)",1356,-3.4496526131549285e-18,1.837175246384109,c3,branch_to_yeast
"(Eukaryota_Opisthokonta_Nucletmycea_Fungi_Dikarya_Ascomycota_Saccharomycotina_Saccharomycetes_Saccharomycetales_Saccharomyces_cerevisiae_baker_s_yeast, Node1652*)",1357,-2.8209197028633173e-18,1.837175246384109,c3,branch_to_yeast
"(Eukaryota_Opisthokonta_Nucletmycea_Fungi_Dikarya_Ascomycota_Saccharomycotina_Saccharomycetes_Saccharomycetales_Saccharomyces_cerevisiae_baker_s_yeast, Node1652*)",1358,-6.60747470051764e-17,1.889559500203874,c2,branch_to_yeast
"(Eukaryota_Opisthokonta_Nucletmycea_Fungi_Dikarya_Ascomycota_Saccharomycotina_Saccharomycetes_Saccharomycetales_Saccharomyces_cerevisiae_baker_s_yeast, Node1652*)",1359,2.7200784018560645e-16,2.347597172229281,c1,branch_to_yeast
"(Eukaryota_Opisthokonta_Nucletmycea_Fungi_Dikarya_Ascomycota_Saccharomycotina_Saccharomycetes_Saccharomycetales_Saccharomyces_cerevisiae_baker_s_yeast, Node1652*)",1360,9.434032369202692e-17,1.889559500203874,c2,branch_to_yeast
"(Eukaryota_Opisthokonta_Nucletmycea_Fungi_Dikarya_Ascomycota_Saccharomycotina_Saccharomycetes_Saccharomycetales_Saccharomyces_cerevisiae_baker_s_yeast, Node1652*)",1361,-1.0696346955862692e-16,2.347597172229281,c1,branch_to_yeast
"(Eukaryota_Opisthokonta_Nucletmycea_Fungi_Dikarya_Ascomycota_Saccharomycotina_Saccharomycetes_Saccharomycetales_Saccharomyces_cerevisiae_baker_s_yeast, Node1652*)",1362,6.622966990404102e-18,1.837175246384109,c3,branch_to_yeast
"(Eukaryota_Opisthokonta_Nucletmycea_Fungi_Dikarya_Ascomycota_Saccharomycotina_Saccharomycetes_Saccharomycetales_Saccharomyces_cerevisiae_baker_s_yeast, Node1652*)",1363,-9.539313266554496e-21,1.01655548421231,c4,branch_to_yeast
"(Eukaryota_Opisthokonta_Nucletmycea_Fungi_Dikarya_Ascomycota_Saccharomycotina_Saccharomycetes_Saccharomycetales_Saccharomyces_cerevisiae_baker_s_yeast, Node1652*)",1364,-9.719512543700442e-21,1.01655548421231,c4,branch_to_yeast
"(Eukaryota_Opisthokonta_Nucletmycea_Fungi_Dikarya_Ascomycota_Saccharomycotina_Saccharomycetes_Saccharomycetales_Saccharomyces_cerevisiae_baker_s_yeast, Node1652*)",1365,-9.262773710714377e-21,1.01655548421231,c4,branch_to_yeast
"(Eukaryota_Opisthokonta_Nucletmycea_Fungi_Dikarya_Ascomycota_Saccharomycotina_Saccharomycetes_Saccharomycetales_Saccharomyces_cerevisiae_baker_s_yeast, Node1652*)",1366,-2.296761465327428e-18,1.837175246384109,c3,branch_to_yeast
"(Eukaryota_Opisthokonta_Nucletmycea_Fungi_Dikarya_Ascomycota_Saccharomycotina_Saccharomycetes_Saccharomycetales_Saccharomyces_cerevisiae_baker_s_yeast, Node1652*)",1367,8.270507349319094e-21,1.01655548421231,c4,branch_to_yeast
"(Eukaryota_Opisthokonta_Nucletmycea_Fungi_Dikarya_Ascomycota_Saccharomycotina_Saccharomycetes_Saccharomycetales_Saccharomyces_cerevisiae_baker_s_yeast, Node1652*)",1368,-9.343710094049069e-21,1.01655548421231,c4,branch_to_yeast
"(Eukaryota_Opisthokonta_Nucletmycea_Fungi_Dikarya_Ascomycota_Saccharomycotina_Saccharomycetes_Saccharomycetales_Saccharomyces_cerevisiae_baker_s_yeast, Node1652*)",1369,-9.64290669231366e-21,1.01655548421231,c4,branch_to_yeast
"(Eukaryota_Opisthokonta_Nucletmycea_Fungi_Dikarya_Ascomycota_Saccharomycotina_Saccharomycetes_Saccharomycetales_Saccharomyces_cerevisiae_baker_s_yeast, Node1652*)",1370,3.3421000322333803,1.837175246384109,c3,branch_to_yeast
"(Eukaryota_Opisthokonta_Nucletmycea_Fungi_Dikarya_Ascomycota_Saccharomycotina_Saccharomycetes_Saccharomycetales_Saccharomyces_cerevisiae_baker_s_yeast, Node1652*)",1371,2.971494938007999,1.837175246384109,c3,branch_to_yeast
"(Eukaryota_Opisthokonta_Nucletmycea_Fungi_Dikarya_Ascomycota_Saccharomycotina_Saccharomycetes_Saccharomycetales_Saccharomyces_cerevisiae_baker_s_yeast, Node1652*)",1372,-2.1685843735230547e-18,1.837175246384109,c3,branch_to_yeast
"(Eukaryota_Opisthokonta_Nucletmycea_Fungi_Dikarya_Ascomycota_Saccharomycotina_Saccharomycetes_Saccharomycetales_Saccharomyces_cerevisiae_baker_s_yeast, Node1652*)",1373,-1.9485481406283247e-18,1.837175246384109,c3,branch_to_yeast
"(Eukaryota_Opisthokonta_Nucletmycea_Fungi_Dikarya_Ascomycota_Saccharomycotina_Saccharomycetes_Saccharomycetales_Saccharomyces_cerevisiae_baker_s_yeast, Node1652*)",1374,-3.703723085280536e-21,1.01655548421231,c4,branch_to_yeast
"(Eukaryota_Opisthokonta_Nucletmycea_Fungi_Dikarya_Ascomycota_Saccharomycotina_Saccharomycetes_Saccharomycetales_Saccharomyces_cerevisiae_baker_s_yeast, Node1652*)",1375,1.4789972972277781e-21,1.01655548421231,c4,branch_to_yeast
"(Eukaryota_Opisthokonta_Nucletmycea_Fungi_Dikarya_Ascomycota_Saccharomycotina_Saccharomycetes_Saccharomycetales_Saccharomyces_cerevisiae_baker_s_yeast, Node1652*)",1376,2.2020190876113945,1.837175246384109,c3,branch_to_yeast
"(Eukaryota_Opisthokonta_Nucletmycea_Fungi_Dikarya_Ascomycota_Saccharomycotina_Saccharomycetes_Saccharomycetales_Saccharomyces_cerevisiae_baker_s_yeast, Node1652*)",1377,2.971494938007999,1.837175246384109,c3,branch_to_yeast
"(Eukaryota_Opisthokonta_Nucletmycea_Fungi_Dikarya_Ascomycota_Saccharomycotina_Saccharomycetes_Saccharomycetales_Saccharomyces_cerevisiae_baker_s_yeast, Node1652*)",1378,-2.1198961924076155e-16,1.889559500203874,c2,branch_to_yeast
"(Eukaryota_Opisthokonta_Nucletmycea_Fungi_Dikarya_Ascomycota_Saccharomycotina_Saccharomycetes_Saccharomycetales_Saccharomyces_cerevisiae_baker_s_yeast, Node1652*)",1379,-1.516919879150999e-16,1.837175246384109,c3,branch_to_yeast
"(Eukaryota_Opisthokonta_Nucletmycea_Fungi_Dikarya_Ascomycota_Saccharomycotina_Saccharomycetes_Saccharomycetales_Saccharomyces_cerevisiae_baker_s_yeast, Node1652*)",1380,2.2020190876113945,1.837175246384109,c3,branch_to_yeast
"(Eukaryota_Opisthokonta_Nucletmycea_Fungi_Dikarya_Ascomycota_Saccharomycotina_Saccharomycetes_Saccharomycetales_Saccharomyces_cerevisiae_baker_s_yeast, Node1652*)",1381,2.9747327073946592,1.889559500203874,c2,branch_to_yeast
"(Eukaryota_Opisthokonta_Nucletmycea_Fungi_Dikarya_Ascomycota_Saccharomycotina_Saccharomycetes_Saccharomycetales_Saccharomyces_cerevisiae_baker_s_yeast, Node1652*)",1382,2.2020190876113945,1.837175246384109,c3,branch_to_yeast
"(Eukaryota_Opisthokonta_Nucletmycea_Fungi_Dikarya_Ascomycota_Saccharomycotina_Saccharomycetes_Saccharomycetales_Saccharomyces_cerevisiae_baker_s_yeast, Node1652*)",1383,2.971494938007999,1.837175246384109,c3,branch_to_yeast
"(Eukaryota_Opisthokonta_Nucletmycea_Fungi_Dikarya_Ascomycota_Saccharomycotina_Saccharomycetes_Saccharomycetales_Saccharomyces_cerevisiae_baker_s_yeast, Node1652*)",1384,2.2020190876113945,1.837175246384109,c3,branch_to_yeast
"(Eukaryota_Opisthokonta_Nucletmycea_Fungi_Dikarya_Ascomycota_Saccharomycotina_Saccharomycetes_Saccharomycetales_Saccharomyces_cerevisiae_baker_s_yeast, Node1652*)",1385,3.3459213213490626,1.889559500203874,c2,branch_to_yeast
"(Eukaryota_Opisthokonta_Nucletmycea_Fungi_Dikarya_Ascomycota_Saccharomycotina_Saccharomycetes_Saccharomycetales_Saccharomyces_cerevisiae_baker_s_yeast, Node1652*)",1386,-2.088475103008224e-16,1.837175246384109,c3,branch_to_yeast
"(Eukaryota_Opisthokonta_Nucletmycea_Fungi_Dikarya_Ascomycota_Saccharomycotina_Saccharomycetes_Saccharomycetales_Saccharomyces_cerevisiae_baker_s_yeast, Node1652*)",1387,3.3421000322333803,1.837175246384109,c3,branch_to_yeast
"(Eukaryota_Opisthokonta_Nucletmycea_Fungi_Dikarya_Ascomycota_Saccharomycotina_Saccharomycetes_Saccharomycetales_Saccharomyces_cerevisiae_baker_s_yeast, Node1652*)",1388,2.454101229251723e-22,1.01655548421231,c4,branch_to_yeast
"(Eukaryota_Opisthokonta_Nucletmycea_Fungi_Dikarya_Ascomycota_Saccharomycotina_Saccharomycetes_Saccharomycetales_Saccharomyces_cerevisiae_baker_s_yeast, Node1652*)",1389,2.412435098624137e-21,1.01655548421231,c4,branch_to_yeast
"(Eukaryota_Opisthokonta_Nucletmycea_Fungi_Dikarya_Ascomycota_Saccharomycotina_Saccharomycetes_Saccharomycetales_Saccharomyces_cerevisiae_baker_s_yeast, Node1652*)",1390,-2.3984791874033338e-18,1.837175246384109,c3,branch_to_yeast
"(Eukaryota_Opisthokonta_Nucletmycea_Fungi_Dikarya_Ascomycota_Saccharomycotina_Saccharomycetes_Saccharomycetales_Saccharomyces_cerevisiae_baker_s_yeast, Node1652*)",1391,2.225140434456413e-19,1.837175246384109,c3,branch_to_yeast
"(Eukaryota_Opisthokonta_Nucletmycea_Fungi_Dikarya_Ascomycota_Saccharomycotina_Saccharomycetes_Saccharomycetales_Saccharomyces_cerevisiae_baker_s_yeast, Node1652*)",1392,5.68642723658982e-17,1.837175246384109,c3,branch_to_yeast
"(Eukaryota_Opisthokonta_Nucletmycea_Fungi_Dikarya_Ascomycota_Saccharomycotina_Saccharomycetes_Saccharomycetales_Saccharomyces_cerevisiae_baker_s_yeast, Node1652*)",1393,-1.7223745658375675e-16,2.347597172229281,c1,branch_to_yeast
"(Eukaryota_Opisthokonta_Nucletmycea_Fungi_Dikarya_Ascomycota_Saccharomycotina_Saccharomycetes_Saccharomycetales_Saccharomyces_cerevisiae_baker_s_yeast, Node1652*)",1394,1.880350365304751e-16,2.347597172229281,c1,branch_to_yeast
"(Eukaryota_Opisthokonta_Nucletmycea_Fungi_Dikarya_Ascomycota_Saccharomycotina_Saccharomycetes_Saccharomycetales_Saccharomyces_cerevisiae_baker_s_yeast, Node1652*)",1395,3.3477171110772046,2.347597172229281,c1,branch_to_yeast
"(Eukaryota_Opisthokonta_Nucletmycea_Fungi_Dikarya_Ascomycota_Saccharomycotina_Saccharomycetes_Saccharomycetales_Saccharomyces_cerevisiae_baker_s_yeast, Node1652*)",1396,2.9108047632803836e-16,1.837175246384109,c3,branch_to_yeast
"(Eukaryota_Opisthokonta_Nucletmycea_Fungi_Dikarya_Ascomycota_Saccharomycotina_Saccharomycetes_Saccharomycetales_Saccharomyces_cerevisiae_baker_s_yeast, Node1652*)",1397,4.239368652000976e-17,1.01655548421231,c4,branch_to_yeast
"(Eukaryota_Opisthokonta_Nucletmycea_Fungi_Dikarya_Ascomycota_Saccharomycotina_Saccharomycetes_Saccharomycetales_Saccharomyces_cerevisiae_baker_s_yeast, Node1652*)",1398,2.1967652049440844,1.01655548421231,c4,branch_to_yeast
"(Eukaryota_Opisthokonta_Nucletmycea_Fungi_Dikarya_Ascomycota_Saccharomycotina_Saccharomycetes_Saccharomycetales_Saccharomyces_cerevisiae_baker_s_yeast, Node1652*)",1399,2.9610622710287644,1.01655548421231,c4,branch_to_yeast
"(Eukaryota_Opisthokonta_Nucletmycea_Fungi_Dikarya_Ascomycota_Saccharomycotina_Saccharomycetes_Saccharomycetales_Saccharomyces_cerevisiae_baker_s_yeast, Node1652*)",1400,-2.508068609700903e-17,1.837175246384109,c3,branch_to_yeast
"(Eukaryota_Opisthokonta_Nucletmycea_Fungi_Dikarya_Ascomycota_Saccharomycotina_Saccharomycetes_Saccharomycetales_Saccharomyces_cerevisiae_baker_s_yeast, Node1652*)",1401,-2.230130631353572e-16,1.837175246384109,c3,branch_to_yeast
"(Eukaryota_Opisthokonta_Nucletmycea_Fungi_Dikarya_Ascomycota_Saccharomycotina_Saccharomycetes_Saccharomycetales_Saccharomyces_cerevisiae_baker_s_yeast, Node1652*)",1402,-1.86408365414972e-16,1.837175246384109,c3,branch_to_yeast
"(Eukaryota_Opisthokonta_Nucletmycea_Fungi_Dikarya_Ascomycota_Saccharomycotina_Saccharomycetes_Saccharomycetales_Saccharomyces_cerevisiae_baker_s_yeast, Node1652*)",1403,1.0473993078676987e-16,1.837175246384109,c3,branch_to_yeast
"(Eukaryota_Opisthokonta_Nucletmycea_Fungi_Dikarya_Ascomycota_Saccharomycotina_Saccharomycetes_Saccharomycetales_Saccharomyces_cerevisiae_baker_s_yeast, Node1652*)",1404,2.2036494920422576,1.889559500203874,c2,branch_to_yeast
"(Eukaryota_Opisthokonta_Nucletmycea_Fungi_Dikarya_Ascomycota_Saccharomycotina_Saccharomycetes_Saccharomycetales_Saccharomyces_cerevisiae_baker_s_yeast, Node1652*)",1405,-1.9624501949133144e-16,1.889559500203874,c2,branch_to_yeast
"(Eukaryota_Opisthokonta_Nucletmycea_Fungi_Dikarya_Ascomycota_Saccharomycotina_Saccharomycetes_Saccharomycetales_Saccharomyces_cerevisiae_baker_s_yeast, Node1652*)",1406,2.2036494920422576,1.889559500203874,c2,branch_to_yeast
"(Eukaryota_Opisthokonta_Nucletmycea_Fungi_Dikarya_Ascomycota_Saccharomycotina_Saccharomycetes_Saccharomycetales_Saccharomyces_cerevisiae_baker_s_yeast, Node1652*)",1407,2.2036494920422576,1.889559500203874,c2,branch_to_yeast
"(Eukaryota_Opisthokonta_Nucletmycea_Fungi_Dikarya_Ascomycota_Saccharomycotina_Saccharomycetes_Saccharomycetales_Saccharomyces_cerevisiae_baker_s_yeast, Node1652*)",1408,2.2020190876113945,1.837175246384109,c3,branch_to_yeast
"(Eukaryota_Opisthokonta_Nucletmycea_Fungi_Dikarya_Ascomycota_Saccharomycotina_Saccharomycetes_Saccharomycetales_Saccharomyces_cerevisiae_baker_s_yeast, Node1652*)",1409,-1.7098090537272367e-16,2.347597172229281,c1,branch_to_yeast
"(Eukaryota_Opisthokonta_Nucletmycea_Fungi_Dikarya_Ascomycota_Saccharomycotina_Saccharomycetes_Saccharomycetales_Saccharomyces_cerevisiae_baker_s_yeast, Node1652*)",1410,2.46821888074186e-16,2.347597172229281,c1,branch_to_yeast
"(Eukaryota_Opisthokonta_Nucletmycea_Fungi_Dikarya_Ascomycota_Saccharomycotina_Saccharomycetes_Saccharomycetales_Saccharomyces_cerevisiae_baker_s_yeast, Node1652*)",1411,2.204415160258556,2.347597172229281,c1,branch_to_yeast
"(Eukaryota_Opisthokonta_Nucletmycea_Fungi_Dikarya_Ascomycota_Saccharomycotina_Saccharomycetes_Saccharomycetales_Saccharomyces_cerevisiae_baker_s_yeast, Node1652*)",1412,2.204415160258556,2.347597172229281,c1,branch_to_yeast
"(Eukaryota_Opisthokonta_Nucletmycea_Fungi_Dikarya_Ascomycota_Saccharomycotina_Saccharomycetes_Saccharomycetales_Saccharomyces_cerevisiae_baker_s_yeast, Node1652*)",1413,-2.181303232343429e-16,2.347597172229281,c1,branch_to_yeast
"(Eukaryota_Opisthokonta_Nucletmycea_Fungi_Dikarya_Ascomycota_Saccharomycotina_Saccharomycetes_Saccharomycetales_Saccharomyces_cerevisiae_baker_s_yeast, Node1652*)",1414,2.204415160258556,2.347597172229281,c1,branch_to_yeast
"(Eukaryota_Opisthokonta_Nucletmycea_Fungi_Dikarya_Ascomycota_Saccharomycotina_Saccharomycetes_Saccharomycetales_Saccharomyces_cerevisiae_baker_s_yeast, Node1652*)",1415,2.2036494920422576,1.889559500203874,c2,branch_to_yeast
"(Eukaryota_Opisthokonta_Nucletmycea_Fungi_Dikarya_Ascomycota_Saccharomycotina_Saccharomycetes_Saccharomycetales_Saccharomyces_cerevisiae_baker_s_yeast, Node1652*)",1416,-2.3853200477960714e-16,2.347597172229281,c1,branch_to_yeast
"(Eukaryota_Opisthokonta_Nucletmycea_Fungi_Dikarya_Ascomycota_Saccharomycotina_Saccharomycetes_Saccharomycetales_Saccharomyces_cerevisiae_baker_s_yeast, Node1652*)",1417,2.204415160258556,2.347597172229281,c1,branch_to_yeast
"(Eukaryota_Opisthokonta_Nucletmycea_Fungi_Dikarya_Ascomycota_Saccharomycotina_Saccharomycetes_Saccharomycetales_Saccharomyces_cerevisiae_baker_s_yeast, Node1652*)",1418,3.3477171110772046,2.347597172229281,c1,branch_to_yeast
"(Eukaryota_Opisthokonta_Nucletmycea_Fungi_Dikarya_Ascomycota_Saccharomycotina_Saccharomycetes_Saccharomycetales_Saccharomyces_cerevisiae_baker_s_yeast, Node1652*)",1419,2.976253267401704,2.347597172229281,c1,branch_to_yeast
"(Eukaryota_Opisthokonta_Nucletmycea_Fungi_Dikarya_Ascomycota_Saccharomycotina_Saccharomycetes_Saccharomycetales_Saccharomyces_cerevisiae_baker_s_yeast, Node1652*)",1420,-2.526517480231904e-16,2.347597172229281,c1,branch_to_yeast
"(Eukaryota_Opisthokonta_Nucletmycea_Fungi_Dikarya_Ascomycota_Saccharomycotina_Saccharomycetes_Saccharomycetales_Saccharomyces_cerevisiae_baker_s_yeast, Node1652*)",1421,2.204415160258556,2.347597172229281,c1,branch_to_yeast
"(Eukaryota_Opisthokonta_Nucletmycea_Fungi_Dikarya_Ascomycota_Saccharomycotina_Saccharomycetes_Saccharomycetales_Saccharomyces_cerevisiae_baker_s_yeast, Node1652*)",1422,2.204415160258556,2.347597172229281,c1,branch_to_yeast
"(Eukaryota_Opisthokonta_Nucletmycea_Fungi_Dikarya_Ascomycota_Saccharomycotina_Saccharomycetes_Saccharomycetales_Saccharomyces_cerevisiae_baker_s_yeast, Node1652*)",1423,3.3459213213490626,1.889559500203874,c2,branch_to_yeast
"(Eukaryota_Opisthokonta_Nucletmycea_Fungi_Dikarya_Ascomycota_Saccharomycotina_Saccharomycetes_Saccharomycetales_Saccharomyces_cerevisiae_baker_s_yeast, Node1652*)",1424,3.3477171110772046,2.347597172229281,c1,branch_to_yeast
"(Eukaryota_Opisthokonta_Nucletmycea_Fungi_Dikarya_Ascomycota_Saccharomycotina_Saccharomycetes_Saccharomycetales_Saccharomyces_cerevisiae_baker_s_yeast, Node1652*)",1425,2.204415160258556,2.347597172229281,c1,branch_to_yeast
"(Eukaryota_Opisthokonta_Nucletmycea_Fungi_Dikarya_Ascomycota_Saccharomycotina_Saccharomycetes_Saccharomycetales_Saccharomyces_cerevisiae_baker_s_yeast, Node1652*)",1426,2.3759172593215016e-17,2.347597172229281,c1,branch_to_yeast
"(Eukaryota_Opisthokonta_Nucletmycea_Fungi_Dikarya_Ascomycota_Saccharomycotina_Saccharomycetes_Saccharomycetales_Saccharomyces_cerevisiae_baker_s_yeast, Node1652*)",1427,-2.376788180308857e-16,2.347597172229281,c1,branch_to_yeast
"(Eukaryota_Opisthokonta_Nucletmycea_Fungi_Dikarya_Ascomycota_Saccharomycotina_Saccharomycetes_Saccharomycetales_Saccharomyces_cerevisiae_baker_s_yeast, Node1652*)",1428,3.3477171110772046,2.347597172229281,c1,branch_to_yeast
"(Eukaryota_Opisthokonta_Nucletmycea_Fungi_Dikarya_Ascomycota_Saccharomycotina_Saccharomycetes_Saccharomycetales_Saccharomyces_cerevisiae_baker_s_yeast, Node1652*)",1429,-2.2172268429372035e-16,2.347597172229281,c1,branch_to_yeast
"(Eukaryota_Opisthokonta_Nucletmycea_Fungi_Dikarya_Ascomycota_Saccharomycotina_Saccharomycetes_Saccharomycetales_Saccharomyces_cerevisiae_baker_s_yeast, Node1652*)",1430,-2.3706246906464284e-16,2.347597172229281,c1,branch_to_yeast
"(Eukaryota_Opisthokonta_Nucletmycea_Fungi_Dikarya_Ascomycota_Saccharomycotina_Saccharomycetes_Saccharomycetales_Saccharomyces_cerevisiae_baker_s_yeast, Node1652*)",1431,2.976253267401704,2.347597172229281,c1,branch_to_yeast
"(Eukaryota_Opisthokonta_Nucletmycea_Fungi_Dikarya_Ascomycota_Saccharomycotina_Saccharomycetes_Saccharomycetales_Saccharomyces_cerevisiae_baker_s_yeast, Node1652*)",1432,2.204415160258556,2.347597172229281,c1,branch_to_yeast
"(Eukaryota_Opisthokonta_Nucletmycea_Fungi_Dikarya_Ascomycota_Saccharomycotina_Saccharomycetes_Saccharomycetales_Saccharomyces_cerevisiae_baker_s_yeast, Node1652*)",1433,-9.215786604769672e-17,2.347597172229281,c1,branch_to_yeast
"(Eukaryota_Opisthokonta_Nucletmycea_Fungi_Dikarya_Ascomycota_Saccharomycotina_Saccharomycetes_Saccharomycetales_Saccharomyces_cerevisiae_baker_s_yeast, Node1652*)",1434,-2.402974618588747e-16,2.347597172229281,c1,branch_to_yeast
"(Eukaryota_Opisthokonta_Nucletmycea_Fungi_Dikarya_Ascomycota_Saccharomycotina_Saccharomycetes_Saccharomycetales_Saccharomyces_cerevisiae_baker_s_yeast, Node1652*)",1435,2.204415160258556,2.347597172229281,c1,branch_to_yeast
"(Eukaryota_Opisthokonta_Nucletmycea_Fungi_Dikarya_Ascomycota_Saccharomycotina_Saccharomycetes_Saccharomycetales_Saccharomyces_cerevisiae_baker_s_yeast, Node1652*)",1436,2.204415160258556,2.347597172229281,c1,branch_to_yeast
"(Eukaryota_Opisthokonta_Nucletmycea_Fungi_Dikarya_Ascomycota_Saccharomycotina_Saccharomycetes_Saccharomycetales_Saccharomyces_cerevisiae_baker_s_yeast, Node1652*)",1437,-2.269368983748728e-16,2.347597172229281,c1,branch_to_yeast
"(Eukaryota_Opisthokonta_Nucletmycea_Fungi_Dikarya_Ascomycota_Saccharomycotina_Saccharomycetes_Saccharomycetales_Saccharomyces_cerevisiae_baker_s_yeast, Node1652*)",1438,2.204415160258556,2.347597172229281,c1,branch_to_yeast
"(Eukaryota_Opisthokonta_Nucletmycea_Fungi_Dikarya_Ascomycota_Saccharomycotina_Saccharomycetes_Saccharomycetales_Saccharomyces_cerevisiae_baker_s_yeast, Node1652*)",1439,2.2036494920422576,1.889559500203874,c2,branch_to_yeast
"(Eukaryota_Opisthokonta_Nucletmycea_Fungi_Dikarya_Ascomycota_Saccharomycotina_Saccharomycetes_Saccharomycetales_Saccharomyces_cerevisiae_baker_s_yeast, Node1652*)",1440,2.9747327073946592,1.889559500203874,c2,branch_to_yeast
"(Eukaryota_Opisthokonta_Nucletmycea_Fungi_Dikarya_Ascomycota_Saccharomycotina_Saccharomycetes_Saccharomycetales_Saccharomyces_cerevisiae_baker_s_yeast, Node1652*)",1441,2.204415160258556,2.347597172229281,c1,branch_to_yeast
"(Eukaryota_Opisthokonta_Nucletmycea_Fungi_Dikarya_Ascomycota_Saccharomycotina_Saccharomycetes_Saccharomycetales_Saccharomyces_cerevisiae_baker_s_yeast, Node1652*)",1442,-1.3591888640277482e-16,2.347597172229281,c1,branch_to_yeast
"(Eukaryota_Opisthokonta_Nucletmycea_Fungi_Dikarya_Ascomycota_Saccharomycotina_Saccharomycetes_Saccharomycetales_Saccharomyces_cerevisiae_baker_s_yeast, Node1652*)",1443,2.204415160258556,2.347597172229281,c1,branch_to_yeast
"(Eukaryota_Opisthokonta_Nucletmycea_Fungi_Dikarya_Ascomycota_Saccharomycotina_Saccharomycetes_Saccharomycetales_Saccharomyces_cerevisiae_baker_s_yeast, Node1652*)",1444,2.976253267401704,2.347597172229281,c1,branch_to_yeast
"(Eukaryota_Opisthokonta_Nucletmycea_Fungi_Dikarya_Ascomycota_Saccharomycotina_Saccharomycetes_Saccharomycetales_Saccharomyces_cerevisiae_baker_s_yeast, Node1652*)",1445,-2.2719208277244053e-16,1.889559500203874,c2,branch_to_yeast
"(Eukaryota_Opisthokonta_Nucletmycea_Fungi_Dikarya_Ascomycota_Saccharomycotina_Saccharomycetes_Saccharomycetales_Saccharomyces_cerevisiae_baker_s_yeast, Node1652*)",1446,-2.262067324802459e-16,1.889559500203874,c2,branch_to_yeast
"(Eukaryota_Opisthokonta_Nucletmycea_Fungi_Dikarya_Ascomycota_Saccharomycotina_Saccharomycetes_Saccharomycetales_Saccharomyces_cerevisiae_baker_s_yeast, Node1652*)",1447,-2.3369787369829926e-16,2.347597172229281,c1,branch_to_yeast
"(Eukaryota_Opisthokonta_Nucletmycea_Fungi_Dikarya_Ascomycota_Saccharomycotina_Saccharomycetes_Saccharomycetales_Saccharomyces_cerevisiae_baker_s_yeast, Node1652*)",1448,2.204415160258556,2.347597172229281,c1,branch_to_yeast
"(Eukaryota_Opisthokonta_Nucletmycea_Fungi_Dikarya_Ascomycota_Saccharomycotina_Saccharomycetes_Saccharomycetales_Saccharomyces_cerevisiae_baker_s_yeast, Node1652*)",1449,-2.344032720441142e-16,2.347597172229281,c1,branch_to_yeast
"(Eukaryota_Opisthokonta_Nucletmycea_Fungi_Dikarya_Ascomycota_Saccharomycotina_Saccharomycetes_Saccharomycetales_Saccharomyces_cerevisiae_baker_s_yeast, Node1652*)",1450,3.3459213213490626,1.889559500203874,c2,branch_to_yeast
"(Eukaryota_Opisthokonta_Nucletmycea_Fungi_Dikarya_Ascomycota_Saccharomycotina_Saccharomycetes_Saccharomycetales_Saccharomyces_cerevisiae_baker_s_yeast, Node1652*)",1451,3.204203734537987e-16,1.889559500203874,c2,branch_to_yeast
"(Eukaryota_Opisthokonta_Nucletmycea_Fungi_Dikarya_Ascomycota_Saccharomycotina_Saccharomycetes_Saccharomycetales_Saccharomyces_cerevisiae_baker_s_yeast, Node1652*)",1452,2.2036494920422576,1.889559500203874,c2,branch_to_yeast
"(Eukaryota_Opisthokonta_Nucletmycea_Fungi_Dikarya_Ascomycota_Saccharomycotina_Saccharomycetes_Saccharomycetales_Saccharomyces_cerevisiae_baker_s_yeast, Node1652*)",1453,3.3459213213490626,1.889559500203874,c2,branch_to_yeast
"(Eukaryota_Opisthokonta_Nucletmycea_Fungi_Dikarya_Ascomycota_Saccharomycotina_Saccharomycetes_Saccharomycetales_Saccharomyces_cerevisiae_baker_s_yeast, Node1652*)",1454,-2.385355484676735e-16,2.347597172229281,c1,branch_to_yeast
"(Eukaryota_Opisthokonta_Nucletmycea_Fungi_Dikarya_Ascomycota_Saccharomycotina_Saccharomycetes_Saccharomycetales_Saccharomyces_cerevisiae_baker_s_yeast, Node1652*)",1455,-2.376636569113767e-16,2.347597172229281,c1,branch_to_yeast
"(Eukaryota_Opisthokonta_Nucletmycea_Fungi_Dikarya_Ascomycota_Saccharomycotina_Saccharomycetes_Saccharomycetales_Saccharomyces_cerevisiae_baker_s_yeast, Node1652*)",1456,2.976253267401704,2.347597172229281,c1,branch_to_yeast
"(Eukaryota_Opisthokonta_Nucletmycea_Fungi_Dikarya_Ascomycota_Saccharomycotina_Saccharomycetes_Saccharomycetales_Saccharomyces_cerevisiae_baker_s_yeast, Node1652*)",1457,2.976253267401704,2.347597172229281,c1,branch_to_yeast
"(Eukaryota_Opisthokonta_Nucletmycea_Fungi_Dikarya_Ascomycota_Saccharomycotina_Saccharomycetes_Saccharomycetales_Saccharomyces_cerevisiae_baker_s_yeast, Node1652*)",1458,-2.5069352647950837e-16,2.347597172229281,c1,branch_to_yeast
"(Eukaryota_Opisthokonta_Nucletmycea_Fungi_Dikarya_Ascomycota_Saccharomycotina_Saccharomycetes_Saccharomycetales_Saccharomyces_cerevisiae_baker_s_yeast, Node1652*)",1459,-2.457560040401585e-16,2.347597172229281,c1,branch_to_yeast
"(Eukaryota_Opisthokonta_Nucletmycea_Fungi_Dikarya_Ascomycota_Saccharomycotina_Saccharomycetes_Saccharomycetales_Saccharomyces_cerevisiae_baker_s_yeast, Node1652*)",1460,2.204415160258556,2.347597172229281,c1,branch_to_yeast
"(Eukaryota_Opisthokonta_Nucletmycea_Fungi_Dikarya_Ascomycota_Saccharomycotina_Saccharomycetes_Saccharomycetales_Saccharomyces_cerevisiae_baker_s_yeast, Node1652*)",1461,3.3459213213490626,1.889559500203874,c2,branch_to_yeast
"(Eukaryota_Opisthokonta_Nucletmycea_Fungi_Dikarya_Ascomycota_Saccharomycotina_Saccharomycetes_Saccharomycetales_Saccharomyces_cerevisiae_baker_s_yeast, Node1652*)",1462,2.2036494920422576,1.889559500203874,c2,branch_to_yeast
"(Eukaryota_Opisthokonta_Nucletmycea_Fungi_Dikarya_Ascomycota_Saccharomycotina_Saccharomycetes_Saccharomycetales_Saccharomyces_cerevisiae_baker_s_yeast, Node1652*)",1463,2.9747327073946592,1.889559500203874,c2,branch_to_yeast
"(Eukaryota_Opisthokonta_Nucletmycea_Fungi_Dikarya_Ascomycota_Saccharomycotina_Saccharomycetes_Saccharomycetales_Saccharomyces_cerevisiae_baker_s_yeast, Node1652*)",1464,-2.244023994733176e-16,1.889559500203874,c2,branch_to_yeast
"(Eukaryota_Opisthokonta_Nucletmycea_Fungi_Dikarya_Ascomycota_Saccharomycotina_Saccharomycetes_Saccharomycetales_Saccharomyces_cerevisiae_baker_s_yeast, Node1652*)",1465,2.976253267401704,2.347597172229281,c1,branch_to_yeast
"(Eukaryota_Opisthokonta_Nucletmycea_Fungi_Dikarya_Ascomycota_Saccharomycotina_Saccharomycetes_Saccharomycetales_Saccharomyces_cerevisiae_baker_s_yeast, Node1652*)",1466,2.976253267401704,2.347597172229281,c1,branch_to_yeast
"(Eukaryota_Opisthokonta_Nucletmycea_Fungi_Dikarya_Ascomycota_Saccharomycotina_Saccharomycetes_Saccharomycetales_Saccharomyces_cerevisiae_baker_s_yeast, Node1652*)",1467,3.3477171110772046,2.347597172229281,c1,branch_to_yeast
"(Eukaryota_Opisthokonta_Nucletmycea_Fungi_Dikarya_Ascomycota_Saccharomycotina_Saccharomycetes_Saccharomycetales_Saccharomyces_cerevisiae_baker_s_yeast, Node1652*)",1468,2.204415160258556,2.347597172229281,c1,branch_to_yeast
"(Eukaryota_Opisthokonta_Nucletmycea_Fungi_Dikarya_Ascomycota_Saccharomycotina_Saccharomycetes_Saccharomycetales_Saccharomyces_cerevisiae_baker_s_yeast, Node1652*)",1469,2.976253267401704,2.347597172229281,c1,branch_to_yeast
"(Eukaryota_Opisthokonta_Nucletmycea_Fungi_Dikarya_Ascomycota_Saccharomycotina_Saccharomycetes_Saccharomycetales_Saccharomyces_cerevisiae_baker_s_yeast, Node1652*)",1470,2.976253267401704,2.347597172229281,c1,branch_to_yeast
"(Eukaryota_Opisthokonta_Nucletmycea_Fungi_Dikarya_Ascomycota_Saccharomycotina_Saccharomycetes_Saccharomycetales_Saccharomyces_cerevisiae_baker_s_yeast, Node1652*)",1471,3.3477171110772046,2.347597172229281,c1,branch_to_yeast
"(Eukaryota_Opisthokonta_Nucletmycea_Fungi_Dikarya_Ascomycota_Saccharomycotina_Saccharomycetes_Saccharomycetales_Saccharomyces_cerevisiae_baker_s_yeast, Node1652*)",1472,2.204415160258556,2.347597172229281,c1,branch_to_yeast
"(Eukaryota_Opisthokonta_Nucletmycea_Fungi_Dikarya_Ascomycota_Saccharomycotina_Saccharomycetes_Saccharomycetales_Saccharomyces_cerevisiae_baker_s_yeast, Node1652*)",1473,2.976253267401704,2.347597172229281,c1,branch_to_yeast
"(Eukaryota_Opisthokonta_Nucletmycea_Fungi_Dikarya_Ascomycota_Saccharomycotina_Saccharomycetes_Saccharomycetales_Saccharomyces_cerevisiae_baker_s_yeast, Node1652*)",1474,2.204415160258556,2.347597172229281,c1,branch_to_yeast
"(Eukaryota_Opisthokonta_Nucletmycea_Fungi_Dikarya_Ascomycota_Saccharomycotina_Saccharomycetes_Saccharomycetales_Saccharomyces_cerevisiae_baker_s_yeast, Node1652*)",1475,2.976253267401704,2.347597172229281,c1,branch_to_yeast
"(Eukaryota_Opisthokonta_Nucletmycea_Fungi_Dikarya_Ascomycota_Saccharomycotina_Saccharomycetes_Saccharomycetales_Saccharomyces_cerevisiae_baker_s_yeast, Node1652*)",1476,3.3477171110772046,2.347597172229281,c1,branch_to_yeast
"(Eukaryota_Opisthokonta_Nucletmycea_Fungi_Dikarya_Ascomycota_Saccharomycotina_Saccharomycetes_Saccharomycetales_Saccharomyces_cerevisiae_baker_s_yeast, Node1652*)",1477,3.3477171110772046,2.347597172229281,c1,branch_to_yeast
"(Eukaryota_Opisthokonta_Nucletmycea_Fungi_Dikarya_Ascomycota_Saccharomycotina_Saccharomycetes_Saccharomycetales_Saccharomyces_cerevisiae_baker_s_yeast, Node1652*)",1478,-2.3806720845781677e-16,2.347597172229281,c1,branch_to_yeast
"(Eukaryota_Opisthokonta_Nucletmycea_Fungi_Dikarya_Ascomycota_Saccharomycotina_Saccharomycetes_Saccharomycetales_Saccharomyces_cerevisiae_baker_s_yeast, Node1652*)",1479,-1.950185414515908e-16,1.837175246384109,c3,branch_to_yeast
"(Eukaryota_Opisthokonta_Nucletmycea_Fungi_Dikarya_Ascomycota_Saccharomycotina_Saccharomycetes_Saccharomycetales_Saccharomyces_cerevisiae_baker_s_yeast, Node1652*)",1480,2.9747327073946592,1.889559500203874,c2,branch_to_yeast
"(Eukaryota_Opisthokonta_Nucletmycea_Fungi_Dikarya_Ascomycota_Saccharomycotina_Saccharomycetes_Saccharomycetales_Saccharomyces_cerevisiae_baker_s_yeast, Node1652*)",1481,2.971494938007999,1.837175246384109,c3,branch_to_yeast
"(Eukaryota_Opisthokonta_Nucletmycea_Fungi_Dikarya_Ascomycota_Saccharomycotina_Saccharomycetes_Saccharomycetales_Saccharomyces_cerevisiae_baker_s_yeast, Node1652*)",1482,3.3421000322333803,1.837175246384109,c3,branch_to_yeast
"(Eukaryota_Opisthokonta_Nucletmycea_Fungi_Dikarya_Ascomycota_Saccharomycotina_Saccharomycetes_Saccharomycetales_Saccharomyces_cerevisiae_baker_s_yeast, Node1652*)",1483,3.3421000322333803,1.837175246384109,c3,branch_to_yeast
"(Eukaryota_Opisthokonta_Nucletmycea_Fungi_Dikarya_Ascomycota_Saccharomycotina_Saccharomycetes_Saccharomycetales_Saccharomyces_cerevisiae_baker_s_yeast, Node1652*)",1484,-1.8542577269930227e-16,1.837175246384109,c3,branch_to_yeast
"(Eukaryota_Opisthokonta_Nucletmycea_Fungi_Dikarya_Ascomycota_Saccharomycotina_Saccharomycetes_Saccharomycetales_Saccharomyces_cerevisiae_baker_s_yeast, Node1652*)",1485,2.971494938007999,1.837175246384109,c3,branch_to_yeast
"(Eukaryota_Opisthokonta_Nucletmycea_Fungi_Dikarya_Ascomycota_Saccharomycotina_Saccharomycetes_Saccharomycetales_Saccharomyces_cerevisiae_baker_s_yeast, Node1652*)",1486,3.3421000322333803,1.837175246384109,c3,branch_to_yeast
"(Eukaryota_Opisthokonta_Nucletmycea_Fungi_Dikarya_Ascomycota_Saccharomycotina_Saccharomycetes_Saccharomycetales_Saccharomyces_cerevisiae_baker_s_yeast, Node1652*)",1487,-1.5977243276304543e-16,1.837175246384109,c3,branch_to_yeast
"(Eukaryota_Opisthokonta_Nucletmycea_Fungi_Dikarya_Ascomycota_Saccharomycotina_Saccharomycetes_Saccharomycetales_Saccharomyces_cerevisiae_baker_s_yeast, Node1652*)",1488,2.9747327073946592,1.889559500203874,c2,branch_to_yeast
"(Eukaryota_Opisthokonta_Nucletmycea_Fungi_Dikarya_Ascomycota_Saccharomycotina_Saccharomycetes_Saccharomycetales_Saccharomyces_cerevisiae_baker_s_yeast, Node1652*)",1489,2.9747327073946592,1.889559500203874,c2,branch_to_yeast
"(Eukaryota_Opisthokonta_Nucletmycea_Fungi_Dikarya_Ascomycota_Saccharomycotina_Saccharomycetes_Saccharomycetales_Saccharomyces_cerevisiae_baker_s_yeast, Node1652*)",1490,2.9610622710287644,1.01655548421231,c4,branch_to_yeast
"(Eukaryota_Opisthokonta_Nucletmycea_Fungi_Dikarya_Ascomycota_Saccharomycotina_Saccharomycetes_Saccharomycetales_Saccharomyces_cerevisiae_baker_s_yeast, Node1652*)",1491,-2.5198213107797844e-16,2.347597172229281,c1,branch_to_yeast
"(Eukaryota_Opisthokonta_Nucletmycea_Fungi_Dikarya_Ascomycota_Saccharomycotina_Saccharomycetes_Saccharomycetales_Saccharomyces_cerevisiae_baker_s_yeast, Node1652*)",1492,2.976253267401704,2.347597172229281,c1,branch_to_yeast
"(Eukaryota_Opisthokonta_Nucletmycea_Fungi_Dikarya_Ascomycota_Saccharomycotina_Saccharomycetes_Saccharomycetales_Saccharomyces_cerevisiae_baker_s_yeast, Node1652*)",1493,2.2036494920422576,1.889559500203874,c2,branch_to_yeast
"(Eukaryota_Opisthokonta_Nucletmycea_Fungi_Dikarya_Ascomycota_Saccharomycotina_Saccharomycetes_Saccharomycetales_Saccharomyces_cerevisiae_baker_s_yeast, Node1652*)",1494,-2.408638188938074e-16,1.889559500203874,c2,branch_to_yeast
"(Eukaryota_Opisthokonta_Nucletmycea_Fungi_Dikarya_Ascomycota_Saccharomycotina_Saccharomycetes_Saccharomycetales_Saccharomyces_cerevisiae_baker_s_yeast, Node1652*)",1495,2.202018674774641,1.837175246384109,c3,branch_to_yeast
"(Eukaryota_Opisthokonta_Nucletmycea_Fungi_Dikarya_Ascomycota_Saccharomycotina_Saccharomycetes_Saccharomycetales_Saccharomyces_cerevisiae_baker_s_yeast, Node1652*)",1496,2.1967652048144446,1.01655548421231,c4,branch_to_yeast
"(Eukaryota_Opisthokonta_Nucletmycea_Fungi_Dikarya_Ascomycota_Saccharomycotina_Saccharomycetes_Saccharomycetales_Saccharomyces_cerevisiae_baker_s_yeast, Node1652*)",1497,-1.8332365497689394e-16,1.889559500203874,c2,branch_to_yeast
"(Eukaryota_Opisthokonta_Nucletmycea_Fungi_Dikarya_Ascomycota_Saccharomycotina_Saccharomycetes_Saccharomycetales_Saccharomyces_cerevisiae_baker_s_yeast, Node1652*)",1498,-6.087861806221026e-18,1.01655548421231,c4,branch_to_yeast
"(Eukaryota_Opisthokonta_Nucletmycea_Fungi_Dikarya_Ascomycota_Saccharomycotina_Saccharomycetes_Saccharomycetales_Saccharomyces_cerevisiae_baker_s_yeast, Node1652*)",1499,-2.308336329213492e-16,1.889559500203874,c2,branch_to_yeast
"(Eukaryota_Opisthokonta_Nucletmycea_Fungi_Dikarya_Ascomycota_Saccharomycotina_Saccharomycetes_Saccharomycetales_Saccharomyces_cerevisiae_baker_s_yeast, Node1652*)",1500,3.329810638949626,1.01655548421231,c4,branch_to_yeast
"(Eukaryota_Opisthokonta_Nucletmycea_Fungi_Dikarya_Ascomycota_Saccharomycotina_Saccharomycetes_Saccharomycetales_Saccharomyces_cerevisiae_baker_s_yeast, Node1652*)",1501,-1.4654065993989079e-16,1.01655548421231,c4,branch_to_yeast
"(Eukaryota_Opisthokonta_Nucletmycea_Fungi_Dikarya_Ascomycota_Saccharomycotina_Saccharomycetes_Saccharomycetales_Saccharomyces_cerevisiae_baker_s_yeast, Node1652*)",1502,2.9610622710287644,1.01655548421231,c4,branch_to_yeast
"(Eukaryota_Opisthokonta_Nucletmycea_Fungi_Dikarya_Ascomycota_Saccharomycotina_Saccharomycetes_Saccharomycetales_Saccharomyces_cerevisiae_baker_s_yeast, Node1652*)",1503,2.1967652049440844,1.01655548421231,c4,branch_to_yeast
"(Eukaryota_Opisthokonta_Nucletmycea_Fungi_Dikarya_Ascomycota_Saccharomycotina_Saccharomycetes_Saccharomycetales_Saccharomyces_cerevisiae_baker_s_yeast, Node1652*)",1504,3.329810638949626,1.01655548421231,c4,branch_to_yeast
"(Eukaryota_Opisthokonta_Nucletmycea_Fungi_Dikarya_Ascomycota_Saccharomycotina_Saccharomycetes_Saccharomycetales_Saccharomyces_cerevisiae_baker_s_yeast, Node1652*)",1505,-1.8486069104878775e-16,1.837175246384109,c3,branch_to_yeast
"(Eukaryota_Opisthokonta_Nucletmycea_Fungi_Dikarya_Ascomycota_Saccharomycotina_Saccharomycetes_Saccharomycetales_Saccharomyces_cerevisiae_baker_s_yeast, Node1652*)",1506,2.9714949378293425,1.837175246384109,c3,branch_to_yeast
"(Eukaryota_Opisthokonta_Nucletmycea_Fungi_Dikarya_Ascomycota_Saccharomycotina_Saccharomycetes_Saccharomycetales_Saccharomyces_cerevisiae_baker_s_yeast, Node1652*)",1507,-2.1232893705484467e-16,1.01655548421231,c4,branch_to_yeast
"(Eukaryota_Opisthokonta_Nucletmycea_Fungi_Dikarya_Ascomycota_Saccharomycotina_Saccharomycetes_Saccharomycetales_Saccharomyces_cerevisiae_baker_s_yeast, Node1652*)",1508,-2.238238469070726e-16,1.837175246384109,c3,branch_to_yeast
"(Eukaryota_Opisthokonta_Nucletmycea_Fungi_Dikarya_Ascomycota_Saccharomycotina_Saccharomycetes_Saccharomycetales_Saccharomyces_cerevisiae_baker_s_yeast, Node1652*)",1509,-2.308268962638321e-16,1.837175246384109,c3,branch_to_yeast
"(Eukaryota_Opisthokonta_Nucletmycea_Fungi_Dikarya_Ascomycota_Saccharomycotina_Saccharomycetes_Saccharomycetales_Saccharomyces_cerevisiae_baker_s_yeast, Node1652*)",1510,-1.9406760930804484e-16,1.837175246384109,c3,branch_to_yeast
"(Eukaryota_Opisthokonta_Nucletmycea_Fungi_Dikarya_Ascomycota_Saccharomycotina_Saccharomycetes_Saccharomycetales_Saccharomyces_cerevisiae_baker_s_yeast, Node1652*)",1511,2.1967652049440844,1.01655548421231,c4,branch_to_yeast
"(Eukaryota_Opisthokonta_Nucletmycea_Fungi_Dikarya_Ascomycota_Saccharomycotina_Saccharomycetes_Saccharomycetales_Saccharomyces_cerevisiae_baker_s_yeast, Node1652*)",1512,3.329810638949626,1.01655548421231,c4,branch_to_yeast
"(Eukaryota_Opisthokonta_Nucletmycea_Fungi_Dikarya_Ascomycota_Saccharomycotina_Saccharomycetes_Saccharomycetales_Saccharomyces_cerevisiae_baker_s_yeast, Node1652*)",1513,-1.8331184860663686e-16,1.01655548421231,c4,branch_to_yeast
"(Eukaryota_Opisthokonta_Nucletmycea_Fungi_Dikarya_Ascomycota_Saccharomycotina_Saccharomycetes_Saccharomycetales_Saccharomyces_cerevisiae_baker_s_yeast, Node1652*)",1514,1.0602306784497151e-16,1.889559500203874,c2,branch_to_yeast
"(Eukaryota_Opisthokonta_Nucletmycea_Fungi_Dikarya_Ascomycota_Saccharomycotina_Saccharomycetes_Saccharomycetales_Saccharomyces_cerevisiae_baker_s_yeast, Node1652*)",1515,2.1967652049440844,1.01655548421231,c4,branch_to_yeast
"(Eukaryota_Opisthokonta_Nucletmycea_Fungi_Dikarya_Ascomycota_Saccharomycotina_Saccharomycetes_Saccharomycetales_Saccharomyces_cerevisiae_baker_s_yeast, Node1652*)",1516,2.2020190876113945,1.837175246384109,c3,branch_to_yeast
"(Eukaryota_Opisthokonta_Nucletmycea_Fungi_Dikarya_Ascomycota_Saccharomycotina_Saccharomycetes_Saccharomycetales_Saccharomyces_cerevisiae_baker_s_yeast, Node1652*)",1517,6.638489156134533e-17,1.889559500203874,c2,branch_to_yeast
"(Eukaryota_Opisthokonta_Nucletmycea_Fungi_Dikarya_Ascomycota_Saccharomycotina_Saccharomycetes_Saccharomycetales_Saccharomyces_cerevisiae_baker_s_yeast, Node1652*)",1518,-2.175142518508836e-16,1.01655548421231,c4,branch_to_yeast
"(Eukaryota_Opisthokonta_Nucletmycea_Fungi_Dikarya_Ascomycota_Saccharomycotina_Saccharomycetes_Saccharomycetales_Saccharomyces_cerevisiae_baker_s_yeast, Node1652*)",1519,2.9609674214966875,1.01655548421231,c4,branch_to_yeast
"(Eukaryota_Opisthokonta_Nucletmycea_Fungi_Dikarya_Ascomycota_Saccharomycotina_Saccharomycetes_Saccharomycetales_Saccharomyces_cerevisiae_baker_s_yeast, Node1652*)",1520,-2.0447431588233423e-16,1.01655548421231,c4,branch_to_yeast
"(Eukaryota_Opisthokonta_Nucletmycea_Fungi_Dikarya_Ascomycota_Saccharomycotina_Saccharomycetes_Saccharomycetales_Saccharomyces_cerevisiae_baker_s_yeast, Node1652*)",1521,3.3421000322333803,1.837175246384109,c3,branch_to_yeast
"(Eukaryota_Opisthokonta_Nucletmycea_Fungi_Dikarya_Ascomycota_Saccharomycotina_Saccharomycetes_Saccharomycetales_Saccharomyces_cerevisiae_baker_s_yeast, Node1652*)",1522,2.9747327055416903,1.889559500203874,c2,branch_to_yeast
"(Eukaryota_Opisthokonta_Nucletmycea_Fungi_Dikarya_Ascomycota_Saccharomycotina_Saccharomycetes_Saccharomycetales_Saccharomyces_cerevisiae_baker_s_yeast, Node1652*)",1523,3.3421000322333803,1.837175246384109,c3,branch_to_yeast
"(Eukaryota_Opisthokonta_Nucletmycea_Fungi_Dikarya_Ascomycota_Saccharomycotina_Saccharomycetes_Saccharomycetales_Saccharomyces_cerevisiae_baker_s_yeast, Node1652*)",1524,3.021731063197192e-16,1.889559500203874,c2,branch_to_yeast
"(Eukaryota_Opisthokonta_Nucletmycea_Fungi_Dikarya_Ascomycota_Saccharomycotina_Saccharomycetes_Saccharomycetales_Saccharomyces_cerevisiae_baker_s_yeast, Node1652*)",1525,-2.542369285648283e-16,2.347597172229281,c1,branch_to_yeast
"(Eukaryota_Opisthokonta_Nucletmycea_Fungi_Dikarya_Ascomycota_Saccharomycotina_Saccharomycetes_Saccharomycetales_Saccharomyces_cerevisiae_baker_s_yeast, Node1652*)",1526,3.3477171110772046,2.347597172229281,c1,branch_to_yeast
"(Eukaryota_Opisthokonta_Nucletmycea_Fungi_Dikarya_Ascomycota_Saccharomycotina_Saccharomycetes_Saccharomycetales_Saccharomyces_cerevisiae_baker_s_yeast, Node1652*)",1527,3.0372055706821366e-16,1.889559500203874,c2,branch_to_yeast
"(Eukaryota_Opisthokonta_Nucletmycea_Fungi_Dikarya_Ascomycota_Saccharomycotina_Saccharomycetes_Saccharomycetales_Saccharomyces_cerevisiae_baker_s_yeast, Node1652*)",1528,2.2828609961381345e-17,1.889559500203874,c2,branch_to_yeast
"(Eukaryota_Opisthokonta_Nucletmycea_Fungi_Dikarya_Ascomycota_Saccharomycotina_Saccharomycetes_Saccharomycetales_Saccharomyces_cerevisiae_baker_s_yeast, Node1652*)",1529,2.971494938007999,1.837175246384109,c3,branch_to_yeast
"(Eukaryota_Opisthokonta_Nucletmycea_Fungi_Dikarya_Ascomycota_Saccharomycotina_Saccharomycetes_Saccharomycetales_Saccharomyces_cerevisiae_baker_s_yeast, Node1652*)",1530,2.1967652049440844,1.01655548421231,c4,branch_to_yeast
"(Eukaryota_Opisthokonta_Nucletmycea_Fungi_Dikarya_Ascomycota_Saccharomycotina_Saccharomycetes_Saccharomycetales_Saccharomyces_cerevisiae_baker_s_yeast, Node1652*)",1531,2.9610622710287644,1.01655548421231,c4,branch_to_yeast
"(Eukaryota_Opisthokonta_Nucletmycea_Fungi_Dikarya_Ascomycota_Saccharomycotina_Saccharomycetes_Saccharomycetales_Saccharomyces_cerevisiae_baker_s_yeast, Node1652*)",1532,2.2020190876113945,1.837175246384109,c3,branch_to_yeast
"(Eukaryota_Opisthokonta_Nucletmycea_Fungi_Dikarya_Ascomycota_Saccharomycotina_Saccharomycetes_Saccharomycetales_Saccharomyces_cerevisiae_baker_s_yeast, Node1652*)",1533,2.2020190876113945,1.837175246384109,c3,branch_to_yeast
"(Eukaryota_Opisthokonta_Nucletmycea_Fungi_Dikarya_Ascomycota_Saccharomycotina_Saccharomycetes_Saccharomycetales_Saccharomyces_cerevisiae_baker_s_yeast, Node1652*)",1534,2.2036494920422576,1.889559500203874,c2,branch_to_yeast
"(Eukaryota_Opisthokonta_Nucletmycea_Fungi_Dikarya_Ascomycota_Saccharomycotina_Saccharomycetes_Saccharomycetales_Saccharomyces_cerevisiae_baker_s_yeast, Node1652*)",1535,2.976253267401704,2.347597172229281,c1,branch_to_yeast
"(Eukaryota_Opisthokonta_Nucletmycea_Fungi_Dikarya_Ascomycota_Saccharomycotina_Saccharomycetes_Saccharomycetales_Saccharomyces_cerevisiae_baker_s_yeast, Node1652*)",1536,3.3477171110772046,2.347597172229281,c1,branch_to_yeast
"(Eukaryota_Opisthokonta_Nucletmycea_Fungi_Dikarya_Ascomycota_Saccharomycotina_Saccharomycetes_Saccharomycetales_Saccharomyces_cerevisiae_baker_s_yeast, Node1652*)",1537,3.250912431727337e-16,1.889559500203874,c2,branch_to_yeast
"(Eukaryota_Opisthokonta_Nucletmycea_Fungi_Dikarya_Ascomycota_Saccharomycotina_Saccharomycetes_Saccharomycetales_Saccharomyces_cerevisiae_baker_s_yeast, Node1652*)",1538,2.976253267401704,2.347597172229281,c1,branch_to_yeast
"(Eukaryota_Opisthokonta_Nucletmycea_Fungi_Dikarya_Ascomycota_Saccharomycotina_Saccharomycetes_Saccharomycetales_Saccharomyces_cerevisiae_baker_s_yeast, Node1652*)",1539,-2.1604197647519062e-16,1.889559500203874,c2,branch_to_yeast
"(Eukaryota_Opisthokonta_Nucletmycea_Fungi_Dikarya_Ascomycota_Saccharomycotina_Saccharomycetes_Saccharomycetales_Saccharomyces_cerevisiae_baker_s_yeast, Node1652*)",1540,3.3459213213490626,1.889559500203874,c2,branch_to_yeast
"(Eukaryota_Opisthokonta_Nucletmycea_Fungi_Dikarya_Ascomycota_Saccharomycotina_Saccharomycetes_Saccharomycetales_Saccharomyces_cerevisiae_baker_s_yeast, Node1652*)",1541,2.202019087606675,1.837175246384109,c3,branch_to_yeast
"(Eukaryota_Opisthokonta_Nucletmycea_Fungi_Dikarya_Ascomycota_Saccharomycotina_Saccharomycetes_Saccharomycetales_Saccharomyces_cerevisiae_baker_s_yeast, Node1652*)",1542,2.2020182196210287,1.837175246384109,c3,branch_to_yeast
"(Eukaryota_Opisthokonta_Nucletmycea_Fungi_Dikarya_Ascomycota_Saccharomycotina_Saccharomycetes_Saccharomycetales_Saccharomyces_cerevisiae_baker_s_yeast, Node1652*)",1543,-2.2251271988343165e-16,1.837175246384109,c3,branch_to_yeast
"(Eukaryota_Opisthokonta_Nucletmycea_Fungi_Dikarya_Ascomycota_Saccharomycotina_Saccharomycetes_Saccharomycetales_Saccharomyces_cerevisiae_baker_s_yeast, Node1652*)",1544,3.2730370889344246e-16,1.889559500203874,c2,branch_to_yeast
"(Eukaryota_Opisthokonta_Nucletmycea_Fungi_Dikarya_Ascomycota_Saccharomycotina_Saccharomycetes_Saccharomycetales_Saccharomyces_cerevisiae_baker_s_yeast, Node1652*)",1545,3.289166304820269e-16,1.889559500203874,c2,branch_to_yeast
"(Eukaryota_Opisthokonta_Nucletmycea_Fungi_Dikarya_Ascomycota_Saccharomycotina_Saccharomycetes_Saccharomycetales_Saccharomyces_cerevisiae_baker_s_yeast, Node1652*)",1546,3.3421000322333803,1.837175246384109,c3,branch_to_yeast
"(Eukaryota_Opisthokonta_Nucletmycea_Fungi_Dikarya_Ascomycota_Saccharomycotina_Saccharomycetes_Saccharomycetales_Saccharomyces_cerevisiae_baker_s_yeast, Node1652*)",1547,2.9747327073946592,1.889559500203874,c2,branch_to_yeast
"(Eukaryota_Opisthokonta_Nucletmycea_Fungi_Dikarya_Ascomycota_Saccharomycotina_Saccharomycetes_Saccharomycetales_Saccharomyces_cerevisiae_baker_s_yeast, Node1652*)",1548,2.9747327073946592,1.889559500203874,c2,branch_to_yeast
"(Eukaryota_Opisthokonta_Nucletmycea_Fungi_Dikarya_Ascomycota_Saccharomycotina_Saccharomycetes_Saccharomycetales_Saccharomyces_cerevisiae_baker_s_yeast, Node1652*)",1549,2.2020190876113945,1.837175246384109,c3,branch_to_yeast
"(Eukaryota_Opisthokonta_Nucletmycea_Fungi_Dikarya_Ascomycota_Saccharomycotina_Saccharomycetes_Saccharomycetales_Saccharomyces_cerevisiae_baker_s_yeast, Node1652*)",1550,3.342100028074851,1.837175246384109,c3,branch_to_yeast
"(Eukaryota_Opisthokonta_Nucletmycea_Fungi_Dikarya_Ascomycota_Saccharomycotina_Saccharomycetes_Saccharomycetales_Saccharomyces_cerevisiae_baker_s_yeast, Node1652*)",1551,3.342100032188948,1.837175246384109,c3,branch_to_yeast
"(Eukaryota_Opisthokonta_Nucletmycea_Fungi_Dikarya_Ascomycota_Saccharomycotina_Saccharomycetes_Saccharomycetales_Saccharomyces_cerevisiae_baker_s_yeast, Node1652*)",1552,2.2036494920422576,1.889559500203874,c2,branch_to_yeast
"(Eukaryota_Opisthokonta_Nucletmycea_Fungi_Dikarya_Ascomycota_Saccharomycotina_Saccharomycetes_Saccharomycetales_Saccharomyces_cerevisiae_baker_s_yeast, Node1652*)",1553,-3.1814976751203e-17,1.01655548421231,c4,branch_to_yeast
"(Eukaryota_Opisthokonta_Nucletmycea_Fungi_Dikarya_Ascomycota_Saccharomycotina_Saccharomycetes_Saccharomycetales_Saccharomyces_cerevisiae_baker_s_yeast, Node1652*)",1554,2.9747327073946592,1.889559500203874,c2,branch_to_yeast
"(Eukaryota_Opisthokonta_Nucletmycea_Fungi_Dikarya_Ascomycota_Saccharomycotina_Saccharomycetes_Saccharomycetales_Saccharomyces_cerevisiae_baker_s_yeast, Node1652*)",1555,-2.384818478987407e-16,2.347597172229281,c1,branch_to_yeast
"(Eukaryota_Opisthokonta_Nucletmycea_Fungi_Dikarya_Ascomycota_Saccharomycotina_Saccharomycetes_Saccharomycetales_Saccharomyces_cerevisiae_baker_s_yeast, Node1652*)",1556,2.204415160258556,2.347597172229281,c1,branch_to_yeast
"(Eukaryota_Opisthokonta_Nucletmycea_Fungi_Dikarya_Ascomycota_Saccharomycotina_Saccharomycetes_Saccharomycetales_Saccharomyces_cerevisiae_baker_s_yeast, Node1652*)",1557,2.204415160258556,2.347597172229281,c1,branch_to_yeast
"(Eukaryota_Opisthokonta_Nucletmycea_Fungi_Dikarya_Ascomycota_Saccharomycotina_Saccharomycetes_Saccharomycetales_Saccharomyces_cerevisiae_baker_s_yeast, Node1652*)",1558,2.976253267401704,2.347597172229281,c1,branch_to_yeast
"(Eukaryota_Opisthokonta_Nucletmycea_Fungi_Dikarya_Ascomycota_Saccharomycotina_Saccharomycetes_Saccharomycetales_Saccharomyces_cerevisiae_baker_s_yeast, Node1652*)",1559,2.976253267401704,2.347597172229281,c1,branch_to_yeast
"(Eukaryota_Opisthokonta_Nucletmycea_Fungi_Dikarya_Ascomycota_Saccharomycotina_Saccharomycetes_Saccharomycetales_Saccharomyces_cerevisiae_baker_s_yeast, Node1652*)",1560,2.204415160258556,2.347597172229281,c1,branch_to_yeast
"(Eukaryota_Opisthokonta_Nucletmycea_Fungi_Dikarya_Ascomycota_Saccharomycotina_Saccharomycetes_Saccharomycetales_Saccharomyces_cerevisiae_baker_s_yeast, Node1652*)",1561,-1.7072809185196047e-16,2.347597172229281,c1,branch_to_yeast
"(Eukaryota_Opisthokonta_Nucletmycea_Fungi_Dikarya_Ascomycota_Saccharomycotina_Saccharomycetes_Saccharomycetales_Saccharomyces_cerevisiae_baker_s_yeast, Node1652*)",1562,-1.8873997022366592e-16,1.837175246384109,c3,branch_to_yeast
"(Eukaryota_Opisthokonta_Nucletmycea_Fungi_Dikarya_Ascomycota_Saccharomycotina_Saccharomycetes_Saccharomycetales_Saccharomyces_cerevisiae_baker_s_yeast, Node1652*)",1563,-2.272770782563726e-16,1.889559500203874,c2,branch_to_yeast
"(Eukaryota_Opisthokonta_Nucletmycea_Fungi_Dikarya_Ascomycota_Saccharomycotina_Saccharomycetes_Saccharomycetales_Saccharomyces_cerevisiae_baker_s_yeast, Node1652*)",1564,2.2036494920422576,1.889559500203874,c2,branch_to_yeast
"(Eukaryota_Opisthokonta_Nucletmycea_Fungi_Dikarya_Ascomycota_Saccharomycotina_Saccharomycetes_Saccharomycetales_Saccharomyces_cerevisiae_baker_s_yeast, Node1652*)",1565,2.976253267401704,2.347597172229281,c1,branch_to_yeast
"(Eukaryota_Opisthokonta_Nucletmycea_Fungi_Dikarya_Ascomycota_Saccharomycotina_Saccharomycetes_Saccharomycetales_Saccharomyces_cerevisiae_baker_s_yeast, Node1652*)",1566,2.204415160258556,2.347597172229281,c1,branch_to_yeast
"(Eukaryota_Opisthokonta_Nucletmycea_Fungi_Dikarya_Ascomycota_Saccharomycotina_Saccharomycetes_Saccharomycetales_Saccharomyces_cerevisiae_baker_s_yeast, Node1652*)",1567,2.204415160258556,2.347597172229281,c1,branch_to_yeast
"(Eukaryota_Opisthokonta_Nucletmycea_Fungi_Dikarya_Ascomycota_Saccharomycotina_Saccharomycetes_Saccharomycetales_Saccharomyces_cerevisiae_baker_s_yeast, Node1652*)",1568,3.3459213213490626,1.889559500203874,c2,branch_to_yeast
"(Eukaryota_Opisthokonta_Nucletmycea_Fungi_Dikarya_Ascomycota_Saccharomycotina_Saccharomycetes_Saccharomycetales_Saccharomyces_cerevisiae_baker_s_yeast, Node1652*)",1569,2.9747327073946592,1.889559500203874,c2,branch_to_yeast
"(Eukaryota_Opisthokonta_Nucletmycea_Fungi_Dikarya_Ascomycota_Saccharomycotina_Saccharomycetes_Saccharomycetales_Saccharomyces_cerevisiae_baker_s_yeast, Node1652*)",1570,2.976253267401704,2.347597172229281,c1,branch_to_yeast
"(Eukaryota_Opisthokonta_Nucletmycea_Fungi_Dikarya_Ascomycota_Saccharomycotina_Saccharomycetes_Saccharomycetales_Saccharomyces_cerevisiae_baker_s_yeast, Node1652*)",1571,-2.354843605990506e-16,1.889559500203874,c2,branch_to_yeast
"(Eukaryota_Opisthokonta_Nucletmycea_Fungi_Dikarya_Ascomycota_Saccharomycotina_Saccharomycetes_Saccharomycetales_Saccharomyces_cerevisiae_baker_s_yeast, Node1652*)",1572,2.976253267401704,2.347597172229281,c1,branch_to_yeast
"(Eukaryota_Opisthokonta_Nucletmycea_Fungi_Dikarya_Ascomycota_Saccharomycotina_Saccharomycetes_Saccharomycetales_Saccharomyces_cerevisiae_baker_s_yeast, Node1652*)",1573,2.976253267401704,2.347597172229281,c1,branch_to_yeast
"(Eukaryota_Opisthokonta_Nucletmycea_Fungi_Dikarya_Ascomycota_Saccharomycotina_Saccharomycetes_Saccharomycetales_Saccharomyces_cerevisiae_baker_s_yeast, Node1652*)",1574,3.3477171110772046,2.347597172229281,c1,branch_to_yeast
"(Eukaryota_Opisthokonta_Nucletmycea_Fungi_Dikarya_Ascomycota_Saccharomycotina_Saccharomycetes_Saccharomycetales_Saccharomyces_cerevisiae_baker_s_yeast, Node1652*)",1575,2.976253267401704,2.347597172229281,c1,branch_to_yeast
"(Eukaryota_Opisthokonta_Nucletmycea_Fungi_Dikarya_Ascomycota_Saccharomycotina_Saccharomycetes_Saccharomycetales_Saccharomyces_cerevisiae_baker_s_yeast, Node1652*)",1576,2.204415160258556,2.347597172229281,c1,branch_to_yeast
"(Eukaryota_Opisthokonta_Nucletmycea_Fungi_Dikarya_Ascomycota_Saccharomycotina_Saccharomycetes_Saccharomycetales_Saccharomyces_cerevisiae_baker_s_yeast, Node1652*)",1577,2.2036494920422576,1.889559500203874,c2,branch_to_yeast
"(Eukaryota_Opisthokonta_Nucletmycea_Fungi_Dikarya_Ascomycota_Saccharomycotina_Saccharomycetes_Saccharomycetales_Saccharomyces_cerevisiae_baker_s_yeast, Node1652*)",1578,-2.3599533644961296e-16,2.347597172229281,c1,branch_to_yeast
"(Eukaryota_Opisthokonta_Nucletmycea_Fungi_Dikarya_Ascomycota_Saccharomycotina_Saccharomycetes_Saccharomycetales_Saccharomyces_cerevisiae_baker_s_yeast, Node1652*)",1579,-2.4123661258873785e-16,2.347597172229281,c1,branch_to_yeast
"(Eukaryota_Opisthokonta_Nucletmycea_Fungi_Dikarya_Ascomycota_Saccharomycotina_Saccharomycetes_Saccharomycetales_Saccharomyces_cerevisiae_baker_s_yeast, Node1652*)",1580,-1.499958190437214e-16,1.889559500203874,c2,branch_to_yeast
"(Eukaryota_Opisthokonta_Nucletmycea_Fungi_Dikarya_Ascomycota_Saccharomycotina_Saccharomycetes_Saccharomycetales_Saccharomyces_cerevisiae_baker_s_yeast, Node1652*)",1581,6.373138600789546e-17,1.889559500203874,c2,branch_to_yeast
"(Eukaryota_Opisthokonta_Nucletmycea_Fungi_Dikarya_Ascomycota_Saccharomycotina_Saccharomycetes_Saccharomycetales_Saccharomyces_cerevisiae_baker_s_yeast, Node1652*)",1582,2.204415160258556,2.347597172229281,c1,branch_to_yeast
"(Eukaryota_Opisthokonta_Nucletmycea_Fungi_Dikarya_Ascomycota_Saccharomycotina_Saccharomycetes_Saccharomycetales_Saccharomyces_cerevisiae_baker_s_yeast, Node1652*)",1583,3.2414967308423114e-16,2.347597172229281,c1,branch_to_yeast
"(Eukaryota_Opisthokonta_Nucletmycea_Fungi_Dikarya_Ascomycota_Saccharomycotina_Saccharomycetes_Saccharomycetales_Saccharomyces_cerevisiae_baker_s_yeast, Node1652*)",1584,-0.9987118214142098,1.889559500203874,c2,branch_to_yeast
"(Eukaryota_Opisthokonta_Nucletmycea_Fungi_Dikarya_Ascomycota_Saccharomycotina_Saccharomycetes_Saccharomycetales_Saccharomyces_cerevisiae_baker_s_yeast, Node1652*)",1585,2.976253267401704,2.347597172229281,c1,branch_to_yeast
"(Eukaryota_Opisthokonta_Nucletmycea_Fungi_Dikarya_Ascomycota_Saccharomycotina_Saccharomycetes_Saccharomycetales_Saccharomyces_cerevisiae_baker_s_yeast, Node1652*)",1586,-2.1300527863467206e-16,2.347597172229281,c1,branch_to_yeast
"(Eukaryota_Opisthokonta_Nucletmycea_Fungi_Dikarya_Ascomycota_Saccharomycotina_Saccharomycetes_Saccharomycetales_Saccharomyces_cerevisiae_baker_s_yeast, Node1652*)",1587,2.204415160258556,2.347597172229281,c1,branch_to_yeast
"(Eukaryota_Opisthokonta_Nucletmycea_Fungi_Dikarya_Ascomycota_Saccharomycotina_Saccharomycetes_Saccharomycetales_Saccharomyces_cerevisiae_baker_s_yeast, Node1652*)",1588,3.3459213213490626,1.889559500203874,c2,branch_to_yeast
"(Eukaryota_Opisthokonta_Nucletmycea_Fungi_Dikarya_Ascomycota_Saccharomycotina_Saccharomycetes_Saccharomycetales_Saccharomyces_cerevisiae_baker_s_yeast, Node1652*)",1589,3.3477171110772046,2.347597172229281,c1,branch_to_yeast
"(Eukaryota_Opisthokonta_Nucletmycea_Fungi_Dikarya_Ascomycota_Saccharomycotina_Saccharomycetes_Saccharomycetales_Saccharomyces_cerevisiae_baker_s_yeast, Node1652*)",1590,3.3477171110772046,2.347597172229281,c1,branch_to_yeast
"(Eukaryota_Opisthokonta_Nucletmycea_Fungi_Dikarya_Ascomycota_Saccharomycotina_Saccharomycetes_Saccharomycetales_Saccharomyces_cerevisiae_baker_s_yeast, Node1652*)",1591,-2.126782270184468e-16,1.889559500203874,c2,branch_to_yeast
"(Eukaryota_Opisthokonta_Nucletmycea_Fungi_Dikarya_Ascomycota_Saccharomycotina_Saccharomycetes_Saccharomycetales_Saccharomyces_cerevisiae_baker_s_yeast, Node1652*)",1592,-2.3745580732271074e-16,2.347597172229281,c1,branch_to_yeast
"(Eukaryota_Opisthokonta_Nucletmycea_Fungi_Dikarya_Ascomycota_Saccharomycotina_Saccharomycetes_Saccharomycetales_Saccharomyces_cerevisiae_baker_s_yeast, Node1652*)",1593,2.976253267401704,2.347597172229281,c1,branch_to_yeast
"(Eukaryota_Opisthokonta_Nucletmycea_Fungi_Dikarya_Ascomycota_Saccharomycotina_Saccharomycetes_Saccharomycetales_Saccharomyces_cerevisiae_baker_s_yeast, Node1652*)",1594,2.2036494920422576,1.889559500203874,c2,branch_to_yeast
"(Eukaryota_Opisthokonta_Nucletmycea_Fungi_Dikarya_Ascomycota_Saccharomycotina_Saccharomycetes_Saccharomycetales_Saccharomyces_cerevisiae_baker_s_yeast, Node1652*)",1595,2.976253267401704,2.347597172229281,c1,branch_to_yeast
"(Eukaryota_Opisthokonta_Nucletmycea_Fungi_Dikarya_Ascomycota_Saccharomycotina_Saccharomycetes_Saccharomycetales_Saccharomyces_cerevisiae_baker_s_yeast, Node1652*)",1596,3.3459213213490626,1.889559500203874,c2,branch_to_yeast
"(Eukaryota_Opisthokonta_Nucletmycea_Fungi_Dikarya_Ascomycota_Saccharomycotina_Saccharomycetes_Saccharomycetales_Saccharomyces_cerevisiae_baker_s_yeast, Node1652*)",1597,2.2036494920422576,1.889559500203874,c2,branch_to_yeast
"(Eukaryota_Opisthokonta_Nucletmycea_Fungi_Dikarya_Ascomycota_Saccharomycotina_Saccharomycetes_Saccharomycetales_Saccharomyces_cerevisiae_baker_s_yeast, Node1652*)",1598,-4.325470815485352e-17,1.837175246384109,c3,branch_to_yeast
"(Eukaryota_Opisthokonta_Nucletmycea_Fungi_Dikarya_Ascomycota_Saccharomycotina_Saccharomycetes_Saccharomycetales_Saccharomyces_cerevisiae_baker_s_yeast, Node1652*)",1599,-2.1375263778233967e-16,1.889559500203874,c2,branch_to_yeast
"(Eukaryota_Opisthokonta_Nucletmycea_Fungi_Dikarya_Ascomycota_Saccharomycotina_Saccharomycetes_Saccharomycetales_Saccharomyces_cerevisiae_baker_s_yeast, Node1652*)",1600,-2.4054889696397447e-16,1.837175246384109,c3,branch_to_yeast
"(Eukaryota_Opisthokonta_Nucletmycea_Fungi_Dikarya_Ascomycota_Saccharomycotina_Saccharomycetes_Saccharomycetales_Saccharomyces_cerevisiae_baker_s_yeast, Node1652*)",1601,-2.225014889690368e-16,1.889559500203874,c2,branch_to_yeast
"(Eukaryota_Opisthokonta_Nucletmycea_Fungi_Dikarya_Ascomycota_Saccharomycotina_Saccharomycetes_Saccharomycetales_Saccharomyces_cerevisiae_baker_s_yeast, Node1652*)",1602,2.204415160258556,2.347597172229281,c1,branch_to_yeast
"(Eukaryota_Opisthokonta_Nucletmycea_Fungi_Dikarya_Ascomycota_Saccharomycotina_Saccharomycetes_Saccharomycetales_Saccharomyces_cerevisiae_baker_s_yeast, Node1652*)",1603,2.204415160258556,2.347597172229281,c1,branch_to_yeast
"(Eukaryota_Opisthokonta_Nucletmycea_Fungi_Dikarya_Ascomycota_Saccharomycotina_Saccharomycetes_Saccharomycetales_Saccharomyces_cerevisiae_baker_s_yeast, Node1652*)",1604,2.204415160258556,2.347597172229281,c1,branch_to_yeast
"(Eukaryota_Opisthokonta_Nucletmycea_Fungi_Dikarya_Ascomycota_Saccharomycotina_Saccharomycetes_Saccharomycetales_Saccharomyces_cerevisiae_baker_s_yeast, Node1652*)",1605,3.3477171110772046,2.347597172229281,c1,branch_to_yeast
"(Eukaryota_Opisthokonta_Nucletmycea_Fungi_Dikarya_Ascomycota_Saccharomycotina_Saccharomycetes_Saccharomycetales_Saccharomyces_cerevisiae_baker_s_yeast, Node1652*)",1606,3.3459213213490626,1.889559500203874,c2,branch_to_yeast
"(Eukaryota_Opisthokonta_Nucletmycea_Fungi_Dikarya_Ascomycota_Saccharomycotina_Saccharomycetes_Saccharomycetales_Saccharomyces_cerevisiae_baker_s_yeast, Node1652*)",1607,2.204415160258556,2.347597172229281,c1,branch_to_yeast
"(Eukaryota_Opisthokonta_Nucletmycea_Fungi_Dikarya_Ascomycota_Saccharomycotina_Saccharomycetes_Saccharomycetales_Saccharomyces_cerevisiae_baker_s_yeast, Node1652*)",1608,3.3477171110772046,2.347597172229281,c1,branch_to_yeast
"(Eukaryota_Opisthokonta_Nucletmycea_Fungi_Dikarya_Ascomycota_Saccharomycotina_Saccharomycetes_Saccharomycetales_Saccharomyces_cerevisiae_baker_s_yeast, Node1652*)",1609,2.976253267401704,2.347597172229281,c1,branch_to_yeast
"(Eukaryota_Opisthokonta_Nucletmycea_Fungi_Dikarya_Ascomycota_Saccharomycotina_Saccharomycetes_Saccharomycetales_Saccharomyces_cerevisiae_baker_s_yeast, Node1652*)",1610,3.3477171110772046,2.347597172229281,c1,branch_to_yeast
"(Eukaryota_Opisthokonta_Nucletmycea_Fungi_Dikarya_Ascomycota_Saccharomycotina_Saccharomycetes_Saccharomycetales_Saccharomyces_cerevisiae_baker_s_yeast, Node1652*)",1611,2.204415160258556,2.347597172229281,c1,branch_to_yeast
"(Eukaryota_Opisthokonta_Nucletmycea_Fungi_Dikarya_Ascomycota_Saccharomycotina_Saccharomycetes_Saccharomycetales_Saccharomyces_cerevisiae_baker_s_yeast, Node1652*)",1612,3.3477171110772046,2.347597172229281,c1,branch_to_yeast
"(Eukaryota_Opisthokonta_Nucletmycea_Fungi_Dikarya_Ascomycota_Saccharomycotina_Saccharomycetes_Saccharomycetales_Saccharomyces_cerevisiae_baker_s_yeast, Node1652*)",1613,2.2036494920422576,1.889559500203874,c2,branch_to_yeast
"(Eukaryota_Opisthokonta_Nucletmycea_Fungi_Dikarya_Ascomycota_Saccharomycotina_Saccharomycetes_Saccharomycetales_Saccharomyces_cerevisiae_baker_s_yeast, Node1652*)",1614,3.3477171110772046,2.347597172229281,c1,branch_to_yeast
"(Eukaryota_Opisthokonta_Nucletmycea_Fungi_Dikarya_Ascomycota_Saccharomycotina_Saccharomycetes_Saccharomycetales_Saccharomyces_cerevisiae_baker_s_yeast, Node1652*)",1615,2.2036494920422576,1.889559500203874,c2,branch_to_yeast
"(Eukaryota_Opisthokonta_Nucletmycea_Fungi_Dikarya_Ascomycota_Saccharomycotina_Saccharomycetes_Saccharomycetales_Saccharomyces_cerevisiae_baker_s_yeast, Node1652*)",1616,-2.4101676331406325e-16,1.889559500203874,c2,branch_to_yeast
"(Eukaryota_Opisthokonta_Nucletmycea_Fungi_Dikarya_Ascomycota_Saccharomycotina_Saccharomycetes_Saccharomycetales_Saccharomyces_cerevisiae_baker_s_yeast, Node1652*)",1617,-2.1248772965425552e-16,2.347597172229281,c1,branch_to_yeast
"(Eukaryota_Opisthokonta_Nucletmycea_Fungi_Dikarya_Ascomycota_Saccharomycotina_Saccharomycetes_Saccharomycetales_Saccharomyces_cerevisiae_baker_s_yeast, Node1652*)",1618,2.976253267401704,2.347597172229281,c1,branch_to_yeast
"(Eukaryota_Opisthokonta_Nucletmycea_Fungi_Dikarya_Ascomycota_Saccharomycotina_Saccharomycetes_Saccharomycetales_Saccharomyces_cerevisiae_baker_s_yeast, Node1652*)",1619,3.3477171110772046,2.347597172229281,c1,branch_to_yeast
"(Eukaryota_Opisthokonta_Nucletmycea_Fungi_Dikarya_Ascomycota_Saccharomycotina_Saccharomycetes_Saccharomycetales_Saccharomyces_cerevisiae_baker_s_yeast, Node1652*)",1620,2.976253267401704,2.347597172229281,c1,branch_to_yeast
"(Eukaryota_Opisthokonta_Nucletmycea_Fungi_Dikarya_Ascomycota_Saccharomycotina_Saccharomycetes_Saccharomycetales_Saccharomyces_cerevisiae_baker_s_yeast, Node1652*)",1621,3.3477171110772046,2.347597172229281,c1,branch_to_yeast
"(Eukaryota_Opisthokonta_Nucletmycea_Fungi_Dikarya_Ascomycota_Saccharomycotina_Saccharomycetes_Saccharomycetales_Saccharomyces_cerevisiae_baker_s_yeast, Node1652*)",1622,3.3557158757248996e-16,2.347597172229281,c1,branch_to_yeast
"(Eukaryota_Opisthokonta_Nucletmycea_Fungi_Dikarya_Ascomycota_Saccharomycotina_Saccharomycetes_Saccharomycetales_Saccharomyces_cerevisiae_baker_s_yeast, Node1652*)",1623,2.204415160258556,2.347597172229281,c1,branch_to_yeast
"(Eukaryota_Opisthokonta_Nucletmycea_Fungi_Dikarya_Ascomycota_Saccharomycotina_Saccharomycetes_Saccharomycetales_Saccharomyces_cerevisiae_baker_s_yeast, Node1652*)",1624,2.9747327073946592,1.889559500203874,c2,branch_to_yeast
"(Eukaryota_Opisthokonta_Nucletmycea_Fungi_Dikarya_Ascomycota_Saccharomycotina_Saccharomycetes_Saccharomycetales_Saccharomyces_cerevisiae_baker_s_yeast, Node1652*)",1625,3.329810638949626,1.01655548421231,c4,branch_to_yeast
"(Eukaryota_Opisthokonta_Nucletmycea_Fungi_Dikarya_Ascomycota_Saccharomycotina_Saccharomycetes_Saccharomycetales_Saccharomyces_cerevisiae_baker_s_yeast, Node1652*)",1626,2.1967652049440844,1.01655548421231,c4,branch_to_yeast
"(Eukaryota_Opisthokonta_Nucletmycea_Fungi_Dikarya_Ascomycota_Saccharomycotina_Saccharomycetes_Saccharomycetales_Saccharomyces_cerevisiae_baker_s_yeast, Node1652*)",1627,2.1967652049440844,1.01655548421231,c4,branch_to_yeast
"(Eukaryota_Opisthokonta_Nucletmycea_Fungi_Dikarya_Ascomycota_Saccharomycotina_Saccharomycetes_Saccharomycetales_Saccharomyces_cerevisiae_baker_s_yeast, Node1652*)",1628,2.971494938007999,1.837175246384109,c3,branch_to_yeast
"(Eukaryota_Opisthokonta_Nucletmycea_Fungi_Dikarya_Ascomycota_Saccharomycotina_Saccharomycetes_Saccharomycetales_Saccharomyces_cerevisiae_baker_s_yeast, Node1652*)",1629,2.2020190876113945,1.837175246384109,c3,branch_to_yeast
"(Eukaryota_Opisthokonta_Nucletmycea_Fungi_Dikarya_Ascomycota_Saccharomycotina_Saccharomycetes_Saccharomycetales_Saccharomyces_cerevisiae_baker_s_yeast, Node1652*)",1630,3.3459213213490626,1.889559500203874,c2,branch_to_yeast
"(Eukaryota_Opisthokonta_Nucletmycea_Fungi_Dikarya_Ascomycota_Saccharomycotina_Saccharomycetes_Saccharomycetales_Saccharomyces_cerevisiae_baker_s_yeast, Node1652*)",1631,3.3477171110772046,2.347597172229281,c1,branch_to_yeast
"(Eukaryota_Opisthokonta_Nucletmycea_Fungi_Dikarya_Ascomycota_Saccharomycotina_Saccharomycetes_Saccharomycetales_Saccharomyces_cerevisiae_baker_s_yeast, Node1652*)",1632,2.976253267401704,2.347597172229281,c1,branch_to_yeast
"(Eukaryota_Opisthokonta_Nucletmycea_Fungi_Dikarya_Ascomycota_Saccharomycotina_Saccharomycetes_Saccharomycetales_Saccharomyces_cerevisiae_baker_s_yeast, Node1652*)",1633,2.2020190876113945,1.837175246384109,c3,branch_to_yeast
"(Eukaryota_Opisthokonta_Nucletmycea_Fungi_Dikarya_Ascomycota_Saccharomycotina_Saccharomycetes_Saccharomycetales_Saccharomyces_cerevisiae_baker_s_yeast, Node1652*)",1634,3.3421000322333803,1.837175246384109,c3,branch_to_yeast
"(Eukaryota_Opisthokonta_Nucletmycea_Fungi_Dikarya_Ascomycota_Saccharomycotina_Saccharomycetes_Saccharomycetales_Saccharomyces_cerevisiae_baker_s_yeast, Node1652*)",1635,2.2036494920422576,1.889559500203874,c2,branch_to_yeast
"(Eukaryota_Opisthokonta_Nucletmycea_Fungi_Dikarya_Ascomycota_Saccharomycotina_Saccharomycetes_Saccharomycetales_Saccharomyces_cerevisiae_baker_s_yeast, Node1652*)",1636,2.971494938007999,1.837175246384109,c3,branch_to_yeast
"(Eukaryota_Opisthokonta_Nucletmycea_Fungi_Dikarya_Ascomycota_Saccharomycotina_Saccharomycetes_Saccharomycetales_Saccharomyces_cerevisiae_baker_s_yeast, Node1652*)",1637,2.204415160258556,2.347597172229281,c1,branch_to_yeast
"(Eukaryota_Opisthokonta_Nucletmycea_Fungi_Dikarya_Ascomycota_Saccharomycotina_Saccharomycetes_Saccharomycetales_Saccharomyces_cerevisiae_baker_s_yeast, Node1652*)",1638,-7.655127692759688e-17,1.01655548421231,c4,branch_to_yeast
"(Eukaryota_Opisthokonta_Nucletmycea_Fungi_Dikarya_Ascomycota_Saccharomycotina_Saccharomycetes_Saccharomycetales_Saccharomyces_cerevisiae_baker_s_yeast, Node1652*)",1639,3.329810638949544,1.01655548421231,c4,branch_to_yeast
"(Eukaryota_Opisthokonta_Nucletmycea_Fungi_Dikarya_Ascomycota_Saccharomycotina_Saccharomycetes_Saccharomycetales_Saccharomyces_cerevisiae_baker_s_yeast, Node1652*)",1640,-1.0588066684543018e-16,1.01655548421231,c4,branch_to_yeast
"(Eukaryota_Opisthokonta_Nucletmycea_Fungi_Dikarya_Ascomycota_Saccharomycotina_Saccharomycetes_Saccharomycetales_Saccharomyces_cerevisiae_baker_s_yeast, Node1652*)",1641,2.9610622710287644,1.01655548421231,c4,branch_to_yeast
"(Eukaryota_Opisthokonta_Nucletmycea_Fungi_Dikarya_Ascomycota_Saccharomycotina_Saccharomycetes_Saccharomycetales_Saccharomyces_cerevisiae_baker_s_yeast, Node1652*)",1642,2.9610622710287644,1.01655548421231,c4,branch_to_yeast
"(Eukaryota_Opisthokonta_Nucletmycea_Fungi_Dikarya_Ascomycota_Saccharomycotina_Saccharomycetes_Saccharomycetales_Saccharomyces_cerevisiae_baker_s_yeast, Node1652*)",1643,3.3459213213490626,1.889559500203874,c2,branch_to_yeast
"(Eukaryota_Opisthokonta_Nucletmycea_Fungi_Dikarya_Ascomycota_Saccharomycotina_Saccharomycetes_Saccharomycetales_Saccharomyces_cerevisiae_baker_s_yeast, Node1652*)",1644,-2.4123661258873785e-16,2.347597172229281,c1,branch_to_yeast
"(Eukaryota_Opisthokonta_Nucletmycea_Fungi_Dikarya_Ascomycota_Saccharomycotina_Saccharomycetes_Saccharomycetales_Saccharomyces_cerevisiae_baker_s_yeast, Node1652*)",1645,5.4323084896982414e-17,1.01655548421231,c4,branch_to_yeast
"(Eukaryota_Opisthokonta_Nucletmycea_Fungi_Dikarya_Ascomycota_Saccharomycotina_Saccharomycetes_Saccharomycetales_Saccharomyces_cerevisiae_baker_s_yeast, Node1652*)",1646,-1.2451478053915364e-16,1.889559500203874,c2,branch_to_yeast
"(Eukaryota_Opisthokonta_Nucletmycea_Fungi_Dikarya_Ascomycota_Saccharomycotina_Saccharomycetes_Saccharomycetales_Saccharomyces_cerevisiae_baker_s_yeast, Node1652*)",1647,2.1967652048144446,1.01655548421231,c4,branch_to_yeast
"(Eukaryota_Opisthokonta_Nucletmycea_Fungi_Dikarya_Ascomycota_Saccharomycotina_Saccharomycetes_Saccharomycetales_Saccharomyces_cerevisiae_baker_s_yeast, Node1652*)",1648,2.1967652049440844,1.01655548421231,c4,branch_to_yeast
"(Eukaryota_Opisthokonta_Nucletmycea_Fungi_Dikarya_Ascomycota_Saccharomycotina_Saccharomycetes_Saccharomycetales_Saccharomyces_cerevisiae_baker_s_yeast, Node1652*)",1649,3.3421000322333803,1.837175246384109,c3,branch_to_yeast
"(Eukaryota_Opisthokonta_Nucletmycea_Fungi_Dikarya_Ascomycota_Saccharomycotina_Saccharomycetes_Saccharomycetales_Saccharomyces_cerevisiae_baker_s_yeast, Node1652*)",1650,3.3421000322333803,1.837175246384109,c3,branch_to_yeast
"(Eukaryota_Opisthokonta_Nucletmycea_Fungi_Dikarya_Ascomycota_Saccharomycotina_Saccharomycetes_Saccharomycetales_Saccharomyces_cerevisiae_baker_s_yeast, Node1652*)",1651,2.204415160258556,2.347597172229281,c1,branch_to_yeast
"(Eukaryota_Opisthokonta_Nucletmycea_Fungi_Dikarya_Ascomycota_Saccharomycotina_Saccharomycetes_Saccharomycetales_Saccharomyces_cerevisiae_baker_s_yeast, Node1652*)",1652,2.971494938007999,1.837175246384109,c3,branch_to_yeast
"(Eukaryota_Opisthokonta_Nucletmycea_Fungi_Dikarya_Ascomycota_Saccharomycotina_Saccharomycetes_Saccharomycetales_Saccharomyces_cerevisiae_baker_s_yeast, Node1652*)",1653,-0.99645625491357,1.837175246384109,c3,branch_to_yeast
"(Eukaryota_Opisthokonta_Nucletmycea_Fungi_Dikarya_Ascomycota_Saccharomycotina_Saccharomycetes_Saccharomycetales_Saccharomyces_cerevisiae_baker_s_yeast, Node1652*)",1654,2.976253267401704,2.347597172229281,c1,branch_to_yeast
"(Eukaryota_Opisthokonta_Nucletmycea_Fungi_Dikarya_Ascomycota_Saccharomycotina_Saccharomycetes_Saccharomycetales_Saccharomyces_cerevisiae_baker_s_yeast, Node1652*)",1655,2.2020190876113945,1.837175246384109,c3,branch_to_yeast
"(Eukaryota_Opisthokonta_Nucletmycea_Fungi_Dikarya_Ascomycota_Saccharomycotina_Saccharomycetes_Saccharomycetales_Saccharomyces_cerevisiae_baker_s_yeast, Node1652*)",1656,2.2020190876113945,1.837175246384109,c3,branch_to_yeast
"(Eukaryota_Opisthokonta_Nucletmycea_Fungi_Dikarya_Ascomycota_Saccharomycotina_Saccharomycetes_Saccharomycetales_Saccharomyces_cerevisiae_baker_s_yeast, Node1652*)",1657,-1.84098773697084e-16,1.01655548421231,c4,branch_to_yeast
"(Eukaryota_Opisthokonta_Nucletmycea_Fungi_Dikarya_Ascomycota_Saccharomycotina_Saccharomycetes_Saccharomycetales_Saccharomyces_cerevisiae_baker_s_yeast, Node1652*)",1658,3.329810638198281,1.01655548421231,c4,branch_to_yeast
"(Eukaryota_Opisthokonta_Nucletmycea_Fungi_Dikarya_Ascomycota_Saccharomycotina_Saccharomycetes_Saccharomycetales_Saccharomyces_cerevisiae_baker_s_yeast, Node1652*)",1659,-2.2486372888835934e-16,1.837175246384109,c3,branch_to_yeast
"(Eukaryota_Opisthokonta_Nucletmycea_Fungi_Dikarya_Ascomycota_Saccharomycotina_Saccharomycetes_Saccharomycetales_Saccharomyces_cerevisiae_baker_s_yeast, Node1652*)",1660,-2.561279556958763e-16,1.889559500203874,c2,branch_to_yeast
"(Eukaryota_Opisthokonta_Nucletmycea_Fungi_Dikarya_Ascomycota_Saccharomycotina_Saccharomycetes_Saccharomycetales_Saccharomyces_cerevisiae_baker_s_yeast, Node1652*)",1661,2.204415160258556,2.347597172229281,c1,branch_to_yeast
"(Eukaryota_Opisthokonta_Nucletmycea_Fungi_Dikarya_Ascomycota_Saccharomycotina_Saccharomycetes_Saccharomycetales_Saccharomyces_cerevisiae_baker_s_yeast, Node1652*)",1662,2.204415160258556,2.347597172229281,c1,branch_to_yeast
"(Eukaryota_Opisthokonta_Nucletmycea_Fungi_Dikarya_Ascomycota_Saccharomycotina_Saccharomycetes_Saccharomycetales_Saccharomyces_cerevisiae_baker_s_yeast, Node1652*)",1663,5.558117603270746e-18,1.837175246384109,c3,branch_to_yeast
"(Eukaryota_Opisthokonta_Nucletmycea_Fungi_Dikarya_Ascomycota_Saccharomycotina_Saccharomycetes_Saccharomycetales_Saccharomyces_cerevisiae_baker_s_yeast, Node1652*)",1664,2.7905266044675316e-16,1.01655548421231,c4,branch_to_yeast
"(Eukaryota_Opisthokonta_Nucletmycea_Fungi_Dikarya_Ascomycota_Saccharomycotina_Saccharomycetes_Saccharomycetales_Saccharomyces_cerevisiae_baker_s_yeast, Node1652*)",1665,2.9747327073946592,1.889559500203874,c2,branch_to_yeast
"(Eukaryota_Opisthokonta_Nucletmycea_Fungi_Dikarya_Ascomycota_Saccharomycotina_Saccharomycetes_Saccharomycetales_Saccharomyces_cerevisiae_baker_s_yeast, Node1652*)",1666,2.976253267401704,2.347597172229281,c1,branch_to_yeast
"(Eukaryota_Opisthokonta_Nucletmycea_Fungi_Dikarya_Ascomycota_Saccharomycotina_Saccharomycetes_Saccharomycetales_Saccharomyces_cerevisiae_baker_s_yeast, Node1652*)",1667,-1.9094550084887599e-16,1.889559500203874,c2,branch_to_yeast
"(Eukaryota_Opisthokonta_Nucletmycea_Fungi_Dikarya_Ascomycota_Saccharomycotina_Saccharomycetes_Saccharomycetales_Saccharomyces_cerevisiae_baker_s_yeast, Node1652*)",1668,3.3477171110772046,2.347597172229281,c1,branch_to_yeast
"(Eukaryota_Opisthokonta_Nucletmycea_Fungi_Dikarya_Ascomycota_Saccharomycotina_Saccharomycetes_Saccharomycetales_Saccharomyces_cerevisiae_baker_s_yeast, Node1652*)",1669,2.8655384025348117e-16,1.837175246384109,c3,branch_to_yeast
"(Eukaryota_Opisthokonta_Nucletmycea_Fungi_Dikarya_Ascomycota_Saccharomycotina_Saccharomycetes_Saccharomycetales_Saccharomyces_cerevisiae_baker_s_yeast, Node1652*)",1670,-2.1734416960734674e-16,1.837175246384109,c3,branch_to_yeast
"(Eukaryota_Opisthokonta_Nucletmycea_Fungi_Dikarya_Ascomycota_Saccharomycotina_Saccharomycetes_Saccharomycetales_Saccharomyces_cerevisiae_baker_s_yeast, Node1652*)",1671,-2.375932338754165e-16,1.837175246384109,c3,branch_to_yeast
"(Eukaryota_Opisthokonta_Nucletmycea_Fungi_Dikarya_Ascomycota_Saccharomycotina_Saccharomycetes_Saccharomycetales_Saccharomyces_cerevisiae_baker_s_yeast, Node1652*)",1672,2.1967652049440844,1.01655548421231,c4,branch_to_yeast
"(Eukaryota_Opisthokonta_Nucletmycea_Fungi_Dikarya_Ascomycota_Saccharomycotina_Saccharomycetes_Saccharomycetales_Saccharomyces_cerevisiae_baker_s_yeast, Node1652*)",1673,2.976253267401704,2.347597172229281,c1,branch_to_yeast
"(Eukaryota_Opisthokonta_Nucletmycea_Fungi_Dikarya_Ascomycota_Saccharomycotina_Saccharomycetes_Saccharomycetales_Saccharomyces_cerevisiae_baker_s_yeast, Node1652*)",1674,2.976253267401704,2.347597172229281,c1,branch_to_yeast
"(Eukaryota_Opisthokonta_Nucletmycea_Fungi_Dikarya_Ascomycota_Saccharomycotina_Saccharomycetes_Saccharomycetales_Saccharomyces_cerevisiae_baker_s_yeast, Node1652*)",1675,2.976253267401704,2.347597172229281,c1,branch_to_yeast
"(Eukaryota_Opisthokonta_Nucletmycea_Fungi_Dikarya_Ascomycota_Saccharomycotina_Saccharomycetes_Saccharomycetales_Saccharomyces_cerevisiae_baker_s_yeast, Node1652*)",1676,3.3421000322333803,1.837175246384109,c3,branch_to_yeast
"(Eukaryota_Opisthokonta_Nucletmycea_Fungi_Dikarya_Ascomycota_Saccharomycotina_Saccharomycetes_Saccharomycetales_Saccharomyces_cerevisiae_baker_s_yeast, Node1652*)",1677,-2.043311873463321e-16,1.837175246384109,c3,branch_to_yeast
"(Eukaryota_Opisthokonta_Nucletmycea_Fungi_Dikarya_Ascomycota_Saccharomycotina_Saccharomycetes_Saccharomycetales_Saccharomyces_cerevisiae_baker_s_yeast, Node1652*)",1678,3.3421000322333803,1.837175246384109,c3,branch_to_yeast
"(Eukaryota_Opisthokonta_Nucletmycea_Fungi_Dikarya_Ascomycota_Saccharomycotina_Saccharomycetes_Saccharomycetales_Saccharomyces_cerevisiae_baker_s_yeast, Node1652*)",1679,3.329810638949626,1.01655548421231,c4,branch_to_yeast
"(Eukaryota_Opisthokonta_Nucletmycea_Fungi_Dikarya_Ascomycota_Saccharomycotina_Saccharomycetes_Saccharomycetales_Saccharomyces_cerevisiae_baker_s_yeast, Node1652*)",1680,2.1967652049440844,1.01655548421231,c4,branch_to_yeast
"(Eukaryota_Opisthokonta_Nucletmycea_Fungi_Dikarya_Ascomycota_Saccharomycotina_Saccharomycetes_Saccharomycetales_Saccharomyces_cerevisiae_baker_s_yeast, Node1652*)",1681,-2.5151819414203643e-16,1.837175246384109,c3,branch_to_yeast
"(Eukaryota_Opisthokonta_Nucletmycea_Fungi_Dikarya_Ascomycota_Saccharomycotina_Saccharomycetes_Saccharomycetales_Saccharomyces_cerevisiae_baker_s_yeast, Node1652*)",1682,3.3477171110772046,2.347597172229281,c1,branch_to_yeast
"(Eukaryota_Opisthokonta_Nucletmycea_Fungi_Dikarya_Ascomycota_Saccharomycotina_Saccharomycetes_Saccharomycetales_Saccharomyces_cerevisiae_baker_s_yeast, Node1652*)",1683,2.2020190876113945,1.837175246384109,c3,branch_to_yeast
"(Eukaryota_Opisthokonta_Nucletmycea_Fungi_Dikarya_Ascomycota_Saccharomycotina_Saccharomycetes_Saccharomycetales_Saccharomyces_cerevisiae_baker_s_yeast, Node1652*)",1684,3.2291130906098456e-16,1.889559500203874,c2,branch_to_yeast
"(Eukaryota_Opisthokonta_Nucletmycea_Fungi_Dikarya_Ascomycota_Saccharomycotina_Saccharomycetes_Saccharomycetales_Saccharomyces_cerevisiae_baker_s_yeast, Node1652*)",1685,2.204415160258556,2.347597172229281,c1,branch_to_yeast
"(Eukaryota_Opisthokonta_Nucletmycea_Fungi_Dikarya_Ascomycota_Saccharomycotina_Saccharomycetes_Saccharomycetales_Saccharomyces_cerevisiae_baker_s_yeast, Node1652*)",1686,3.3459213213490626,1.889559500203874,c2,branch_to_yeast
"(Eukaryota_Opisthokonta_Nucletmycea_Fungi_Dikarya_Ascomycota_Saccharomycotina_Saccharomycetes_Saccharomycetales_Saccharomyces_cerevisiae_baker_s_yeast, Node1652*)",1687,-2.5223159932395243e-16,2.347597172229281,c1,branch_to_yeast
"(Eukaryota_Opisthokonta_Nucletmycea_Fungi_Dikarya_Ascomycota_Saccharomycotina_Saccharomycetes_Saccharomycetales_Saccharomyces_cerevisiae_baker_s_yeast, Node1652*)",1688,2.2036494920422576,1.889559500203874,c2,branch_to_yeast
"(Eukaryota_Opisthokonta_Nucletmycea_Fungi_Dikarya_Ascomycota_Saccharomycotina_Saccharomycetes_Saccharomycetales_Saccharomyces_cerevisiae_baker_s_yeast, Node1652*)",1689,2.204415160258556,2.347597172229281,c1,branch_to_yeast
"(Eukaryota_Opisthokonta_Nucletmycea_Fungi_Dikarya_Ascomycota_Saccharomycotina_Saccharomycetes_Saccharomycetales_Saccharomyces_cerevisiae_baker_s_yeast, Node1652*)",1690,2.2036494920422576,1.889559500203874,c2,branch_to_yeast
"(Eukaryota_Opisthokonta_Nucletmycea_Fungi_Dikarya_Ascomycota_Saccharomycotina_Saccharomycetes_Saccharomycetales_Saccharomyces_cerevisiae_baker_s_yeast, Node1652*)",1691,2.204415160258556,2.347597172229281,c1,branch_to_yeast
"(Eukaryota_Opisthokonta_Nucletmycea_Fungi_Dikarya_Ascomycota_Saccharomycotina_Saccharomycetes_Saccharomycetales_Saccharomyces_cerevisiae_baker_s_yeast, Node1652*)",1692,2.976253267401704,2.347597172229281,c1,branch_to_yeast
"(Eukaryota_Opisthokonta_Nucletmycea_Fungi_Dikarya_Ascomycota_Saccharomycotina_Saccharomycetes_Saccharomycetales_Saccharomyces_cerevisiae_baker_s_yeast, Node1652*)",1693,-2.38699245210054e-16,2.347597172229281,c1,branch_to_yeast
"(Eukaryota_Opisthokonta_Nucletmycea_Fungi_Dikarya_Ascomycota_Saccharomycotina_Saccharomycetes_Saccharomycetales_Saccharomyces_cerevisiae_baker_s_yeast, Node1652*)",1694,2.971494938007999,1.837175246384109,c3,branch_to_yeast
"(Eukaryota_Opisthokonta_Nucletmycea_Fungi_Dikarya_Ascomycota_Saccharomycotina_Saccharomycetes_Saccharomycetales_Saccharomyces_cerevisiae_baker_s_yeast, Node1652*)",1695,2.204415160258556,2.347597172229281,c1,branch_to_yeast
"(Eukaryota_Opisthokonta_Nucletmycea_Fungi_Dikarya_Ascomycota_Saccharomycotina_Saccharomycetes_Saccharomycetales_Saccharomyces_cerevisiae_baker_s_yeast, Node1652*)",1696,2.9610622710287644,1.01655548421231,c4,branch_to_yeast
"(Eukaryota_Opisthokonta_Nucletmycea_Fungi_Dikarya_Ascomycota_Saccharomycotina_Saccharomycetes_Saccharomycetales_Saccharomyces_cerevisiae_baker_s_yeast, Node1652*)",1697,2.2020190876113945,1.837175246384109,c3,branch_to_yeast
"(Eukaryota_Opisthokonta_Nucletmycea_Fungi_Dikarya_Ascomycota_Saccharomycotina_Saccharomycetes_Saccharomycetales_Saccharomyces_cerevisiae_baker_s_yeast, Node1652*)",1698,3.3459213213490626,1.889559500203874,c2,branch_to_yeast
"(Eukaryota_Opisthokonta_Nucletmycea_Fungi_Dikarya_Ascomycota_Saccharomycotina_Saccharomycetes_Saccharomycetales_Saccharomyces_cerevisiae_baker_s_yeast, Node1652*)",1699,2.9747327073946592,1.889559500203874,c2,branch_to_yeast
"(Eukaryota_Opisthokonta_Nucletmycea_Fungi_Dikarya_Ascomycota_Saccharomycotina_Saccharomycetes_Saccharomycetales_Saccharomyces_cerevisiae_baker_s_yeast, Node1652*)",1700,-2.3868144178515437e-16,2.347597172229281,c1,branch_to_yeast
"(Eukaryota_Opisthokonta_Nucletmycea_Fungi_Dikarya_Ascomycota_Saccharomycotina_Saccharomycetes_Saccharomycetales_Saccharomyces_cerevisiae_baker_s_yeast, Node1652*)",1701,-2.386002659551536e-16,2.347597172229281,c1,branch_to_yeast
"(Eukaryota_Opisthokonta_Nucletmycea_Fungi_Dikarya_Ascomycota_Saccharomycotina_Saccharomycetes_Saccharomycetales_Saccharomyces_cerevisiae_baker_s_yeast, Node1652*)",1702,2.204415160258556,2.347597172229281,c1,branch_to_yeast
"(Eukaryota_Opisthokonta_Nucletmycea_Fungi_Dikarya_Ascomycota_Saccharomycotina_Saccharomycetes_Saccharomycetales_Saccharomyces_cerevisiae_baker_s_yeast, Node1652*)",1703,-2.400679141248541e-16,1.889559500203874,c2,branch_to_yeast
"(Eukaryota_Opisthokonta_Nucletmycea_Fungi_Dikarya_Ascomycota_Saccharomycotina_Saccharomycetes_Saccharomycetales_Saccharomyces_cerevisiae_baker_s_yeast, Node1652*)",1704,2.976253267401704,2.347597172229281,c1,branch_to_yeast
"(Eukaryota_Opisthokonta_Nucletmycea_Fungi_Dikarya_Ascomycota_Saccharomycotina_Saccharomycetes_Saccharomycetales_Saccharomyces_cerevisiae_baker_s_yeast, Node1652*)",1705,2.976253267401704,2.347597172229281,c1,branch_to_yeast
"(Eukaryota_Opisthokonta_Nucletmycea_Fungi_Dikarya_Ascomycota_Saccharomycotina_Saccharomycetes_Saccharomycetales_Saccharomyces_cerevisiae_baker_s_yeast, Node1652*)",1706,-2.1151133719066958e-16,1.889559500203874,c2,branch_to_yeast
"(Eukaryota_Opisthokonta_Nucletmycea_Fungi_Dikarya_Ascomycota_Saccharomycotina_Saccharomycetes_Saccharomycetales_Saccharomyces_cerevisiae_baker_s_yeast, Node1652*)",1707,-2.1829559003291034e-16,1.889559500203874,c2,branch_to_yeast
"(Eukaryota_Opisthokonta_Nucletmycea_Fungi_Dikarya_Ascomycota_Saccharomycotina_Saccharomycetes_Saccharomycetales_Saccharomyces_cerevisiae_baker_s_yeast, Node1652*)",1708,2.974732707394412,1.889559500203874,c2,branch_to_yeast
"(Eukaryota_Opisthokonta_Nucletmycea_Fungi_Dikarya_Ascomycota_Saccharomycotina_Saccharomycetes_Saccharomycetales_Saccharomyces_cerevisiae_baker_s_yeast, Node1652*)",1709,-1.7362273521915584e-16,2.347597172229281,c1,branch_to_yeast
"(Eukaryota_Opisthokonta_Nucletmycea_Fungi_Dikarya_Ascomycota_Saccharomycotina_Saccharomycetes_Saccharomycetales_Saccharomyces_cerevisiae_baker_s_yeast, Node1652*)",1710,-1.9941836565057126e-16,1.837175246384109,c3,branch_to_yeast
"(Eukaryota_Opisthokonta_Nucletmycea_Fungi_Dikarya_Ascomycota_Saccharomycotina_Saccharomycetes_Saccharomycetales_Saccharomyces_cerevisiae_baker_s_yeast, Node1652*)",1711,2.2036494920422576,1.889559500203874,c2,branch_to_yeast
"(Eukaryota_Opisthokonta_Nucletmycea_Fungi_Dikarya_Ascomycota_Saccharomycotina_Saccharomycetes_Saccharomycetales_Saccharomyces_cerevisiae_baker_s_yeast, Node1652*)",1712,3.3421000322333803,1.837175246384109,c3,branch_to_yeast
"(Eukaryota_Opisthokonta_Nucletmycea_Fungi_Dikarya_Ascomycota_Saccharomycotina_Saccharomycetes_Saccharomycetales_Saccharomyces_cerevisiae_baker_s_yeast, Node1652*)",1713,2.9281838458648127e-16,1.837175246384109,c3,branch_to_yeast
"(Eukaryota_Opisthokonta_Nucletmycea_Fungi_Dikarya_Ascomycota_Saccharomycotina_Saccharomycetes_Saccharomycetales_Saccharomyces_cerevisiae_baker_s_yeast, Node1652*)",1714,3.3477171110772046,2.347597172229281,c1,branch_to_yeast
"(Eukaryota_Opisthokonta_Nucletmycea_Fungi_Dikarya_Ascomycota_Saccharomycotina_Saccharomycetes_Saccharomycetales_Saccharomyces_cerevisiae_baker_s_yeast, Node1652*)",1715,2.860342499449411e-16,1.837175246384109,c3,branch_to_yeast
"(Eukaryota_Opisthokonta_Nucletmycea_Fungi_Dikarya_Ascomycota_Saccharomycotina_Saccharomycetes_Saccharomycetales_Saccharomyces_cerevisiae_baker_s_yeast, Node1652*)",1716,-2.3806323030842433e-16,2.347597172229281,c1,branch_to_yeast
"(Eukaryota_Opisthokonta_Nucletmycea_Fungi_Dikarya_Ascomycota_Saccharomycotina_Saccharomycetes_Saccharomycetales_Saccharomyces_cerevisiae_baker_s_yeast, Node1652*)",1717,3.3477171110772046,2.347597172229281,c1,branch_to_yeast
"(Eukaryota_Opisthokonta_Nucletmycea_Fungi_Dikarya_Ascomycota_Saccharomycotina_Saccharomycetes_Saccharomycetales_Saccharomyces_cerevisiae_baker_s_yeast, Node1652*)",1718,2.976253267401704,2.347597172229281,c1,branch_to_yeast
"(Eukaryota_Opisthokonta_Nucletmycea_Fungi_Dikarya_Ascomycota_Saccharomycotina_Saccharomycetes_Saccharomycetales_Saccharomyces_cerevisiae_baker_s_yeast, Node1652*)",1719,2.976253267401704,2.347597172229281,c1,branch_to_yeast
"(Eukaryota_Opisthokonta_Nucletmycea_Fungi_Dikarya_Ascomycota_Saccharomycotina_Saccharomycetes_Saccharomycetales_Saccharomyces_cerevisiae_baker_s_yeast, Node1652*)",1720,3.3477171110772046,2.347597172229281,c1,branch_to_yeast
"(Eukaryota_Opisthokonta_Nucletmycea_Fungi_Dikarya_Ascomycota_Saccharomycotina_Saccharomycetes_Saccharomycetales_Saccharomyces_cerevisiae_baker_s_yeast, Node1652*)",1721,2.2020190876113945,1.837175246384109,c3,branch_to_yeast
"(Eukaryota_Opisthokonta_Nucletmycea_Fungi_Dikarya_Ascomycota_Saccharomycotina_Saccharomycetes_Saccharomycetales_Saccharomyces_cerevisiae_baker_s_yeast, Node1652*)",1722,2.971494938007999,1.837175246384109,c3,branch_to_yeast
"(Eukaryota_Opisthokonta_Nucletmycea_Fungi_Dikarya_Ascomycota_Saccharomycotina_Saccharomycetes_Saccharomycetales_Saccharomyces_cerevisiae_baker_s_yeast, Node1652*)",1723,2.204415160258556,2.347597172229281,c1,branch_to_yeast
"(Eukaryota_Opisthokonta_Nucletmycea_Fungi_Dikarya_Ascomycota_Saccharomycotina_Saccharomycetes_Saccharomycetales_Saccharomyces_cerevisiae_baker_s_yeast, Node1652*)",1724,2.204415160258556,2.347597172229281,c1,branch_to_yeast
"(Eukaryota_Opisthokonta_Nucletmycea_Fungi_Dikarya_Ascomycota_Saccharomycotina_Saccharomycetes_Saccharomycetales_Saccharomyces_cerevisiae_baker_s_yeast, Node1652*)",1725,2.976253267401704,2.347597172229281,c1,branch_to_yeast
"(Eukaryota_Opisthokonta_Nucletmycea_Fungi_Dikarya_Ascomycota_Saccharomycotina_Saccharomycetes_Saccharomycetales_Saccharomyces_cerevisiae_baker_s_yeast, Node1652*)",1726,2.976253267401704,2.347597172229281,c1,branch_to_yeast
"(Eukaryota_Opisthokonta_Nucletmycea_Fungi_Dikarya_Ascomycota_Saccharomycotina_Saccharomycetes_Saccharomycetales_Saccharomyces_cerevisiae_baker_s_yeast, Node1652*)",1727,-7.638211334380698e-17,2.347597172229281,c1,branch_to_yeast
"(Eukaryota_Opisthokonta_Nucletmycea_Fungi_Dikarya_Ascomycota_Saccharomycotina_Saccharomycetes_Saccharomycetales_Saccharomyces_cerevisiae_baker_s_yeast, Node1652*)",1728,-2.394213210011781e-16,1.889559500203874,c2,branch_to_yeast
"(Eukaryota_Opisthokonta_Nucletmycea_Fungi_Dikarya_Ascomycota_Saccharomycotina_Saccharomycetes_Saccharomycetales_Saccharomyces_cerevisiae_baker_s_yeast, Node1652*)",1729,3.3459213213490626,1.889559500203874,c2,branch_to_yeast
"(Eukaryota_Opisthokonta_Nucletmycea_Fungi_Dikarya_Ascomycota_Saccharomycotina_Saccharomycetes_Saccharomycetales_Saccharomyces_cerevisiae_baker_s_yeast, Node1652*)",1730,3.3477171110772046,2.347597172229281,c1,branch_to_yeast
"(Eukaryota_Opisthokonta_Nucletmycea_Fungi_Dikarya_Ascomycota_Saccharomycotina_Saccharomycetes_Saccharomycetales_Saccharomyces_cerevisiae_baker_s_yeast, Node1652*)",1731,-2.326832817949837e-16,2.347597172229281,c1,branch_to_yeast
"(Eukaryota_Opisthokonta_Nucletmycea_Fungi_Dikarya_Ascomycota_Saccharomycotina_Saccharomycetes_Saccharomycetales_Saccharomyces_cerevisiae_baker_s_yeast, Node1652*)",1732,2.976253267401704,2.347597172229281,c1,branch_to_yeast
"(Eukaryota_Opisthokonta_Nucletmycea_Fungi_Dikarya_Ascomycota_Saccharomycotina_Saccharomycetes_Saccharomycetales_Saccharomyces_cerevisiae_baker_s_yeast, Node1652*)",1733,2.204415160258556,2.347597172229281,c1,branch_to_yeast
"(Eukaryota_Opisthokonta_Nucletmycea_Fungi_Dikarya_Ascomycota_Saccharomycotina_Saccharomycetes_Saccharomycetales_Saccharomyces_cerevisiae_baker_s_yeast, Node1652*)",1734,-1.9330793046028518e-16,2.347597172229281,c1,branch_to_yeast
"(Eukaryota_Opisthokonta_Nucletmycea_Fungi_Dikarya_Ascomycota_Saccharomycotina_Saccharomycetes_Saccharomycetales_Saccharomyces_cerevisiae_baker_s_yeast, Node1652*)",1735,2.976253267401704,2.347597172229281,c1,branch_to_yeast
"(Eukaryota_Opisthokonta_Nucletmycea_Fungi_Dikarya_Ascomycota_Saccharomycotina_Saccharomycetes_Saccharomycetales_Saccharomyces_cerevisiae_baker_s_yeast, Node1652*)",1736,2.976253267401704,2.347597172229281,c1,branch_to_yeast
"(Eukaryota_Opisthokonta_Nucletmycea_Fungi_Dikarya_Ascomycota_Saccharomycotina_Saccharomycetes_Saccharomycetales_Saccharomyces_cerevisiae_baker_s_yeast, Node1652*)",1737,2.2036494920422576,1.889559500203874,c2,branch_to_yeast
"(Eukaryota_Opisthokonta_Nucletmycea_Fungi_Dikarya_Ascomycota_Saccharomycotina_Saccharomycetes_Saccharomycetales_Saccharomyces_cerevisiae_baker_s_yeast, Node1652*)",1738,3.3477171110772046,2.347597172229281,c1,branch_to_yeast
"(Eukaryota_Opisthokonta_Nucletmycea_Fungi_Dikarya_Ascomycota_Saccharomycotina_Saccharomycetes_Saccharomycetales_Saccharomyces_cerevisiae_baker_s_yeast, Node1652*)",1739,2.204415160258556,2.347597172229281,c1,branch_to_yeast
"(Eukaryota_Opisthokonta_Nucletmycea_Fungi_Dikarya_Ascomycota_Saccharomycotina_Saccharomycetes_Saccharomycetales_Saccharomyces_cerevisiae_baker_s_yeast, Node1652*)",1740,3.3421000322333803,1.837175246384109,c3,branch_to_yeast
"(Eukaryota_Opisthokonta_Nucletmycea_Fungi_Dikarya_Ascomycota_Saccharomycotina_Saccharomycetes_Saccharomycetales_Saccharomyces_cerevisiae_baker_s_yeast, Node1652*)",1741,2.971494938007999,1.837175246384109,c3,branch_to_yeast
"(Eukaryota_Opisthokonta_Nucletmycea_Fungi_Dikarya_Ascomycota_Saccharomycotina_Saccharomycetes_Saccharomycetales_Saccharomyces_cerevisiae_baker_s_yeast, Node1652*)",1742,2.971494938007999,1.837175246384109,c3,branch_to_yeast
"(Eukaryota_Opisthokonta_Nucletmycea_Fungi_Dikarya_Ascomycota_Saccharomycotina_Saccharomycetes_Saccharomycetales_Saccharomyces_cerevisiae_baker_s_yeast, Node1652*)",1743,2.2036494920422576,1.889559500203874,c2,branch_to_yeast
"(Eukaryota_Opisthokonta_Nucletmycea_Fungi_Dikarya_Ascomycota_Saccharomycotina_Saccharomycetes_Saccharomycetales_Saccharomyces_cerevisiae_baker_s_yeast, Node1652*)",1744,-8.824004198350599e-17,2.347597172229281,c1,branch_to_yeast
"(Eukaryota_Opisthokonta_Nucletmycea_Fungi_Dikarya_Ascomycota_Saccharomycotina_Saccharomycetes_Saccharomycetales_Saccharomyces_cerevisiae_baker_s_yeast, Node1652*)",1745,3.3477171110772046,2.347597172229281,c1,branch_to_yeast
"(Eukaryota_Opisthokonta_Nucletmycea_Fungi_Dikarya_Ascomycota_Saccharomycotina_Saccharomycetes_Saccharomycetales_Saccharomyces_cerevisiae_baker_s_yeast, Node1652*)",1746,2.976253267401704,2.347597172229281,c1,branch_to_yeast
"(Eukaryota_Opisthokonta_Nucletmycea_Fungi_Dikarya_Ascomycota_Saccharomycotina_Saccharomycetes_Saccharomycetales_Saccharomyces_cerevisiae_baker_s_yeast, Node1652*)",1747,-2.262655161296617e-16,1.889559500203874,c2,branch_to_yeast
"(Eukaryota_Opisthokonta_Nucletmycea_Fungi_Dikarya_Ascomycota_Saccharomycotina_Saccharomycetes_Saccharomycetales_Saccharomyces_cerevisiae_baker_s_yeast, Node1652*)",1748,-1.5006335136695854e-16,1.889559500203874,c2,branch_to_yeast
"(Eukaryota_Opisthokonta_Nucletmycea_Fungi_Dikarya_Ascomycota_Saccharomycotina_Saccharomycetes_Saccharomycetales_Saccharomyces_cerevisiae_baker_s_yeast, Node1652*)",1749,3.3421000322333803,1.837175246384109,c3,branch_to_yeast
"(Eukaryota_Opisthokonta_Nucletmycea_Fungi_Dikarya_Ascomycota_Saccharomycotina_Saccharomycetes_Saccharomycetales_Saccharomyces_cerevisiae_baker_s_yeast, Node1652*)",1750,2.976253267401704,2.347597172229281,c1,branch_to_yeast
"(Eukaryota_Opisthokonta_Nucletmycea_Fungi_Dikarya_Ascomycota_Saccharomycotina_Saccharomycetes_Saccharomycetales_Saccharomyces_cerevisiae_baker_s_yeast, Node1652*)",1751,2.2020190876113945,1.837175246384109,c3,branch_to_yeast
"(Eukaryota_Opisthokonta_Nucletmycea_Fungi_Dikarya_Ascomycota_Saccharomycotina_Saccharomycetes_Saccharomycetales_Saccharomyces_cerevisiae_baker_s_yeast, Node1652*)",1752,3.3459213213490626,1.889559500203874,c2,branch_to_yeast
"(Eukaryota_Opisthokonta_Nucletmycea_Fungi_Dikarya_Ascomycota_Saccharomycotina_Saccharomycetes_Saccharomycetales_Saccharomyces_cerevisiae_baker_s_yeast, Node1652*)",1753,3.0793670650873403e-16,1.837175246384109,c3,branch_to_yeast
"(Eukaryota_Opisthokonta_Nucletmycea_Fungi_Dikarya_Ascomycota_Saccharomycotina_Saccharomycetes_Saccharomycetales_Saccharomyces_cerevisiae_baker_s_yeast, Node1652*)",1754,-1.7367963711226563e-16,1.837175246384109,c3,branch_to_yeast
"(Eukaryota_Opisthokonta_Nucletmycea_Fungi_Dikarya_Ascomycota_Saccharomycotina_Saccharomycetes_Saccharomycetales_Saccharomyces_cerevisiae_baker_s_yeast, Node1652*)",1755,2.2020190876113945,1.837175246384109,c3,branch_to_yeast
"(Eukaryota_Opisthokonta_Nucletmycea_Fungi_Dikarya_Ascomycota_Saccharomycotina_Saccharomycetes_Saccharomycetales_Saccharomyces_cerevisiae_baker_s_yeast, Node1652*)",1756,3.3477171110772046,2.347597172229281,c1,branch_to_yeast
"(Eukaryota_Opisthokonta_Nucletmycea_Fungi_Dikarya_Ascomycota_Saccharomycotina_Saccharomycetes_Saccharomycetales_Saccharomyces_cerevisiae_baker_s_yeast, Node1652*)",1757,2.204415160258556,2.347597172229281,c1,branch_to_yeast
"(Eukaryota_Opisthokonta_Nucletmycea_Fungi_Dikarya_Ascomycota_Saccharomycotina_Saccharomycetes_Saccharomycetales_Saccharomyces_cerevisiae_baker_s_yeast, Node1652*)",1758,-2.3031088065866585e-16,1.889559500203874,c2,branch_to_yeast
"(Eukaryota_Opisthokonta_Nucletmycea_Fungi_Dikarya_Ascomycota_Saccharomycotina_Saccharomycetes_Saccharomycetales_Saccharomyces_cerevisiae_baker_s_yeast, Node1652*)",1759,-2.0169906638579935e-16,2.347597172229281,c1,branch_to_yeast
"(Eukaryota_Opisthokonta_Nucletmycea_Fungi_Dikarya_Ascomycota_Saccharomycotina_Saccharomycetes_Saccharomycetales_Saccharomyces_cerevisiae_baker_s_yeast, Node1652*)",1760,2.204415160258556,2.347597172229281,c1,branch_to_yeast
"(Eukaryota_Opisthokonta_Nucletmycea_Fungi_Dikarya_Ascomycota_Saccharomycotina_Saccharomycetes_Saccharomycetales_Saccharomyces_cerevisiae_baker_s_yeast, Node1652*)",1761,2.976253267401704,2.347597172229281,c1,branch_to_yeast
"(Eukaryota_Opisthokonta_Nucletmycea_Fungi_Dikarya_Ascomycota_Saccharomycotina_Saccharomycetes_Saccharomycetales_Saccharomyces_cerevisiae_baker_s_yeast, Node1652*)",1762,-1.3810896046784708e-16,2.347597172229281,c1,branch_to_yeast
"(Eukaryota_Opisthokonta_Nucletmycea_Fungi_Dikarya_Ascomycota_Saccharomycotina_Saccharomycetes_Saccharomycetales_Saccharomyces_cerevisiae_baker_s_yeast, Node1652*)",1763,-2.2371219296523653e-16,2.347597172229281,c1,branch_to_yeast
"(Eukaryota_Opisthokonta_Nucletmycea_Fungi_Dikarya_Ascomycota_Saccharomycotina_Saccharomycetes_Saccharomycetales_Saccharomyces_cerevisiae_baker_s_yeast, Node1652*)",1764,2.9747327073946592,1.889559500203874,c2,branch_to_yeast
"(Eukaryota_Opisthokonta_Nucletmycea_Fungi_Dikarya_Ascomycota_Saccharomycotina_Saccharomycetes_Saccharomycetales_Saccharomyces_cerevisiae_baker_s_yeast, Node1652*)",1765,3.3477171110772046,2.347597172229281,c1,branch_to_yeast
"(Eukaryota_Opisthokonta_Nucletmycea_Fungi_Dikarya_Ascomycota_Saccharomycotina_Saccharomycetes_Saccharomycetales_Saccharomyces_cerevisiae_baker_s_yeast, Node1652*)",1766,2.204415160258556,2.347597172229281,c1,branch_to_yeast
"(Eukaryota_Opisthokonta_Nucletmycea_Fungi_Dikarya_Ascomycota_Saccharomycotina_Saccharomycetes_Saccharomycetales_Saccharomyces_cerevisiae_baker_s_yeast, Node1652*)",1767,3.226901578830761e-16,2.347597172229281,c1,branch_to_yeast
"(Eukaryota_Opisthokonta_Nucletmycea_Fungi_Dikarya_Ascomycota_Saccharomycotina_Saccharomycetes_Saccharomycetales_Saccharomyces_cerevisiae_baker_s_yeast, Node1652*)",1768,3.3477171110772046,2.347597172229281,c1,branch_to_yeast
"(Eukaryota_Opisthokonta_Nucletmycea_Fungi_Dikarya_Ascomycota_Saccharomycotina_Saccharomycetes_Saccharomycetales_Saccharomyces_cerevisiae_baker_s_yeast, Node1652*)",1769,3.3477171110772046,2.347597172229281,c1,branch_to_yeast
"(Eukaryota_Opisthokonta_Nucletmycea_Fungi_Dikarya_Ascomycota_Saccharomycotina_Saccharomycetes_Saccharomycetales_Saccharomyces_cerevisiae_baker_s_yeast, Node1652*)",1770,3.3477171110772046,2.347597172229281,c1,branch_to_yeast
"(Eukaryota_Opisthokonta_Nucletmycea_Fungi_Dikarya_Ascomycota_Saccharomycotina_Saccharomycetes_Saccharomycetales_Saccharomyces_cerevisiae_baker_s_yeast, Node1652*)",1771,3.3737832924417805e-16,2.347597172229281,c1,branch_to_yeast
"(Eukaryota_Opisthokonta_Nucletmycea_Fungi_Dikarya_Ascomycota_Saccharomycotina_Saccharomycetes_Saccharomycetales_Saccharomyces_cerevisiae_baker_s_yeast, Node1652*)",1772,2.204415160258556,2.347597172229281,c1,branch_to_yeast
"(Eukaryota_Opisthokonta_Nucletmycea_Fungi_Dikarya_Ascomycota_Saccharomycotina_Saccharomycetes_Saccharomycetales_Saccharomyces_cerevisiae_baker_s_yeast, Node1652*)",1773,3.3477171110772046,2.347597172229281,c1,branch_to_yeast
"(Eukaryota_Opisthokonta_Nucletmycea_Fungi_Dikarya_Ascomycota_Saccharomycotina_Saccharomycetes_Saccharomycetales_Saccharomyces_cerevisiae_baker_s_yeast, Node1652*)",1774,3.3459213213490626,1.889559500203874,c2,branch_to_yeast
"(Eukaryota_Opisthokonta_Nucletmycea_Fungi_Dikarya_Ascomycota_Saccharomycotina_Saccharomycetes_Saccharomycetales_Saccharomyces_cerevisiae_baker_s_yeast, Node1652*)",1775,3.3459213213490626,1.889559500203874,c2,branch_to_yeast
"(Eukaryota_Opisthokonta_Nucletmycea_Fungi_Dikarya_Ascomycota_Saccharomycotina_Saccharomycetes_Saccharomycetales_Saccharomyces_cerevisiae_baker_s_yeast, Node1652*)",1776,-2.375559919387991e-16,2.347597172229281,c1,branch_to_yeast
"(Eukaryota_Opisthokonta_Nucletmycea_Fungi_Dikarya_Ascomycota_Saccharomycotina_Saccharomycetes_Saccharomycetales_Saccharomyces_cerevisiae_baker_s_yeast, Node1652*)",1777,2.649706160870048e-16,2.347597172229281,c1,branch_to_yeast
"(Eukaryota_Opisthokonta_Nucletmycea_Fungi_Dikarya_Ascomycota_Saccharomycotina_Saccharomycetes_Saccharomycetales_Saccharomyces_cerevisiae_baker_s_yeast, Node1652*)",1778,2.6130140116245835e-16,2.347597172229281,c1,branch_to_yeast
"(Eukaryota_Opisthokonta_Nucletmycea_Fungi_Dikarya_Ascomycota_Saccharomycotina_Saccharomycetes_Saccharomycetales_Saccharomyces_cerevisiae_baker_s_yeast, Node1652*)",1779,2.204415160258556,2.347597172229281,c1,branch_to_yeast
"(Eukaryota_Opisthokonta_Nucletmycea_Fungi_Dikarya_Ascomycota_Saccharomycotina_Saccharomycetes_Saccharomycetales_Saccharomyces_cerevisiae_baker_s_yeast, Node1652*)",1780,-3.224759905958042e-17,2.347597172229281,c1,branch_to_yeast
"(Eukaryota_Opisthokonta_Nucletmycea_Fungi_Dikarya_Ascomycota_Saccharomycotina_Saccharomycetes_Saccharomycetales_Saccharomyces_cerevisiae_baker_s_yeast, Node1652*)",1781,2.976253267401704,2.347597172229281,c1,branch_to_yeast
"(Eukaryota_Opisthokonta_Nucletmycea_Fungi_Dikarya_Ascomycota_Saccharomycotina_Saccharomycetes_Saccharomycetales_Saccharomyces_cerevisiae_baker_s_yeast, Node1652*)",1782,3.3477171110772046,2.347597172229281,c1,branch_to_yeast
"(Eukaryota_Opisthokonta_Nucletmycea_Fungi_Dikarya_Ascomycota_Saccharomycotina_Saccharomycetes_Saccharomycetales_Saccharomyces_cerevisiae_baker_s_yeast, Node1652*)",1783,2.976253267401704,2.347597172229281,c1,branch_to_yeast
"(Eukaryota_Opisthokonta_Nucletmycea_Fungi_Dikarya_Ascomycota_Saccharomycotina_Saccharomycetes_Saccharomycetales_Saccharomyces_cerevisiae_baker_s_yeast, Node1652*)",1784,3.3477171110772046,2.347597172229281,c1,branch_to_yeast
"(Eukaryota_Opisthokonta_Nucletmycea_Fungi_Dikarya_Ascomycota_Saccharomycotina_Saccharomycetes_Saccharomycetales_Saccharomyces_cerevisiae_baker_s_yeast, Node1652*)",1785,2.976253267401704,2.347597172229281,c1,branch_to_yeast
"(Eukaryota_Opisthokonta_Nucletmycea_Fungi_Dikarya_Ascomycota_Saccharomycotina_Saccharomycetes_Saccharomycetales_Saccharomyces_cerevisiae_baker_s_yeast, Node1652*)",1786,3.3477171110772046,2.347597172229281,c1,branch_to_yeast
"(Eukaryota_Opisthokonta_Nucletmycea_Fungi_Dikarya_Ascomycota_Saccharomycotina_Saccharomycetes_Saccharomycetales_Saccharomyces_cerevisiae_baker_s_yeast, Node1652*)",1787,3.3477171110772046,2.347597172229281,c1,branch_to_yeast
"(Eukaryota_Opisthokonta_Nucletmycea_Fungi_Dikarya_Ascomycota_Saccharomycotina_Saccharomycetes_Saccharomycetales_Saccharomyces_cerevisiae_baker_s_yeast, Node1652*)",1788,2.204415160258556,2.347597172229281,c1,branch_to_yeast
"(Eukaryota_Opisthokonta_Nucletmycea_Fungi_Dikarya_Ascomycota_Saccharomycotina_Saccharomycetes_Saccharomycetales_Saccharomyces_cerevisiae_baker_s_yeast, Node1652*)",1789,3.3477171110772046,2.347597172229281,c1,branch_to_yeast
"(Eukaryota_Opisthokonta_Nucletmycea_Fungi_Dikarya_Ascomycota_Saccharomycotina_Saccharomycetes_Saccharomycetales_Saccharomyces_cerevisiae_baker_s_yeast, Node1652*)",1790,3.3477171110772046,2.347597172229281,c1,branch_to_yeast
"(Eukaryota_Opisthokonta_Nucletmycea_Fungi_Dikarya_Ascomycota_Saccharomycotina_Saccharomycetes_Saccharomycetales_Saccharomyces_cerevisiae_baker_s_yeast, Node1652*)",1791,3.3477171110772046,2.347597172229281,c1,branch_to_yeast
"(Eukaryota_Opisthokonta_Nucletmycea_Fungi_Dikarya_Ascomycota_Saccharomycotina_Saccharomycetes_Saccharomycetales_Saccharomyces_cerevisiae_baker_s_yeast, Node1652*)",1792,2.204415160258556,2.347597172229281,c1,branch_to_yeast
"(Eukaryota_Opisthokonta_Nucletmycea_Fungi_Dikarya_Ascomycota_Saccharomycotina_Saccharomycetes_Saccharomycetales_Saccharomyces_cerevisiae_baker_s_yeast, Node1652*)",1793,-5.1816203469266525e-17,2.347597172229281,c1,branch_to_yeast
"(Eukaryota_Opisthokonta_Nucletmycea_Fungi_Dikarya_Ascomycota_Saccharomycotina_Saccharomycetes_Saccharomycetales_Saccharomyces_cerevisiae_baker_s_yeast, Node1652*)",1794,3.3477171110772046,2.347597172229281,c1,branch_to_yeast
"(Eukaryota_Opisthokonta_Nucletmycea_Fungi_Dikarya_Ascomycota_Saccharomycotina_Saccharomycetes_Saccharomycetales_Saccharomyces_cerevisiae_baker_s_yeast, Node1652*)",1795,2.204415160258556,2.347597172229281,c1,branch_to_yeast
"(Eukaryota_Opisthokonta_Nucletmycea_Fungi_Dikarya_Ascomycota_Saccharomycotina_Saccharomycetes_Saccharomycetales_Saccharomyces_cerevisiae_baker_s_yeast, Node1652*)",1796,3.3459213213490626,1.889559500203874,c2,branch_to_yeast
"(Eukaryota_Opisthokonta_Nucletmycea_Fungi_Dikarya_Ascomycota_Saccharomycotina_Saccharomycetes_Saccharomycetales_Saccharomyces_cerevisiae_baker_s_yeast, Node1652*)",1797,3.0593107786205854e-16,1.889559500203874,c2,branch_to_yeast
"(Eukaryota_Opisthokonta_Nucletmycea_Fungi_Dikarya_Ascomycota_Saccharomycotina_Saccharomycetes_Saccharomycetales_Saccharomyces_cerevisiae_baker_s_yeast, Node1652*)",1798,2.9747327073946592,1.889559500203874,c2,branch_to_yeast
"(Eukaryota_Opisthokonta_Nucletmycea_Fungi_Dikarya_Ascomycota_Saccharomycotina_Saccharomycetes_Saccharomycetales_Saccharomyces_cerevisiae_baker_s_yeast, Node1652*)",1799,2.2036494920422576,1.889559500203874,c2,branch_to_yeast
"(Eukaryota_Opisthokonta_Nucletmycea_Fungi_Dikarya_Ascomycota_Saccharomycotina_Saccharomycetes_Saccharomycetales_Saccharomyces_cerevisiae_baker_s_yeast, Node1652*)",1800,2.5206072864145423e-16,2.347597172229281,c1,branch_to_yeast
"(Eukaryota_Opisthokonta_Nucletmycea_Fungi_Dikarya_Ascomycota_Saccharomycotina_Saccharomycetes_Saccharomycetales_Saccharomyces_cerevisiae_baker_s_yeast, Node1652*)",1801,2.9747327073946592,1.889559500203874,c2,branch_to_yeast
"(Eukaryota_Opisthokonta_Nucletmycea_Fungi_Dikarya_Ascomycota_Saccharomycotina_Saccharomycetes_Saccharomycetales_Saccharomyces_cerevisiae_baker_s_yeast, Node1652*)",1802,3.3459213213490626,1.889559500203874,c2,branch_to_yeast
"(Eukaryota_Opisthokonta_Nucletmycea_Fungi_Dikarya_Ascomycota_Saccharomycotina_Saccharomycetes_Saccharomycetales_Saccharomyces_cerevisiae_baker_s_yeast, Node1652*)",1803,3.3459213213490626,1.889559500203874,c2,branch_to_yeast
"(Eukaryota_Opisthokonta_Nucletmycea_Fungi_Dikarya_Ascomycota_Saccharomycotina_Saccharomycetes_Saccharomycetales_Saccharomyces_cerevisiae_baker_s_yeast, Node1652*)",1804,2.2020190876113945,1.837175246384109,c3,branch_to_yeast
"(Eukaryota_Opisthokonta_Nucletmycea_Fungi_Dikarya_Ascomycota_Saccharomycotina_Saccharomycetes_Saccharomycetales_Saccharomyces_cerevisiae_baker_s_yeast, Node1652*)",1805,2.976253267401704,2.347597172229281,c1,branch_to_yeast
"(Eukaryota_Opisthokonta_Nucletmycea_Fungi_Dikarya_Ascomycota_Saccharomycotina_Saccharomycetes_Saccharomycetales_Saccharomyces_cerevisiae_baker_s_yeast, Node1652*)",1806,-1.6226833837902191e-16,2.347597172229281,c1,branch_to_yeast
"(Eukaryota_Opisthokonta_Nucletmycea_Fungi_Dikarya_Ascomycota_Saccharomycotina_Saccharomycetes_Saccharomycetales_Saccharomyces_cerevisiae_baker_s_yeast, Node1652*)",1807,-2.150514225945225e-16,1.889559500203874,c2,branch_to_yeast
"(Eukaryota_Opisthokonta_Nucletmycea_Fungi_Dikarya_Ascomycota_Saccharomycotina_Saccharomycetes_Saccharomycetales_Saccharomyces_cerevisiae_baker_s_yeast, Node1652*)",1808,2.2036494920422576,1.889559500203874,c2,branch_to_yeast
"(Eukaryota_Opisthokonta_Nucletmycea_Fungi_Dikarya_Ascomycota_Saccharomycotina_Saccharomycetes_Saccharomycetales_Saccharomyces_cerevisiae_baker_s_yeast, Node1652*)",1809,2.971494938007999,1.837175246384109,c3,branch_to_yeast
"(Eukaryota_Opisthokonta_Nucletmycea_Fungi_Dikarya_Ascomycota_Saccharomycotina_Saccharomycetes_Saccharomycetales_Saccharomyces_cerevisiae_baker_s_yeast, Node1652*)",1810,2.971494938007999,1.837175246384109,c3,branch_to_yeast
"(Eukaryota_Opisthokonta_Nucletmycea_Fungi_Dikarya_Ascomycota_Saccharomycotina_Saccharomycetes_Saccharomycetales_Saccharomyces_cerevisiae_baker_s_yeast, Node1652*)",1811,3.4884235415197125e-17,1.837175246384109,c3,branch_to_yeast
"(Eukaryota_Opisthokonta_Nucletmycea_Fungi_Dikarya_Ascomycota_Saccharomycotina_Saccharomycetes_Saccharomycetales_Saccharomyces_cerevisiae_baker_s_yeast, Node1652*)",1812,2.2020190876113945,1.837175246384109,c3,branch_to_yeast
"(Eukaryota_Opisthokonta_Nucletmycea_Fungi_Dikarya_Ascomycota_Saccharomycotina_Saccharomycetes_Saccharomycetales_Saccharomyces_cerevisiae_baker_s_yeast, Node1652*)",1813,2.2020190876113945,1.837175246384109,c3,branch_to_yeast
"(Eukaryota_Opisthokonta_Nucletmycea_Fungi_Dikarya_Ascomycota_Saccharomycotina_Saccharomycetes_Saccharomycetales_Saccharomyces_cerevisiae_baker_s_yeast, Node1652*)",1814,3.3421000322333803,1.837175246384109,c3,branch_to_yeast
"(Eukaryota_Opisthokonta_Nucletmycea_Fungi_Dikarya_Ascomycota_Saccharomycotina_Saccharomycetes_Saccharomycetales_Saccharomyces_cerevisiae_baker_s_yeast, Node1652*)",1815,-8.043363211114968e-17,1.837175246384109,c3,branch_to_yeast
"(Eukaryota_Opisthokonta_Nucletmycea_Fungi_Dikarya_Ascomycota_Saccharomycotina_Saccharomycetes_Saccharomycetales_Saccharomyces_cerevisiae_baker_s_yeast, Node1652*)",1816,-2.0153481403834559e-16,1.837175246384109,c3,branch_to_yeast
"(Eukaryota_Opisthokonta_Nucletmycea_Fungi_Dikarya_Ascomycota_Saccharomycotina_Saccharomycetes_Saccharomycetales_Saccharomyces_cerevisiae_baker_s_yeast, Node1652*)",1817,2.9747327073946592,1.889559500203874,c2,branch_to_yeast
"(Eukaryota_Opisthokonta_Nucletmycea_Fungi_Dikarya_Ascomycota_Saccharomycotina_Saccharomycetes_Saccharomycetales_Saccharomyces_cerevisiae_baker_s_yeast, Node1652*)",1818,2.2036494920422576,1.889559500203874,c2,branch_to_yeast
"(Eukaryota_Opisthokonta_Nucletmycea_Fungi_Dikarya_Ascomycota_Saccharomycotina_Saccharomycetes_Saccharomycetales_Saccharomyces_cerevisiae_baker_s_yeast, Node1652*)",1819,5.5440535360283465e-17,1.889559500203874,c2,branch_to_yeast
"(Eukaryota_Opisthokonta_Nucletmycea_Fungi_Dikarya_Ascomycota_Saccharomycotina_Saccharomycetes_Saccharomycetales_Saccharomyces_cerevisiae_baker_s_yeast, Node1652*)",1820,2.2036494920422576,1.889559500203874,c2,branch_to_yeast
"(Eukaryota_Opisthokonta_Nucletmycea_Fungi_Dikarya_Ascomycota_Saccharomycotina_Saccharomycetes_Saccharomycetales_Saccharomyces_cerevisiae_baker_s_yeast, Node1652*)",1821,2.976253267401704,2.347597172229281,c1,branch_to_yeast
"(Eukaryota_Opisthokonta_Nucletmycea_Fungi_Dikarya_Ascomycota_Saccharomycotina_Saccharomycetes_Saccharomycetales_Saccharomyces_cerevisiae_baker_s_yeast, Node1652*)",1822,7.119369916347419e-17,1.889559500203874,c2,branch_to_yeast
"(Eukaryota_Opisthokonta_Nucletmycea_Fungi_Dikarya_Ascomycota_Saccharomycotina_Saccharomycetes_Saccharomycetales_Saccharomyces_cerevisiae_baker_s_yeast, Node1652*)",1823,2.2036494920422576,1.889559500203874,c2,branch_to_yeast
"(Eukaryota_Opisthokonta_Nucletmycea_Fungi_Dikarya_Ascomycota_Saccharomycotina_Saccharomycetes_Saccharomycetales_Saccharomyces_cerevisiae_baker_s_yeast, Node1652*)",1824,2.2020190876113945,1.837175246384109,c3,branch_to_yeast
"(Eukaryota_Opisthokonta_Nucletmycea_Fungi_Dikarya_Ascomycota_Saccharomycotina_Saccharomycetes_Saccharomycetales_Saccharomyces_cerevisiae_baker_s_yeast, Node1652*)",1825,3.3421000322333803,1.837175246384109,c3,branch_to_yeast
"(Eukaryota_Opisthokonta_Nucletmycea_Fungi_Dikarya_Ascomycota_Saccharomycotina_Saccharomycetes_Saccharomycetales_Saccharomyces_cerevisiae_baker_s_yeast, Node1652*)",1826,3.3421000322333803,1.837175246384109,c3,branch_to_yeast
"(Eukaryota_Opisthokonta_Nucletmycea_Fungi_Dikarya_Ascomycota_Saccharomycotina_Saccharomycetes_Saccharomycetales_Saccharomyces_cerevisiae_baker_s_yeast, Node1652*)",1827,-7.093887661385412e-17,1.01655548421231,c4,branch_to_yeast
"(Eukaryota_Opisthokonta_Nucletmycea_Fungi_Dikarya_Ascomycota_Saccharomycotina_Saccharomycetes_Saccharomycetales_Saccharomyces_cerevisiae_baker_s_yeast, Node1652*)",1828,3.3421000322333803,1.837175246384109,c3,branch_to_yeast
"(Eukaryota_Opisthokonta_Nucletmycea_Fungi_Dikarya_Ascomycota_Saccharomycotina_Saccharomycetes_Saccharomycetales_Saccharomyces_cerevisiae_baker_s_yeast, Node1652*)",1829,-2.145647746112853e-18,1.837175246384109,c3,branch_to_yeast
"(Eukaryota_Opisthokonta_Nucletmycea_Fungi_Dikarya_Ascomycota_Saccharomycotina_Saccharomycetes_Saccharomycetales_Saccharomyces_cerevisiae_baker_s_yeast, Node1652*)",1830,2.9610622710287644,1.01655548421231,c4,branch_to_yeast
"(Eukaryota_Opisthokonta_Nucletmycea_Fungi_Dikarya_Ascomycota_Saccharomycotina_Saccharomycetes_Saccharomycetales_Saccharomyces_cerevisiae_baker_s_yeast, Node1652*)",1831,2.2020190876113945,1.837175246384109,c3,branch_to_yeast
"(Eukaryota_Opisthokonta_Nucletmycea_Fungi_Dikarya_Ascomycota_Saccharomycotina_Saccharomycetes_Saccharomycetales_Saccharomyces_cerevisiae_baker_s_yeast, Node1652*)",1832,2.2020190876113945,1.837175246384109,c3,branch_to_yeast
"(Eukaryota_Opisthokonta_Nucletmycea_Fungi_Dikarya_Ascomycota_Saccharomycotina_Saccharomycetes_Saccharomycetales_Saccharomyces_cerevisiae_baker_s_yeast, Node1652*)",1833,2.971494938007999,1.837175246384109,c3,branch_to_yeast
"(Eukaryota_Opisthokonta_Nucletmycea_Fungi_Dikarya_Ascomycota_Saccharomycotina_Saccharomycetes_Saccharomycetales_Saccharomyces_cerevisiae_baker_s_yeast, Node1652*)",1834,6.671724659375326e-17,1.889559500203874,c2,branch_to_yeast
"(Eukaryota_Opisthokonta_Nucletmycea_Fungi_Dikarya_Ascomycota_Saccharomycotina_Saccharomycetes_Saccharomycetales_Saccharomyces_cerevisiae_baker_s_yeast, Node1652*)",1835,2.970309608773291e-16,1.889559500203874,c2,branch_to_yeast
"(Eukaryota_Opisthokonta_Nucletmycea_Fungi_Dikarya_Ascomycota_Saccharomycotina_Saccharomycetes_Saccharomycetales_Saccharomyces_cerevisiae_baker_s_yeast, Node1652*)",1836,-2.2695870178994643e-16,1.889559500203874,c2,branch_to_yeast
"(Eukaryota_Opisthokonta_Nucletmycea_Fungi_Dikarya_Ascomycota_Saccharomycotina_Saccharomycetes_Saccharomycetales_Saccharomyces_cerevisiae_baker_s_yeast, Node1652*)",1837,3.3421000322211563,1.837175246384109,c3,branch_to_yeast
"(Eukaryota_Opisthokonta_Nucletmycea_Fungi_Dikarya_Ascomycota_Saccharomycotina_Saccharomycetes_Saccharomycetales_Saccharomyces_cerevisiae_baker_s_yeast, Node1652*)",1838,-2.1086737250577078e-16,1.01655548421231,c4,branch_to_yeast
"(Eukaryota_Opisthokonta_Nucletmycea_Fungi_Dikarya_Ascomycota_Saccharomycotina_Saccharomycetes_Saccharomycetales_Saccharomyces_cerevisiae_baker_s_yeast, Node1652*)",1839,2.1967652049440844,1.01655548421231,c4,branch_to_yeast
"(Eukaryota_Opisthokonta_Nucletmycea_Fungi_Dikarya_Ascomycota_Saccharomycotina_Saccharomycetes_Saccharomycetales_Saccharomyces_cerevisiae_baker_s_yeast, Node1652*)",1840,3.329810638949626,1.01655548421231,c4,branch_to_yeast
"(Eukaryota_Opisthokonta_Nucletmycea_Fungi_Dikarya_Ascomycota_Saccharomycotina_Saccharomycetes_Saccharomycetales_Saccharomyces_cerevisiae_baker_s_yeast, Node1652*)",1841,-1.7000585247505132e-16,1.01655548421231,c4,branch_to_yeast
"(Eukaryota_Opisthokonta_Nucletmycea_Fungi_Dikarya_Ascomycota_Saccharomycotina_Saccharomycetes_Saccharomycetales_Saccharomyces_cerevisiae_baker_s_yeast, Node1652*)",1842,-1.5047518656874306e-16,1.01655548421231,c4,branch_to_yeast
"(Eukaryota_Opisthokonta_Nucletmycea_Fungi_Dikarya_Ascomycota_Saccharomycotina_Saccharomycetes_Saccharomycetales_Saccharomyces_cerevisiae_baker_s_yeast, Node1652*)",1843,2.9610622710287644,1.01655548421231,c4,branch_to_yeast
"(Eukaryota_Opisthokonta_Nucletmycea_Fungi_Dikarya_Ascomycota_Saccharomycotina_Saccharomycetes_Saccharomycetales_Saccharomyces_cerevisiae_baker_s_yeast, Node1652*)",1844,2.1967652049440844,1.01655548421231,c4,branch_to_yeast
"(Eukaryota_Opisthokonta_Nucletmycea_Fungi_Dikarya_Ascomycota_Saccharomycotina_Saccharomycetes_Saccharomycetales_Saccharomyces_cerevisiae_baker_s_yeast, Node1652*)",1845,2.9610622710287644,1.01655548421231,c4,branch_to_yeast
"(Eukaryota_Opisthokonta_Nucletmycea_Fungi_Dikarya_Ascomycota_Saccharomycotina_Saccharomycetes_Saccharomycetales_Saccharomyces_cerevisiae_baker_s_yeast, Node1652*)",1846,2.1967652016359613,1.01655548421231,c4,branch_to_yeast
"(Eukaryota_Opisthokonta_Nucletmycea_Fungi_Dikarya_Ascomycota_Saccharomycotina_Saccharomycetes_Saccharomycetales_Saccharomyces_cerevisiae_baker_s_yeast, Node1652*)",1847,2.9610622254486296,1.01655548421231,c4,branch_to_yeast
"(Eukaryota_Opisthokonta_Nucletmycea_Fungi_Dikarya_Ascomycota_Saccharomycotina_Saccharomycetes_Saccharomycetales_Saccharomyces_cerevisiae_baker_s_yeast, Node1652*)",1848,2.9610622710287644,1.01655548421231,c4,branch_to_yeast
"(Eukaryota_Opisthokonta_Nucletmycea_Fungi_Dikarya_Ascomycota_Saccharomycotina_Saccharomycetes_Saccharomycetales_Saccharomyces_cerevisiae_baker_s_yeast, Node1652*)",1849,2.1967652049440844,1.01655548421231,c4,branch_to_yeast
"(Eukaryota_Opisthokonta_Nucletmycea_Fungi_Dikarya_Ascomycota_Saccharomycotina_Saccharomycetes_Saccharomycetales_Saccharomyces_cerevisiae_baker_s_yeast, Node1652*)",1850,2.1967652029129434,1.01655548421231,c4,branch_to_yeast
"(Eukaryota_Opisthokonta_Nucletmycea_Fungi_Dikarya_Ascomycota_Saccharomycotina_Saccharomycetes_Saccharomycetales_Saccharomyces_cerevisiae_baker_s_yeast, Node1652*)",1851,2.1967652049440844,1.01655548421231,c4,branch_to_yeast
"(Eukaryota_Opisthokonta_Nucletmycea_Fungi_Dikarya_Ascomycota_Saccharomycotina_Saccharomycetes_Saccharomycetales_Saccharomyces_cerevisiae_baker_s_yeast, Node1652*)",1852,2.1967652049440844,1.01655548421231,c4,branch_to_yeast
"(Eukaryota_Opisthokonta_Nucletmycea_Fungi_Dikarya_Ascomycota_Saccharomycotina_Saccharomycetes_Saccharomycetales_Saccharomyces_cerevisiae_baker_s_yeast, Node1652*)",1853,2.1967652049440844,1.01655548421231,c4,branch_to_yeast
"(Eukaryota_Opisthokonta_Nucletmycea_Fungi_Dikarya_Ascomycota_Saccharomycotina_Saccharomycetes_Saccharomycetales_Saccharomyces_cerevisiae_baker_s_yeast, Node1652*)",1854,3.329810638949626,1.01655548421231,c4,branch_to_yeast
"(Eukaryota_Opisthokonta_Nucletmycea_Fungi_Dikarya_Ascomycota_Saccharomycotina_Saccharomycetes_Saccharomycetales_Saccharomyces_cerevisiae_baker_s_yeast, Node1652*)",1855,2.9610622254486296,1.01655548421231,c4,branch_to_yeast
"(Eukaryota_Opisthokonta_Nucletmycea_Fungi_Dikarya_Ascomycota_Saccharomycotina_Saccharomycetes_Saccharomycetales_Saccharomyces_cerevisiae_baker_s_yeast, Node1652*)",1856,2.9610622710287644,1.01655548421231,c4,branch_to_yeast
"(Eukaryota_Opisthokonta_Nucletmycea_Fungi_Dikarya_Ascomycota_Saccharomycotina_Saccharomycetes_Saccharomycetales_Saccharomyces_cerevisiae_baker_s_yeast, Node1652*)",1857,3.329810638949626,1.01655548421231,c4,branch_to_yeast
"(Eukaryota_Opisthokonta_Nucletmycea_Fungi_Dikarya_Ascomycota_Saccharomycotina_Saccharomycetes_Saccharomycetales_Saccharomyces_cerevisiae_baker_s_yeast, Node1652*)",1858,-1.7827024105205164e-16,1.01655548421231,c4,branch_to_yeast
"(Eukaryota_Opisthokonta_Nucletmycea_Fungi_Dikarya_Ascomycota_Saccharomycotina_Saccharomycetes_Saccharomycetales_Saccharomyces_cerevisiae_baker_s_yeast, Node1652*)",1859,3.329810638619402,1.01655548421231,c4,branch_to_yeast
"(Eukaryota_Opisthokonta_Nucletmycea_Fungi_Dikarya_Ascomycota_Saccharomycotina_Saccharomycetes_Saccharomycetales_Saccharomyces_cerevisiae_baker_s_yeast, Node1652*)",1860,3.329810638949626,1.01655548421231,c4,branch_to_yeast
"(Eukaryota_Opisthokonta_Nucletmycea_Fungi_Dikarya_Ascomycota_Saccharomycotina_Saccharomycetes_Saccharomycetales_Saccharomyces_cerevisiae_baker_s_yeast, Node1652*)",1861,2.9610622710287644,1.01655548421231,c4,branch_to_yeast
"(Eukaryota_Opisthokonta_Nucletmycea_Fungi_Dikarya_Ascomycota_Saccharomycotina_Saccharomycetes_Saccharomycetales_Saccharomyces_cerevisiae_baker_s_yeast, Node1652*)",1862,-2.3614432460464824e-16,1.01655548421231,c4,branch_to_yeast
"(Eukaryota_Opisthokonta_Nucletmycea_Fungi_Dikarya_Ascomycota_Saccharomycotina_Saccharomycetes_Saccharomycetales_Saccharomyces_cerevisiae_baker_s_yeast, Node1652*)",1863,3.3298106387448403,1.01655548421231,c4,branch_to_yeast
"(Eukaryota_Opisthokonta_Nucletmycea_Fungi_Dikarya_Ascomycota_Saccharomycotina_Saccharomycetes_Saccharomycetales_Saccharomyces_cerevisiae_baker_s_yeast, Node1652*)",1864,-1.9075264850718226e-16,1.01655548421231,c4,branch_to_yeast
"(Eukaryota_Opisthokonta_Nucletmycea_Fungi_Dikarya_Ascomycota_Saccharomycotina_Saccharomycetes_Saccharomycetales_Saccharomyces_cerevisiae_baker_s_yeast, Node1652*)",1865,3.329810638619402,1.01655548421231,c4,branch_to_yeast
"(Eukaryota_Opisthokonta_Nucletmycea_Fungi_Dikarya_Ascomycota_Saccharomycotina_Saccharomycetes_Saccharomycetales_Saccharomyces_cerevisiae_baker_s_yeast, Node1652*)",1866,2.9610622693361224,1.01655548421231,c4,branch_to_yeast
"(Eukaryota_Opisthokonta_Nucletmycea_Fungi_Dikarya_Ascomycota_Saccharomycotina_Saccharomycetes_Saccharomycetales_Saccharomyces_cerevisiae_baker_s_yeast, Node1652*)",1867,2.1967652049440844,1.01655548421231,c4,branch_to_yeast
"(Eukaryota_Opisthokonta_Nucletmycea_Fungi_Dikarya_Ascomycota_Saccharomycotina_Saccharomycetes_Saccharomycetales_Saccharomyces_cerevisiae_baker_s_yeast, Node1652*)",1868,2.9610622710287644,1.01655548421231,c4,branch_to_yeast
"(Eukaryota_Opisthokonta_Nucletmycea_Fungi_Dikarya_Ascomycota_Saccharomycotina_Saccharomycetes_Saccharomycetales_Saccharomyces_cerevisiae_baker_s_yeast, Node1652*)",1869,2.1967652049440844,1.01655548421231,c4,branch_to_yeast
"(Eukaryota_Opisthokonta_Nucletmycea_Fungi_Dikarya_Ascomycota_Saccharomycotina_Saccharomycetes_Saccharomycetales_Saccharomyces_cerevisiae_baker_s_yeast, Node1652*)",1870,3.329810638949626,1.01655548421231,c4,branch_to_yeast
"(Eukaryota_Opisthokonta_Nucletmycea_Fungi_Dikarya_Ascomycota_Saccharomycotina_Saccharomycetes_Saccharomycetales_Saccharomyces_cerevisiae_baker_s_yeast, Node1652*)",1871,2.1967652049440844,1.01655548421231,c4,branch_to_yeast
"(Eukaryota_Opisthokonta_Nucletmycea_Fungi_Dikarya_Ascomycota_Saccharomycotina_Saccharomycetes_Saccharomycetales_Saccharomyces_cerevisiae_baker_s_yeast, Node1652*)",1872,2.2020190873921317,1.837175246384109,c3,branch_to_yeast
"(Eukaryota_Opisthokonta_Nucletmycea_Fungi_Dikarya_Ascomycota_Saccharomycotina_Saccharomycetes_Saccharomycetales_Saccharomyces_cerevisiae_baker_s_yeast, Node1652*)",1873,2.9747327073946592,1.889559500203874,c2,branch_to_yeast
"(Eukaryota_Opisthokonta_Nucletmycea_Fungi_Dikarya_Ascomycota_Saccharomycotina_Saccharomycetes_Saccharomycetales_Saccharomyces_cerevisiae_baker_s_yeast, Node1652*)",1874,6.398197069151919e-18,1.837175246384109,c3,branch_to_yeast
"(Eukaryota_Opisthokonta_Nucletmycea_Fungi_Dikarya_Ascomycota_Saccharomycotina_Saccharomycetes_Saccharomycetales_Saccharomyces_cerevisiae_baker_s_yeast, Node1652*)",1875,2.2020190876113945,1.837175246384109,c3,branch_to_yeast
"(Eukaryota_Opisthokonta_Nucletmycea_Fungi_Dikarya_Ascomycota_Saccharomycotina_Saccharomycetes_Saccharomycetales_Saccharomyces_cerevisiae_baker_s_yeast, Node1652*)",1876,2.971494938007999,1.837175246384109,c3,branch_to_yeast
"(Eukaryota_Opisthokonta_Nucletmycea_Fungi_Dikarya_Ascomycota_Saccharomycotina_Saccharomycetes_Saccharomycetales_Saccharomyces_cerevisiae_baker_s_yeast, Node1652*)",1877,2.971494938007999,1.837175246384109,c3,branch_to_yeast
"(Eukaryota_Opisthokonta_Nucletmycea_Fungi_Dikarya_Ascomycota_Saccharomycotina_Saccharomycetes_Saccharomycetales_Saccharomyces_cerevisiae_baker_s_yeast, Node1652*)",1878,-2.4078810534632277e-16,1.837175246384109,c3,branch_to_yeast
"(Eukaryota_Opisthokonta_Nucletmycea_Fungi_Dikarya_Ascomycota_Saccharomycotina_Saccharomycetes_Saccharomycetales_Saccharomyces_cerevisiae_baker_s_yeast, Node1652*)",1879,-2.3970700091424557e-16,1.837175246384109,c3,branch_to_yeast
"(Eukaryota_Opisthokonta_Nucletmycea_Fungi_Dikarya_Ascomycota_Saccharomycotina_Saccharomycetes_Saccharomycetales_Saccharomyces_cerevisiae_baker_s_yeast, Node1652*)",1880,-1.3697122239725472e-16,1.01655548421231,c4,branch_to_yeast
"(Eukaryota_Opisthokonta_Nucletmycea_Fungi_Dikarya_Ascomycota_Saccharomycotina_Saccharomycetes_Saccharomycetales_Saccharomyces_cerevisiae_baker_s_yeast, Node1652*)",1881,2.2020190876113945,1.837175246384109,c3,branch_to_yeast
"(Eukaryota_Opisthokonta_Nucletmycea_Fungi_Dikarya_Ascomycota_Saccharomycotina_Saccharomycetes_Saccharomycetales_Saccharomyces_cerevisiae_baker_s_yeast, Node1652*)",1882,2.2020190876113945,1.837175246384109,c3,branch_to_yeast
"(Eukaryota_Opisthokonta_Nucletmycea_Fungi_Dikarya_Ascomycota_Saccharomycotina_Saccharomycetes_Saccharomycetales_Saccharomyces_cerevisiae_baker_s_yeast, Node1652*)",1883,2.9714949374303044,1.837175246384109,c3,branch_to_yeast
"(Eukaryota_Opisthokonta_Nucletmycea_Fungi_Dikarya_Ascomycota_Saccharomycotina_Saccharomycetes_Saccharomycetales_Saccharomyces_cerevisiae_baker_s_yeast, Node1652*)",1884,3.3459213213490626,1.889559500203874,c2,branch_to_yeast
"(Eukaryota_Opisthokonta_Nucletmycea_Fungi_Dikarya_Ascomycota_Saccharomycotina_Saccharomycetes_Saccharomycetales_Saccharomyces_cerevisiae_baker_s_yeast, Node1652*)",1885,2.971494938007999,1.837175246384109,c3,branch_to_yeast
"(Eukaryota_Opisthokonta_Nucletmycea_Fungi_Dikarya_Ascomycota_Saccharomycotina_Saccharomycetes_Saccharomycetales_Saccharomyces_cerevisiae_baker_s_yeast, Node1652*)",1886,2.976253267401704,2.347597172229281,c1,branch_to_yeast
"(Eukaryota_Opisthokonta_Nucletmycea_Fungi_Dikarya_Ascomycota_Saccharomycotina_Saccharomycetes_Saccharomycetales_Saccharomyces_cerevisiae_baker_s_yeast, Node1652*)",1887,2.9747327073946592,1.889559500203874,c2,branch_to_yeast
"(Eukaryota_Opisthokonta_Nucletmycea_Fungi_Dikarya_Ascomycota_Saccharomycotina_Saccharomycetes_Saccharomycetales_Saccharomyces_cerevisiae_baker_s_yeast, Node1652*)",1888,3.3459213213490626,1.889559500203874,c2,branch_to_yeast
"(Eukaryota_Opisthokonta_Nucletmycea_Fungi_Dikarya_Ascomycota_Saccharomycotina_Saccharomycetes_Saccharomycetales_Saccharomyces_cerevisiae_baker_s_yeast, Node1652*)",1889,-1.9100925294927767e-16,1.889559500203874,c2,branch_to_yeast
"(Eukaryota_Opisthokonta_Nucletmycea_Fungi_Dikarya_Ascomycota_Saccharomycotina_Saccharomycetes_Saccharomycetales_Saccharomyces_cerevisiae_baker_s_yeast, Node1652*)",1890,-2.2724935662367016e-16,1.889559500203874,c2,branch_to_yeast
"(Eukaryota_Opisthokonta_Nucletmycea_Fungi_Dikarya_Ascomycota_Saccharomycotina_Saccharomycetes_Saccharomycetales_Saccharomyces_cerevisiae_baker_s_yeast, Node1652*)",1891,2.2020190876113945,1.837175246384109,c3,branch_to_yeast
"(Eukaryota_Opisthokonta_Nucletmycea_Fungi_Dikarya_Ascomycota_Saccharomycotina_Saccharomycetes_Saccharomycetales_Saccharomyces_cerevisiae_baker_s_yeast, Node1652*)",1892,2.2020190876113945,1.837175246384109,c3,branch_to_yeast
"(Eukaryota_Opisthokonta_Nucletmycea_Fungi_Dikarya_Ascomycota_Saccharomycotina_Saccharomycetes_Saccharomycetales_Saccharomyces_cerevisiae_baker_s_yeast, Node1652*)",1893,-3.447877696047732e-17,1.837175246384109,c3,branch_to_yeast
"(Eukaryota_Opisthokonta_Nucletmycea_Fungi_Dikarya_Ascomycota_Saccharomycotina_Saccharomycetes_Saccharomycetales_Saccharomyces_cerevisiae_baker_s_yeast, Node1652*)",1894,3.3421000322333803,1.837175246384109,c3,branch_to_yeast
"(Eukaryota_Opisthokonta_Nucletmycea_Fungi_Dikarya_Ascomycota_Saccharomycotina_Saccharomycetes_Saccharomycetales_Saccharomyces_cerevisiae_baker_s_yeast, Node1652*)",1895,2.971494938007999,1.837175246384109,c3,branch_to_yeast
"(Eukaryota_Opisthokonta_Nucletmycea_Fungi_Dikarya_Ascomycota_Saccharomycotina_Saccharomycetes_Saccharomycetales_Saccharomyces_cerevisiae_baker_s_yeast, Node1652*)",1896,-1.0966241362745715e-16,1.837175246384109,c3,branch_to_yeast
"(Eukaryota_Opisthokonta_Nucletmycea_Fungi_Dikarya_Ascomycota_Saccharomycotina_Saccharomycetes_Saccharomycetales_Saccharomyces_cerevisiae_baker_s_yeast, Node1652*)",1897,-1.9788921136275504e-16,1.837175246384109,c3,branch_to_yeast
"(Eukaryota_Opisthokonta_Nucletmycea_Fungi_Dikarya_Ascomycota_Saccharomycotina_Saccharomycetes_Saccharomycetales_Saccharomyces_cerevisiae_baker_s_yeast, Node1652*)",1898,-9.228991819705051e-17,1.837175246384109,c3,branch_to_yeast
"(Eukaryota_Opisthokonta_Nucletmycea_Fungi_Dikarya_Ascomycota_Saccharomycotina_Saccharomycetes_Saccharomycetales_Saccharomyces_cerevisiae_baker_s_yeast, Node1652*)",1899,2.9747327073946592,1.889559500203874,c2,branch_to_yeast
"(Eukaryota_Opisthokonta_Nucletmycea_Fungi_Dikarya_Ascomycota_Saccharomycotina_Saccharomycetes_Saccharomycetales_Saccharomyces_cerevisiae_baker_s_yeast, Node1652*)",1900,2.2020190876113945,1.837175246384109,c3,branch_to_yeast
"(Eukaryota_Opisthokonta_Nucletmycea_Fungi_Dikarya_Ascomycota_Saccharomycotina_Saccharomycetes_Saccharomycetales_Saccharomyces_cerevisiae_baker_s_yeast, Node1652*)",1901,2.976253267401704,2.347597172229281,c1,branch_to_yeast
"(Eukaryota_Opisthokonta_Nucletmycea_Fungi_Dikarya_Ascomycota_Saccharomycotina_Saccharomycetes_Saccharomycetales_Saccharomyces_cerevisiae_baker_s_yeast, Node1652*)",1902,2.2036494920422576,1.889559500203874,c2,branch_to_yeast
"(Eukaryota_Opisthokonta_Nucletmycea_Fungi_Dikarya_Ascomycota_Saccharomycotina_Saccharomycetes_Saccharomycetales_Saccharomyces_cerevisiae_baker_s_yeast, Node1652*)",1903,2.2036494920422576,1.889559500203874,c2,branch_to_yeast
"(Eukaryota_Opisthokonta_Nucletmycea_Fungi_Dikarya_Ascomycota_Saccharomycotina_Saccharomycetes_Saccharomycetales_Saccharomyces_cerevisiae_baker_s_yeast, Node1652*)",1904,2.9747327073946592,1.889559500203874,c2,branch_to_yeast
"(Eukaryota_Opisthokonta_Nucletmycea_Fungi_Dikarya_Ascomycota_Saccharomycotina_Saccharomycetes_Saccharomycetales_Saccharomyces_cerevisiae_baker_s_yeast, Node1652*)",1905,2.9747327073946592,1.889559500203874,c2,branch_to_yeast
"(Eukaryota_Opisthokonta_Nucletmycea_Fungi_Dikarya_Ascomycota_Saccharomycotina_Saccharomycetes_Saccharomycetales_Saccharomyces_cerevisiae_baker_s_yeast, Node1652*)",1906,3.3459213213490626,1.889559500203874,c2,branch_to_yeast
"(Eukaryota_Opisthokonta_Nucletmycea_Fungi_Dikarya_Ascomycota_Saccharomycotina_Saccharomycetes_Saccharomycetales_Saccharomyces_cerevisiae_baker_s_yeast, Node1652*)",1907,-2.4390531851718876e-16,1.889559500203874,c2,branch_to_yeast
"(Eukaryota_Opisthokonta_Nucletmycea_Fungi_Dikarya_Ascomycota_Saccharomycotina_Saccharomycetes_Saccharomycetales_Saccharomyces_cerevisiae_baker_s_yeast, Node1652*)",1908,2.9747327073946592,1.889559500203874,c2,branch_to_yeast
"(Eukaryota_Opisthokonta_Nucletmycea_Fungi_Dikarya_Ascomycota_Saccharomycotina_Saccharomycetes_Saccharomycetales_Saccharomyces_cerevisiae_baker_s_yeast, Node1652*)",1909,2.9747327073946592,1.889559500203874,c2,branch_to_yeast
"(Eukaryota_Opisthokonta_Nucletmycea_Fungi_Dikarya_Ascomycota_Saccharomycotina_Saccharomycetes_Saccharomycetales_Saccharomyces_cerevisiae_baker_s_yeast, Node1652*)",1910,2.976253267401704,2.347597172229281,c1,branch_to_yeast
"(Eukaryota_Opisthokonta_Nucletmycea_Fungi_Dikarya_Ascomycota_Saccharomycotina_Saccharomycetes_Saccharomycetales_Saccharomyces_cerevisiae_baker_s_yeast, Node1652*)",1911,2.976253267401704,2.347597172229281,c1,branch_to_yeast
"(Eukaryota_Opisthokonta_Nucletmycea_Fungi_Dikarya_Ascomycota_Saccharomycotina_Saccharomycetes_Saccharomycetales_Saccharomyces_cerevisiae_baker_s_yeast, Node1652*)",1912,2.204415160258556,2.347597172229281,c1,branch_to_yeast
"(Eukaryota_Opisthokonta_Nucletmycea_Fungi_Dikarya_Ascomycota_Saccharomycotina_Saccharomycetes_Saccharomycetales_Saccharomyces_cerevisiae_baker_s_yeast, Node1652*)",1913,3.153643584776849e-16,2.347597172229281,c1,branch_to_yeast
"(Eukaryota_Opisthokonta_Nucletmycea_Fungi_Dikarya_Ascomycota_Saccharomycotina_Saccharomycetes_Saccharomycetales_Saccharomyces_cerevisiae_baker_s_yeast, Node1652*)",1914,3.3477171110772046,2.347597172229281,c1,branch_to_yeast
"(Eukaryota_Opisthokonta_Nucletmycea_Fungi_Dikarya_Ascomycota_Saccharomycotina_Saccharomycetes_Saccharomycetales_Saccharomyces_cerevisiae_baker_s_yeast, Node1652*)",1915,2.204415160258556,2.347597172229281,c1,branch_to_yeast
"(Eukaryota_Opisthokonta_Nucletmycea_Fungi_Dikarya_Ascomycota_Saccharomycotina_Saccharomycetes_Saccharomycetales_Saccharomyces_cerevisiae_baker_s_yeast, Node1652*)",1916,3.3382243758614196e-16,2.347597172229281,c1,branch_to_yeast
"(Eukaryota_Opisthokonta_Nucletmycea_Fungi_Dikarya_Ascomycota_Saccharomycotina_Saccharomycetes_Saccharomycetales_Saccharomyces_cerevisiae_baker_s_yeast, Node1652*)",1917,2.976253267401704,2.347597172229281,c1,branch_to_yeast
"(Eukaryota_Opisthokonta_Nucletmycea_Fungi_Dikarya_Ascomycota_Saccharomycotina_Saccharomycetes_Saccharomycetales_Saccharomyces_cerevisiae_baker_s_yeast, Node1652*)",1918,2.976253267401704,2.347597172229281,c1,branch_to_yeast
"(Eukaryota_Opisthokonta_Nucletmycea_Fungi_Dikarya_Ascomycota_Saccharomycotina_Saccharomycetes_Saccharomycetales_Saccharomyces_cerevisiae_baker_s_yeast, Node1652*)",1919,3.3477171110772046,2.347597172229281,c1,branch_to_yeast
"(Eukaryota_Opisthokonta_Nucletmycea_Fungi_Dikarya_Ascomycota_Saccharomycotina_Saccharomycetes_Saccharomycetales_Saccharomyces_cerevisiae_baker_s_yeast, Node1652*)",1920,2.976253267401704,2.347597172229281,c1,branch_to_yeast
"(Eukaryota_Opisthokonta_Nucletmycea_Fungi_Dikarya_Ascomycota_Saccharomycotina_Saccharomycetes_Saccharomycetales_Saccharomyces_cerevisiae_baker_s_yeast, Node1652*)",1921,2.976253267401704,2.347597172229281,c1,branch_to_yeast
"(Eukaryota_Opisthokonta_Nucletmycea_Fungi_Dikarya_Ascomycota_Saccharomycotina_Saccharomycetes_Saccharomycetales_Saccharomyces_cerevisiae_baker_s_yeast, Node1652*)",1922,2.204415160258556,2.347597172229281,c1,branch_to_yeast
"(Eukaryota_Opisthokonta_Nucletmycea_Fungi_Dikarya_Ascomycota_Saccharomycotina_Saccharomycetes_Saccharomycetales_Saccharomyces_cerevisiae_baker_s_yeast, Node1652*)",1923,2.204415160258556,2.347597172229281,c1,branch_to_yeast
"(Eukaryota_Opisthokonta_Nucletmycea_Fungi_Dikarya_Ascomycota_Saccharomycotina_Saccharomycetes_Saccharomycetales_Saccharomyces_cerevisiae_baker_s_yeast, Node1652*)",1924,1.740518594080866e-16,2.347597172229281,c1,branch_to_yeast
"(Eukaryota_Opisthokonta_Nucletmycea_Fungi_Dikarya_Ascomycota_Saccharomycotina_Saccharomycetes_Saccharomycetales_Saccharomyces_cerevisiae_baker_s_yeast, Node1652*)",1925,-2.2635443984182433e-16,1.889559500203874,c2,branch_to_yeast
"(Eukaryota_Opisthokonta_Nucletmycea_Fungi_Dikarya_Ascomycota_Saccharomycotina_Saccharomycetes_Saccharomycetales_Saccharomyces_cerevisiae_baker_s_yeast, Node1652*)",1926,3.395008034606401e-17,1.889559500203874,c2,branch_to_yeast
"(Eukaryota_Opisthokonta_Nucletmycea_Fungi_Dikarya_Ascomycota_Saccharomycotina_Saccharomycetes_Saccharomycetales_Saccharomyces_cerevisiae_baker_s_yeast, Node1652*)",1927,3.3477171110772046,2.347597172229281,c1,branch_to_yeast
"(Eukaryota_Opisthokonta_Nucletmycea_Fungi_Dikarya_Ascomycota_Saccharomycotina_Saccharomycetes_Saccharomycetales_Saccharomyces_cerevisiae_baker_s_yeast, Node1652*)",1928,3.3459213213490617,1.889559500203874,c2,branch_to_yeast
"(Eukaryota_Opisthokonta_Nucletmycea_Fungi_Dikarya_Ascomycota_Saccharomycotina_Saccharomycetes_Saccharomycetales_Saccharomyces_cerevisiae_baker_s_yeast, Node1652*)",1929,2.203649492042258,1.889559500203874,c2,branch_to_yeast
"(Eukaryota_Opisthokonta_Nucletmycea_Fungi_Dikarya_Ascomycota_Saccharomycotina_Saccharomycetes_Saccharomycetales_Saccharomyces_cerevisiae_baker_s_yeast, Node1652*)",1930,-2.4727312687683474e-16,2.347597172229281,c1,branch_to_yeast
"(Eukaryota_Opisthokonta_Nucletmycea_Fungi_Dikarya_Ascomycota_Saccharomycotina_Saccharomycetes_Saccharomycetales_Saccharomyces_cerevisiae_baker_s_yeast, Node1652*)",1931,2.976253267401704,2.347597172229281,c1,branch_to_yeast
"(Eukaryota_Opisthokonta_Nucletmycea_Fungi_Dikarya_Ascomycota_Saccharomycotina_Saccharomycetes_Saccharomycetales_Saccharomyces_cerevisiae_baker_s_yeast, Node1652*)",1932,2.203649492042258,1.889559500203874,c2,branch_to_yeast
"(Eukaryota_Opisthokonta_Nucletmycea_Fungi_Dikarya_Ascomycota_Saccharomycotina_Saccharomycetes_Saccharomycetales_Saccharomyces_cerevisiae_baker_s_yeast, Node1652*)",1933,2.203649492042258,1.889559500203874,c2,branch_to_yeast
"(Eukaryota_Opisthokonta_Nucletmycea_Fungi_Dikarya_Ascomycota_Saccharomycotina_Saccharomycetes_Saccharomycetales_Saccharomyces_cerevisiae_baker_s_yeast, Node1652*)",1934,3.064608437398587e-16,1.889559500203874,c2,branch_to_yeast
"(Eukaryota_Opisthokonta_Nucletmycea_Fungi_Dikarya_Ascomycota_Saccharomycotina_Saccharomycetes_Saccharomycetales_Saccharomyces_cerevisiae_baker_s_yeast, Node1652*)",1935,2.204415160258556,2.347597172229281,c1,branch_to_yeast
"(Eukaryota_Opisthokonta_Nucletmycea_Fungi_Dikarya_Ascomycota_Saccharomycotina_Saccharomycetes_Saccharomycetales_Saccharomyces_cerevisiae_baker_s_yeast, Node1652*)",1936,2.976253267401704,2.347597172229281,c1,branch_to_yeast
"(Eukaryota_Opisthokonta_Nucletmycea_Fungi_Dikarya_Ascomycota_Saccharomycotina_Saccharomycetes_Saccharomycetales_Saccharomyces_cerevisiae_baker_s_yeast, Node1652*)",1937,2.976253267401704,2.347597172229281,c1,branch_to_yeast
"(Eukaryota_Opisthokonta_Nucletmycea_Fungi_Dikarya_Ascomycota_Saccharomycotina_Saccharomycetes_Saccharomycetales_Saccharomyces_cerevisiae_baker_s_yeast, Node1652*)",1938,3.3459213213490617,1.889559500203874,c2,branch_to_yeast
"(Eukaryota_Opisthokonta_Nucletmycea_Fungi_Dikarya_Ascomycota_Saccharomycotina_Saccharomycetes_Saccharomycetales_Saccharomyces_cerevisiae_baker_s_yeast, Node1652*)",1939,3.3459213213490617,1.889559500203874,c2,branch_to_yeast
"(Eukaryota_Opisthokonta_Nucletmycea_Fungi_Dikarya_Ascomycota_Saccharomycotina_Saccharomycetes_Saccharomycetales_Saccharomyces_cerevisiae_baker_s_yeast, Node1652*)",1940,3.3801300845970717e-16,2.347597172229281,c1,branch_to_yeast
"(Eukaryota_Opisthokonta_Nucletmycea_Fungi_Dikarya_Ascomycota_Saccharomycotina_Saccharomycetes_Saccharomycetales_Saccharomyces_cerevisiae_baker_s_yeast, Node1652*)",1941,2.204415160258556,2.347597172229281,c1,branch_to_yeast
"(Eukaryota_Opisthokonta_Nucletmycea_Fungi_Dikarya_Ascomycota_Saccharomycotina_Saccharomycetes_Saccharomycetales_Saccharomyces_cerevisiae_baker_s_yeast, Node1652*)",1942,3.3459213213490617,1.889559500203874,c2,branch_to_yeast
"(Eukaryota_Opisthokonta_Nucletmycea_Fungi_Dikarya_Ascomycota_Saccharomycotina_Saccharomycetes_Saccharomycetales_Saccharomyces_cerevisiae_baker_s_yeast, Node1652*)",1943,2.203649492042258,1.889559500203874,c2,branch_to_yeast
"(Eukaryota_Opisthokonta_Nucletmycea_Fungi_Dikarya_Ascomycota_Saccharomycotina_Saccharomycetes_Saccharomycetales_Saccharomyces_cerevisiae_baker_s_yeast, Node1652*)",1944,2.203649492042258,1.889559500203874,c2,branch_to_yeast
"(Eukaryota_Opisthokonta_Nucletmycea_Fungi_Dikarya_Ascomycota_Saccharomycotina_Saccharomycetes_Saccharomycetales_Saccharomyces_cerevisiae_baker_s_yeast, Node1652*)",1945,2.9747327073946592,1.889559500203874,c2,branch_to_yeast
"(Eukaryota_Opisthokonta_Nucletmycea_Fungi_Dikarya_Ascomycota_Saccharomycotina_Saccharomycetes_Saccharomycetales_Saccharomyces_cerevisiae_baker_s_yeast, Node1652*)",1946,2.9747327073946592,1.889559500203874,c2,branch_to_yeast
"(Eukaryota_Opisthokonta_Nucletmycea_Fungi_Dikarya_Ascomycota_Saccharomycotina_Saccharomycetes_Saccharomycetales_Saccharomyces_cerevisiae_baker_s_yeast, Node1652*)",1947,2.203649492042258,1.889559500203874,c2,branch_to_yeast
"(Node1612*, Node77*)",1,-0.8673489713337132,0.9674483230781173,c2,branch_to_eukaryota
"(Node1612*, Node77*)",2,2.1462931066246886,2.2941500647941577,c1,branch_to_eukaryota
"(Node1612*, Node77*)",3,0.034873509950677,0.9674483230781173,c2,branch_to_eukaryota
"(Node1612*, Node77*)",4,2.138847471904527,2.2941500647941577,c1,branch_to_eukaryota
"(Node1612*, Node77*)",5,1.5946819023819614,2.2941500647941577,c1,branch_to_eukaryota
"(Node1612*, Node77*)",6,0.7849961031912933,2.2941500647941577,c1,branch_to_eukaryota
"(Node1612*, Node77*)",7,2.8616998209726865,2.2941500647941577,c1,branch_to_eukaryota
"(Node1612*, Node77*)",8,2.1388481394857664,2.2941500647941577,c1,branch_to_eukaryota
"(Node1612*, Node77*)",9,2.848320868667619,2.2941500647941577,c1,branch_to_eukaryota
"(Node1612*, Node77*)",10,1.2088916396589138,2.2941500647941577,c1,branch_to_eukaryota
"(Node1612*, Node77*)",11,2.522556335611769,0.9674483230781173,c2,branch_to_eukaryota
"(Node1612*, Node77*)",12,2.5267558697601205,0.9674483230781173,c2,branch_to_eukaryota
"(Node1612*, Node77*)",13,-0.9504641634807508,2.2941500647941577,c1,branch_to_eukaryota
"(Node1612*, Node77*)",14,1.7996017728231273,0.9674483230781173,c2,branch_to_eukaryota
"(Node1612*, Node77*)",15,1.9810153055646809,2.2941500647941577,c1,branch_to_eukaryota
"(Node1612*, Node77*)",16,3.198082302383508,2.2941500647941577,c1,branch_to_eukaryota
"(Node1612*, Node77*)",17,-0.2206269040938273,2.2941500647941577,c1,branch_to_eukaryota
"(Node1612*, Node77*)",18,1.4639293179954047,2.2941500647941577,c1,branch_to_eukaryota
"(Node1612*, Node77*)",19,1.5917260040671175,2.2941500647941577,c1,branch_to_eukaryota
"(Node1612*, Node77*)",20,1.6362303579324071,2.2941500647941577,c1,branch_to_eukaryota
"(Node1612*, Node77*)",21,0.6417745498190466,0.9674483230781173,c2,branch_to_eukaryota
"(Node1612*, Node77*)",22,0.2439031482123498,0.9674483230781173,c2,branch_to_eukaryota
"(Node1612*, Node77*)",23,-1.0567944594053504e-13,0.9674483230781173,c2,branch_to_eukaryota
"(Node1612*, Node77*)",24,-0.214787435723403,0.9674483230781173,c2,branch_to_eukaryota
"(Node1612*, Node77*)",25,-5.414208313349532e-14,0.9674483230781173,c2,branch_to_eukaryota
"(Node1612*, Node77*)",26,-0.8723410126717354,2.2941500647941577,c1,branch_to_eukaryota
"(Node1612*, Node77*)",27,-0.2534042725609725,2.2941500647941577,c1,branch_to_eukaryota
"(Node1612*, Node77*)",28,3.198319819451332,2.2941500647941577,c1,branch_to_eukaryota
"(Node1612*, Node77*)",29,2.0934987696512755,2.2941500647941577,c1,branch_to_eukaryota
"(Node1612*, Node77*)",30,3.1984852832571224,2.2941500647941577,c1,branch_to_eukaryota
"(Node1612*, Node77*)",31,-0.700651400524189,2.2941500647941577,c1,branch_to_eukaryota
"(Node1612*, Node77*)",32,2.950243953744245e-14,0.9674483230781173,c2,branch_to_eukaryota
"(Node1612*, Node77*)",33,-1.0115949078713309,2.2941500647941577,c1,branch_to_eukaryota
"(Node1612*, Node77*)",34,-0.9144391086614138,0.9674483230781173,c2,branch_to_eukaryota
"(Node1612*, Node77*)",35,-0.3340216573542616,0.9674483230781173,c2,branch_to_eukaryota
"(Node1612*, Node77*)",36,-0.9719917864698956,0.9674483230781173,c2,branch_to_eukaryota
"(Node1612*, Node77*)",37,-0.3920296274034398,0.9674483230781173,c2,branch_to_eukaryota
"(Node1612*, Node77*)",38,-0.9946874091773388,0.9674483230781173,c2,branch_to_eukaryota
"(Node1612*, Node77*)",39,-7.500330986396407e-14,2.2941500647941577,c1,branch_to_eukaryota
"(Node1612*, Node77*)",40,-0.9964223250168068,0.9674483230781173,c2,branch_to_eukaryota
"(Node1612*, Node77*)",41,-0.9099962302101507,2.2941500647941577,c1,branch_to_eukaryota
"(Node1612*, Node77*)",42,-0.8213836421689001,0.9674483230781173,c2,branch_to_eukaryota
"(Node1612*, Node77*)",43,2.229874133177583,0.9674483230781173,c2,branch_to_eukaryota
"(Node1612*, Node77*)",44,1.3140692922887265,0.280118289015922,c3,branch_to_eukaryota
"(Node1612*, Node77*)",45,0.621332471316058,2.2941500647941577,c1,branch_to_eukaryota
"(Node1612*, Node77*)",46,2.2383702331541144,0.9674483230781173,c2,branch_to_eukaryota
"(Node1612*, Node77*)",47,2.8487725060008864,2.2941500647941577,c1,branch_to_eukaryota
"(Node1612*, Node77*)",48,1.7228177124001636,0.9674483230781173,c2,branch_to_eukaryota
"(Node1612*, Node77*)",49,2.516041205467359,0.9674483230781173,c2,branch_to_eukaryota
"(Node1612*, Node77*)",50,3.198485283257124,2.2941500647941577,c1,branch_to_eukaryota
"(Node1612*, Node77*)",51,2.8487725060008864,2.2941500647941577,c1,branch_to_eukaryota
"(Node1612*, Node77*)",52,-0.7819380542130728,2.2941500647941577,c1,branch_to_eukaryota
"(Node1612*, Node77*)",53,2.139189114513368,2.2941500647941577,c1,branch_to_eukaryota
"(Node1612*, Node77*)",54,3.1984852802082697,2.2941500647941577,c1,branch_to_eukaryota
"(Node1612*, Node77*)",55,2.8278138975962928,2.2941500647941577,c1,branch_to_eukaryota
"(Node1612*, Node77*)",56,2.6108140737217385,2.2941500647941577,c1,branch_to_eukaryota
"(Node1612*, Node77*)",57,2.139189114513368,2.2941500647941577,c1,branch_to_eukaryota
"(Node1612*, Node77*)",58,2.9253152396006987,2.2941500647941577,c1,branch_to_eukaryota
"(Node1612*, Node77*)",59,2.376525804836231,0.9674483230781173,c2,branch_to_eukaryota
"(Node1612*, Node77*)",60,-0.8169194473990139,0.9674483230781173,c2,branch_to_eukaryota
"(Node1612*, Node77*)",61,0.3469503691213853,0.280118289015922,c3,branch_to_eukaryota
"(Node1612*, Node77*)",62,0.3301239687061791,0.280118289015922,c3,branch_to_eukaryota
"(Node1612*, Node77*)",63,-0.3456008001009877,0.9674483230781173,c2,branch_to_eukaryota
"(Node1612*, Node77*)",64,-0.2802226345199875,0.9674483230781173,c2,branch_to_eukaryota
"(Node1612*, Node77*)",65,-1.6196747754186927e-16,0.0020438828458006,c4,branch_to_eukaryota
"(Node1612*, Node77*)",66,-0.02853582314224,0.0020438828458006,c4,branch_to_eukaryota
"(Node1612*, Node77*)",67,0.0588728444788592,0.0020438828458006,c4,branch_to_eukaryota
"(Node1612*, Node77*)",68,0.3968722746545204,0.280118289015922,c3,branch_to_eukaryota
"(Node1612*, Node77*)",69,0.0148456068395453,0.0020438828458006,c4,branch_to_eukaryota
"(Node1612*, Node77*)",70,-0.0451491400009871,0.0020438828458006,c4,branch_to_eukaryota
"(Node1612*, Node77*)",71,0.0447993211672413,0.0020438828458006,c4,branch_to_eukaryota
"(Node1612*, Node77*)",72,-0.011970888051741,0.0020438828458006,c4,branch_to_eukaryota
"(Node1612*, Node77*)",73,-2.805075368949084e-18,0.0020438828458006,c4,branch_to_eukaryota
"(Node1612*, Node77*)",74,-2.0569864531216924e-16,0.0020438828458006,c4,branch_to_eukaryota
"(Node1612*, Node77*)",75,-1.1682488457425143e-16,0.0020438828458006,c4,branch_to_eukaryota
"(Node1612*, Node77*)",76,-2.2093280201410355e-16,0.0020438828458006,c4,branch_to_eukaryota
"(Node1612*, Node77*)",77,-2.2229581771625123e-16,0.0020438828458006,c4,branch_to_eukaryota
"(Node1612*, Node77*)",78,4.253231342910303e-16,0.0020438828458006,c4,branch_to_eukaryota
"(Node1612*, Node77*)",79,9.414196539062855e-16,0.0020438828458006,c4,branch_to_eukaryota
"(Node1612*, Node77*)",80,-3.3324451099119564e-16,0.0020438828458006,c4,branch_to_eukaryota
"(Node1612*, Node77*)",81,-8.379782577930016e-16,0.0020438828458006,c4,branch_to_eukaryota
"(Node1612*, Node77*)",82,2.6202778435935836e-16,0.0020438828458006,c4,branch_to_eukaryota
"(Node1612*, Node77*)",83,4.837908724981326e-16,0.0020438828458006,c4,branch_to_eukaryota
"(Node1612*, Node77*)",84,-3.828975218873943e-16,0.0020438828458006,c4,branch_to_eukaryota
"(Node1612*, Node77*)",85,8.666646013694302e-16,0.0020438828458006,c4,branch_to_eukaryota
"(Node1612*, Node77*)",86,-0.0060374738514845,0.0020438828458006,c4,branch_to_eukaryota
"(Node1612*, Node77*)",87,-0.0613121447012082,0.0020438828458006,c4,branch_to_eukaryota
"(Node1612*, Node77*)",88,0.0026731607460828,0.0020438828458006,c4,branch_to_eukaryota
"(Node1612*, Node77*)",89,0.3430759960145978,0.280118289015922,c3,branch_to_eukaryota
"(Node1612*, Node77*)",90,0.0021155705569891,0.0020438828458006,c4,branch_to_eukaryota
"(Node1612*, Node77*)",91,0.59470333200763,0.280118289015922,c3,branch_to_eukaryota
"(Node1612*, Node77*)",92,-0.3550248730469834,0.280118289015922,c3,branch_to_eukaryota
"(Node1612*, Node77*)",93,-5.36880513723823e-16,0.0020438828458006,c4,branch_to_eukaryota
"(Node1612*, Node77*)",94,4.132233704820647e-16,0.0020438828458006,c4,branch_to_eukaryota
"(Node1612*, Node77*)",95,-6.258187847434827e-16,0.0020438828458006,c4,branch_to_eukaryota
"(Node1612*, Node77*)",96,-7.080444607743719e-16,0.0020438828458006,c4,branch_to_eukaryota
"(Node1612*, Node77*)",97,4.784150118948584e-16,0.0020438828458006,c4,branch_to_eukaryota
"(Node1612*, Node77*)",98,-2.729548076073477e-16,0.0020438828458006,c4,branch_to_eukaryota
"(Node1612*, Node77*)",99,-1.0363865920291546e-15,0.0020438828458006,c4,branch_to_eukaryota
"(Node1612*, Node77*)",100,-3.7623716656062374e-16,0.0020438828458006,c4,branch_to_eukaryota
"(Node1612*, Node77*)",101,-2.9908056036902846e-16,0.0020438828458006,c4,branch_to_eukaryota
"(Node1612*, Node77*)",102,-2.055613968982165e-16,0.0020438828458006,c4,branch_to_eukaryota
"(Node1612*, Node77*)",103,-6.713631032975253e-17,0.0020438828458006,c4,branch_to_eukaryota
"(Node1612*, Node77*)",104,-1.7788888139786606e-16,0.0020438828458006,c4,branch_to_eukaryota
"(Node1612*, Node77*)",105,-1.9811857641577536e-16,0.0020438828458006,c4,branch_to_eukaryota
"(Node1612*, Node77*)",106,0.0755227793056579,0.280118289015922,c3,branch_to_eukaryota
"(Node1612*, Node77*)",107,0.0815799903283264,0.0020438828458006,c4,branch_to_eukaryota
"(Node1612*, Node77*)",108,0.0201306877071575,0.0020438828458006,c4,branch_to_eukaryota
"(Node1612*, Node77*)",109,-0.0477325136563907,0.0020438828458006,c4,branch_to_eukaryota
"(Node1612*, Node77*)",110,0.0267228232942067,0.0020438828458006,c4,branch_to_eukaryota
"(Node1612*, Node77*)",111,0.045816458967316,0.0020438828458006,c4,branch_to_eukaryota
"(Node1612*, Node77*)",112,0.0066658549421148,0.0020438828458006,c4,branch_to_eukaryota
"(Node1612*, Node77*)",113,0.0901438873373502,0.9674483230781173,c2,branch_to_eukaryota
"(Node1612*, Node77*)",114,0.0436183573634255,0.9674483230781173,c2,branch_to_eukaryota
"(Node1612*, Node77*)",115,1.4947134795115091,0.280118289015922,c3,branch_to_eukaryota
"(Node1612*, Node77*)",116,-0.0322833307694525,0.9674483230781173,c2,branch_to_eukaryota
"(Node1612*, Node77*)",117,2.1391891120755844,2.2941500647941577,c1,branch_to_eukaryota
"(Node1612*, Node77*)",118,3.198485267455093,2.2941500647941577,c1,branch_to_eukaryota
"(Node1612*, Node77*)",119,1.8046851526032968,0.9674483230781173,c2,branch_to_eukaryota
"(Node1612*, Node77*)",120,0.0461465198473773,0.280118289015922,c3,branch_to_eukaryota
"(Node1612*, Node77*)",121,2.8487725060008864,2.2941500647941577,c1,branch_to_eukaryota
"(Node1612*, Node77*)",122,2.442250504686799,0.9674483230781173,c2,branch_to_eukaryota
"(Node1612*, Node77*)",123,1.6607870758582366,0.9674483230781173,c2,branch_to_eukaryota
"(Node1612*, Node77*)",124,2.139189114513368,2.2941500647941577,c1,branch_to_eukaryota
"(Node1612*, Node77*)",125,3.183524540717636,2.2941500647941577,c1,branch_to_eukaryota
"(Node1612*, Node77*)",126,-0.8609283222631382,2.2941500647941577,c1,branch_to_eukaryota
"(Node1612*, Node77*)",127,2.3304051746674808,2.2941500647941577,c1,branch_to_eukaryota
"(Node1612*, Node77*)",128,2.1884510390503147,0.9674483230781173,c2,branch_to_eukaryota
"(Node1612*, Node77*)",129,1.2498652022717027,2.2941500647941577,c1,branch_to_eukaryota
"(Node1612*, Node77*)",130,1.9982653578917935,2.2941500647941577,c1,branch_to_eukaryota
"(Node1612*, Node77*)",131,2.8487725060008864,2.2941500647941577,c1,branch_to_eukaryota
"(Node1612*, Node77*)",132,-0.8762303837784507,0.9674483230781173,c2,branch_to_eukaryota
"(Node1612*, Node77*)",133,-0.9957976612787016,0.9674483230781173,c2,branch_to_eukaryota
"(Node1612*, Node77*)",134,0.8853444392656981,0.280118289015922,c3,branch_to_eukaryota
"(Node1612*, Node77*)",135,2.5362992409682525,0.9674483230781173,c2,branch_to_eukaryota
"(Node1612*, Node77*)",136,0.7425005105063514,0.9674483230781173,c2,branch_to_eukaryota
"(Node1612*, Node77*)",137,-0.9921068996836878,2.2941500647941577,c1,branch_to_eukaryota
"(Node1612*, Node77*)",138,-0.2218778505718374,0.280118289015922,c3,branch_to_eukaryota
"(Node1612*, Node77*)",139,-0.0364064682299654,0.9674483230781173,c2,branch_to_eukaryota
"(Node1612*, Node77*)",140,0.3172962947289981,0.280118289015922,c3,branch_to_eukaryota
"(Node1612*, Node77*)",141,0.2241881815562824,0.9674483230781173,c2,branch_to_eukaryota
"(Node1612*, Node77*)",142,-0.7823894767553355,0.280118289015922,c3,branch_to_eukaryota
"(Node1612*, Node77*)",143,5.562990289092291e-14,0.9674483230781173,c2,branch_to_eukaryota
"(Node1612*, Node77*)",144,1.9271153711398648,2.2941500647941577,c1,branch_to_eukaryota
"(Node1612*, Node77*)",145,0.0970249314409079,0.280118289015922,c3,branch_to_eukaryota
"(Node1612*, Node77*)",146,1.4945821028252189,0.280118289015922,c3,branch_to_eukaryota
"(Node1612*, Node77*)",147,0.7903758040523707,2.2941500647941577,c1,branch_to_eukaryota
"(Node1612*, Node77*)",148,0.0527164136381654,0.0020438828458006,c4,branch_to_eukaryota
"(Node1612*, Node77*)",149,2.444223987334179,0.9674483230781173,c2,branch_to_eukaryota
"(Node1612*, Node77*)",150,-1.007497685657674,2.2941500647941577,c1,branch_to_eukaryota
"(Node1612*, Node77*)",151,0.1651747160720727,0.280118289015922,c3,branch_to_eukaryota
"(Node1612*, Node77*)",152,0.0117083295474906,0.0020438828458006,c4,branch_to_eukaryota
"(Node1612*, Node77*)",153,-0.0477392462955081,0.0020438828458006,c4,branch_to_eukaryota
"(Node1612*, Node77*)",154,-0.0790290108093208,0.0020438828458006,c4,branch_to_eukaryota
"(Node1612*, Node77*)",155,1.0574575493407063,0.280118289015922,c3,branch_to_eukaryota
"(Node1612*, Node77*)",156,1.0516898580535972,0.280118289015922,c3,branch_to_eukaryota
"(Node1612*, Node77*)",157,2.6468227657587094e-13,0.9674483230781173,c2,branch_to_eukaryota
"(Node1612*, Node77*)",158,-1.5896230559736528e-15,0.0020438828458006,c4,branch_to_eukaryota
"(Node1612*, Node77*)",159,-2.5988881796139183e-14,0.280118289015922,c3,branch_to_eukaryota
"(Node1612*, Node77*)",160,1.9408323542706432e-16,0.0020438828458006,c4,branch_to_eukaryota
"(Node1612*, Node77*)",161,6.434793695175797e-14,0.280118289015922,c3,branch_to_eukaryota
"(Node1612*, Node77*)",162,2.438477178657835e-13,0.9674483230781173,c2,branch_to_eukaryota
"(Node1612*, Node77*)",163,3.5673007661412667e-13,0.9674483230781173,c2,branch_to_eukaryota
"(Node1612*, Node77*)",164,0.1804819072691743,0.280118289015922,c3,branch_to_eukaryota
"(Node1612*, Node77*)",165,0.2855842481421966,0.280118289015922,c3,branch_to_eukaryota
"(Node1612*, Node77*)",166,0.0613559009521593,0.0020438828458006,c4,branch_to_eukaryota
"(Node1612*, Node77*)",167,-0.6800712403929525,0.280118289015922,c3,branch_to_eukaryota
"(Node1612*, Node77*)",168,1.8047192906202083,0.9674483230781173,c2,branch_to_eukaryota
"(Node1612*, Node77*)",169,1.0708458020118474,0.280118289015922,c3,branch_to_eukaryota
"(Node1612*, Node77*)",170,2.8487725060008864,2.2941500647941577,c1,branch_to_eukaryota
"(Node1612*, Node77*)",171,2.379343862337892,0.9674483230781173,c2,branch_to_eukaryota
"(Node1612*, Node77*)",172,2.8487725060008864,2.2941500647941577,c1,branch_to_eukaryota
"(Node1612*, Node77*)",173,0.1519864070372656,0.280118289015922,c3,branch_to_eukaryota
"(Node1612*, Node77*)",174,2.536299240835945,0.9674483230781173,c2,branch_to_eukaryota
"(Node1612*, Node77*)",175,0.1441239995895477,0.0020438828458006,c4,branch_to_eukaryota
"(Node1612*, Node77*)",176,-0.1079713060825279,0.0020438828458006,c4,branch_to_eukaryota
"(Node1612*, Node77*)",177,0.1125107521775389,0.0020438828458006,c4,branch_to_eukaryota
"(Node1612*, Node77*)",178,0.1092944635421083,0.0020438828458006,c4,branch_to_eukaryota
"(Node1612*, Node77*)",179,1.0662218347388015,0.280118289015922,c3,branch_to_eukaryota
"(Node1612*, Node77*)",180,-0.977285767134028,2.2941500647941577,c1,branch_to_eukaryota
"(Node1612*, Node77*)",181,2.8487725060008864,2.2941500647941577,c1,branch_to_eukaryota
"(Node1612*, Node77*)",182,2.8487725060008864,2.2941500647941577,c1,branch_to_eukaryota
"(Node1612*, Node77*)",183,-1.0076006097552055,2.2941500647941577,c1,branch_to_eukaryota
"(Node1612*, Node77*)",184,-8.140951551903326e-14,0.9674483230781173,c2,branch_to_eukaryota
"(Node1612*, Node77*)",185,1.4902966467556729,0.280118289015922,c3,branch_to_eukaryota
"(Node1612*, Node77*)",186,-0.0186869599647994,0.0020438828458006,c4,branch_to_eukaryota
"(Node1612*, Node77*)",187,0.1105833514509761,0.0020438828458006,c4,branch_to_eukaryota
"(Node1612*, Node77*)",188,0.1110102076476305,0.0020438828458006,c4,branch_to_eukaryota
"(Node1612*, Node77*)",189,0.0593276564299195,0.0020438828458006,c4,branch_to_eukaryota
"(Node1612*, Node77*)",190,1.0708458130729857,0.280118289015922,c3,branch_to_eukaryota
"(Node1612*, Node77*)",191,1.4625608055873065,0.280118289015922,c3,branch_to_eukaryota
"(Node1612*, Node77*)",192,2.846271243242229,2.2941500647941577,c1,branch_to_eukaryota
"(Node1612*, Node77*)",193,2.8487725060008864,2.2941500647941577,c1,branch_to_eukaryota
"(Node1612*, Node77*)",194,2.8487725060008864,2.2941500647941577,c1,branch_to_eukaryota
"(Node1612*, Node77*)",195,-0.1466017711552216,0.9674483230781173,c2,branch_to_eukaryota
"(Node1612*, Node77*)",196,-0.0540630937289571,0.280118289015922,c3,branch_to_eukaryota
"(Node1612*, Node77*)",197,2.53629924015822,0.9674483230781173,c2,branch_to_eukaryota
"(Node1612*, Node77*)",198,-0.8075910799673428,0.280118289015922,c3,branch_to_eukaryota
"(Node1612*, Node77*)",199,0.7124860748882442,0.280118289015922,c3,branch_to_eukaryota
"(Node1612*, Node77*)",200,0.6651879537473985,0.280118289015922,c3,branch_to_eukaryota
"(Node1612*, Node77*)",201,-1.0077062988852226,0.9674483230781173,c2,branch_to_eukaryota
"(Node1612*, Node77*)",202,-1.0097446889599997,2.2941500647941577,c1,branch_to_eukaryota
"(Node1612*, Node77*)",203,-0.5835907517499664,0.280118289015922,c3,branch_to_eukaryota
"(Node1612*, Node77*)",204,0.0010432269517934,0.0020438828458006,c4,branch_to_eukaryota
"(Node1612*, Node77*)",205,-1.2323936606171788e-15,0.0020438828458006,c4,branch_to_eukaryota
"(Node1612*, Node77*)",206,0.0176152819885621,0.0020438828458006,c4,branch_to_eukaryota
"(Node1612*, Node77*)",207,-0.032670312012338,0.0020438828458006,c4,branch_to_eukaryota
"(Node1612*, Node77*)",208,0.0037767891249016,0.0020438828458006,c4,branch_to_eukaryota
"(Node1612*, Node77*)",209,0.0100047915331355,0.0020438828458006,c4,branch_to_eukaryota
"(Node1612*, Node77*)",210,0.1279988920788354,0.0020438828458006,c4,branch_to_eukaryota
"(Node1612*, Node77*)",211,-0.1070023304140841,0.0020438828458006,c4,branch_to_eukaryota
"(Node1612*, Node77*)",212,-0.0394291547593826,0.0020438828458006,c4,branch_to_eukaryota
"(Node1612*, Node77*)",213,0.0433899496006839,0.0020438828458006,c4,branch_to_eukaryota
"(Node1612*, Node77*)",214,0.1747665283033383,0.280118289015922,c3,branch_to_eukaryota
"(Node1612*, Node77*)",215,-0.000207689338747,0.0020438828458006,c4,branch_to_eukaryota
"(Node1612*, Node77*)",216,-0.0018223578858895,0.0020438828458006,c4,branch_to_eukaryota
"(Node1612*, Node77*)",217,-0.3461297705499789,0.280118289015922,c3,branch_to_eukaryota
"(Node1612*, Node77*)",218,-0.0350423197312566,0.0020438828458006,c4,branch_to_eukaryota
"(Node1612*, Node77*)",219,-0.0074368235930215,0.0020438828458006,c4,branch_to_eukaryota
"(Node1612*, Node77*)",220,0.1583163473603811,0.0020438828458006,c4,branch_to_eukaryota
"(Node1612*, Node77*)",221,-0.117725435707551,0.280118289015922,c3,branch_to_eukaryota
"(Node1612*, Node77*)",222,0.1534500111237175,0.9674483230781173,c2,branch_to_eukaryota
"(Node1612*, Node77*)",223,0.8326045748041077,0.280118289015922,c3,branch_to_eukaryota
"(Node1612*, Node77*)",224,-0.1159912540337061,0.0020438828458006,c4,branch_to_eukaryota
"(Node1612*, Node77*)",225,0.1140002432160021,0.280118289015922,c3,branch_to_eukaryota
"(Node1612*, Node77*)",226,0.2398973742311939,0.280118289015922,c3,branch_to_eukaryota
"(Node1612*, Node77*)",227,-0.0560124894046695,0.0020438828458006,c4,branch_to_eukaryota
"(Node1612*, Node77*)",228,0.4361656603782974,0.280118289015922,c3,branch_to_eukaryota
"(Node1612*, Node77*)",229,0.1060811418951672,0.0020438828458006,c4,branch_to_eukaryota
"(Node1612*, Node77*)",230,-0.0375247917331682,0.0020438828458006,c4,branch_to_eukaryota
"(Node1612*, Node77*)",231,-0.0009572814478246,0.0020438828458006,c4,branch_to_eukaryota
"(Node1612*, Node77*)",232,0.012662284852467,0.0020438828458006,c4,branch_to_eukaryota
"(Node1612*, Node77*)",233,-0.0773089394467266,0.280118289015922,c3,branch_to_eukaryota
"(Node1612*, Node77*)",234,0.0591621021286712,0.280118289015922,c3,branch_to_eukaryota
"(Node1612*, Node77*)",235,-0.0296927430895759,0.0020438828458006,c4,branch_to_eukaryota
"(Node1612*, Node77*)",236,0.0759908215568184,0.0020438828458006,c4,branch_to_eukaryota
"(Node1612*, Node77*)",237,-0.0918596934936518,0.0020438828458006,c4,branch_to_eukaryota
"(Node1612*, Node77*)",238,0.0700864100728164,0.0020438828458006,c4,branch_to_eukaryota
"(Node1612*, Node77*)",239,-0.0816780487956425,0.0020438828458006,c4,branch_to_eukaryota
"(Node1612*, Node77*)",240,-0.0135103039672254,0.0020438828458006,c4,branch_to_eukaryota
"(Node1612*, Node77*)",241,-5.07191009856265e-13,0.9674483230781173,c2,branch_to_eukaryota
"(Node1612*, Node77*)",242,3.2205903498138564e-14,0.280118289015922,c3,branch_to_eukaryota
"(Node1612*, Node77*)",243,2.8308691118057487e-15,0.280118289015922,c3,branch_to_eukaryota
"(Node1612*, Node77*)",244,-5.04124874142664e-13,0.9674483230781173,c2,branch_to_eukaryota
"(Node1612*, Node77*)",245,-3.4559178263006817e-13,0.9674483230781173,c2,branch_to_eukaryota
"(Node1612*, Node77*)",246,-4.2115972865289036e-13,0.9674483230781173,c2,branch_to_eukaryota
"(Node1612*, Node77*)",247,3.557766977115005e-13,0.9674483230781173,c2,branch_to_eukaryota
"(Node1612*, Node77*)",248,-4.380160885189814e-15,0.9674483230781173,c2,branch_to_eukaryota
"(Node1612*, Node77*)",249,-3.860915092371928e-13,0.9674483230781173,c2,branch_to_eukaryota
"(Node1612*, Node77*)",250,3.568531327190925e-13,0.9674483230781173,c2,branch_to_eukaryota
"(Node1612*, Node77*)",251,-5.102076182364916e-13,0.9674483230781173,c2,branch_to_eukaryota
"(Node1612*, Node77*)",252,-7.588131647650313e-15,0.280118289015922,c3,branch_to_eukaryota
"(Node1612*, Node77*)",253,1.7915450987438775e-14,0.280118289015922,c3,branch_to_eukaryota
"(Node1612*, Node77*)",254,-1.39177865405413e-15,0.0020438828458006,c4,branch_to_eukaryota
"(Node1612*, Node77*)",255,-1.3852412149235185e-15,0.0020438828458006,c4,branch_to_eukaryota
"(Node1612*, Node77*)",256,4.680981436575882e-15,0.280118289015922,c3,branch_to_eukaryota
"(Node1612*, Node77*)",257,6.010318118907804e-16,0.280118289015922,c3,branch_to_eukaryota
"(Node1612*, Node77*)",258,3.442659845138094e-15,0.280118289015922,c3,branch_to_eukaryota
"(Node1612*, Node77*)",259,5.901932461731147e-15,0.280118289015922,c3,branch_to_eukaryota
"(Node1612*, Node77*)",260,3.4950896470959404e-16,0.9674483230781173,c2,branch_to_eukaryota
"(Node1612*, Node77*)",261,-1.1770838146623996e-13,0.9674483230781173,c2,branch_to_eukaryota
"(Node1612*, Node77*)",262,1.8688570691128258e-13,0.9674483230781173,c2,branch_to_eukaryota
"(Node1612*, Node77*)",263,1.2409795579818934e-14,0.280118289015922,c3,branch_to_eukaryota
"(Node1612*, Node77*)",264,2.0057168547592964e-15,0.0020438828458006,c4,branch_to_eukaryota
"(Node1612*, Node77*)",265,2.5786506540074403e-15,0.0020438828458006,c4,branch_to_eukaryota
"(Node1612*, Node77*)",266,1.7628855417591085e-15,0.0020438828458006,c4,branch_to_eukaryota
"(Node1612*, Node77*)",267,-2.8800205667448997e-16,0.0020438828458006,c4,branch_to_eukaryota
"(Node1612*, Node77*)",268,-1.996942613368572e-15,0.0020438828458006,c4,branch_to_eukaryota
"(Node1612*, Node77*)",269,7.763536839761532e-16,0.0020438828458006,c4,branch_to_eukaryota
"(Node1612*, Node77*)",270,1.7205459768317088e-15,0.0020438828458006,c4,branch_to_eukaryota
"(Node1612*, Node77*)",271,1.6359290643714608e-15,0.0020438828458006,c4,branch_to_eukaryota
"(Node1612*, Node77*)",272,-1.911654825891984e-15,0.0020438828458006,c4,branch_to_eukaryota
"(Node1612*, Node77*)",273,1.3306384976043629e-15,0.0020438828458006,c4,branch_to_eukaryota
"(Node1612*, Node77*)",274,-4.3803648933979556e-16,0.0020438828458006,c4,branch_to_eukaryota
"(Node1612*, Node77*)",275,-1.7459201727157556e-15,0.0020438828458006,c4,branch_to_eukaryota
"(Node1612*, Node77*)",276,-1.6781527383420285e-15,0.0020438828458006,c4,branch_to_eukaryota
"(Node1612*, Node77*)",277,2.021123211455497e-15,0.280118289015922,c3,branch_to_eukaryota
"(Node1612*, Node77*)",278,7.583801113941769e-16,0.0020438828458006,c4,branch_to_eukaryota
"(Node1612*, Node77*)",279,2.3640809646869115e-15,0.0020438828458006,c4,branch_to_eukaryota
"(Node1612*, Node77*)",280,-1.8278152894384847e-15,0.0020438828458006,c4,branch_to_eukaryota
"(Node1612*, Node77*)",281,-3.8925382176167593e-14,0.280118289015922,c3,branch_to_eukaryota
"(Node1612*, Node77*)",282,-5.110397648551077e-13,0.9674483230781173,c2,branch_to_eukaryota
"(Node1612*, Node77*)",283,-7.267562960569095e-14,0.280118289015922,c3,branch_to_eukaryota
"(Node1612*, Node77*)",284,-1.0195515172011345e-12,2.2941500647941577,c1,branch_to_eukaryota
"(Node1612*, Node77*)",285,-1.4253616810512253e-12,2.2941500647941577,c1,branch_to_eukaryota
"(Node1612*, Node77*)",286,1.2369033043939553e-12,2.2941500647941577,c1,branch_to_eukaryota
"(Node1612*, Node77*)",287,-1.398715184419753e-15,0.0020438828458006,c4,branch_to_eukaryota
"(Node1612*, Node77*)",288,-9.991983029217962e-13,2.2941500647941577,c1,branch_to_eukaryota
"(Node1612*, Node77*)",289,-1.1770311761646408e-13,0.9674483230781173,c2,branch_to_eukaryota
"(Node1612*, Node77*)",290,3.549134187274427e-13,0.9674483230781173,c2,branch_to_eukaryota
"(Node1612*, Node77*)",291,-2.498024274198349e-14,0.280118289015922,c3,branch_to_eukaryota
"(Node1612*, Node77*)",292,6.355755452106779e-15,0.280118289015922,c3,branch_to_eukaryota
"(Node1612*, Node77*)",293,5.706961565550835e-15,0.280118289015922,c3,branch_to_eukaryota
"(Node1612*, Node77*)",294,-2.394820844437547e-13,0.9674483230781173,c2,branch_to_eukaryota
"(Node1612*, Node77*)",295,3.53960624200629e-13,0.9674483230781173,c2,branch_to_eukaryota
"(Node1612*, Node77*)",296,3.557797116702483e-13,0.9674483230781173,c2,branch_to_eukaryota
"(Node1612*, Node77*)",297,-1.1769061423029248e-13,0.9674483230781173,c2,branch_to_eukaryota
"(Node1612*, Node77*)",298,4.540327820327968e-14,0.280118289015922,c3,branch_to_eukaryota
"(Node1612*, Node77*)",299,-8.401841359219172e-14,0.280118289015922,c3,branch_to_eukaryota
"(Node1612*, Node77*)",300,1.0777663103901614e-15,0.0020438828458006,c4,branch_to_eukaryota
"(Node1612*, Node77*)",301,-1.6568706831875782e-15,0.0020438828458006,c4,branch_to_eukaryota
"(Node1612*, Node77*)",302,-0.4680478665480856,0.280118289015922,c3,branch_to_eukaryota
"(Node1612*, Node77*)",303,-0.8394955286658669,2.2941500647941577,c1,branch_to_eukaryota
"(Node1612*, Node77*)",304,2.6910384230015225,2.2941500647941577,c1,branch_to_eukaryota
"(Node1612*, Node77*)",305,-0.9702593219854724,2.2941500647941577,c1,branch_to_eukaryota
"(Node1612*, Node77*)",306,-1.502384457592755e-15,0.0020438828458006,c4,branch_to_eukaryota
"(Node1612*, Node77*)",307,0.2356557188557495,0.280118289015922,c3,branch_to_eukaryota
"(Node1612*, Node77*)",308,-0.0863273091607546,0.0020438828458006,c4,branch_to_eukaryota
"(Node1612*, Node77*)",309,0.0570825608380702,0.0020438828458006,c4,branch_to_eukaryota
"(Node1612*, Node77*)",310,0.3107584622624572,0.280118289015922,c3,branch_to_eukaryota
"(Node1612*, Node77*)",311,0.6793134135319224,0.280118289015922,c3,branch_to_eukaryota
"(Node1612*, Node77*)",312,-0.3651281228218748,0.9674483230781173,c2,branch_to_eukaryota
"(Node1612*, Node77*)",313,-0.0365957158749378,0.280118289015922,c3,branch_to_eukaryota
"(Node1612*, Node77*)",314,0.168698601874677,0.280118289015922,c3,branch_to_eukaryota
"(Node1612*, Node77*)",315,0.2387643778309194,0.280118289015922,c3,branch_to_eukaryota
"(Node1612*, Node77*)",316,0.0983894024633903,0.0020438828458006,c4,branch_to_eukaryota
"(Node1612*, Node77*)",317,-2.4213143153887648e-14,0.9674483230781173,c2,branch_to_eukaryota
"(Node1612*, Node77*)",318,0.6777616280496416,0.280118289015922,c3,branch_to_eukaryota
"(Node1612*, Node77*)",319,-0.1278201594743815,0.0020438828458006,c4,branch_to_eukaryota
"(Node1612*, Node77*)",320,-0.032957643070711,0.0020438828458006,c4,branch_to_eukaryota
"(Node1612*, Node77*)",321,-0.0482087655781267,0.280118289015922,c3,branch_to_eukaryota
"(Node1612*, Node77*)",322,-0.4758961105600231,0.280118289015922,c3,branch_to_eukaryota
"(Node1612*, Node77*)",323,-0.0091401927937806,0.0020438828458006,c4,branch_to_eukaryota
"(Node1612*, Node77*)",324,0.056391119697968,0.0020438828458006,c4,branch_to_eukaryota
"(Node1612*, Node77*)",325,-0.0088077883616205,0.0020438828458006,c4,branch_to_eukaryota
"(Node1612*, Node77*)",326,-0.0079988770308737,0.0020438828458006,c4,branch_to_eukaryota
"(Node1612*, Node77*)",327,-0.1215135981040257,0.0020438828458006,c4,branch_to_eukaryota
"(Node1612*, Node77*)",328,0.5515113225140051,0.280118289015922,c3,branch_to_eukaryota
"(Node1612*, Node77*)",329,0.0916764057262504,0.0020438828458006,c4,branch_to_eukaryota
"(Node1612*, Node77*)",330,-0.2629422984098229,0.280118289015922,c3,branch_to_eukaryota
"(Node1612*, Node77*)",331,0.5785085328046525,0.280118289015922,c3,branch_to_eukaryota
"(Node1612*, Node77*)",332,0.1042502865238859,0.280118289015922,c3,branch_to_eukaryota
"(Node1612*, Node77*)",333,0.1056742256306848,0.0020438828458006,c4,branch_to_eukaryota
"(Node1612*, Node77*)",334,-0.1058996890676777,0.0020438828458006,c4,branch_to_eukaryota
"(Node1612*, Node77*)",335,1.3475062967830047,0.280118289015922,c3,branch_to_eukaryota
"(Node1612*, Node77*)",336,0.8495734297805133,0.9674483230781173,c2,branch_to_eukaryota
"(Node1612*, Node77*)",337,-0.8789366707718852,0.280118289015922,c3,branch_to_eukaryota
"(Node1612*, Node77*)",338,-0.0715236995363361,0.280118289015922,c3,branch_to_eukaryota
"(Node1612*, Node77*)",339,-0.0657335169419882,0.0020438828458006,c4,branch_to_eukaryota
"(Node1612*, Node77*)",340,-0.0869626310713996,0.0020438828458006,c4,branch_to_eukaryota
"(Node1612*, Node77*)",341,-0.1436422510655845,0.0020438828458006,c4,branch_to_eukaryota
"(Node1612*, Node77*)",342,0.1073582741153347,0.0020438828458006,c4,branch_to_eukaryota
"(Node1612*, Node77*)",343,-0.8982915081779757,2.2941500647941577,c1,branch_to_eukaryota
"(Node1612*, Node77*)",344,1.3726512609550745,2.2941500647941577,c1,branch_to_eukaryota
"(Node1612*, Node77*)",345,0.1670494240079413,0.280118289015922,c3,branch_to_eukaryota
"(Node1612*, Node77*)",346,0.5814028596404651,0.280118289015922,c3,branch_to_eukaryota
"(Node1612*, Node77*)",347,0.3280016175514943,0.280118289015922,c3,branch_to_eukaryota
"(Node1612*, Node77*)",348,0.3422766808870963,0.280118289015922,c3,branch_to_eukaryota
"(Node1612*, Node77*)",349,0.0179405981863873,0.280118289015922,c3,branch_to_eukaryota
"(Node1612*, Node77*)",350,-0.2577946504168485,0.9674483230781173,c2,branch_to_eukaryota
"(Node1612*, Node77*)",351,-0.8613125347590643,0.9674483230781173,c2,branch_to_eukaryota
"(Node1612*, Node77*)",352,-0.9724388129050489,0.9674483230781173,c2,branch_to_eukaryota
"(Node1612*, Node77*)",353,2.3753989863682343,0.9674483230781173,c2,branch_to_eukaryota
"(Node1612*, Node77*)",354,1.804719290713674,0.9674483230781173,c2,branch_to_eukaryota
"(Node1612*, Node77*)",355,-0.2218605633762095,0.280118289015922,c3,branch_to_eukaryota
"(Node1612*, Node77*)",356,0.8537798207999847,0.280118289015922,c3,branch_to_eukaryota
"(Node1612*, Node77*)",357,0.8537798134587758,0.280118289015922,c3,branch_to_eukaryota
"(Node1612*, Node77*)",358,0.2943197463439585,0.9674483230781173,c2,branch_to_eukaryota
"(Node1612*, Node77*)",359,2.8487725060008864,2.2941500647941577,c1,branch_to_eukaryota
"(Node1612*, Node77*)",360,0.1909895452734047,2.2941500647941577,c1,branch_to_eukaryota
"(Node1612*, Node77*)",361,2.5362958603754486,0.9674483230781173,c2,branch_to_eukaryota
"(Node1612*, Node77*)",362,2.8487725060008864,2.2941500647941577,c1,branch_to_eukaryota
"(Node1612*, Node77*)",363,1.3958812575643949,2.2941500647941577,c1,branch_to_eukaryota
"(Node1612*, Node77*)",364,-0.9247629526582394,0.280118289015922,c3,branch_to_eukaryota
"(Node1612*, Node77*)",365,3.058915889474834,2.2941500647941577,c1,branch_to_eukaryota
"(Node1612*, Node77*)",366,0.2200291582949631,0.280118289015922,c3,branch_to_eukaryota
"(Node1612*, Node77*)",367,-5.09668681092237e-13,0.9674483230781173,c2,branch_to_eukaryota
"(Node1612*, Node77*)",368,5.060934348463701e-14,0.280118289015922,c3,branch_to_eukaryota
"(Node1612*, Node77*)",369,2.139189114513368,2.2941500647941577,c1,branch_to_eukaryota
"(Node1612*, Node77*)",370,1.6177861457425036,0.9674483230781173,c2,branch_to_eukaryota
"(Node1612*, Node77*)",371,-0.8642405410338408,0.9674483230781173,c2,branch_to_eukaryota
"(Node1612*, Node77*)",372,2.121565215965045,2.2941500647941577,c1,branch_to_eukaryota
"(Node1612*, Node77*)",373,2.137459089982999,2.2941500647941577,c1,branch_to_eukaryota
"(Node1612*, Node77*)",374,2.432202734884875,0.9674483230781173,c2,branch_to_eukaryota
"(Node1612*, Node77*)",375,0.3306357311189795,0.280118289015922,c3,branch_to_eukaryota
"(Node1612*, Node77*)",376,0.0874944929434219,0.0020438828458006,c4,branch_to_eukaryota
"(Node1612*, Node77*)",377,1.8045822524619064,0.9674483230781173,c2,branch_to_eukaryota
"(Node1612*, Node77*)",378,1.8047065844179235,0.9674483230781173,c2,branch_to_eukaryota
"(Node1612*, Node77*)",379,-0.9523228243684162,2.2941500647941577,c1,branch_to_eukaryota
"(Node1612*, Node77*)",380,-0.7667887845580478,2.2941500647941577,c1,branch_to_eukaryota
"(Node1612*, Node77*)",381,-0.4722248578335617,0.9674483230781173,c2,branch_to_eukaryota
"(Node1612*, Node77*)",382,-0.022988661476474,0.0020438828458006,c4,branch_to_eukaryota
"(Node1612*, Node77*)",383,0.9836576615893972,0.280118289015922,c3,branch_to_eukaryota
"(Node1612*, Node77*)",384,2.1009679244815223,2.2941500647941577,c1,branch_to_eukaryota
"(Node1612*, Node77*)",385,2.5355417036753125,0.9674483230781173,c2,branch_to_eukaryota
"(Node1612*, Node77*)",386,0.8537535574603935,0.280118289015922,c3,branch_to_eukaryota
"(Node1612*, Node77*)",387,0.1920655350958788,0.280118289015922,c3,branch_to_eukaryota
"(Node1612*, Node77*)",388,1.980609325978832,2.2941500647941577,c1,branch_to_eukaryota
"(Node1612*, Node77*)",389,3.1785840425267926,2.2941500647941577,c1,branch_to_eukaryota
"(Node1612*, Node77*)",390,3.178582505596729,2.2941500647941577,c1,branch_to_eukaryota
"(Node1612*, Node77*)",391,1.2483439948201989,0.9674483230781173,c2,branch_to_eukaryota
"(Node1612*, Node77*)",392,2.2399858879147247,0.9674483230781173,c2,branch_to_eukaryota
"(Node1612*, Node77*)",393,2.137625383577764,2.2941500647941577,c1,branch_to_eukaryota
"(Node1612*, Node77*)",394,-0.9170740715320992,0.280118289015922,c3,branch_to_eukaryota
"(Node1612*, Node77*)",395,2.1597157873803163,2.2941500647941577,c1,branch_to_eukaryota
"(Node1612*, Node77*)",396,0.0484194233488418,0.0020438828458006,c4,branch_to_eukaryota
"(Node1612*, Node77*)",397,0.2500757774742892,0.280118289015922,c3,branch_to_eukaryota
"(Node1612*, Node77*)",398,-0.3118693378936121,0.280118289015922,c3,branch_to_eukaryota
"(Node1612*, Node77*)",399,1.3256112375861528,0.9674483230781173,c2,branch_to_eukaryota
"(Node1612*, Node77*)",400,2.8487725060008864,2.2941500647941577,c1,branch_to_eukaryota
"(Node1612*, Node77*)",401,2.5362958603754486,0.9674483230781173,c2,branch_to_eukaryota
"(Node1612*, Node77*)",402,1.5746848795942232,0.9674483230781173,c2,branch_to_eukaryota
"(Node1612*, Node77*)",403,0.5537400861813084,0.280118289015922,c3,branch_to_eukaryota
"(Node1612*, Node77*)",404,0.5537400876322142,0.280118289015922,c3,branch_to_eukaryota
"(Node1612*, Node77*)",405,-0.7181988852529165,2.2941500647941577,c1,branch_to_eukaryota
"(Node1612*, Node77*)",406,-1.4035656503964711e-14,0.280118289015922,c3,branch_to_eukaryota
"(Node1612*, Node77*)",407,1.9806202095607404,2.2941500647941577,c1,branch_to_eukaryota
"(Node1612*, Node77*)",408,1.745844141107689,0.9674483230781173,c2,branch_to_eukaryota
"(Node1612*, Node77*)",409,1.1870602702152175,0.9674483230781173,c2,branch_to_eukaryota
"(Node1612*, Node77*)",410,1.187063363992968,0.9674483230781173,c2,branch_to_eukaryota
"(Node1612*, Node77*)",411,1.4277413908165717,2.2941500647941577,c1,branch_to_eukaryota
"(Node1612*, Node77*)",412,-0.4296510505491544,0.280118289015922,c3,branch_to_eukaryota
"(Node1612*, Node77*)",413,-0.7877268748969606,0.280118289015922,c3,branch_to_eukaryota
"(Node1612*, Node77*)",414,-0.7636194194170912,0.9674483230781173,c2,branch_to_eukaryota
"(Node1612*, Node77*)",415,-8.212305570556084e-14,2.2941500647941577,c1,branch_to_eukaryota
"(Node1612*, Node77*)",416,-1.0275891412201807,0.9674483230781173,c2,branch_to_eukaryota
"(Node1612*, Node77*)",417,2.847452860746204,2.2941500647941577,c1,branch_to_eukaryota
"(Node1612*, Node77*)",418,2.1215654873389296,2.2941500647941577,c1,branch_to_eukaryota
"(Node1612*, Node77*)",419,-0.9222765334023236,2.2941500647941577,c1,branch_to_eukaryota
"(Node1612*, Node77*)",420,2.139189114513368,2.2941500647941577,c1,branch_to_eukaryota
"(Node1612*, Node77*)",421,0.307410067746764,0.9674483230781173,c2,branch_to_eukaryota
"(Node1612*, Node77*)",422,-0.4747334378931513,0.280118289015922,c3,branch_to_eukaryota
"(Node1612*, Node77*)",423,-0.4832279439924592,0.280118289015922,c3,branch_to_eukaryota
"(Node1612*, Node77*)",424,1.8047183611303756,0.9674483230781173,c2,branch_to_eukaryota
"(Node1612*, Node77*)",425,0.8459703185060418,0.280118289015922,c3,branch_to_eukaryota
"(Node1612*, Node77*)",426,-0.4575838307507754,0.280118289015922,c3,branch_to_eukaryota
"(Node1612*, Node77*)",427,2.9839773089693926,2.2941500647941577,c1,branch_to_eukaryota
"(Node1612*, Node77*)",428,1.7459356182667327,0.9674483230781173,c2,branch_to_eukaryota
"(Node1612*, Node77*)",429,1.7459148987440507,0.9674483230781173,c2,branch_to_eukaryota
"(Node1612*, Node77*)",430,1.1868674276268254,0.9674483230781173,c2,branch_to_eukaryota
"(Node1612*, Node77*)",431,1.4940752020451158,2.2941500647941577,c1,branch_to_eukaryota
"(Node1612*, Node77*)",432,2.830429239602157,2.2941500647941577,c1,branch_to_eukaryota
"(Node1612*, Node77*)",433,2.12116561806243,2.2941500647941577,c1,branch_to_eukaryota
"(Node1612*, Node77*)",434,2.848772506015832,2.2941500647941577,c1,branch_to_eukaryota
"(Node1612*, Node77*)",435,-0.829000843480106,0.280118289015922,c3,branch_to_eukaryota
"(Node1612*, Node77*)",436,1.006039705661596,0.9674483230781173,c2,branch_to_eukaryota
"(Node1612*, Node77*)",437,2.139189114534774,2.2941500647941577,c1,branch_to_eukaryota
"(Node1612*, Node77*)",438,0.1546550859815583,0.9674483230781173,c2,branch_to_eukaryota
"(Node1612*, Node77*)",439,-0.8725995818276042,0.280118289015922,c3,branch_to_eukaryota
"(Node1612*, Node77*)",440,-1.0076054633320628,2.2941500647941577,c1,branch_to_eukaryota
"(Node1612*, Node77*)",441,3.198485283344545,2.2941500647941577,c1,branch_to_eukaryota
"(Node1612*, Node77*)",442,2.263801296621904e-25,2.2941500647941577,c1,branch_to_eukaryota
"(Node1612*, Node77*)",443,2.139189114534774,2.2941500647941577,c1,branch_to_eukaryota
"(Node1612*, Node77*)",444,1.9271153743110836,2.2941500647941577,c1,branch_to_eukaryota
"(Node1612*, Node77*)",445,2.139189114534774,2.2941500647941577,c1,branch_to_eukaryota
"(Node1612*, Node77*)",446,2.848772506015832,2.2941500647941577,c1,branch_to_eukaryota
"(Node1612*, Node77*)",447,-1.0296965238954718,0.9674483230781173,c2,branch_to_eukaryota
"(Node1612*, Node77*)",448,2.848772506015832,2.2941500647941577,c1,branch_to_eukaryota
"(Node1612*, Node77*)",449,-0.1858919398047951,2.2941500647941577,c1,branch_to_eukaryota
"(Node1612*, Node77*)",450,2.100801156635189,2.2941500647941577,c1,branch_to_eukaryota
"(Node1612*, Node77*)",451,2.139189114523126,2.2941500647941577,c1,branch_to_eukaryota
"(Node1612*, Node77*)",452,-0.8460369559152968,0.280118289015922,c3,branch_to_eukaryota
"(Node1612*, Node77*)",453,-0.3089664552281056,0.9674483230781173,c2,branch_to_eukaryota
"(Node1612*, Node77*)",454,-0.1208698356275438,2.2941500647941577,c1,branch_to_eukaryota
"(Node1612*, Node77*)",455,1.5091787045489296,0.9674483230781173,c2,branch_to_eukaryota
"(Node1612*, Node77*)",456,-0.9332105237768488,0.9674483230781173,c2,branch_to_eukaryota
"(Node1612*, Node77*)",457,-0.159047808593529,2.2941500647941577,c1,branch_to_eukaryota
"(Node1612*, Node77*)",458,-0.1881993879008638,2.2941500647941577,c1,branch_to_eukaryota
"(Node1612*, Node77*)",459,-1.0075378127406207,2.2941500647941577,c1,branch_to_eukaryota
"(Node1612*, Node77*)",460,-0.9706839624111856,2.2941500647941577,c1,branch_to_eukaryota
"(Node1612*, Node77*)",461,3.198485283257124,2.2941500647941577,c1,branch_to_eukaryota
"(Node1612*, Node77*)",462,3.1941236639703066,2.2941500647941577,c1,branch_to_eukaryota
"(Node1612*, Node77*)",463,2.848772506015832,2.2941500647941577,c1,branch_to_eukaryota
"(Node1612*, Node77*)",464,-0.990083206709291,2.2941500647941577,c1,branch_to_eukaryota
"(Node1612*, Node77*)",465,2.139189114534774,2.2941500647941577,c1,branch_to_eukaryota
"(Node1612*, Node77*)",466,2.1391891130114566,2.2941500647941577,c1,branch_to_eukaryota
"(Node1612*, Node77*)",467,-0.87943190993393,2.2941500647941577,c1,branch_to_eukaryota
"(Node1612*, Node77*)",468,-0.2339524566353699,0.9674483230781173,c2,branch_to_eukaryota
"(Node1612*, Node77*)",469,-0.3976908702376459,2.2941500647941577,c1,branch_to_eukaryota
"(Node1612*, Node77*)",470,2.139189114534774,2.2941500647941577,c1,branch_to_eukaryota
"(Node1612*, Node77*)",471,3.198485283344545,2.2941500647941577,c1,branch_to_eukaryota
"(Node1612*, Node77*)",472,2.848772506015832,2.2941500647941577,c1,branch_to_eukaryota
"(Node1612*, Node77*)",473,2.1391891121065933,2.2941500647941577,c1,branch_to_eukaryota
"(Node1612*, Node77*)",474,3.198485283344545,2.2941500647941577,c1,branch_to_eukaryota
"(Node1612*, Node77*)",475,2.848772506015832,2.2941500647941577,c1,branch_to_eukaryota
"(Node1612*, Node77*)",476,2.139189114534774,2.2941500647941577,c1,branch_to_eukaryota
"(Node1612*, Node77*)",477,2.138997442590617,2.2941500647941577,c1,branch_to_eukaryota
"(Node1612*, Node77*)",478,2.46743384586532,0.9674483230781173,c2,branch_to_eukaryota
"(Node1612*, Node77*)",479,1.8033621801548407,0.9674483230781173,c2,branch_to_eukaryota
"(Node1612*, Node77*)",480,-0.8323189650937731,2.2941500647941577,c1,branch_to_eukaryota
"(Node1612*, Node77*)",481,2.139189114534774,2.2941500647941577,c1,branch_to_eukaryota
"(Node1612*, Node77*)",482,-0.0490486838892507,2.2941500647941577,c1,branch_to_eukaryota
"(Node1612*, Node77*)",483,2.848772506015832,2.2941500647941577,c1,branch_to_eukaryota
"(Node1612*, Node77*)",484,2.848347586418324,2.2941500647941577,c1,branch_to_eukaryota
"(Node1612*, Node77*)",485,0.7421816940667475,0.280118289015922,c3,branch_to_eukaryota
"(Node1612*, Node77*)",486,-0.3719396929181535,2.2941500647941577,c1,branch_to_eukaryota
"(Node1612*, Node77*)",487,0.6360519742453377,2.2941500647941577,c1,branch_to_eukaryota
"(Node1612*, Node77*)",488,-0.6962902678753332,0.9674483230781173,c2,branch_to_eukaryota
"(Node1612*, Node77*)",489,1.7459318005505502,0.9674483230781173,c2,branch_to_eukaryota
"(Node1612*, Node77*)",490,-0.8185169360232842,0.280118289015922,c3,branch_to_eukaryota
"(Node1612*, Node77*)",491,3.198485283344545,2.2941500647941577,c1,branch_to_eukaryota
"(Node1612*, Node77*)",492,2.8487724992187307,2.2941500647941577,c1,branch_to_eukaryota
"(Node1612*, Node77*)",493,2.8289022776568897,2.2941500647941577,c1,branch_to_eukaryota
"(Node1612*, Node77*)",494,-1.3884471039762585e-13,2.2941500647941577,c1,branch_to_eukaryota
"(Node1612*, Node77*)",495,-0.3335917086581772,2.2941500647941577,c1,branch_to_eukaryota
"(Node1612*, Node77*)",496,1.640440368810742,0.9674483230781173,c2,branch_to_eukaryota
"(Node1612*, Node77*)",497,-0.1297759935525155,0.280118289015922,c3,branch_to_eukaryota
"(Node1612*, Node77*)",498,-0.3737044807666174,0.280118289015922,c3,branch_to_eukaryota
"(Node1612*, Node77*)",499,-0.218041246025632,2.2941500647941577,c1,branch_to_eukaryota
"(Node1612*, Node77*)",500,-0.05962379549514,0.0020438828458006,c4,branch_to_eukaryota
"(Node1612*, Node77*)",501,0.6578112485324294,0.9674483230781173,c2,branch_to_eukaryota
"(Node1612*, Node77*)",502,2.446780951683893,2.2941500647941577,c1,branch_to_eukaryota
"(Node1612*, Node77*)",503,-0.3397326828768066,0.280118289015922,c3,branch_to_eukaryota
"(Node1612*, Node77*)",504,-0.1743957924858965,0.280118289015922,c3,branch_to_eukaryota
"(Node1612*, Node77*)",505,1.1058785509423863,0.9674483230781173,c2,branch_to_eukaryota
"(Node1612*, Node77*)",506,-0.1223939377572356,2.2941500647941577,c1,branch_to_eukaryota
"(Node1612*, Node77*)",507,2.139189114534774,2.2941500647941577,c1,branch_to_eukaryota
"(Node1612*, Node77*)",508,2.848772506015832,2.2941500647941577,c1,branch_to_eukaryota
"(Node1612*, Node77*)",509,-0.8414205532760457,0.280118289015922,c3,branch_to_eukaryota
"(Node1612*, Node77*)",510,1.187055945914682,0.9674483230781173,c2,branch_to_eukaryota
"(Node1612*, Node77*)",511,-0.3901805393132949,0.9674483230781173,c2,branch_to_eukaryota
"(Node1612*, Node77*)",512,2.6018542507667783,2.2941500647941577,c1,branch_to_eukaryota
"(Node1612*, Node77*)",513,2.139189114534774,2.2941500647941577,c1,branch_to_eukaryota
"(Node1612*, Node77*)",514,3.1829492620387976,2.2941500647941577,c1,branch_to_eukaryota
"(Node1612*, Node77*)",515,0.9294431279363552,0.280118289015922,c3,branch_to_eukaryota
"(Node1612*, Node77*)",516,2.848772506015832,2.2941500647941577,c1,branch_to_eukaryota
"(Node1612*, Node77*)",517,-1.9496983416754728e-13,0.9674483230781173,c2,branch_to_eukaryota
"(Node1612*, Node77*)",518,-1.001676697232832,0.9674483230781173,c2,branch_to_eukaryota
"(Node1612*, Node77*)",519,-0.7465204956490179,0.9674483230781173,c2,branch_to_eukaryota
"(Node1612*, Node77*)",520,-0.9030265149080842,0.9674483230781173,c2,branch_to_eukaryota
"(Node1612*, Node77*)",521,-0.7657661538752915,2.2941500647941577,c1,branch_to_eukaryota
"(Node1612*, Node77*)",522,-0.5032936331937352,0.9674483230781173,c2,branch_to_eukaryota
"(Node1612*, Node77*)",523,-0.418569071707129,2.2941500647941577,c1,branch_to_eukaryota
"(Node1612*, Node77*)",524,-1.4100098201009625e-13,2.2941500647941577,c1,branch_to_eukaryota
"(Node1612*, Node77*)",525,-0.8235711726701898,2.2941500647941577,c1,branch_to_eukaryota
"(Node1612*, Node77*)",526,1.2369033106554777e-12,2.2941500647941577,c1,branch_to_eukaryota
"(Node1612*, Node77*)",527,-0.9796566347292786,2.2941500647941577,c1,branch_to_eukaryota
"(Node1612*, Node77*)",528,0.5565177001746956,0.280118289015922,c3,branch_to_eukaryota
"(Node1612*, Node77*)",529,0.4880844477475426,0.280118289015922,c3,branch_to_eukaryota
"(Node1612*, Node77*)",530,0.3676838002623736,0.280118289015922,c3,branch_to_eukaryota
"(Node1612*, Node77*)",531,0.7882008899974137,0.9674483230781173,c2,branch_to_eukaryota
"(Node1612*, Node77*)",532,-0.7259483639016797,2.2941500647941577,c1,branch_to_eukaryota
"(Node1612*, Node77*)",533,-0.2123367858568226,0.280118289015922,c3,branch_to_eukaryota
"(Node1612*, Node77*)",534,-0.261077492041313,2.2941500647941577,c1,branch_to_eukaryota
"(Node1612*, Node77*)",535,-9.476019821498512e-16,0.0020438828458006,c4,branch_to_eukaryota
"(Node1612*, Node77*)",536,-0.7774558494489607,2.2941500647941577,c1,branch_to_eukaryota
"(Node1612*, Node77*)",537,-0.5012459163014968,0.280118289015922,c3,branch_to_eukaryota
"(Node1612*, Node77*)",538,0.095470605827169,0.9674483230781173,c2,branch_to_eukaryota
"(Node1612*, Node77*)",539,-0.3649901126650393,0.9674483230781173,c2,branch_to_eukaryota
"(Node1612*, Node77*)",540,-0.0771428997564761,0.280118289015922,c3,branch_to_eukaryota
"(Node1612*, Node77*)",541,0.9171300998823348,0.280118289015922,c3,branch_to_eukaryota
"(Node1612*, Node77*)",542,-9.383938068958648e-15,0.9674483230781173,c2,branch_to_eukaryota
"(Node1612*, Node77*)",543,0.376845752045813,0.280118289015922,c3,branch_to_eukaryota
"(Node1612*, Node77*)",544,-0.1154662173706817,0.9674483230781173,c2,branch_to_eukaryota
"(Node1612*, Node77*)",545,0.2828616681139096,0.280118289015922,c3,branch_to_eukaryota
"(Node1612*, Node77*)",546,0.1182521880743233,0.9674483230781173,c2,branch_to_eukaryota
"(Node1612*, Node77*)",547,1.4081790258226703,0.9674483230781173,c2,branch_to_eukaryota
"(Node1612*, Node77*)",548,-0.1684947050578887,0.280118289015922,c3,branch_to_eukaryota
"(Node1612*, Node77*)",549,0.5726618953736315,0.9674483230781173,c2,branch_to_eukaryota
"(Node1612*, Node77*)",550,-0.0404228092780697,0.280118289015922,c3,branch_to_eukaryota
"(Node1612*, Node77*)",551,-0.5502521584056616,0.9674483230781173,c2,branch_to_eukaryota
"(Node1612*, Node77*)",552,0.409847178900714,2.2941500647941577,c1,branch_to_eukaryota
"(Node1612*, Node77*)",553,-1.8216089208554146e-15,0.0020438828458006,c4,branch_to_eukaryota
"(Node1612*, Node77*)",554,-0.7731237596387107,2.2941500647941577,c1,branch_to_eukaryota
"(Node1612*, Node77*)",555,3.6763893069671866e-14,0.280118289015922,c3,branch_to_eukaryota
"(Node1612*, Node77*)",556,0.3968951525354159,0.9674483230781173,c2,branch_to_eukaryota
"(Node1612*, Node77*)",557,2.380397175935506,2.2941500647941577,c1,branch_to_eukaryota
"(Node1612*, Node77*)",558,0.0245869868657099,0.280118289015922,c3,branch_to_eukaryota
"(Node1612*, Node77*)",559,0.5232858925908848,0.280118289015922,c3,branch_to_eukaryota
"(Node1612*, Node77*)",560,0.484987171305211,0.280118289015922,c3,branch_to_eukaryota
"(Node1612*, Node77*)",561,-1.0115991322427478,2.2941500647941577,c1,branch_to_eukaryota
"(Node1612*, Node77*)",562,2.2756257951069605,2.2941500647941577,c1,branch_to_eukaryota
"(Node1612*, Node77*)",563,2.4404055720062865,2.2941500647941577,c1,branch_to_eukaryota
"(Node1612*, Node77*)",564,0.1851307506971447,0.9674483230781173,c2,branch_to_eukaryota
"(Node1612*, Node77*)",565,-0.826277407754308,2.2941500647941577,c1,branch_to_eukaryota
"(Node1612*, Node77*)",566,-0.8957749824038344,0.9674483230781173,c2,branch_to_eukaryota
"(Node1612*, Node77*)",567,0.1610907586970679,0.280118289015922,c3,branch_to_eukaryota
"(Node1612*, Node77*)",568,-0.4576641340951774,0.280118289015922,c3,branch_to_eukaryota
"(Node1612*, Node77*)",569,-0.0332117573708859,0.0020438828458006,c4,branch_to_eukaryota
"(Node1612*, Node77*)",570,0.001293640861543,0.0020438828458006,c4,branch_to_eukaryota
"(Node1612*, Node77*)",571,0.2341753994352156,0.280118289015922,c3,branch_to_eukaryota
"(Node1612*, Node77*)",572,0.1340263038657823,0.280118289015922,c3,branch_to_eukaryota
"(Node1612*, Node77*)",573,0.9701889862523592,0.9674483230781173,c2,branch_to_eukaryota
"(Node1612*, Node77*)",574,-0.7106210462867153,0.9674483230781173,c2,branch_to_eukaryota
"(Node1612*, Node77*)",575,0.5436804568212261,0.280118289015922,c3,branch_to_eukaryota
"(Node1612*, Node77*)",576,0.4333093202950725,0.9674483230781173,c2,branch_to_eukaryota
"(Node1612*, Node77*)",577,-0.635444846004864,2.2941500647941577,c1,branch_to_eukaryota
"(Node1612*, Node77*)",578,0.0395635253119921,0.9674483230781173,c2,branch_to_eukaryota
"(Node1612*, Node77*)",579,-0.000137664803006,0.0020438828458006,c4,branch_to_eukaryota
"(Node1612*, Node77*)",580,8.129676717565749e-05,0.0020438828458006,c4,branch_to_eukaryota
"(Node1612*, Node77*)",581,0.0001048104953435,0.0020438828458006,c4,branch_to_eukaryota
"(Node1612*, Node77*)",582,-1.1090818609630617e-05,0.0020438828458006,c4,branch_to_eukaryota
"(Node1612*, Node77*)",583,1.4652769322818166e-16,0.0020438828458006,c4,branch_to_eukaryota
"(Node1612*, Node77*)",584,0.0001897235766817,0.0020438828458006,c4,branch_to_eukaryota
"(Node1612*, Node77*)",585,0.0001207361063361,0.0020438828458006,c4,branch_to_eukaryota
"(Node1612*, Node77*)",586,-2.8050378098770625e-16,0.0020438828458006,c4,branch_to_eukaryota
"(Node1612*, Node77*)",587,-1.1469284240617636e-16,0.0020438828458006,c4,branch_to_eukaryota
"(Node1612*, Node77*)",588,-3.407729669528681e-16,0.0020438828458006,c4,branch_to_eukaryota
"(Node1612*, Node77*)",589,-4.3123691811055975e-16,0.0020438828458006,c4,branch_to_eukaryota
"(Node1612*, Node77*)",590,0.0403971873903149,0.0020438828458006,c4,branch_to_eukaryota
"(Node1612*, Node77*)",591,-0.4483489216554252,0.280118289015922,c3,branch_to_eukaryota
"(Node1612*, Node77*)",592,0.9494461693297565,0.280118289015922,c3,branch_to_eukaryota
"(Node1612*, Node77*)",593,-0.4459208963653119,0.280118289015922,c3,branch_to_eukaryota
"(Node1612*, Node77*)",594,-0.8069148538249038,0.280118289015922,c3,branch_to_eukaryota
"(Node1612*, Node77*)",595,0.0193026317083262,0.280118289015922,c3,branch_to_eukaryota
"(Node1612*, Node77*)",596,-1.0809580528896096e-15,0.0020438828458006,c4,branch_to_eukaryota
"(Node1612*, Node77*)",597,5.539560607267239e-16,0.0020438828458006,c4,branch_to_eukaryota
"(Node1612*, Node77*)",598,5.518206959262554e-16,0.0020438828458006,c4,branch_to_eukaryota
"(Node1612*, Node77*)",599,1.6553239172889447e-16,0.0020438828458006,c4,branch_to_eukaryota
"(Node1612*, Node77*)",600,-2.248776832899764e-16,0.0020438828458006,c4,branch_to_eukaryota
"(Node1612*, Node77*)",601,-1.7521844450663122e-17,0.0020438828458006,c4,branch_to_eukaryota
"(Node1612*, Node77*)",602,-3.1547221255243763e-16,0.0020438828458006,c4,branch_to_eukaryota
"(Node1612*, Node77*)",603,-3.0903658004876044e-16,0.0020438828458006,c4,branch_to_eukaryota
"(Node1612*, Node77*)",604,-3.7856181601367695e-16,0.0020438828458006,c4,branch_to_eukaryota
"(Node1612*, Node77*)",605,-9.52293470397516e-18,0.0020438828458006,c4,branch_to_eukaryota
"(Node1612*, Node77*)",606,-3.15832435593025e-16,0.0020438828458006,c4,branch_to_eukaryota
"(Node1612*, Node77*)",607,-0.0137969979407444,0.9674483230781173,c2,branch_to_eukaryota
"(Node1612*, Node77*)",608,-1.3433304398694078e-13,2.2941500647941577,c1,branch_to_eukaryota
"(Node1612*, Node77*)",609,1.1591687103250777e-13,2.2941500647941577,c1,branch_to_eukaryota
"(Node1612*, Node77*)",610,0.6053233024099831,0.9674483230781173,c2,branch_to_eukaryota
"(Node1612*, Node77*)",611,-0.1085836991427941,0.280118289015922,c3,branch_to_eukaryota
"(Node1612*, Node77*)",612,-0.362050925468199,0.9674483230781173,c2,branch_to_eukaryota
"(Node1612*, Node77*)",613,1.413079906379425,2.2941500647941577,c1,branch_to_eukaryota
"(Node1612*, Node77*)",614,-2.8549210255989017e-16,0.9674483230781173,c2,branch_to_eukaryota
"(Node1612*, Node77*)",615,0.5336235909911935,0.9674483230781173,c2,branch_to_eukaryota
"(Node1612*, Node77*)",616,-0.5554017834221812,0.280118289015922,c3,branch_to_eukaryota
"(Node1612*, Node77*)",617,-0.5452286331666302,0.280118289015922,c3,branch_to_eukaryota
"(Node1612*, Node77*)",618,0.0313417359115013,0.0020438828458006,c4,branch_to_eukaryota
"(Node1612*, Node77*)",619,0.0332211829475068,0.0020438828458006,c4,branch_to_eukaryota
"(Node1612*, Node77*)",620,-0.0258841301073242,0.280118289015922,c3,branch_to_eukaryota
"(Node1612*, Node77*)",621,0.3822976637854725,0.280118289015922,c3,branch_to_eukaryota
"(Node1612*, Node77*)",622,0.3200007857409657,0.280118289015922,c3,branch_to_eukaryota
"(Node1612*, Node77*)",623,1.980658912544953,2.2941500647941577,c1,branch_to_eukaryota
"(Node1612*, Node77*)",624,-0.964060392766593,0.9674483230781173,c2,branch_to_eukaryota
"(Node1612*, Node77*)",625,-0.5169433890276494,0.9674483230781173,c2,branch_to_eukaryota
"(Node1612*, Node77*)",626,0.6097308657926631,0.9674483230781173,c2,branch_to_eukaryota
"(Node1612*, Node77*)",627,2.848772506015832,2.2941500647941577,c1,branch_to_eukaryota
"(Node1612*, Node77*)",628,1.9420223894843789,2.2941500647941577,c1,branch_to_eukaryota
"(Node1612*, Node77*)",629,-0.2454638689674916,0.280118289015922,c3,branch_to_eukaryota
"(Node1612*, Node77*)",630,0.2583991942803125,0.280118289015922,c3,branch_to_eukaryota
"(Node1612*, Node77*)",631,1.1899649056914647,0.9674483230781173,c2,branch_to_eukaryota
"(Node1612*, Node77*)",632,1.3055803062306826,0.9674483230781173,c2,branch_to_eukaryota
"(Node1612*, Node77*)",633,-1.3605838236866386e-13,2.2941500647941577,c1,branch_to_eukaryota
"(Node1612*, Node77*)",634,2.139189114534774,2.2941500647941577,c1,branch_to_eukaryota
"(Node1612*, Node77*)",635,2.139189114534774,2.2941500647941577,c1,branch_to_eukaryota
"(Node1612*, Node77*)",636,-6.661030700776114e-13,0.9674483230781173,c2,branch_to_eukaryota
"(Node1612*, Node77*)",637,3.198082820979289,2.2941500647941577,c1,branch_to_eukaryota
"(Node1612*, Node77*)",638,-1.3186719878162324e-14,0.9674483230781173,c2,branch_to_eukaryota
"(Node1612*, Node77*)",639,2.8289022784190148,2.2941500647941577,c1,branch_to_eukaryota
"(Node1612*, Node77*)",640,2.848772506015832,2.2941500647941577,c1,branch_to_eukaryota
"(Node1612*, Node77*)",641,1.1870643740414093,0.9674483230781173,c2,branch_to_eukaryota
"(Node1612*, Node77*)",642,1.2316121560802928,0.9674483230781173,c2,branch_to_eukaryota
"(Node1612*, Node77*)",643,3.198480558282785,2.2941500647941577,c1,branch_to_eukaryota
"(Node1612*, Node77*)",644,-3.118629194773287e-14,0.9674483230781173,c2,branch_to_eukaryota
"(Node1612*, Node77*)",645,1.1870643740414102,0.9674483230781173,c2,branch_to_eukaryota
"(Node1612*, Node77*)",646,2.139189114498923,2.2941500647941577,c1,branch_to_eukaryota
"(Node1612*, Node77*)",647,-0.6444348821678791,2.2941500647941577,c1,branch_to_eukaryota
"(Node1612*, Node77*)",648,2.139189114534774,2.2941500647941577,c1,branch_to_eukaryota
"(Node1612*, Node77*)",649,3.1984852439614686,2.2941500647941577,c1,branch_to_eukaryota
"(Node1612*, Node77*)",650,3.198485283344545,2.2941500647941577,c1,branch_to_eukaryota
"(Node1612*, Node77*)",651,2.848772506015832,2.2941500647941577,c1,branch_to_eukaryota
"(Node1612*, Node77*)",652,2.139189114534774,2.2941500647941577,c1,branch_to_eukaryota
"(Node1612*, Node77*)",653,3.198485283344545,2.2941500647941577,c1,branch_to_eukaryota
"(Node1612*, Node77*)",654,-0.2534042738821391,2.2941500647941577,c1,branch_to_eukaryota
"(Node1612*, Node77*)",655,2.139189099220988,2.2941500647941577,c1,branch_to_eukaryota
"(Node1612*, Node77*)",656,3.198485283344545,2.2941500647941577,c1,branch_to_eukaryota
"(Node1612*, Node77*)",657,3.195159586739176,2.2941500647941577,c1,branch_to_eukaryota
"(Node1612*, Node77*)",658,2.139189114534774,2.2941500647941577,c1,branch_to_eukaryota
"(Node1612*, Node77*)",659,3.198485283344545,2.2941500647941577,c1,branch_to_eukaryota
"(Node1612*, Node77*)",660,2.139189114534774,2.2941500647941577,c1,branch_to_eukaryota
"(Node1612*, Node77*)",661,2.139189114534774,2.2941500647941577,c1,branch_to_eukaryota
"(Node1612*, Node77*)",662,-1.1863406751162118e-13,2.2941500647941577,c1,branch_to_eukaryota
"(Node1612*, Node77*)",663,2.848772506015832,2.2941500647941577,c1,branch_to_eukaryota
"(Node1612*, Node77*)",664,2.848772506015832,2.2941500647941577,c1,branch_to_eukaryota
"(Node1612*, Node77*)",665,-0.7429305519367777,0.9674483230781173,c2,branch_to_eukaryota
"(Node1612*, Node77*)",666,2.691071826412699,2.2941500647941577,c1,branch_to_eukaryota
"(Node1612*, Node77*)",667,3.198485283291185,2.2941500647941577,c1,branch_to_eukaryota
"(Node1612*, Node77*)",668,1.7459369760301715,0.9674483230781173,c2,branch_to_eukaryota
"(Node1612*, Node77*)",669,1.4878964836136768,0.9674483230781173,c2,branch_to_eukaryota
"(Node1612*, Node77*)",670,1.6297668053040308,0.9674483230781173,c2,branch_to_eukaryota
"(Node1612*, Node77*)",671,1.7459369760298673,0.9674483230781173,c2,branch_to_eukaryota
"(Node1612*, Node77*)",672,-0.5575060751351149,0.9674483230781173,c2,branch_to_eukaryota
"(Node1612*, Node77*)",673,1.7457901532752895,0.9674483230781173,c2,branch_to_eukaryota
"(Node1612*, Node77*)",674,0.8985595147971869,0.9674483230781173,c2,branch_to_eukaryota
"(Node1612*, Node77*)",675,-0.4020860348932768,0.280118289015922,c3,branch_to_eukaryota
"(Node1612*, Node77*)",676,2.906488148179229,2.2941500647941577,c1,branch_to_eukaryota
"(Node1612*, Node77*)",677,0.6779417715981734,0.280118289015922,c3,branch_to_eukaryota
"(Node1612*, Node77*)",678,2.8487724136461496,2.2941500647941577,c1,branch_to_eukaryota
"(Node1612*, Node77*)",679,2.139189114534774,2.2941500647941577,c1,branch_to_eukaryota
"(Node1612*, Node77*)",680,3.1872232474117026,2.2941500647941577,c1,branch_to_eukaryota
"(Node1612*, Node77*)",681,2.053014718779423,2.2941500647941577,c1,branch_to_eukaryota
"(Node1612*, Node77*)",682,-0.6404963466324805,2.2941500647941577,c1,branch_to_eukaryota
"(Node1612*, Node77*)",683,1.2003354709788854,2.2941500647941577,c1,branch_to_eukaryota
"(Node1612*, Node77*)",684,0.6059785591099267,0.9674483230781173,c2,branch_to_eukaryota
"(Node1612*, Node77*)",685,-0.0969213501797317,0.9674483230781173,c2,branch_to_eukaryota
"(Node1612*, Node77*)",686,1.514206645985851,0.9674483230781173,c2,branch_to_eukaryota
"(Node1612*, Node77*)",687,3.1970969500663093,2.2941500647941577,c1,branch_to_eukaryota
"(Node1612*, Node77*)",688,0.842549840307737,0.9674483230781173,c2,branch_to_eukaryota
"(Node1612*, Node77*)",689,-0.7176296516972179,0.9674483230781173,c2,branch_to_eukaryota
"(Node1612*, Node77*)",690,-0.7976811379621835,2.2941500647941577,c1,branch_to_eukaryota
"(Node1612*, Node77*)",691,0.1685626875805728,0.280118289015922,c3,branch_to_eukaryota
"(Node1612*, Node77*)",692,-0.9728592499973164,2.2941500647941577,c1,branch_to_eukaryota
"(Node1612*, Node77*)",693,-0.4422369613079053,0.9674483230781173,c2,branch_to_eukaryota
"(Node1612*, Node77*)",694,-0.910953700584755,2.2941500647941577,c1,branch_to_eukaryota
"(Node1612*, Node77*)",695,2.4474793614369545,0.9674483230781173,c2,branch_to_eukaryota
"(Node1612*, Node77*)",696,-7.830202630715149e-13,2.2941500647941577,c1,branch_to_eukaryota
"(Node1612*, Node77*)",697,2.1391891145076696,2.2941500647941577,c1,branch_to_eukaryota
"(Node1612*, Node77*)",698,-1.0119243368057027,2.2941500647941577,c1,branch_to_eukaryota
"(Node1612*, Node77*)",699,-0.9094864010952488,2.2941500647941577,c1,branch_to_eukaryota
"(Node1612*, Node77*)",700,-1.0118526282630629,2.2941500647941577,c1,branch_to_eukaryota
"(Node1612*, Node77*)",701,2.170177377315636,2.2941500647941577,c1,branch_to_eukaryota
"(Node1612*, Node77*)",702,-7.830202630715149e-13,2.2941500647941577,c1,branch_to_eukaryota
"(Node1612*, Node77*)",703,1.9806589265829728,2.2941500647941577,c1,branch_to_eukaryota
"(Node1612*, Node77*)",704,2.848772506015832,2.2941500647941577,c1,branch_to_eukaryota
"(Node1612*, Node77*)",705,2.848772506015832,2.2941500647941577,c1,branch_to_eukaryota
"(Node1612*, Node77*)",706,-0.9113207495187726,2.2941500647941577,c1,branch_to_eukaryota
"(Node1612*, Node77*)",707,0.6057849423437659,0.280118289015922,c3,branch_to_eukaryota
"(Node1612*, Node77*)",708,2.139188951258318,2.2941500647941577,c1,branch_to_eukaryota
"(Node1612*, Node77*)",709,1.7785218157146998,0.9674483230781173,c2,branch_to_eukaryota
"(Node1612*, Node77*)",710,1.2895862787309589,0.280118289015922,c3,branch_to_eukaryota
"(Node1612*, Node77*)",711,1.488202981384138,0.280118289015922,c3,branch_to_eukaryota
"(Node1612*, Node77*)",712,2.139189114534774,2.2941500647941577,c1,branch_to_eukaryota
"(Node1612*, Node77*)",713,-0.4902604208615581,0.9674483230781173,c2,branch_to_eukaryota
"(Node1612*, Node77*)",714,2.848772506015832,2.2941500647941577,c1,branch_to_eukaryota
"(Node1612*, Node77*)",715,2.139189114534774,2.2941500647941577,c1,branch_to_eukaryota
"(Node1612*, Node77*)",716,-0.9175371014399122,2.2941500647941577,c1,branch_to_eukaryota
"(Node1612*, Node77*)",717,1.1771253784911877,0.280118289015922,c3,branch_to_eukaryota
"(Node1612*, Node77*)",718,1.766843690611628,0.9674483230781173,c2,branch_to_eukaryota
"(Node1612*, Node77*)",719,-1.7802824790628187e-14,0.280118289015922,c3,branch_to_eukaryota
"(Node1612*, Node77*)",720,0.0204140273765779,0.9674483230781173,c2,branch_to_eukaryota
"(Node1612*, Node77*)",721,2.6530773262392976e-14,0.280118289015922,c3,branch_to_eukaryota
"(Node1612*, Node77*)",722,0.0733864309350227,0.280118289015922,c3,branch_to_eukaryota
"(Node1612*, Node77*)",723,0.0359108125531599,0.9674483230781173,c2,branch_to_eukaryota
"(Node1612*, Node77*)",724,-0.0001097293741781,0.0020438828458006,c4,branch_to_eukaryota
"(Node1612*, Node77*)",725,1.4474106067347752,0.9674483230781173,c2,branch_to_eukaryota
"(Node1612*, Node77*)",726,-0.1362790510569741,0.0020438828458006,c4,branch_to_eukaryota
"(Node1612*, Node77*)",727,-0.1357091396162583,0.0020438828458006,c4,branch_to_eukaryota
"(Node1612*, Node77*)",728,0.0880400728570669,0.0020438828458006,c4,branch_to_eukaryota
"(Node1612*, Node77*)",729,0.0274623170217391,0.0020438828458006,c4,branch_to_eukaryota
"(Node1612*, Node77*)",730,0.0197280759289103,0.0020438828458006,c4,branch_to_eukaryota
"(Node1612*, Node77*)",731,-0.1641903132704334,0.280118289015922,c3,branch_to_eukaryota
"(Node1612*, Node77*)",732,1.4251607329584548,0.9674483230781173,c2,branch_to_eukaryota
"(Node1612*, Node77*)",733,0.2558108968289929,0.9674483230781173,c2,branch_to_eukaryota
"(Node1612*, Node77*)",734,-0.4621938744815992,0.9674483230781173,c2,branch_to_eukaryota
"(Node1612*, Node77*)",735,-0.5075151346767212,0.9674483230781173,c2,branch_to_eukaryota
"(Node1612*, Node77*)",736,0.2157150152543678,0.280118289015922,c3,branch_to_eukaryota
"(Node1612*, Node77*)",737,-0.1057322667233095,0.0020438828458006,c4,branch_to_eukaryota
"(Node1612*, Node77*)",738,0.4571275022124429,0.280118289015922,c3,branch_to_eukaryota
"(Node1612*, Node77*)",739,0.0862507603547671,0.0020438828458006,c4,branch_to_eukaryota
"(Node1612*, Node77*)",740,0.0533741579956739,0.280118289015922,c3,branch_to_eukaryota
"(Node1612*, Node77*)",741,1.3674652427729028,0.9674483230781173,c2,branch_to_eukaryota
"(Node1612*, Node77*)",742,2.041088822153609,2.2941500647941577,c1,branch_to_eukaryota
"(Node1612*, Node77*)",743,-2.0395123314946533e-14,0.280118289015922,c3,branch_to_eukaryota
"(Node1612*, Node77*)",744,2.571253756359901,2.2941500647941577,c1,branch_to_eukaryota
"(Node1612*, Node77*)",745,-0.8195069795839731,2.2941500647941577,c1,branch_to_eukaryota
"(Node1612*, Node77*)",746,1.6517525638881707,2.2941500647941577,c1,branch_to_eukaryota
"(Node1612*, Node77*)",747,-0.4924900393445983,0.280118289015922,c3,branch_to_eukaryota
"(Node1612*, Node77*)",748,0.3938431429844552,0.280118289015922,c3,branch_to_eukaryota
"(Node1612*, Node77*)",749,-0.3652025963559972,0.280118289015922,c3,branch_to_eukaryota
"(Node1612*, Node77*)",750,-0.0811461912225739,0.280118289015922,c3,branch_to_eukaryota
"(Node1612*, Node77*)",751,0.0207776881522407,0.0020438828458006,c4,branch_to_eukaryota
"(Node1612*, Node77*)",752,0.0776777815661659,0.0020438828458006,c4,branch_to_eukaryota
"(Node1612*, Node77*)",753,-0.0863281740903899,0.0020438828458006,c4,branch_to_eukaryota
"(Node1612*, Node77*)",754,0.839226772359911,2.2941500647941577,c1,branch_to_eukaryota
"(Node1612*, Node77*)",755,2.3540736195052085,2.2941500647941577,c1,branch_to_eukaryota
"(Node1612*, Node77*)",756,-0.7953083617848394,0.9674483230781173,c2,branch_to_eukaryota
"(Node1612*, Node77*)",757,0.9815763016774416,0.280118289015922,c3,branch_to_eukaryota
"(Node1612*, Node77*)",758,2.6523922627151597,2.2941500647941577,c1,branch_to_eukaryota
"(Node1612*, Node77*)",759,-0.8558433344663442,2.2941500647941577,c1,branch_to_eukaryota
"(Node1612*, Node77*)",760,0.033671214519434,2.2941500647941577,c1,branch_to_eukaryota
"(Node1612*, Node77*)",761,-0.0760843803708827,0.0020438828458006,c4,branch_to_eukaryota
"(Node1612*, Node77*)",762,0.1004525368735156,0.0020438828458006,c4,branch_to_eukaryota
"(Node1612*, Node77*)",763,0.0555438096543821,0.0020438828458006,c4,branch_to_eukaryota
"(Node1612*, Node77*)",764,0.0885378993452048,0.280118289015922,c3,branch_to_eukaryota
"(Node1612*, Node77*)",765,0.4951574684190638,0.280118289015922,c3,branch_to_eukaryota
"(Node1612*, Node77*)",766,0.625999111922587,0.280118289015922,c3,branch_to_eukaryota
"(Node1612*, Node77*)",767,0.1011839274638063,0.280118289015922,c3,branch_to_eukaryota
"(Node1612*, Node77*)",768,0.1077709561562951,0.0020438828458006,c4,branch_to_eukaryota
"(Node1612*, Node77*)",769,-0.2578842566466382,0.280118289015922,c3,branch_to_eukaryota
"(Node1612*, Node77*)",770,3.403642497661166e-15,0.280118289015922,c3,branch_to_eukaryota
"(Node1612*, Node77*)",771,-0.4274617554965817,0.9674483230781173,c2,branch_to_eukaryota
"(Node1612*, Node77*)",772,1.4887528038335816,0.9674483230781173,c2,branch_to_eukaryota
"(Node1612*, Node77*)",773,0.0303170129346682,0.0020438828458006,c4,branch_to_eukaryota
"(Node1612*, Node77*)",774,0.6965007869473592,0.280118289015922,c3,branch_to_eukaryota
"(Node1612*, Node77*)",775,0.331892821994384,0.280118289015922,c3,branch_to_eukaryota
"(Node1612*, Node77*)",776,-0.0584764817178323,0.0020438828458006,c4,branch_to_eukaryota
"(Node1612*, Node77*)",777,0.0630035858892197,0.280118289015922,c3,branch_to_eukaryota
"(Node1612*, Node77*)",778,-0.6208402450390218,0.9674483230781173,c2,branch_to_eukaryota
"(Node1612*, Node77*)",779,-0.0332290844670232,0.280118289015922,c3,branch_to_eukaryota
"(Node1612*, Node77*)",780,-1.0072733683620054,2.2941500647941577,c1,branch_to_eukaryota
"(Node1612*, Node77*)",781,-0.3500074624404446,0.9674483230781173,c2,branch_to_eukaryota
"(Node1612*, Node77*)",782,0.1433192031225021,0.9674483230781173,c2,branch_to_eukaryota
"(Node1612*, Node77*)",783,-0.342011547955759,0.280118289015922,c3,branch_to_eukaryota
"(Node1612*, Node77*)",784,0.0173840421072953,0.0020438828458006,c4,branch_to_eukaryota
"(Node1612*, Node77*)",785,-0.0820893031467544,0.0020438828458006,c4,branch_to_eukaryota
"(Node1612*, Node77*)",786,0.0306920324061752,0.0020438828458006,c4,branch_to_eukaryota
"(Node1612*, Node77*)",787,-0.1117643916085284,0.0020438828458006,c4,branch_to_eukaryota
"(Node1612*, Node77*)",788,-0.0733438091226202,0.0020438828458006,c4,branch_to_eukaryota
"(Node1612*, Node77*)",789,2.161334097485358,0.9674483230781173,c2,branch_to_eukaryota
"(Node1612*, Node77*)",790,4.263749282989261e-14,0.280118289015922,c3,branch_to_eukaryota
"(Node1612*, Node77*)",791,2.5693843586092717e-15,0.0020438828458006,c4,branch_to_eukaryota
"(Node1612*, Node77*)",792,2.653924091585636e-15,0.0020438828458006,c4,branch_to_eukaryota
"(Node1612*, Node77*)",793,7.949295703025254e-16,0.0020438828458006,c4,branch_to_eukaryota
"(Node1612*, Node77*)",794,-8.773242545333251e-16,0.0020438828458006,c4,branch_to_eukaryota
"(Node1612*, Node77*)",795,2.1047235084417075e-16,0.0020438828458006,c4,branch_to_eukaryota
"(Node1612*, Node77*)",796,1.2031669004227324e-15,0.0020438828458006,c4,branch_to_eukaryota
"(Node1612*, Node77*)",797,-2.0590142753134175e-15,0.0020438828458006,c4,branch_to_eukaryota
"(Node1612*, Node77*)",798,-8.426041183746412e-14,0.280118289015922,c3,branch_to_eukaryota
"(Node1612*, Node77*)",799,-1.597451124816224e-15,0.0020438828458006,c4,branch_to_eukaryota
"(Node1612*, Node77*)",800,-8.470325234178871e-16,0.0020438828458006,c4,branch_to_eukaryota
"(Node1612*, Node77*)",801,-1.4572141082973973e-15,0.0020438828458006,c4,branch_to_eukaryota
"(Node1612*, Node77*)",802,-3.4220689056834654e-16,0.0020438828458006,c4,branch_to_eukaryota
"(Node1612*, Node77*)",803,-1.3250394990803188e-15,0.0020438828458006,c4,branch_to_eukaryota
"(Node1612*, Node77*)",804,1.4616340612119364e-15,0.0020438828458006,c4,branch_to_eukaryota
"(Node1612*, Node77*)",805,2.0035811344243543e-15,0.0020438828458006,c4,branch_to_eukaryota
"(Node1612*, Node77*)",806,-1.811048643656187e-16,0.0020438828458006,c4,branch_to_eukaryota
"(Node1612*, Node77*)",807,-1.7767116951542335e-15,0.0020438828458006,c4,branch_to_eukaryota
"(Node1612*, Node77*)",808,1.0702375183601326e-15,0.0020438828458006,c4,branch_to_eukaryota
"(Node1612*, Node77*)",809,2.012297481352617e-15,0.0020438828458006,c4,branch_to_eukaryota
"(Node1612*, Node77*)",810,1.5223478441517127e-14,0.280118289015922,c3,branch_to_eukaryota
"(Node1612*, Node77*)",811,-1.5704258076236797e-15,0.0020438828458006,c4,branch_to_eukaryota
"(Node1612*, Node77*)",812,3.968564861838889e-16,0.0020438828458006,c4,branch_to_eukaryota
"(Node1612*, Node77*)",813,2.145641181849026e-16,0.0020438828458006,c4,branch_to_eukaryota
"(Node1612*, Node77*)",814,1.0985531342180147e-14,0.280118289015922,c3,branch_to_eukaryota
"(Node1612*, Node77*)",815,-1.2485513839850081e-13,0.9674483230781173,c2,branch_to_eukaryota
"(Node1612*, Node77*)",816,1.8182773872898403e-14,0.9674483230781173,c2,branch_to_eukaryota
"(Node1612*, Node77*)",817,6.777233168106e-16,0.0020438828458006,c4,branch_to_eukaryota
"(Node1612*, Node77*)",818,-1.4046264012106482e-14,0.280118289015922,c3,branch_to_eukaryota
"(Node1612*, Node77*)",819,2.5868185718193645e-15,0.0020438828458006,c4,branch_to_eukaryota
"(Node1612*, Node77*)",820,4.4514737657771676e-14,0.280118289015922,c3,branch_to_eukaryota
"(Node1612*, Node77*)",821,-7.477125363953763e-14,0.280118289015922,c3,branch_to_eukaryota
"(Node1612*, Node77*)",822,-1.6580981359231674e-15,0.0020438828458006,c4,branch_to_eukaryota
"(Node1612*, Node77*)",823,-7.144266015255295e-16,0.0020438828458006,c4,branch_to_eukaryota
"(Node1612*, Node77*)",824,1.302496703463993e-15,0.0020438828458006,c4,branch_to_eukaryota
"(Node1612*, Node77*)",825,-8.418167704245869e-14,0.280118289015922,c3,branch_to_eukaryota
"(Node1612*, Node77*)",826,-1.4857027066297448e-15,0.0020438828458006,c4,branch_to_eukaryota
"(Node1612*, Node77*)",827,-1.879213826530811e-15,0.0020438828458006,c4,branch_to_eukaryota
"(Node1612*, Node77*)",828,-9.667884057603088e-16,0.0020438828458006,c4,branch_to_eukaryota
"(Node1612*, Node77*)",829,-1.1094394321106333e-15,0.0020438828458006,c4,branch_to_eukaryota
"(Node1612*, Node77*)",830,-1.6782776504500922e-15,0.0020438828458006,c4,branch_to_eukaryota
"(Node1612*, Node77*)",831,-3.909748242227449e-16,0.0020438828458006,c4,branch_to_eukaryota
"(Node1612*, Node77*)",832,-1.5787474898797896e-15,0.0020438828458006,c4,branch_to_eukaryota
"(Node1612*, Node77*)",833,-1.104964552513106e-15,0.0020438828458006,c4,branch_to_eukaryota
"(Node1612*, Node77*)",834,2.2856254070297258e-15,0.0020438828458006,c4,branch_to_eukaryota
"(Node1612*, Node77*)",835,1.3829281659776177e-15,0.0020438828458006,c4,branch_to_eukaryota
"(Node1612*, Node77*)",836,5.3962027036658003e-17,0.0020438828458006,c4,branch_to_eukaryota
"(Node1612*, Node77*)",837,-4.793944592071964e-14,0.280118289015922,c3,branch_to_eukaryota
"(Node1612*, Node77*)",838,-5.793423242365105e-16,0.0020438828458006,c4,branch_to_eukaryota
"(Node1612*, Node77*)",839,1.2987567290178177e-15,0.0020438828458006,c4,branch_to_eukaryota
"(Node1612*, Node77*)",840,3.751758396463691e-16,0.0020438828458006,c4,branch_to_eukaryota
"(Node1612*, Node77*)",841,-3.4238771636068926e-16,0.0020438828458006,c4,branch_to_eukaryota
"(Node1612*, Node77*)",842,-1.169749445609354e-13,0.280118289015922,c3,branch_to_eukaryota
"(Node1612*, Node77*)",843,-1.1323204570854074e-12,2.2941500647941577,c1,branch_to_eukaryota
"(Node1612*, Node77*)",844,-1.8731981163125681e-13,0.9674483230781173,c2,branch_to_eukaryota
"(Node1612*, Node77*)",845,3.83439121036639e-13,2.2941500647941577,c1,branch_to_eukaryota
"(Node1612*, Node77*)",846,-1.14855299081994e-12,2.2941500647941577,c1,branch_to_eukaryota
"(Node1612*, Node77*)",847,-1.949747464603421e-13,0.9674483230781173,c2,branch_to_eukaryota
"(Node1612*, Node77*)",848,-7.065655239162239e-14,0.280118289015922,c3,branch_to_eukaryota
"(Node1612*, Node77*)",849,-9.581208097253263e-13,2.2941500647941577,c1,branch_to_eukaryota
"(Node1612*, Node77*)",850,-1.5069038549739654e-12,2.2941500647941577,c1,branch_to_eukaryota
"(Node1612*, Node77*)",851,1.3146070505842804e-12,2.2941500647941577,c1,branch_to_eukaryota
"(Node1612*, Node77*)",852,-3.1613086975548426e-14,0.280118289015922,c3,branch_to_eukaryota
"(Node1612*, Node77*)",853,-4.542167311764811e-14,0.280118289015922,c3,branch_to_eukaryota
"(Node1612*, Node77*)",854,1.2863388116368377e-12,2.2941500647941577,c1,branch_to_eukaryota
"(Node1612*, Node77*)",855,1.2863388116368377e-12,2.2941500647941577,c1,branch_to_eukaryota
"(Node1612*, Node77*)",856,1.3159084189868028e-12,2.2941500647941577,c1,branch_to_eukaryota
"(Node1612*, Node77*)",857,1.7878517798374478e-13,0.9674483230781173,c2,branch_to_eukaryota
"(Node1612*, Node77*)",858,-2.1491357480828406e-13,0.9674483230781173,c2,branch_to_eukaryota
"(Node1612*, Node77*)",859,-2.877902763931843e-13,0.9674483230781173,c2,branch_to_eukaryota
"(Node1612*, Node77*)",860,-6.427969285809952e-13,0.9674483230781173,c2,branch_to_eukaryota
"(Node1612*, Node77*)",861,3.298984081444538e-13,0.9674483230781173,c2,branch_to_eukaryota
"(Node1612*, Node77*)",862,-1.5069038549739654e-12,2.2941500647941577,c1,branch_to_eukaryota
"(Node1612*, Node77*)",863,-1.8664701924227966e-13,0.9674483230781173,c2,branch_to_eukaryota
"(Node1612*, Node77*)",864,-1.5069038549739654e-12,2.2941500647941577,c1,branch_to_eukaryota
"(Node1612*, Node77*)",865,-2.0575802706742505e-13,0.9674483230781173,c2,branch_to_eukaryota
"(Node1612*, Node77*)",866,-1.0919873294935453e-12,2.2941500647941577,c1,branch_to_eukaryota
"(Node1612*, Node77*)",867,6.568477256766524e-14,0.280118289015922,c3,branch_to_eukaryota
"(Node1612*, Node77*)",868,2.58830559035514e-13,0.9674483230781173,c2,branch_to_eukaryota
"(Node1612*, Node77*)",869,1.315893713170978e-12,2.2941500647941577,c1,branch_to_eukaryota
"(Node1612*, Node77*)",870,1.0885473027447575e-13,0.9674483230781173,c2,branch_to_eukaryota
"(Node1612*, Node77*)",871,-1.5069038549739654e-12,2.2941500647941577,c1,branch_to_eukaryota
"(Node1612*, Node77*)",872,-1.14855299081994e-12,2.2941500647941577,c1,branch_to_eukaryota
"(Node1612*, Node77*)",873,1.3146090200580908e-12,2.2941500647941577,c1,branch_to_eukaryota
"(Node1612*, Node77*)",874,-5.763456143491752e-13,0.9674483230781173,c2,branch_to_eukaryota
"(Node1612*, Node77*)",875,-6.490745079642428e-13,0.9674483230781173,c2,branch_to_eukaryota
"(Node1612*, Node77*)",876,-1.8937140827011065e-13,0.9674483230781173,c2,branch_to_eukaryota
"(Node1612*, Node77*)",877,-1.1395436218283517e-15,0.0020438828458006,c4,branch_to_eukaryota
"(Node1612*, Node77*)",878,-7.708148950846988e-16,0.0020438828458006,c4,branch_to_eukaryota
"(Node1612*, Node77*)",879,-1.869091854561073e-15,0.0020438828458006,c4,branch_to_eukaryota
"(Node1612*, Node77*)",880,1.3936441374235566e-15,0.0020438828458006,c4,branch_to_eukaryota
"(Node1612*, Node77*)",881,-3.382132024989197e-13,0.9674483230781173,c2,branch_to_eukaryota
"(Node1612*, Node77*)",882,-1.163698302732312e-13,0.9674483230781173,c2,branch_to_eukaryota
"(Node1612*, Node77*)",883,4.759215064150127e-14,0.280118289015922,c3,branch_to_eukaryota
"(Node1612*, Node77*)",884,-1.0539630449684737e-13,0.9674483230781173,c2,branch_to_eukaryota
"(Node1612*, Node77*)",885,-1.4735272137632693e-12,2.2941500647941577,c1,branch_to_eukaryota
"(Node1612*, Node77*)",886,-4.4680512805309445e-14,0.280118289015922,c3,branch_to_eukaryota
"(Node1612*, Node77*)",887,1.286783102967343e-12,2.2941500647941577,c1,branch_to_eukaryota
"(Node1612*, Node77*)",888,-1.947377383741197e-13,0.9674483230781173,c2,branch_to_eukaryota
"(Node1612*, Node77*)",889,-1.0235796418670068e-14,0.280118289015922,c3,branch_to_eukaryota
"(Node1612*, Node77*)",890,1.7637873158537545e-15,0.0020438828458006,c4,branch_to_eukaryota
"(Node1612*, Node77*)",891,-1.410526924767021e-15,0.0020438828458006,c4,branch_to_eukaryota
"(Node1612*, Node77*)",892,-5.911114417030257e-14,0.280118289015922,c3,branch_to_eukaryota
"(Node1612*, Node77*)",893,3.579614550512641e-14,0.280118289015922,c3,branch_to_eukaryota
"(Node1612*, Node77*)",894,2.58776420455139e-13,0.9674483230781173,c2,branch_to_eukaryota
"(Node1612*, Node77*)",895,-1.508401980536517e-12,2.2941500647941577,c1,branch_to_eukaryota
"(Node1612*, Node77*)",896,-1.137769593393366e-12,2.2941500647941577,c1,branch_to_eukaryota
"(Node1612*, Node77*)",897,-1.0432466268270286e-12,2.2941500647941577,c1,branch_to_eukaryota
"(Node1612*, Node77*)",898,1.1537237268293364e-12,2.2941500647941577,c1,branch_to_eukaryota
"(Node1612*, Node77*)",899,-1.4730762390052121e-12,2.2941500647941577,c1,branch_to_eukaryota
"(Node1612*, Node77*)",900,-1.5069038549739654e-12,2.2941500647941577,c1,branch_to_eukaryota
"(Node1612*, Node77*)",901,-3.964520068129318e-14,0.280118289015922,c3,branch_to_eukaryota
"(Node1612*, Node77*)",902,1.2863388116368377e-12,2.2941500647941577,c1,branch_to_eukaryota
"(Node1612*, Node77*)",903,-1.150803868993597e-12,2.2941500647941577,c1,branch_to_eukaryota
"(Node1612*, Node77*)",904,5.254534931916607e-14,0.9674483230781173,c2,branch_to_eukaryota
"(Node1612*, Node77*)",905,6.721170692690953e-13,2.2941500647941577,c1,branch_to_eukaryota
"(Node1612*, Node77*)",906,-2.0906274912790058e-13,0.9674483230781173,c2,branch_to_eukaryota
"(Node1612*, Node77*)",907,-1.8053393791235613e-15,0.0020438828458006,c4,branch_to_eukaryota
"(Node1612*, Node77*)",908,-1.561000500083121e-15,0.0020438828458006,c4,branch_to_eukaryota
"(Node1612*, Node77*)",909,-1.6655699551420872e-15,0.280118289015922,c3,branch_to_eukaryota
"(Node1612*, Node77*)",910,-2.94429167660018e-14,0.9674483230781173,c2,branch_to_eukaryota
"(Node1612*, Node77*)",911,-1.1768947860262436e-13,0.9674483230781173,c2,branch_to_eukaryota
"(Node1612*, Node77*)",912,1.0870630528485509e-13,0.9674483230781173,c2,branch_to_eukaryota
"(Node1612*, Node77*)",913,-5.0396315233691876e-14,0.280118289015922,c3,branch_to_eukaryota
"(Node1612*, Node77*)",914,-2.881277636242146e-13,0.9674483230781173,c2,branch_to_eukaryota
"(Node1612*, Node77*)",915,1.0783050296397133e-13,0.9674483230781173,c2,branch_to_eukaryota
"(Node1612*, Node77*)",916,-1.7454608589134425e-13,0.9674483230781173,c2,branch_to_eukaryota
"(Node1612*, Node77*)",917,1.1602264000975749e-14,0.280118289015922,c3,branch_to_eukaryota
"(Node1612*, Node77*)",918,1.911546008883811e-14,0.280118289015922,c3,branch_to_eukaryota
"(Node1612*, Node77*)",919,1.7163323537803594e-14,0.280118289015922,c3,branch_to_eukaryota
"(Node1612*, Node77*)",920,-6.757490986257015e-14,0.280118289015922,c3,branch_to_eukaryota
"(Node1612*, Node77*)",921,-6.807753544989665e-14,0.280118289015922,c3,branch_to_eukaryota
"(Node1612*, Node77*)",922,-2.088800452832591e-13,0.9674483230781173,c2,branch_to_eukaryota
"(Node1612*, Node77*)",923,2.2195714062702377e-14,0.280118289015922,c3,branch_to_eukaryota
"(Node1612*, Node77*)",924,5.946525833144016e-15,0.280118289015922,c3,branch_to_eukaryota
"(Node1612*, Node77*)",925,-2.1948407579681802e-13,0.9674483230781173,c2,branch_to_eukaryota
"(Node1612*, Node77*)",926,-3.393885480251391e-14,0.280118289015922,c3,branch_to_eukaryota
"(Node1612*, Node77*)",927,-2.1541286258175762e-13,0.9674483230781173,c2,branch_to_eukaryota
"(Node1612*, Node77*)",928,-5.605220988987418e-13,0.9674483230781173,c2,branch_to_eukaryota
"(Node1612*, Node77*)",929,-1.4583788385512625e-13,0.9674483230781173,c2,branch_to_eukaryota
"(Node1612*, Node77*)",930,2.524943224719049e-13,0.9674483230781173,c2,branch_to_eukaryota
"(Node1612*, Node77*)",931,-9.959211662635719e-14,0.280118289015922,c3,branch_to_eukaryota
"(Node1612*, Node77*)",932,-2.889771753827636e-13,0.9674483230781173,c2,branch_to_eukaryota
"(Node1612*, Node77*)",933,1.9956224188107653e-13,0.9674483230781173,c2,branch_to_eukaryota
"(Node1612*, Node77*)",934,-5.806640730353103e-13,0.9674483230781173,c2,branch_to_eukaryota
"(Node1612*, Node77*)",935,-4.576279506095549e-13,0.9674483230781173,c2,branch_to_eukaryota
"(Node1612*, Node77*)",936,-1.741114184766189e-13,0.9674483230781173,c2,branch_to_eukaryota
"(Node1612*, Node77*)",937,-5.938397339940141e-13,0.9674483230781173,c2,branch_to_eukaryota
"(Node1612*, Node77*)",938,-4.510909304907493e-13,0.9674483230781173,c2,branch_to_eukaryota
"(Node1612*, Node77*)",939,-1.3316535009336768e-14,0.280118289015922,c3,branch_to_eukaryota
"(Node1612*, Node77*)",940,-3.8870421453133356e-14,0.280118289015922,c3,branch_to_eukaryota
"(Node1612*, Node77*)",941,-4.2257444151982525e-15,0.280118289015922,c3,branch_to_eukaryota
"(Node1612*, Node77*)",942,-1.1604344630063502e-13,0.280118289015922,c3,branch_to_eukaryota
"(Node1612*, Node77*)",943,-1.7155511240331861e-15,0.0020438828458006,c4,branch_to_eukaryota
"(Node1612*, Node77*)",944,-3.203823217527463e-14,0.280118289015922,c3,branch_to_eukaryota
"(Node1612*, Node77*)",945,4.693952825883196e-14,0.280118289015922,c3,branch_to_eukaryota
"(Node1612*, Node77*)",946,4.7367151043301016e-14,0.280118289015922,c3,branch_to_eukaryota
"(Node1612*, Node77*)",947,-1.777376619026432e-15,0.0020438828458006,c4,branch_to_eukaryota
"(Node1612*, Node77*)",948,-1.6177014410735846e-15,0.0020438828458006,c4,branch_to_eukaryota
"(Node1612*, Node77*)",949,1.0637031422278692e-14,0.280118289015922,c3,branch_to_eukaryota
"(Node1612*, Node77*)",950,-5.681887294495517e-13,0.9674483230781173,c2,branch_to_eukaryota
"(Node1612*, Node77*)",951,-5.032341765046641e-13,0.9674483230781173,c2,branch_to_eukaryota
"(Node1612*, Node77*)",952,4.929804985791914e-13,0.9674483230781173,c2,branch_to_eukaryota
"(Node1612*, Node77*)",953,1.2686480697135216e-12,2.2941500647941577,c1,branch_to_eukaryota
"(Node1612*, Node77*)",954,-5.136147238704787e-13,0.9674483230781173,c2,branch_to_eukaryota
"(Node1612*, Node77*)",955,-4.551803039249042e-13,0.9674483230781173,c2,branch_to_eukaryota
"(Node1612*, Node77*)",956,5.6462735372114726e-14,0.9674483230781173,c2,branch_to_eukaryota
"(Node1612*, Node77*)",957,-7.565016932416924e-13,2.2941500647941577,c1,branch_to_eukaryota
"(Node1612*, Node77*)",958,-0.235107402101691,0.280118289015922,c3,branch_to_eukaryota
"(Node1612*, Node77*)",959,-1.4100098201009625e-13,2.2941500647941577,c1,branch_to_eukaryota
"(Node1612*, Node77*)",960,0.2205521637443561,2.2941500647941577,c1,branch_to_eukaryota
"(Node1612*, Node77*)",961,-0.5045290598380077,0.9674483230781173,c2,branch_to_eukaryota
"(Node1612*, Node77*)",962,-0.1541833165521291,0.280118289015922,c3,branch_to_eukaryota
"(Node1612*, Node77*)",963,-1.669935519165767e-13,0.9674483230781173,c2,branch_to_eukaryota
"(Node1612*, Node77*)",964,0.0867934499601918,0.0020438828458006,c4,branch_to_eukaryota
"(Node1612*, Node77*)",965,-0.9174431314917671,0.280118289015922,c3,branch_to_eukaryota
"(Node1612*, Node77*)",966,0.474904029646855,0.280118289015922,c3,branch_to_eukaryota
"(Node1612*, Node77*)",967,0.7225203004828146,0.280118289015922,c3,branch_to_eukaryota
"(Node1612*, Node77*)",968,-0.8254749335922132,0.280118289015922,c3,branch_to_eukaryota
"(Node1612*, Node77*)",969,1.046189268741913,0.9674483230781173,c2,branch_to_eukaryota
"(Node1612*, Node77*)",970,1.6605301256413667,0.9674483230781173,c2,branch_to_eukaryota
"(Node1612*, Node77*)",971,0.981643110770526,0.9674483230781173,c2,branch_to_eukaryota
"(Node1612*, Node77*)",972,-1.0436261850568134,0.9674483230781173,c2,branch_to_eukaryota
"(Node1612*, Node77*)",973,2.1391891145347506,2.2941500647941577,c1,branch_to_eukaryota
"(Node1612*, Node77*)",974,-0.871323953000042,0.280118289015922,c3,branch_to_eukaryota
"(Node1612*, Node77*)",975,-0.6528359573940176,0.280118289015922,c3,branch_to_eukaryota
"(Node1612*, Node77*)",976,-1.5084019863334185e-12,2.2941500647941577,c1,branch_to_eukaryota
"(Node1612*, Node77*)",977,0.9033368868521272,0.280118289015922,c3,branch_to_eukaryota
"(Node1612*, Node77*)",978,-0.8401791475692284,0.280118289015922,c3,branch_to_eukaryota
"(Node1612*, Node77*)",979,-0.0333104085634271,0.280118289015922,c3,branch_to_eukaryota
"(Node1612*, Node77*)",980,-2.1881212017473925e-13,0.9674483230781173,c2,branch_to_eukaryota
"(Node1612*, Node77*)",981,-7.778087762783605e-14,0.9674483230781173,c2,branch_to_eukaryota
"(Node1612*, Node77*)",982,-0.2365879423954385,0.9674483230781173,c2,branch_to_eukaryota
"(Node1612*, Node77*)",983,2.121547474560741,2.2941500647941577,c1,branch_to_eukaryota
"(Node1612*, Node77*)",984,2.6499546510384,2.2941500647941577,c1,branch_to_eukaryota
"(Node1612*, Node77*)",985,2.848772506015832,2.2941500647941577,c1,branch_to_eukaryota
"(Node1612*, Node77*)",986,2.444902879291469,0.9674483230781173,c2,branch_to_eukaryota
"(Node1612*, Node77*)",987,1.4406644962878083,0.9674483230781173,c2,branch_to_eukaryota
"(Node1612*, Node77*)",988,0.433824314570687,0.280118289015922,c3,branch_to_eukaryota
"(Node1612*, Node77*)",989,1.5235692256074818,0.9674483230781173,c2,branch_to_eukaryota
"(Node1612*, Node77*)",990,-0.2946920085719919,0.280118289015922,c3,branch_to_eukaryota
"(Node1612*, Node77*)",991,0.1901348537798658,0.280118289015922,c3,branch_to_eukaryota
"(Node1612*, Node77*)",992,1.449189489157536,0.9674483230781173,c2,branch_to_eukaryota
"(Node1612*, Node77*)",993,2.026171848767909,2.2941500647941577,c1,branch_to_eukaryota
"(Node1612*, Node77*)",994,-0.3343941293706131,2.2941500647941577,c1,branch_to_eukaryota
"(Node1612*, Node77*)",995,0.9460848554800184,0.9674483230781173,c2,branch_to_eukaryota
"(Node1612*, Node77*)",996,2.848772506015832,2.2941500647941577,c1,branch_to_eukaryota
"(Node1612*, Node77*)",997,1.3987624123498454,2.2941500647941577,c1,branch_to_eukaryota
"(Node1612*, Node77*)",998,-0.812882677280714,0.9674483230781173,c2,branch_to_eukaryota
"(Node1612*, Node77*)",999,1.80471937945328,0.9674483230781173,c2,branch_to_eukaryota
"(Node1612*, Node77*)",1000,2.139189114534774,2.2941500647941577,c1,branch_to_eukaryota
"(Node1612*, Node77*)",1001,-1.0688723096918245e-13,2.2941500647941577,c1,branch_to_eukaryota
"(Node1612*, Node77*)",1002,1.6956830811741548,0.9674483230781173,c2,branch_to_eukaryota
"(Node1612*, Node77*)",1003,2.0680230484171664,0.9674483230781173,c2,branch_to_eukaryota
"(Node1612*, Node77*)",1004,2.848772506015832,2.2941500647941577,c1,branch_to_eukaryota
"(Node1612*, Node77*)",1005,2.848772506015832,2.2941500647941577,c1,branch_to_eukaryota
"(Node1612*, Node77*)",1006,0.9092828604138796,2.2941500647941577,c1,branch_to_eukaryota
"(Node1612*, Node77*)",1007,-0.5505388112390399,0.9674483230781173,c2,branch_to_eukaryota
"(Node1612*, Node77*)",1008,2.1937045892376066,2.2941500647941577,c1,branch_to_eukaryota
"(Node1612*, Node77*)",1009,1.7636884069046412,0.9674483230781173,c2,branch_to_eukaryota
"(Node1612*, Node77*)",1010,1.0264524216169693,2.2941500647941577,c1,branch_to_eukaryota
"(Node1612*, Node77*)",1011,-0.1528639883422936,2.2941500647941577,c1,branch_to_eukaryota
"(Node1612*, Node77*)",1012,1.9334174136205553,2.2941500647941577,c1,branch_to_eukaryota
"(Node1612*, Node77*)",1013,2.848772506015832,2.2941500647941577,c1,branch_to_eukaryota
"(Node1612*, Node77*)",1014,-0.850169808612456,0.9674483230781173,c2,branch_to_eukaryota
"(Node1612*, Node77*)",1015,2.32764064133075,2.2941500647941577,c1,branch_to_eukaryota
"(Node1612*, Node77*)",1016,3.1415724143920145,2.2941500647941577,c1,branch_to_eukaryota
"(Node1612*, Node77*)",1017,-0.1713455243469174,0.280118289015922,c3,branch_to_eukaryota
"(Node1612*, Node77*)",1018,0.0285012193883911,0.280118289015922,c3,branch_to_eukaryota
"(Node1612*, Node77*)",1019,1.0391012830281527,0.9674483230781173,c2,branch_to_eukaryota
"(Node1612*, Node77*)",1020,0.2267524504127531,0.280118289015922,c3,branch_to_eukaryota
"(Node1612*, Node77*)",1021,0.7049949804592414,0.9674483230781173,c2,branch_to_eukaryota
"(Node1612*, Node77*)",1022,0.2108380144071467,0.280118289015922,c3,branch_to_eukaryota
"(Node1612*, Node77*)",1023,2.139189114534774,2.2941500647941577,c1,branch_to_eukaryota
"(Node1612*, Node77*)",1024,2.8487725060017124,2.2941500647941577,c1,branch_to_eukaryota
"(Node1612*, Node77*)",1025,2.3147070979386086,2.2941500647941577,c1,branch_to_eukaryota
"(Node1612*, Node77*)",1026,-0.2406776480569893,0.9674483230781173,c2,branch_to_eukaryota
"(Node1612*, Node77*)",1027,1.5119961239797652,0.9674483230781173,c2,branch_to_eukaryota
"(Node1612*, Node77*)",1028,-0.2267951607657388,0.9674483230781173,c2,branch_to_eukaryota
"(Node1612*, Node77*)",1029,3.198485283344545,2.2941500647941577,c1,branch_to_eukaryota
"(Node1612*, Node77*)",1030,-0.2595410176002634,0.280118289015922,c3,branch_to_eukaryota
"(Node1612*, Node77*)",1031,0.6605152372343283,0.280118289015922,c3,branch_to_eukaryota
"(Node1612*, Node77*)",1032,0.4744259791178459,0.280118289015922,c3,branch_to_eukaryota
"(Node1612*, Node77*)",1033,0.7687998569881135,0.9674483230781173,c2,branch_to_eukaryota
"(Node1612*, Node77*)",1034,-0.2447378969351317,0.9674483230781173,c2,branch_to_eukaryota
"(Node1612*, Node77*)",1035,2.1391890946953174,2.2941500647941577,c1,branch_to_eukaryota
"(Node1612*, Node77*)",1036,3.196728638881022,2.2941500647941577,c1,branch_to_eukaryota
"(Node1612*, Node77*)",1037,2.139189114534774,2.2941500647941577,c1,branch_to_eukaryota
"(Node1612*, Node77*)",1038,1.927115373913808,2.2941500647941577,c1,branch_to_eukaryota
"(Node1612*, Node77*)",1039,2.848772506015832,2.2941500647941577,c1,branch_to_eukaryota
"(Node1612*, Node77*)",1040,0.7993661588262817,0.9674483230781173,c2,branch_to_eukaryota
"(Node1612*, Node77*)",1041,2.1374965054552164,2.2941500647941577,c1,branch_to_eukaryota
"(Node1612*, Node77*)",1042,3.198485261005517,2.2941500647941577,c1,branch_to_eukaryota
"(Node1612*, Node77*)",1043,-1.4180144031044961e-13,0.9674483230781173,c2,branch_to_eukaryota
"(Node1612*, Node77*)",1044,0.3553269613724288,0.9674483230781173,c2,branch_to_eukaryota
"(Node1612*, Node77*)",1045,-2.088035760069669e-13,0.9674483230781173,c2,branch_to_eukaryota
"(Node1612*, Node77*)",1046,-0.1440475578645709,0.280118289015922,c3,branch_to_eukaryota
"(Node1612*, Node77*)",1047,-0.8670991261257315,0.280118289015922,c3,branch_to_eukaryota
"(Node1612*, Node77*)",1048,1.4262946078352834,0.280118289015922,c3,branch_to_eukaryota
"(Node1612*, Node77*)",1049,-0.7222106922541098,0.280118289015922,c3,branch_to_eukaryota
"(Node1612*, Node77*)",1050,0.0465888828239651,0.280118289015922,c3,branch_to_eukaryota
"(Node1612*, Node77*)",1051,-1.0075974236441836,2.2941500647941577,c1,branch_to_eukaryota
"(Node1612*, Node77*)",1052,-1.03911465042489,0.9674483230781173,c2,branch_to_eukaryota
"(Node1612*, Node77*)",1053,0.3974919007274465,0.9674483230781173,c2,branch_to_eukaryota
"(Node1612*, Node77*)",1054,1.7252632579569304e-13,0.9674483230781173,c2,branch_to_eukaryota
"(Node1612*, Node77*)",1055,-0.948095007428918,0.9674483230781173,c2,branch_to_eukaryota
"(Node1612*, Node77*)",1056,0.2360961738777914,0.280118289015922,c3,branch_to_eukaryota
"(Node1612*, Node77*)",1057,-0.6540923483471639,0.280118289015922,c3,branch_to_eukaryota
"(Node1612*, Node77*)",1058,1.094388512062893,0.280118289015922,c3,branch_to_eukaryota
"(Node1612*, Node77*)",1059,-0.0303722738392265,0.0020438828458006,c4,branch_to_eukaryota
"(Node1612*, Node77*)",1060,-0.1446679166702782,0.0020438828458006,c4,branch_to_eukaryota
"(Node1612*, Node77*)",1061,0.9693303942838228,0.280118289015922,c3,branch_to_eukaryota
"(Node1612*, Node77*)",1062,-1.8333784054852064e-14,0.280118289015922,c3,branch_to_eukaryota
"(Node1612*, Node77*)",1063,-0.7929423490290857,0.280118289015922,c3,branch_to_eukaryota
"(Node1612*, Node77*)",1064,1.7236776076161415,0.9674483230781173,c2,branch_to_eukaryota
"(Node1612*, Node77*)",1065,3.1983337422105595,2.2941500647941577,c1,branch_to_eukaryota
"(Node1612*, Node77*)",1066,-1.4100098201009625e-13,2.2941500647941577,c1,branch_to_eukaryota
"(Node1612*, Node77*)",1067,1.2220545699236622e-13,2.2941500647941577,c1,branch_to_eukaryota
"(Node1612*, Node77*)",1068,-1.0052216892568493,2.2941500647941577,c1,branch_to_eukaryota
"(Node1612*, Node77*)",1069,0.1360386919317971,0.280118289015922,c3,branch_to_eukaryota
"(Node1612*, Node77*)",1070,-1.3211066162761706e-13,2.2941500647941577,c1,branch_to_eukaryota
"(Node1612*, Node77*)",1071,3.137714806525975,2.2941500647941577,c1,branch_to_eukaryota
"(Node1612*, Node77*)",1072,0.1360165788364276,0.280118289015922,c3,branch_to_eukaryota
"(Node1612*, Node77*)",1073,2.8474528743100294,2.2941500647941577,c1,branch_to_eukaryota
"(Node1612*, Node77*)",1074,0.4339480508267631,0.280118289015922,c3,branch_to_eukaryota
"(Node1612*, Node77*)",1075,1.0708679310226188,0.280118289015922,c3,branch_to_eukaryota
"(Node1612*, Node77*)",1076,0.4981732576045679,0.280118289015922,c3,branch_to_eukaryota
"(Node1612*, Node77*)",1077,0.6325373086111014,0.280118289015922,c3,branch_to_eukaryota
"(Node1612*, Node77*)",1078,3.1984852675425137,2.2941500647941577,c1,branch_to_eukaryota
"(Node1612*, Node77*)",1079,2.1391891015162265,2.2941500647941577,c1,branch_to_eukaryota
"(Node1612*, Node77*)",1080,2.848772506015832,2.2941500647941577,c1,branch_to_eukaryota
"(Node1612*, Node77*)",1081,2.80893196516134,2.2941500647941577,c1,branch_to_eukaryota
"(Node1612*, Node77*)",1082,1.9806587099295552,2.2941500647941577,c1,branch_to_eukaryota
"(Node1612*, Node77*)",1083,2.139189114534774,2.2941500647941577,c1,branch_to_eukaryota
"(Node1612*, Node77*)",1084,3.193364741126584,2.2941500647941577,c1,branch_to_eukaryota
"(Node1612*, Node77*)",1085,0.8906735519203439,0.9674483230781173,c2,branch_to_eukaryota
"(Node1612*, Node77*)",1086,0.750733932808713,0.9674483230781173,c2,branch_to_eukaryota
"(Node1612*, Node77*)",1087,2.139189113608156,2.2941500647941577,c1,branch_to_eukaryota
"(Node1612*, Node77*)",1088,2.1009679245023425,2.2941500647941577,c1,branch_to_eukaryota
"(Node1612*, Node77*)",1089,2.1391891008439243,2.2941500647941577,c1,branch_to_eukaryota
"(Node1612*, Node77*)",1090,0.9836585216620854,0.280118289015922,c3,branch_to_eukaryota
"(Node1612*, Node77*)",1091,1.9271153718858487,2.2941500647941577,c1,branch_to_eukaryota
"(Node1612*, Node77*)",1092,1.4242736900622928,0.9674483230781173,c2,branch_to_eukaryota
"(Node1612*, Node77*)",1093,2.1920198104902333,2.2941500647941577,c1,branch_to_eukaryota
"(Node1612*, Node77*)",1094,0.3886097613818979,0.280118289015922,c3,branch_to_eukaryota
"(Node1612*, Node77*)",1095,2.848772506015832,2.2941500647941577,c1,branch_to_eukaryota
"(Node1612*, Node77*)",1096,2.8487725054174646,2.2941500647941577,c1,branch_to_eukaryota
"(Node1612*, Node77*)",1097,-0.1879205267730557,0.9674483230781173,c2,branch_to_eukaryota
"(Node1612*, Node77*)",1098,-0.9804985281717006,0.9674483230781173,c2,branch_to_eukaryota
"(Node1612*, Node77*)",1099,-1.0004461736954635,2.2941500647941577,c1,branch_to_eukaryota
"(Node1612*, Node77*)",1100,2.139189114534774,2.2941500647941577,c1,branch_to_eukaryota
"(Node1612*, Node77*)",1101,2.848772506015832,2.2941500647941577,c1,branch_to_eukaryota
"(Node1612*, Node77*)",1102,2.263801296621904e-25,2.2941500647941577,c1,branch_to_eukaryota
"(Node1612*, Node77*)",1103,2.8404971991077255,2.2941500647941577,c1,branch_to_eukaryota
"(Node1612*, Node77*)",1104,2.848772506015832,2.2941500647941577,c1,branch_to_eukaryota
"(Node1612*, Node77*)",1105,2.139189114534774,2.2941500647941577,c1,branch_to_eukaryota
"(Node1612*, Node77*)",1106,2.8474528743100294,2.2941500647941577,c1,branch_to_eukaryota
"(Node1612*, Node77*)",1107,-1.000398587438578,2.2941500647941577,c1,branch_to_eukaryota
"(Node1612*, Node77*)",1108,2.848772506015832,2.2941500647941577,c1,branch_to_eukaryota
"(Node1612*, Node77*)",1109,3.198485283344545,2.2941500647941577,c1,branch_to_eukaryota
"(Node1612*, Node77*)",1110,3.198485283344545,2.2941500647941577,c1,branch_to_eukaryota
"(Node1612*, Node77*)",1111,-0.7559852620570832,2.2941500647941577,c1,branch_to_eukaryota
"(Node1612*, Node77*)",1112,-1.016038889933223,0.9674483230781173,c2,branch_to_eukaryota
"(Node1612*, Node77*)",1113,-0.4859107173234278,0.9674483230781173,c2,branch_to_eukaryota
"(Node1612*, Node77*)",1114,2.139189114512404,2.2941500647941577,c1,branch_to_eukaryota
"(Node1612*, Node77*)",1115,2.263801296621904e-25,2.2941500647941577,c1,branch_to_eukaryota
"(Node1612*, Node77*)",1116,2.848772506015832,2.2941500647941577,c1,branch_to_eukaryota
"(Node1612*, Node77*)",1117,2.0774088745011525,2.2941500647941577,c1,branch_to_eukaryota
"(Node1612*, Node77*)",1118,2.180626960386314,2.2941500647941577,c1,branch_to_eukaryota
"(Node1612*, Node77*)",1119,3.1951598893241853,2.2941500647941577,c1,branch_to_eukaryota
"(Node1612*, Node77*)",1120,3.1984852832206165,2.2941500647941577,c1,branch_to_eukaryota
"(Node1612*, Node77*)",1121,2.0809489909454566,0.9674483230781173,c2,branch_to_eukaryota
"(Node1612*, Node77*)",1122,1.2364362534680078,0.9674483230781173,c2,branch_to_eukaryota
"(Node1612*, Node77*)",1123,0.249975401547962,0.9674483230781173,c2,branch_to_eukaryota
"(Node1612*, Node77*)",1124,3.198485283344545,2.2941500647941577,c1,branch_to_eukaryota
"(Node1612*, Node77*)",1125,1.4808743309112646,0.280118289015922,c3,branch_to_eukaryota
"(Node1612*, Node77*)",1126,1.4537618373647008,0.9674483230781173,c2,branch_to_eukaryota
"(Node1612*, Node77*)",1127,2.6233737929146344,2.2941500647941577,c1,branch_to_eukaryota
"(Node1612*, Node77*)",1128,2.8487724876320693,2.2941500647941577,c1,branch_to_eukaryota
"(Node1612*, Node77*)",1129,2.848772506015832,2.2941500647941577,c1,branch_to_eukaryota
"(Node1612*, Node77*)",1130,2.848772506015832,2.2941500647941577,c1,branch_to_eukaryota
"(Node1612*, Node77*)",1131,3.1984852832206303,2.2941500647941577,c1,branch_to_eukaryota
"(Node1612*, Node77*)",1132,1.8047163284904373,0.9674483230781173,c2,branch_to_eukaryota
"(Node1612*, Node77*)",1133,1.5266888939243342,0.9674483230781173,c2,branch_to_eukaryota
"(Node1612*, Node77*)",1134,-1.2156188038464584e-12,2.2941500647941577,c1,branch_to_eukaryota
"(Node1612*, Node77*)",1135,2.1376253835992274,2.2941500647941577,c1,branch_to_eukaryota
"(Node1612*, Node77*)",1136,1.25892907968933,0.280118289015922,c3,branch_to_eukaryota
"(Node1612*, Node77*)",1137,-0.8184800100503475,0.280118289015922,c3,branch_to_eukaryota
"(Node1612*, Node77*)",1138,0.8662941571323667,0.280118289015922,c3,branch_to_eukaryota
"(Node1612*, Node77*)",1139,-0.4979982459897906,0.9674483230781173,c2,branch_to_eukaryota
"(Node1612*, Node77*)",1140,2.5362995304614486,0.9674483230781173,c2,branch_to_eukaryota
"(Node1612*, Node77*)",1141,3.168688583791658,2.2941500647941577,c1,branch_to_eukaryota
"(Node1612*, Node77*)",1142,0.8853570944230142,0.9674483230781173,c2,branch_to_eukaryota
"(Node1612*, Node77*)",1143,1.8046986332653272,0.9674483230781173,c2,branch_to_eukaryota
"(Node1612*, Node77*)",1144,0.4004876728124343,0.280118289015922,c3,branch_to_eukaryota
"(Node1612*, Node77*)",1145,-1.0405449986264934,0.9674483230781173,c2,branch_to_eukaryota
"(Node1612*, Node77*)",1146,0.8265058652430852,0.9674483230781173,c2,branch_to_eukaryota
"(Node1612*, Node77*)",1147,1.4096257195999715,0.9674483230781173,c2,branch_to_eukaryota
"(Node1612*, Node77*)",1148,0.8506345261081467,0.280118289015922,c3,branch_to_eukaryota
"(Node1612*, Node77*)",1149,1.070849560855252,0.280118289015922,c3,branch_to_eukaryota
"(Node1612*, Node77*)",1150,1.7669086583398932,0.9674483230781173,c2,branch_to_eukaryota
"(Node1612*, Node77*)",1151,0.0085512014846703,0.0020438828458006,c4,branch_to_eukaryota
"(Node1612*, Node77*)",1152,0.0172873480085527,0.0020438828458006,c4,branch_to_eukaryota
"(Node1612*, Node77*)",1153,0.0680706109653137,0.0020438828458006,c4,branch_to_eukaryota
"(Node1612*, Node77*)",1154,0.0452987022549149,0.0020438828458006,c4,branch_to_eukaryota
"(Node1612*, Node77*)",1155,-0.0036337071156414,0.0020438828458006,c4,branch_to_eukaryota
"(Node1612*, Node77*)",1156,0.6843187801889087,0.280118289015922,c3,branch_to_eukaryota
"(Node1612*, Node77*)",1157,0.1272137337896358,0.280118289015922,c3,branch_to_eukaryota
"(Node1612*, Node77*)",1158,-0.0284468834405951,0.280118289015922,c3,branch_to_eukaryota
"(Node1612*, Node77*)",1159,-0.3897966274809146,0.280118289015922,c3,branch_to_eukaryota
"(Node1612*, Node77*)",1160,-0.5295289893242152,0.280118289015922,c3,branch_to_eukaryota
"(Node1612*, Node77*)",1161,0.2694451072498976,0.280118289015922,c3,branch_to_eukaryota
"(Node1612*, Node77*)",1162,0.2391524181713234,0.280118289015922,c3,branch_to_eukaryota
"(Node1612*, Node77*)",1163,0.0373275740569539,0.0020438828458006,c4,branch_to_eukaryota
"(Node1612*, Node77*)",1164,0.1129435499018248,0.280118289015922,c3,branch_to_eukaryota
"(Node1612*, Node77*)",1165,-0.0617212459557519,0.280118289015922,c3,branch_to_eukaryota
"(Node1612*, Node77*)",1166,0.6987557288893504,0.280118289015922,c3,branch_to_eukaryota
"(Node1612*, Node77*)",1167,0.2101966952187323,0.280118289015922,c3,branch_to_eukaryota
"(Node1612*, Node77*)",1168,0.3103878164228718,0.280118289015922,c3,branch_to_eukaryota
"(Node1612*, Node77*)",1169,-0.0240251679434325,0.280118289015922,c3,branch_to_eukaryota
"(Node1612*, Node77*)",1170,0.9455408188094624,0.280118289015922,c3,branch_to_eukaryota
"(Node1612*, Node77*)",1171,0.0540337117911451,0.0020438828458006,c4,branch_to_eukaryota
"(Node1612*, Node77*)",1172,0.1159286843619219,0.0020438828458006,c4,branch_to_eukaryota
"(Node1612*, Node77*)",1173,-0.0680104479567411,0.0020438828458006,c4,branch_to_eukaryota
"(Node1612*, Node77*)",1174,-0.0974615912209919,0.0020438828458006,c4,branch_to_eukaryota
"(Node1612*, Node77*)",1175,1.06633827279898,0.280118289015922,c3,branch_to_eukaryota
"(Node1612*, Node77*)",1176,1.493771129587966,0.280118289015922,c3,branch_to_eukaryota
"(Node1612*, Node77*)",1177,0.5314058064280105,0.280118289015922,c3,branch_to_eukaryota
"(Node1612*, Node77*)",1178,1.804569630236609,0.9674483230781173,c2,branch_to_eukaryota
"(Node1612*, Node77*)",1179,-0.813937281099949,0.9674483230781173,c2,branch_to_eukaryota
"(Node1612*, Node77*)",1180,-0.524117522839958,0.9674483230781173,c2,branch_to_eukaryota
"(Node1612*, Node77*)",1181,0.6095967241288431,0.280118289015922,c3,branch_to_eukaryota
"(Node1612*, Node77*)",1182,2.5362445054455574,0.9674483230781173,c2,branch_to_eukaryota
"(Node1612*, Node77*)",1183,-1.0232765926806309,0.9674483230781173,c2,branch_to_eukaryota
"(Node1612*, Node77*)",1184,0.0112816814013544,0.0020438828458006,c4,branch_to_eukaryota
"(Node1612*, Node77*)",1185,2.1774095403925724,0.9674483230781173,c2,branch_to_eukaryota
"(Node1612*, Node77*)",1186,-0.0998269988391751,0.280118289015922,c3,branch_to_eukaryota
"(Node1612*, Node77*)",1187,2.1391891145165167,2.2941500647941577,c1,branch_to_eukaryota
"(Node1612*, Node77*)",1188,-0.0876597746098142,0.280118289015922,c3,branch_to_eukaryota
"(Node1612*, Node77*)",1189,1.7977775113512786,0.9674483230781173,c2,branch_to_eukaryota
"(Node1612*, Node77*)",1190,2.8487725060030886,2.2941500647941577,c1,branch_to_eukaryota
"(Node1612*, Node77*)",1191,2.8487725060030886,2.2941500647941577,c1,branch_to_eukaryota
"(Node1612*, Node77*)",1192,-0.5370968155951793,2.2941500647941577,c1,branch_to_eukaryota
"(Node1612*, Node77*)",1193,1.410273964110889,0.9674483230781173,c2,branch_to_eukaryota
"(Node1612*, Node77*)",1194,3.1984852832696644,2.2941500647941577,c1,branch_to_eukaryota
"(Node1612*, Node77*)",1195,-1.7890394308801083e-14,0.280118289015922,c3,branch_to_eukaryota
"(Node1612*, Node77*)",1196,-0.1896215657314496,0.280118289015922,c3,branch_to_eukaryota
"(Node1612*, Node77*)",1197,0.097204479046842,2.2941500647941577,c1,branch_to_eukaryota
"(Node1612*, Node77*)",1198,1.850932826430315,2.2941500647941577,c1,branch_to_eukaryota
"(Node1612*, Node77*)",1199,1.5900090876653232,2.2941500647941577,c1,branch_to_eukaryota
"(Node1612*, Node77*)",1200,1.8047193047849788,0.9674483230781173,c2,branch_to_eukaryota
"(Node1612*, Node77*)",1201,1.036110952960139,0.9674483230781173,c2,branch_to_eukaryota
"(Node1612*, Node77*)",1202,2.3750331551954755e-15,0.0020438828458006,c4,branch_to_eukaryota
"(Node1612*, Node77*)",1203,0.8183580407252278,0.280118289015922,c3,branch_to_eukaryota
"(Node1612*, Node77*)",1204,-8.158117484920107e-14,0.9674483230781173,c2,branch_to_eukaryota
"(Node1612*, Node77*)",1205,-1.9468969982195205e-13,0.9674483230781173,c2,branch_to_eukaryota
"(Node1612*, Node77*)",1206,-6.659116546468137e-13,0.9674483230781173,c2,branch_to_eukaryota
"(Node1612*, Node77*)",1207,-0.8415570531069793,0.280118289015922,c3,branch_to_eukaryota
"(Node1612*, Node77*)",1208,0.861235729889384,0.280118289015922,c3,branch_to_eukaryota
"(Node1612*, Node77*)",1209,3.1984277826778973,2.2941500647941577,c1,branch_to_eukaryota
"(Node1612*, Node77*)",1210,-1.100960728610453e-13,2.2941500647941577,c1,branch_to_eukaryota
"(Node1612*, Node77*)",1211,-1.0436265945390215,0.9674483230781173,c2,branch_to_eukaryota
"(Node1612*, Node77*)",1212,3.0198533098221265,2.2941500647941577,c1,branch_to_eukaryota
"(Node1612*, Node77*)",1213,-1.0118526282783489,2.2941500647941577,c1,branch_to_eukaryota
"(Node1612*, Node77*)",1214,0.4271731970387507,2.2941500647941577,c1,branch_to_eukaryota
"(Node1612*, Node77*)",1215,2.1391891145165167,2.2941500647941577,c1,branch_to_eukaryota
"(Node1612*, Node77*)",1216,2.1205285716664246,2.2941500647941577,c1,branch_to_eukaryota
"(Node1612*, Node77*)",1217,2.1391891145165167,2.2941500647941577,c1,branch_to_eukaryota
"(Node1612*, Node77*)",1218,1.6607805801098825,0.9674483230781173,c2,branch_to_eukaryota
"(Node1612*, Node77*)",1219,2.8487725060030886,2.2941500647941577,c1,branch_to_eukaryota
"(Node1612*, Node77*)",1220,1.6756050717084388,0.9674483230781173,c2,branch_to_eukaryota
"(Node1612*, Node77*)",1221,1.1435353225436057e-12,2.2941500647941577,c1,branch_to_eukaryota
"(Node1612*, Node77*)",1222,2.8487725060030886,2.2941500647941577,c1,branch_to_eukaryota
"(Node1612*, Node77*)",1223,3.0932943964233663,2.2941500647941577,c1,branch_to_eukaryota
"(Node1612*, Node77*)",1224,2.120528567770975,2.2941500647941577,c1,branch_to_eukaryota
"(Node1612*, Node77*)",1225,0.9325074300430188,0.280118289015922,c3,branch_to_eukaryota
"(Node1612*, Node77*)",1226,0.5109953727880306,0.280118289015922,c3,branch_to_eukaryota
"(Node1612*, Node77*)",1227,3.198485283270013,2.2941500647941577,c1,branch_to_eukaryota
"(Node1612*, Node77*)",1228,2.1391891145165167,2.2941500647941577,c1,branch_to_eukaryota
"(Node1612*, Node77*)",1229,3.198485283270013,2.2941500647941577,c1,branch_to_eukaryota
"(Node1612*, Node77*)",1230,2.8487725060030886,2.2941500647941577,c1,branch_to_eukaryota
"(Node1612*, Node77*)",1231,2.8487725060030886,2.2941500647941577,c1,branch_to_eukaryota
"(Node1612*, Node77*)",1232,2.1391891145165167,2.2941500647941577,c1,branch_to_eukaryota
"(Node1612*, Node77*)",1233,1.0675542454124367,0.280118289015922,c3,branch_to_eukaryota
"(Node1612*, Node77*)",1234,1.466568902375041,0.280118289015922,c3,branch_to_eukaryota
"(Node1612*, Node77*)",1235,-0.6999749299439516,2.2941500647941577,c1,branch_to_eukaryota
"(Node1612*, Node77*)",1236,1.8047110446402757,0.9674483230781173,c2,branch_to_eukaryota
"(Node1612*, Node77*)",1237,2.8487725060030886,2.2941500647941577,c1,branch_to_eukaryota
"(Node1612*, Node77*)",1238,2.8487725060030886,2.2941500647941577,c1,branch_to_eukaryota
"(Node1612*, Node77*)",1239,2.8487725060030886,2.2941500647941577,c1,branch_to_eukaryota
"(Node1612*, Node77*)",1240,3.198485283270013,2.2941500647941577,c1,branch_to_eukaryota
"(Node1612*, Node77*)",1241,0.1284892836788589,2.2941500647941577,c1,branch_to_eukaryota
"(Node1612*, Node77*)",1242,2.7697950033886687,2.2941500647941577,c1,branch_to_eukaryota
"(Node1612*, Node77*)",1243,-0.2948904310400366,2.2941500647941577,c1,branch_to_eukaryota
"(Node1612*, Node77*)",1244,2.8487725060030886,2.2941500647941577,c1,branch_to_eukaryota
"(Node1612*, Node77*)",1245,2.8487725060030886,2.2941500647941577,c1,branch_to_eukaryota
"(Node1612*, Node77*)",1246,2.1391613090675143,2.2941500647941577,c1,branch_to_eukaryota
"(Node1612*, Node77*)",1247,1.8045473015176188,0.9674483230781173,c2,branch_to_eukaryota
"(Node1612*, Node77*)",1248,1.9271153743015383,2.2941500647941577,c1,branch_to_eukaryota
"(Node1612*, Node77*)",1249,2.8487725060030886,2.2941500647941577,c1,branch_to_eukaryota
"(Node1612*, Node77*)",1250,0.720388069711061,2.2941500647941577,c1,branch_to_eukaryota
"(Node1612*, Node77*)",1251,1.221817221343501e-13,2.2941500647941577,c1,branch_to_eukaryota
"(Node1612*, Node77*)",1252,2.1391891145165167,2.2941500647941577,c1,branch_to_eukaryota
"(Node1612*, Node77*)",1253,2.636429390831336,2.2941500647941577,c1,branch_to_eukaryota
"(Node1612*, Node77*)",1254,3.198485283270013,2.2941500647941577,c1,branch_to_eukaryota
"(Node1612*, Node77*)",1255,2.1391891145165167,2.2941500647941577,c1,branch_to_eukaryota
"(Node1612*, Node77*)",1256,2.1391891145165167,2.2941500647941577,c1,branch_to_eukaryota
"(Node1612*, Node77*)",1257,-0.9113208658522722,2.2941500647941577,c1,branch_to_eukaryota
"(Node1612*, Node77*)",1258,-0.2180412460068785,2.2941500647941577,c1,branch_to_eukaryota
"(Node1612*, Node77*)",1259,1.8045533798208293,0.9674483230781173,c2,branch_to_eukaryota
"(Node1612*, Node77*)",1260,0.4633329801160537,0.9674483230781173,c2,branch_to_eukaryota
"(Node1612*, Node77*)",1261,2.114080007814081,2.2941500647941577,c1,branch_to_eukaryota
"(Node1612*, Node77*)",1262,3.0933626896887505,2.2941500647941577,c1,branch_to_eukaryota
"(Node1612*, Node77*)",1263,2.0870631404087137,2.2941500647941577,c1,branch_to_eukaryota
"(Node1612*, Node77*)",1264,-1.14855299081994e-12,2.2941500647941577,c1,branch_to_eukaryota
"(Node1612*, Node77*)",1265,3.1984852363418166,2.2941500647941577,c1,branch_to_eukaryota
"(Node1612*, Node77*)",1266,6.6480163051557166e-15,0.280118289015922,c3,branch_to_eukaryota
"(Node1612*, Node77*)",1267,2.848772505960597,2.2941500647941577,c1,branch_to_eukaryota
"(Node1612*, Node77*)",1268,3.198485283270009,2.2941500647941577,c1,branch_to_eukaryota
"(Node1612*, Node77*)",1269,-0.7733525125976534,2.2941500647941577,c1,branch_to_eukaryota
"(Node1612*, Node77*)",1270,2.8487725060030886,2.2941500647941577,c1,branch_to_eukaryota
"(Node1612*, Node77*)",1271,2.1391885871390226,2.2941500647941577,c1,branch_to_eukaryota
"(Node1612*, Node77*)",1272,0.945310575180318,2.2941500647941577,c1,branch_to_eukaryota
"(Node1612*, Node77*)",1273,-0.8897382530121711,0.9674483230781173,c2,branch_to_eukaryota
"(Node1612*, Node77*)",1274,2.1391891145165163,2.2941500647941577,c1,branch_to_eukaryota
"(Node1612*, Node77*)",1275,0.8103358022046642,2.2941500647941577,c1,branch_to_eukaryota
"(Node1612*, Node77*)",1276,2.1391891145165163,2.2941500647941577,c1,branch_to_eukaryota
"(Node1612*, Node77*)",1277,2.082058228073256,2.2941500647941577,c1,branch_to_eukaryota
"(Node1612*, Node77*)",1278,2.848772480015779,2.2941500647941577,c1,branch_to_eukaryota
"(Node1612*, Node77*)",1279,1.804715190471148,0.9674483230781173,c2,branch_to_eukaryota
"(Node1612*, Node77*)",1280,2.1838573172437616,0.9674483230781173,c2,branch_to_eukaryota
"(Node1612*, Node77*)",1281,1.7651963219743836,0.9674483230781173,c2,branch_to_eukaryota
"(Node1612*, Node77*)",1282,-0.9617412580454104,2.2941500647941577,c1,branch_to_eukaryota
"(Node1612*, Node77*)",1283,2.13918911126586,2.2941500647941577,c1,branch_to_eukaryota
"(Node1612*, Node77*)",1284,3.194649297048481,2.2941500647941577,c1,branch_to_eukaryota
"(Node1612*, Node77*)",1285,2.1391891145165163,2.2941500647941577,c1,branch_to_eukaryota
"(Node1612*, Node77*)",1286,2.1391891145165163,2.2941500647941577,c1,branch_to_eukaryota
"(Node1612*, Node77*)",1287,3.198380832184625,2.2941500647941577,c1,branch_to_eukaryota
"(Node1612*, Node77*)",1288,-0.8989698124162308,2.2941500647941577,c1,branch_to_eukaryota
"(Node1612*, Node77*)",1289,0.3044213714008846,0.9674483230781173,c2,branch_to_eukaryota
"(Node1612*, Node77*)",1290,2.8487725060030886,2.2941500647941577,c1,branch_to_eukaryota
"(Node1612*, Node77*)",1291,2.8487725060030886,2.2941500647941577,c1,branch_to_eukaryota
"(Node1612*, Node77*)",1292,0.5726233239837494,2.2941500647941577,c1,branch_to_eukaryota
"(Node1612*, Node77*)",1293,2.2606823345349167,2.2941500647941577,c1,branch_to_eukaryota
"(Node1612*, Node77*)",1294,-0.2000611801255302,2.2941500647941577,c1,branch_to_eukaryota
"(Node1612*, Node77*)",1295,2.1391891134383423,2.2941500647941577,c1,branch_to_eukaryota
"(Node1612*, Node77*)",1296,2.8487725060030886,2.2941500647941577,c1,branch_to_eukaryota
"(Node1612*, Node77*)",1297,1.1910517363366422,0.280118289015922,c3,branch_to_eukaryota
"(Node1612*, Node77*)",1298,-0.2070221649946664,0.9674483230781173,c2,branch_to_eukaryota
"(Node1612*, Node77*)",1299,2.53629928700896,0.9674483230781173,c2,branch_to_eukaryota
"(Node1612*, Node77*)",1300,2.2384134062094385,0.9674483230781173,c2,branch_to_eukaryota
"(Node1612*, Node77*)",1301,2.848772313549511,2.2941500647941577,c1,branch_to_eukaryota
"(Node1612*, Node77*)",1302,3.196070461574158,2.2941500647941577,c1,branch_to_eukaryota
"(Node1612*, Node77*)",1303,0.3176201026045452,0.9674483230781173,c2,branch_to_eukaryota
"(Node1612*, Node77*)",1304,3.198485283270009,2.2941500647941577,c1,branch_to_eukaryota
"(Node1612*, Node77*)",1305,-0.3908248600949249,2.2941500647941577,c1,branch_to_eukaryota
"(Node1612*, Node77*)",1306,0.7297341930245262,0.9674483230781173,c2,branch_to_eukaryota
"(Node1612*, Node77*)",1307,1.3331830372443825,0.9674483230781173,c2,branch_to_eukaryota
"(Node1612*, Node77*)",1308,0.6196718753706592,0.9674483230781173,c2,branch_to_eukaryota
"(Node1612*, Node77*)",1309,2.8487725060028333,2.2941500647941577,c1,branch_to_eukaryota
"(Node1612*, Node77*)",1310,1.9271153743015383,2.2941500647941577,c1,branch_to_eukaryota
"(Node1612*, Node77*)",1311,-0.9034707214524204,0.9674483230781173,c2,branch_to_eukaryota
"(Node1612*, Node77*)",1312,3.1984844032980577,2.2941500647941577,c1,branch_to_eukaryota
"(Node1612*, Node77*)",1313,-0.8813897914424184,2.2941500647941577,c1,branch_to_eukaryota
"(Node1612*, Node77*)",1314,2.417598168995436,0.9674483230781173,c2,branch_to_eukaryota
"(Node1612*, Node77*)",1315,2.8487725060030886,2.2941500647941577,c1,branch_to_eukaryota
"(Node1612*, Node77*)",1316,3.198485283270009,2.2941500647941577,c1,branch_to_eukaryota
"(Node1612*, Node77*)",1317,3.198485283270009,2.2941500647941577,c1,branch_to_eukaryota
"(Node1612*, Node77*)",1318,-0.0938686582649354,0.9674483230781173,c2,branch_to_eukaryota
"(Node1612*, Node77*)",1319,1.06930232315021,0.280118289015922,c3,branch_to_eukaryota
"(Node1612*, Node77*)",1320,1.8045574821861572,0.9674483230781173,c2,branch_to_eukaryota
"(Node1612*, Node77*)",1321,-0.7054184654365987,0.280118289015922,c3,branch_to_eukaryota
"(Node1612*, Node77*)",1322,-0.475758084406213,0.280118289015922,c3,branch_to_eukaryota
"(Node1612*, Node77*)",1323,-1.150871105184059e-12,2.2941500647941577,c1,branch_to_eukaryota
"(Node1612*, Node77*)",1324,0.3835037629909192,0.9674483230781173,c2,branch_to_eukaryota
"(Node1612*, Node77*)",1325,2.050193230217168,2.2941500647941577,c1,branch_to_eukaryota
"(Node1612*, Node77*)",1326,-0.2533633353847057,2.2941500647941577,c1,branch_to_eukaryota
"(Node1612*, Node77*)",1327,-0.3894233738109244,0.9674483230781173,c2,branch_to_eukaryota
"(Node1612*, Node77*)",1328,-0.2956374696765405,2.2941500647941577,c1,branch_to_eukaryota
"(Node1612*, Node77*)",1329,2.380799257772712,0.9674483230781173,c2,branch_to_eukaryota
"(Node1612*, Node77*)",1330,5.4318414851620794e-15,0.280118289015922,c3,branch_to_eukaryota
"(Node1612*, Node77*)",1331,0.3563887590075425,0.280118289015922,c3,branch_to_eukaryota
"(Node1612*, Node77*)",1332,-8.328666786062318e-14,0.280118289015922,c3,branch_to_eukaryota
"(Node1612*, Node77*)",1333,0.0013794885264244,0.0020438828458006,c4,branch_to_eukaryota
"(Node1612*, Node77*)",1334,0.0016973008353001,0.0020438828458006,c4,branch_to_eukaryota
"(Node1612*, Node77*)",1335,-0.5950814781152621,0.9674483230781173,c2,branch_to_eukaryota
"(Node1612*, Node77*)",1336,-0.5546119413784941,0.280118289015922,c3,branch_to_eukaryota
"(Node1612*, Node77*)",1337,-0.6893260530549408,0.9674483230781173,c2,branch_to_eukaryota
"(Node1612*, Node77*)",1338,-0.8098172280699711,0.280118289015922,c3,branch_to_eukaryota
"(Node1612*, Node77*)",1339,-0.0180060689100296,0.0020438828458006,c4,branch_to_eukaryota
"(Node1612*, Node77*)",1340,0.0350372618095649,0.0020438828458006,c4,branch_to_eukaryota
"(Node1612*, Node77*)",1341,-1.859584981227743e-14,0.280118289015922,c3,branch_to_eukaryota
"(Node1612*, Node77*)",1342,4.7774712622079546e-14,0.9674483230781173,c2,branch_to_eukaryota
"(Node1612*, Node77*)",1343,-0.2182024977857035,0.280118289015922,c3,branch_to_eukaryota
"(Node1612*, Node77*)",1344,0.1592776366539826,0.280118289015922,c3,branch_to_eukaryota
"(Node1612*, Node77*)",1345,2.815612827148529e-15,0.280118289015922,c3,branch_to_eukaryota
"(Node1612*, Node77*)",1346,2.1117630717881028e-15,0.280118289015922,c3,branch_to_eukaryota
"(Node1612*, Node77*)",1347,1.2943205898166121e-15,0.280118289015922,c3,branch_to_eukaryota
"(Node1612*, Node77*)",1348,6.594598879073461e-15,0.280118289015922,c3,branch_to_eukaryota
"(Node1612*, Node77*)",1349,-1.4464775364261829e-15,0.0020438828458006,c4,branch_to_eukaryota
"(Node1612*, Node77*)",1350,-1.01431509455882e-15,0.0020438828458006,c4,branch_to_eukaryota
"(Node1612*, Node77*)",1351,1.8406364388809666e-15,0.0020438828458006,c4,branch_to_eukaryota
"(Node1612*, Node77*)",1352,6.89126564131588e-15,0.280118289015922,c3,branch_to_eukaryota
"(Node1612*, Node77*)",1353,-1.1085069207139924e-15,0.0020438828458006,c4,branch_to_eukaryota
"(Node1612*, Node77*)",1354,-1.1977968888828596e-15,0.0020438828458006,c4,branch_to_eukaryota
"(Node1612*, Node77*)",1355,-1.0791983408110182e-15,0.0020438828458006,c4,branch_to_eukaryota
"(Node1612*, Node77*)",1356,6.6491098909956084e-15,0.280118289015922,c3,branch_to_eukaryota
"(Node1612*, Node77*)",1357,6.428374572355737e-15,0.280118289015922,c3,branch_to_eukaryota
"(Node1612*, Node77*)",1358,-7.242008344157923e-14,0.9674483230781173,c2,branch_to_eukaryota
"(Node1612*, Node77*)",1359,1.2220545699155017e-13,2.2941500647941577,c1,branch_to_eukaryota
"(Node1612*, Node77*)",1360,5.562705945762632e-14,0.9674483230781173,c2,branch_to_eukaryota
"(Node1612*, Node77*)",1361,-8.804927918136009e-14,2.2941500647941577,c1,branch_to_eukaryota
"(Node1612*, Node77*)",1362,2.2173478374854065e-15,0.280118289015922,c3,branch_to_eukaryota
"(Node1612*, Node77*)",1363,1.4278068868777337e-15,0.0020438828458006,c4,branch_to_eukaryota
"(Node1612*, Node77*)",1364,1.449538118319294e-15,0.0020438828458006,c4,branch_to_eukaryota
"(Node1612*, Node77*)",1365,1.4063797169040213e-15,0.0020438828458006,c4,branch_to_eukaryota
"(Node1612*, Node77*)",1366,-5.5490361291513015e-15,0.280118289015922,c3,branch_to_eukaryota
"(Node1612*, Node77*)",1367,-1.3913289234645472e-15,0.0020438828458006,c4,branch_to_eukaryota
"(Node1612*, Node77*)",1368,1.3874620926505522e-15,0.0020438828458006,c4,branch_to_eukaryota
"(Node1612*, Node77*)",1369,1.4472039231754837e-15,0.0020438828458006,c4,branch_to_eukaryota
"(Node1612*, Node77*)",1370,-0.8328847573956265,0.280118289015922,c3,branch_to_eukaryota
"(Node1612*, Node77*)",1371,0.1599237602625212,0.280118289015922,c3,branch_to_eukaryota
"(Node1612*, Node77*)",1372,-1.058864557913592e-14,0.280118289015922,c3,branch_to_eukaryota
"(Node1612*, Node77*)",1373,5.785277282888558e-15,0.280118289015922,c3,branch_to_eukaryota
"(Node1612*, Node77*)",1374,5.734466199403547e-16,0.0020438828458006,c4,branch_to_eukaryota
"(Node1612*, Node77*)",1375,-2.4675383860905764e-16,0.0020438828458006,c4,branch_to_eukaryota
"(Node1612*, Node77*)",1376,-0.5253135800934737,0.280118289015922,c3,branch_to_eukaryota
"(Node1612*, Node77*)",1377,-0.0638877725553625,0.280118289015922,c3,branch_to_eukaryota
"(Node1612*, Node77*)",1378,-1.4286524912828268e-13,0.9674483230781173,c2,branch_to_eukaryota
"(Node1612*, Node77*)",1379,-0.504568974600151,0.280118289015922,c3,branch_to_eukaryota
"(Node1612*, Node77*)",1380,0.1959066132602211,0.280118289015922,c3,branch_to_eukaryota
"(Node1612*, Node77*)",1381,0.2332222166735025,0.9674483230781173,c2,branch_to_eukaryota
"(Node1612*, Node77*)",1382,0.0121695949757212,0.280118289015922,c3,branch_to_eukaryota
"(Node1612*, Node77*)",1383,-0.2826934851400508,0.280118289015922,c3,branch_to_eukaryota
"(Node1612*, Node77*)",1384,1.0228901054412884,0.280118289015922,c3,branch_to_eukaryota
"(Node1612*, Node77*)",1385,0.3935620932839175,0.9674483230781173,c2,branch_to_eukaryota
"(Node1612*, Node77*)",1386,-0.0643385204330262,0.280118289015922,c3,branch_to_eukaryota
"(Node1612*, Node77*)",1387,-0.4649940523750359,0.280118289015922,c3,branch_to_eukaryota
"(Node1612*, Node77*)",1388,-2.654309238189729e-17,0.0020438828458006,c4,branch_to_eukaryota
"(Node1612*, Node77*)",1389,-4.064782073963402e-16,0.0020438828458006,c4,branch_to_eukaryota
"(Node1612*, Node77*)",1390,-1.135660977947976e-14,0.280118289015922,c3,branch_to_eukaryota
"(Node1612*, Node77*)",1391,4.177626463049706e-15,0.280118289015922,c3,branch_to_eukaryota
"(Node1612*, Node77*)",1392,-0.1878413397030945,0.280118289015922,c3,branch_to_eukaryota
"(Node1612*, Node77*)",1393,0.3995426733978595,2.2941500647941577,c1,branch_to_eukaryota
"(Node1612*, Node77*)",1394,1.4997649442012269,2.2941500647941577,c1,branch_to_eukaryota
"(Node1612*, Node77*)",1395,-0.970984597543064,2.2941500647941577,c1,branch_to_eukaryota
"(Node1612*, Node77*)",1396,0.6395025730624895,0.280118289015922,c3,branch_to_eukaryota
"(Node1612*, Node77*)",1397,-0.0568861027135265,0.0020438828458006,c4,branch_to_eukaryota
"(Node1612*, Node77*)",1398,-0.1851094668550139,0.0020438828458006,c4,branch_to_eukaryota
"(Node1612*, Node77*)",1399,-0.1233050339829733,0.0020438828458006,c4,branch_to_eukaryota
"(Node1612*, Node77*)",1400,0.2953240782371226,0.280118289015922,c3,branch_to_eukaryota
"(Node1612*, Node77*)",1401,-0.2610749373713707,0.280118289015922,c3,branch_to_eukaryota
"(Node1612*, Node77*)",1402,-0.2337442978414158,0.280118289015922,c3,branch_to_eukaryota
"(Node1612*, Node77*)",1403,-0.0821201829664168,0.280118289015922,c3,branch_to_eukaryota
"(Node1612*, Node77*)",1404,0.7412803428840605,0.9674483230781173,c2,branch_to_eukaryota
"(Node1612*, Node77*)",1405,0.2213914826769237,0.9674483230781173,c2,branch_to_eukaryota
"(Node1612*, Node77*)",1406,-6.489843478144467e-13,0.9674483230781173,c2,branch_to_eukaryota
"(Node1612*, Node77*)",1407,-6.419829041129137e-13,0.9674483230781173,c2,branch_to_eukaryota
"(Node1612*, Node77*)",1408,-1.1588324316399144e-13,0.280118289015922,c3,branch_to_eukaryota
"(Node1612*, Node77*)",1409,-1.0205909768966163e-13,2.2941500647941577,c1,branch_to_eukaryota
"(Node1612*, Node77*)",1410,1.416002453906945,2.2941500647941577,c1,branch_to_eukaryota
"(Node1612*, Node77*)",1411,2.1391891145165163,2.2941500647941577,c1,branch_to_eukaryota
"(Node1612*, Node77*)",1412,2.1391891145165163,2.2941500647941577,c1,branch_to_eukaryota
"(Node1612*, Node77*)",1413,-0.4908091932699301,2.2941500647941577,c1,branch_to_eukaryota
"(Node1612*, Node77*)",1414,2.1391891145165163,2.2941500647941577,c1,branch_to_eukaryota
"(Node1612*, Node77*)",1415,1.2670714656002129,0.9674483230781173,c2,branch_to_eukaryota
"(Node1612*, Node77*)",1416,-1.0134392973411293e-12,2.2941500647941577,c1,branch_to_eukaryota
"(Node1612*, Node77*)",1417,2.139188374152409,2.2941500647941577,c1,branch_to_eukaryota
"(Node1612*, Node77*)",1418,3.198485283270009,2.2941500647941577,c1,branch_to_eukaryota
"(Node1612*, Node77*)",1419,2.8487725060030886,2.2941500647941577,c1,branch_to_eukaryota
"(Node1612*, Node77*)",1420,-0.9608365880982956,2.2941500647941577,c1,branch_to_eukaryota
"(Node1612*, Node77*)",1421,2.1391891145165163,2.2941500647941577,c1,branch_to_eukaryota
"(Node1612*, Node77*)",1422,2.1391891145165163,2.2941500647941577,c1,branch_to_eukaryota
"(Node1612*, Node77*)",1423,2.5362655817977284,0.9674483230781173,c2,branch_to_eukaryota
"(Node1612*, Node77*)",1424,3.198317251713811,2.2941500647941577,c1,branch_to_eukaryota
"(Node1612*, Node77*)",1425,2.1391891145165163,2.2941500647941577,c1,branch_to_eukaryota
"(Node1612*, Node77*)",1426,3.121663717043207,2.2941500647941577,c1,branch_to_eukaryota
"(Node1612*, Node77*)",1427,0.9214649869969858,2.2941500647941577,c1,branch_to_eukaryota
"(Node1612*, Node77*)",1428,-0.9966540104606496,2.2941500647941577,c1,branch_to_eukaryota
"(Node1612*, Node77*)",1429,2.7884398808216257,2.2941500647941577,c1,branch_to_eukaryota
"(Node1612*, Node77*)",1430,3.190928294919788,2.2941500647941577,c1,branch_to_eukaryota
"(Node1612*, Node77*)",1431,2.803157397386076,2.2941500647941577,c1,branch_to_eukaryota
"(Node1612*, Node77*)",1432,2.1391889512401105,2.2941500647941577,c1,branch_to_eukaryota
"(Node1612*, Node77*)",1433,3.1096142368772384,2.2941500647941577,c1,branch_to_eukaryota
"(Node1612*, Node77*)",1434,1.2656118198514683,2.2941500647941577,c1,branch_to_eukaryota
"(Node1612*, Node77*)",1435,3.194478586588759,2.2941500647941577,c1,branch_to_eukaryota
"(Node1612*, Node77*)",1436,2.1391891145165163,2.2941500647941577,c1,branch_to_eukaryota
"(Node1612*, Node77*)",1437,-9.333024858577786e-13,2.2941500647941577,c1,branch_to_eukaryota
"(Node1612*, Node77*)",1438,2.1391890508496,2.2941500647941577,c1,branch_to_eukaryota
"(Node1612*, Node77*)",1439,-1.0403697022885037,0.9674483230781173,c2,branch_to_eukaryota
"(Node1612*, Node77*)",1440,-0.2713501559930904,0.9674483230781173,c2,branch_to_eukaryota
"(Node1612*, Node77*)",1441,2.1368755526136445,2.2941500647941577,c1,branch_to_eukaryota
"(Node1612*, Node77*)",1442,3.18719741008324,2.2941500647941577,c1,branch_to_eukaryota
"(Node1612*, Node77*)",1443,2.1391891145165163,2.2941500647941577,c1,branch_to_eukaryota
"(Node1612*, Node77*)",1444,2.8487725060030886,2.2941500647941577,c1,branch_to_eukaryota
"(Node1612*, Node77*)",1445,-0.4735585266848099,0.9674483230781173,c2,branch_to_eukaryota
"(Node1612*, Node77*)",1446,-1.0420850712703562,0.9674483230781173,c2,branch_to_eukaryota
"(Node1612*, Node77*)",1447,3.125072414834225,2.2941500647941577,c1,branch_to_eukaryota
"(Node1612*, Node77*)",1448,2.139189053778672,2.2941500647941577,c1,branch_to_eukaryota
"(Node1612*, Node77*)",1449,2.7179045333177108,2.2941500647941577,c1,branch_to_eukaryota
"(Node1612*, Node77*)",1450,2.5342057012296766,0.9674483230781173,c2,branch_to_eukaryota
"(Node1612*, Node77*)",1451,-0.7536872061279101,0.9674483230781173,c2,branch_to_eukaryota
"(Node1612*, Node77*)",1452,1.7280593291419457,0.9674483230781173,c2,branch_to_eukaryota
"(Node1612*, Node77*)",1453,1.040284801241077,0.9674483230781173,c2,branch_to_eukaryota
"(Node1612*, Node77*)",1454,-0.5549330280387154,2.2941500647941577,c1,branch_to_eukaryota
"(Node1612*, Node77*)",1455,0.1750491201899001,2.2941500647941577,c1,branch_to_eukaryota
"(Node1612*, Node77*)",1456,1.2250748016289277,2.2941500647941577,c1,branch_to_eukaryota
"(Node1612*, Node77*)",1457,2.8487725060030886,2.2941500647941577,c1,branch_to_eukaryota
"(Node1612*, Node77*)",1458,1.8806908731179268,2.2941500647941577,c1,branch_to_eukaryota
"(Node1612*, Node77*)",1459,-0.3993213470135673,2.2941500647941577,c1,branch_to_eukaryota
"(Node1612*, Node77*)",1460,2.193704589247176,2.2941500647941577,c1,branch_to_eukaryota
"(Node1612*, Node77*)",1461,-0.3223714547850246,0.9674483230781173,c2,branch_to_eukaryota
"(Node1612*, Node77*)",1462,1.1880068260302572,0.9674483230781173,c2,branch_to_eukaryota
"(Node1612*, Node77*)",1463,-0.3770091716165462,0.9674483230781173,c2,branch_to_eukaryota
"(Node1612*, Node77*)",1464,2.441942949257164,0.9674483230781173,c2,branch_to_eukaryota
"(Node1612*, Node77*)",1465,2.8487725060030886,2.2941500647941577,c1,branch_to_eukaryota
"(Node1612*, Node77*)",1466,2.8487725060030886,2.2941500647941577,c1,branch_to_eukaryota
"(Node1612*, Node77*)",1467,3.198485283270009,2.2941500647941577,c1,branch_to_eukaryota
"(Node1612*, Node77*)",1468,2.1391890792246917,2.2941500647941577,c1,branch_to_eukaryota
"(Node1612*, Node77*)",1469,2.8487720526984117,2.2941500647941577,c1,branch_to_eukaryota
"(Node1612*, Node77*)",1470,2.12029952907681,2.2941500647941577,c1,branch_to_eukaryota
"(Node1612*, Node77*)",1471,3.198485267467979,2.2941500647941577,c1,branch_to_eukaryota
"(Node1612*, Node77*)",1472,2.1391891145165163,2.2941500647941577,c1,branch_to_eukaryota
"(Node1612*, Node77*)",1473,2.0531161448671544,2.2941500647941577,c1,branch_to_eukaryota
"(Node1612*, Node77*)",1474,1.524839851223444,2.2941500647941577,c1,branch_to_eukaryota
"(Node1612*, Node77*)",1475,2.8487725060030886,2.2941500647941577,c1,branch_to_eukaryota
"(Node1612*, Node77*)",1476,3.1951595037492946,2.2941500647941577,c1,branch_to_eukaryota
"(Node1612*, Node77*)",1477,3.1951591871139526,2.2941500647941577,c1,branch_to_eukaryota
"(Node1612*, Node77*)",1478,3.1688617410053475,2.2941500647941577,c1,branch_to_eukaryota
"(Node1612*, Node77*)",1479,1.3340416222996905,0.280118289015922,c3,branch_to_eukaryota
"(Node1612*, Node77*)",1480,-0.7618536032628208,0.9674483230781173,c2,branch_to_eukaryota
"(Node1612*, Node77*)",1481,0.5246097478375457,0.280118289015922,c3,branch_to_eukaryota
"(Node1612*, Node77*)",1482,1.4947431091991603,0.280118289015922,c3,branch_to_eukaryota
"(Node1612*, Node77*)",1483,1.4580165485606649,0.280118289015922,c3,branch_to_eukaryota
"(Node1612*, Node77*)",1484,0.1709572800759603,0.280118289015922,c3,branch_to_eukaryota
"(Node1612*, Node77*)",1485,-7.265439924060305e-14,0.280118289015922,c3,branch_to_eukaryota
"(Node1612*, Node77*)",1486,1.2218693653267292,0.280118289015922,c3,branch_to_eukaryota
"(Node1612*, Node77*)",1487,-0.4139758464209059,0.280118289015922,c3,branch_to_eukaryota
"(Node1612*, Node77*)",1488,1.2474048260134238,0.9674483230781173,c2,branch_to_eukaryota
"(Node1612*, Node77*)",1489,-0.2866438376481933,0.9674483230781173,c2,branch_to_eukaryota
"(Node1612*, Node77*)",1490,1.090196628402716e-15,0.0020438828458006,c4,branch_to_eukaryota
"(Node1612*, Node77*)",1491,1.7819989327476873,2.2941500647941577,c1,branch_to_eukaryota
"(Node1612*, Node77*)",1492,1.0890546712621754,2.2941500647941577,c1,branch_to_eukaryota
"(Node1612*, Node77*)",1493,1.01222682242079,0.9674483230781173,c2,branch_to_eukaryota
"(Node1612*, Node77*)",1494,1.9733259196348003,0.9674483230781173,c2,branch_to_eukaryota
"(Node1612*, Node77*)",1495,-0.5422509183473051,0.280118289015922,c3,branch_to_eukaryota
"(Node1612*, Node77*)",1496,0.0002564758764953,0.0020438828458006,c4,branch_to_eukaryota
"(Node1612*, Node77*)",1497,-0.2062552948777488,0.9674483230781173,c2,branch_to_eukaryota
"(Node1612*, Node77*)",1498,-0.008215317774487,0.0020438828458006,c4,branch_to_eukaryota
"(Node1612*, Node77*)",1499,-0.3510711085565766,0.9674483230781173,c2,branch_to_eukaryota
"(Node1612*, Node77*)",1500,-0.0983657058233812,0.0020438828458006,c4,branch_to_eukaryota
"(Node1612*, Node77*)",1501,0.0975558123148004,0.0020438828458006,c4,branch_to_eukaryota
"(Node1612*, Node77*)",1502,0.0107905429905992,0.0020438828458006,c4,branch_to_eukaryota
"(Node1612*, Node77*)",1503,-0.0036617044985481,0.0020438828458006,c4,branch_to_eukaryota
"(Node1612*, Node77*)",1504,0.0630997970679054,0.0020438828458006,c4,branch_to_eukaryota
"(Node1612*, Node77*)",1505,-0.5402301093460067,0.280118289015922,c3,branch_to_eukaryota
"(Node1612*, Node77*)",1506,0.0250286263969388,0.280118289015922,c3,branch_to_eukaryota
"(Node1612*, Node77*)",1507,-0.0332171288515908,0.0020438828458006,c4,branch_to_eukaryota
"(Node1612*, Node77*)",1508,0.3049020174912698,0.280118289015922,c3,branch_to_eukaryota
"(Node1612*, Node77*)",1509,0.2309178429268409,0.280118289015922,c3,branch_to_eukaryota
"(Node1612*, Node77*)",1510,0.5371902148497043,0.280118289015922,c3,branch_to_eukaryota
"(Node1612*, Node77*)",1511,0.0662250175488692,0.0020438828458006,c4,branch_to_eukaryota
"(Node1612*, Node77*)",1512,-0.0055413746607592,0.0020438828458006,c4,branch_to_eukaryota
"(Node1612*, Node77*)",1513,-0.0290123183299028,0.0020438828458006,c4,branch_to_eukaryota
"(Node1612*, Node77*)",1514,-0.6295722731635808,0.9674483230781173,c2,branch_to_eukaryota
"(Node1612*, Node77*)",1515,-0.0027942512154927,0.0020438828458006,c4,branch_to_eukaryota
"(Node1612*, Node77*)",1516,-0.4938558032612736,0.280118289015922,c3,branch_to_eukaryota
"(Node1612*, Node77*)",1517,0.9371107868270016,0.9674483230781173,c2,branch_to_eukaryota
"(Node1612*, Node77*)",1518,-1.5467175014316757e-15,0.0020438828458006,c4,branch_to_eukaryota
"(Node1612*, Node77*)",1519,-2.1120617624411773e-15,0.0020438828458006,c4,branch_to_eukaryota
"(Node1612*, Node77*)",1520,-5.467073680163278e-16,0.0020438828458006,c4,branch_to_eukaryota
"(Node1612*, Node77*)",1521,0.1379129225986663,0.280118289015922,c3,branch_to_eukaryota
"(Node1612*, Node77*)",1522,0.050297283818066,0.9674483230781173,c2,branch_to_eukaryota
"(Node1612*, Node77*)",1523,0.7842819353570647,0.280118289015922,c3,branch_to_eukaryota
"(Node1612*, Node77*)",1524,1.6927430614076326,0.9674483230781173,c2,branch_to_eukaryota
"(Node1612*, Node77*)",1525,-0.9675476774556984,2.2941500647941577,c1,branch_to_eukaryota
"(Node1612*, Node77*)",1526,-0.9817472619643132,2.2941500647941577,c1,branch_to_eukaryota
"(Node1612*, Node77*)",1527,0.2770902964852141,0.9674483230781173,c2,branch_to_eukaryota
"(Node1612*, Node77*)",1528,-0.5798378220067282,0.9674483230781173,c2,branch_to_eukaryota
"(Node1612*, Node77*)",1529,0.3140431237686197,0.280118289015922,c3,branch_to_eukaryota
"(Node1612*, Node77*)",1530,0.1272213945457981,0.0020438828458006,c4,branch_to_eukaryota
"(Node1612*, Node77*)",1531,0.0536422485854262,0.0020438828458006,c4,branch_to_eukaryota
"(Node1612*, Node77*)",1532,0.9847677212700124,0.280118289015922,c3,branch_to_eukaryota
"(Node1612*, Node77*)",1533,1.0702254132226845,0.280118289015922,c3,branch_to_eukaryota
"(Node1612*, Node77*)",1534,1.804703725441616,0.9674483230781173,c2,branch_to_eukaryota
"(Node1612*, Node77*)",1535,2.8487724136334056,2.2941500647941577,c1,branch_to_eukaryota
"(Node1612*, Node77*)",1536,3.1984852626797324,2.2941500647941577,c1,branch_to_eukaryota
"(Node1612*, Node77*)",1537,-1.0274721414669046,0.9674483230781173,c2,branch_to_eukaryota
"(Node1612*, Node77*)",1538,-0.3208374535711581,2.2941500647941577,c1,branch_to_eukaryota
"(Node1612*, Node77*)",1539,2.53017514235952,0.9674483230781173,c2,branch_to_eukaryota
"(Node1612*, Node77*)",1540,2.40087217078976,0.9674483230781173,c2,branch_to_eukaryota
"(Node1612*, Node77*)",1541,0.3649784471265442,0.280118289015922,c3,branch_to_eukaryota
"(Node1612*, Node77*)",1542,1.0370272028006968,0.280118289015922,c3,branch_to_eukaryota
"(Node1612*, Node77*)",1543,1.463419783067105,0.280118289015922,c3,branch_to_eukaryota
"(Node1612*, Node77*)",1544,1.804532135050892,0.9674483230781173,c2,branch_to_eukaryota
"(Node1612*, Node77*)",1545,0.4438301017306181,0.9674483230781173,c2,branch_to_eukaryota
"(Node1612*, Node77*)",1546,0.1397063968792345,0.280118289015922,c3,branch_to_eukaryota
"(Node1612*, Node77*)",1547,1.136838417494539,0.9674483230781173,c2,branch_to_eukaryota
"(Node1612*, Node77*)",1548,2.24022972925964,0.9674483230781173,c2,branch_to_eukaryota
"(Node1612*, Node77*)",1549,0.9644981844427286,0.280118289015922,c3,branch_to_eukaryota
"(Node1612*, Node77*)",1550,1.461451596097759,0.280118289015922,c3,branch_to_eukaryota
"(Node1612*, Node77*)",1551,-0.2732615805897089,0.280118289015922,c3,branch_to_eukaryota
"(Node1612*, Node77*)",1552,1.671100129342587,0.9674483230781173,c2,branch_to_eukaryota
"(Node1612*, Node77*)",1553,0.0023809912653314,0.0020438828458006,c4,branch_to_eukaryota
"(Node1612*, Node77*)",1554,0.8099356735820105,0.9674483230781173,c2,branch_to_eukaryota
"(Node1612*, Node77*)",1555,0.3338029647727102,2.2941500647941577,c1,branch_to_eukaryota
"(Node1612*, Node77*)",1556,2.139189109406977,2.2941500647941577,c1,branch_to_eukaryota
"(Node1612*, Node77*)",1557,2.1391891053904333,2.2941500647941577,c1,branch_to_eukaryota
"(Node1612*, Node77*)",1558,2.75499749025218,2.2941500647941577,c1,branch_to_eukaryota
"(Node1612*, Node77*)",1559,2.8471717025333545,2.2941500647941577,c1,branch_to_eukaryota
"(Node1612*, Node77*)",1560,1.3986038340675135,2.2941500647941577,c1,branch_to_eukaryota
"(Node1612*, Node77*)",1561,0.1504258111501861,2.2941500647941577,c1,branch_to_eukaryota
"(Node1612*, Node77*)",1562,0.272295138794834,0.280118289015922,c3,branch_to_eukaryota
"(Node1612*, Node77*)",1563,-0.1054361419910443,0.9674483230781173,c2,branch_to_eukaryota
"(Node1612*, Node77*)",1564,1.7623852962186024,0.9674483230781173,c2,branch_to_eukaryota
"(Node1612*, Node77*)",1565,0.0935086278727504,2.2941500647941577,c1,branch_to_eukaryota
"(Node1612*, Node77*)",1566,2.1009679244845847,2.2941500647941577,c1,branch_to_eukaryota
"(Node1612*, Node77*)",1567,1.5248398450570533,2.2941500647941577,c1,branch_to_eukaryota
"(Node1612*, Node77*)",1568,2.534147944858276,0.9674483230781173,c2,branch_to_eukaryota
"(Node1612*, Node77*)",1569,0.2265240426198646,0.9674483230781173,c2,branch_to_eukaryota
"(Node1612*, Node77*)",1570,2.8487725060030886,2.2941500647941577,c1,branch_to_eukaryota
"(Node1612*, Node77*)",1571,1.815969240188832,0.9674483230781173,c2,branch_to_eukaryota
"(Node1612*, Node77*)",1572,-0.9113208658522712,2.2941500647941577,c1,branch_to_eukaryota
"(Node1612*, Node77*)",1573,1.4798035162908825,2.2941500647941577,c1,branch_to_eukaryota
"(Node1612*, Node77*)",1574,3.1984852832696777,2.2941500647941577,c1,branch_to_eukaryota
"(Node1612*, Node77*)",1575,2.848772506003086,2.2941500647941577,c1,branch_to_eukaryota
"(Node1612*, Node77*)",1576,1.525019063656564,2.2941500647941577,c1,branch_to_eukaryota
"(Node1612*, Node77*)",1577,1.8047193047047203,0.9674483230781173,c2,branch_to_eukaryota
"(Node1612*, Node77*)",1578,1.4735525229540904,2.2941500647941577,c1,branch_to_eukaryota
"(Node1612*, Node77*)",1579,3.1984852794694545,2.2941500647941577,c1,branch_to_eukaryota
"(Node1612*, Node77*)",1580,-1.4233556549994933e-15,0.9674483230781173,c2,branch_to_eukaryota
"(Node1612*, Node77*)",1581,3.866248824951214e-14,0.9674483230781173,c2,branch_to_eukaryota
"(Node1612*, Node77*)",1582,2.1391891145165163,2.2941500647941577,c1,branch_to_eukaryota
"(Node1612*, Node77*)",1583,-0.9612298797193805,2.2941500647941577,c1,branch_to_eukaryota
"(Node1612*, Node77*)",1584,-6.662093694735127e-13,0.9674483230781173,c2,branch_to_eukaryota
"(Node1612*, Node77*)",1585,2.841260176655753,2.2941500647941577,c1,branch_to_eukaryota
"(Node1612*, Node77*)",1586,-0.3008183252967442,2.2941500647941577,c1,branch_to_eukaryota
"(Node1612*, Node77*)",1587,2.1391891145165163,2.2941500647941577,c1,branch_to_eukaryota
"(Node1612*, Node77*)",1588,1.9820759632433036,0.9674483230781173,c2,branch_to_eukaryota
"(Node1612*, Node77*)",1589,3.198484718320704,2.2941500647941577,c1,branch_to_eukaryota
"(Node1612*, Node77*)",1590,3.1951598892497683,2.2941500647941577,c1,branch_to_eukaryota
"(Node1612*, Node77*)",1591,1.8932094649867277,0.9674483230781173,c2,branch_to_eukaryota
"(Node1612*, Node77*)",1592,-1.0057968610021182,2.2941500647941577,c1,branch_to_eukaryota
"(Node1612*, Node77*)",1593,2.1607051284355485,2.2941500647941577,c1,branch_to_eukaryota
"(Node1612*, Node77*)",1594,-6.661295778952876e-13,0.9674483230781173,c2,branch_to_eukaryota
"(Node1612*, Node77*)",1595,2.8487725060030886,2.2941500647941577,c1,branch_to_eukaryota
"(Node1612*, Node77*)",1596,-0.7471335477742913,0.9674483230781173,c2,branch_to_eukaryota
"(Node1612*, Node77*)",1597,-0.510576877125053,0.9674483230781173,c2,branch_to_eukaryota
"(Node1612*, Node77*)",1598,1.3221055542433833,0.280118289015922,c3,branch_to_eukaryota
"(Node1612*, Node77*)",1599,2.4532374895076265,0.9674483230781173,c2,branch_to_eukaryota
"(Node1612*, Node77*)",1600,1.494274355016318,0.280118289015922,c3,branch_to_eukaryota
"(Node1612*, Node77*)",1601,1.1572238721519332,0.9674483230781173,c2,branch_to_eukaryota
"(Node1612*, Node77*)",1602,2.1391891145165163,2.2941500647941577,c1,branch_to_eukaryota
"(Node1612*, Node77*)",1603,2.1391891145165163,2.2941500647941577,c1,branch_to_eukaryota
"(Node1612*, Node77*)",1604,2.1391891145165163,2.2941500647941577,c1,branch_to_eukaryota
"(Node1612*, Node77*)",1605,3.198485283270009,2.2941500647941577,c1,branch_to_eukaryota
"(Node1612*, Node77*)",1606,2.3186643667425875,0.9674483230781173,c2,branch_to_eukaryota
"(Node1612*, Node77*)",1607,-0.8955909918154212,2.2941500647941577,c1,branch_to_eukaryota
"(Node1612*, Node77*)",1608,3.198485283270009,2.2941500647941577,c1,branch_to_eukaryota
"(Node1612*, Node77*)",1609,2.8487725060030886,2.2941500647941577,c1,branch_to_eukaryota
"(Node1612*, Node77*)",1610,3.198485283270009,2.2941500647941577,c1,branch_to_eukaryota
"(Node1612*, Node77*)",1611,1.5248398512233767,2.2941500647941577,c1,branch_to_eukaryota
"(Node1612*, Node77*)",1612,3.198485255105574,2.2941500647941577,c1,branch_to_eukaryota
"(Node1612*, Node77*)",1613,1.8046360489169893,0.9674483230781173,c2,branch_to_eukaryota
"(Node1612*, Node77*)",1614,-0.1884035481036607,2.2941500647941577,c1,branch_to_eukaryota
"(Node1612*, Node77*)",1615,1.8032850324015604,0.9674483230781173,c2,branch_to_eukaryota
"(Node1612*, Node77*)",1616,2.536297142111668,0.9674483230781173,c2,branch_to_eukaryota
"(Node1612*, Node77*)",1617,-0.7218294179960889,2.2941500647941577,c1,branch_to_eukaryota
"(Node1612*, Node77*)",1618,0.2014530872262229,2.2941500647941577,c1,branch_to_eukaryota
"(Node1612*, Node77*)",1619,3.198485283270009,2.2941500647941577,c1,branch_to_eukaryota
"(Node1612*, Node77*)",1620,2.8487725060030886,2.2941500647941577,c1,branch_to_eukaryota
"(Node1612*, Node77*)",1621,1.92663100795454,2.2941500647941577,c1,branch_to_eukaryota
"(Node1612*, Node77*)",1622,1.0055533132107977,2.2941500647941577,c1,branch_to_eukaryota
"(Node1612*, Node77*)",1623,2.1391891145165163,2.2941500647941577,c1,branch_to_eukaryota
"(Node1612*, Node77*)",1624,1.3723830883591503,0.9674483230781173,c2,branch_to_eukaryota
"(Node1612*, Node77*)",1625,0.1127790251593313,0.0020438828458006,c4,branch_to_eukaryota
"(Node1612*, Node77*)",1626,-0.0983948698757576,0.0020438828458006,c4,branch_to_eukaryota
"(Node1612*, Node77*)",1627,-0.0135570923050444,0.0020438828458006,c4,branch_to_eukaryota
"(Node1612*, Node77*)",1628,0.6910678267172129,0.280118289015922,c3,branch_to_eukaryota
"(Node1612*, Node77*)",1629,0.5662152644278798,0.280118289015922,c3,branch_to_eukaryota
"(Node1612*, Node77*)",1630,-0.3423714429641325,0.9674483230781173,c2,branch_to_eukaryota
"(Node1612*, Node77*)",1631,3.1984840495133167,2.2941500647941577,c1,branch_to_eukaryota
"(Node1612*, Node77*)",1632,2.8487725060030886,2.2941500647941577,c1,branch_to_eukaryota
"(Node1612*, Node77*)",1633,0.5133361619036743,0.280118289015922,c3,branch_to_eukaryota
"(Node1612*, Node77*)",1634,0.58227599957331,0.280118289015922,c3,branch_to_eukaryota
"(Node1612*, Node77*)",1635,0.4613296817698,0.9674483230781173,c2,branch_to_eukaryota
"(Node1612*, Node77*)",1636,0.0145840581814007,0.280118289015922,c3,branch_to_eukaryota
"(Node1612*, Node77*)",1637,2.1391891145165163,2.2941500647941577,c1,branch_to_eukaryota
"(Node1612*, Node77*)",1638,-0.0379309428103496,0.0020438828458006,c4,branch_to_eukaryota
"(Node1612*, Node77*)",1639,-1.2138569076659293e-15,0.0020438828458006,c4,branch_to_eukaryota
"(Node1612*, Node77*)",1640,4.509771928398341e-16,0.0020438828458006,c4,branch_to_eukaryota
"(Node1612*, Node77*)",1641,-1.5696085576498794e-15,0.0020438828458006,c4,branch_to_eukaryota
"(Node1612*, Node77*)",1642,0.046925056329826,0.0020438828458006,c4,branch_to_eukaryota
"(Node1612*, Node77*)",1643,-0.277896090959067,0.9674483230781173,c2,branch_to_eukaryota
"(Node1612*, Node77*)",1644,2.193704240362983,2.2941500647941577,c1,branch_to_eukaryota
"(Node1612*, Node77*)",1645,0.0013603212576508,0.0020438828458006,c4,branch_to_eukaryota
"(Node1612*, Node77*)",1646,-0.173367415470816,0.9674483230781173,c2,branch_to_eukaryota
"(Node1612*, Node77*)",1647,-0.1138374214902013,0.0020438828458006,c4,branch_to_eukaryota
"(Node1612*, Node77*)",1648,-0.0838243706382127,0.0020438828458006,c4,branch_to_eukaryota
"(Node1612*, Node77*)",1649,1.1781207459366287,0.280118289015922,c3,branch_to_eukaryota
"(Node1612*, Node77*)",1650,1.0062529842501675,0.280118289015922,c3,branch_to_eukaryota
"(Node1612*, Node77*)",1651,2.077404107937846,2.2941500647941577,c1,branch_to_eukaryota
"(Node1612*, Node77*)",1652,0.3462543653264539,0.280118289015922,c3,branch_to_eukaryota
"(Node1612*, Node77*)",1653,0.4644687589961623,0.280118289015922,c3,branch_to_eukaryota
"(Node1612*, Node77*)",1654,2.754995411366117,2.2941500647941577,c1,branch_to_eukaryota
"(Node1612*, Node77*)",1655,0.840917577637394,0.280118289015922,c3,branch_to_eukaryota
"(Node1612*, Node77*)",1656,0.8400603402877453,0.280118289015922,c3,branch_to_eukaryota
"(Node1612*, Node77*)",1657,-0.0537657937507073,0.0020438828458006,c4,branch_to_eukaryota
"(Node1612*, Node77*)",1658,-0.1014870577974084,0.0020438828458006,c4,branch_to_eukaryota
"(Node1612*, Node77*)",1659,0.0212407802893536,0.280118289015922,c3,branch_to_eukaryota
"(Node1612*, Node77*)",1660,-0.4814409308621096,0.9674483230781173,c2,branch_to_eukaryota
"(Node1612*, Node77*)",1661,1.3987623667839704,2.2941500647941577,c1,branch_to_eukaryota
"(Node1612*, Node77*)",1662,0.0454974230395017,2.2941500647941577,c1,branch_to_eukaryota
"(Node1612*, Node77*)",1663,4.804481720399565e-15,0.280118289015922,c3,branch_to_eukaryota
"(Node1612*, Node77*)",1664,0.048212818108264,0.0020438828458006,c4,branch_to_eukaryota
"(Node1612*, Node77*)",1665,1.3988152479626548,0.9674483230781173,c2,branch_to_eukaryota
"(Node1612*, Node77*)",1666,1.418525870846188,2.2941500647941577,c1,branch_to_eukaryota
"(Node1612*, Node77*)",1667,1.8740281216220247,0.9674483230781173,c2,branch_to_eukaryota
"(Node1612*, Node77*)",1668,3.198485283270009,2.2941500647941577,c1,branch_to_eukaryota
"(Node1612*, Node77*)",1669,-0.6677744797127528,0.280118289015922,c3,branch_to_eukaryota
"(Node1612*, Node77*)",1670,-0.5874339000360713,0.280118289015922,c3,branch_to_eukaryota
"(Node1612*, Node77*)",1671,0.1369954948072325,0.280118289015922,c3,branch_to_eukaryota
"(Node1612*, Node77*)",1672,0.0207511794220944,0.0020438828458006,c4,branch_to_eukaryota
"(Node1612*, Node77*)",1673,2.848707086094131,2.2941500647941577,c1,branch_to_eukaryota
"(Node1612*, Node77*)",1674,1.9797882478681608,2.2941500647941577,c1,branch_to_eukaryota
"(Node1612*, Node77*)",1675,1.5011257690876485,2.2941500647941577,c1,branch_to_eukaryota
"(Node1612*, Node77*)",1676,1.4895705820097829,0.280118289015922,c3,branch_to_eukaryota
"(Node1612*, Node77*)",1677,1.4877398503604045,0.280118289015922,c3,branch_to_eukaryota
"(Node1612*, Node77*)",1678,0.166276775091666,0.280118289015922,c3,branch_to_eukaryota
"(Node1612*, Node77*)",1679,-0.0647308341850748,0.0020438828458006,c4,branch_to_eukaryota
"(Node1612*, Node77*)",1680,0.0570235567590272,0.0020438828458006,c4,branch_to_eukaryota
"(Node1612*, Node77*)",1681,1.1835853614661327,0.280118289015922,c3,branch_to_eukaryota
"(Node1612*, Node77*)",1682,3.198485283146095,2.2941500647941577,c1,branch_to_eukaryota
"(Node1612*, Node77*)",1683,0.4674447911055205,0.280118289015922,c3,branch_to_eukaryota
"(Node1612*, Node77*)",1684,-0.4366541460640526,0.9674483230781173,c2,branch_to_eukaryota
"(Node1612*, Node77*)",1685,-0.8092420143675755,2.2941500647941577,c1,branch_to_eukaryota
"(Node1612*, Node77*)",1686,0.799330062126894,0.9674483230781173,c2,branch_to_eukaryota
"(Node1612*, Node77*)",1687,2.42135524141716,2.2941500647941577,c1,branch_to_eukaryota
"(Node1612*, Node77*)",1688,-0.0578773534875958,0.9674483230781173,c2,branch_to_eukaryota
"(Node1612*, Node77*)",1689,1.0539294152192298,2.2941500647941577,c1,branch_to_eukaryota
"(Node1612*, Node77*)",1690,1.804713969733316,0.9674483230781173,c2,branch_to_eukaryota
"(Node1612*, Node77*)",1691,2.139188975615835,2.2941500647941577,c1,branch_to_eukaryota
"(Node1612*, Node77*)",1692,2.8487725059011773,2.2941500647941577,c1,branch_to_eukaryota
"(Node1612*, Node77*)",1693,3.192783930695875,2.2941500647941577,c1,branch_to_eukaryota
"(Node1612*, Node77*)",1694,-0.1623503932513283,0.280118289015922,c3,branch_to_eukaryota
"(Node1612*, Node77*)",1695,2.1391891145165163,2.2941500647941577,c1,branch_to_eukaryota
"(Node1612*, Node77*)",1696,0.0405248923134248,0.0020438828458006,c4,branch_to_eukaryota
"(Node1612*, Node77*)",1697,-0.3925073153860983,0.280118289015922,c3,branch_to_eukaryota
"(Node1612*, Node77*)",1698,0.7675975873145894,0.9674483230781173,c2,branch_to_eukaryota
"(Node1612*, Node77*)",1699,0.2406650788589397,0.9674483230781173,c2,branch_to_eukaryota
"(Node1612*, Node77*)",1700,3.190275491469289,2.2941500647941577,c1,branch_to_eukaryota
"(Node1612*, Node77*)",1701,0.8678638886383316,2.2941500647941577,c1,branch_to_eukaryota
"(Node1612*, Node77*)",1702,2.1391891145165163,2.2941500647941577,c1,branch_to_eukaryota
"(Node1612*, Node77*)",1703,1.1424203281793237,0.9674483230781173,c2,branch_to_eukaryota
"(Node1612*, Node77*)",1704,2.8487725060030886,2.2941500647941577,c1,branch_to_eukaryota
"(Node1612*, Node77*)",1705,2.8487725060030886,2.2941500647941577,c1,branch_to_eukaryota
"(Node1612*, Node77*)",1706,2.4463325668683997,0.9674483230781173,c2,branch_to_eukaryota
"(Node1612*, Node77*)",1707,1.402276823340404,0.9674483230781173,c2,branch_to_eukaryota
"(Node1612*, Node77*)",1708,-0.8432800069116254,0.9674483230781173,c2,branch_to_eukaryota
"(Node1612*, Node77*)",1709,1.0440110532525928,2.2941500647941577,c1,branch_to_eukaryota
"(Node1612*, Node77*)",1710,-0.0206558551873466,0.280118289015922,c3,branch_to_eukaryota
"(Node1612*, Node77*)",1711,1.202074576845373,0.9674483230781173,c2,branch_to_eukaryota
"(Node1612*, Node77*)",1712,-0.3202482166379822,0.280118289015922,c3,branch_to_eukaryota
"(Node1612*, Node77*)",1713,-0.0457202084679735,0.280118289015922,c3,branch_to_eukaryota
"(Node1612*, Node77*)",1714,3.198485283270009,2.2941500647941577,c1,branch_to_eukaryota
"(Node1612*, Node77*)",1715,0.423308628711765,0.280118289015922,c3,branch_to_eukaryota
"(Node1612*, Node77*)",1716,3.192784954573244,2.2941500647941577,c1,branch_to_eukaryota
"(Node1612*, Node77*)",1717,2.1390730172015258,2.2941500647941577,c1,branch_to_eukaryota
"(Node1612*, Node77*)",1718,1.9271153743015383,2.2941500647941577,c1,branch_to_eukaryota
"(Node1612*, Node77*)",1719,2.84877250400387,2.2941500647941577,c1,branch_to_eukaryota
"(Node1612*, Node77*)",1720,1.9788080523184688,2.2941500647941577,c1,branch_to_eukaryota
"(Node1612*, Node77*)",1721,0.0713065180067779,0.280118289015922,c3,branch_to_eukaryota
"(Node1612*, Node77*)",1722,-0.8096658666676254,0.280118289015922,c3,branch_to_eukaryota
"(Node1612*, Node77*)",1723,2.1391891145165163,2.2941500647941577,c1,branch_to_eukaryota
"(Node1612*, Node77*)",1724,2.1391891145165163,2.2941500647941577,c1,branch_to_eukaryota
"(Node1612*, Node77*)",1725,2.8487725060030886,2.2941500647941577,c1,branch_to_eukaryota
"(Node1612*, Node77*)",1726,2.848628280029013,2.2941500647941577,c1,branch_to_eukaryota
"(Node1612*, Node77*)",1727,-0.0377016178184357,2.2941500647941577,c1,branch_to_eukaryota
"(Node1612*, Node77*)",1728,-0.9414840381076665,0.9674483230781173,c2,branch_to_eukaryota
"(Node1612*, Node77*)",1729,1.4972544321438976,0.9674483230781173,c2,branch_to_eukaryota
"(Node1612*, Node77*)",1730,3.198484953562503,2.2941500647941577,c1,branch_to_eukaryota
"(Node1612*, Node77*)",1731,0.0453812048917726,2.2941500647941577,c1,branch_to_eukaryota
"(Node1612*, Node77*)",1732,2.691393097929751,2.2941500647941577,c1,branch_to_eukaryota
"(Node1612*, Node77*)",1733,2.1391891145165163,2.2941500647941577,c1,branch_to_eukaryota
"(Node1612*, Node77*)",1734,-0.3630156854527782,2.2941500647941577,c1,branch_to_eukaryota
"(Node1612*, Node77*)",1735,2.8487725060030886,2.2941500647941577,c1,branch_to_eukaryota
"(Node1612*, Node77*)",1736,1.979671515052148,2.2941500647941577,c1,branch_to_eukaryota
"(Node1612*, Node77*)",1737,-1.0328727305480248,0.9674483230781173,c2,branch_to_eukaryota
"(Node1612*, Node77*)",1738,3.195159881245597,2.2941500647941577,c1,branch_to_eukaryota
"(Node1612*, Node77*)",1739,2.1375976740394247,2.2941500647941577,c1,branch_to_eukaryota
"(Node1612*, Node77*)",1740,1.380965957761223,0.280118289015922,c3,branch_to_eukaryota
"(Node1612*, Node77*)",1741,0.4377526005192804,0.280118289015922,c3,branch_to_eukaryota
"(Node1612*, Node77*)",1742,-0.1005632108156367,0.280118289015922,c3,branch_to_eukaryota
"(Node1612*, Node77*)",1743,1.7952982313049068,0.9674483230781173,c2,branch_to_eukaryota
"(Node1612*, Node77*)",1744,1.5516580953900572,2.2941500647941577,c1,branch_to_eukaryota
"(Node1612*, Node77*)",1745,3.1984852832689974,2.2941500647941577,c1,branch_to_eukaryota
"(Node1612*, Node77*)",1746,1.9269162427151405,2.2941500647941577,c1,branch_to_eukaryota
"(Node1612*, Node77*)",1747,-0.29655283102362,0.9674483230781173,c2,branch_to_eukaryota
"(Node1612*, Node77*)",1748,-0.6925816942889204,0.9674483230781173,c2,branch_to_eukaryota
"(Node1612*, Node77*)",1749,-0.6325917138294838,0.280118289015922,c3,branch_to_eukaryota
"(Node1612*, Node77*)",1750,2.8487725060030886,2.2941500647941577,c1,branch_to_eukaryota
"(Node1612*, Node77*)",1751,-0.2689048112843466,0.280118289015922,c3,branch_to_eukaryota
"(Node1612*, Node77*)",1752,-0.5230943476579968,0.9674483230781173,c2,branch_to_eukaryota
"(Node1612*, Node77*)",1753,0.092707818846851,0.280118289015922,c3,branch_to_eukaryota
"(Node1612*, Node77*)",1754,1.25262550211167,0.280118289015922,c3,branch_to_eukaryota
"(Node1612*, Node77*)",1755,0.9443382976907396,0.280118289015922,c3,branch_to_eukaryota
"(Node1612*, Node77*)",1756,3.198351489846175,2.2941500647941577,c1,branch_to_eukaryota
"(Node1612*, Node77*)",1757,2.139188939964614,2.2941500647941577,c1,branch_to_eukaryota
"(Node1612*, Node77*)",1758,-1.0338409680848342,0.9674483230781173,c2,branch_to_eukaryota
"(Node1612*, Node77*)",1759,3.1488665442609287,2.2941500647941577,c1,branch_to_eukaryota
"(Node1612*, Node77*)",1760,2.1391891145165163,2.2941500647941577,c1,branch_to_eukaryota
"(Node1612*, Node77*)",1761,1.9806589265753405,2.2941500647941577,c1,branch_to_eukaryota
"(Node1612*, Node77*)",1762,2.848772329915032,2.2941500647941577,c1,branch_to_eukaryota
"(Node1612*, Node77*)",1763,2.3747346418535,2.2941500647941577,c1,branch_to_eukaryota
"(Node1612*, Node77*)",1764,1.5259478575013108,0.9674483230781173,c2,branch_to_eukaryota
"(Node1612*, Node77*)",1765,3.19848526657543,2.2941500647941577,c1,branch_to_eukaryota
"(Node1612*, Node77*)",1766,2.1391891145165154,2.2941500647941577,c1,branch_to_eukaryota
"(Node1612*, Node77*)",1767,-0.2738485926963112,2.2941500647941577,c1,branch_to_eukaryota
"(Node1612*, Node77*)",1768,2.9806404801477067,2.2941500647941577,c1,branch_to_eukaryota
"(Node1612*, Node77*)",1769,3.198485279714133,2.2941500647941577,c1,branch_to_eukaryota
"(Node1612*, Node77*)",1770,3.198485283269859,2.2941500647941577,c1,branch_to_eukaryota
"(Node1612*, Node77*)",1771,-0.9611107639837256,2.2941500647941577,c1,branch_to_eukaryota
"(Node1612*, Node77*)",1772,2.1391891145165154,2.2941500647941577,c1,branch_to_eukaryota
"(Node1612*, Node77*)",1773,3.172738805447617,2.2941500647941577,c1,branch_to_eukaryota
"(Node1612*, Node77*)",1774,2.381124655578451,0.9674483230781173,c2,branch_to_eukaryota
"(Node1612*, Node77*)",1775,2.5356372410778016,0.9674483230781173,c2,branch_to_eukaryota
"(Node1612*, Node77*)",1776,3.1705579872100307,2.2941500647941577,c1,branch_to_eukaryota
"(Node1612*, Node77*)",1777,-0.9038587096979112,2.2941500647941577,c1,branch_to_eukaryota
"(Node1612*, Node77*)",1778,1.1637723465856985e-13,2.2941500647941577,c1,branch_to_eukaryota
"(Node1612*, Node77*)",1779,2.139189114516503,2.2941500647941577,c1,branch_to_eukaryota
"(Node1612*, Node77*)",1780,-0.9594776553291972,2.2941500647941577,c1,branch_to_eukaryota
"(Node1612*, Node77*)",1781,2.8487725060030886,2.2941500647941577,c1,branch_to_eukaryota
"(Node1612*, Node77*)",1782,3.1984852832700046,2.2941500647941577,c1,branch_to_eukaryota
"(Node1612*, Node77*)",1783,2.848772505587942,2.2941500647941577,c1,branch_to_eukaryota
"(Node1612*, Node77*)",1784,3.1984852832700046,2.2941500647941577,c1,branch_to_eukaryota
"(Node1612*, Node77*)",1785,2.8487725060030886,2.2941500647941577,c1,branch_to_eukaryota
"(Node1612*, Node77*)",1786,3.198485283270004,2.2941500647941577,c1,branch_to_eukaryota
"(Node1612*, Node77*)",1787,3.1984852832689774,2.2941500647941577,c1,branch_to_eukaryota
"(Node1612*, Node77*)",1788,2.1391891145165154,2.2941500647941577,c1,branch_to_eukaryota
"(Node1612*, Node77*)",1789,3.1984852832700046,2.2941500647941577,c1,branch_to_eukaryota
"(Node1612*, Node77*)",1790,3.198485283270008,2.2941500647941577,c1,branch_to_eukaryota
"(Node1612*, Node77*)",1791,3.1984852832700046,2.2941500647941577,c1,branch_to_eukaryota
"(Node1612*, Node77*)",1792,2.1391891145165154,2.2941500647941577,c1,branch_to_eukaryota
"(Node1612*, Node77*)",1793,-0.8948613443229894,2.2941500647941577,c1,branch_to_eukaryota
"(Node1612*, Node77*)",1794,3.198485283270004,2.2941500647941577,c1,branch_to_eukaryota
"(Node1612*, Node77*)",1795,-0.9098917864352816,2.2941500647941577,c1,branch_to_eukaryota
"(Node1612*, Node77*)",1796,2.481844861141476,0.9674483230781173,c2,branch_to_eukaryota
"(Node1612*, Node77*)",1797,-0.2329404530700524,0.9674483230781173,c2,branch_to_eukaryota
"(Node1612*, Node77*)",1798,2.535712434059469,0.9674483230781173,c2,branch_to_eukaryota
"(Node1612*, Node77*)",1799,2.536246071980909,0.9674483230781173,c2,branch_to_eukaryota
"(Node1612*, Node77*)",1800,2.6245844041529134,2.2941500647941577,c1,branch_to_eukaryota
"(Node1612*, Node77*)",1801,-1.0078986713480051,0.9674483230781173,c2,branch_to_eukaryota
"(Node1612*, Node77*)",1802,1.745935230442631,0.9674483230781173,c2,branch_to_eukaryota
"(Node1612*, Node77*)",1803,1.7459434821428923,0.9674483230781173,c2,branch_to_eukaryota
"(Node1612*, Node77*)",1804,0.8795490712957936,0.280118289015922,c3,branch_to_eukaryota
"(Node1612*, Node77*)",1805,2.8487725060030886,2.2941500647941577,c1,branch_to_eukaryota
"(Node1612*, Node77*)",1806,-1.0082785078858123,2.2941500647941577,c1,branch_to_eukaryota
"(Node1612*, Node77*)",1807,-1.0563808134376157e-13,0.9674483230781173,c2,branch_to_eukaryota
"(Node1612*, Node77*)",1808,-1.0409192477767786,0.9674483230781173,c2,branch_to_eukaryota
"(Node1612*, Node77*)",1809,0.5643509334630825,0.280118289015922,c3,branch_to_eukaryota
"(Node1612*, Node77*)",1810,0.3395917546823544,0.280118289015922,c3,branch_to_eukaryota
"(Node1612*, Node77*)",1811,-0.0790275372824795,0.280118289015922,c3,branch_to_eukaryota
"(Node1612*, Node77*)",1812,-0.5506729354502008,0.280118289015922,c3,branch_to_eukaryota
"(Node1612*, Node77*)",1813,-0.2477688635691301,0.280118289015922,c3,branch_to_eukaryota
"(Node1612*, Node77*)",1814,0.072748160025169,0.280118289015922,c3,branch_to_eukaryota
"(Node1612*, Node77*)",1815,0.4974897539969124,0.280118289015922,c3,branch_to_eukaryota
"(Node1612*, Node77*)",1816,-0.8412264008837865,0.280118289015922,c3,branch_to_eukaryota
"(Node1612*, Node77*)",1817,1.18458831748444,0.9674483230781173,c2,branch_to_eukaryota
"(Node1612*, Node77*)",1818,1.1869130997067376,0.9674483230781173,c2,branch_to_eukaryota
"(Node1612*, Node77*)",1819,-0.040257044596535,0.9674483230781173,c2,branch_to_eukaryota
"(Node1612*, Node77*)",1820,1.8043212404505649,0.9674483230781173,c2,branch_to_eukaryota
"(Node1612*, Node77*)",1821,2.8487725060030886,2.2941500647941577,c1,branch_to_eukaryota
"(Node1612*, Node77*)",1822,4.0800530929779376e-14,0.9674483230781173,c2,branch_to_eukaryota
"(Node1612*, Node77*)",1823,0.854532829781111,0.9674483230781173,c2,branch_to_eukaryota
"(Node1612*, Node77*)",1824,0.0792519918117372,0.280118289015922,c3,branch_to_eukaryota
"(Node1612*, Node77*)",1825,0.058988094403148,0.280118289015922,c3,branch_to_eukaryota
"(Node1612*, Node77*)",1826,1.4651418699470773,0.280118289015922,c3,branch_to_eukaryota
"(Node1612*, Node77*)",1827,0.0494538608280907,0.0020438828458006,c4,branch_to_eukaryota
"(Node1612*, Node77*)",1828,1.0448396245857905,0.280118289015922,c3,branch_to_eukaryota
"(Node1612*, Node77*)",1829,-1.0526184465209695e-14,0.280118289015922,c3,branch_to_eukaryota
"(Node1612*, Node77*)",1830,-0.1168367179582801,0.0020438828458006,c4,branch_to_eukaryota
"(Node1612*, Node77*)",1831,-0.3237555802376832,0.280118289015922,c3,branch_to_eukaryota
"(Node1612*, Node77*)",1832,-0.9008179734087735,0.280118289015922,c3,branch_to_eukaryota
"(Node1612*, Node77*)",1833,-0.7907377590096016,0.280118289015922,c3,branch_to_eukaryota
"(Node1612*, Node77*)",1834,3.7958438024072236e-14,0.9674483230781173,c2,branch_to_eukaryota
"(Node1612*, Node77*)",1835,0.9606576142931021,0.9674483230781173,c2,branch_to_eukaryota
"(Node1612*, Node77*)",1836,1.8075180118068863,0.9674483230781173,c2,branch_to_eukaryota
"(Node1612*, Node77*)",1837,0.5138085578684156,0.280118289015922,c3,branch_to_eukaryota
"(Node1612*, Node77*)",1838,-0.0088589915353506,0.0020438828458006,c4,branch_to_eukaryota
"(Node1612*, Node77*)",1839,0.037251163358286,0.0020438828458006,c4,branch_to_eukaryota
"(Node1612*, Node77*)",1840,0.0248512992912932,0.0020438828458006,c4,branch_to_eukaryota
"(Node1612*, Node77*)",1841,-0.0017525735216505,0.0020438828458006,c4,branch_to_eukaryota
"(Node1612*, Node77*)",1842,0.0180146603536095,0.0020438828458006,c4,branch_to_eukaryota
"(Node1612*, Node77*)",1843,-0.0057760790152031,0.0020438828458006,c4,branch_to_eukaryota
"(Node1612*, Node77*)",1844,0.0006246212707807,0.0020438828458006,c4,branch_to_eukaryota
"(Node1612*, Node77*)",1845,5.869444336443574e-05,0.0020438828458006,c4,branch_to_eukaryota
"(Node1612*, Node77*)",1846,0.0035051110704532,0.0020438828458006,c4,branch_to_eukaryota
"(Node1612*, Node77*)",1847,-0.0005662485490548,0.0020438828458006,c4,branch_to_eukaryota
"(Node1612*, Node77*)",1848,0.0001959604699838,0.0020438828458006,c4,branch_to_eukaryota
"(Node1612*, Node77*)",1849,0.0002441749706984,0.0020438828458006,c4,branch_to_eukaryota
"(Node1612*, Node77*)",1850,-0.0005891933874013,0.0020438828458006,c4,branch_to_eukaryota
"(Node1612*, Node77*)",1851,-0.0003401623200308,0.0020438828458006,c4,branch_to_eukaryota
"(Node1612*, Node77*)",1852,0.001375440031212,0.0020438828458006,c4,branch_to_eukaryota
"(Node1612*, Node77*)",1853,0.0319704866313333,0.0020438828458006,c4,branch_to_eukaryota
"(Node1612*, Node77*)",1854,0.0627399124261602,0.0020438828458006,c4,branch_to_eukaryota
"(Node1612*, Node77*)",1855,-0.0022806366786078,0.0020438828458006,c4,branch_to_eukaryota
"(Node1612*, Node77*)",1856,0.0131724226613736,0.0020438828458006,c4,branch_to_eukaryota
"(Node1612*, Node77*)",1857,1.7351462793229312e-15,0.0020438828458006,c4,branch_to_eukaryota
"(Node1612*, Node77*)",1858,-0.0025947556447018,0.0020438828458006,c4,branch_to_eukaryota
"(Node1612*, Node77*)",1859,-1.4723753340968088e-15,0.0020438828458006,c4,branch_to_eukaryota
"(Node1612*, Node77*)",1860,0.0014111372645964,0.0020438828458006,c4,branch_to_eukaryota
"(Node1612*, Node77*)",1861,-0.0020335888335922,0.0020438828458006,c4,branch_to_eukaryota
"(Node1612*, Node77*)",1862,0.0003534149020233,0.0020438828458006,c4,branch_to_eukaryota
"(Node1612*, Node77*)",1863,2.4106124485518173e-15,0.0020438828458006,c4,branch_to_eukaryota
"(Node1612*, Node77*)",1864,-0.0006818625524374,0.0020438828458006,c4,branch_to_eukaryota
"(Node1612*, Node77*)",1865,-0.0002273435389,0.0020438828458006,c4,branch_to_eukaryota
"(Node1612*, Node77*)",1866,0.004645969656094,0.0020438828458006,c4,branch_to_eukaryota
"(Node1612*, Node77*)",1867,0.0130022020050819,0.0020438828458006,c4,branch_to_eukaryota
"(Node1612*, Node77*)",1868,-0.0110050441847712,0.0020438828458006,c4,branch_to_eukaryota
"(Node1612*, Node77*)",1869,0.0389866626308894,0.0020438828458006,c4,branch_to_eukaryota
"(Node1612*, Node77*)",1870,-0.0533836294272776,0.0020438828458006,c4,branch_to_eukaryota
"(Node1612*, Node77*)",1871,0.0061597687436861,0.0020438828458006,c4,branch_to_eukaryota
"(Node1612*, Node77*)",1872,-0.081535883245954,0.280118289015922,c3,branch_to_eukaryota
"(Node1612*, Node77*)",1873,-0.240438713342442,0.9674483230781173,c2,branch_to_eukaryota
"(Node1612*, Node77*)",1874,2.9997274899472043e-15,0.280118289015922,c3,branch_to_eukaryota
"(Node1612*, Node77*)",1875,1.0239836636255746,0.280118289015922,c3,branch_to_eukaryota
"(Node1612*, Node77*)",1876,0.1383417826723226,0.280118289015922,c3,branch_to_eukaryota
"(Node1612*, Node77*)",1877,0.0142162593121414,0.280118289015922,c3,branch_to_eukaryota
"(Node1612*, Node77*)",1878,-0.5556506315470907,0.280118289015922,c3,branch_to_eukaryota
"(Node1612*, Node77*)",1879,0.1023024106026624,0.280118289015922,c3,branch_to_eukaryota
"(Node1612*, Node77*)",1880,-0.0876992525686372,0.0020438828458006,c4,branch_to_eukaryota
"(Node1612*, Node77*)",1881,0.0879130534057385,0.280118289015922,c3,branch_to_eukaryota
"(Node1612*, Node77*)",1882,-0.1775918186894659,0.280118289015922,c3,branch_to_eukaryota
"(Node1612*, Node77*)",1883,-0.0470541089276431,0.280118289015922,c3,branch_to_eukaryota
"(Node1612*, Node77*)",1884,2.474627082230035,0.9674483230781173,c2,branch_to_eukaryota
"(Node1612*, Node77*)",1885,0.5540853694115099,0.280118289015922,c3,branch_to_eukaryota
"(Node1612*, Node77*)",1886,2.8486581081276214,2.2941500647941577,c1,branch_to_eukaryota
"(Node1612*, Node77*)",1887,1.314949886098284,0.9674483230781173,c2,branch_to_eukaryota
"(Node1612*, Node77*)",1888,1.8087157004968089,0.9674483230781173,c2,branch_to_eukaryota
"(Node1612*, Node77*)",1889,1.5697974628414957,0.9674483230781173,c2,branch_to_eukaryota
"(Node1612*, Node77*)",1890,1.80971461740924,0.9674483230781173,c2,branch_to_eukaryota
"(Node1612*, Node77*)",1891,-0.8126086901496985,0.280118289015922,c3,branch_to_eukaryota
"(Node1612*, Node77*)",1892,-0.1871373842854407,0.280118289015922,c3,branch_to_eukaryota
"(Node1612*, Node77*)",1893,0.0433164142316075,0.280118289015922,c3,branch_to_eukaryota
"(Node1612*, Node77*)",1894,-0.2573485763617965,0.280118289015922,c3,branch_to_eukaryota
"(Node1612*, Node77*)",1895,-0.776037615228733,0.280118289015922,c3,branch_to_eukaryota
"(Node1612*, Node77*)",1896,1.1273732492785655,0.280118289015922,c3,branch_to_eukaryota
"(Node1612*, Node77*)",1897,0.8695976712723299,0.280118289015922,c3,branch_to_eukaryota
"(Node1612*, Node77*)",1898,-0.3516203223097096,0.280118289015922,c3,branch_to_eukaryota
"(Node1612*, Node77*)",1899,-0.9832110334092145,0.9674483230781173,c2,branch_to_eukaryota
"(Node1612*, Node77*)",1900,0.9778544784157214,0.280118289015922,c3,branch_to_eukaryota
"(Node1612*, Node77*)",1901,2.8486581081323568,2.2941500647941577,c1,branch_to_eukaryota
"(Node1612*, Node77*)",1902,1.2747645139751098,0.9674483230781173,c2,branch_to_eukaryota
"(Node1612*, Node77*)",1903,1.8000834552592493,0.9674483230781173,c2,branch_to_eukaryota
"(Node1612*, Node77*)",1904,-0.5028040146830506,0.9674483230781173,c2,branch_to_eukaryota
"(Node1612*, Node77*)",1905,-0.5028041842499968,0.9674483230781173,c2,branch_to_eukaryota
"(Node1612*, Node77*)",1906,1.802498494749737,0.9674483230781173,c2,branch_to_eukaryota
"(Node1612*, Node77*)",1907,1.8020643889308807,0.9674483230781173,c2,branch_to_eukaryota
"(Node1612*, Node77*)",1908,-0.3044580092771124,0.9674483230781173,c2,branch_to_eukaryota
"(Node1612*, Node77*)",1909,1.7948276699437384,0.9674483230781173,c2,branch_to_eukaryota
"(Node1612*, Node77*)",1910,2.848658108132356,2.2941500647941577,c1,branch_to_eukaryota
"(Node1612*, Node77*)",1911,2.848658108132356,2.2941500647941577,c1,branch_to_eukaryota
"(Node1612*, Node77*)",1912,2.139102870297812,2.2941500647941577,c1,branch_to_eukaryota
"(Node1612*, Node77*)",1913,-0.7829912287413416,2.2941500647941577,c1,branch_to_eukaryota
"(Node1612*, Node77*)",1914,3.197822101342404,2.2941500647941577,c1,branch_to_eukaryota
"(Node1612*, Node77*)",1915,2.1388481398705164,2.2941500647941577,c1,branch_to_eukaryota
"(Node1612*, Node77*)",1916,1.9424880951412076,2.2941500647941577,c1,branch_to_eukaryota
"(Node1612*, Node77*)",1917,2.8483202384548125,2.2941500647941577,c1,branch_to_eukaryota
"(Node1612*, Node77*)",1918,2.84832086900595,2.2941500647941577,c1,branch_to_eukaryota
"(Node1612*, Node77*)",1919,3.1978221013419903,2.2941500647941577,c1,branch_to_eukaryota
"(Node1612*, Node77*)",1920,2.84832086900595,2.2941500647941577,c1,branch_to_eukaryota
"(Node1612*, Node77*)",1921,2.84832086900595,2.2941500647941577,c1,branch_to_eukaryota
"(Node1612*, Node77*)",1922,2.138848139870452,2.2941500647941577,c1,branch_to_eukaryota
"(Node1612*, Node77*)",1923,2.138848139870452,2.2941500647941577,c1,branch_to_eukaryota
"(Node1612*, Node77*)",1924,7.326520829739371e-14,2.2941500647941577,c1,branch_to_eukaryota
"(Node1612*, Node77*)",1925,2.223349033549428,0.9674483230781173,c2,branch_to_eukaryota
"(Node1612*, Node77*)",1926,-0.1764572383032734,0.9674483230781173,c2,branch_to_eukaryota
"(Node1612*, Node77*)",1927,3.197822101212622,2.2941500647941577,c1,branch_to_eukaryota
"(Node1612*, Node77*)",1928,2.363882505330277,0.9674483230781173,c2,branch_to_eukaryota
"(Node1612*, Node77*)",1929,1.7962072052533449,0.9674483230781173,c2,branch_to_eukaryota
"(Node1612*, Node77*)",1930,-0.9606872639299466,2.2941500647941577,c1,branch_to_eukaryota
"(Node1612*, Node77*)",1931,2.8483207167091487,2.2941500647941577,c1,branch_to_eukaryota
"(Node1612*, Node77*)",1932,1.793030657385435,0.9674483230781173,c2,branch_to_eukaryota
"(Node1612*, Node77*)",1933,1.683622973637544,0.9674483230781173,c2,branch_to_eukaryota
"(Node1612*, Node77*)",1934,-0.1401985728830015,0.9674483230781173,c2,branch_to_eukaryota
"(Node1612*, Node77*)",1935,2.1388479999462366,2.2941500647941577,c1,branch_to_eukaryota
"(Node1612*, Node77*)",1936,2.8483207167091487,2.2941500647941577,c1,branch_to_eukaryota
"(Node1612*, Node77*)",1937,2.8483207167091487,2.2941500647941577,c1,branch_to_eukaryota
"(Node1612*, Node77*)",1938,2.404041265851141,0.9674483230781173,c2,branch_to_eukaryota
"(Node1612*, Node77*)",1939,2.5200501838995457,0.9674483230781173,c2,branch_to_eukaryota
"(Node1612*, Node77*)",1940,2.563253370303168,2.2941500647941577,c1,branch_to_eukaryota
"(Node1612*, Node77*)",1941,2.1388479999460914,2.2941500647941577,c1,branch_to_eukaryota
"(Node1612*, Node77*)",1942,2.5225617816409818,0.9674483230781173,c2,branch_to_eukaryota
"(Node1612*, Node77*)",1943,0.6440288732793579,0.9674483230781173,c2,branch_to_eukaryota
"(Node1612*, Node77*)",1944,1.7962066880134444,0.9674483230781173,c2,branch_to_eukaryota
"(Node1612*, Node77*)",1945,-0.9931836761283516,0.9674483230781173,c2,branch_to_eukaryota
"(Node1612*, Node77*)",1946,-0.6382569551487268,0.9674483230781173,c2,branch_to_eukaryota
"(Node1612*, Node77*)",1947,1.7962072799968123,0.9674483230781173,c2,branch_to_eukaryota
