branch,site,coherence,category_variance,rate_category
"(Eukaryota_Opisthokonta_Nucletmycea_Fungi_Dikarya_Ascomycota_Saccharomycotina_Saccharomycetes_Saccharomycetales_Saccharomyces_cerevisiae_baker_s_yeast, Node1652*)",1,-2.3469455555445285e-16,1.8895595002038741,c2
"(Eukaryota_Opisthokonta_Nucletmycea_Fungi_Dikarya_Ascomycota_Saccharomycotina_Saccharomycetes_Saccharomycetales_Saccharomyces_cerevisiae_baker_s_yeast, Node1652*)",3,-2.5008198234127867e-16,1.8895595002038741,c2
"(Eukaryota_Opisthokonta_Nucletmycea_Fungi_Dikarya_Ascomycota_Saccharomycotina_Saccharomycetes_Saccharomycetales_Saccharomyces_cerevisiae_baker_s_yeast, Node1652*)",11,3.3459213213490617,1.8895595002038741,c2
"(Eukaryota_Opisthokonta_Nucletmycea_Fungi_Dikarya_Ascomycota_Saccharomycotina_Saccharomycetes_Saccharomycetales_Saccharomyces_cerevisiae_baker_s_yeast, Node1652*)",12,3.3459213213490617,1.8895595002038741,c2
"(Eukaryota_Opisthokonta_Nucletmycea_Fungi_Dikarya_Ascomycota_Saccharomycotina_Saccharomycetes_Saccharomycetales_Saccharomyces_cerevisiae_baker_s_yeast, Node1652*)",14,2.203649492042258,1.8895595002038741,c2
"(Eukaryota_Opisthokonta_Nucletmycea_Fungi_Dikarya_Ascomycota_Saccharomycotina_Saccharomycetes_Saccharomycetales_Saccharomyces_cerevisiae_baker_s_yeast, Node1652*)",21,2.203649492042258,1.8895595002038741,c2
"(Eukaryota_Opisthokonta_Nucletmycea_Fungi_Dikarya_Ascomycota_Saccharomycotina_Saccharomycetes_Saccharomycetales_Saccharomyces_cerevisiae_baker_s_yeast, Node1652*)",22,-9.3925418157827095e-17,1.8895595002038741,c2
"(Eukaryota_Opisthokonta_Nucletmycea_Fungi_Dikarya_Ascomycota_Saccharomycotina_Saccharomycetes_Saccharomycetales_Saccharomyces_cerevisiae_baker_s_yeast, Node1652*)",23,3.3459213213490617,1.8895595002038741,c2
"(Eukaryota_Opisthokonta_Nucletmycea_Fungi_Dikarya_Ascomycota_Saccharomycotina_Saccharomycetes_Saccharomycetales_Saccharomyces_cerevisiae_baker_s_yeast, Node1652*)",24,2.9747327073946592,1.8895595002038741,c2
"(Eukaryota_Opisthokonta_Nucletmycea_Fungi_Dikarya_Ascomycota_Saccharomycotina_Saccharomycetes_Saccharomycetales_Saccharomyces_cerevisiae_baker_s_yeast, Node1652*)",25,-4.7344373594921228e-17,1.8895595002038741,c2
"(Eukaryota_Opisthokonta_Nucletmycea_Fungi_Dikarya_Ascomycota_Saccharomycotina_Saccharomycetes_Saccharomycetales_Saccharomyces_cerevisiae_baker_s_yeast, Node1652*)",32,6.1182811406488213e-17,1.8895595002038741,c2
"(Eukaryota_Opisthokonta_Nucletmycea_Fungi_Dikarya_Ascomycota_Saccharomycotina_Saccharomycetes_Saccharomycetales_Saccharomyces_cerevisiae_baker_s_yeast, Node1652*)",34,2.203649492042258,1.8895595002038741,c2
"(Eukaryota_Opisthokonta_Nucletmycea_Fungi_Dikarya_Ascomycota_Saccharomycotina_Saccharomycetes_Saccharomycetales_Saccharomyces_cerevisiae_baker_s_yeast, Node1652*)",35,-1.8472034159458577e-16,1.8895595002038741,c2
"(Eukaryota_Opisthokonta_Nucletmycea_Fungi_Dikarya_Ascomycota_Saccharomycotina_Saccharomycetes_Saccharomycetales_Saccharomyces_cerevisiae_baker_s_yeast, Node1652*)",36,3.3459213213490617,1.8895595002038741,c2
"(Eukaryota_Opisthokonta_Nucletmycea_Fungi_Dikarya_Ascomycota_Saccharomycotina_Saccharomycetes_Saccharomycetales_Saccharomyces_cerevisiae_baker_s_yeast, Node1652*)",37,-1.4894287634681777e-16,1.8895595002038741,c2
"(Eukaryota_Opisthokonta_Nucletmycea_Fungi_Dikarya_Ascomycota_Saccharomycotina_Saccharomycetes_Saccharomycetales_Saccharomyces_cerevisiae_baker_s_yeast, Node1652*)",38,3.3459213213490626,1.8895595002038741,c2
"(Eukaryota_Opisthokonta_Nucletmycea_Fungi_Dikarya_Ascomycota_Saccharomycotina_Saccharomycetes_Saccharomycetales_Saccharomyces_cerevisiae_baker_s_yeast, Node1652*)",40,2.9747327073946592,1.8895595002038741,c2
"(Eukaryota_Opisthokonta_Nucletmycea_Fungi_Dikarya_Ascomycota_Saccharomycotina_Saccharomycetes_Saccharomycetales_Saccharomyces_cerevisiae_baker_s_yeast, Node1652*)",42,2.2036494920422576,1.8895595002038741,c2
"(Eukaryota_Opisthokonta_Nucletmycea_Fungi_Dikarya_Ascomycota_Saccharomycotina_Saccharomycetes_Saccharomycetales_Saccharomyces_cerevisiae_baker_s_yeast, Node1652*)",43,2.9747327073946592,1.8895595002038741,c2
"(Eukaryota_Opisthokonta_Nucletmycea_Fungi_Dikarya_Ascomycota_Saccharomycotina_Saccharomycetes_Saccharomycetales_Saccharomyces_cerevisiae_baker_s_yeast, Node1652*)",46,2.9747327073946592,1.8895595002038741,c2
"(Eukaryota_Opisthokonta_Nucletmycea_Fungi_Dikarya_Ascomycota_Saccharomycotina_Saccharomycetes_Saccharomycetales_Saccharomyces_cerevisiae_baker_s_yeast, Node1652*)",48,2.2036494920422576,1.8895595002038741,c2
"(Eukaryota_Opisthokonta_Nucletmycea_Fungi_Dikarya_Ascomycota_Saccharomycotina_Saccharomycetes_Saccharomycetales_Saccharomyces_cerevisiae_baker_s_yeast, Node1652*)",49,3.3459213213490626,1.8895595002038741,c2
"(Eukaryota_Opisthokonta_Nucletmycea_Fungi_Dikarya_Ascomycota_Saccharomycotina_Saccharomycetes_Saccharomycetales_Saccharomyces_cerevisiae_baker_s_yeast, Node1652*)",59,3.3459213213490626,1.8895595002038741,c2
"(Eukaryota_Opisthokonta_Nucletmycea_Fungi_Dikarya_Ascomycota_Saccharomycotina_Saccharomycetes_Saccharomycetales_Saccharomyces_cerevisiae_baker_s_yeast, Node1652*)",60,-2.1598487314970559e-16,1.8895595002038741,c2
"(Eukaryota_Opisthokonta_Nucletmycea_Fungi_Dikarya_Ascomycota_Saccharomycotina_Saccharomycetes_Saccharomycetales_Saccharomyces_cerevisiae_baker_s_yeast, Node1652*)",63,2.2036494920422576,1.8895595002038741,c2
"(Eukaryota_Opisthokonta_Nucletmycea_Fungi_Dikarya_Ascomycota_Saccharomycotina_Saccharomycetes_Saccharomycetales_Saccharomyces_cerevisiae_baker_s_yeast, Node1652*)",64,2.8132581240716561e-16,1.8895595002038741,c2
"(Eukaryota_Opisthokonta_Nucletmycea_Fungi_Dikarya_Ascomycota_Saccharomycotina_Saccharomycetes_Saccharomycetales_Saccharomyces_cerevisiae_baker_s_yeast, Node1652*)",113,2.9747327073946592,1.8895595002038741,c2
"(Eukaryota_Opisthokonta_Nucletmycea_Fungi_Dikarya_Ascomycota_Saccharomycotina_Saccharomycetes_Saccharomycetales_Saccharomyces_cerevisiae_baker_s_yeast, Node1652*)",114,2.9747327073946592,1.8895595002038741,c2
"(Eukaryota_Opisthokonta_Nucletmycea_Fungi_Dikarya_Ascomycota_Saccharomycotina_Saccharomycetes_Saccharomycetales_Saccharomyces_cerevisiae_baker_s_yeast, Node1652*)",116,-2.1023455946572458e-16,1.8895595002038741,c2
"(Eukaryota_Opisthokonta_Nucletmycea_Fungi_Dikarya_Ascomycota_Saccharomycotina_Saccharomycetes_Saccharomycetales_Saccharomyces_cerevisiae_baker_s_yeast, Node1652*)",119,2.2036494920422576,1.8895595002038741,c2
"(Eukaryota_Opisthokonta_Nucletmycea_Fungi_Dikarya_Ascomycota_Saccharomycotina_Saccharomycetes_Saccharomycetales_Saccharomyces_cerevisiae_baker_s_yeast, Node1652*)",122,-2.0709957876191092e-16,1.8895595002038741,c2
"(Eukaryota_Opisthokonta_Nucletmycea_Fungi_Dikarya_Ascomycota_Saccharomycotina_Saccharomycetes_Saccharomycetales_Saccharomyces_cerevisiae_baker_s_yeast, Node1652*)",123,2.2036494920422576,1.8895595002038741,c2
"(Eukaryota_Opisthokonta_Nucletmycea_Fungi_Dikarya_Ascomycota_Saccharomycotina_Saccharomycetes_Saccharomycetales_Saccharomyces_cerevisiae_baker_s_yeast, Node1652*)",128,2.9747327073946592,1.8895595002038741,c2
"(Eukaryota_Opisthokonta_Nucletmycea_Fungi_Dikarya_Ascomycota_Saccharomycotina_Saccharomycetes_Saccharomycetales_Saccharomyces_cerevisiae_baker_s_yeast, Node1652*)",132,2.9747327073946592,1.8895595002038741,c2
"(Eukaryota_Opisthokonta_Nucletmycea_Fungi_Dikarya_Ascomycota_Saccharomycotina_Saccharomycetes_Saccharomycetales_Saccharomyces_cerevisiae_baker_s_yeast, Node1652*)",133,2.9747327073946592,1.8895595002038741,c2
"(Eukaryota_Opisthokonta_Nucletmycea_Fungi_Dikarya_Ascomycota_Saccharomycotina_Saccharomycetes_Saccharomycetales_Saccharomyces_cerevisiae_baker_s_yeast, Node1652*)",135,3.3459213213490626,1.8895595002038741,c2
"(Eukaryota_Opisthokonta_Nucletmycea_Fungi_Dikarya_Ascomycota_Saccharomycotina_Saccharomycetes_Saccharomycetales_Saccharomyces_cerevisiae_baker_s_yeast, Node1652*)",136,2.9747327073946592,1.8895595002038741,c2
"(Eukaryota_Opisthokonta_Nucletmycea_Fungi_Dikarya_Ascomycota_Saccharomycotina_Saccharomycetes_Saccharomycetales_Saccharomyces_cerevisiae_baker_s_yeast, Node1652*)",139,2.757873645749948e-16,1.8895595002038741,c2
"(Eukaryota_Opisthokonta_Nucletmycea_Fungi_Dikarya_Ascomycota_Saccharomycotina_Saccharomycetes_Saccharomycetales_Saccharomyces_cerevisiae_baker_s_yeast, Node1652*)",141,-2.1041833225734713e-16,1.8895595002038741,c2
"(Eukaryota_Opisthokonta_Nucletmycea_Fungi_Dikarya_Ascomycota_Saccharomycotina_Saccharomycetes_Saccharomycetales_Saccharomyces_cerevisiae_baker_s_yeast, Node1652*)",143,9.4345357880550018e-17,1.8895595002038741,c2
"(Eukaryota_Opisthokonta_Nucletmycea_Fungi_Dikarya_Ascomycota_Saccharomycotina_Saccharomycetes_Saccharomycetales_Saccharomyces_cerevisiae_baker_s_yeast, Node1652*)",149,-2.0519802057644105e-16,1.8895595002038741,c2
"(Eukaryota_Opisthokonta_Nucletmycea_Fungi_Dikarya_Ascomycota_Saccharomycotina_Saccharomycetes_Saccharomycetales_Saccharomyces_cerevisiae_baker_s_yeast, Node1652*)",157,2.2255861604905426e-16,1.8895595002038741,c2
"(Eukaryota_Opisthokonta_Nucletmycea_Fungi_Dikarya_Ascomycota_Saccharomycotina_Saccharomycetes_Saccharomycetales_Saccharomyces_cerevisiae_baker_s_yeast, Node1652*)",162,2.903771722702887e-16,1.8895595002038741,c2
"(Eukaryota_Opisthokonta_Nucletmycea_Fungi_Dikarya_Ascomycota_Saccharomycotina_Saccharomycetes_Saccharomycetales_Saccharomyces_cerevisiae_baker_s_yeast, Node1652*)",163,2.9747327073946592,1.8895595002038741,c2
"(Eukaryota_Opisthokonta_Nucletmycea_Fungi_Dikarya_Ascomycota_Saccharomycotina_Saccharomycetes_Saccharomycetales_Saccharomyces_cerevisiae_baker_s_yeast, Node1652*)",168,2.2036494920422576,1.8895595002038741,c2
"(Eukaryota_Opisthokonta_Nucletmycea_Fungi_Dikarya_Ascomycota_Saccharomycotina_Saccharomycetes_Saccharomycetales_Saccharomyces_cerevisiae_baker_s_yeast, Node1652*)",171,-2.0082467257791286e-16,1.8895595002038741,c2
"(Eukaryota_Opisthokonta_Nucletmycea_Fungi_Dikarya_Ascomycota_Saccharomycotina_Saccharomycetes_Saccharomycetales_Saccharomyces_cerevisiae_baker_s_yeast, Node1652*)",174,3.3459213213490626,1.8895595002038741,c2
"(Eukaryota_Opisthokonta_Nucletmycea_Fungi_Dikarya_Ascomycota_Saccharomycotina_Saccharomycetes_Saccharomycetales_Saccharomyces_cerevisiae_baker_s_yeast, Node1652*)",184,-1.3403246801429543e-16,1.8895595002038741,c2
"(Eukaryota_Opisthokonta_Nucletmycea_Fungi_Dikarya_Ascomycota_Saccharomycotina_Saccharomycetes_Saccharomycetales_Saccharomyces_cerevisiae_baker_s_yeast, Node1652*)",195,1.8373427624047859e-17,1.8895595002038741,c2
"(Eukaryota_Opisthokonta_Nucletmycea_Fungi_Dikarya_Ascomycota_Saccharomycotina_Saccharomycetes_Saccharomycetales_Saccharomyces_cerevisiae_baker_s_yeast, Node1652*)",197,3.3459213213490626,1.8895595002038741,c2
"(Eukaryota_Opisthokonta_Nucletmycea_Fungi_Dikarya_Ascomycota_Saccharomycotina_Saccharomycetes_Saccharomycetales_Saccharomyces_cerevisiae_baker_s_yeast, Node1652*)",201,3.3459213213490626,1.8895595002038741,c2
"(Eukaryota_Opisthokonta_Nucletmycea_Fungi_Dikarya_Ascomycota_Saccharomycotina_Saccharomycetes_Saccharomycetales_Saccharomyces_cerevisiae_baker_s_yeast, Node1652*)",222,-2.1808710200136587e-16,1.8895595002038741,c2
"(Eukaryota_Opisthokonta_Nucletmycea_Fungi_Dikarya_Ascomycota_Saccharomycotina_Saccharomycetes_Saccharomycetales_Saccharomyces_cerevisiae_baker_s_yeast, Node1652*)",241,2.2036494920422576,1.8895595002038741,c2
"(Eukaryota_Opisthokonta_Nucletmycea_Fungi_Dikarya_Ascomycota_Saccharomycotina_Saccharomycetes_Saccharomycetales_Saccharomyces_cerevisiae_baker_s_yeast, Node1652*)",244,-2.0742638536978773e-16,1.8895595002038741,c2
"(Eukaryota_Opisthokonta_Nucletmycea_Fungi_Dikarya_Ascomycota_Saccharomycotina_Saccharomycetes_Saccharomycetales_Saccharomyces_cerevisiae_baker_s_yeast, Node1652*)",245,-2.9346526307386668e-17,1.8895595002038741,c2
"(Eukaryota_Opisthokonta_Nucletmycea_Fungi_Dikarya_Ascomycota_Saccharomycotina_Saccharomycetes_Saccharomycetales_Saccharomyces_cerevisiae_baker_s_yeast, Node1652*)",246,-2.2823327551500761e-16,1.8895595002038741,c2
"(Eukaryota_Opisthokonta_Nucletmycea_Fungi_Dikarya_Ascomycota_Saccharomycotina_Saccharomycetes_Saccharomycetales_Saccharomyces_cerevisiae_baker_s_yeast, Node1652*)",247,2.9747327073946592,1.8895595002038741,c2
"(Eukaryota_Opisthokonta_Nucletmycea_Fungi_Dikarya_Ascomycota_Saccharomycotina_Saccharomycetes_Saccharomycetales_Saccharomyces_cerevisiae_baker_s_yeast, Node1652*)",248,-8.0397502114402476e-17,1.8895595002038741,c2
"(Eukaryota_Opisthokonta_Nucletmycea_Fungi_Dikarya_Ascomycota_Saccharomycotina_Saccharomycetes_Saccharomycetales_Saccharomyces_cerevisiae_baker_s_yeast, Node1652*)",249,-2.2130324048983034e-16,1.8895595002038741,c2
"(Eukaryota_Opisthokonta_Nucletmycea_Fungi_Dikarya_Ascomycota_Saccharomycotina_Saccharomycetes_Saccharomycetales_Saccharomyces_cerevisiae_baker_s_yeast, Node1652*)",250,2.9747327073946592,1.8895595002038741,c2
"(Eukaryota_Opisthokonta_Nucletmycea_Fungi_Dikarya_Ascomycota_Saccharomycotina_Saccharomycetes_Saccharomycetales_Saccharomyces_cerevisiae_baker_s_yeast, Node1652*)",251,2.2036494920422576,1.8895595002038741,c2
"(Eukaryota_Opisthokonta_Nucletmycea_Fungi_Dikarya_Ascomycota_Saccharomycotina_Saccharomycetes_Saccharomycetales_Saccharomyces_cerevisiae_baker_s_yeast, Node1652*)",260,-2.3052916303008388e-16,1.8895595002038741,c2
"(Eukaryota_Opisthokonta_Nucletmycea_Fungi_Dikarya_Ascomycota_Saccharomycotina_Saccharomycetes_Saccharomycetales_Saccharomyces_cerevisiae_baker_s_yeast, Node1652*)",261,3.3459213213490626,1.8895595002038741,c2
"(Eukaryota_Opisthokonta_Nucletmycea_Fungi_Dikarya_Ascomycota_Saccharomycotina_Saccharomycetes_Saccharomycetales_Saccharomyces_cerevisiae_baker_s_yeast, Node1652*)",262,2.9747327073946592,1.8895595002038741,c2
"(Eukaryota_Opisthokonta_Nucletmycea_Fungi_Dikarya_Ascomycota_Saccharomycotina_Saccharomycetes_Saccharomycetales_Saccharomyces_cerevisiae_baker_s_yeast, Node1652*)",282,2.2036494920422576,1.8895595002038741,c2
"(Eukaryota_Opisthokonta_Nucletmycea_Fungi_Dikarya_Ascomycota_Saccharomycotina_Saccharomycetes_Saccharomycetales_Saccharomyces_cerevisiae_baker_s_yeast, Node1652*)",289,3.3459213213490626,1.8895595002038741,c2
"(Eukaryota_Opisthokonta_Nucletmycea_Fungi_Dikarya_Ascomycota_Saccharomycotina_Saccharomycetes_Saccharomycetales_Saccharomyces_cerevisiae_baker_s_yeast, Node1652*)",290,2.9747327073946592,1.8895595002038741,c2
"(Eukaryota_Opisthokonta_Nucletmycea_Fungi_Dikarya_Ascomycota_Saccharomycotina_Saccharomycetes_Saccharomycetales_Saccharomyces_cerevisiae_baker_s_yeast, Node1652*)",294,-2.0687519962996571e-16,1.8895595002038741,c2
"(Eukaryota_Opisthokonta_Nucletmycea_Fungi_Dikarya_Ascomycota_Saccharomycotina_Saccharomycetes_Saccharomycetales_Saccharomyces_cerevisiae_baker_s_yeast, Node1652*)",295,2.9747327073946592,1.8895595002038741,c2
"(Eukaryota_Opisthokonta_Nucletmycea_Fungi_Dikarya_Ascomycota_Saccharomycotina_Saccharomycetes_Saccharomycetales_Saccharomyces_cerevisiae_baker_s_yeast, Node1652*)",296,2.9747327073946592,1.8895595002038741,c2
"(Eukaryota_Opisthokonta_Nucletmycea_Fungi_Dikarya_Ascomycota_Saccharomycotina_Saccharomycetes_Saccharomycetales_Saccharomyces_cerevisiae_baker_s_yeast, Node1652*)",297,3.3459213213490626,1.8895595002038741,c2
"(Eukaryota_Opisthokonta_Nucletmycea_Fungi_Dikarya_Ascomycota_Saccharomycotina_Saccharomycetes_Saccharomycetales_Saccharomyces_cerevisiae_baker_s_yeast, Node1652*)",312,2.9747327073946592,1.8895595002038741,c2
"(Eukaryota_Opisthokonta_Nucletmycea_Fungi_Dikarya_Ascomycota_Saccharomycotina_Saccharomycetes_Saccharomycetales_Saccharomyces_cerevisiae_baker_s_yeast, Node1652*)",317,-4.659940314841787e-17,1.8895595002038741,c2
"(Eukaryota_Opisthokonta_Nucletmycea_Fungi_Dikarya_Ascomycota_Saccharomycotina_Saccharomycetes_Saccharomycetales_Saccharomyces_cerevisiae_baker_s_yeast, Node1652*)",336,-2.2727777812202449e-16,1.8895595002038741,c2
"(Eukaryota_Opisthokonta_Nucletmycea_Fungi_Dikarya_Ascomycota_Saccharomycotina_Saccharomycetes_Saccharomycetales_Saccharomyces_cerevisiae_baker_s_yeast, Node1652*)",350,2.3537673721257053e-16,1.8895595002038741,c2
"(Eukaryota_Opisthokonta_Nucletmycea_Fungi_Dikarya_Ascomycota_Saccharomycotina_Saccharomycetes_Saccharomycetales_Saccharomyces_cerevisiae_baker_s_yeast, Node1652*)",351,6.3919632370707907e-17,1.8895595002038741,c2
"(Eukaryota_Opisthokonta_Nucletmycea_Fungi_Dikarya_Ascomycota_Saccharomycotina_Saccharomycetes_Saccharomycetales_Saccharomyces_cerevisiae_baker_s_yeast, Node1652*)",352,3.3459213213490626,1.8895595002038741,c2
"(Eukaryota_Opisthokonta_Nucletmycea_Fungi_Dikarya_Ascomycota_Saccharomycotina_Saccharomycetes_Saccharomycetales_Saccharomyces_cerevisiae_baker_s_yeast, Node1652*)",353,-2.1191718038150059e-16,1.8895595002038741,c2
"(Eukaryota_Opisthokonta_Nucletmycea_Fungi_Dikarya_Ascomycota_Saccharomycotina_Saccharomycetes_Saccharomycetales_Saccharomyces_cerevisiae_baker_s_yeast, Node1652*)",354,2.2036494920422576,1.8895595002038741,c2
"(Eukaryota_Opisthokonta_Nucletmycea_Fungi_Dikarya_Ascomycota_Saccharomycotina_Saccharomycetes_Saccharomycetales_Saccharomyces_cerevisiae_baker_s_yeast, Node1652*)",358,-2.3323652264966107e-16,1.8895595002038741,c2
"(Eukaryota_Opisthokonta_Nucletmycea_Fungi_Dikarya_Ascomycota_Saccharomycotina_Saccharomycetes_Saccharomycetales_Saccharomyces_cerevisiae_baker_s_yeast, Node1652*)",361,3.3459213213490626,1.8895595002038741,c2
"(Eukaryota_Opisthokonta_Nucletmycea_Fungi_Dikarya_Ascomycota_Saccharomycotina_Saccharomycetes_Saccharomycetales_Saccharomyces_cerevisiae_baker_s_yeast, Node1652*)",367,-4.9180132904804515e-17,1.8895595002038741,c2
"(Eukaryota_Opisthokonta_Nucletmycea_Fungi_Dikarya_Ascomycota_Saccharomycotina_Saccharomycetes_Saccharomycetales_Saccharomyces_cerevisiae_baker_s_yeast, Node1652*)",370,2.9747327073946592,1.8895595002038741,c2
"(Eukaryota_Opisthokonta_Nucletmycea_Fungi_Dikarya_Ascomycota_Saccharomycotina_Saccharomycetes_Saccharomycetales_Saccharomyces_cerevisiae_baker_s_yeast, Node1652*)",371,-2.3030641716678924e-16,1.8895595002038741,c2
"(Eukaryota_Opisthokonta_Nucletmycea_Fungi_Dikarya_Ascomycota_Saccharomycotina_Saccharomycetes_Saccharomycetales_Saccharomyces_cerevisiae_baker_s_yeast, Node1652*)",374,-2.3025793404201569e-16,1.8895595002038741,c2
"(Eukaryota_Opisthokonta_Nucletmycea_Fungi_Dikarya_Ascomycota_Saccharomycotina_Saccharomycetes_Saccharomycetales_Saccharomyces_cerevisiae_baker_s_yeast, Node1652*)",377,2.2036494920422576,1.8895595002038741,c2
"(Eukaryota_Opisthokonta_Nucletmycea_Fungi_Dikarya_Ascomycota_Saccharomycotina_Saccharomycetes_Saccharomycetales_Saccharomyces_cerevisiae_baker_s_yeast, Node1652*)",378,2.9747327073946592,1.8895595002038741,c2
"(Eukaryota_Opisthokonta_Nucletmycea_Fungi_Dikarya_Ascomycota_Saccharomycotina_Saccharomycetes_Saccharomycetales_Saccharomyces_cerevisiae_baker_s_yeast, Node1652*)",381,2.2036494920422576,1.8895595002038741,c2
"(Eukaryota_Opisthokonta_Nucletmycea_Fungi_Dikarya_Ascomycota_Saccharomycotina_Saccharomycetes_Saccharomycetales_Saccharomyces_cerevisiae_baker_s_yeast, Node1652*)",385,3.3459213213490626,1.8895595002038741,c2
"(Eukaryota_Opisthokonta_Nucletmycea_Fungi_Dikarya_Ascomycota_Saccharomycotina_Saccharomycetes_Saccharomycetales_Saccharomyces_cerevisiae_baker_s_yeast, Node1652*)",391,2.9747327073946592,1.8895595002038741,c2
"(Eukaryota_Opisthokonta_Nucletmycea_Fungi_Dikarya_Ascomycota_Saccharomycotina_Saccharomycetes_Saccharomycetales_Saccharomyces_cerevisiae_baker_s_yeast, Node1652*)",392,3.0887464935883868e-16,1.8895595002038741,c2
"(Eukaryota_Opisthokonta_Nucletmycea_Fungi_Dikarya_Ascomycota_Saccharomycotina_Saccharomycetes_Saccharomycetales_Saccharomyces_cerevisiae_baker_s_yeast, Node1652*)",399,2.9747327073946592,1.8895595002038741,c2
"(Eukaryota_Opisthokonta_Nucletmycea_Fungi_Dikarya_Ascomycota_Saccharomycotina_Saccharomycetes_Saccharomycetales_Saccharomyces_cerevisiae_baker_s_yeast, Node1652*)",401,3.3459213213490626,1.8895595002038741,c2
"(Eukaryota_Opisthokonta_Nucletmycea_Fungi_Dikarya_Ascomycota_Saccharomycotina_Saccharomycetes_Saccharomycetales_Saccharomyces_cerevisiae_baker_s_yeast, Node1652*)",402,2.2036494920422576,1.8895595002038741,c2
"(Eukaryota_Opisthokonta_Nucletmycea_Fungi_Dikarya_Ascomycota_Saccharomycotina_Saccharomycetes_Saccharomycetales_Saccharomyces_cerevisiae_baker_s_yeast, Node1652*)",408,3.3459213213490626,1.8895595002038741,c2
"(Eukaryota_Opisthokonta_Nucletmycea_Fungi_Dikarya_Ascomycota_Saccharomycotina_Saccharomycetes_Saccharomycetales_Saccharomyces_cerevisiae_baker_s_yeast, Node1652*)",409,2.2036494920422576,1.8895595002038741,c2
"(Eukaryota_Opisthokonta_Nucletmycea_Fungi_Dikarya_Ascomycota_Saccharomycotina_Saccharomycetes_Saccharomycetales_Saccharomyces_cerevisiae_baker_s_yeast, Node1652*)",410,2.2036494920422576,1.8895595002038741,c2
"(Eukaryota_Opisthokonta_Nucletmycea_Fungi_Dikarya_Ascomycota_Saccharomycotina_Saccharomycetes_Saccharomycetales_Saccharomyces_cerevisiae_baker_s_yeast, Node1652*)",414,2.9747327073946592,1.8895595002038741,c2
"(Eukaryota_Opisthokonta_Nucletmycea_Fungi_Dikarya_Ascomycota_Saccharomycotina_Saccharomycetes_Saccharomycetales_Saccharomyces_cerevisiae_baker_s_yeast, Node1652*)",416,2.9747327073946592,1.8895595002038741,c2
"(Eukaryota_Opisthokonta_Nucletmycea_Fungi_Dikarya_Ascomycota_Saccharomycotina_Saccharomycetes_Saccharomycetales_Saccharomyces_cerevisiae_baker_s_yeast, Node1652*)",421,-2.2665117389493626e-16,1.8895595002038741,c2
"(Eukaryota_Opisthokonta_Nucletmycea_Fungi_Dikarya_Ascomycota_Saccharomycotina_Saccharomycetes_Saccharomycetales_Saccharomyces_cerevisiae_baker_s_yeast, Node1652*)",424,2.2036494920422576,1.8895595002038741,c2
"(Eukaryota_Opisthokonta_Nucletmycea_Fungi_Dikarya_Ascomycota_Saccharomycotina_Saccharomycetes_Saccharomycetales_Saccharomyces_cerevisiae_baker_s_yeast, Node1652*)",428,3.3459213213490626,1.8895595002038741,c2
"(Eukaryota_Opisthokonta_Nucletmycea_Fungi_Dikarya_Ascomycota_Saccharomycotina_Saccharomycetes_Saccharomycetales_Saccharomyces_cerevisiae_baker_s_yeast, Node1652*)",429,3.3459213213490626,1.8895595002038741,c2
"(Eukaryota_Opisthokonta_Nucletmycea_Fungi_Dikarya_Ascomycota_Saccharomycotina_Saccharomycetes_Saccharomycetales_Saccharomyces_cerevisiae_baker_s_yeast, Node1652*)",430,2.2036494920422576,1.8895595002038741,c2
"(Eukaryota_Opisthokonta_Nucletmycea_Fungi_Dikarya_Ascomycota_Saccharomycotina_Saccharomycetes_Saccharomycetales_Saccharomyces_cerevisiae_baker_s_yeast, Node1652*)",436,2.2036494920422576,1.8895595002038741,c2
"(Eukaryota_Opisthokonta_Nucletmycea_Fungi_Dikarya_Ascomycota_Saccharomycotina_Saccharomycetes_Saccharomycetales_Saccharomyces_cerevisiae_baker_s_yeast, Node1652*)",438,2.9747327073946592,1.8895595002038741,c2
"(Eukaryota_Opisthokonta_Nucletmycea_Fungi_Dikarya_Ascomycota_Saccharomycotina_Saccharomycetes_Saccharomycetales_Saccharomyces_cerevisiae_baker_s_yeast, Node1652*)",447,2.9747327073946592,1.8895595002038741,c2
"(Eukaryota_Opisthokonta_Nucletmycea_Fungi_Dikarya_Ascomycota_Saccharomycotina_Saccharomycetes_Saccharomycetales_Saccharomyces_cerevisiae_baker_s_yeast, Node1652*)",453,-2.3202144128676142e-16,1.8895595002038741,c2
"(Eukaryota_Opisthokonta_Nucletmycea_Fungi_Dikarya_Ascomycota_Saccharomycotina_Saccharomycetes_Saccharomycetales_Saccharomyces_cerevisiae_baker_s_yeast, Node1652*)",455,3.3459213213490626,1.8895595002038741,c2
"(Eukaryota_Opisthokonta_Nucletmycea_Fungi_Dikarya_Ascomycota_Saccharomycotina_Saccharomycetes_Saccharomycetales_Saccharomyces_cerevisiae_baker_s_yeast, Node1652*)",456,3.3459213213490626,1.8895595002038741,c2
"(Eukaryota_Opisthokonta_Nucletmycea_Fungi_Dikarya_Ascomycota_Saccharomycotina_Saccharomycetes_Saccharomycetales_Saccharomyces_cerevisiae_baker_s_yeast, Node1652*)",468,2.9747327073946592,1.8895595002038741,c2
"(Eukaryota_Opisthokonta_Nucletmycea_Fungi_Dikarya_Ascomycota_Saccharomycotina_Saccharomycetes_Saccharomycetales_Saccharomyces_cerevisiae_baker_s_yeast, Node1652*)",478,3.3459213213490626,1.8895595002038741,c2
"(Eukaryota_Opisthokonta_Nucletmycea_Fungi_Dikarya_Ascomycota_Saccharomycotina_Saccharomycetes_Saccharomycetales_Saccharomyces_cerevisiae_baker_s_yeast, Node1652*)",479,2.2036494920422576,1.8895595002038741,c2
"(Eukaryota_Opisthokonta_Nucletmycea_Fungi_Dikarya_Ascomycota_Saccharomycotina_Saccharomycetes_Saccharomycetales_Saccharomyces_cerevisiae_baker_s_yeast, Node1652*)",488,2.9747327073946592,1.8895595002038741,c2
"(Eukaryota_Opisthokonta_Nucletmycea_Fungi_Dikarya_Ascomycota_Saccharomycotina_Saccharomycetes_Saccharomycetales_Saccharomyces_cerevisiae_baker_s_yeast, Node1652*)",489,3.3459213213490626,1.8895595002038741,c2
"(Eukaryota_Opisthokonta_Nucletmycea_Fungi_Dikarya_Ascomycota_Saccharomycotina_Saccharomycetes_Saccharomycetales_Saccharomyces_cerevisiae_baker_s_yeast, Node1652*)",496,3.3459213213490626,1.8895595002038741,c2
"(Eukaryota_Opisthokonta_Nucletmycea_Fungi_Dikarya_Ascomycota_Saccharomycotina_Saccharomycetes_Saccharomycetales_Saccharomyces_cerevisiae_baker_s_yeast, Node1652*)",501,3.4034367147004136e-16,1.8895595002038741,c2
"(Eukaryota_Opisthokonta_Nucletmycea_Fungi_Dikarya_Ascomycota_Saccharomycotina_Saccharomycetes_Saccharomycetales_Saccharomyces_cerevisiae_baker_s_yeast, Node1652*)",505,2.2036494920422576,1.8895595002038741,c2
"(Eukaryota_Opisthokonta_Nucletmycea_Fungi_Dikarya_Ascomycota_Saccharomycotina_Saccharomycetes_Saccharomycetales_Saccharomyces_cerevisiae_baker_s_yeast, Node1652*)",510,2.2036494920422576,1.8895595002038741,c2
"(Eukaryota_Opisthokonta_Nucletmycea_Fungi_Dikarya_Ascomycota_Saccharomycotina_Saccharomycetes_Saccharomycetales_Saccharomyces_cerevisiae_baker_s_yeast, Node1652*)",511,-2.0828133028246928e-16,1.8895595002038741,c2
"(Eukaryota_Opisthokonta_Nucletmycea_Fungi_Dikarya_Ascomycota_Saccharomycotina_Saccharomycetes_Saccharomycetales_Saccharomyces_cerevisiae_baker_s_yeast, Node1652*)",517,3.3459213213490626,1.8895595002038741,c2
"(Eukaryota_Opisthokonta_Nucletmycea_Fungi_Dikarya_Ascomycota_Saccharomycotina_Saccharomycetes_Saccharomycetales_Saccharomyces_cerevisiae_baker_s_yeast, Node1652*)",518,2.9747327073946592,1.8895595002038741,c2
"(Eukaryota_Opisthokonta_Nucletmycea_Fungi_Dikarya_Ascomycota_Saccharomycotina_Saccharomycetes_Saccharomycetales_Saccharomyces_cerevisiae_baker_s_yeast, Node1652*)",519,2.9747327073946592,1.8895595002038741,c2
"(Eukaryota_Opisthokonta_Nucletmycea_Fungi_Dikarya_Ascomycota_Saccharomycotina_Saccharomycetes_Saccharomycetales_Saccharomyces_cerevisiae_baker_s_yeast, Node1652*)",520,-2.4401122818147822e-16,1.8895595002038741,c2
"(Eukaryota_Opisthokonta_Nucletmycea_Fungi_Dikarya_Ascomycota_Saccharomycotina_Saccharomycetes_Saccharomycetales_Saccharomyces_cerevisiae_baker_s_yeast, Node1652*)",522,2.9747327073946592,1.8895595002038741,c2
"(Eukaryota_Opisthokonta_Nucletmycea_Fungi_Dikarya_Ascomycota_Saccharomycotina_Saccharomycetes_Saccharomycetales_Saccharomyces_cerevisiae_baker_s_yeast, Node1652*)",531,-1.2772307905765466e-16,1.8895595002038741,c2
"(Eukaryota_Opisthokonta_Nucletmycea_Fungi_Dikarya_Ascomycota_Saccharomycotina_Saccharomycetes_Saccharomycetales_Saccharomyces_cerevisiae_baker_s_yeast, Node1652*)",538,2.2036494920422576,1.8895595002038741,c2
"(Eukaryota_Opisthokonta_Nucletmycea_Fungi_Dikarya_Ascomycota_Saccharomycotina_Saccharomycetes_Saccharomycetales_Saccharomyces_cerevisiae_baker_s_yeast, Node1652*)",539,3.3459213213490626,1.8895595002038741,c2
"(Eukaryota_Opisthokonta_Nucletmycea_Fungi_Dikarya_Ascomycota_Saccharomycotina_Saccharomycetes_Saccharomycetales_Saccharomyces_cerevisiae_baker_s_yeast, Node1652*)",542,-2.7611368772012776e-17,1.8895595002038741,c2
"(Eukaryota_Opisthokonta_Nucletmycea_Fungi_Dikarya_Ascomycota_Saccharomycotina_Saccharomycetes_Saccharomycetales_Saccharomyces_cerevisiae_baker_s_yeast, Node1652*)",544,2.957778107911661e-16,1.8895595002038741,c2
"(Eukaryota_Opisthokonta_Nucletmycea_Fungi_Dikarya_Ascomycota_Saccharomycotina_Saccharomycetes_Saccharomycetales_Saccharomyces_cerevisiae_baker_s_yeast, Node1652*)",546,3.3459213208006466,1.8895595002038741,c2
"(Eukaryota_Opisthokonta_Nucletmycea_Fungi_Dikarya_Ascomycota_Saccharomycotina_Saccharomycetes_Saccharomycetales_Saccharomyces_cerevisiae_baker_s_yeast, Node1652*)",547,2.2036494920422576,1.8895595002038741,c2
"(Eukaryota_Opisthokonta_Nucletmycea_Fungi_Dikarya_Ascomycota_Saccharomycotina_Saccharomycetes_Saccharomycetales_Saccharomyces_cerevisiae_baker_s_yeast, Node1652*)",549,2.2036494920422576,1.8895595002038741,c2
"(Eukaryota_Opisthokonta_Nucletmycea_Fungi_Dikarya_Ascomycota_Saccharomycotina_Saccharomycetes_Saccharomycetales_Saccharomyces_cerevisiae_baker_s_yeast, Node1652*)",551,3.3459213213490626,1.8895595002038741,c2
"(Eukaryota_Opisthokonta_Nucletmycea_Fungi_Dikarya_Ascomycota_Saccharomycotina_Saccharomycetes_Saccharomycetales_Saccharomyces_cerevisiae_baker_s_yeast, Node1652*)",556,2.9747327073946592,1.8895595002038741,c2
"(Eukaryota_Opisthokonta_Nucletmycea_Fungi_Dikarya_Ascomycota_Saccharomycotina_Saccharomycetes_Saccharomycetales_Saccharomyces_cerevisiae_baker_s_yeast, Node1652*)",564,-1.2953372889204567e-16,1.8895595002038741,c2
"(Eukaryota_Opisthokonta_Nucletmycea_Fungi_Dikarya_Ascomycota_Saccharomycotina_Saccharomycetes_Saccharomycetales_Saccharomyces_cerevisiae_baker_s_yeast, Node1652*)",566,2.9747327073946592,1.8895595002038741,c2
"(Eukaryota_Opisthokonta_Nucletmycea_Fungi_Dikarya_Ascomycota_Saccharomycotina_Saccharomycetes_Saccharomycetales_Saccharomyces_cerevisiae_baker_s_yeast, Node1652*)",573,-6.15173696122231e-17,1.8895595002038741,c2
"(Eukaryota_Opisthokonta_Nucletmycea_Fungi_Dikarya_Ascomycota_Saccharomycotina_Saccharomycetes_Saccharomycetales_Saccharomyces_cerevisiae_baker_s_yeast, Node1652*)",574,2.2036494920422576,1.8895595002038741,c2
"(Eukaryota_Opisthokonta_Nucletmycea_Fungi_Dikarya_Ascomycota_Saccharomycotina_Saccharomycetes_Saccharomycetales_Saccharomyces_cerevisiae_baker_s_yeast, Node1652*)",576,4.6258230147958405e-18,1.8895595002038741,c2
"(Eukaryota_Opisthokonta_Nucletmycea_Fungi_Dikarya_Ascomycota_Saccharomycotina_Saccharomycetes_Saccharomycetales_Saccharomyces_cerevisiae_baker_s_yeast, Node1652*)",578,-2.3277260276787376e-17,1.8895595002038741,c2
"(Eukaryota_Opisthokonta_Nucletmycea_Fungi_Dikarya_Ascomycota_Saccharomycotina_Saccharomycetes_Saccharomycetales_Saccharomyces_cerevisiae_baker_s_yeast, Node1652*)",607,8.9051121220750635e-17,1.8895595002038741,c2
"(Eukaryota_Opisthokonta_Nucletmycea_Fungi_Dikarya_Ascomycota_Saccharomycotina_Saccharomycetes_Saccharomycetales_Saccharomyces_cerevisiae_baker_s_yeast, Node1652*)",610,5.6132257533962462e-18,1.8895595002038741,c2
"(Eukaryota_Opisthokonta_Nucletmycea_Fungi_Dikarya_Ascomycota_Saccharomycotina_Saccharomycetes_Saccharomycetales_Saccharomyces_cerevisiae_baker_s_yeast, Node1652*)",612,3.3459213213490626,1.8895595002038741,c2
"(Eukaryota_Opisthokonta_Nucletmycea_Fungi_Dikarya_Ascomycota_Saccharomycotina_Saccharomycetes_Saccharomycetales_Saccharomyces_cerevisiae_baker_s_yeast, Node1652*)",614,-2.1322886302685569e-16,1.8895595002038741,c2
"(Eukaryota_Opisthokonta_Nucletmycea_Fungi_Dikarya_Ascomycota_Saccharomycotina_Saccharomycetes_Saccharomycetales_Saccharomyces_cerevisiae_baker_s_yeast, Node1652*)",615,-1.754216171048717e-16,1.8895595002038741,c2
"(Eukaryota_Opisthokonta_Nucletmycea_Fungi_Dikarya_Ascomycota_Saccharomycotina_Saccharomycetes_Saccharomycetales_Saccharomyces_cerevisiae_baker_s_yeast, Node1652*)",624,2.9747327073946592,1.8895595002038741,c2
"(Eukaryota_Opisthokonta_Nucletmycea_Fungi_Dikarya_Ascomycota_Saccharomycotina_Saccharomycetes_Saccharomycetales_Saccharomyces_cerevisiae_baker_s_yeast, Node1652*)",625,3.3459213213490626,1.8895595002038741,c2
"(Eukaryota_Opisthokonta_Nucletmycea_Fungi_Dikarya_Ascomycota_Saccharomycotina_Saccharomycetes_Saccharomycetales_Saccharomyces_cerevisiae_baker_s_yeast, Node1652*)",626,2.9747327073946592,1.8895595002038741,c2
"(Eukaryota_Opisthokonta_Nucletmycea_Fungi_Dikarya_Ascomycota_Saccharomycotina_Saccharomycetes_Saccharomycetales_Saccharomyces_cerevisiae_baker_s_yeast, Node1652*)",631,2.2036494920422576,1.8895595002038741,c2
"(Eukaryota_Opisthokonta_Nucletmycea_Fungi_Dikarya_Ascomycota_Saccharomycotina_Saccharomycetes_Saccharomycetales_Saccharomyces_cerevisiae_baker_s_yeast, Node1652*)",632,2.9747327073946592,1.8895595002038741,c2
"(Eukaryota_Opisthokonta_Nucletmycea_Fungi_Dikarya_Ascomycota_Saccharomycotina_Saccharomycetes_Saccharomycetales_Saccharomyces_cerevisiae_baker_s_yeast, Node1652*)",636,2.2036494920422576,1.8895595002038741,c2
"(Eukaryota_Opisthokonta_Nucletmycea_Fungi_Dikarya_Ascomycota_Saccharomycotina_Saccharomycetes_Saccharomycetales_Saccharomyces_cerevisiae_baker_s_yeast, Node1652*)",638,-3.2356941736523276e-17,1.8895595002038741,c2
"(Eukaryota_Opisthokonta_Nucletmycea_Fungi_Dikarya_Ascomycota_Saccharomycotina_Saccharomycetes_Saccharomycetales_Saccharomyces_cerevisiae_baker_s_yeast, Node1652*)",641,2.2036494920422576,1.8895595002038741,c2
"(Eukaryota_Opisthokonta_Nucletmycea_Fungi_Dikarya_Ascomycota_Saccharomycotina_Saccharomycetes_Saccharomycetales_Saccharomyces_cerevisiae_baker_s_yeast, Node1652*)",642,2.4031849782965827e-16,1.8895595002038741,c2
"(Eukaryota_Opisthokonta_Nucletmycea_Fungi_Dikarya_Ascomycota_Saccharomycotina_Saccharomycetes_Saccharomycetales_Saccharomyces_cerevisiae_baker_s_yeast, Node1652*)",644,-5.0204056507741582e-17,1.8895595002038741,c2
"(Eukaryota_Opisthokonta_Nucletmycea_Fungi_Dikarya_Ascomycota_Saccharomycotina_Saccharomycetes_Saccharomycetales_Saccharomyces_cerevisiae_baker_s_yeast, Node1652*)",645,2.2036494920422576,1.8895595002038741,c2
"(Eukaryota_Opisthokonta_Nucletmycea_Fungi_Dikarya_Ascomycota_Saccharomycotina_Saccharomycetes_Saccharomycetales_Saccharomyces_cerevisiae_baker_s_yeast, Node1652*)",665,-2.1211990773079832e-16,1.8895595002038741,c2
"(Eukaryota_Opisthokonta_Nucletmycea_Fungi_Dikarya_Ascomycota_Saccharomycotina_Saccharomycetes_Saccharomycetales_Saccharomyces_cerevisiae_baker_s_yeast, Node1652*)",668,3.3459213213490626,1.8895595002038741,c2
"(Eukaryota_Opisthokonta_Nucletmycea_Fungi_Dikarya_Ascomycota_Saccharomycotina_Saccharomycetes_Saccharomycetales_Saccharomyces_cerevisiae_baker_s_yeast, Node1652*)",669,2.9747327073946592,1.8895595002038741,c2
"(Eukaryota_Opisthokonta_Nucletmycea_Fungi_Dikarya_Ascomycota_Saccharomycotina_Saccharomycetes_Saccharomycetales_Saccharomyces_cerevisiae_baker_s_yeast, Node1652*)",670,2.2036494920422576,1.8895595002038741,c2
"(Eukaryota_Opisthokonta_Nucletmycea_Fungi_Dikarya_Ascomycota_Saccharomycotina_Saccharomycetes_Saccharomycetales_Saccharomyces_cerevisiae_baker_s_yeast, Node1652*)",671,3.3459213213490626,1.8895595002038741,c2
"(Eukaryota_Opisthokonta_Nucletmycea_Fungi_Dikarya_Ascomycota_Saccharomycotina_Saccharomycetes_Saccharomycetales_Saccharomyces_cerevisiae_baker_s_yeast, Node1652*)",672,-1.5656879063979737e-16,1.8895595002038741,c2
"(Eukaryota_Opisthokonta_Nucletmycea_Fungi_Dikarya_Ascomycota_Saccharomycotina_Saccharomycetes_Saccharomycetales_Saccharomyces_cerevisiae_baker_s_yeast, Node1652*)",673,3.3459213213490626,1.8895595002038741,c2
"(Eukaryota_Opisthokonta_Nucletmycea_Fungi_Dikarya_Ascomycota_Saccharomycotina_Saccharomycetes_Saccharomycetales_Saccharomyces_cerevisiae_baker_s_yeast, Node1652*)",674,3.3459213213490626,1.8895595002038741,c2
"(Eukaryota_Opisthokonta_Nucletmycea_Fungi_Dikarya_Ascomycota_Saccharomycotina_Saccharomycetes_Saccharomycetales_Saccharomyces_cerevisiae_baker_s_yeast, Node1652*)",684,-2.015327416973481e-16,1.8895595002038741,c2
"(Eukaryota_Opisthokonta_Nucletmycea_Fungi_Dikarya_Ascomycota_Saccharomycotina_Saccharomycetes_Saccharomycetales_Saccharomyces_cerevisiae_baker_s_yeast, Node1652*)",685,2.9747327073946592,1.8895595002038741,c2
"(Eukaryota_Opisthokonta_Nucletmycea_Fungi_Dikarya_Ascomycota_Saccharomycotina_Saccharomycetes_Saccharomycetales_Saccharomyces_cerevisiae_baker_s_yeast, Node1652*)",686,-2.1340779984133449e-16,1.8895595002038741,c2
"(Eukaryota_Opisthokonta_Nucletmycea_Fungi_Dikarya_Ascomycota_Saccharomycotina_Saccharomycetes_Saccharomycetales_Saccharomyces_cerevisiae_baker_s_yeast, Node1652*)",688,2.9747327073946592,1.8895595002038741,c2
"(Eukaryota_Opisthokonta_Nucletmycea_Fungi_Dikarya_Ascomycota_Saccharomycotina_Saccharomycetes_Saccharomycetales_Saccharomyces_cerevisiae_baker_s_yeast, Node1652*)",689,2.9747327073946592,1.8895595002038741,c2
"(Eukaryota_Opisthokonta_Nucletmycea_Fungi_Dikarya_Ascomycota_Saccharomycotina_Saccharomycetes_Saccharomycetales_Saccharomyces_cerevisiae_baker_s_yeast, Node1652*)",693,-1.8335327341723073e-16,1.8895595002038741,c2
"(Eukaryota_Opisthokonta_Nucletmycea_Fungi_Dikarya_Ascomycota_Saccharomycotina_Saccharomycetes_Saccharomycetales_Saccharomyces_cerevisiae_baker_s_yeast, Node1652*)",695,-2.1589866033618098e-16,1.8895595002038741,c2
"(Eukaryota_Opisthokonta_Nucletmycea_Fungi_Dikarya_Ascomycota_Saccharomycotina_Saccharomycetes_Saccharomycetales_Saccharomyces_cerevisiae_baker_s_yeast, Node1652*)",709,3.3459213213490626,1.8895595002038741,c2
"(Eukaryota_Opisthokonta_Nucletmycea_Fungi_Dikarya_Ascomycota_Saccharomycotina_Saccharomycetes_Saccharomycetales_Saccharomyces_cerevisiae_baker_s_yeast, Node1652*)",713,1.8361453303495849e-16,1.8895595002038741,c2
"(Eukaryota_Opisthokonta_Nucletmycea_Fungi_Dikarya_Ascomycota_Saccharomycotina_Saccharomycetes_Saccharomycetales_Saccharomyces_cerevisiae_baker_s_yeast, Node1652*)",718,2.2036494920422576,1.8895595002038741,c2
"(Eukaryota_Opisthokonta_Nucletmycea_Fungi_Dikarya_Ascomycota_Saccharomycotina_Saccharomycetes_Saccharomycetales_Saccharomyces_cerevisiae_baker_s_yeast, Node1652*)",720,2.9747327073946592,1.8895595002038741,c2
"(Eukaryota_Opisthokonta_Nucletmycea_Fungi_Dikarya_Ascomycota_Saccharomycotina_Saccharomycetes_Saccharomycetales_Saccharomyces_cerevisiae_baker_s_yeast, Node1652*)",723,3.0594643730693031e-16,1.8895595002038741,c2
"(Eukaryota_Opisthokonta_Nucletmycea_Fungi_Dikarya_Ascomycota_Saccharomycotina_Saccharomycetes_Saccharomycetales_Saccharomyces_cerevisiae_baker_s_yeast, Node1652*)",725,2.2036494920422576,1.8895595002038741,c2
"(Eukaryota_Opisthokonta_Nucletmycea_Fungi_Dikarya_Ascomycota_Saccharomycotina_Saccharomycetes_Saccharomycetales_Saccharomyces_cerevisiae_baker_s_yeast, Node1652*)",732,2.7901616545238012e-16,1.8895595002038741,c2
"(Eukaryota_Opisthokonta_Nucletmycea_Fungi_Dikarya_Ascomycota_Saccharomycotina_Saccharomycetes_Saccharomycetales_Saccharomyces_cerevisiae_baker_s_yeast, Node1652*)",733,2.2036494920422576,1.8895595002038741,c2
"(Eukaryota_Opisthokonta_Nucletmycea_Fungi_Dikarya_Ascomycota_Saccharomycotina_Saccharomycetes_Saccharomycetales_Saccharomyces_cerevisiae_baker_s_yeast, Node1652*)",734,-1.7668320599489267e-16,1.8895595002038741,c2
"(Eukaryota_Opisthokonta_Nucletmycea_Fungi_Dikarya_Ascomycota_Saccharomycotina_Saccharomycetes_Saccharomycetales_Saccharomyces_cerevisiae_baker_s_yeast, Node1652*)",735,-2.4158572756563651e-16,1.8895595002038741,c2
"(Eukaryota_Opisthokonta_Nucletmycea_Fungi_Dikarya_Ascomycota_Saccharomycotina_Saccharomycetes_Saccharomycetales_Saccharomyces_cerevisiae_baker_s_yeast, Node1652*)",741,2.2036494920422576,1.8895595002038741,c2
"(Eukaryota_Opisthokonta_Nucletmycea_Fungi_Dikarya_Ascomycota_Saccharomycotina_Saccharomycetes_Saccharomycetales_Saccharomyces_cerevisiae_baker_s_yeast, Node1652*)",756,-2.465464582379725e-16,1.8895595002038741,c2
"(Eukaryota_Opisthokonta_Nucletmycea_Fungi_Dikarya_Ascomycota_Saccharomycotina_Saccharomycetes_Saccharomycetales_Saccharomyces_cerevisiae_baker_s_yeast, Node1652*)",771,2.9747327073946592,1.8895595002038741,c2
"(Eukaryota_Opisthokonta_Nucletmycea_Fungi_Dikarya_Ascomycota_Saccharomycotina_Saccharomycetes_Saccharomycetales_Saccharomyces_cerevisiae_baker_s_yeast, Node1652*)",772,3.3459213213490626,1.8895595002038741,c2
"(Eukaryota_Opisthokonta_Nucletmycea_Fungi_Dikarya_Ascomycota_Saccharomycotina_Saccharomycetes_Saccharomycetales_Saccharomyces_cerevisiae_baker_s_yeast, Node1652*)",778,-7.6297612455512079e-17,1.8895595002038741,c2
"(Eukaryota_Opisthokonta_Nucletmycea_Fungi_Dikarya_Ascomycota_Saccharomycotina_Saccharomycetes_Saccharomycetales_Saccharomyces_cerevisiae_baker_s_yeast, Node1652*)",781,2.9747327073820444,1.8895595002038741,c2
"(Eukaryota_Opisthokonta_Nucletmycea_Fungi_Dikarya_Ascomycota_Saccharomycotina_Saccharomycetes_Saccharomycetales_Saccharomyces_cerevisiae_baker_s_yeast, Node1652*)",782,3.3459213213490626,1.8895595002038741,c2
"(Eukaryota_Opisthokonta_Nucletmycea_Fungi_Dikarya_Ascomycota_Saccharomycotina_Saccharomycetes_Saccharomycetales_Saccharomyces_cerevisiae_baker_s_yeast, Node1652*)",789,-2.2491720668144856e-16,1.8895595002038741,c2
"(Eukaryota_Opisthokonta_Nucletmycea_Fungi_Dikarya_Ascomycota_Saccharomycotina_Saccharomycetes_Saccharomycetales_Saccharomyces_cerevisiae_baker_s_yeast, Node1652*)",815,3.3459213213490626,1.8895595002038741,c2
"(Eukaryota_Opisthokonta_Nucletmycea_Fungi_Dikarya_Ascomycota_Saccharomycotina_Saccharomycetes_Saccharomycetales_Saccharomyces_cerevisiae_baker_s_yeast, Node1652*)",816,-2.3577754332821703e-16,1.8895595002038741,c2
"(Eukaryota_Opisthokonta_Nucletmycea_Fungi_Dikarya_Ascomycota_Saccharomycotina_Saccharomycetes_Saccharomycetales_Saccharomyces_cerevisiae_baker_s_yeast, Node1652*)",844,-1.8515385575772679e-16,1.8895595002038741,c2
"(Eukaryota_Opisthokonta_Nucletmycea_Fungi_Dikarya_Ascomycota_Saccharomycotina_Saccharomycetes_Saccharomycetales_Saccharomyces_cerevisiae_baker_s_yeast, Node1652*)",847,-2.250139029504144e-16,1.8895595002038741,c2
"(Eukaryota_Opisthokonta_Nucletmycea_Fungi_Dikarya_Ascomycota_Saccharomycotina_Saccharomycetes_Saccharomycetales_Saccharomyces_cerevisiae_baker_s_yeast, Node1652*)",857,3.0542645306781667e-16,1.8895595002038741,c2
"(Eukaryota_Opisthokonta_Nucletmycea_Fungi_Dikarya_Ascomycota_Saccharomycotina_Saccharomycetes_Saccharomycetales_Saccharomyces_cerevisiae_baker_s_yeast, Node1652*)",858,-2.2980241062814402e-16,1.8895595002038741,c2
"(Eukaryota_Opisthokonta_Nucletmycea_Fungi_Dikarya_Ascomycota_Saccharomycotina_Saccharomycetes_Saccharomycetales_Saccharomyces_cerevisiae_baker_s_yeast, Node1652*)",859,2.9747327073946592,1.8895595002038741,c2
"(Eukaryota_Opisthokonta_Nucletmycea_Fungi_Dikarya_Ascomycota_Saccharomycotina_Saccharomycetes_Saccharomycetales_Saccharomyces_cerevisiae_baker_s_yeast, Node1652*)",860,2.2036494920422576,1.8895595002038741,c2
"(Eukaryota_Opisthokonta_Nucletmycea_Fungi_Dikarya_Ascomycota_Saccharomycotina_Saccharomycetes_Saccharomycetales_Saccharomyces_cerevisiae_baker_s_yeast, Node1652*)",861,2.9747327073946592,1.8895595002038741,c2
"(Eukaryota_Opisthokonta_Nucletmycea_Fungi_Dikarya_Ascomycota_Saccharomycotina_Saccharomycetes_Saccharomycetales_Saccharomyces_cerevisiae_baker_s_yeast, Node1652*)",863,-2.2704212792724051e-16,1.8895595002038741,c2
"(Eukaryota_Opisthokonta_Nucletmycea_Fungi_Dikarya_Ascomycota_Saccharomycotina_Saccharomycetes_Saccharomycetales_Saccharomyces_cerevisiae_baker_s_yeast, Node1652*)",865,-2.2708931776947975e-16,1.8895595002038741,c2
"(Eukaryota_Opisthokonta_Nucletmycea_Fungi_Dikarya_Ascomycota_Saccharomycotina_Saccharomycetes_Saccharomycetales_Saccharomyces_cerevisiae_baker_s_yeast, Node1652*)",868,2.9747327073946592,1.8895595002038741,c2
"(Eukaryota_Opisthokonta_Nucletmycea_Fungi_Dikarya_Ascomycota_Saccharomycotina_Saccharomycetes_Saccharomycetales_Saccharomyces_cerevisiae_baker_s_yeast, Node1652*)",870,2.9747327073946592,1.8895595002038741,c2
"(Eukaryota_Opisthokonta_Nucletmycea_Fungi_Dikarya_Ascomycota_Saccharomycotina_Saccharomycetes_Saccharomycetales_Saccharomyces_cerevisiae_baker_s_yeast, Node1652*)",874,2.2036494920422576,1.8895595002038741,c2
"(Eukaryota_Opisthokonta_Nucletmycea_Fungi_Dikarya_Ascomycota_Saccharomycotina_Saccharomycetes_Saccharomycetales_Saccharomyces_cerevisiae_baker_s_yeast, Node1652*)",875,2.2036494920422576,1.8895595002038741,c2
"(Eukaryota_Opisthokonta_Nucletmycea_Fungi_Dikarya_Ascomycota_Saccharomycotina_Saccharomycetes_Saccharomycetales_Saccharomyces_cerevisiae_baker_s_yeast, Node1652*)",876,3.3459213213490626,1.8895595002038741,c2
"(Eukaryota_Opisthokonta_Nucletmycea_Fungi_Dikarya_Ascomycota_Saccharomycotina_Saccharomycetes_Saccharomycetales_Saccharomyces_cerevisiae_baker_s_yeast, Node1652*)",881,2.2036494920422576,1.8895595002038741,c2
"(Eukaryota_Opisthokonta_Nucletmycea_Fungi_Dikarya_Ascomycota_Saccharomycotina_Saccharomycetes_Saccharomycetales_Saccharomyces_cerevisiae_baker_s_yeast, Node1652*)",882,3.3459213213490626,1.8895595002038741,c2
"(Eukaryota_Opisthokonta_Nucletmycea_Fungi_Dikarya_Ascomycota_Saccharomycotina_Saccharomycetes_Saccharomycetales_Saccharomyces_cerevisiae_baker_s_yeast, Node1652*)",884,3.3459213213490626,1.8895595002038741,c2
"(Eukaryota_Opisthokonta_Nucletmycea_Fungi_Dikarya_Ascomycota_Saccharomycotina_Saccharomycetes_Saccharomycetales_Saccharomyces_cerevisiae_baker_s_yeast, Node1652*)",888,-1.8063105271400292e-16,1.8895595002038741,c2
"(Eukaryota_Opisthokonta_Nucletmycea_Fungi_Dikarya_Ascomycota_Saccharomycotina_Saccharomycetes_Saccharomycetales_Saccharomyces_cerevisiae_baker_s_yeast, Node1652*)",894,2.9747327073946592,1.8895595002038741,c2
"(Eukaryota_Opisthokonta_Nucletmycea_Fungi_Dikarya_Ascomycota_Saccharomycotina_Saccharomycetes_Saccharomycetales_Saccharomyces_cerevisiae_baker_s_yeast, Node1652*)",904,2.9747327073946592,1.8895595002038741,c2
"(Eukaryota_Opisthokonta_Nucletmycea_Fungi_Dikarya_Ascomycota_Saccharomycotina_Saccharomycetes_Saccharomycetales_Saccharomyces_cerevisiae_baker_s_yeast, Node1652*)",906,-2.3001347298180629e-16,1.8895595002038741,c2
"(Eukaryota_Opisthokonta_Nucletmycea_Fungi_Dikarya_Ascomycota_Saccharomycotina_Saccharomycetes_Saccharomycetales_Saccharomyces_cerevisiae_baker_s_yeast, Node1652*)",910,2.9747327073946592,1.8895595002038741,c2
"(Eukaryota_Opisthokonta_Nucletmycea_Fungi_Dikarya_Ascomycota_Saccharomycotina_Saccharomycetes_Saccharomycetales_Saccharomyces_cerevisiae_baker_s_yeast, Node1652*)",911,-2.2931083146738785e-16,1.8895595002038741,c2
"(Eukaryota_Opisthokonta_Nucletmycea_Fungi_Dikarya_Ascomycota_Saccharomycotina_Saccharomycetes_Saccharomycetales_Saccharomyces_cerevisiae_baker_s_yeast, Node1652*)",912,2.9747327073946592,1.8895595002038741,c2
"(Eukaryota_Opisthokonta_Nucletmycea_Fungi_Dikarya_Ascomycota_Saccharomycotina_Saccharomycetes_Saccharomycetales_Saccharomyces_cerevisiae_baker_s_yeast, Node1652*)",914,2.2036494920422576,1.8895595002038741,c2
"(Eukaryota_Opisthokonta_Nucletmycea_Fungi_Dikarya_Ascomycota_Saccharomycotina_Saccharomycetes_Saccharomycetales_Saccharomyces_cerevisiae_baker_s_yeast, Node1652*)",915,2.9747327073946592,1.8895595002038741,c2
"(Eukaryota_Opisthokonta_Nucletmycea_Fungi_Dikarya_Ascomycota_Saccharomycotina_Saccharomycetes_Saccharomycetales_Saccharomyces_cerevisiae_baker_s_yeast, Node1652*)",916,3.3459213213490626,1.8895595002038741,c2
"(Eukaryota_Opisthokonta_Nucletmycea_Fungi_Dikarya_Ascomycota_Saccharomycotina_Saccharomycetes_Saccharomycetales_Saccharomyces_cerevisiae_baker_s_yeast, Node1652*)",922,1.4849167245300215e-16,1.8895595002038741,c2
"(Eukaryota_Opisthokonta_Nucletmycea_Fungi_Dikarya_Ascomycota_Saccharomycotina_Saccharomycetes_Saccharomycetales_Saccharomyces_cerevisiae_baker_s_yeast, Node1652*)",925,-2.2916233041904891e-16,1.8895595002038741,c2
"(Eukaryota_Opisthokonta_Nucletmycea_Fungi_Dikarya_Ascomycota_Saccharomycotina_Saccharomycetes_Saccharomycetales_Saccharomyces_cerevisiae_baker_s_yeast, Node1652*)",927,-1.9090190824263921e-16,1.8895595002038741,c2
"(Eukaryota_Opisthokonta_Nucletmycea_Fungi_Dikarya_Ascomycota_Saccharomycotina_Saccharomycetes_Saccharomycetales_Saccharomyces_cerevisiae_baker_s_yeast, Node1652*)",928,-2.2278113028351591e-16,1.8895595002038741,c2
"(Eukaryota_Opisthokonta_Nucletmycea_Fungi_Dikarya_Ascomycota_Saccharomycotina_Saccharomycetes_Saccharomycetales_Saccharomyces_cerevisiae_baker_s_yeast, Node1652*)",929,-2.0971846560320354e-16,1.8895595002038741,c2
"(Eukaryota_Opisthokonta_Nucletmycea_Fungi_Dikarya_Ascomycota_Saccharomycotina_Saccharomycetes_Saccharomycetales_Saccharomyces_cerevisiae_baker_s_yeast, Node1652*)",930,-2.2689417294605554e-16,1.8895595002038741,c2
"(Eukaryota_Opisthokonta_Nucletmycea_Fungi_Dikarya_Ascomycota_Saccharomycotina_Saccharomycetes_Saccharomycetales_Saccharomyces_cerevisiae_baker_s_yeast, Node1652*)",932,-1.159642210838157e-16,1.8895595002038741,c2
"(Eukaryota_Opisthokonta_Nucletmycea_Fungi_Dikarya_Ascomycota_Saccharomycotina_Saccharomycetes_Saccharomycetales_Saccharomyces_cerevisiae_baker_s_yeast, Node1652*)",933,1.650651320842352e-16,1.8895595002038741,c2
"(Eukaryota_Opisthokonta_Nucletmycea_Fungi_Dikarya_Ascomycota_Saccharomycotina_Saccharomycetes_Saccharomycetales_Saccharomyces_cerevisiae_baker_s_yeast, Node1652*)",934,2.2036494920422576,1.8895595002038741,c2
"(Eukaryota_Opisthokonta_Nucletmycea_Fungi_Dikarya_Ascomycota_Saccharomycotina_Saccharomycetes_Saccharomycetales_Saccharomyces_cerevisiae_baker_s_yeast, Node1652*)",935,2.2036494920422576,1.8895595002038741,c2
"(Eukaryota_Opisthokonta_Nucletmycea_Fungi_Dikarya_Ascomycota_Saccharomycotina_Saccharomycetes_Saccharomycetales_Saccharomyces_cerevisiae_baker_s_yeast, Node1652*)",936,-2.2948077635419294e-16,1.8895595002038741,c2
"(Eukaryota_Opisthokonta_Nucletmycea_Fungi_Dikarya_Ascomycota_Saccharomycotina_Saccharomycetes_Saccharomycetales_Saccharomyces_cerevisiae_baker_s_yeast, Node1652*)",937,-2.3095089448837817e-16,1.8895595002038741,c2
"(Eukaryota_Opisthokonta_Nucletmycea_Fungi_Dikarya_Ascomycota_Saccharomycotina_Saccharomycetes_Saccharomycetales_Saccharomyces_cerevisiae_baker_s_yeast, Node1652*)",938,-2.0195284459899586e-16,1.8895595002038741,c2
"(Eukaryota_Opisthokonta_Nucletmycea_Fungi_Dikarya_Ascomycota_Saccharomycotina_Saccharomycetes_Saccharomycetales_Saccharomyces_cerevisiae_baker_s_yeast, Node1652*)",950,2.2036494920422576,1.8895595002038741,c2
"(Eukaryota_Opisthokonta_Nucletmycea_Fungi_Dikarya_Ascomycota_Saccharomycotina_Saccharomycetes_Saccharomycetales_Saccharomyces_cerevisiae_baker_s_yeast, Node1652*)",951,-2.2647796267104778e-16,1.8895595002038741,c2
"(Eukaryota_Opisthokonta_Nucletmycea_Fungi_Dikarya_Ascomycota_Saccharomycotina_Saccharomycetes_Saccharomycetales_Saccharomyces_cerevisiae_baker_s_yeast, Node1652*)",952,2.9747327073946592,1.8895595002038741,c2
"(Eukaryota_Opisthokonta_Nucletmycea_Fungi_Dikarya_Ascomycota_Saccharomycotina_Saccharomycetes_Saccharomycetales_Saccharomyces_cerevisiae_baker_s_yeast, Node1652*)",954,-1.9211780167415353e-16,1.8895595002038741,c2
"(Eukaryota_Opisthokonta_Nucletmycea_Fungi_Dikarya_Ascomycota_Saccharomycotina_Saccharomycetes_Saccharomycetales_Saccharomyces_cerevisiae_baker_s_yeast, Node1652*)",955,2.2036494920422576,1.8895595002038741,c2
"(Eukaryota_Opisthokonta_Nucletmycea_Fungi_Dikarya_Ascomycota_Saccharomycotina_Saccharomycetes_Saccharomycetales_Saccharomyces_cerevisiae_baker_s_yeast, Node1652*)",956,2.9747327073946592,1.8895595002038741,c2
"(Eukaryota_Opisthokonta_Nucletmycea_Fungi_Dikarya_Ascomycota_Saccharomycotina_Saccharomycetes_Saccharomycetales_Saccharomyces_cerevisiae_baker_s_yeast, Node1652*)",961,2.9747327073946592,1.8895595002038741,c2
"(Eukaryota_Opisthokonta_Nucletmycea_Fungi_Dikarya_Ascomycota_Saccharomycotina_Saccharomycetes_Saccharomycetales_Saccharomyces_cerevisiae_baker_s_yeast, Node1652*)",963,2.9747327073946592,1.8895595002038741,c2
"(Eukaryota_Opisthokonta_Nucletmycea_Fungi_Dikarya_Ascomycota_Saccharomycotina_Saccharomycetes_Saccharomycetales_Saccharomyces_cerevisiae_baker_s_yeast, Node1652*)",969,2.2036494920422576,1.8895595002038741,c2
"(Eukaryota_Opisthokonta_Nucletmycea_Fungi_Dikarya_Ascomycota_Saccharomycotina_Saccharomycetes_Saccharomycetales_Saccharomyces_cerevisiae_baker_s_yeast, Node1652*)",970,2.2036494920422576,1.8895595002038741,c2
"(Eukaryota_Opisthokonta_Nucletmycea_Fungi_Dikarya_Ascomycota_Saccharomycotina_Saccharomycetes_Saccharomycetales_Saccharomyces_cerevisiae_baker_s_yeast, Node1652*)",971,1.8053048271248125e-16,1.8895595002038741,c2
"(Eukaryota_Opisthokonta_Nucletmycea_Fungi_Dikarya_Ascomycota_Saccharomycotina_Saccharomycetes_Saccharomycetales_Saccharomyces_cerevisiae_baker_s_yeast, Node1652*)",972,3.3459213213490626,1.8895595002038741,c2
"(Eukaryota_Opisthokonta_Nucletmycea_Fungi_Dikarya_Ascomycota_Saccharomycotina_Saccharomycetes_Saccharomycetales_Saccharomyces_cerevisiae_baker_s_yeast, Node1652*)",980,-2.0589173957344603e-16,1.8895595002038741,c2
"(Eukaryota_Opisthokonta_Nucletmycea_Fungi_Dikarya_Ascomycota_Saccharomycotina_Saccharomycetes_Saccharomycetales_Saccharomyces_cerevisiae_baker_s_yeast, Node1652*)",981,3.3459213213490626,1.8895595002038741,c2
"(Eukaryota_Opisthokonta_Nucletmycea_Fungi_Dikarya_Ascomycota_Saccharomycotina_Saccharomycetes_Saccharomycetales_Saccharomyces_cerevisiae_baker_s_yeast, Node1652*)",982,2.9747327073946592,1.8895595002038741,c2
"(Eukaryota_Opisthokonta_Nucletmycea_Fungi_Dikarya_Ascomycota_Saccharomycotina_Saccharomycetes_Saccharomycetales_Saccharomyces_cerevisiae_baker_s_yeast, Node1652*)",986,-2.2308686494110238e-16,1.8895595002038741,c2
"(Eukaryota_Opisthokonta_Nucletmycea_Fungi_Dikarya_Ascomycota_Saccharomycotina_Saccharomycetes_Saccharomycetales_Saccharomyces_cerevisiae_baker_s_yeast, Node1652*)",987,-2.1297425074438324e-16,1.8895595002038741,c2
"(Eukaryota_Opisthokonta_Nucletmycea_Fungi_Dikarya_Ascomycota_Saccharomycotina_Saccharomycetes_Saccharomycetales_Saccharomyces_cerevisiae_baker_s_yeast, Node1652*)",989,2.9747327073946592,1.8895595002038741,c2
"(Eukaryota_Opisthokonta_Nucletmycea_Fungi_Dikarya_Ascomycota_Saccharomycotina_Saccharomycetes_Saccharomycetales_Saccharomyces_cerevisiae_baker_s_yeast, Node1652*)",992,-2.1636793036138567e-16,1.8895595002038741,c2
"(Eukaryota_Opisthokonta_Nucletmycea_Fungi_Dikarya_Ascomycota_Saccharomycotina_Saccharomycetes_Saccharomycetales_Saccharomyces_cerevisiae_baker_s_yeast, Node1652*)",995,3.3459213213490626,1.8895595002038741,c2
"(Eukaryota_Opisthokonta_Nucletmycea_Fungi_Dikarya_Ascomycota_Saccharomycotina_Saccharomycetes_Saccharomycetales_Saccharomyces_cerevisiae_baker_s_yeast, Node1652*)",998,2.9747327073946592,1.8895595002038741,c2
"(Eukaryota_Opisthokonta_Nucletmycea_Fungi_Dikarya_Ascomycota_Saccharomycotina_Saccharomycetes_Saccharomycetales_Saccharomyces_cerevisiae_baker_s_yeast, Node1652*)",999,2.2036494920422576,1.8895595002038741,c2
"(Eukaryota_Opisthokonta_Nucletmycea_Fungi_Dikarya_Ascomycota_Saccharomycotina_Saccharomycetes_Saccharomycetales_Saccharomyces_cerevisiae_baker_s_yeast, Node1652*)",1002,2.2036494920422576,1.8895595002038741,c2
"(Eukaryota_Opisthokonta_Nucletmycea_Fungi_Dikarya_Ascomycota_Saccharomycotina_Saccharomycetes_Saccharomycetales_Saccharomyces_cerevisiae_baker_s_yeast, Node1652*)",1003,2.9747327073946592,1.8895595002038741,c2
"(Eukaryota_Opisthokonta_Nucletmycea_Fungi_Dikarya_Ascomycota_Saccharomycotina_Saccharomycetes_Saccharomycetales_Saccharomyces_cerevisiae_baker_s_yeast, Node1652*)",1007,3.0683245491776658e-16,1.8895595002038741,c2
"(Eukaryota_Opisthokonta_Nucletmycea_Fungi_Dikarya_Ascomycota_Saccharomycotina_Saccharomycetes_Saccharomycetales_Saccharomyces_cerevisiae_baker_s_yeast, Node1652*)",1009,-2.1989749199630173e-16,1.8895595002038741,c2
"(Eukaryota_Opisthokonta_Nucletmycea_Fungi_Dikarya_Ascomycota_Saccharomycotina_Saccharomycetes_Saccharomycetales_Saccharomyces_cerevisiae_baker_s_yeast, Node1652*)",1014,-2.132841414603949e-16,1.8895595002038741,c2
"(Eukaryota_Opisthokonta_Nucletmycea_Fungi_Dikarya_Ascomycota_Saccharomycotina_Saccharomycetes_Saccharomycetales_Saccharomyces_cerevisiae_baker_s_yeast, Node1652*)",1019,-1.8592321213896946e-16,1.8895595002038741,c2
"(Eukaryota_Opisthokonta_Nucletmycea_Fungi_Dikarya_Ascomycota_Saccharomycotina_Saccharomycetes_Saccharomycetales_Saccharomyces_cerevisiae_baker_s_yeast, Node1652*)",1021,2.9747327073946592,1.8895595002038741,c2
"(Eukaryota_Opisthokonta_Nucletmycea_Fungi_Dikarya_Ascomycota_Saccharomycotina_Saccharomycetes_Saccharomycetales_Saccharomyces_cerevisiae_baker_s_yeast, Node1652*)",1026,-2.4404775379137664e-16,1.8895595002038741,c2
"(Eukaryota_Opisthokonta_Nucletmycea_Fungi_Dikarya_Ascomycota_Saccharomycotina_Saccharomycetes_Saccharomycetales_Saccharomyces_cerevisiae_baker_s_yeast, Node1652*)",1027,2.9747327073946592,1.8895595002038741,c2
"(Eukaryota_Opisthokonta_Nucletmycea_Fungi_Dikarya_Ascomycota_Saccharomycotina_Saccharomycetes_Saccharomycetales_Saccharomyces_cerevisiae_baker_s_yeast, Node1652*)",1028,2.9747327073946592,1.8895595002038741,c2
"(Eukaryota_Opisthokonta_Nucletmycea_Fungi_Dikarya_Ascomycota_Saccharomycotina_Saccharomycetes_Saccharomycetales_Saccharomyces_cerevisiae_baker_s_yeast, Node1652*)",1033,3.3459213213490626,1.8895595002038741,c2
"(Eukaryota_Opisthokonta_Nucletmycea_Fungi_Dikarya_Ascomycota_Saccharomycotina_Saccharomycetes_Saccharomycetales_Saccharomyces_cerevisiae_baker_s_yeast, Node1652*)",1034,2.765294932912284e-16,1.8895595002038741,c2
"(Eukaryota_Opisthokonta_Nucletmycea_Fungi_Dikarya_Ascomycota_Saccharomycotina_Saccharomycetes_Saccharomycetales_Saccharomyces_cerevisiae_baker_s_yeast, Node1652*)",1040,2.9747327073946592,1.8895595002038741,c2
"(Eukaryota_Opisthokonta_Nucletmycea_Fungi_Dikarya_Ascomycota_Saccharomycotina_Saccharomycetes_Saccharomycetales_Saccharomyces_cerevisiae_baker_s_yeast, Node1652*)",1043,2.9747327073946592,1.8895595002038741,c2
"(Eukaryota_Opisthokonta_Nucletmycea_Fungi_Dikarya_Ascomycota_Saccharomycotina_Saccharomycetes_Saccharomycetales_Saccharomyces_cerevisiae_baker_s_yeast, Node1652*)",1044,-1.9795378172663427e-16,1.8895595002038741,c2
"(Eukaryota_Opisthokonta_Nucletmycea_Fungi_Dikarya_Ascomycota_Saccharomycotina_Saccharomycetes_Saccharomycetales_Saccharomyces_cerevisiae_baker_s_yeast, Node1652*)",1045,-2.1353165829641217e-16,1.8895595002038741,c2
"(Eukaryota_Opisthokonta_Nucletmycea_Fungi_Dikarya_Ascomycota_Saccharomycotina_Saccharomycetes_Saccharomycetales_Saccharomyces_cerevisiae_baker_s_yeast, Node1652*)",1052,2.2036494920422576,1.8895595002038741,c2
"(Eukaryota_Opisthokonta_Nucletmycea_Fungi_Dikarya_Ascomycota_Saccharomycotina_Saccharomycetes_Saccharomycetales_Saccharomyces_cerevisiae_baker_s_yeast, Node1652*)",1053,2.2036494920422576,1.8895595002038741,c2
"(Eukaryota_Opisthokonta_Nucletmycea_Fungi_Dikarya_Ascomycota_Saccharomycotina_Saccharomycetes_Saccharomycetales_Saccharomyces_cerevisiae_baker_s_yeast, Node1652*)",1054,2.9747327073946592,1.8895595002038741,c2
"(Eukaryota_Opisthokonta_Nucletmycea_Fungi_Dikarya_Ascomycota_Saccharomycotina_Saccharomycetes_Saccharomycetales_Saccharomyces_cerevisiae_baker_s_yeast, Node1652*)",1055,3.3459213213490626,1.8895595002038741,c2
"(Eukaryota_Opisthokonta_Nucletmycea_Fungi_Dikarya_Ascomycota_Saccharomycotina_Saccharomycetes_Saccharomycetales_Saccharomyces_cerevisiae_baker_s_yeast, Node1652*)",1064,-2.0014979974093733e-16,1.8895595002038741,c2
"(Eukaryota_Opisthokonta_Nucletmycea_Fungi_Dikarya_Ascomycota_Saccharomycotina_Saccharomycetes_Saccharomycetales_Saccharomyces_cerevisiae_baker_s_yeast, Node1652*)",1085,-2.155458549030964e-16,1.8895595002038741,c2
"(Eukaryota_Opisthokonta_Nucletmycea_Fungi_Dikarya_Ascomycota_Saccharomycotina_Saccharomycetes_Saccharomycetales_Saccharomyces_cerevisiae_baker_s_yeast, Node1652*)",1086,2.9747327073946592,1.8895595002038741,c2
"(Eukaryota_Opisthokonta_Nucletmycea_Fungi_Dikarya_Ascomycota_Saccharomycotina_Saccharomycetes_Saccharomycetales_Saccharomyces_cerevisiae_baker_s_yeast, Node1652*)",1092,-2.3365059689061309e-16,1.8895595002038741,c2
"(Eukaryota_Opisthokonta_Nucletmycea_Fungi_Dikarya_Ascomycota_Saccharomycotina_Saccharomycetes_Saccharomycetales_Saccharomyces_cerevisiae_baker_s_yeast, Node1652*)",1097,2.2036494920422576,1.8895595002038741,c2
"(Eukaryota_Opisthokonta_Nucletmycea_Fungi_Dikarya_Ascomycota_Saccharomycotina_Saccharomycetes_Saccharomycetales_Saccharomyces_cerevisiae_baker_s_yeast, Node1652*)",1098,2.9747327073946592,1.8895595002038741,c2
"(Eukaryota_Opisthokonta_Nucletmycea_Fungi_Dikarya_Ascomycota_Saccharomycotina_Saccharomycetes_Saccharomycetales_Saccharomyces_cerevisiae_baker_s_yeast, Node1652*)",1112,-2.2508114585236203e-16,1.8895595002038741,c2
"(Eukaryota_Opisthokonta_Nucletmycea_Fungi_Dikarya_Ascomycota_Saccharomycotina_Saccharomycetes_Saccharomycetales_Saccharomyces_cerevisiae_baker_s_yeast, Node1652*)",1113,3.3459213213490626,1.8895595002038741,c2
"(Eukaryota_Opisthokonta_Nucletmycea_Fungi_Dikarya_Ascomycota_Saccharomycotina_Saccharomycetes_Saccharomycetales_Saccharomyces_cerevisiae_baker_s_yeast, Node1652*)",1121,-2.1247046782517679e-16,1.8895595002038741,c2
"(Eukaryota_Opisthokonta_Nucletmycea_Fungi_Dikarya_Ascomycota_Saccharomycotina_Saccharomycetes_Saccharomycetales_Saccharomyces_cerevisiae_baker_s_yeast, Node1652*)",1122,2.9747327073946592,1.8895595002038741,c2
"(Eukaryota_Opisthokonta_Nucletmycea_Fungi_Dikarya_Ascomycota_Saccharomycotina_Saccharomycetes_Saccharomycetales_Saccharomyces_cerevisiae_baker_s_yeast, Node1652*)",1123,2.9747327073946592,1.8895595002038741,c2
"(Eukaryota_Opisthokonta_Nucletmycea_Fungi_Dikarya_Ascomycota_Saccharomycotina_Saccharomycetes_Saccharomycetales_Saccharomyces_cerevisiae_baker_s_yeast, Node1652*)",1126,2.9747327073946592,1.8895595002038741,c2
"(Eukaryota_Opisthokonta_Nucletmycea_Fungi_Dikarya_Ascomycota_Saccharomycotina_Saccharomycetes_Saccharomycetales_Saccharomyces_cerevisiae_baker_s_yeast, Node1652*)",1132,-2.4039394059797789e-16,1.8895595002038741,c2
"(Eukaryota_Opisthokonta_Nucletmycea_Fungi_Dikarya_Ascomycota_Saccharomycotina_Saccharomycetes_Saccharomycetales_Saccharomyces_cerevisiae_baker_s_yeast, Node1652*)",1133,2.9747327073946592,1.8895595002038741,c2
"(Eukaryota_Opisthokonta_Nucletmycea_Fungi_Dikarya_Ascomycota_Saccharomycotina_Saccharomycetes_Saccharomycetales_Saccharomyces_cerevisiae_baker_s_yeast, Node1652*)",1139,2.9747327073946592,1.8895595002038741,c2
"(Eukaryota_Opisthokonta_Nucletmycea_Fungi_Dikarya_Ascomycota_Saccharomycotina_Saccharomycetes_Saccharomycetales_Saccharomyces_cerevisiae_baker_s_yeast, Node1652*)",1140,3.3459213213490626,1.8895595002038741,c2
"(Eukaryota_Opisthokonta_Nucletmycea_Fungi_Dikarya_Ascomycota_Saccharomycotina_Saccharomycetes_Saccharomycetales_Saccharomyces_cerevisiae_baker_s_yeast, Node1652*)",1142,2.9747327073946592,1.8895595002038741,c2
"(Eukaryota_Opisthokonta_Nucletmycea_Fungi_Dikarya_Ascomycota_Saccharomycotina_Saccharomycetes_Saccharomycetales_Saccharomyces_cerevisiae_baker_s_yeast, Node1652*)",1143,2.2036494920422576,1.8895595002038741,c2
"(Eukaryota_Opisthokonta_Nucletmycea_Fungi_Dikarya_Ascomycota_Saccharomycotina_Saccharomycetes_Saccharomycetales_Saccharomyces_cerevisiae_baker_s_yeast, Node1652*)",1145,2.2036494920422576,1.8895595002038741,c2
"(Eukaryota_Opisthokonta_Nucletmycea_Fungi_Dikarya_Ascomycota_Saccharomycotina_Saccharomycetes_Saccharomycetales_Saccharomyces_cerevisiae_baker_s_yeast, Node1652*)",1146,2.9747327073946592,1.8895595002038741,c2
"(Eukaryota_Opisthokonta_Nucletmycea_Fungi_Dikarya_Ascomycota_Saccharomycotina_Saccharomycetes_Saccharomycetales_Saccharomyces_cerevisiae_baker_s_yeast, Node1652*)",1147,-8.9630994988586496e-17,1.8895595002038741,c2
"(Eukaryota_Opisthokonta_Nucletmycea_Fungi_Dikarya_Ascomycota_Saccharomycotina_Saccharomycetes_Saccharomycetales_Saccharomyces_cerevisiae_baker_s_yeast, Node1652*)",1150,2.2036494920422576,1.8895595002038741,c2
"(Eukaryota_Opisthokonta_Nucletmycea_Fungi_Dikarya_Ascomycota_Saccharomycotina_Saccharomycetes_Saccharomycetales_Saccharomyces_cerevisiae_baker_s_yeast, Node1652*)",1178,2.2036494920422576,1.8895595002038741,c2
"(Eukaryota_Opisthokonta_Nucletmycea_Fungi_Dikarya_Ascomycota_Saccharomycotina_Saccharomycetes_Saccharomycetales_Saccharomyces_cerevisiae_baker_s_yeast, Node1652*)",1179,3.3459213213490626,1.8895595002038741,c2
"(Eukaryota_Opisthokonta_Nucletmycea_Fungi_Dikarya_Ascomycota_Saccharomycotina_Saccharomycetes_Saccharomycetales_Saccharomyces_cerevisiae_baker_s_yeast, Node1652*)",1180,2.9747327073946592,1.8895595002038741,c2
"(Eukaryota_Opisthokonta_Nucletmycea_Fungi_Dikarya_Ascomycota_Saccharomycotina_Saccharomycetes_Saccharomycetales_Saccharomyces_cerevisiae_baker_s_yeast, Node1652*)",1182,3.3459213213490626,1.8895595002038741,c2
"(Eukaryota_Opisthokonta_Nucletmycea_Fungi_Dikarya_Ascomycota_Saccharomycotina_Saccharomycetes_Saccharomycetales_Saccharomyces_cerevisiae_baker_s_yeast, Node1652*)",1183,-2.2956959615822419e-16,1.8895595002038741,c2
"(Eukaryota_Opisthokonta_Nucletmycea_Fungi_Dikarya_Ascomycota_Saccharomycotina_Saccharomycetes_Saccharomycetales_Saccharomyces_cerevisiae_baker_s_yeast, Node1652*)",1185,2.9747327073946592,1.8895595002038741,c2
"(Eukaryota_Opisthokonta_Nucletmycea_Fungi_Dikarya_Ascomycota_Saccharomycotina_Saccharomycetes_Saccharomycetales_Saccharomyces_cerevisiae_baker_s_yeast, Node1652*)",1189,2.2036494920422576,1.8895595002038741,c2
"(Eukaryota_Opisthokonta_Nucletmycea_Fungi_Dikarya_Ascomycota_Saccharomycotina_Saccharomycetes_Saccharomycetales_Saccharomyces_cerevisiae_baker_s_yeast, Node1652*)",1193,-2.2549126736319279e-16,1.8895595002038741,c2
"(Eukaryota_Opisthokonta_Nucletmycea_Fungi_Dikarya_Ascomycota_Saccharomycotina_Saccharomycetes_Saccharomycetales_Saccharomyces_cerevisiae_baker_s_yeast, Node1652*)",1200,2.2036494920422576,1.8895595002038741,c2
"(Eukaryota_Opisthokonta_Nucletmycea_Fungi_Dikarya_Ascomycota_Saccharomycotina_Saccharomycetes_Saccharomycetales_Saccharomyces_cerevisiae_baker_s_yeast, Node1652*)",1201,-1.8993247375877286e-16,1.8895595002038741,c2
"(Eukaryota_Opisthokonta_Nucletmycea_Fungi_Dikarya_Ascomycota_Saccharomycotina_Saccharomycetes_Saccharomycetales_Saccharomyces_cerevisiae_baker_s_yeast, Node1652*)",1204,-2.2727487502485736e-16,1.8895595002038741,c2
"(Eukaryota_Opisthokonta_Nucletmycea_Fungi_Dikarya_Ascomycota_Saccharomycotina_Saccharomycetes_Saccharomycetales_Saccharomyces_cerevisiae_baker_s_yeast, Node1652*)",1205,-2.2914958443439537e-16,1.8895595002038741,c2
"(Eukaryota_Opisthokonta_Nucletmycea_Fungi_Dikarya_Ascomycota_Saccharomycotina_Saccharomycetes_Saccharomycetales_Saccharomyces_cerevisiae_baker_s_yeast, Node1652*)",1206,2.2036494920422576,1.8895595002038741,c2
"(Eukaryota_Opisthokonta_Nucletmycea_Fungi_Dikarya_Ascomycota_Saccharomycotina_Saccharomycetes_Saccharomycetales_Saccharomyces_cerevisiae_baker_s_yeast, Node1652*)",1211,3.3459213213490626,1.8895595002038741,c2
"(Eukaryota_Opisthokonta_Nucletmycea_Fungi_Dikarya_Ascomycota_Saccharomycotina_Saccharomycetes_Saccharomycetales_Saccharomyces_cerevisiae_baker_s_yeast, Node1652*)",1218,2.2036494920422576,1.8895595002038741,c2
"(Eukaryota_Opisthokonta_Nucletmycea_Fungi_Dikarya_Ascomycota_Saccharomycotina_Saccharomycetes_Saccharomycetales_Saccharomyces_cerevisiae_baker_s_yeast, Node1652*)",1220,2.2036494920422576,1.8895595002038741,c2
"(Eukaryota_Opisthokonta_Nucletmycea_Fungi_Dikarya_Ascomycota_Saccharomycotina_Saccharomycetes_Saccharomycetales_Saccharomyces_cerevisiae_baker_s_yeast, Node1652*)",1236,2.2036494920422576,1.8895595002038741,c2
"(Eukaryota_Opisthokonta_Nucletmycea_Fungi_Dikarya_Ascomycota_Saccharomycotina_Saccharomycetes_Saccharomycetales_Saccharomyces_cerevisiae_baker_s_yeast, Node1652*)",1247,2.2036494920422576,1.8895595002038741,c2
"(Eukaryota_Opisthokonta_Nucletmycea_Fungi_Dikarya_Ascomycota_Saccharomycotina_Saccharomycetes_Saccharomycetales_Saccharomyces_cerevisiae_baker_s_yeast, Node1652*)",1259,2.2036494920422576,1.8895595002038741,c2
"(Eukaryota_Opisthokonta_Nucletmycea_Fungi_Dikarya_Ascomycota_Saccharomycotina_Saccharomycetes_Saccharomycetales_Saccharomyces_cerevisiae_baker_s_yeast, Node1652*)",1260,2.2036494920422576,1.8895595002038741,c2
"(Eukaryota_Opisthokonta_Nucletmycea_Fungi_Dikarya_Ascomycota_Saccharomycotina_Saccharomycetes_Saccharomycetales_Saccharomyces_cerevisiae_baker_s_yeast, Node1652*)",1273,2.9747327073946592,1.8895595002038741,c2
"(Eukaryota_Opisthokonta_Nucletmycea_Fungi_Dikarya_Ascomycota_Saccharomycotina_Saccharomycetes_Saccharomycetales_Saccharomyces_cerevisiae_baker_s_yeast, Node1652*)",1279,2.2036494920422576,1.8895595002038741,c2
"(Eukaryota_Opisthokonta_Nucletmycea_Fungi_Dikarya_Ascomycota_Saccharomycotina_Saccharomycetes_Saccharomycetales_Saccharomyces_cerevisiae_baker_s_yeast, Node1652*)",1280,3.3459213213490626,1.8895595002038741,c2
"(Eukaryota_Opisthokonta_Nucletmycea_Fungi_Dikarya_Ascomycota_Saccharomycotina_Saccharomycetes_Saccharomycetales_Saccharomyces_cerevisiae_baker_s_yeast, Node1652*)",1281,3.3459213213490626,1.8895595002038741,c2
"(Eukaryota_Opisthokonta_Nucletmycea_Fungi_Dikarya_Ascomycota_Saccharomycotina_Saccharomycetes_Saccharomycetales_Saccharomyces_cerevisiae_baker_s_yeast, Node1652*)",1289,-2.3151081096112948e-16,1.8895595002038741,c2
"(Eukaryota_Opisthokonta_Nucletmycea_Fungi_Dikarya_Ascomycota_Saccharomycotina_Saccharomycetes_Saccharomycetales_Saccharomyces_cerevisiae_baker_s_yeast, Node1652*)",1298,-2.2695407254214453e-16,1.8895595002038741,c2
"(Eukaryota_Opisthokonta_Nucletmycea_Fungi_Dikarya_Ascomycota_Saccharomycotina_Saccharomycetes_Saccharomycetales_Saccharomyces_cerevisiae_baker_s_yeast, Node1652*)",1299,3.3459213213490626,1.8895595002038741,c2
"(Eukaryota_Opisthokonta_Nucletmycea_Fungi_Dikarya_Ascomycota_Saccharomycotina_Saccharomycetes_Saccharomycetales_Saccharomyces_cerevisiae_baker_s_yeast, Node1652*)",1300,2.9747327073946592,1.8895595002038741,c2
"(Eukaryota_Opisthokonta_Nucletmycea_Fungi_Dikarya_Ascomycota_Saccharomycotina_Saccharomycetes_Saccharomycetales_Saccharomyces_cerevisiae_baker_s_yeast, Node1652*)",1303,2.9747327073946592,1.8895595002038741,c2
"(Eukaryota_Opisthokonta_Nucletmycea_Fungi_Dikarya_Ascomycota_Saccharomycotina_Saccharomycetes_Saccharomycetales_Saccharomyces_cerevisiae_baker_s_yeast, Node1652*)",1306,2.2036494920422576,1.8895595002038741,c2
"(Eukaryota_Opisthokonta_Nucletmycea_Fungi_Dikarya_Ascomycota_Saccharomycotina_Saccharomycetes_Saccharomycetales_Saccharomyces_cerevisiae_baker_s_yeast, Node1652*)",1307,2.2036494920422576,1.8895595002038741,c2
"(Eukaryota_Opisthokonta_Nucletmycea_Fungi_Dikarya_Ascomycota_Saccharomycotina_Saccharomycetes_Saccharomycetales_Saccharomyces_cerevisiae_baker_s_yeast, Node1652*)",1308,2.2036494920422576,1.8895595002038741,c2
"(Eukaryota_Opisthokonta_Nucletmycea_Fungi_Dikarya_Ascomycota_Saccharomycotina_Saccharomycetes_Saccharomycetales_Saccharomyces_cerevisiae_baker_s_yeast, Node1652*)",1311,2.9747327073946592,1.8895595002038741,c2
"(Eukaryota_Opisthokonta_Nucletmycea_Fungi_Dikarya_Ascomycota_Saccharomycotina_Saccharomycetes_Saccharomycetales_Saccharomyces_cerevisiae_baker_s_yeast, Node1652*)",1314,3.3459213213490626,1.8895595002038741,c2
"(Eukaryota_Opisthokonta_Nucletmycea_Fungi_Dikarya_Ascomycota_Saccharomycotina_Saccharomycetes_Saccharomycetales_Saccharomyces_cerevisiae_baker_s_yeast, Node1652*)",1318,2.9747327073946592,1.8895595002038741,c2
"(Eukaryota_Opisthokonta_Nucletmycea_Fungi_Dikarya_Ascomycota_Saccharomycotina_Saccharomycetes_Saccharomycetales_Saccharomyces_cerevisiae_baker_s_yeast, Node1652*)",1320,2.2036494920422576,1.8895595002038741,c2
"(Eukaryota_Opisthokonta_Nucletmycea_Fungi_Dikarya_Ascomycota_Saccharomycotina_Saccharomycetes_Saccharomycetales_Saccharomyces_cerevisiae_baker_s_yeast, Node1652*)",1324,2.9747327073946592,1.8895595002038741,c2
"(Eukaryota_Opisthokonta_Nucletmycea_Fungi_Dikarya_Ascomycota_Saccharomycotina_Saccharomycetes_Saccharomycetales_Saccharomyces_cerevisiae_baker_s_yeast, Node1652*)",1327,3.3459213213490626,1.8895595002038741,c2
"(Eukaryota_Opisthokonta_Nucletmycea_Fungi_Dikarya_Ascomycota_Saccharomycotina_Saccharomycetes_Saccharomycetales_Saccharomyces_cerevisiae_baker_s_yeast, Node1652*)",1329,3.3459213213490626,1.8895595002038741,c2
"(Eukaryota_Opisthokonta_Nucletmycea_Fungi_Dikarya_Ascomycota_Saccharomycotina_Saccharomycetes_Saccharomycetales_Saccharomyces_cerevisiae_baker_s_yeast, Node1652*)",1335,2.9747327073946592,1.8895595002038741,c2
"(Eukaryota_Opisthokonta_Nucletmycea_Fungi_Dikarya_Ascomycota_Saccharomycotina_Saccharomycetes_Saccharomycetales_Saccharomyces_cerevisiae_baker_s_yeast, Node1652*)",1337,2.2036494920422576,1.8895595002038741,c2
"(Eukaryota_Opisthokonta_Nucletmycea_Fungi_Dikarya_Ascomycota_Saccharomycotina_Saccharomycetes_Saccharomycetales_Saccharomyces_cerevisiae_baker_s_yeast, Node1652*)",1342,7.9363343143912767e-17,1.8895595002038741,c2
"(Eukaryota_Opisthokonta_Nucletmycea_Fungi_Dikarya_Ascomycota_Saccharomycotina_Saccharomycetes_Saccharomycetales_Saccharomyces_cerevisiae_baker_s_yeast, Node1652*)",1358,-6.6074747005176399e-17,1.8895595002038741,c2
"(Eukaryota_Opisthokonta_Nucletmycea_Fungi_Dikarya_Ascomycota_Saccharomycotina_Saccharomycetes_Saccharomycetales_Saccharomyces_cerevisiae_baker_s_yeast, Node1652*)",1360,9.4340323692026932e-17,1.8895595002038741,c2
"(Eukaryota_Opisthokonta_Nucletmycea_Fungi_Dikarya_Ascomycota_Saccharomycotina_Saccharomycetes_Saccharomycetales_Saccharomyces_cerevisiae_baker_s_yeast, Node1652*)",1378,-2.1198961924076153e-16,1.8895595002038741,c2
"(Eukaryota_Opisthokonta_Nucletmycea_Fungi_Dikarya_Ascomycota_Saccharomycotina_Saccharomycetes_Saccharomycetales_Saccharomyces_cerevisiae_baker_s_yeast, Node1652*)",1381,2.9747327073946592,1.8895595002038741,c2
"(Eukaryota_Opisthokonta_Nucletmycea_Fungi_Dikarya_Ascomycota_Saccharomycotina_Saccharomycetes_Saccharomycetales_Saccharomyces_cerevisiae_baker_s_yeast, Node1652*)",1385,3.3459213213490626,1.8895595002038741,c2
"(Eukaryota_Opisthokonta_Nucletmycea_Fungi_Dikarya_Ascomycota_Saccharomycotina_Saccharomycetes_Saccharomycetales_Saccharomyces_cerevisiae_baker_s_yeast, Node1652*)",1404,2.2036494920422576,1.8895595002038741,c2
"(Eukaryota_Opisthokonta_Nucletmycea_Fungi_Dikarya_Ascomycota_Saccharomycotina_Saccharomycetes_Saccharomycetales_Saccharomyces_cerevisiae_baker_s_yeast, Node1652*)",1405,-1.9624501949133144e-16,1.8895595002038741,c2
"(Eukaryota_Opisthokonta_Nucletmycea_Fungi_Dikarya_Ascomycota_Saccharomycotina_Saccharomycetes_Saccharomycetales_Saccharomyces_cerevisiae_baker_s_yeast, Node1652*)",1406,2.2036494920422576,1.8895595002038741,c2
"(Eukaryota_Opisthokonta_Nucletmycea_Fungi_Dikarya_Ascomycota_Saccharomycotina_Saccharomycetes_Saccharomycetales_Saccharomyces_cerevisiae_baker_s_yeast, Node1652*)",1407,2.2036494920422576,1.8895595002038741,c2
"(Eukaryota_Opisthokonta_Nucletmycea_Fungi_Dikarya_Ascomycota_Saccharomycotina_Saccharomycetes_Saccharomycetales_Saccharomyces_cerevisiae_baker_s_yeast, Node1652*)",1415,2.2036494920422576,1.8895595002038741,c2
"(Eukaryota_Opisthokonta_Nucletmycea_Fungi_Dikarya_Ascomycota_Saccharomycotina_Saccharomycetes_Saccharomycetales_Saccharomyces_cerevisiae_baker_s_yeast, Node1652*)",1423,3.3459213213490626,1.8895595002038741,c2
"(Eukaryota_Opisthokonta_Nucletmycea_Fungi_Dikarya_Ascomycota_Saccharomycotina_Saccharomycetes_Saccharomycetales_Saccharomyces_cerevisiae_baker_s_yeast, Node1652*)",1439,2.2036494920422576,1.8895595002038741,c2
"(Eukaryota_Opisthokonta_Nucletmycea_Fungi_Dikarya_Ascomycota_Saccharomycotina_Saccharomycetes_Saccharomycetales_Saccharomyces_cerevisiae_baker_s_yeast, Node1652*)",1440,2.9747327073946592,1.8895595002038741,c2
"(Eukaryota_Opisthokonta_Nucletmycea_Fungi_Dikarya_Ascomycota_Saccharomycotina_Saccharomycetes_Saccharomycetales_Saccharomyces_cerevisiae_baker_s_yeast, Node1652*)",1445,-2.2719208277244053e-16,1.8895595002038741,c2
"(Eukaryota_Opisthokonta_Nucletmycea_Fungi_Dikarya_Ascomycota_Saccharomycotina_Saccharomycetes_Saccharomycetales_Saccharomyces_cerevisiae_baker_s_yeast, Node1652*)",1446,-2.2620673248024592e-16,1.8895595002038741,c2
"(Eukaryota_Opisthokonta_Nucletmycea_Fungi_Dikarya_Ascomycota_Saccharomycotina_Saccharomycetes_Saccharomycetales_Saccharomyces_cerevisiae_baker_s_yeast, Node1652*)",1450,3.3459213213490626,1.8895595002038741,c2
"(Eukaryota_Opisthokonta_Nucletmycea_Fungi_Dikarya_Ascomycota_Saccharomycotina_Saccharomycetes_Saccharomycetales_Saccharomyces_cerevisiae_baker_s_yeast, Node1652*)",1451,3.2042037345379872e-16,1.8895595002038741,c2
"(Eukaryota_Opisthokonta_Nucletmycea_Fungi_Dikarya_Ascomycota_Saccharomycotina_Saccharomycetes_Saccharomycetales_Saccharomyces_cerevisiae_baker_s_yeast, Node1652*)",1452,2.2036494920422576,1.8895595002038741,c2
"(Eukaryota_Opisthokonta_Nucletmycea_Fungi_Dikarya_Ascomycota_Saccharomycotina_Saccharomycetes_Saccharomycetales_Saccharomyces_cerevisiae_baker_s_yeast, Node1652*)",1453,3.3459213213490626,1.8895595002038741,c2
"(Eukaryota_Opisthokonta_Nucletmycea_Fungi_Dikarya_Ascomycota_Saccharomycotina_Saccharomycetes_Saccharomycetales_Saccharomyces_cerevisiae_baker_s_yeast, Node1652*)",1461,3.3459213213490626,1.8895595002038741,c2
"(Eukaryota_Opisthokonta_Nucletmycea_Fungi_Dikarya_Ascomycota_Saccharomycotina_Saccharomycetes_Saccharomycetales_Saccharomyces_cerevisiae_baker_s_yeast, Node1652*)",1462,2.2036494920422576,1.8895595002038741,c2
"(Eukaryota_Opisthokonta_Nucletmycea_Fungi_Dikarya_Ascomycota_Saccharomycotina_Saccharomycetes_Saccharomycetales_Saccharomyces_cerevisiae_baker_s_yeast, Node1652*)",1463,2.9747327073946592,1.8895595002038741,c2
"(Eukaryota_Opisthokonta_Nucletmycea_Fungi_Dikarya_Ascomycota_Saccharomycotina_Saccharomycetes_Saccharomycetales_Saccharomyces_cerevisiae_baker_s_yeast, Node1652*)",1464,-2.2440239947331758e-16,1.8895595002038741,c2
"(Eukaryota_Opisthokonta_Nucletmycea_Fungi_Dikarya_Ascomycota_Saccharomycotina_Saccharomycetes_Saccharomycetales_Saccharomyces_cerevisiae_baker_s_yeast, Node1652*)",1480,2.9747327073946592,1.8895595002038741,c2
"(Eukaryota_Opisthokonta_Nucletmycea_Fungi_Dikarya_Ascomycota_Saccharomycotina_Saccharomycetes_Saccharomycetales_Saccharomyces_cerevisiae_baker_s_yeast, Node1652*)",1488,2.9747327073946592,1.8895595002038741,c2
"(Eukaryota_Opisthokonta_Nucletmycea_Fungi_Dikarya_Ascomycota_Saccharomycotina_Saccharomycetes_Saccharomycetales_Saccharomyces_cerevisiae_baker_s_yeast, Node1652*)",1489,2.9747327073946592,1.8895595002038741,c2
"(Eukaryota_Opisthokonta_Nucletmycea_Fungi_Dikarya_Ascomycota_Saccharomycotina_Saccharomycetes_Saccharomycetales_Saccharomyces_cerevisiae_baker_s_yeast, Node1652*)",1493,2.2036494920422576,1.8895595002038741,c2
"(Eukaryota_Opisthokonta_Nucletmycea_Fungi_Dikarya_Ascomycota_Saccharomycotina_Saccharomycetes_Saccharomycetales_Saccharomyces_cerevisiae_baker_s_yeast, Node1652*)",1494,-2.4086381889380746e-16,1.8895595002038741,c2
"(Eukaryota_Opisthokonta_Nucletmycea_Fungi_Dikarya_Ascomycota_Saccharomycotina_Saccharomycetes_Saccharomycetales_Saccharomyces_cerevisiae_baker_s_yeast, Node1652*)",1497,-1.8332365497689394e-16,1.8895595002038741,c2
"(Eukaryota_Opisthokonta_Nucletmycea_Fungi_Dikarya_Ascomycota_Saccharomycotina_Saccharomycetes_Saccharomycetales_Saccharomyces_cerevisiae_baker_s_yeast, Node1652*)",1499,-2.3083363292134918e-16,1.8895595002038741,c2
"(Eukaryota_Opisthokonta_Nucletmycea_Fungi_Dikarya_Ascomycota_Saccharomycotina_Saccharomycetes_Saccharomycetales_Saccharomyces_cerevisiae_baker_s_yeast, Node1652*)",1514,1.0602306784497153e-16,1.8895595002038741,c2
"(Eukaryota_Opisthokonta_Nucletmycea_Fungi_Dikarya_Ascomycota_Saccharomycotina_Saccharomycetes_Saccharomycetales_Saccharomyces_cerevisiae_baker_s_yeast, Node1652*)",1517,6.638489156134533e-17,1.8895595002038741,c2
"(Eukaryota_Opisthokonta_Nucletmycea_Fungi_Dikarya_Ascomycota_Saccharomycotina_Saccharomycetes_Saccharomycetales_Saccharomyces_cerevisiae_baker_s_yeast, Node1652*)",1522,2.9747327055416903,1.8895595002038741,c2
"(Eukaryota_Opisthokonta_Nucletmycea_Fungi_Dikarya_Ascomycota_Saccharomycotina_Saccharomycetes_Saccharomycetales_Saccharomyces_cerevisiae_baker_s_yeast, Node1652*)",1524,3.021731063197192e-16,1.8895595002038741,c2
"(Eukaryota_Opisthokonta_Nucletmycea_Fungi_Dikarya_Ascomycota_Saccharomycotina_Saccharomycetes_Saccharomycetales_Saccharomyces_cerevisiae_baker_s_yeast, Node1652*)",1527,3.0372055706821366e-16,1.8895595002038741,c2
"(Eukaryota_Opisthokonta_Nucletmycea_Fungi_Dikarya_Ascomycota_Saccharomycotina_Saccharomycetes_Saccharomycetales_Saccharomyces_cerevisiae_baker_s_yeast, Node1652*)",1528,2.2828609961381345e-17,1.8895595002038741,c2
"(Eukaryota_Opisthokonta_Nucletmycea_Fungi_Dikarya_Ascomycota_Saccharomycotina_Saccharomycetes_Saccharomycetales_Saccharomyces_cerevisiae_baker_s_yeast, Node1652*)",1534,2.2036494920422576,1.8895595002038741,c2
"(Eukaryota_Opisthokonta_Nucletmycea_Fungi_Dikarya_Ascomycota_Saccharomycotina_Saccharomycetes_Saccharomycetales_Saccharomyces_cerevisiae_baker_s_yeast, Node1652*)",1537,3.2509124317273377e-16,1.8895595002038741,c2
"(Eukaryota_Opisthokonta_Nucletmycea_Fungi_Dikarya_Ascomycota_Saccharomycotina_Saccharomycetes_Saccharomycetales_Saccharomyces_cerevisiae_baker_s_yeast, Node1652*)",1539,-2.1604197647519065e-16,1.8895595002038741,c2
"(Eukaryota_Opisthokonta_Nucletmycea_Fungi_Dikarya_Ascomycota_Saccharomycotina_Saccharomycetes_Saccharomycetales_Saccharomyces_cerevisiae_baker_s_yeast, Node1652*)",1540,3.3459213213490626,1.8895595002038741,c2
"(Eukaryota_Opisthokonta_Nucletmycea_Fungi_Dikarya_Ascomycota_Saccharomycotina_Saccharomycetes_Saccharomycetales_Saccharomyces_cerevisiae_baker_s_yeast, Node1652*)",1544,3.2730370889344251e-16,1.8895595002038741,c2
"(Eukaryota_Opisthokonta_Nucletmycea_Fungi_Dikarya_Ascomycota_Saccharomycotina_Saccharomycetes_Saccharomycetales_Saccharomyces_cerevisiae_baker_s_yeast, Node1652*)",1545,3.2891663048202694e-16,1.8895595002038741,c2
"(Eukaryota_Opisthokonta_Nucletmycea_Fungi_Dikarya_Ascomycota_Saccharomycotina_Saccharomycetes_Saccharomycetales_Saccharomyces_cerevisiae_baker_s_yeast, Node1652*)",1547,2.9747327073946592,1.8895595002038741,c2
"(Eukaryota_Opisthokonta_Nucletmycea_Fungi_Dikarya_Ascomycota_Saccharomycotina_Saccharomycetes_Saccharomycetales_Saccharomyces_cerevisiae_baker_s_yeast, Node1652*)",1548,2.9747327073946592,1.8895595002038741,c2
"(Eukaryota_Opisthokonta_Nucletmycea_Fungi_Dikarya_Ascomycota_Saccharomycotina_Saccharomycetes_Saccharomycetales_Saccharomyces_cerevisiae_baker_s_yeast, Node1652*)",1552,2.2036494920422576,1.8895595002038741,c2
"(Eukaryota_Opisthokonta_Nucletmycea_Fungi_Dikarya_Ascomycota_Saccharomycotina_Saccharomycetes_Saccharomycetales_Saccharomyces_cerevisiae_baker_s_yeast, Node1652*)",1554,2.9747327073946592,1.8895595002038741,c2
"(Eukaryota_Opisthokonta_Nucletmycea_Fungi_Dikarya_Ascomycota_Saccharomycotina_Saccharomycetes_Saccharomycetales_Saccharomyces_cerevisiae_baker_s_yeast, Node1652*)",1563,-2.2727707825637261e-16,1.8895595002038741,c2
"(Eukaryota_Opisthokonta_Nucletmycea_Fungi_Dikarya_Ascomycota_Saccharomycotina_Saccharomycetes_Saccharomycetales_Saccharomyces_cerevisiae_baker_s_yeast, Node1652*)",1564,2.2036494920422576,1.8895595002038741,c2
"(Eukaryota_Opisthokonta_Nucletmycea_Fungi_Dikarya_Ascomycota_Saccharomycotina_Saccharomycetes_Saccharomycetales_Saccharomyces_cerevisiae_baker_s_yeast, Node1652*)",1568,3.3459213213490626,1.8895595002038741,c2
"(Eukaryota_Opisthokonta_Nucletmycea_Fungi_Dikarya_Ascomycota_Saccharomycotina_Saccharomycetes_Saccharomycetales_Saccharomyces_cerevisiae_baker_s_yeast, Node1652*)",1569,2.9747327073946592,1.8895595002038741,c2
"(Eukaryota_Opisthokonta_Nucletmycea_Fungi_Dikarya_Ascomycota_Saccharomycotina_Saccharomycetes_Saccharomycetales_Saccharomyces_cerevisiae_baker_s_yeast, Node1652*)",1571,-2.3548436059905065e-16,1.8895595002038741,c2
"(Eukaryota_Opisthokonta_Nucletmycea_Fungi_Dikarya_Ascomycota_Saccharomycotina_Saccharomycetes_Saccharomycetales_Saccharomyces_cerevisiae_baker_s_yeast, Node1652*)",1577,2.2036494920422576,1.8895595002038741,c2
"(Eukaryota_Opisthokonta_Nucletmycea_Fungi_Dikarya_Ascomycota_Saccharomycotina_Saccharomycetes_Saccharomycetales_Saccharomyces_cerevisiae_baker_s_yeast, Node1652*)",1580,-1.499958190437214e-16,1.8895595002038741,c2
"(Eukaryota_Opisthokonta_Nucletmycea_Fungi_Dikarya_Ascomycota_Saccharomycotina_Saccharomycetes_Saccharomycetales_Saccharomyces_cerevisiae_baker_s_yeast, Node1652*)",1581,6.3731386007895456e-17,1.8895595002038741,c2
"(Eukaryota_Opisthokonta_Nucletmycea_Fungi_Dikarya_Ascomycota_Saccharomycotina_Saccharomycetes_Saccharomycetales_Saccharomyces_cerevisiae_baker_s_yeast, Node1652*)",1584,-0.99871182141420989,1.8895595002038741,c2
"(Eukaryota_Opisthokonta_Nucletmycea_Fungi_Dikarya_Ascomycota_Saccharomycotina_Saccharomycetes_Saccharomycetales_Saccharomyces_cerevisiae_baker_s_yeast, Node1652*)",1588,3.3459213213490626,1.8895595002038741,c2
"(Eukaryota_Opisthokonta_Nucletmycea_Fungi_Dikarya_Ascomycota_Saccharomycotina_Saccharomycetes_Saccharomycetales_Saccharomyces_cerevisiae_baker_s_yeast, Node1652*)",1591,-2.126782270184468e-16,1.8895595002038741,c2
"(Eukaryota_Opisthokonta_Nucletmycea_Fungi_Dikarya_Ascomycota_Saccharomycotina_Saccharomycetes_Saccharomycetales_Saccharomyces_cerevisiae_baker_s_yeast, Node1652*)",1594,2.2036494920422576,1.8895595002038741,c2
"(Eukaryota_Opisthokonta_Nucletmycea_Fungi_Dikarya_Ascomycota_Saccharomycotina_Saccharomycetes_Saccharomycetales_Saccharomyces_cerevisiae_baker_s_yeast, Node1652*)",1596,3.3459213213490626,1.8895595002038741,c2
"(Eukaryota_Opisthokonta_Nucletmycea_Fungi_Dikarya_Ascomycota_Saccharomycotina_Saccharomycetes_Saccharomycetales_Saccharomyces_cerevisiae_baker_s_yeast, Node1652*)",1597,2.2036494920422576,1.8895595002038741,c2
"(Eukaryota_Opisthokonta_Nucletmycea_Fungi_Dikarya_Ascomycota_Saccharomycotina_Saccharomycetes_Saccharomycetales_Saccharomyces_cerevisiae_baker_s_yeast, Node1652*)",1599,-2.1375263778233969e-16,1.8895595002038741,c2
"(Eukaryota_Opisthokonta_Nucletmycea_Fungi_Dikarya_Ascomycota_Saccharomycotina_Saccharomycetes_Saccharomycetales_Saccharomyces_cerevisiae_baker_s_yeast, Node1652*)",1601,-2.2250148896903679e-16,1.8895595002038741,c2
"(Eukaryota_Opisthokonta_Nucletmycea_Fungi_Dikarya_Ascomycota_Saccharomycotina_Saccharomycetes_Saccharomycetales_Saccharomyces_cerevisiae_baker_s_yeast, Node1652*)",1606,3.3459213213490626,1.8895595002038741,c2
"(Eukaryota_Opisthokonta_Nucletmycea_Fungi_Dikarya_Ascomycota_Saccharomycotina_Saccharomycetes_Saccharomycetales_Saccharomyces_cerevisiae_baker_s_yeast, Node1652*)",1613,2.2036494920422576,1.8895595002038741,c2
"(Eukaryota_Opisthokonta_Nucletmycea_Fungi_Dikarya_Ascomycota_Saccharomycotina_Saccharomycetes_Saccharomycetales_Saccharomyces_cerevisiae_baker_s_yeast, Node1652*)",1615,2.2036494920422576,1.8895595002038741,c2
"(Eukaryota_Opisthokonta_Nucletmycea_Fungi_Dikarya_Ascomycota_Saccharomycotina_Saccharomycetes_Saccharomycetales_Saccharomyces_cerevisiae_baker_s_yeast, Node1652*)",1616,-2.4101676331406325e-16,1.8895595002038741,c2
"(Eukaryota_Opisthokonta_Nucletmycea_Fungi_Dikarya_Ascomycota_Saccharomycotina_Saccharomycetes_Saccharomycetales_Saccharomyces_cerevisiae_baker_s_yeast, Node1652*)",1624,2.9747327073946592,1.8895595002038741,c2
"(Eukaryota_Opisthokonta_Nucletmycea_Fungi_Dikarya_Ascomycota_Saccharomycotina_Saccharomycetes_Saccharomycetales_Saccharomyces_cerevisiae_baker_s_yeast, Node1652*)",1630,3.3459213213490626,1.8895595002038741,c2
"(Eukaryota_Opisthokonta_Nucletmycea_Fungi_Dikarya_Ascomycota_Saccharomycotina_Saccharomycetes_Saccharomycetales_Saccharomyces_cerevisiae_baker_s_yeast, Node1652*)",1635,2.2036494920422576,1.8895595002038741,c2
"(Eukaryota_Opisthokonta_Nucletmycea_Fungi_Dikarya_Ascomycota_Saccharomycotina_Saccharomycetes_Saccharomycetales_Saccharomyces_cerevisiae_baker_s_yeast, Node1652*)",1643,3.3459213213490626,1.8895595002038741,c2
"(Eukaryota_Opisthokonta_Nucletmycea_Fungi_Dikarya_Ascomycota_Saccharomycotina_Saccharomycetes_Saccharomycetales_Saccharomyces_cerevisiae_baker_s_yeast, Node1652*)",1646,-1.2451478053915364e-16,1.8895595002038741,c2
"(Eukaryota_Opisthokonta_Nucletmycea_Fungi_Dikarya_Ascomycota_Saccharomycotina_Saccharomycetes_Saccharomycetales_Saccharomyces_cerevisiae_baker_s_yeast, Node1652*)",1660,-2.561279556958763e-16,1.8895595002038741,c2
"(Eukaryota_Opisthokonta_Nucletmycea_Fungi_Dikarya_Ascomycota_Saccharomycotina_Saccharomycetes_Saccharomycetales_Saccharomyces_cerevisiae_baker_s_yeast, Node1652*)",1665,2.9747327073946592,1.8895595002038741,c2
"(Eukaryota_Opisthokonta_Nucletmycea_Fungi_Dikarya_Ascomycota_Saccharomycotina_Saccharomycetes_Saccharomycetales_Saccharomyces_cerevisiae_baker_s_yeast, Node1652*)",1667,-1.9094550084887599e-16,1.8895595002038741,c2
"(Eukaryota_Opisthokonta_Nucletmycea_Fungi_Dikarya_Ascomycota_Saccharomycotina_Saccharomycetes_Saccharomycetales_Saccharomyces_cerevisiae_baker_s_yeast, Node1652*)",1684,3.2291130906098456e-16,1.8895595002038741,c2
"(Eukaryota_Opisthokonta_Nucletmycea_Fungi_Dikarya_Ascomycota_Saccharomycotina_Saccharomycetes_Saccharomycetales_Saccharomyces_cerevisiae_baker_s_yeast, Node1652*)",1686,3.3459213213490626,1.8895595002038741,c2
"(Eukaryota_Opisthokonta_Nucletmycea_Fungi_Dikarya_Ascomycota_Saccharomycotina_Saccharomycetes_Saccharomycetales_Saccharomyces_cerevisiae_baker_s_yeast, Node1652*)",1688,2.2036494920422576,1.8895595002038741,c2
"(Eukaryota_Opisthokonta_Nucletmycea_Fungi_Dikarya_Ascomycota_Saccharomycotina_Saccharomycetes_Saccharomycetales_Saccharomyces_cerevisiae_baker_s_yeast, Node1652*)",1690,2.2036494920422576,1.8895595002038741,c2
"(Eukaryota_Opisthokonta_Nucletmycea_Fungi_Dikarya_Ascomycota_Saccharomycotina_Saccharomycetes_Saccharomycetales_Saccharomyces_cerevisiae_baker_s_yeast, Node1652*)",1698,3.3459213213490626,1.8895595002038741,c2
"(Eukaryota_Opisthokonta_Nucletmycea_Fungi_Dikarya_Ascomycota_Saccharomycotina_Saccharomycetes_Saccharomycetales_Saccharomyces_cerevisiae_baker_s_yeast, Node1652*)",1699,2.9747327073946592,1.8895595002038741,c2
"(Eukaryota_Opisthokonta_Nucletmycea_Fungi_Dikarya_Ascomycota_Saccharomycotina_Saccharomycetes_Saccharomycetales_Saccharomyces_cerevisiae_baker_s_yeast, Node1652*)",1703,-2.4006791412485413e-16,1.8895595002038741,c2
"(Eukaryota_Opisthokonta_Nucletmycea_Fungi_Dikarya_Ascomycota_Saccharomycotina_Saccharomycetes_Saccharomycetales_Saccharomyces_cerevisiae_baker_s_yeast, Node1652*)",1706,-2.1151133719066961e-16,1.8895595002038741,c2
"(Eukaryota_Opisthokonta_Nucletmycea_Fungi_Dikarya_Ascomycota_Saccharomycotina_Saccharomycetes_Saccharomycetales_Saccharomyces_cerevisiae_baker_s_yeast, Node1652*)",1707,-2.1829559003291034e-16,1.8895595002038741,c2
"(Eukaryota_Opisthokonta_Nucletmycea_Fungi_Dikarya_Ascomycota_Saccharomycotina_Saccharomycetes_Saccharomycetales_Saccharomyces_cerevisiae_baker_s_yeast, Node1652*)",1708,2.9747327073944119,1.8895595002038741,c2
"(Eukaryota_Opisthokonta_Nucletmycea_Fungi_Dikarya_Ascomycota_Saccharomycotina_Saccharomycetes_Saccharomycetales_Saccharomyces_cerevisiae_baker_s_yeast, Node1652*)",1711,2.2036494920422576,1.8895595002038741,c2
"(Eukaryota_Opisthokonta_Nucletmycea_Fungi_Dikarya_Ascomycota_Saccharomycotina_Saccharomycetes_Saccharomycetales_Saccharomyces_cerevisiae_baker_s_yeast, Node1652*)",1728,-2.3942132100117815e-16,1.8895595002038741,c2
"(Eukaryota_Opisthokonta_Nucletmycea_Fungi_Dikarya_Ascomycota_Saccharomycotina_Saccharomycetes_Saccharomycetales_Saccharomyces_cerevisiae_baker_s_yeast, Node1652*)",1729,3.3459213213490626,1.8895595002038741,c2
"(Eukaryota_Opisthokonta_Nucletmycea_Fungi_Dikarya_Ascomycota_Saccharomycotina_Saccharomycetes_Saccharomycetales_Saccharomyces_cerevisiae_baker_s_yeast, Node1652*)",1737,2.2036494920422576,1.8895595002038741,c2
"(Eukaryota_Opisthokonta_Nucletmycea_Fungi_Dikarya_Ascomycota_Saccharomycotina_Saccharomycetes_Saccharomycetales_Saccharomyces_cerevisiae_baker_s_yeast, Node1652*)",1743,2.2036494920422576,1.8895595002038741,c2
"(Eukaryota_Opisthokonta_Nucletmycea_Fungi_Dikarya_Ascomycota_Saccharomycotina_Saccharomycetes_Saccharomycetales_Saccharomyces_cerevisiae_baker_s_yeast, Node1652*)",1747,-2.2626551612966168e-16,1.8895595002038741,c2
"(Eukaryota_Opisthokonta_Nucletmycea_Fungi_Dikarya_Ascomycota_Saccharomycotina_Saccharomycetes_Saccharomycetales_Saccharomyces_cerevisiae_baker_s_yeast, Node1652*)",1748,-1.5006335136695854e-16,1.8895595002038741,c2
"(Eukaryota_Opisthokonta_Nucletmycea_Fungi_Dikarya_Ascomycota_Saccharomycotina_Saccharomycetes_Saccharomycetales_Saccharomyces_cerevisiae_baker_s_yeast, Node1652*)",1752,3.3459213213490626,1.8895595002038741,c2
"(Eukaryota_Opisthokonta_Nucletmycea_Fungi_Dikarya_Ascomycota_Saccharomycotina_Saccharomycetes_Saccharomycetales_Saccharomyces_cerevisiae_baker_s_yeast, Node1652*)",1758,-2.3031088065866585e-16,1.8895595002038741,c2
"(Eukaryota_Opisthokonta_Nucletmycea_Fungi_Dikarya_Ascomycota_Saccharomycotina_Saccharomycetes_Saccharomycetales_Saccharomyces_cerevisiae_baker_s_yeast, Node1652*)",1764,2.9747327073946592,1.8895595002038741,c2
"(Eukaryota_Opisthokonta_Nucletmycea_Fungi_Dikarya_Ascomycota_Saccharomycotina_Saccharomycetes_Saccharomycetales_Saccharomyces_cerevisiae_baker_s_yeast, Node1652*)",1774,3.3459213213490626,1.8895595002038741,c2
"(Eukaryota_Opisthokonta_Nucletmycea_Fungi_Dikarya_Ascomycota_Saccharomycotina_Saccharomycetes_Saccharomycetales_Saccharomyces_cerevisiae_baker_s_yeast, Node1652*)",1775,3.3459213213490626,1.8895595002038741,c2
"(Eukaryota_Opisthokonta_Nucletmycea_Fungi_Dikarya_Ascomycota_Saccharomycotina_Saccharomycetes_Saccharomycetales_Saccharomyces_cerevisiae_baker_s_yeast, Node1652*)",1796,3.3459213213490626,1.8895595002038741,c2
"(Eukaryota_Opisthokonta_Nucletmycea_Fungi_Dikarya_Ascomycota_Saccharomycotina_Saccharomycetes_Saccharomycetales_Saccharomyces_cerevisiae_baker_s_yeast, Node1652*)",1797,3.0593107786205859e-16,1.8895595002038741,c2
"(Eukaryota_Opisthokonta_Nucletmycea_Fungi_Dikarya_Ascomycota_Saccharomycotina_Saccharomycetes_Saccharomycetales_Saccharomyces_cerevisiae_baker_s_yeast, Node1652*)",1798,2.9747327073946592,1.8895595002038741,c2
"(Eukaryota_Opisthokonta_Nucletmycea_Fungi_Dikarya_Ascomycota_Saccharomycotina_Saccharomycetes_Saccharomycetales_Saccharomyces_cerevisiae_baker_s_yeast, Node1652*)",1799,2.2036494920422576,1.8895595002038741,c2
"(Eukaryota_Opisthokonta_Nucletmycea_Fungi_Dikarya_Ascomycota_Saccharomycotina_Saccharomycetes_Saccharomycetales_Saccharomyces_cerevisiae_baker_s_yeast, Node1652*)",1801,2.9747327073946592,1.8895595002038741,c2
"(Eukaryota_Opisthokonta_Nucletmycea_Fungi_Dikarya_Ascomycota_Saccharomycotina_Saccharomycetes_Saccharomycetales_Saccharomyces_cerevisiae_baker_s_yeast, Node1652*)",1802,3.3459213213490626,1.8895595002038741,c2
"(Eukaryota_Opisthokonta_Nucletmycea_Fungi_Dikarya_Ascomycota_Saccharomycotina_Saccharomycetes_Saccharomycetales_Saccharomyces_cerevisiae_baker_s_yeast, Node1652*)",1803,3.3459213213490626,1.8895595002038741,c2
"(Eukaryota_Opisthokonta_Nucletmycea_Fungi_Dikarya_Ascomycota_Saccharomycotina_Saccharomycetes_Saccharomycetales_Saccharomyces_cerevisiae_baker_s_yeast, Node1652*)",1807,-2.1505142259452253e-16,1.8895595002038741,c2
"(Eukaryota_Opisthokonta_Nucletmycea_Fungi_Dikarya_Ascomycota_Saccharomycotina_Saccharomycetes_Saccharomycetales_Saccharomyces_cerevisiae_baker_s_yeast, Node1652*)",1808,2.2036494920422576,1.8895595002038741,c2
"(Eukaryota_Opisthokonta_Nucletmycea_Fungi_Dikarya_Ascomycota_Saccharomycotina_Saccharomycetes_Saccharomycetales_Saccharomyces_cerevisiae_baker_s_yeast, Node1652*)",1817,2.9747327073946592,1.8895595002038741,c2
"(Eukaryota_Opisthokonta_Nucletmycea_Fungi_Dikarya_Ascomycota_Saccharomycotina_Saccharomycetes_Saccharomycetales_Saccharomyces_cerevisiae_baker_s_yeast, Node1652*)",1818,2.2036494920422576,1.8895595002038741,c2
"(Eukaryota_Opisthokonta_Nucletmycea_Fungi_Dikarya_Ascomycota_Saccharomycotina_Saccharomycetes_Saccharomycetales_Saccharomyces_cerevisiae_baker_s_yeast, Node1652*)",1819,5.5440535360283465e-17,1.8895595002038741,c2
"(Eukaryota_Opisthokonta_Nucletmycea_Fungi_Dikarya_Ascomycota_Saccharomycotina_Saccharomycetes_Saccharomycetales_Saccharomyces_cerevisiae_baker_s_yeast, Node1652*)",1820,2.2036494920422576,1.8895595002038741,c2
"(Eukaryota_Opisthokonta_Nucletmycea_Fungi_Dikarya_Ascomycota_Saccharomycotina_Saccharomycetes_Saccharomycetales_Saccharomyces_cerevisiae_baker_s_yeast, Node1652*)",1822,7.1193699163474187e-17,1.8895595002038741,c2
"(Eukaryota_Opisthokonta_Nucletmycea_Fungi_Dikarya_Ascomycota_Saccharomycotina_Saccharomycetes_Saccharomycetales_Saccharomyces_cerevisiae_baker_s_yeast, Node1652*)",1823,2.2036494920422576,1.8895595002038741,c2
"(Eukaryota_Opisthokonta_Nucletmycea_Fungi_Dikarya_Ascomycota_Saccharomycotina_Saccharomycetes_Saccharomycetales_Saccharomyces_cerevisiae_baker_s_yeast, Node1652*)",1834,6.6717246593753257e-17,1.8895595002038741,c2
"(Eukaryota_Opisthokonta_Nucletmycea_Fungi_Dikarya_Ascomycota_Saccharomycotina_Saccharomycetes_Saccharomycetales_Saccharomyces_cerevisiae_baker_s_yeast, Node1652*)",1835,2.9703096087732908e-16,1.8895595002038741,c2
"(Eukaryota_Opisthokonta_Nucletmycea_Fungi_Dikarya_Ascomycota_Saccharomycotina_Saccharomycetes_Saccharomycetales_Saccharomyces_cerevisiae_baker_s_yeast, Node1652*)",1836,-2.2695870178994643e-16,1.8895595002038741,c2
"(Eukaryota_Opisthokonta_Nucletmycea_Fungi_Dikarya_Ascomycota_Saccharomycotina_Saccharomycetes_Saccharomycetales_Saccharomyces_cerevisiae_baker_s_yeast, Node1652*)",1873,2.9747327073946592,1.8895595002038741,c2
"(Eukaryota_Opisthokonta_Nucletmycea_Fungi_Dikarya_Ascomycota_Saccharomycotina_Saccharomycetes_Saccharomycetales_Saccharomyces_cerevisiae_baker_s_yeast, Node1652*)",1884,3.3459213213490626,1.8895595002038741,c2
"(Eukaryota_Opisthokonta_Nucletmycea_Fungi_Dikarya_Ascomycota_Saccharomycotina_Saccharomycetes_Saccharomycetales_Saccharomyces_cerevisiae_baker_s_yeast, Node1652*)",1887,2.9747327073946592,1.8895595002038741,c2
"(Eukaryota_Opisthokonta_Nucletmycea_Fungi_Dikarya_Ascomycota_Saccharomycotina_Saccharomycetes_Saccharomycetales_Saccharomyces_cerevisiae_baker_s_yeast, Node1652*)",1888,3.3459213213490626,1.8895595002038741,c2
"(Eukaryota_Opisthokonta_Nucletmycea_Fungi_Dikarya_Ascomycota_Saccharomycotina_Saccharomycetes_Saccharomycetales_Saccharomyces_cerevisiae_baker_s_yeast, Node1652*)",1889,-1.9100925294927767e-16,1.8895595002038741,c2
"(Eukaryota_Opisthokonta_Nucletmycea_Fungi_Dikarya_Ascomycota_Saccharomycotina_Saccharomycetes_Saccharomycetales_Saccharomyces_cerevisiae_baker_s_yeast, Node1652*)",1890,-2.2724935662367016e-16,1.8895595002038741,c2
"(Eukaryota_Opisthokonta_Nucletmycea_Fungi_Dikarya_Ascomycota_Saccharomycotina_Saccharomycetes_Saccharomycetales_Saccharomyces_cerevisiae_baker_s_yeast, Node1652*)",1899,2.9747327073946592,1.8895595002038741,c2
"(Eukaryota_Opisthokonta_Nucletmycea_Fungi_Dikarya_Ascomycota_Saccharomycotina_Saccharomycetes_Saccharomycetales_Saccharomyces_cerevisiae_baker_s_yeast, Node1652*)",1902,2.2036494920422576,1.8895595002038741,c2
"(Eukaryota_Opisthokonta_Nucletmycea_Fungi_Dikarya_Ascomycota_Saccharomycotina_Saccharomycetes_Saccharomycetales_Saccharomyces_cerevisiae_baker_s_yeast, Node1652*)",1903,2.2036494920422576,1.8895595002038741,c2
"(Eukaryota_Opisthokonta_Nucletmycea_Fungi_Dikarya_Ascomycota_Saccharomycotina_Saccharomycetes_Saccharomycetales_Saccharomyces_cerevisiae_baker_s_yeast, Node1652*)",1904,2.9747327073946592,1.8895595002038741,c2
"(Eukaryota_Opisthokonta_Nucletmycea_Fungi_Dikarya_Ascomycota_Saccharomycotina_Saccharomycetes_Saccharomycetales_Saccharomyces_cerevisiae_baker_s_yeast, Node1652*)",1905,2.9747327073946592,1.8895595002038741,c2
"(Eukaryota_Opisthokonta_Nucletmycea_Fungi_Dikarya_Ascomycota_Saccharomycotina_Saccharomycetes_Saccharomycetales_Saccharomyces_cerevisiae_baker_s_yeast, Node1652*)",1906,3.3459213213490626,1.8895595002038741,c2
"(Eukaryota_Opisthokonta_Nucletmycea_Fungi_Dikarya_Ascomycota_Saccharomycotina_Saccharomycetes_Saccharomycetales_Saccharomyces_cerevisiae_baker_s_yeast, Node1652*)",1907,-2.4390531851718881e-16,1.8895595002038741,c2
"(Eukaryota_Opisthokonta_Nucletmycea_Fungi_Dikarya_Ascomycota_Saccharomycotina_Saccharomycetes_Saccharomycetales_Saccharomyces_cerevisiae_baker_s_yeast, Node1652*)",1908,2.9747327073946592,1.8895595002038741,c2
"(Eukaryota_Opisthokonta_Nucletmycea_Fungi_Dikarya_Ascomycota_Saccharomycotina_Saccharomycetes_Saccharomycetales_Saccharomyces_cerevisiae_baker_s_yeast, Node1652*)",1909,2.9747327073946592,1.8895595002038741,c2
"(Eukaryota_Opisthokonta_Nucletmycea_Fungi_Dikarya_Ascomycota_Saccharomycotina_Saccharomycetes_Saccharomycetales_Saccharomyces_cerevisiae_baker_s_yeast, Node1652*)",1925,-2.2635443984182433e-16,1.8895595002038741,c2
"(Eukaryota_Opisthokonta_Nucletmycea_Fungi_Dikarya_Ascomycota_Saccharomycotina_Saccharomycetes_Saccharomycetales_Saccharomyces_cerevisiae_baker_s_yeast, Node1652*)",1926,3.395008034606401e-17,1.8895595002038741,c2
"(Eukaryota_Opisthokonta_Nucletmycea_Fungi_Dikarya_Ascomycota_Saccharomycotina_Saccharomycetes_Saccharomycetales_Saccharomyces_cerevisiae_baker_s_yeast, Node1652*)",1928,3.3459213213490617,1.8895595002038741,c2
"(Eukaryota_Opisthokonta_Nucletmycea_Fungi_Dikarya_Ascomycota_Saccharomycotina_Saccharomycetes_Saccharomycetales_Saccharomyces_cerevisiae_baker_s_yeast, Node1652*)",1929,2.203649492042258,1.8895595002038741,c2
"(Eukaryota_Opisthokonta_Nucletmycea_Fungi_Dikarya_Ascomycota_Saccharomycotina_Saccharomycetes_Saccharomycetales_Saccharomyces_cerevisiae_baker_s_yeast, Node1652*)",1932,2.203649492042258,1.8895595002038741,c2
"(Eukaryota_Opisthokonta_Nucletmycea_Fungi_Dikarya_Ascomycota_Saccharomycotina_Saccharomycetes_Saccharomycetales_Saccharomyces_cerevisiae_baker_s_yeast, Node1652*)",1933,2.203649492042258,1.8895595002038741,c2
"(Eukaryota_Opisthokonta_Nucletmycea_Fungi_Dikarya_Ascomycota_Saccharomycotina_Saccharomycetes_Saccharomycetales_Saccharomyces_cerevisiae_baker_s_yeast, Node1652*)",1934,3.064608437398587e-16,1.8895595002038741,c2
"(Eukaryota_Opisthokonta_Nucletmycea_Fungi_Dikarya_Ascomycota_Saccharomycotina_Saccharomycetes_Saccharomycetales_Saccharomyces_cerevisiae_baker_s_yeast, Node1652*)",1938,3.3459213213490617,1.8895595002038741,c2
"(Eukaryota_Opisthokonta_Nucletmycea_Fungi_Dikarya_Ascomycota_Saccharomycotina_Saccharomycetes_Saccharomycetales_Saccharomyces_cerevisiae_baker_s_yeast, Node1652*)",1939,3.3459213213490617,1.8895595002038741,c2
"(Eukaryota_Opisthokonta_Nucletmycea_Fungi_Dikarya_Ascomycota_Saccharomycotina_Saccharomycetes_Saccharomycetales_Saccharomyces_cerevisiae_baker_s_yeast, Node1652*)",1942,3.3459213213490617,1.8895595002038741,c2
"(Eukaryota_Opisthokonta_Nucletmycea_Fungi_Dikarya_Ascomycota_Saccharomycotina_Saccharomycetes_Saccharomycetales_Saccharomyces_cerevisiae_baker_s_yeast, Node1652*)",1943,2.203649492042258,1.8895595002038741,c2
"(Eukaryota_Opisthokonta_Nucletmycea_Fungi_Dikarya_Ascomycota_Saccharomycotina_Saccharomycetes_Saccharomycetales_Saccharomyces_cerevisiae_baker_s_yeast, Node1652*)",1944,2.203649492042258,1.8895595002038741,c2
"(Eukaryota_Opisthokonta_Nucletmycea_Fungi_Dikarya_Ascomycota_Saccharomycotina_Saccharomycetes_Saccharomycetales_Saccharomyces_cerevisiae_baker_s_yeast, Node1652*)",1945,2.9747327073946592,1.8895595002038741,c2
"(Eukaryota_Opisthokonta_Nucletmycea_Fungi_Dikarya_Ascomycota_Saccharomycotina_Saccharomycetes_Saccharomycetales_Saccharomyces_cerevisiae_baker_s_yeast, Node1652*)",1946,2.9747327073946592,1.8895595002038741,c2
"(Eukaryota_Opisthokonta_Nucletmycea_Fungi_Dikarya_Ascomycota_Saccharomycotina_Saccharomycetes_Saccharomycetales_Saccharomyces_cerevisiae_baker_s_yeast, Node1652*)",1947,2.203649492042258,1.8895595002038741,c2
