ALI_ID	TIME_STAMP	BRANCH_INDEX	BRANCH_TYPE	BL	SPLIT_SIZE
Faircloth_2013-dna_13680_orylat2_chr14_31599989_31600168	"2022-08-13 22:07:57"	1	e	0.0917072655	1
Faircloth_2013-dna_13680_orylat2_chr14_31599989_31600168	"2022-08-13 22:07:57"	2	e	0.0337053271	1
Faircloth_2013-dna_13680_orylat2_chr14_31599989_31600168	"2022-08-13 22:07:57"	3	e	0.0000023738	1
Faircloth_2013-dna_13680_orylat2_chr14_31599989_31600168	"2022-08-13 22:07:57"	4	e	0.0934100013	1
Faircloth_2013-dna_13680_orylat2_chr14_31599989_31600168	"2022-08-13 22:07:57"	5	e	0.0079029118	1
Faircloth_2013-dna_13680_orylat2_chr14_31599989_31600168	"2022-08-13 22:07:57"	6	e	0.0000010000	1
Faircloth_2013-dna_13680_orylat2_chr14_31599989_31600168	"2022-08-13 22:07:57"	7	e	0.0383922363	1
Faircloth_2013-dna_13680_orylat2_chr14_31599989_31600168	"2022-08-13 22:07:57"	8	e	0.0678056462	1
Faircloth_2013-dna_13680_orylat2_chr14_31599989_31600168	"2022-08-13 22:07:57"	9	e	0.0000010000	1
Faircloth_2013-dna_13680_orylat2_chr14_31599989_31600168	"2022-08-13 22:07:57"	10	e	0.0000010000	1
Faircloth_2013-dna_13680_orylat2_chr14_31599989_31600168	"2022-08-13 22:07:57"	11	e	0.0624911412	1
Faircloth_2013-dna_13680_orylat2_chr14_31599989_31600168	"2022-08-13 22:07:57"	12	e	0.0596789772	1
Faircloth_2013-dna_13680_orylat2_chr14_31599989_31600168	"2022-08-13 22:07:57"	13	e	0.0000010000	1
Faircloth_2013-dna_13680_orylat2_chr14_31599989_31600168	"2022-08-13 22:07:57"	14	e	0.0075604284	1
Faircloth_2013-dna_13680_orylat2_chr14_31599989_31600168	"2022-08-13 22:07:57"	15	e	0.0237815786	1
Faircloth_2013-dna_13680_orylat2_chr14_31599989_31600168	"2022-08-13 22:07:57"	16	e	0.0000010000	1
Faircloth_2013-dna_13680_orylat2_chr14_31599989_31600168	"2022-08-13 22:07:57"	17	i	0.0301552031	2
Faircloth_2013-dna_13680_orylat2_chr14_31599989_31600168	"2022-08-13 22:07:57"	18	i	0.0055251897	3
Faircloth_2013-dna_13680_orylat2_chr14_31599989_31600168	"2022-08-13 22:07:57"	19	i	0.0772579132	4
Faircloth_2013-dna_13680_orylat2_chr14_31599989_31600168	"2022-08-13 22:07:57"	20	i	0.0476870639	5
Faircloth_2013-dna_13680_orylat2_chr14_31599989_31600168	"2022-08-13 22:07:57"	21	i	0.0787223035	6
Faircloth_2013-dna_13680_orylat2_chr14_31599989_31600168	"2022-08-13 22:07:57"	22	i	0.0160950954	7
Faircloth_2013-dna_13680_orylat2_chr14_31599989_31600168	"2022-08-13 22:07:57"	23	i	0.0198134051	5
Faircloth_2013-dna_13680_orylat2_chr14_31599989_31600168	"2022-08-13 22:07:57"	24	i	0.0000023982	4
Faircloth_2013-dna_13680_orylat2_chr14_31599989_31600168	"2022-08-13 22:07:57"	25	i	0.0000010000	3
Faircloth_2013-dna_13680_orylat2_chr14_31599989_31600168	"2022-08-13 22:07:57"	26	i	0.0160071688	2
Faircloth_2013-dna_13680_orylat2_chr14_31599989_31600168	"2022-08-13 22:07:57"	27	i	0.0120504627	4
Faircloth_2013-dna_13680_orylat2_chr14_31599989_31600168	"2022-08-13 22:07:57"	28	i	0.0072058259	2
Faircloth_2013-dna_13680_orylat2_chr14_31599989_31600168	"2022-08-13 22:07:57"	29	i	0.0000010000	2
Faircloth_2013-dna_30405_orylat2_chr21_9535218_9535398	"2022-08-13 22:12:28"	1	e	0.0035246667	1
Faircloth_2013-dna_30405_orylat2_chr21_9535218_9535398	"2022-08-13 22:12:28"	2	e	0.0101809004	1
Faircloth_2013-dna_30405_orylat2_chr21_9535218_9535398	"2022-08-13 22:12:28"	3	e	0.1601901076	1
Faircloth_2013-dna_30405_orylat2_chr21_9535218_9535398	"2022-08-13 22:12:28"	4	e	0.0095221539	1
Faircloth_2013-dna_30405_orylat2_chr21_9535218_9535398	"2022-08-13 22:12:28"	5	e	0.0240284104	1
Faircloth_2013-dna_30405_orylat2_chr21_9535218_9535398	"2022-08-13 22:12:28"	6	e	0.0326543368	1
Faircloth_2013-dna_30405_orylat2_chr21_9535218_9535398	"2022-08-13 22:12:28"	7	e	0.0000010000	1
Faircloth_2013-dna_30405_orylat2_chr21_9535218_9535398	"2022-08-13 22:12:28"	8	e	0.0337055060	1
Faircloth_2013-dna_30405_orylat2_chr21_9535218_9535398	"2022-08-13 22:12:28"	9	e	0.0000010000	1
Faircloth_2013-dna_30405_orylat2_chr21_9535218_9535398	"2022-08-13 22:12:28"	10	e	0.0000010000	1
Faircloth_2013-dna_30405_orylat2_chr21_9535218_9535398	"2022-08-13 22:12:28"	11	e	0.0887191142	1
Faircloth_2013-dna_30405_orylat2_chr21_9535218_9535398	"2022-08-13 22:12:28"	12	e	0.0000010000	1
Faircloth_2013-dna_30405_orylat2_chr21_9535218_9535398	"2022-08-13 22:12:28"	13	e	0.0042534773	1
Faircloth_2013-dna_30405_orylat2_chr21_9535218_9535398	"2022-08-13 22:12:28"	14	e	0.0000010000	1
Faircloth_2013-dna_30405_orylat2_chr21_9535218_9535398	"2022-08-13 22:12:28"	15	e	0.0042529941	1
Faircloth_2013-dna_30405_orylat2_chr21_9535218_9535398	"2022-08-13 22:12:28"	16	e	0.0716711345	1
Faircloth_2013-dna_30405_orylat2_chr21_9535218_9535398	"2022-08-13 22:12:28"	17	i	0.0060076840	3
Faircloth_2013-dna_30405_orylat2_chr21_9535218_9535398	"2022-08-13 22:12:28"	18	i	0.0581465262	2
Faircloth_2013-dna_30405_orylat2_chr21_9535218_9535398	"2022-08-13 22:12:28"	19	i	0.0067107923	4
Faircloth_2013-dna_30405_orylat2_chr21_9535218_9535398	"2022-08-13 22:12:28"	20	i	0.0000020226	5
Faircloth_2013-dna_30405_orylat2_chr21_9535218_9535398	"2022-08-13 22:12:28"	21	i	0.0040363184	6
Faircloth_2013-dna_30405_orylat2_chr21_9535218_9535398	"2022-08-13 22:12:28"	22	i	0.0092112920	5
Faircloth_2013-dna_30405_orylat2_chr21_9535218_9535398	"2022-08-13 22:12:28"	23	i	0.0055799657	4
Faircloth_2013-dna_30405_orylat2_chr21_9535218_9535398	"2022-08-13 22:12:28"	24	i	0.0420385029	2
Faircloth_2013-dna_30405_orylat2_chr21_9535218_9535398	"2022-08-13 22:12:28"	25	i	0.0008157174	2
Faircloth_2013-dna_30405_orylat2_chr21_9535218_9535398	"2022-08-13 22:12:28"	26	i	0.0080273778	5
Faircloth_2013-dna_30405_orylat2_chr21_9535218_9535398	"2022-08-13 22:12:28"	27	i	0.0048941747	4
Faircloth_2013-dna_30405_orylat2_chr21_9535218_9535398	"2022-08-13 22:12:28"	28	i	0.0042379622	2
Faircloth_2013-dna_30405_orylat2_chr21_9535218_9535398	"2022-08-13 22:12:28"	29	i	0.0000010000	2
Faircloth_2013-dna_47078_orylat2_chr5_7437057_7437237	"2022-08-13 22:20:50"	1	e	0.0096701462	1
Faircloth_2013-dna_47078_orylat2_chr5_7437057_7437237	"2022-08-13 22:20:50"	2	e	0.1193841444	1
Faircloth_2013-dna_47078_orylat2_chr5_7437057_7437237	"2022-08-13 22:20:50"	3	e	0.0113899966	1
Faircloth_2013-dna_47078_orylat2_chr5_7437057_7437237	"2022-08-13 22:20:50"	4	e	0.0000010000	1
Faircloth_2013-dna_47078_orylat2_chr5_7437057_7437237	"2022-08-13 22:20:50"	5	e	0.0194254272	1
Faircloth_2013-dna_47078_orylat2_chr5_7437057_7437237	"2022-08-13 22:20:50"	6	e	0.0000024567	1
Faircloth_2013-dna_47078_orylat2_chr5_7437057_7437237	"2022-08-13 22:20:50"	7	e	0.0000010000	1
Faircloth_2013-dna_47078_orylat2_chr5_7437057_7437237	"2022-08-13 22:20:50"	8	e	0.0000010000	1
Faircloth_2013-dna_47078_orylat2_chr5_7437057_7437237	"2022-08-13 22:20:50"	9	e	0.0530631159	1
Faircloth_2013-dna_47078_orylat2_chr5_7437057_7437237	"2022-08-13 22:20:50"	10	e	0.0947098329	1
Faircloth_2013-dna_47078_orylat2_chr5_7437057_7437237	"2022-08-13 22:20:50"	11	e	0.0105099032	1
Faircloth_2013-dna_47078_orylat2_chr5_7437057_7437237	"2022-08-13 22:20:50"	12	e	0.0643976879	1
Faircloth_2013-dna_47078_orylat2_chr5_7437057_7437237	"2022-08-13 22:20:50"	13	e	0.0126372828	1
Faircloth_2013-dna_47078_orylat2_chr5_7437057_7437237	"2022-08-13 22:20:50"	14	e	0.0206511986	1
Faircloth_2013-dna_47078_orylat2_chr5_7437057_7437237	"2022-08-13 22:20:50"	15	e	0.0322787124	1
Faircloth_2013-dna_47078_orylat2_chr5_7437057_7437237	"2022-08-13 22:20:50"	16	e	0.0434894052	1
Faircloth_2013-dna_47078_orylat2_chr5_7437057_7437237	"2022-08-13 22:20:50"	17	i	0.0162991106	2
Faircloth_2013-dna_47078_orylat2_chr5_7437057_7437237	"2022-08-13 22:20:50"	18	i	0.0110167724	4
Faircloth_2013-dna_47078_orylat2_chr5_7437057_7437237	"2022-08-13 22:20:50"	19	i	0.1436801062	5
Faircloth_2013-dna_47078_orylat2_chr5_7437057_7437237	"2022-08-13 22:20:50"	20	i	0.0239169796	6
Faircloth_2013-dna_47078_orylat2_chr5_7437057_7437237	"2022-08-13 22:20:50"	21	i	0.0056198412	7
Faircloth_2013-dna_47078_orylat2_chr5_7437057_7437237	"2022-08-13 22:20:50"	22	i	0.0000024794	3
Faircloth_2013-dna_47078_orylat2_chr5_7437057_7437237	"2022-08-13 22:20:50"	23	i	0.0035752946	2
Faircloth_2013-dna_47078_orylat2_chr5_7437057_7437237	"2022-08-13 22:20:50"	24	i	0.0046152252	6
Faircloth_2013-dna_47078_orylat2_chr5_7437057_7437237	"2022-08-13 22:20:50"	25	i	0.0083205186	4
Faircloth_2013-dna_47078_orylat2_chr5_7437057_7437237	"2022-08-13 22:20:50"	26	i	0.0041035301	3
Faircloth_2013-dna_47078_orylat2_chr5_7437057_7437237	"2022-08-13 22:20:50"	27	i	0.0020585088	2
Faircloth_2013-dna_47078_orylat2_chr5_7437057_7437237	"2022-08-13 22:20:50"	28	i	0.0321525912	2
Faircloth_2013-dna_47078_orylat2_chr5_7437057_7437237	"2022-08-13 22:20:50"	29	i	0.0222855042	2
Faircloth_2013-dna_58462_orylat2_chr9_12798183_12798363	"2022-10-10 21:39:41"	1	e	0.0000010000	1
Faircloth_2013-dna_58462_orylat2_chr9_12798183_12798363	"2022-10-10 21:39:41"	2	e	0.0137918172	1
Faircloth_2013-dna_58462_orylat2_chr9_12798183_12798363	"2022-10-10 21:39:41"	3	e	0.0282892358	1
Faircloth_2013-dna_58462_orylat2_chr9_12798183_12798363	"2022-10-10 21:39:41"	4	e	0.0861600162	1
Faircloth_2013-dna_58462_orylat2_chr9_12798183_12798363	"2022-10-10 21:39:41"	5	e	0.0141672072	1
Faircloth_2013-dna_58462_orylat2_chr9_12798183_12798363	"2022-10-10 21:39:41"	6	e	0.0000010000	1
Faircloth_2013-dna_58462_orylat2_chr9_12798183_12798363	"2022-10-10 21:39:41"	7	e	0.0069379736	1
Faircloth_2013-dna_58462_orylat2_chr9_12798183_12798363	"2022-10-10 21:39:41"	8	e	0.1504467523	1
Faircloth_2013-dna_58462_orylat2_chr9_12798183_12798363	"2022-10-10 21:39:41"	9	e	0.0022187990	1
Faircloth_2013-dna_58462_orylat2_chr9_12798183_12798363	"2022-10-10 21:39:41"	10	e	0.0000010000	1
Faircloth_2013-dna_58462_orylat2_chr9_12798183_12798363	"2022-10-10 21:39:41"	11	e	0.0000010000	1
Faircloth_2013-dna_58462_orylat2_chr9_12798183_12798363	"2022-10-10 21:39:41"	12	e	0.0000010000	1
Faircloth_2013-dna_58462_orylat2_chr9_12798183_12798363	"2022-10-10 21:39:41"	13	e	0.0067588865	1
Faircloth_2013-dna_58462_orylat2_chr9_12798183_12798363	"2022-10-10 21:39:41"	14	e	0.0182772895	1
Faircloth_2013-dna_58462_orylat2_chr9_12798183_12798363	"2022-10-10 21:39:41"	15	e	0.0286102383	1
Faircloth_2013-dna_58462_orylat2_chr9_12798183_12798363	"2022-10-10 21:39:41"	16	e	0.0571764526	1
Faircloth_2013-dna_58462_orylat2_chr9_12798183_12798363	"2022-10-10 21:39:41"	17	i	0.0000010000	5
Faircloth_2013-dna_58462_orylat2_chr9_12798183_12798363	"2022-10-10 21:39:41"	18	i	0.0068708630	6
Faircloth_2013-dna_58462_orylat2_chr9_12798183_12798363	"2022-10-10 21:39:41"	19	i	0.0000010000	6
Faircloth_2013-dna_58462_orylat2_chr9_12798183_12798363	"2022-10-10 21:39:41"	20	i	0.0068135058	5
Faircloth_2013-dna_58462_orylat2_chr9_12798183_12798363	"2022-10-10 21:39:41"	21	i	0.0000010000	4
Faircloth_2013-dna_58462_orylat2_chr9_12798183_12798363	"2022-10-10 21:39:41"	22	i	0.0000010000	3
Faircloth_2013-dna_58462_orylat2_chr9_12798183_12798363	"2022-10-10 21:39:41"	23	i	0.0265717221	2
Faircloth_2013-dna_58462_orylat2_chr9_12798183_12798363	"2022-10-10 21:39:41"	24	i	0.0000010000	4
Faircloth_2013-dna_58462_orylat2_chr9_12798183_12798363	"2022-10-10 21:39:41"	25	i	0.0000010000	3
Faircloth_2013-dna_58462_orylat2_chr9_12798183_12798363	"2022-10-10 21:39:41"	26	i	0.0000010000	2
Faircloth_2013-dna_58462_orylat2_chr9_12798183_12798363	"2022-10-10 21:39:41"	27	i	0.0000010000	4
Faircloth_2013-dna_58462_orylat2_chr9_12798183_12798363	"2022-10-10 21:39:41"	28	i	0.0113632686	2
Faircloth_2013-dna_58462_orylat2_chr9_12798183_12798363	"2022-10-10 21:39:41"	29	i	0.0252470402	2
Faircloth_2013-dna_63351_orylat2_scaffold4918_2473_2652	"2022-10-10 21:40:22"	1	e	0.0335650975	1
Faircloth_2013-dna_63351_orylat2_scaffold4918_2473_2652	"2022-10-10 21:40:22"	2	e	0.0040140609	1
Faircloth_2013-dna_63351_orylat2_scaffold4918_2473_2652	"2022-10-10 21:40:22"	3	e	0.0193746081	1
Faircloth_2013-dna_63351_orylat2_scaffold4918_2473_2652	"2022-10-10 21:40:22"	4	e	0.0319831337	1
Faircloth_2013-dna_63351_orylat2_scaffold4918_2473_2652	"2022-10-10 21:40:22"	5	e	0.0208492288	1
Faircloth_2013-dna_63351_orylat2_scaffold4918_2473_2652	"2022-10-10 21:40:22"	6	e	0.0205177156	1
Faircloth_2013-dna_63351_orylat2_scaffold4918_2473_2652	"2022-10-10 21:40:22"	7	e	0.0000010000	1
Faircloth_2013-dna_63351_orylat2_scaffold4918_2473_2652	"2022-10-10 21:40:22"	8	e	0.1569711011	1
Faircloth_2013-dna_63351_orylat2_scaffold4918_2473_2652	"2022-10-10 21:40:22"	9	e	0.0000010000	1
Faircloth_2013-dna_63351_orylat2_scaffold4918_2473_2652	"2022-10-10 21:40:22"	10	e	0.0000010000	1
Faircloth_2013-dna_63351_orylat2_scaffold4918_2473_2652	"2022-10-10 21:40:22"	11	e	0.0632199889	1
Faircloth_2013-dna_63351_orylat2_scaffold4918_2473_2652	"2022-10-10 21:40:22"	12	e	0.0037367720	1
Faircloth_2013-dna_63351_orylat2_scaffold4918_2473_2652	"2022-10-10 21:40:22"	13	e	0.0020515681	1
Faircloth_2013-dna_63351_orylat2_scaffold4918_2473_2652	"2022-10-10 21:40:22"	14	e	0.0164122136	1
Faircloth_2013-dna_63351_orylat2_scaffold4918_2473_2652	"2022-10-10 21:40:22"	15	e	0.0158047137	1
Faircloth_2013-dna_63351_orylat2_scaffold4918_2473_2652	"2022-10-10 21:40:22"	16	e	0.0076133380	1
Faircloth_2013-dna_63351_orylat2_scaffold4918_2473_2652	"2022-10-10 21:40:22"	17	i	0.0044639606	2
Faircloth_2013-dna_63351_orylat2_scaffold4918_2473_2652	"2022-10-10 21:40:22"	18	i	0.0022924912	4
Faircloth_2013-dna_63351_orylat2_scaffold4918_2473_2652	"2022-10-10 21:40:22"	19	i	0.0309435394	5
Faircloth_2013-dna_63351_orylat2_scaffold4918_2473_2652	"2022-10-10 21:40:22"	20	i	0.0092229290	7
Faircloth_2013-dna_63351_orylat2_scaffold4918_2473_2652	"2022-10-10 21:40:22"	21	i	0.0002386329	6
Faircloth_2013-dna_63351_orylat2_scaffold4918_2473_2652	"2022-10-10 21:40:22"	22	i	0.0026039004	2
Faircloth_2013-dna_63351_orylat2_scaffold4918_2473_2652	"2022-10-10 21:40:22"	23	i	0.0100649828	4
Faircloth_2013-dna_63351_orylat2_scaffold4918_2473_2652	"2022-10-10 21:40:22"	24	i	0.0000020593	3
Faircloth_2013-dna_63351_orylat2_scaffold4918_2473_2652	"2022-10-10 21:40:22"	25	i	0.0000010000	2
Faircloth_2013-dna_63351_orylat2_scaffold4918_2473_2652	"2022-10-10 21:40:22"	26	i	0.0010187430	3
Faircloth_2013-dna_63351_orylat2_scaffold4918_2473_2652	"2022-10-10 21:40:22"	27	i	0.0279118519	2
Faircloth_2013-dna_63351_orylat2_scaffold4918_2473_2652	"2022-10-10 21:40:22"	28	i	0.0423560697	2
Faircloth_2013-dna_63351_orylat2_scaffold4918_2473_2652	"2022-10-10 21:40:22"	29	i	0.0202700860	2
Faircloth_2013-dna_65187_orylat2_ultracontig182_1747283_1747463	"2022-10-10 21:40:42"	1	e	0.0000010000	1
Faircloth_2013-dna_65187_orylat2_ultracontig182_1747283_1747463	"2022-10-10 21:40:42"	2	e	0.0000010000	1
Faircloth_2013-dna_65187_orylat2_ultracontig182_1747283_1747463	"2022-10-10 21:40:42"	3	e	0.1481429907	1
Faircloth_2013-dna_65187_orylat2_ultracontig182_1747283_1747463	"2022-10-10 21:40:42"	4	e	0.0208712501	1
Faircloth_2013-dna_65187_orylat2_ultracontig182_1747283_1747463	"2022-10-10 21:40:42"	5	e	0.0571767285	1
Faircloth_2013-dna_65187_orylat2_ultracontig182_1747283_1747463	"2022-10-10 21:40:42"	6	e	0.0084699709	1
Faircloth_2013-dna_65187_orylat2_ultracontig182_1747283_1747463	"2022-10-10 21:40:42"	7	e	0.0000010000	1
Faircloth_2013-dna_65187_orylat2_ultracontig182_1747283_1747463	"2022-10-10 21:40:42"	8	e	0.0256126804	1
Faircloth_2013-dna_65187_orylat2_ultracontig182_1747283_1747463	"2022-10-10 21:40:42"	9	e	0.0020690351	1
Faircloth_2013-dna_65187_orylat2_ultracontig182_1747283_1747463	"2022-10-10 21:40:42"	10	e	0.0000010000	1
Faircloth_2013-dna_65187_orylat2_ultracontig182_1747283_1747463	"2022-10-10 21:40:42"	11	e	0.0359524703	1
Faircloth_2013-dna_65187_orylat2_ultracontig182_1747283_1747463	"2022-10-10 21:40:42"	12	e	0.0000010000	1
Faircloth_2013-dna_65187_orylat2_ultracontig182_1747283_1747463	"2022-10-10 21:40:42"	13	e	0.0000010000	1
Faircloth_2013-dna_65187_orylat2_ultracontig182_1747283_1747463	"2022-10-10 21:40:42"	14	e	0.0066126580	1
Faircloth_2013-dna_65187_orylat2_ultracontig182_1747283_1747463	"2022-10-10 21:40:42"	15	e	0.0126915766	1
Faircloth_2013-dna_65187_orylat2_ultracontig182_1747283_1747463	"2022-10-10 21:40:42"	16	e	0.1100480902	1
Faircloth_2013-dna_65187_orylat2_ultracontig182_1747283_1747463	"2022-10-10 21:40:42"	17	i	0.0007829685	5
Faircloth_2013-dna_65187_orylat2_ultracontig182_1747283_1747463	"2022-10-10 21:40:42"	18	i	0.0013696451	7
Faircloth_2013-dna_65187_orylat2_ultracontig182_1747283_1747463	"2022-10-10 21:40:42"	19	i	0.0000010000	6
Faircloth_2013-dna_65187_orylat2_ultracontig182_1747283_1747463	"2022-10-10 21:40:42"	20	i	0.0044992758	5
Faircloth_2013-dna_65187_orylat2_ultracontig182_1747283_1747463	"2022-10-10 21:40:42"	21	i	0.0085047207	3
Faircloth_2013-dna_65187_orylat2_ultracontig182_1747283_1747463	"2022-10-10 21:40:42"	22	i	0.0300454680	2
Faircloth_2013-dna_65187_orylat2_ultracontig182_1747283_1747463	"2022-10-10 21:40:42"	23	i	0.0029381487	2
Faircloth_2013-dna_65187_orylat2_ultracontig182_1747283_1747463	"2022-10-10 21:40:42"	24	i	0.0041319776	4
Faircloth_2013-dna_65187_orylat2_ultracontig182_1747283_1747463	"2022-10-10 21:40:42"	25	i	0.0000010000	3
Faircloth_2013-dna_65187_orylat2_ultracontig182_1747283_1747463	"2022-10-10 21:40:42"	26	i	0.0000010000	2
Faircloth_2013-dna_65187_orylat2_ultracontig182_1747283_1747463	"2022-10-10 21:40:42"	27	i	0.0000022919	4
Faircloth_2013-dna_65187_orylat2_ultracontig182_1747283_1747463	"2022-10-10 21:40:42"	28	i	0.0049516249	3
Faircloth_2013-dna_65187_orylat2_ultracontig182_1747283_1747463	"2022-10-10 21:40:42"	29	i	0.0124781542	2
M35841	"2023-09-01 00:19:17"	1	e	0.0000010000	1
M35841	"2023-09-01 00:19:17"	2	e	0.0040289910	1
M35841	"2023-09-01 00:19:17"	3	e	0.0000010000	1
M35841	"2023-09-01 00:19:17"	4	e	0.0000010000	1
M35841	"2023-09-01 00:19:17"	5	e	0.0000010000	1
M35841	"2023-09-01 00:19:17"	6	e	0.0000010000	1
M35841	"2023-09-01 00:19:17"	7	e	0.0000010000	1
M35841	"2023-09-01 00:19:17"	8	e	0.0000010000	1
M35841	"2023-09-01 00:19:17"	9	e	0.0000010000	1
M35841	"2023-09-01 00:19:17"	10	e	0.0000010000	1
M35841	"2023-09-01 00:19:17"	11	e	0.0000010000	1
M35841	"2023-09-01 00:19:17"	12	e	0.0000010000	1
M35841	"2023-09-01 00:19:17"	13	e	0.0000010000	1
M35841	"2023-09-01 00:19:17"	14	e	0.0043069410	1
M35841	"2023-09-01 00:19:17"	15	e	0.0000010000	1
M35841	"2023-09-01 00:19:17"	16	e	0.0000010000	1
M35841	"2023-09-01 00:19:17"	17	i	0.0000010000	2
M35841	"2023-09-01 00:19:17"	18	i	0.0000010000	3
M35841	"2023-09-01 00:19:17"	19	i	0.0000010000	8
M35841	"2023-09-01 00:19:17"	20	i	0.0121682579	7
M35841	"2023-09-01 00:19:17"	21	i	0.0040306275	2
M35841	"2023-09-01 00:19:17"	22	i	0.0000010000	5
M35841	"2023-09-01 00:19:17"	23	i	0.0081119065	4
M35841	"2023-09-01 00:19:17"	24	i	0.0000010000	3
M35841	"2023-09-01 00:19:17"	25	i	0.0000010000	2
M35841	"2023-09-01 00:19:17"	26	i	0.0000010000	5
M35841	"2023-09-01 00:19:17"	27	i	0.0040289915	3
M35841	"2023-09-01 00:19:17"	28	i	0.0000010000	2
M35841	"2023-09-01 00:19:17"	29	i	0.0000010000	2
M12551	"2023-09-12 16:57:24"	1	e	0.0000010000	1
M12551	"2023-09-12 16:57:24"	2	e	0.0000010000	1
M12551	"2023-09-12 16:57:24"	3	e	0.0000010000	1
M12551	"2023-09-12 16:57:24"	4	e	0.0000010000	1
M12551	"2023-09-12 16:57:24"	5	e	0.0000010000	1
M12551	"2023-09-12 16:57:24"	6	e	0.0000010000	1
M12551	"2023-09-12 16:57:24"	7	e	0.0000010000	1
M12551	"2023-09-12 16:57:24"	8	e	0.0000010000	1
M12551	"2023-09-12 16:57:24"	9	e	0.0000010000	1
M12551	"2023-09-12 16:57:24"	10	e	0.0000010000	1
M12551	"2023-09-12 16:57:24"	11	e	0.0000010000	1
M12551	"2023-09-12 16:57:24"	12	e	0.0000010000	1
M12551	"2023-09-12 16:57:24"	13	e	0.0000010000	1
M12551	"2023-09-12 16:57:24"	14	e	0.0000010000	1
M12551	"2023-09-12 16:57:24"	15	e	0.0000010000	1
M12551	"2023-09-12 16:57:24"	16	e	0.0000010000	1
M12551	"2023-09-12 16:57:24"	17	i	0.0000010000	2
M12551	"2023-09-12 16:57:24"	18	i	0.0000010000	5
M12551	"2023-09-12 16:57:24"	19	i	0.0000010000	6
M12551	"2023-09-12 16:57:24"	20	i	0.0000010000	7
M12551	"2023-09-12 16:57:24"	21	i	0.0000010000	4
M12551	"2023-09-12 16:57:24"	22	i	0.0000010000	3
M12551	"2023-09-12 16:57:24"	23	i	0.0000010000	2
M12551	"2023-09-12 16:57:24"	24	i	0.0055147307	5
M12551	"2023-09-12 16:57:24"	25	i	0.0000010000	3
M12551	"2023-09-12 16:57:24"	26	i	0.0000010000	2
M12551	"2023-09-12 16:57:24"	27	i	0.0000010000	2
M12551	"2023-09-12 16:57:24"	28	i	0.0000010000	3
M12551	"2023-09-12 16:57:24"	29	i	0.0000010000	2
M1097	"2023-09-13 14:21:08"	1	e	0.1349955138	1
M1097	"2023-09-13 14:21:08"	2	e	0.0676364169	1
M1097	"2023-09-13 14:21:08"	3	e	0.0071522215	1
M1097	"2023-09-13 14:21:08"	4	e	0.0293593459	1
M1097	"2023-09-13 14:21:08"	5	e	0.0187424527	1
M1097	"2023-09-13 14:21:08"	6	e	0.0053226054	1
M1097	"2023-09-13 14:21:08"	7	e	0.0144810129	1
M1097	"2023-09-13 14:21:08"	8	e	0.0089531967	1
M1097	"2023-09-13 14:21:08"	9	e	0.0035394879	1
M1097	"2023-09-13 14:21:08"	10	e	0.0000010000	1
M1097	"2023-09-13 14:21:08"	11	e	0.0071769991	1
M1097	"2023-09-13 14:21:08"	12	e	0.0017710942	1
M1097	"2023-09-13 14:21:08"	13	e	0.0000010000	1
M1097	"2023-09-13 14:21:08"	14	e	0.0089343056	1
M1097	"2023-09-13 14:21:08"	15	e	0.0017680644	1
M1097	"2023-09-13 14:21:08"	16	e	0.0053518903	1
M1097	"2023-09-13 14:21:08"	17	i	0.1010939233	2
M1097	"2023-09-13 14:21:08"	18	i	0.0289613659	4
M1097	"2023-09-13 14:21:08"	19	i	0.0045331299	7
M1097	"2023-09-13 14:21:08"	20	i	0.0000010000	8
M1097	"2023-09-13 14:21:08"	21	i	0.0035634556	5
M1097	"2023-09-13 14:21:08"	22	i	0.0053582914	4
M1097	"2023-09-13 14:21:08"	23	i	0.0000010000	3
M1097	"2023-09-13 14:21:08"	24	i	0.0035417067	2
M1097	"2023-09-13 14:21:08"	25	i	0.0017596439	3
M1097	"2023-09-13 14:21:08"	26	i	0.0017994858	2
M1097	"2023-09-13 14:21:08"	27	i	0.0080951644	3
M1097	"2023-09-13 14:21:08"	28	i	0.0035690946	2
M1097	"2023-09-13 14:21:08"	29	i	0.0477998139	2
M12561	"2023-09-25 04:23:13"	1	e	0.0000010000	1
M12561	"2023-09-25 04:23:13"	2	e	0.0000010000	1
M12561	"2023-09-25 04:23:13"	3	e	0.0000010000	1
M12561	"2023-09-25 04:23:13"	4	e	0.0000010000	1
M12561	"2023-09-25 04:23:13"	5	e	0.0000010000	1
M12561	"2023-09-25 04:23:13"	6	e	0.0000010000	1
M12561	"2023-09-25 04:23:13"	7	e	0.0000010000	1
M12561	"2023-09-25 04:23:13"	8	e	0.0000010000	1
M12561	"2023-09-25 04:23:13"	9	e	0.0000010000	1
M12561	"2023-09-25 04:23:13"	10	e	0.0000010000	1
M12561	"2023-09-25 04:23:13"	11	e	0.0000010000	1
M12561	"2023-09-25 04:23:13"	12	e	0.0000010000	1
M12561	"2023-09-25 04:23:13"	13	e	0.0000010000	1
M12561	"2023-09-25 04:23:13"	14	e	0.0000010000	1
M12561	"2023-09-25 04:23:13"	15	e	0.0000010000	1
M12561	"2023-09-25 04:23:13"	16	e	0.0000010000	1
M12561	"2023-09-25 04:23:13"	17	i	0.0000010000	2
M12561	"2023-09-25 04:23:13"	18	i	0.0000010000	4
M12561	"2023-09-25 04:23:13"	19	i	0.0000010000	7
M12561	"2023-09-25 04:23:13"	20	i	0.0000010000	6
M12561	"2023-09-25 04:23:13"	21	i	0.0000010000	5
M12561	"2023-09-25 04:23:13"	22	i	0.0000010000	4
M12561	"2023-09-25 04:23:13"	23	i	0.0000010000	3
M12561	"2023-09-25 04:23:13"	24	i	0.0000010000	2
M12561	"2023-09-25 04:23:13"	25	i	0.0164390143	5
M12561	"2023-09-25 04:23:13"	26	i	0.0000010000	4
M12561	"2023-09-25 04:23:13"	27	i	0.0000010000	3
M12561	"2023-09-25 04:23:13"	28	i	0.0000010000	2
M12561	"2023-09-25 04:23:13"	29	i	0.0000010000	2
M12540	"2023-09-13 14:47:53"	1	e	0.0000010000	1
M12540	"2023-09-13 14:47:53"	2	e	0.0000010000	1
M12540	"2023-09-13 14:47:53"	3	e	0.0000010000	1
M12540	"2023-09-13 14:47:53"	4	e	0.0000010000	1
M12540	"2023-09-13 14:47:53"	5	e	0.0000010000	1
M12540	"2023-09-13 14:47:53"	6	e	0.0000010000	1
M12540	"2023-09-13 14:47:53"	7	e	0.0000010000	1
M12540	"2023-09-13 14:47:53"	8	e	0.0000010000	1
M12540	"2023-09-13 14:47:53"	9	e	0.0000010000	1
M12540	"2023-09-13 14:47:53"	10	e	0.0000010000	1
M12540	"2023-09-13 14:47:53"	11	e	0.0000010000	1
M12540	"2023-09-13 14:47:53"	12	e	0.0000010000	1
M12540	"2023-09-13 14:47:53"	13	e	0.0000010000	1
M12540	"2023-09-13 14:47:53"	14	e	0.0000010000	1
M12540	"2023-09-13 14:47:53"	15	e	0.0000010000	1
M12540	"2023-09-13 14:47:53"	16	e	0.0000010000	1
M12540	"2023-09-13 14:47:53"	17	i	0.0000010000	3
M12540	"2023-09-13 14:47:53"	18	i	0.0000010000	4
M12540	"2023-09-13 14:47:53"	19	i	0.0000010000	5
M12540	"2023-09-13 14:47:53"	20	i	0.0051993276	6
M12540	"2023-09-13 14:47:53"	21	i	0.0000010000	4
M12540	"2023-09-13 14:47:53"	22	i	0.0000010000	2
M12540	"2023-09-13 14:47:53"	23	i	0.0000010000	2
M12540	"2023-09-13 14:47:53"	24	i	0.0000010000	2
M12540	"2023-09-13 14:47:53"	25	i	0.0104349509	5
M12540	"2023-09-13 14:47:53"	26	i	0.0000010000	4
M12540	"2023-09-13 14:47:53"	27	i	0.0000010000	3
M12540	"2023-09-13 14:47:53"	28	i	0.0000010000	2
M12540	"2023-09-13 14:47:53"	29	i	0.0000010000	2
M23900	"2023-09-13 16:41:36"	1	e	0.0033349262	1
M23900	"2023-09-13 16:41:36"	2	e	0.0000010000	1
M23900	"2023-09-13 16:41:36"	3	e	0.0253175444	1
M23900	"2023-09-13 16:41:36"	4	e	0.0042527882	1
M23900	"2023-09-13 16:41:36"	5	e	0.0047665957	1
M23900	"2023-09-13 16:41:36"	6	e	0.0045054727	1
M23900	"2023-09-13 16:41:36"	7	e	0.0077749714	1
M23900	"2023-09-13 16:41:36"	8	e	0.0117120581	1
M23900	"2023-09-13 16:41:36"	9	e	0.0092807191	1
M23900	"2023-09-13 16:41:36"	10	e	0.0145476091	1
M23900	"2023-09-13 16:41:36"	11	e	0.0033481434	1
M23900	"2023-09-13 16:41:36"	12	e	0.0056616042	1
M23900	"2023-09-13 16:41:36"	13	e	0.0064719890	1
M23900	"2023-09-13 16:41:36"	14	e	0.0168352726	1
M23900	"2023-09-13 16:41:36"	15	e	0.0728684650	1
M23900	"2023-09-13 16:41:36"	16	e	0.0408718986	1
M23900	"2023-09-13 16:41:36"	17	i	0.0081146203	2
M23900	"2023-09-13 16:41:36"	18	i	0.0047580709	3
M23900	"2023-09-13 16:41:36"	19	i	0.0027945406	5
M23900	"2023-09-13 16:41:36"	20	i	0.0053982569	6
M23900	"2023-09-13 16:41:36"	21	i	0.0254551580	7
M23900	"2023-09-13 16:41:36"	22	i	0.0018952843	7
M23900	"2023-09-13 16:41:36"	23	i	0.0028698205	2
M23900	"2023-09-13 16:41:36"	24	i	0.0047102573	5
M23900	"2023-09-13 16:41:36"	25	i	0.0060266952	4
M23900	"2023-09-13 16:41:36"	26	i	0.0045692837	3
M23900	"2023-09-13 16:41:36"	27	i	0.0033973476	2
M23900	"2023-09-13 16:41:36"	28	i	0.0108841579	2
M23900	"2023-09-13 16:41:36"	29	i	0.0129060333	2
M7295	"2023-09-14 23:27:13"	1	e	0.1179078136	1
M7295	"2023-09-14 23:27:13"	2	e	0.0015955954	1
M7295	"2023-09-14 23:27:13"	3	e	0.0023262952	1
M7295	"2023-09-14 23:27:13"	4	e	0.0038610866	1
M7295	"2023-09-14 23:27:13"	5	e	0.0000009525	1
M7295	"2023-09-14 23:27:13"	6	e	0.0000009525	1
M7295	"2023-09-14 23:27:13"	7	e	0.0004883793	1
M7295	"2023-09-14 23:27:13"	8	e	0.0019648412	1
M7295	"2023-09-14 23:27:13"	9	e	0.0041675017	1
M7295	"2023-09-14 23:27:13"	10	e	0.0052181875	1
M7295	"2023-09-14 23:27:13"	11	e	0.0057565328	1
M7295	"2023-09-14 23:27:13"	12	e	0.0039129973	1
M7295	"2023-09-14 23:27:13"	13	e	0.0041077373	1
M7295	"2023-09-14 23:27:13"	14	e	0.0035972193	1
M7295	"2023-09-14 23:27:13"	15	e	0.0064880302	1
M7295	"2023-09-14 23:27:13"	16	e	0.0018468791	1
M7295	"2023-09-14 23:27:13"	17	i	0.0012192947	2
M7295	"2023-09-14 23:27:13"	18	i	0.0003356582	5
M7295	"2023-09-14 23:27:13"	19	i	0.0027758535	7
M7295	"2023-09-14 23:27:13"	20	i	0.0017028186	4
M7295	"2023-09-14 23:27:13"	21	i	0.0033102329	2
M7295	"2023-09-14 23:27:13"	22	i	0.0035879852	2
M7295	"2023-09-14 23:27:13"	23	i	0.0009721267	5
M7295	"2023-09-14 23:27:13"	24	i	0.0014541895	4
M7295	"2023-09-14 23:27:13"	25	i	0.0021803379	3
M7295	"2023-09-14 23:27:13"	26	i	0.0004867704	2
M7295	"2023-09-14 23:27:13"	27	i	0.0039969216	2
M7295	"2023-09-14 23:27:13"	28	i	0.0013367556	3
M7295	"2023-09-14 23:27:13"	29	i	0.0024836726	2
M12544	"2023-09-01 00:31:01"	1	e	0.0000010000	1
M12544	"2023-09-01 00:31:01"	2	e	0.0000010000	1
M12544	"2023-09-01 00:31:01"	3	e	0.0000010000	1
M12544	"2023-09-01 00:31:01"	4	e	0.0000010000	1
M12544	"2023-09-01 00:31:01"	5	e	0.0000010000	1
M12544	"2023-09-01 00:31:01"	6	e	0.0000010000	1
M12544	"2023-09-01 00:31:01"	7	e	0.0000010000	1
M12544	"2023-09-01 00:31:01"	8	e	0.0000010000	1
M12544	"2023-09-01 00:31:01"	9	e	0.0000010000	1
M12544	"2023-09-01 00:31:01"	10	e	0.0000010000	1
M12544	"2023-09-01 00:31:01"	11	e	0.0000010000	1
M12544	"2023-09-01 00:31:01"	12	e	0.0000010000	1
M12544	"2023-09-01 00:31:01"	13	e	0.0000010000	1
M12544	"2023-09-01 00:31:01"	14	e	0.0000010000	1
M12544	"2023-09-01 00:31:01"	15	e	0.0000010000	1
M12544	"2023-09-01 00:31:01"	16	e	0.0000010000	1
M12544	"2023-09-01 00:31:01"	17	i	0.0000010000	4
M12544	"2023-09-01 00:31:01"	18	i	0.0000010000	7
M12544	"2023-09-01 00:31:01"	19	i	0.0000010000	6
M12544	"2023-09-01 00:31:01"	20	i	0.0000010000	3
M12544	"2023-09-01 00:31:01"	21	i	0.0000010000	2
M12544	"2023-09-01 00:31:01"	22	i	0.0000010000	3
M12544	"2023-09-01 00:31:01"	23	i	0.0000010000	2
M12544	"2023-09-01 00:31:01"	24	i	0.0000010000	5
M12544	"2023-09-01 00:31:01"	25	i	0.0000010000	4
M12544	"2023-09-01 00:31:01"	26	i	0.0000010000	3
M12544	"2023-09-01 00:31:01"	27	i	0.0066519283	2
M12544	"2023-09-01 00:31:01"	28	i	0.0000010000	3
M12544	"2023-09-01 00:31:01"	29	i	0.0000010000	2
M39201	"2023-09-15 03:46:00"	1	e	0.0625845519	1
M39201	"2023-09-15 03:46:00"	2	e	0.0000010000	1
M39201	"2023-09-15 03:46:00"	3	e	0.0000010000	1
M39201	"2023-09-15 03:46:00"	4	e	0.0000010000	1
M39201	"2023-09-15 03:46:00"	5	e	0.0000010000	1
M39201	"2023-09-15 03:46:00"	6	e	0.0000010000	1
M39201	"2023-09-15 03:46:00"	7	e	0.0000010000	1
M39201	"2023-09-15 03:46:00"	8	e	0.0000010000	1
M39201	"2023-09-15 03:46:00"	9	e	0.0000010000	1
M39201	"2023-09-15 03:46:00"	10	e	0.0000010000	1
M39201	"2023-09-15 03:46:00"	11	e	0.0000010000	1
M39201	"2023-09-15 03:46:00"	12	e	0.0000010000	1
M39201	"2023-09-15 03:46:00"	13	e	0.0000010000	1
M39201	"2023-09-15 03:46:00"	14	e	0.0000010000	1
M39201	"2023-09-15 03:46:00"	15	e	0.0000010000	1
M39201	"2023-09-15 03:46:00"	16	e	0.0055044999	1
M39201	"2023-09-15 03:46:00"	17	i	0.0092535248	5
M39201	"2023-09-15 03:46:00"	18	i	0.0047861647	3
M39201	"2023-09-15 03:46:00"	19	i	0.0000010000	2
M39201	"2023-09-15 03:46:00"	20	i	0.0099237855	2
M39201	"2023-09-15 03:46:00"	21	i	0.0110936655	6
M39201	"2023-09-15 03:46:00"	22	i	0.0000010000	7
M39201	"2023-09-15 03:46:00"	23	i	0.0018308251	7
M39201	"2023-09-15 03:46:00"	24	i	0.0000010000	6
M39201	"2023-09-15 03:46:00"	25	i	0.0000010000	5
M39201	"2023-09-15 03:46:00"	26	i	0.0000010000	2
M39201	"2023-09-15 03:46:00"	27	i	0.0000010000	3
M39201	"2023-09-15 03:46:00"	28	i	0.0000010000	2
M39201	"2023-09-15 03:46:00"	29	i	0.0036636111	2
M2805	"2023-09-13 21:47:03"	1	e	0.0152704578	1
M2805	"2023-09-13 21:47:03"	2	e	0.0301949564	1
M2805	"2023-09-13 21:47:03"	3	e	0.0475875097	1
M2805	"2023-09-13 21:47:03"	4	e	0.1753293413	1
M2805	"2023-09-13 21:47:03"	5	e	0.0350341894	1
M2805	"2023-09-13 21:47:03"	6	e	0.0094032747	1
M2805	"2023-09-13 21:47:03"	7	e	0.0121630937	1
M2805	"2023-09-13 21:47:03"	8	e	0.0219362392	1
M2805	"2023-09-13 21:47:03"	9	e	0.0026185338	1
M2805	"2023-09-13 21:47:03"	10	e	0.0035114764	1
M2805	"2023-09-13 21:47:03"	11	e	0.0034723658	1
M2805	"2023-09-13 21:47:03"	12	e	0.0028971628	1
M2805	"2023-09-13 21:47:03"	13	e	0.0000010053	1
M2805	"2023-09-13 21:47:03"	14	e	0.0142702369	1
M2805	"2023-09-13 21:47:03"	15	e	0.0060381856	1
M2805	"2023-09-13 21:47:03"	16	e	0.0044094070	1
M2805	"2023-09-13 21:47:03"	17	i	0.0153301980	3
M2805	"2023-09-13 21:47:03"	18	i	0.0165073077	2
M2805	"2023-09-13 21:47:03"	19	i	0.0844223876	4
M2805	"2023-09-13 21:47:03"	20	i	0.0073083777	7
M2805	"2023-09-13 21:47:03"	21	i	0.0322019804	8
M2805	"2023-09-13 21:47:03"	22	i	0.0028163123	6
M2805	"2023-09-13 21:47:03"	23	i	0.0014683547	5
M2805	"2023-09-13 21:47:03"	24	i	0.0017690483	4
M2805	"2023-09-13 21:47:03"	25	i	0.0019527954	3
M2805	"2023-09-13 21:47:03"	26	i	0.0033566340	2
M2805	"2023-09-13 21:47:03"	27	i	0.0080687164	2
M2805	"2023-09-13 21:47:03"	28	i	0.0125053496	3
M2805	"2023-09-13 21:47:03"	29	i	0.0089813174	2
M1490	"2023-09-13 15:59:33"	1	e	0.0493829421	1
M1490	"2023-09-13 15:59:33"	2	e	0.0027725155	1
M1490	"2023-09-13 15:59:33"	3	e	0.0064983804	1
M1490	"2023-09-13 15:59:33"	4	e	0.0468468321	1
M1490	"2023-09-13 15:59:33"	5	e	0.0727373966	1
M1490	"2023-09-13 15:59:33"	6	e	0.0227678843	1
M1490	"2023-09-13 15:59:33"	7	e	0.0226313209	1
M1490	"2023-09-13 15:59:33"	8	e	0.0162478820	1
M1490	"2023-09-13 15:59:33"	9	e	0.0202186337	1
M1490	"2023-09-13 15:59:33"	10	e	0.0136921424	1
M1490	"2023-09-13 15:59:33"	11	e	0.0085995523	1
M1490	"2023-09-13 15:59:33"	12	e	0.0078827125	1
M1490	"2023-09-13 15:59:33"	13	e	0.0122674986	1
M1490	"2023-09-13 15:59:33"	14	e	0.0078857087	1
M1490	"2023-09-13 15:59:33"	15	e	0.0159327800	1
M1490	"2023-09-13 15:59:33"	16	e	0.0166107837	1
M1490	"2023-09-13 15:59:33"	17	i	0.0431232302	2
M1490	"2023-09-13 15:59:33"	18	i	0.0170376270	3
M1490	"2023-09-13 15:59:33"	19	i	0.0445293028	2
M1490	"2023-09-13 15:59:33"	20	i	0.0382473510	5
M1490	"2023-09-13 15:59:33"	21	i	0.0008038017	6
M1490	"2023-09-13 15:59:33"	22	i	0.0018179662	7
M1490	"2023-09-13 15:59:33"	23	i	0.0029190831	8
M1490	"2023-09-13 15:59:33"	24	i	0.0077667803	7
M1490	"2023-09-13 15:59:33"	25	i	0.0000010000	6
M1490	"2023-09-13 15:59:33"	26	i	0.0028788154	5
M1490	"2023-09-13 15:59:33"	27	i	0.0021364736	4
M1490	"2023-09-13 15:59:33"	28	i	0.0006749920	3
M1490	"2023-09-13 15:59:33"	29	i	0.0007093132	2
M12556	"2023-09-13 14:46:34"	1	e	0.0000010000	1
M12556	"2023-09-13 14:46:34"	2	e	0.0000010000	1
M12556	"2023-09-13 14:46:34"	3	e	0.0000010000	1
M12556	"2023-09-13 14:46:34"	4	e	0.0000010000	1
M12556	"2023-09-13 14:46:34"	5	e	0.0000010000	1
M12556	"2023-09-13 14:46:34"	6	e	0.0000010000	1
M12556	"2023-09-13 14:46:34"	7	e	0.0000010000	1
M12556	"2023-09-13 14:46:34"	8	e	0.0000010000	1
M12556	"2023-09-13 14:46:34"	9	e	0.0000010000	1
M12556	"2023-09-13 14:46:34"	10	e	0.0000010000	1
M12556	"2023-09-13 14:46:34"	11	e	0.0000010000	1
M12556	"2023-09-13 14:46:34"	12	e	0.0000010000	1
M12556	"2023-09-13 14:46:34"	13	e	0.0000010000	1
M12556	"2023-09-13 14:46:34"	14	e	0.0000010000	1
M12556	"2023-09-13 14:46:34"	15	e	0.0000010000	1
M12556	"2023-09-13 14:46:34"	16	e	0.0000010000	1
M12556	"2023-09-13 14:46:34"	17	i	0.0000010000	7
M12556	"2023-09-13 14:46:34"	18	i	0.0000010000	8
M12556	"2023-09-13 14:46:34"	19	i	0.0000010000	7
M12556	"2023-09-13 14:46:34"	20	i	0.0000010000	6
M12556	"2023-09-13 14:46:34"	21	i	0.0000010000	3
M12556	"2023-09-13 14:46:34"	22	i	0.0000010000	2
M12556	"2023-09-13 14:46:34"	23	i	0.0000010000	3
M12556	"2023-09-13 14:46:34"	24	i	0.0000010000	2
M12556	"2023-09-13 14:46:34"	25	i	0.0000010000	6
M12556	"2023-09-13 14:46:34"	26	i	0.0198687116	5
M12556	"2023-09-13 14:46:34"	27	i	0.0000010000	4
M12556	"2023-09-13 14:46:34"	28	i	0.0000010000	3
M12556	"2023-09-13 14:46:34"	29	i	0.0000010000	2
M12539	"2023-09-13 16:40:49"	1	e	0.0000010000	1
M12539	"2023-09-13 16:40:49"	2	e	0.0000010000	1
M12539	"2023-09-13 16:40:49"	3	e	0.0000010000	1
M12539	"2023-09-13 16:40:49"	4	e	0.0000010000	1
M12539	"2023-09-13 16:40:49"	5	e	0.0000010000	1
M12539	"2023-09-13 16:40:49"	6	e	0.0000010000	1
M12539	"2023-09-13 16:40:49"	7	e	0.0000010000	1
M12539	"2023-09-13 16:40:49"	8	e	0.0000010000	1
M12539	"2023-09-13 16:40:49"	9	e	0.0000010000	1
M12539	"2023-09-13 16:40:49"	10	e	0.0000010000	1
M12539	"2023-09-13 16:40:49"	11	e	0.0000010000	1
M12539	"2023-09-13 16:40:49"	12	e	0.0000010000	1
M12539	"2023-09-13 16:40:49"	13	e	0.0000010000	1
M12539	"2023-09-13 16:40:49"	14	e	0.0000010000	1
M12539	"2023-09-13 16:40:49"	15	e	0.0000010000	1
M12539	"2023-09-13 16:40:49"	16	e	0.0000010000	1
M12539	"2023-09-13 16:40:49"	17	i	0.0000010000	2
M12539	"2023-09-13 16:40:49"	18	i	0.0000010000	3
M12539	"2023-09-13 16:40:49"	19	i	0.0000010000	3
M12539	"2023-09-13 16:40:49"	20	i	0.0000010000	2
M12539	"2023-09-13 16:40:49"	21	i	0.0000010000	6
M12539	"2023-09-13 16:40:49"	22	i	0.0000010000	7
M12539	"2023-09-13 16:40:49"	23	i	0.0000010000	4
M12539	"2023-09-13 16:40:49"	24	i	0.0000010000	3
M12539	"2023-09-13 16:40:49"	25	i	0.0000010000	2
M12539	"2023-09-13 16:40:49"	26	i	0.0150758845	5
M12539	"2023-09-13 16:40:49"	27	i	0.0000010000	4
M12539	"2023-09-13 16:40:49"	28	i	0.0000010000	3
M12539	"2023-09-13 16:40:49"	29	i	0.0000010000	2
M2388	"2023-09-13 18:16:11"	1	e	0.0208298237	1
M2388	"2023-09-13 18:16:11"	2	e	0.0000010203	1
M2388	"2023-09-13 18:16:11"	3	e	0.0210080784	1
M2388	"2023-09-13 18:16:11"	4	e	0.0065964308	1
M2388	"2023-09-13 18:16:11"	5	e	0.0256786963	1
M2388	"2023-09-13 18:16:11"	6	e	0.0788963662	1
M2388	"2023-09-13 18:16:11"	7	e	0.0168531317	1
M2388	"2023-09-13 18:16:11"	8	e	0.0126530660	1
M2388	"2023-09-13 18:16:11"	9	e	0.0213156486	1
M2388	"2023-09-13 18:16:11"	10	e	0.0024600087	1
M2388	"2023-09-13 18:16:11"	11	e	0.0621476833	1
M2388	"2023-09-13 18:16:11"	12	e	0.0058043868	1
M2388	"2023-09-13 18:16:11"	13	e	0.0186675511	1
M2388	"2023-09-13 18:16:11"	14	e	0.0619232607	1
M2388	"2023-09-13 18:16:11"	15	e	0.1549145108	1
M2388	"2023-09-13 18:16:11"	16	e	0.0470835212	1
M2388	"2023-09-13 18:16:11"	17	i	0.0102367378	3
M2388	"2023-09-13 18:16:11"	18	i	0.0061210799	2
M2388	"2023-09-13 18:16:11"	19	i	0.0032973063	4
M2388	"2023-09-13 18:16:11"	20	i	0.0131135813	6
M2388	"2023-09-13 18:16:11"	21	i	0.0070671698	5
M2388	"2023-09-13 18:16:11"	22	i	0.0087795489	2
M2388	"2023-09-13 18:16:11"	23	i	0.0162302453	3
M2388	"2023-09-13 18:16:11"	24	i	0.0014055879	2
M2388	"2023-09-13 18:16:11"	25	i	0.0043280284	6
M2388	"2023-09-13 18:16:11"	26	i	0.0098666325	4
M2388	"2023-09-13 18:16:11"	27	i	0.0669988029	3
M2388	"2023-09-13 18:16:11"	28	i	0.0035201996	2
M2388	"2023-09-13 18:16:11"	29	i	0.0242085103	2
M35842	"2023-09-14 06:14:21"	1	e	0.0008593780	1
M35842	"2023-09-14 06:14:21"	2	e	0.0008598014	1
M35842	"2023-09-14 06:14:21"	3	e	0.0008521419	1
M35842	"2023-09-14 06:14:21"	4	e	0.0008735122	1
M35842	"2023-09-14 06:14:21"	5	e	0.0000010000	1
M35842	"2023-09-14 06:14:21"	6	e	0.0000010000	1
M35842	"2023-09-14 06:14:21"	7	e	0.0000010000	1
M35842	"2023-09-14 06:14:21"	8	e	0.0035765810	1
M35842	"2023-09-14 06:14:21"	9	e	0.0036086189	1
M35842	"2023-09-14 06:14:21"	10	e	0.0000010000	1
M35842	"2023-09-14 06:14:21"	11	e	0.0000010000	1
M35842	"2023-09-14 06:14:21"	12	e	0.0008665295	1
M35842	"2023-09-14 06:14:21"	13	e	0.0000010000	1
M35842	"2023-09-14 06:14:21"	14	e	0.0071121366	1
M35842	"2023-09-14 06:14:21"	15	e	0.0000010000	1
M35842	"2023-09-14 06:14:21"	16	e	0.0000010000	1
M35842	"2023-09-14 06:14:21"	17	i	0.0000010000	2
M35842	"2023-09-14 06:14:21"	18	i	0.0000010000	4
M35842	"2023-09-14 06:14:21"	19	i	0.0026135882	5
M35842	"2023-09-14 06:14:21"	20	i	0.0045236892	6
M35842	"2023-09-14 06:14:21"	21	i	0.0026889999	7
M35842	"2023-09-14 06:14:21"	22	i	0.0013228561	3
M35842	"2023-09-14 06:14:21"	23	i	0.0008158474	2
M35842	"2023-09-14 06:14:21"	24	i	0.0050585782	4
M35842	"2023-09-14 06:14:21"	25	i	0.0000010000	3
M35842	"2023-09-14 06:14:21"	26	i	0.0000010000	2
M35842	"2023-09-14 06:14:21"	27	i	0.0047446042	3
M35842	"2023-09-14 06:14:21"	28	i	0.0000010000	2
M35842	"2023-09-14 06:14:21"	29	i	0.0000010000	2
M21608	"2023-09-01 00:39:17"	1	e	0.0263912315	1
M21608	"2023-09-01 00:39:17"	2	e	0.0000010000	1
M21608	"2023-09-01 00:39:17"	3	e	0.0000010000	1
M21608	"2023-09-01 00:39:17"	4	e	0.0000010000	1
M21608	"2023-09-01 00:39:17"	5	e	0.0000010000	1
M21608	"2023-09-01 00:39:17"	6	e	0.0000010000	1
M21608	"2023-09-01 00:39:17"	7	e	0.0000010000	1
M21608	"2023-09-01 00:39:17"	8	e	0.0000010000	1
M21608	"2023-09-01 00:39:17"	9	e	0.0000010000	1
M21608	"2023-09-01 00:39:17"	10	e	0.0000010000	1
M21608	"2023-09-01 00:39:17"	11	e	0.0000010000	1
M21608	"2023-09-01 00:39:17"	12	e	0.0000010000	1
M21608	"2023-09-01 00:39:17"	13	e	0.0030815751	1
M21608	"2023-09-01 00:39:17"	14	e	0.0000010000	1
M21608	"2023-09-01 00:39:17"	15	e	0.0284988546	1
M21608	"2023-09-01 00:39:17"	16	e	0.0407413317	1
M21608	"2023-09-01 00:39:17"	17	i	0.0358566169	2
M21608	"2023-09-01 00:39:17"	18	i	0.0319736524	3
M21608	"2023-09-01 00:39:17"	19	i	0.0107524897	8
M21608	"2023-09-01 00:39:17"	20	i	0.0398093702	2
M21608	"2023-09-01 00:39:17"	21	i	0.0147204801	6
M21608	"2023-09-01 00:39:17"	22	i	0.0000010000	5
M21608	"2023-09-01 00:39:17"	23	i	0.0000010000	4
M21608	"2023-09-01 00:39:17"	24	i	0.0000010000	3
M21608	"2023-09-01 00:39:17"	25	i	0.0000010000	2
M21608	"2023-09-01 00:39:17"	26	i	0.0246796246	5
M21608	"2023-09-01 00:39:17"	27	i	0.0000010000	4
M21608	"2023-09-01 00:39:17"	28	i	0.0000010000	3
M21608	"2023-09-01 00:39:17"	29	i	0.0000010000	2
M45066	"2023-09-05 23:19:24"	1	e	0.1002955706	1
M45066	"2023-09-05 23:19:24"	2	e	0.0222164571	1
M45066	"2023-09-05 23:19:24"	3	e	0.0105823897	1
M45066	"2023-09-05 23:19:24"	4	e	0.0281705752	1
M45066	"2023-09-05 23:19:24"	5	e	0.0482966768	1
M45066	"2023-09-05 23:19:24"	6	e	0.0008092047	1
M45066	"2023-09-05 23:19:24"	7	e	0.0000010131	1
M45066	"2023-09-05 23:19:24"	8	e	0.0099473016	1
M45066	"2023-09-05 23:19:24"	9	e	0.0000010131	1
M45066	"2023-09-05 23:19:24"	10	e	0.0016137191	1
M45066	"2023-09-05 23:19:24"	11	e	0.0084882606	1
M45066	"2023-09-05 23:19:24"	12	e	0.0016191338	1
M45066	"2023-09-05 23:19:24"	13	e	0.0887959541	1
M45066	"2023-09-05 23:19:24"	14	e	0.0000010131	1
M45066	"2023-09-05 23:19:24"	15	e	0.0016637575	1
M45066	"2023-09-05 23:19:24"	16	e	0.0000010131	1
M45066	"2023-09-05 23:19:24"	17	i	0.0245639207	2
M45066	"2023-09-05 23:19:24"	18	i	0.1845230788	2
M45066	"2023-09-05 23:19:24"	19	i	0.0414708934	4
M45066	"2023-09-05 23:19:24"	20	i	0.0141260755	6
M45066	"2023-09-05 23:19:24"	21	i	0.0120787157	7
M45066	"2023-09-05 23:19:24"	22	i	0.0182055080	8
M45066	"2023-09-05 23:19:24"	23	i	0.0016226959	4
M45066	"2023-09-05 23:19:24"	24	i	0.0024656363	2
M45066	"2023-09-05 23:19:24"	25	i	0.0007737558	2
M45066	"2023-09-05 23:19:24"	26	i	0.0009385445	4
M45066	"2023-09-05 23:19:24"	27	i	0.0031685053	2
M45066	"2023-09-05 23:19:24"	28	i	0.0057246931	2
M45066	"2023-09-05 23:19:24"	29	i	0.0730567244	2
M4928	"2023-09-14 02:10:47"	1	e	0.0227289708	1
M4928	"2023-09-14 02:10:47"	2	e	0.0257139747	1
M4928	"2023-09-14 02:10:47"	3	e	0.0298788535	1
M4928	"2023-09-14 02:10:47"	4	e	0.0272450290	1
M4928	"2023-09-14 02:10:47"	5	e	0.0095636737	1
M4928	"2023-09-14 02:10:47"	6	e	0.0047815409	1
M4928	"2023-09-14 02:10:47"	7	e	0.0168205674	1
M4928	"2023-09-14 02:10:47"	8	e	0.0192053428	1
M4928	"2023-09-14 02:10:47"	9	e	0.0279985145	1
M4928	"2023-09-14 02:10:47"	10	e	0.0017472399	1
M4928	"2023-09-14 02:10:47"	11	e	0.0089244856	1
M4928	"2023-09-14 02:10:47"	12	e	0.0044216472	1
M4928	"2023-09-14 02:10:47"	13	e	0.0631238616	1
M4928	"2023-09-14 02:10:47"	14	e	0.1487110239	1
M4928	"2023-09-14 02:10:47"	15	e	0.1262972174	1
M4928	"2023-09-14 02:10:47"	16	e	0.1657819672	1
M4928	"2023-09-14 02:10:47"	17	i	0.0055395687	2
M4928	"2023-09-14 02:10:47"	18	i	0.0015408524	4
M4928	"2023-09-14 02:10:47"	19	i	0.0024498786	3
M4928	"2023-09-14 02:10:47"	20	i	0.0200935905	2
M4928	"2023-09-14 02:10:47"	21	i	0.0109756159	6
M4928	"2023-09-14 02:10:47"	22	i	0.0190786610	2
M4928	"2023-09-14 02:10:47"	23	i	0.0140706705	8
M4928	"2023-09-14 02:10:47"	24	i	0.0181077434	5
M4928	"2023-09-14 02:10:47"	25	i	0.0068325362	4
M4928	"2023-09-14 02:10:47"	26	i	0.0106541243	3
M4928	"2023-09-14 02:10:47"	27	i	0.0053173421	2
M4928	"2023-09-14 02:10:47"	28	i	0.1893937596	3
M4928	"2023-09-14 02:10:47"	29	i	0.0126787198	2
M619	"2023-09-18 00:52:15"	1	e	0.0056767018	1
M619	"2023-09-18 00:52:15"	2	e	0.0506223474	1
M619	"2023-09-18 00:52:15"	3	e	0.0271348764	1
M619	"2023-09-18 00:52:15"	4	e	0.0383132720	1
M619	"2023-09-18 00:52:15"	5	e	0.0555843478	1
M619	"2023-09-18 00:52:15"	6	e	0.0560612105	1
M619	"2023-09-18 00:52:15"	7	e	0.0170269964	1
M619	"2023-09-18 00:52:15"	8	e	0.0225648292	1
M619	"2023-09-18 00:52:15"	9	e	0.0208223194	1
M619	"2023-09-18 00:52:15"	10	e	0.0082473809	1
M619	"2023-09-18 00:52:15"	11	e	0.0063587015	1
M619	"2023-09-18 00:52:15"	12	e	0.0008747800	1
M619	"2023-09-18 00:52:15"	13	e	0.0006903469	1
M619	"2023-09-18 00:52:15"	14	e	0.0049914603	1
M619	"2023-09-18 00:52:15"	15	e	0.0449000623	1
M619	"2023-09-18 00:52:15"	16	e	0.0783657889	1
M619	"2023-09-18 00:52:15"	17	i	0.0026454123	2
M619	"2023-09-18 00:52:15"	18	i	0.0263954528	3
M619	"2023-09-18 00:52:15"	19	i	0.0017001081	5
M619	"2023-09-18 00:52:15"	20	i	0.0034942826	7
M619	"2023-09-18 00:52:15"	21	i	0.0024108215	5
M619	"2023-09-18 00:52:15"	22	i	0.0150438428	4
M619	"2023-09-18 00:52:15"	23	i	0.0080347618	3
M619	"2023-09-18 00:52:15"	24	i	0.0181754791	2
M619	"2023-09-18 00:52:15"	25	i	0.0017458624	4
M619	"2023-09-18 00:52:15"	26	i	0.0082497824	2
M619	"2023-09-18 00:52:15"	27	i	0.0288577297	2
M619	"2023-09-18 00:52:15"	28	i	0.0185870987	2
M619	"2023-09-18 00:52:15"	29	i	0.0125200322	2
M6769	"2023-09-16 02:04:35"	1	e	0.0013784777	1
M6769	"2023-09-16 02:04:35"	2	e	0.0016935056	1
M6769	"2023-09-16 02:04:35"	3	e	0.0154191041	1
M6769	"2023-09-16 02:04:35"	4	e	0.0035781477	1
M6769	"2023-09-16 02:04:35"	5	e	0.0022891194	1
M6769	"2023-09-16 02:04:35"	6	e	0.0290584489	1
M6769	"2023-09-16 02:04:35"	7	e	0.0233564149	1
M6769	"2023-09-16 02:04:35"	8	e	0.0352869027	1
M6769	"2023-09-16 02:04:35"	9	e	0.0259249570	1
M6769	"2023-09-16 02:04:35"	10	e	0.0439119623	1
M6769	"2023-09-16 02:04:35"	11	e	0.0508283421	1
M6769	"2023-09-16 02:04:35"	12	e	0.0808787572	1
M6769	"2023-09-16 02:04:35"	13	e	0.0176219533	1
M6769	"2023-09-16 02:04:35"	14	e	0.0141805274	1
M6769	"2023-09-16 02:04:35"	15	e	0.0012603149	1
M6769	"2023-09-16 02:04:35"	16	e	0.0019382874	1
M6769	"2023-09-16 02:04:35"	17	i	0.0992004245	2
M6769	"2023-09-16 02:04:35"	18	i	0.0015467394	7
M6769	"2023-09-16 02:04:35"	19	i	0.0368088699	3
M6769	"2023-09-16 02:04:35"	20	i	0.0109896922	2
M6769	"2023-09-16 02:04:35"	21	i	0.0204582498	4
M6769	"2023-09-16 02:04:35"	22	i	0.0116599364	3
M6769	"2023-09-16 02:04:35"	23	i	0.0099957023	2
M6769	"2023-09-16 02:04:35"	24	i	0.0111169348	7
M6769	"2023-09-16 02:04:35"	25	i	0.0029948922	6
M6769	"2023-09-16 02:04:35"	26	i	0.0041933174	5
M6769	"2023-09-16 02:04:35"	27	i	0.0361160918	3
M6769	"2023-09-16 02:04:35"	28	i	0.0020271306	2
M6769	"2023-09-16 02:04:35"	29	i	0.0122654777	2
M16007	"2023-09-14 15:17:21"	1	e	0.0938201524	1
M16007	"2023-09-14 15:17:21"	2	e	0.0802672776	1
M16007	"2023-09-14 15:17:21"	3	e	0.0000010000	1
M16007	"2023-09-14 15:17:21"	4	e	0.0041558712	1
M16007	"2023-09-14 15:17:21"	5	e	0.0000010000	1
M16007	"2023-09-14 15:17:21"	6	e	0.0000010000	1
M16007	"2023-09-14 15:17:21"	7	e	0.0000010000	1
M16007	"2023-09-14 15:17:21"	8	e	0.0000010000	1
M16007	"2023-09-14 15:17:21"	9	e	0.0427526858	1
M16007	"2023-09-14 15:17:21"	10	e	0.0135011015	1
M16007	"2023-09-14 15:17:21"	11	e	0.0020471032	1
M16007	"2023-09-14 15:17:21"	12	e	0.0000010000	1
M16007	"2023-09-14 15:17:21"	13	e	0.0109127167	1
M16007	"2023-09-14 15:17:21"	14	e	0.0000010000	1
M16007	"2023-09-14 15:17:21"	15	e	0.0000010000	1
M16007	"2023-09-14 15:17:21"	16	e	0.0284716548	1
M16007	"2023-09-14 15:17:21"	17	i	0.1393055210	2
M16007	"2023-09-14 15:17:21"	18	i	0.0392985791	8
M16007	"2023-09-14 15:17:21"	19	i	0.0068844326	3
M16007	"2023-09-14 15:17:21"	20	i	0.0020506823	2
M16007	"2023-09-14 15:17:21"	21	i	0.0180860469	5
M16007	"2023-09-14 15:17:21"	22	i	0.0205029126	2
M16007	"2023-09-14 15:17:21"	23	i	0.0052479475	3
M16007	"2023-09-14 15:17:21"	24	i	0.0214255973	2
M16007	"2023-09-14 15:17:21"	25	i	0.0421488037	6
M16007	"2023-09-14 15:17:21"	26	i	0.0177704668	5
M16007	"2023-09-14 15:17:21"	27	i	0.0083323407	4
M16007	"2023-09-14 15:17:21"	28	i	0.0038693618	3
M16007	"2023-09-14 15:17:21"	29	i	0.0000010000	2
M12560	"2023-09-14 12:52:00"	1	e	0.0000010000	1
M12560	"2023-09-14 12:52:00"	2	e	0.0000010000	1
M12560	"2023-09-14 12:52:00"	3	e	0.0000010000	1
M12560	"2023-09-14 12:52:00"	4	e	0.0000010000	1
M12560	"2023-09-14 12:52:00"	5	e	0.0000010000	1
M12560	"2023-09-14 12:52:00"	6	e	0.0000010000	1
M12560	"2023-09-14 12:52:00"	7	e	0.0000010000	1
M12560	"2023-09-14 12:52:00"	8	e	0.0000010000	1
M12560	"2023-09-14 12:52:00"	9	e	0.0000010000	1
M12560	"2023-09-14 12:52:00"	10	e	0.0000010000	1
M12560	"2023-09-14 12:52:00"	11	e	0.0000010000	1
M12560	"2023-09-14 12:52:00"	12	e	0.0000010000	1
M12560	"2023-09-14 12:52:00"	13	e	0.0000010000	1
M12560	"2023-09-14 12:52:00"	14	e	0.0000010000	1
M12560	"2023-09-14 12:52:00"	15	e	0.0000010000	1
M12560	"2023-09-14 12:52:00"	16	e	0.0000010000	1
M12560	"2023-09-14 12:52:00"	17	i	0.0000010000	2
M12560	"2023-09-14 12:52:00"	18	i	0.0000010000	3
M12560	"2023-09-14 12:52:00"	19	i	0.0000010000	4
M12560	"2023-09-14 12:52:00"	20	i	0.0000010000	5
M12560	"2023-09-14 12:52:00"	21	i	0.0000010000	3
M12560	"2023-09-14 12:52:00"	22	i	0.0000010000	2
M12560	"2023-09-14 12:52:00"	23	i	0.0078534749	8
M12560	"2023-09-14 12:52:00"	24	i	0.0000010000	5
M12560	"2023-09-14 12:52:00"	25	i	0.0000010000	4
M12560	"2023-09-14 12:52:00"	26	i	0.0000010000	3
M12560	"2023-09-14 12:52:00"	27	i	0.0000010000	2
M12560	"2023-09-14 12:52:00"	28	i	0.0000010000	3
M12560	"2023-09-14 12:52:00"	29	i	0.0000010000	2
M804	"2023-09-15 12:26:56"	1	e	0.0161390151	1
M804	"2023-09-15 12:26:56"	2	e	0.0651331274	1
M804	"2023-09-15 12:26:56"	3	e	0.0377657312	1
M804	"2023-09-15 12:26:56"	4	e	0.0182474878	1
M804	"2023-09-15 12:26:56"	5	e	0.0657228659	1
M804	"2023-09-15 12:26:56"	6	e	0.0476407765	1
M804	"2023-09-15 12:26:56"	7	e	0.0504747804	1
M804	"2023-09-15 12:26:56"	8	e	0.0178833193	1
M804	"2023-09-15 12:26:56"	9	e	0.0085760234	1
M804	"2023-09-15 12:26:56"	10	e	0.0125224288	1
M804	"2023-09-15 12:26:56"	11	e	0.0018762992	1
M804	"2023-09-15 12:26:56"	12	e	0.0595230607	1
M804	"2023-09-15 12:26:56"	13	e	0.0442670834	1
M804	"2023-09-15 12:26:56"	14	e	0.0146440622	1
M804	"2023-09-15 12:26:56"	15	e	0.0021909144	1
M804	"2023-09-15 12:26:56"	16	e	0.1264354748	1
M804	"2023-09-15 12:26:56"	17	i	0.0090094479	2
M804	"2023-09-15 12:26:56"	18	i	0.0141002312	3
M804	"2023-09-15 12:26:56"	19	i	0.0080094854	2
M804	"2023-09-15 12:26:56"	20	i	0.0038577680	5
M804	"2023-09-15 12:26:56"	21	i	0.0068744885	2
M804	"2023-09-15 12:26:56"	22	i	0.0051617243	7
M804	"2023-09-15 12:26:56"	23	i	0.0242313484	3
M804	"2023-09-15 12:26:56"	24	i	0.0100895014	2
M804	"2023-09-15 12:26:56"	25	i	0.0171276887	6
M804	"2023-09-15 12:26:56"	26	i	0.0202024464	4
M804	"2023-09-15 12:26:56"	27	i	0.0062060662	2
M804	"2023-09-15 12:26:56"	28	i	0.0016822325	2
M804	"2023-09-15 12:26:56"	29	i	0.0230501808	2
M33943	"2023-09-14 20:35:17"	1	e	0.1024986951	1
M33943	"2023-09-14 20:35:17"	2	e	0.0924284927	1
M33943	"2023-09-14 20:35:17"	3	e	0.0522501119	1
M33943	"2023-09-14 20:35:17"	4	e	0.0571753598	1
M33943	"2023-09-14 20:35:17"	5	e	0.0178956617	1
M33943	"2023-09-14 20:35:17"	6	e	0.0164652443	1
M33943	"2023-09-14 20:35:17"	7	e	0.0051023653	1
M33943	"2023-09-14 20:35:17"	8	e	0.0000010234	1
M33943	"2023-09-14 20:35:17"	9	e	0.0106988188	1
M33943	"2023-09-14 20:35:17"	10	e	0.0112898468	1
M33943	"2023-09-14 20:35:17"	11	e	0.0084361110	1
M33943	"2023-09-14 20:35:17"	12	e	0.0084965827	1
M33943	"2023-09-14 20:35:17"	13	e	0.0253128469	1
M33943	"2023-09-14 20:35:17"	14	e	0.0223420054	1
M33943	"2023-09-14 20:35:17"	15	e	0.0202038670	1
M33943	"2023-09-14 20:35:17"	16	e	0.0151479049	1
M33943	"2023-09-14 20:35:17"	17	i	0.0092803724	2
M33943	"2023-09-14 20:35:17"	18	i	0.0024871175	3
M33943	"2023-09-14 20:35:17"	19	i	0.0027387858	8
M33943	"2023-09-14 20:35:17"	20	i	0.0000020794	7
M33943	"2023-09-14 20:35:17"	21	i	0.0046495138	6
M33943	"2023-09-14 20:35:17"	22	i	0.0016637641	3
M33943	"2023-09-14 20:35:17"	23	i	0.0115897539	2
M33943	"2023-09-14 20:35:17"	24	i	0.0010065714	3
M33943	"2023-09-14 20:35:17"	25	i	0.0036830452	2
M33943	"2023-09-14 20:35:17"	26	i	0.0091019209	5
M33943	"2023-09-14 20:35:17"	27	i	0.0136563957	4
M33943	"2023-09-14 20:35:17"	28	i	0.0009180037	3
M33943	"2023-09-14 20:35:17"	29	i	0.0049507540	2
M12557	"2023-09-14 15:57:37"	1	e	0.0000010000	1
M12557	"2023-09-14 15:57:37"	2	e	0.0000010000	1
M12557	"2023-09-14 15:57:37"	3	e	0.0000010000	1
M12557	"2023-09-14 15:57:37"	4	e	0.0000010000	1
M12557	"2023-09-14 15:57:37"	5	e	0.0000010000	1
M12557	"2023-09-14 15:57:37"	6	e	0.0000010000	1
M12557	"2023-09-14 15:57:37"	7	e	0.0000010000	1
M12557	"2023-09-14 15:57:37"	8	e	0.0000010000	1
M12557	"2023-09-14 15:57:37"	9	e	0.0000010000	1
M12557	"2023-09-14 15:57:37"	10	e	0.0000010000	1
M12557	"2023-09-14 15:57:37"	11	e	0.0000010000	1
M12557	"2023-09-14 15:57:37"	12	e	0.0000010000	1
M12557	"2023-09-14 15:57:37"	13	e	0.0000010000	1
M12557	"2023-09-14 15:57:37"	14	e	0.0000010000	1
M12557	"2023-09-14 15:57:37"	15	e	0.0000010000	1
M12557	"2023-09-14 15:57:37"	16	e	0.0000010000	1
M12557	"2023-09-14 15:57:37"	17	i	0.0000010000	2
M12557	"2023-09-14 15:57:37"	18	i	0.0000010000	8
M12557	"2023-09-14 15:57:37"	19	i	0.0000010000	7
M12557	"2023-09-14 15:57:37"	20	i	0.0000010000	2
M12557	"2023-09-14 15:57:37"	21	i	0.0000010000	5
M12557	"2023-09-14 15:57:37"	22	i	0.0000010000	4
M12557	"2023-09-14 15:57:37"	23	i	0.0000010000	3
M12557	"2023-09-14 15:57:37"	24	i	0.0000010000	2
M12557	"2023-09-14 15:57:37"	25	i	0.0000010000	6
M12557	"2023-09-14 15:57:37"	26	i	0.0139331182	5
M12557	"2023-09-14 15:57:37"	27	i	0.0000010000	4
M12557	"2023-09-14 15:57:37"	28	i	0.0000010000	3
M12557	"2023-09-14 15:57:37"	29	i	0.0000010000	2
M12538	"2023-09-14 15:55:10"	1	e	0.0000010000	1
M12538	"2023-09-14 15:55:10"	2	e	0.0000010000	1
M12538	"2023-09-14 15:55:10"	3	e	0.0000010000	1
M12538	"2023-09-14 15:55:10"	4	e	0.0000010000	1
M12538	"2023-09-14 15:55:10"	5	e	0.0000010000	1
M12538	"2023-09-14 15:55:10"	6	e	0.0000010000	1
M12538	"2023-09-14 15:55:10"	7	e	0.0000010000	1
M12538	"2023-09-14 15:55:10"	8	e	0.0000010000	1
M12538	"2023-09-14 15:55:10"	9	e	0.0000010000	1
M12538	"2023-09-14 15:55:10"	10	e	0.0000010000	1
M12538	"2023-09-14 15:55:10"	11	e	0.0000010000	1
M12538	"2023-09-14 15:55:10"	12	e	0.0000010000	1
M12538	"2023-09-14 15:55:10"	13	e	0.0000010000	1
M12538	"2023-09-14 15:55:10"	14	e	0.0000010000	1
M12538	"2023-09-14 15:55:10"	15	e	0.0000010000	1
M12538	"2023-09-14 15:55:10"	16	e	0.0000010000	1
M12538	"2023-09-14 15:55:10"	17	i	0.0000010000	8
M12538	"2023-09-14 15:55:10"	18	i	0.0000010000	7
M12538	"2023-09-14 15:55:10"	19	i	0.0000010000	6
M12538	"2023-09-14 15:55:10"	20	i	0.0000010000	3
M12538	"2023-09-14 15:55:10"	21	i	0.0000010000	2
M12538	"2023-09-14 15:55:10"	22	i	0.0000010000	3
M12538	"2023-09-14 15:55:10"	23	i	0.0000010000	2
M12538	"2023-09-14 15:55:10"	24	i	0.0000010000	7
M12538	"2023-09-14 15:55:10"	25	i	0.0000010000	6
M12538	"2023-09-14 15:55:10"	26	i	0.0167498713	5
M12538	"2023-09-14 15:55:10"	27	i	0.0000010000	4
M12538	"2023-09-14 15:55:10"	28	i	0.0000010000	3
M12538	"2023-09-14 15:55:10"	29	i	0.0000010000	2
M30366	"2023-09-01 05:51:30"	1	e	0.0339263550	1
M30366	"2023-09-01 05:51:30"	2	e	0.0041636070	1
M30366	"2023-09-01 05:51:30"	3	e	0.0408406074	1
M30366	"2023-09-01 05:51:30"	4	e	0.0145974069	1
M30366	"2023-09-01 05:51:30"	5	e	0.0242918992	1
M30366	"2023-09-01 05:51:30"	6	e	0.0029306441	1
M30366	"2023-09-01 05:51:30"	7	e	0.0126810755	1
M30366	"2023-09-01 05:51:30"	8	e	0.0471522927	1
M30366	"2023-09-01 05:51:30"	9	e	0.0509240990	1
M30366	"2023-09-01 05:51:30"	10	e	0.0000025935	1
M30366	"2023-09-01 05:51:30"	11	e	0.0210732712	1
M30366	"2023-09-01 05:51:30"	12	e	0.0314557976	1
M30366	"2023-09-01 05:51:30"	13	e	0.0320560482	1
M30366	"2023-09-01 05:51:30"	14	e	0.0095478794	1
M30366	"2023-09-01 05:51:30"	15	e	0.0683638004	1
M30366	"2023-09-01 05:51:30"	16	e	0.0365752078	1
M30366	"2023-09-01 05:51:30"	17	i	0.0118881832	2
M30366	"2023-09-01 05:51:30"	18	i	0.0173529393	4
M30366	"2023-09-01 05:51:30"	19	i	0.0038015148	6
M30366	"2023-09-01 05:51:30"	20	i	0.0068085438	4
M30366	"2023-09-01 05:51:30"	21	i	0.0117068195	3
M30366	"2023-09-01 05:51:30"	22	i	0.0114197963	2
M30366	"2023-09-01 05:51:30"	23	i	0.0138752585	2
M30366	"2023-09-01 05:51:30"	24	i	0.0042829340	6
M30366	"2023-09-01 05:51:30"	25	i	0.0181824099	5
M30366	"2023-09-01 05:51:30"	26	i	0.0034533725	4
M30366	"2023-09-01 05:51:30"	27	i	0.0090144373	3
M30366	"2023-09-01 05:51:30"	28	i	0.0014935441	2
M30366	"2023-09-01 05:51:30"	29	i	0.0026040296	2
M40972	"2023-09-20 12:06:11"	1	e	0.0000019994	1
M40972	"2023-09-20 12:06:11"	2	e	0.0131276592	1
M40972	"2023-09-20 12:06:11"	3	e	0.0023145254	1
M40972	"2023-09-20 12:06:11"	4	e	0.0035606975	1
M40972	"2023-09-20 12:06:11"	5	e	0.0004366758	1
M40972	"2023-09-20 12:06:11"	6	e	0.0052135920	1
M40972	"2023-09-20 12:06:11"	7	e	0.0031636912	1
M40972	"2023-09-20 12:06:11"	8	e	0.0029998849	1
M40972	"2023-09-20 12:06:11"	9	e	0.0004066542	1
M40972	"2023-09-20 12:06:11"	10	e	0.0035361256	1
M40972	"2023-09-20 12:06:11"	11	e	0.0011975728	1
M40972	"2023-09-20 12:06:11"	12	e	0.0051520662	1
M40972	"2023-09-20 12:06:11"	13	e	0.0016328963	1
M40972	"2023-09-20 12:06:11"	14	e	0.0047143055	1
M40972	"2023-09-20 12:06:11"	15	e	0.0058251975	1
M40972	"2023-09-20 12:06:11"	16	e	0.0281667928	1
M40972	"2023-09-20 12:06:11"	17	i	0.0114666491	3
M40972	"2023-09-20 12:06:11"	18	i	0.0227028555	4
M40972	"2023-09-20 12:06:11"	19	i	0.0277798165	5
M40972	"2023-09-20 12:06:11"	20	i	0.0004065121	6
M40972	"2023-09-20 12:06:11"	21	i	0.0020759193	5
M40972	"2023-09-20 12:06:11"	22	i	0.0010794186	4
M40972	"2023-09-20 12:06:11"	23	i	0.0032685041	3
M40972	"2023-09-20 12:06:11"	24	i	0.0008218056	2
M40972	"2023-09-20 12:06:11"	25	i	0.0027588983	5
M40972	"2023-09-20 12:06:11"	26	i	0.0026460602	4
M40972	"2023-09-20 12:06:11"	27	i	0.0005587765	3
M40972	"2023-09-20 12:06:11"	28	i	0.0027600300	2
M40972	"2023-09-20 12:06:11"	29	i	0.0004069606	2
M2218	"2023-09-18 14:56:24"	1	e	0.0045535642	1
M2218	"2023-09-18 14:56:24"	2	e	0.0501595370	1
M2218	"2023-09-18 14:56:24"	3	e	0.0000010093	1
M2218	"2023-09-18 14:56:24"	4	e	0.0000025174	1
M2218	"2023-09-18 14:56:24"	5	e	0.0072195510	1
M2218	"2023-09-18 14:56:24"	6	e	0.1155370032	1
M2218	"2023-09-18 14:56:24"	7	e	0.0119961588	1
M2218	"2023-09-18 14:56:24"	8	e	0.0000029398	1
M2218	"2023-09-18 14:56:24"	9	e	0.0184971306	1
M2218	"2023-09-18 14:56:24"	10	e	0.0561472209	1
M2218	"2023-09-18 14:56:24"	11	e	0.0330987028	1
M2218	"2023-09-18 14:56:24"	12	e	0.0029778512	1
M2218	"2023-09-18 14:56:24"	13	e	0.0129363913	1
M2218	"2023-09-18 14:56:24"	14	e	0.0386544615	1
M2218	"2023-09-18 14:56:24"	15	e	0.0478216550	1
M2218	"2023-09-18 14:56:24"	16	e	0.1464225379	1
M2218	"2023-09-18 14:56:24"	17	i	0.0074309192	2
M2218	"2023-09-18 14:56:24"	18	i	0.0911727507	3
M2218	"2023-09-18 14:56:24"	19	i	0.0128045738	8
M2218	"2023-09-18 14:56:24"	20	i	0.0051302148	7
M2218	"2023-09-18 14:56:24"	21	i	0.0445506658	6
M2218	"2023-09-18 14:56:24"	22	i	0.0337302096	2
M2218	"2023-09-18 14:56:24"	23	i	0.0451197392	4
M2218	"2023-09-18 14:56:24"	24	i	0.0065706609	2
M2218	"2023-09-18 14:56:24"	25	i	0.0042743491	2
M2218	"2023-09-18 14:56:24"	26	i	0.1185279211	5
M2218	"2023-09-18 14:56:24"	27	i	0.0204867967	4
M2218	"2023-09-18 14:56:24"	28	i	0.0120595834	3
M2218	"2023-09-18 14:56:24"	29	i	0.0070520130	2
M2789	"2023-09-18 15:16:08"	1	e	0.0132718643	1
M2789	"2023-09-18 15:16:08"	2	e	0.0199982490	1
M2789	"2023-09-18 15:16:08"	3	e	0.0237668883	1
M2789	"2023-09-18 15:16:08"	4	e	0.0731206121	1
M2789	"2023-09-18 15:16:08"	5	e	0.0196366780	1
M2789	"2023-09-18 15:16:08"	6	e	0.0020539246	1
M2789	"2023-09-18 15:16:08"	7	e	0.0102309077	1
M2789	"2023-09-18 15:16:08"	8	e	0.0123660756	1
M2789	"2023-09-18 15:16:08"	9	e	0.0013837070	1
M2789	"2023-09-18 15:16:08"	10	e	0.0046487804	1
M2789	"2023-09-18 15:16:08"	11	e	0.0012427975	1
M2789	"2023-09-18 15:16:08"	12	e	0.0093526357	1
M2789	"2023-09-18 15:16:08"	13	e	0.0062323467	1
M2789	"2023-09-18 15:16:08"	14	e	0.0125243149	1
M2789	"2023-09-18 15:16:08"	15	e	0.0062866863	1
M2789	"2023-09-18 15:16:08"	16	e	0.0060224131	1
M2789	"2023-09-18 15:16:08"	17	i	0.0148602544	3
M2789	"2023-09-18 15:16:08"	18	i	0.0065040595	2
M2789	"2023-09-18 15:16:08"	19	i	0.0414008110	4
M2789	"2023-09-18 15:16:08"	20	i	0.0044631097	5
M2789	"2023-09-18 15:16:08"	21	i	0.0104555712	3
M2789	"2023-09-18 15:16:08"	22	i	0.0022699390	2
M2789	"2023-09-18 15:16:08"	23	i	0.0132383878	8
M2789	"2023-09-18 15:16:08"	24	i	0.0015120857	7
M2789	"2023-09-18 15:16:08"	25	i	0.0018049914	5
M2789	"2023-09-18 15:16:08"	26	i	0.0016456440	4
M2789	"2023-09-18 15:16:08"	27	i	0.0006400880	2
M2789	"2023-09-18 15:16:08"	28	i	0.0011358930	2
M2789	"2023-09-18 15:16:08"	29	i	0.0060396808	2
M3703	"2023-09-20 03:11:03"	1	e	0.0924442727	1
M3703	"2023-09-20 03:11:03"	2	e	0.0015812102	1
M3703	"2023-09-20 03:11:03"	3	e	0.0000010000	1
M3703	"2023-09-20 03:11:03"	4	e	0.0000010000	1
M3703	"2023-09-20 03:11:03"	5	e	0.0000010000	1
M3703	"2023-09-20 03:11:03"	6	e	0.0015650518	1
M3703	"2023-09-20 03:11:03"	7	e	0.0016597075	1
M3703	"2023-09-20 03:11:03"	8	e	0.0000010000	1
M3703	"2023-09-20 03:11:03"	9	e	0.0016592459	1
M3703	"2023-09-20 03:11:03"	10	e	0.0000010000	1
M3703	"2023-09-20 03:11:03"	11	e	0.0408498910	1
M3703	"2023-09-20 03:11:03"	12	e	0.0000010000	1
M3703	"2023-09-20 03:11:03"	13	e	0.0000010000	1
M3703	"2023-09-20 03:11:03"	14	e	0.0031358591	1
M3703	"2023-09-20 03:11:03"	15	e	0.0000010000	1
M3703	"2023-09-20 03:11:03"	16	e	0.0000010000	1
M3703	"2023-09-20 03:11:03"	17	i	0.0402188787	5
M3703	"2023-09-20 03:11:03"	18	i	0.0355363096	6
M3703	"2023-09-20 03:11:03"	19	i	0.0229017243	4
M3703	"2023-09-20 03:11:03"	20	i	0.0000010000	3
M3703	"2023-09-20 03:11:03"	21	i	0.0016486394	2
M3703	"2023-09-20 03:11:03"	22	i	0.0144695869	6
M3703	"2023-09-20 03:11:03"	23	i	0.0015662735	4
M3703	"2023-09-20 03:11:03"	24	i	0.0000010000	2
M3703	"2023-09-20 03:11:03"	25	i	0.0000010000	2
M3703	"2023-09-20 03:11:03"	26	i	0.0000010000	2
M3703	"2023-09-20 03:11:03"	27	i	0.0537638300	4
M3703	"2023-09-20 03:11:03"	28	i	0.0000010000	3
M3703	"2023-09-20 03:11:03"	29	i	0.0016592723	2
M2635	"2023-09-18 17:52:22"	1	e	0.0000010000	1
M2635	"2023-09-18 17:52:22"	2	e	0.0149527057	1
M2635	"2023-09-18 17:52:22"	3	e	0.0150351944	1
M2635	"2023-09-18 17:52:22"	4	e	0.0074847949	1
M2635	"2023-09-18 17:52:22"	5	e	0.0000010000	1
M2635	"2023-09-18 17:52:22"	6	e	0.0229648740	1
M2635	"2023-09-18 17:52:22"	7	e	0.0146225996	1
M2635	"2023-09-18 17:52:22"	8	e	0.0896704772	1
M2635	"2023-09-18 17:52:22"	9	e	0.0780481427	1
M2635	"2023-09-18 17:52:22"	10	e	0.0363946753	1
M2635	"2023-09-18 17:52:22"	11	e	0.0015013477	1
M2635	"2023-09-18 17:52:22"	12	e	0.0587809645	1
M2635	"2023-09-18 17:52:22"	13	e	0.0724091155	1
M2635	"2023-09-18 17:52:22"	14	e	0.1417528936	1
M2635	"2023-09-18 17:52:22"	15	e	0.0705281567	1
M2635	"2023-09-18 17:52:22"	16	e	0.1074710538	1
M2635	"2023-09-18 17:52:22"	17	i	0.0073854519	2
M2635	"2023-09-18 17:52:22"	18	i	0.0000010000	4
M2635	"2023-09-18 17:52:22"	19	i	0.0146743024	3
M2635	"2023-09-18 17:52:22"	20	i	0.0228895511	2
M2635	"2023-09-18 17:52:22"	21	i	0.0070822663	6
M2635	"2023-09-18 17:52:22"	22	i	0.0714400398	7
M2635	"2023-09-18 17:52:22"	23	i	0.0730370673	7
M2635	"2023-09-18 17:52:22"	24	i	0.0319057887	3
M2635	"2023-09-18 17:52:22"	25	i	0.1619338594	2
M2635	"2023-09-18 17:52:22"	26	i	0.0609283084	4
M2635	"2023-09-18 17:52:22"	27	i	0.0282291042	2
M2635	"2023-09-18 17:52:22"	28	i	0.1403579989	2
M2635	"2023-09-18 17:52:22"	29	i	0.0290732349	2
M3905	"2023-09-18 20:55:50"	1	e	0.0000010000	1
M3905	"2023-09-18 20:55:50"	2	e	0.0000010000	1
M3905	"2023-09-18 20:55:50"	3	e	0.0130911814	1
M3905	"2023-09-18 20:55:50"	4	e	0.0000010000	1
M3905	"2023-09-18 20:55:50"	5	e	0.0000010000	1
M3905	"2023-09-18 20:55:50"	6	e	0.0000010000	1
M3905	"2023-09-18 20:55:50"	7	e	0.0000010000	1
M3905	"2023-09-18 20:55:50"	8	e	0.0036714852	1
M3905	"2023-09-18 20:55:50"	9	e	0.0000010000	1
M3905	"2023-09-18 20:55:50"	10	e	0.0247527487	1
M3905	"2023-09-18 20:55:50"	11	e	0.0453998355	1
M3905	"2023-09-18 20:55:50"	12	e	0.0818970032	1
M3905	"2023-09-18 20:55:50"	13	e	0.0156477903	1
M3905	"2023-09-18 20:55:50"	14	e	0.0141591495	1
M3905	"2023-09-18 20:55:50"	15	e	0.0000010000	1
M3905	"2023-09-18 20:55:50"	16	e	0.0000010000	1
M3905	"2023-09-18 20:55:50"	17	i	0.0000010000	2
M3905	"2023-09-18 20:55:50"	18	i	0.0000010000	3
M3905	"2023-09-18 20:55:50"	19	i	0.0144691178	4
M3905	"2023-09-18 20:55:50"	20	i	0.0058275605	5
M3905	"2023-09-18 20:55:50"	21	i	0.0067025521	4
M3905	"2023-09-18 20:55:50"	22	i	0.0000010000	3
M3905	"2023-09-18 20:55:50"	23	i	0.0000010000	2
M3905	"2023-09-18 20:55:50"	24	i	0.0065572792	7
M3905	"2023-09-18 20:55:50"	25	i	0.0035977009	6
M3905	"2023-09-18 20:55:50"	26	i	0.0264778427	5
M3905	"2023-09-18 20:55:50"	27	i	0.0280443925	3
M3905	"2023-09-18 20:55:50"	28	i	0.1601141230	2
M3905	"2023-09-18 20:55:50"	29	i	0.0141208167	2
M6768	"2023-09-19 22:08:44"	1	e	0.0011187342	1
M6768	"2023-09-19 22:08:44"	2	e	0.0011723499	1
M6768	"2023-09-19 22:08:44"	3	e	0.0150004161	1
M6768	"2023-09-19 22:08:44"	4	e	0.0031695762	1
M6768	"2023-09-19 22:08:44"	5	e	0.0019874697	1
M6768	"2023-09-19 22:08:44"	6	e	0.0263265934	1
M6768	"2023-09-19 22:08:44"	7	e	0.0202471721	1
M6768	"2023-09-19 22:08:44"	8	e	0.0315553195	1
M6768	"2023-09-19 22:08:44"	9	e	0.0241144488	1
M6768	"2023-09-19 22:08:44"	10	e	0.0394035257	1
M6768	"2023-09-19 22:08:44"	11	e	0.0470702450	1
M6768	"2023-09-19 22:08:44"	12	e	0.0692714579	1
M6768	"2023-09-19 22:08:44"	13	e	0.0167596106	1
M6768	"2023-09-19 22:08:44"	14	e	0.0124204335	1
M6768	"2023-09-19 22:08:44"	15	e	0.0014321102	1
M6768	"2023-09-19 22:08:44"	16	e	0.0015277951	1
M6768	"2023-09-19 22:08:44"	17	i	0.0926510470	2
M6768	"2023-09-19 22:08:44"	18	i	0.0014516899	7
M6768	"2023-09-19 22:08:44"	19	i	0.0330776431	3
M6768	"2023-09-19 22:08:44"	20	i	0.0099986917	2
M6768	"2023-09-19 22:08:44"	21	i	0.0186904755	4
M6768	"2023-09-19 22:08:44"	22	i	0.0106467996	3
M6768	"2023-09-19 22:08:44"	23	i	0.0084265233	2
M6768	"2023-09-19 22:08:44"	24	i	0.0084750934	7
M6768	"2023-09-19 22:08:44"	25	i	0.0028270340	6
M6768	"2023-09-19 22:08:44"	26	i	0.0035884197	5
M6768	"2023-09-19 22:08:44"	27	i	0.0309421814	3
M6768	"2023-09-19 22:08:44"	28	i	0.0018998248	2
M6768	"2023-09-19 22:08:44"	29	i	0.0107045183	2
M2480	"2023-09-19 00:27:18"	1	e	0.0972335856	1
M2480	"2023-09-19 00:27:18"	2	e	0.0509998605	1
M2480	"2023-09-19 00:27:18"	3	e	0.0490440365	1
M2480	"2023-09-19 00:27:18"	4	e	0.0278203397	1
M2480	"2023-09-19 00:27:18"	5	e	0.0246214340	1
M2480	"2023-09-19 00:27:18"	6	e	0.0469590036	1
M2480	"2023-09-19 00:27:18"	7	e	0.0467851813	1
M2480	"2023-09-19 00:27:18"	8	e	0.0428935706	1
M2480	"2023-09-19 00:27:18"	9	e	0.0516302025	1
M2480	"2023-09-19 00:27:18"	10	e	0.0471237481	1
M2480	"2023-09-19 00:27:18"	11	e	0.0818888717	1
M2480	"2023-09-19 00:27:18"	12	e	0.0564720736	1
M2480	"2023-09-19 00:27:18"	13	e	0.0510152495	1
M2480	"2023-09-19 00:27:18"	14	e	0.0365463039	1
M2480	"2023-09-19 00:27:18"	15	e	0.1823261560	1
M2480	"2023-09-19 00:27:18"	16	e	0.1684024170	1
M2480	"2023-09-19 00:27:18"	17	i	0.0128382011	3
M2480	"2023-09-19 00:27:18"	18	i	0.0209591757	4
M2480	"2023-09-19 00:27:18"	19	i	0.0754437978	5
M2480	"2023-09-19 00:27:18"	20	i	0.0217745651	7
M2480	"2023-09-19 00:27:18"	21	i	0.0215437480	8
M2480	"2023-09-19 00:27:18"	22	i	0.0226324285	7
M2480	"2023-09-19 00:27:18"	23	i	0.0076874788	6
M2480	"2023-09-19 00:27:18"	24	i	0.0944531723	4
M2480	"2023-09-19 00:27:18"	25	i	0.0004711920	3
M2480	"2023-09-19 00:27:18"	26	i	0.0354560756	2
M2480	"2023-09-19 00:27:18"	27	i	0.0168053623	2
M2480	"2023-09-19 00:27:18"	28	i	0.0668641617	2
M2480	"2023-09-19 00:27:18"	29	i	0.0316872060	2
M12534	"2023-09-18 12:04:17"	1	e	0.0000010000	1
M12534	"2023-09-18 12:04:17"	2	e	0.0000010000	1
M12534	"2023-09-18 12:04:17"	3	e	0.0000010000	1
M12534	"2023-09-18 12:04:17"	4	e	0.0000010000	1
M12534	"2023-09-18 12:04:17"	5	e	0.0000010000	1
M12534	"2023-09-18 12:04:17"	6	e	0.0000010000	1
M12534	"2023-09-18 12:04:17"	7	e	0.0000010000	1
M12534	"2023-09-18 12:04:17"	8	e	0.0000010000	1
M12534	"2023-09-18 12:04:17"	9	e	0.0000010000	1
M12534	"2023-09-18 12:04:17"	10	e	0.0000010000	1
M12534	"2023-09-18 12:04:17"	11	e	0.0000010000	1
M12534	"2023-09-18 12:04:17"	12	e	0.0000010000	1
M12534	"2023-09-18 12:04:17"	13	e	0.0000010000	1
M12534	"2023-09-18 12:04:17"	14	e	0.0000010000	1
M12534	"2023-09-18 12:04:17"	15	e	0.0000010000	1
M12534	"2023-09-18 12:04:17"	16	e	0.0000010000	1
M12534	"2023-09-18 12:04:17"	17	i	0.0000010000	4
M12534	"2023-09-18 12:04:17"	18	i	0.0000010000	6
M12534	"2023-09-18 12:04:17"	19	i	0.0000010000	8
M12534	"2023-09-18 12:04:17"	20	i	0.0000010000	7
M12534	"2023-09-18 12:04:17"	21	i	0.0000010000	6
M12534	"2023-09-18 12:04:17"	22	i	0.0171284871	5
M12534	"2023-09-18 12:04:17"	23	i	0.0000010000	4
M12534	"2023-09-18 12:04:17"	24	i	0.0000010000	3
M12534	"2023-09-18 12:04:17"	25	i	0.0000010000	2
M12534	"2023-09-18 12:04:17"	26	i	0.0000010000	2
M12534	"2023-09-18 12:04:17"	27	i	0.0000010000	2
M12534	"2023-09-18 12:04:17"	28	i	0.0000010000	3
M12534	"2023-09-18 12:04:17"	29	i	0.0000010000	2
M12542	"2023-09-18 11:42:19"	1	e	0.0000010000	1
M12542	"2023-09-18 11:42:19"	2	e	0.0000010000	1
M12542	"2023-09-18 11:42:19"	3	e	0.0000010000	1
M12542	"2023-09-18 11:42:19"	4	e	0.0000010000	1
M12542	"2023-09-18 11:42:19"	5	e	0.0000010000	1
M12542	"2023-09-18 11:42:19"	6	e	0.0000010000	1
M12542	"2023-09-18 11:42:19"	7	e	0.0000010000	1
M12542	"2023-09-18 11:42:19"	8	e	0.0000010000	1
M12542	"2023-09-18 11:42:19"	9	e	0.0000010000	1
M12542	"2023-09-18 11:42:19"	10	e	0.0000010000	1
M12542	"2023-09-18 11:42:19"	11	e	0.0000010000	1
M12542	"2023-09-18 11:42:19"	12	e	0.0000010000	1
M12542	"2023-09-18 11:42:19"	13	e	0.0000010000	1
M12542	"2023-09-18 11:42:19"	14	e	0.0000010000	1
M12542	"2023-09-18 11:42:19"	15	e	0.0000010000	1
M12542	"2023-09-18 11:42:19"	16	e	0.0000010000	1
M12542	"2023-09-18 11:42:19"	17	i	0.0000010000	2
M12542	"2023-09-18 11:42:19"	18	i	0.0000010000	4
M12542	"2023-09-18 11:42:19"	19	i	0.0000010000	5
M12542	"2023-09-18 11:42:19"	20	i	0.0051993276	6
M12542	"2023-09-18 11:42:19"	21	i	0.0000010000	2
M12542	"2023-09-18 11:42:19"	22	i	0.0000010000	4
M12542	"2023-09-18 11:42:19"	23	i	0.0000010000	2
M12542	"2023-09-18 11:42:19"	24	i	0.0000010000	2
M12542	"2023-09-18 11:42:19"	25	i	0.0104349509	5
M12542	"2023-09-18 11:42:19"	26	i	0.0000010000	4
M12542	"2023-09-18 11:42:19"	27	i	0.0000010000	3
M12542	"2023-09-18 11:42:19"	28	i	0.0000010000	2
M12542	"2023-09-18 11:42:19"	29	i	0.0000010000	2
M40445	"2023-09-19 12:24:18"	1	e	0.0000018403	1
M40445	"2023-09-19 12:24:18"	2	e	0.0641892948	1
M40445	"2023-09-19 12:24:18"	3	e	0.0028246403	1
M40445	"2023-09-19 12:24:18"	4	e	0.0076087020	1
M40445	"2023-09-19 12:24:18"	5	e	0.0319582931	1
M40445	"2023-09-19 12:24:18"	6	e	0.0167554491	1
M40445	"2023-09-19 12:24:18"	7	e	0.0100437975	1
M40445	"2023-09-19 12:24:18"	8	e	0.0000022647	1
M40445	"2023-09-19 12:24:18"	9	e	0.0128504967	1
M40445	"2023-09-19 12:24:18"	10	e	0.0206573919	1
M40445	"2023-09-19 12:24:18"	11	e	0.0000020202	1
M40445	"2023-09-19 12:24:18"	12	e	0.0150005516	1
M40445	"2023-09-19 12:24:18"	13	e	0.0013444163	1
M40445	"2023-09-19 12:24:18"	14	e	0.0008486030	1
M40445	"2023-09-19 12:24:18"	15	e	0.0268859535	1
M40445	"2023-09-19 12:24:18"	16	e	0.0013594497	1
M40445	"2023-09-19 12:24:18"	17	i	0.0370263505	2
M40445	"2023-09-19 12:24:18"	18	i	0.0037173508	3
M40445	"2023-09-19 12:24:18"	19	i	0.0254730593	7
M40445	"2023-09-19 12:24:18"	20	i	0.0128447202	3
M40445	"2023-09-19 12:24:18"	21	i	0.0278220724	2
M40445	"2023-09-19 12:24:18"	22	i	0.0976579289	4
M40445	"2023-09-19 12:24:18"	23	i	0.0124604912	2
M40445	"2023-09-19 12:24:18"	24	i	0.0286798560	2
M40445	"2023-09-19 12:24:18"	25	i	0.0063649182	6
M40445	"2023-09-19 12:24:18"	26	i	0.0058008661	5
M40445	"2023-09-19 12:24:18"	27	i	0.0262076416	3
M40445	"2023-09-19 12:24:18"	28	i	0.0032316198	2
M40445	"2023-09-19 12:24:18"	29	i	0.0225116164	2
M25439	"2023-09-18 14:49:03"	1	e	0.0316961264	1
M25439	"2023-09-18 14:49:03"	2	e	0.0247269299	1
M25439	"2023-09-18 14:49:03"	3	e	0.0477939225	1
M25439	"2023-09-18 14:49:03"	4	e	0.0463748632	1
M25439	"2023-09-18 14:49:03"	5	e	0.0678001367	1
M25439	"2023-09-18 14:49:03"	6	e	0.0781487081	1
M25439	"2023-09-18 14:49:03"	7	e	0.0255238833	1
M25439	"2023-09-18 14:49:03"	8	e	0.0788441221	1
M25439	"2023-09-18 14:49:03"	9	e	0.1028644379	1
M25439	"2023-09-18 14:49:03"	10	e	0.0248069736	1
M25439	"2023-09-18 14:49:03"	11	e	0.0888267079	1
M25439	"2023-09-18 14:49:03"	12	e	0.1083367386	1
M25439	"2023-09-18 14:49:03"	13	e	0.0464833748	1
M25439	"2023-09-18 14:49:03"	14	e	0.0385806854	1
M25439	"2023-09-18 14:49:03"	15	e	0.0595425346	1
M25439	"2023-09-18 14:49:03"	16	e	0.0657691871	1
M25439	"2023-09-18 14:49:03"	17	i	0.0469419532	2
M25439	"2023-09-18 14:49:03"	18	i	0.0051767961	5
M25439	"2023-09-18 14:49:03"	19	i	0.0060723968	7
M25439	"2023-09-18 14:49:03"	20	i	0.0233937828	6
M25439	"2023-09-18 14:49:03"	21	i	0.0165935314	5
M25439	"2023-09-18 14:49:03"	22	i	0.0238370481	4
M25439	"2023-09-18 14:49:03"	23	i	0.0241095073	2
M25439	"2023-09-18 14:49:03"	24	i	0.0102740737	2
M25439	"2023-09-18 14:49:03"	25	i	0.0012695567	4
M25439	"2023-09-18 14:49:03"	26	i	0.0497208484	3
M25439	"2023-09-18 14:49:03"	27	i	0.0130837433	2
M25439	"2023-09-18 14:49:03"	28	i	0.0193769421	3
M25439	"2023-09-18 14:49:03"	29	i	0.1208602765	2
M3552	"2023-09-20 01:03:01"	1	e	0.0243787870	1
M3552	"2023-09-20 01:03:01"	2	e	0.0133744181	1
M3552	"2023-09-20 01:03:01"	3	e	0.0148678545	1
M3552	"2023-09-20 01:03:01"	4	e	0.0023134106	1
M3552	"2023-09-20 01:03:01"	5	e	0.0072065571	1
M3552	"2023-09-20 01:03:01"	6	e	0.0572649891	1
M3552	"2023-09-20 01:03:01"	7	e	0.0472809824	1
M3552	"2023-09-20 01:03:01"	8	e	0.0704382974	1
M3552	"2023-09-20 01:03:01"	9	e	0.0641810208	1
M3552	"2023-09-20 01:03:01"	10	e	0.0366987828	1
M3552	"2023-09-20 01:03:01"	11	e	0.0833642769	1
M3552	"2023-09-20 01:03:01"	12	e	0.1336927426	1
M3552	"2023-09-20 01:03:01"	13	e	0.0380215449	1
M3552	"2023-09-20 01:03:01"	14	e	0.0378823334	1
M3552	"2023-09-20 01:03:01"	15	e	0.0736931116	1
M3552	"2023-09-20 01:03:01"	16	e	0.0829124656	1
M3552	"2023-09-20 01:03:01"	17	i	0.0248588248	2
M3552	"2023-09-20 01:03:01"	18	i	0.0031481054	3
M3552	"2023-09-20 01:03:01"	19	i	0.0707781629	2
M3552	"2023-09-20 01:03:01"	20	i	0.0009506480	5
M3552	"2023-09-20 01:03:01"	21	i	0.0078497915	7
M3552	"2023-09-20 01:03:01"	22	i	0.0939934272	6
M3552	"2023-09-20 01:03:01"	23	i	0.0364416698	2
M3552	"2023-09-20 01:03:01"	24	i	0.0328049888	4
M3552	"2023-09-20 01:03:01"	25	i	0.0082152909	3
M3552	"2023-09-20 01:03:01"	26	i	0.0506319474	2
M3552	"2023-09-20 01:03:01"	27	i	0.0670954403	4
M3552	"2023-09-20 01:03:01"	28	i	0.0014110565	3
M3552	"2023-09-20 01:03:01"	29	i	0.0143690368	2
M35839	"2023-09-19 21:47:28"	1	e	0.0000010000	1
M35839	"2023-09-19 21:47:28"	2	e	0.0000010000	1
M35839	"2023-09-19 21:47:28"	3	e	0.0000010000	1
M35839	"2023-09-19 21:47:28"	4	e	0.0000010000	1
M35839	"2023-09-19 21:47:28"	5	e	0.0000010000	1
M35839	"2023-09-19 21:47:28"	6	e	0.0000010000	1
M35839	"2023-09-19 21:47:28"	7	e	0.0000010000	1
M35839	"2023-09-19 21:47:28"	8	e	0.0000010000	1
M35839	"2023-09-19 21:47:28"	9	e	0.0000010000	1
M35839	"2023-09-19 21:47:28"	10	e	0.0000010000	1
M35839	"2023-09-19 21:47:28"	11	e	0.0000010000	1
M35839	"2023-09-19 21:47:28"	12	e	0.0023903269	1
M35839	"2023-09-19 21:47:28"	13	e	0.0000010000	1
M35839	"2023-09-19 21:47:28"	14	e	0.0172988258	1
M35839	"2023-09-19 21:47:28"	15	e	0.0000010000	1
M35839	"2023-09-19 21:47:28"	16	e	0.0000010000	1
M35839	"2023-09-19 21:47:28"	17	i	0.0000010000	4
M35839	"2023-09-19 21:47:28"	18	i	0.0000010000	2
M35839	"2023-09-19 21:47:28"	19	i	0.0000010000	2
M35839	"2023-09-19 21:47:28"	20	i	0.0000010000	5
M35839	"2023-09-19 21:47:28"	21	i	0.0091277979	6
M35839	"2023-09-19 21:47:28"	22	i	0.0048116361	6
M35839	"2023-09-19 21:47:28"	23	i	0.0042532275	3
M35839	"2023-09-19 21:47:28"	24	i	0.0000010000	2
M35839	"2023-09-19 21:47:28"	25	i	0.0029119230	3
M35839	"2023-09-19 21:47:28"	26	i	0.0000010000	2
M35839	"2023-09-19 21:47:28"	27	i	0.0029085757	4
M35839	"2023-09-19 21:47:28"	28	i	0.0000010000	3
M35839	"2023-09-19 21:47:28"	29	i	0.0000010000	2
M36721	"2023-09-21 03:51:01"	1	e	0.0261489022	1
M36721	"2023-09-21 03:51:01"	2	e	0.0324078452	1
M36721	"2023-09-21 03:51:01"	3	e	0.0433883527	1
M36721	"2023-09-21 03:51:01"	4	e	0.0370588187	1
M36721	"2023-09-21 03:51:01"	5	e	0.0041934798	1
M36721	"2023-09-21 03:51:01"	6	e	0.0018353131	1
M36721	"2023-09-21 03:51:01"	7	e	0.0000010000	1
M36721	"2023-09-21 03:51:01"	8	e	0.0000010000	1
M36721	"2023-09-21 03:51:01"	9	e	0.0000010000	1
M36721	"2023-09-21 03:51:01"	10	e	0.0000010000	1
M36721	"2023-09-21 03:51:01"	11	e	0.0000010000	1
M36721	"2023-09-21 03:51:01"	12	e	0.0000010000	1
M36721	"2023-09-21 03:51:01"	13	e	0.0012372136	1
M36721	"2023-09-21 03:51:01"	14	e	0.0000011048	1
M36721	"2023-09-21 03:51:01"	15	e	0.0314202110	1
M36721	"2023-09-21 03:51:01"	16	e	0.0374443988	1
M36721	"2023-09-21 03:51:01"	17	i	0.0074559483	2
M36721	"2023-09-21 03:51:01"	18	i	0.0421558275	3
M36721	"2023-09-21 03:51:01"	19	i	0.0482374392	3
M36721	"2023-09-21 03:51:01"	20	i	0.0153514667	2
M36721	"2023-09-21 03:51:01"	21	i	0.0423551402	6
M36721	"2023-09-21 03:51:01"	22	i	0.0410206950	8
M36721	"2023-09-21 03:51:01"	23	i	0.0310571895	2
M36721	"2023-09-21 03:51:01"	24	i	0.0539985912	6
M36721	"2023-09-21 03:51:01"	25	i	0.0000010000	5
M36721	"2023-09-21 03:51:01"	26	i	0.0000010000	3
M36721	"2023-09-21 03:51:01"	27	i	0.0000010000	2
M36721	"2023-09-21 03:51:01"	28	i	0.0000010000	2
M36721	"2023-09-21 03:51:01"	29	i	0.0632000232	2
M8588	"2023-09-22 01:09:23"	1	e	0.0153796488	1
M8588	"2023-09-22 01:09:23"	2	e	0.0129497216	1
M8588	"2023-09-22 01:09:23"	3	e	0.0331091728	1
M8588	"2023-09-22 01:09:23"	4	e	0.0541685524	1
M8588	"2023-09-22 01:09:23"	5	e	0.0495675415	1
M8588	"2023-09-22 01:09:23"	6	e	0.0412910103	1
M8588	"2023-09-22 01:09:23"	7	e	0.0244391437	1
M8588	"2023-09-22 01:09:23"	8	e	0.0253854924	1
M8588	"2023-09-22 01:09:23"	9	e	0.0328554981	1
M8588	"2023-09-22 01:09:23"	10	e	0.0584939635	1
M8588	"2023-09-22 01:09:23"	11	e	0.0594153240	1
M8588	"2023-09-22 01:09:23"	12	e	0.1056655318	1
M8588	"2023-09-22 01:09:23"	13	e	0.1130037635	1
M8588	"2023-09-22 01:09:23"	14	e	0.1304761922	1
M8588	"2023-09-22 01:09:23"	15	e	0.0386380301	1
M8588	"2023-09-22 01:09:23"	16	e	0.0340713640	1
M8588	"2023-09-22 01:09:23"	17	i	0.0123947618	2
M8588	"2023-09-22 01:09:23"	18	i	0.0015515345	3
M8588	"2023-09-22 01:09:23"	19	i	0.0063954844	4
M8588	"2023-09-22 01:09:23"	20	i	0.0031341581	5
M8588	"2023-09-22 01:09:23"	21	i	0.0163412644	6
M8588	"2023-09-22 01:09:23"	22	i	0.0012508837	7
M8588	"2023-09-22 01:09:23"	23	i	0.0089412794	2
M8588	"2023-09-22 01:09:23"	24	i	0.0009819894	5
M8588	"2023-09-22 01:09:23"	25	i	0.0021797618	4
M8588	"2023-09-22 01:09:23"	26	i	0.0205983463	2
M8588	"2023-09-22 01:09:23"	27	i	0.0135688834	2
M8588	"2023-09-22 01:09:23"	28	i	0.0027285282	3
M8588	"2023-09-22 01:09:23"	29	i	0.0174586310	2
M37167	"2023-09-19 22:05:34"	1	e	0.0000010000	1
M37167	"2023-09-19 22:05:34"	2	e	0.0000010000	1
M37167	"2023-09-19 22:05:34"	3	e	0.0000010000	1
M37167	"2023-09-19 22:05:34"	4	e	0.0000010000	1
M37167	"2023-09-19 22:05:34"	5	e	0.0000010000	1
M37167	"2023-09-19 22:05:34"	6	e	0.0037232926	1
M37167	"2023-09-19 22:05:34"	7	e	0.0003670200	1
M37167	"2023-09-19 22:05:34"	8	e	0.0000010000	1
M37167	"2023-09-19 22:05:34"	9	e	0.0000010000	1
M37167	"2023-09-19 22:05:34"	10	e	0.0061579084	1
M37167	"2023-09-19 22:05:34"	11	e	0.0007531385	1
M37167	"2023-09-19 22:05:34"	12	e	0.0000010000	1
M37167	"2023-09-19 22:05:34"	13	e	0.0003550517	1
M37167	"2023-09-19 22:05:34"	14	e	0.0000010000	1
M37167	"2023-09-19 22:05:34"	15	e	0.0000010000	1
M37167	"2023-09-19 22:05:34"	16	e	0.1399087290	1
M37167	"2023-09-19 22:05:34"	17	i	0.0000010000	2
M37167	"2023-09-19 22:05:34"	18	i	0.0000010000	3
M37167	"2023-09-19 22:05:34"	19	i	0.0007110587	4
M37167	"2023-09-19 22:05:34"	20	i	0.0056910110	6
M37167	"2023-09-19 22:05:34"	21	i	0.0049609235	7
M37167	"2023-09-19 22:05:34"	22	i	0.0014089373	8
M37167	"2023-09-19 22:05:34"	23	i	0.0054765530	5
M37167	"2023-09-19 22:05:34"	24	i	0.0000010000	4
M37167	"2023-09-19 22:05:34"	25	i	0.0000010000	3
M37167	"2023-09-19 22:05:34"	26	i	0.0000010000	2
M37167	"2023-09-19 22:05:34"	27	i	0.0029456328	3
M37167	"2023-09-19 22:05:34"	28	i	0.0241934094	2
M37167	"2023-09-19 22:05:34"	29	i	0.0014166258	2
M12554	"2023-09-19 14:37:59"	1	e	0.0000010000	1
M12554	"2023-09-19 14:37:59"	2	e	0.0000010000	1
M12554	"2023-09-19 14:37:59"	3	e	0.0000010000	1
M12554	"2023-09-19 14:37:59"	4	e	0.0000010000	1
M12554	"2023-09-19 14:37:59"	5	e	0.0000010000	1
M12554	"2023-09-19 14:37:59"	6	e	0.0000010000	1
M12554	"2023-09-19 14:37:59"	7	e	0.0081744678	1
M12554	"2023-09-19 14:37:59"	8	e	0.0000010000	1
M12554	"2023-09-19 14:37:59"	9	e	0.0000010000	1
M12554	"2023-09-19 14:37:59"	10	e	0.0000010000	1
M12554	"2023-09-19 14:37:59"	11	e	0.0000010000	1
M12554	"2023-09-19 14:37:59"	12	e	0.0000010000	1
M12554	"2023-09-19 14:37:59"	13	e	0.0000010000	1
M12554	"2023-09-19 14:37:59"	14	e	0.0000010000	1
M12554	"2023-09-19 14:37:59"	15	e	0.0000010000	1
M12554	"2023-09-19 14:37:59"	16	e	0.0000010000	1
M12554	"2023-09-19 14:37:59"	17	i	0.0000010000	2
M12554	"2023-09-19 14:37:59"	18	i	0.0000010000	3
M12554	"2023-09-19 14:37:59"	19	i	0.0000010000	7
M12554	"2023-09-19 14:37:59"	20	i	0.0000010000	7
M12554	"2023-09-19 14:37:59"	21	i	0.0000010000	2
M12554	"2023-09-19 14:37:59"	22	i	0.0000010000	5
M12554	"2023-09-19 14:37:59"	23	i	0.0000010000	4
M12554	"2023-09-19 14:37:59"	24	i	0.0000010000	3
M12554	"2023-09-19 14:37:59"	25	i	0.0000010000	2
M12554	"2023-09-19 14:37:59"	26	i	0.0000010000	2
M12554	"2023-09-19 14:37:59"	27	i	0.0000010000	4
M12554	"2023-09-19 14:37:59"	28	i	0.0000010000	3
M12554	"2023-09-19 14:37:59"	29	i	0.0000010000	2
M12537	"2023-09-19 22:19:24"	1	e	0.0000010000	1
M12537	"2023-09-19 22:19:24"	2	e	0.0000010000	1
M12537	"2023-09-19 22:19:24"	3	e	0.0000010000	1
M12537	"2023-09-19 22:19:24"	4	e	0.0000010000	1
M12537	"2023-09-19 22:19:24"	5	e	0.0000010000	1
M12537	"2023-09-19 22:19:24"	6	e	0.0000010000	1
M12537	"2023-09-19 22:19:24"	7	e	0.0000010000	1
M12537	"2023-09-19 22:19:24"	8	e	0.0000010000	1
M12537	"2023-09-19 22:19:24"	9	e	0.0000010000	1
M12537	"2023-09-19 22:19:24"	10	e	0.0000010000	1
M12537	"2023-09-19 22:19:24"	11	e	0.0000010000	1
M12537	"2023-09-19 22:19:24"	12	e	0.0000010000	1
M12537	"2023-09-19 22:19:24"	13	e	0.0000010000	1
M12537	"2023-09-19 22:19:24"	14	e	0.0000010000	1
M12537	"2023-09-19 22:19:24"	15	e	0.0000010000	1
M12537	"2023-09-19 22:19:24"	16	e	0.0000010000	1
M12537	"2023-09-19 22:19:24"	17	i	0.0000010000	7
M12537	"2023-09-19 22:19:24"	18	i	0.0000010000	8
M12537	"2023-09-19 22:19:24"	19	i	0.0000010000	7
M12537	"2023-09-19 22:19:24"	20	i	0.0000010000	6
M12537	"2023-09-19 22:19:24"	21	i	0.0000010000	4
M12537	"2023-09-19 22:19:24"	22	i	0.0000010000	2
M12537	"2023-09-19 22:19:24"	23	i	0.0000010000	2
M12537	"2023-09-19 22:19:24"	24	i	0.0000010000	2
M12537	"2023-09-19 22:19:24"	25	i	0.0000010000	6
M12537	"2023-09-19 22:19:24"	26	i	0.0238115237	5
M12537	"2023-09-19 22:19:24"	27	i	0.0000010000	4
M12537	"2023-09-19 22:19:24"	28	i	0.0000010000	3
M12537	"2023-09-19 22:19:24"	29	i	0.0000010000	2
M12558	"2023-09-19 22:19:53"	1	e	0.0000010000	1
M12558	"2023-09-19 22:19:53"	2	e	0.0000010000	1
M12558	"2023-09-19 22:19:53"	3	e	0.0000010000	1
M12558	"2023-09-19 22:19:53"	4	e	0.0000010000	1
M12558	"2023-09-19 22:19:53"	5	e	0.0067097511	1
M12558	"2023-09-19 22:19:53"	6	e	0.0000010000	1
M12558	"2023-09-19 22:19:53"	7	e	0.0000010000	1
M12558	"2023-09-19 22:19:53"	8	e	0.0000010000	1
M12558	"2023-09-19 22:19:53"	9	e	0.0000010000	1
M12558	"2023-09-19 22:19:53"	10	e	0.0000010000	1
M12558	"2023-09-19 22:19:53"	11	e	0.0000010000	1
M12558	"2023-09-19 22:19:53"	12	e	0.0000010000	1
M12558	"2023-09-19 22:19:53"	13	e	0.0000010000	1
M12558	"2023-09-19 22:19:53"	14	e	0.0000010000	1
M12558	"2023-09-19 22:19:53"	15	e	0.0000010000	1
M12558	"2023-09-19 22:19:53"	16	e	0.0000010000	1
M12558	"2023-09-19 22:19:53"	17	i	0.0000010000	4
M12558	"2023-09-19 22:19:53"	18	i	0.0000010000	8
M12558	"2023-09-19 22:19:53"	19	i	0.0000010000	7
M12558	"2023-09-19 22:19:53"	20	i	0.0000010000	6
M12558	"2023-09-19 22:19:53"	21	i	0.0135070663	5
M12558	"2023-09-19 22:19:53"	22	i	0.0000010000	4
M12558	"2023-09-19 22:19:53"	23	i	0.0000010000	3
M12558	"2023-09-19 22:19:53"	24	i	0.0000010000	2
M12558	"2023-09-19 22:19:53"	25	i	0.0000010000	4
M12558	"2023-09-19 22:19:53"	26	i	0.0000010000	3
M12558	"2023-09-19 22:19:53"	27	i	0.0000010000	2
M12558	"2023-09-19 22:19:53"	28	i	0.0000010000	3
M12558	"2023-09-19 22:19:53"	29	i	0.0000010000	2
M40133	"2023-09-21 11:11:02"	1	e	0.0000020163	1
M40133	"2023-09-21 11:11:02"	2	e	0.0027068991	1
M40133	"2023-09-21 11:11:02"	3	e	0.0133134502	1
M40133	"2023-09-21 11:11:02"	4	e	0.0078060515	1
M40133	"2023-09-21 11:11:02"	5	e	0.0068466994	1
M40133	"2023-09-21 11:11:02"	6	e	0.0000020688	1
M40133	"2023-09-21 11:11:02"	7	e	0.0000009975	1
M40133	"2023-09-21 11:11:02"	8	e	0.0000009975	1
M40133	"2023-09-21 11:11:02"	9	e	0.0000009975	1
M40133	"2023-09-21 11:11:02"	10	e	0.0000009975	1
M40133	"2023-09-21 11:11:02"	11	e	0.0016148774	1
M40133	"2023-09-21 11:11:02"	12	e	0.0016773585	1
M40133	"2023-09-21 11:11:02"	13	e	0.0051748493	1
M40133	"2023-09-21 11:11:02"	14	e	0.0516617521	1
M40133	"2023-09-21 11:11:02"	15	e	0.0024227973	1
M40133	"2023-09-21 11:11:02"	16	e	0.1210028249	1
M40133	"2023-09-21 11:11:02"	17	i	0.0016000199	4
M40133	"2023-09-21 11:11:02"	18	i	0.0020141501	3
M40133	"2023-09-21 11:11:02"	19	i	0.0112489915	2
M40133	"2023-09-21 11:11:02"	20	i	0.0212932595	5
M40133	"2023-09-21 11:11:02"	21	i	0.0046719765	6
M40133	"2023-09-21 11:11:02"	22	i	0.0053515591	5
M40133	"2023-09-21 11:11:02"	23	i	0.0055011616	4
M40133	"2023-09-21 11:11:02"	24	i	0.0067107136	2
M40133	"2023-09-21 11:11:02"	25	i	0.0071322175	2
M40133	"2023-09-21 11:11:02"	26	i	0.0034373108	5
M40133	"2023-09-21 11:11:02"	27	i	0.0000009975	4
M40133	"2023-09-21 11:11:02"	28	i	0.0016465851	3
M40133	"2023-09-21 11:11:02"	29	i	0.0016040109	2
M16824	"2023-09-19 19:45:40"	1	e	0.0000010000	1
M16824	"2023-09-19 19:45:40"	2	e	0.0000010000	1
M16824	"2023-09-19 19:45:40"	3	e	0.0000010000	1
M16824	"2023-09-19 19:45:40"	4	e	0.0000010000	1
M16824	"2023-09-19 19:45:40"	5	e	0.0000010000	1
M16824	"2023-09-19 19:45:40"	6	e	0.0000010000	1
M16824	"2023-09-19 19:45:40"	7	e	0.0000010000	1
M16824	"2023-09-19 19:45:40"	8	e	0.0000010000	1
M16824	"2023-09-19 19:45:40"	9	e	0.0000010000	1
M16824	"2023-09-19 19:45:40"	10	e	0.0000010000	1
M16824	"2023-09-19 19:45:40"	11	e	0.0000010000	1
M16824	"2023-09-19 19:45:40"	12	e	0.0000010000	1
M16824	"2023-09-19 19:45:40"	13	e	0.0000010000	1
M16824	"2023-09-19 19:45:40"	14	e	0.0000010000	1
M16824	"2023-09-19 19:45:40"	15	e	0.0000010000	1
M16824	"2023-09-19 19:45:40"	16	e	0.0000010000	1
M16824	"2023-09-19 19:45:40"	17	i	0.0000010000	2
M16824	"2023-09-19 19:45:40"	18	i	0.0000010000	3
M16824	"2023-09-19 19:45:40"	19	i	0.0052724294	4
M16824	"2023-09-19 19:45:40"	20	i	0.0000010000	3
M16824	"2023-09-19 19:45:40"	21	i	0.0000010000	2
M16824	"2023-09-19 19:45:40"	22	i	0.0017533614	7
M16824	"2023-09-19 19:45:40"	23	i	0.0000010000	6
M16824	"2023-09-19 19:45:40"	24	i	0.0000010000	3
M16824	"2023-09-19 19:45:40"	25	i	0.0000010000	2
M16824	"2023-09-19 19:45:40"	26	i	0.0017533614	3
M16824	"2023-09-19 19:45:40"	27	i	0.0000010000	2
M16824	"2023-09-19 19:45:40"	28	i	0.0159298024	3
M16824	"2023-09-19 19:45:40"	29	i	0.0000010000	2
M24210	"2023-09-20 13:04:10"	1	e	0.0054605699	1
M24210	"2023-09-20 13:04:10"	2	e	0.0000010000	1
M24210	"2023-09-20 13:04:10"	3	e	0.0033232080	1
M24210	"2023-09-20 13:04:10"	4	e	0.0000010000	1
M24210	"2023-09-20 13:04:10"	5	e	0.0000010000	1
M24210	"2023-09-20 13:04:10"	6	e	0.0022154952	1
M24210	"2023-09-20 13:04:10"	7	e	0.0000010000	1
M24210	"2023-09-20 13:04:10"	8	e	0.0000010000	1
M24210	"2023-09-20 13:04:10"	9	e	0.0068795218	1
M24210	"2023-09-20 13:04:10"	10	e	0.0011339379	1
M24210	"2023-09-20 13:04:10"	11	e	0.0415643364	1
M24210	"2023-09-20 13:04:10"	12	e	0.0000010000	1
M24210	"2023-09-20 13:04:10"	13	e	0.0000010000	1
M24210	"2023-09-20 13:04:10"	14	e	0.0000010000	1
M24210	"2023-09-20 13:04:10"	15	e	0.0157102097	1
M24210	"2023-09-20 13:04:10"	16	e	0.0011030260	1
M24210	"2023-09-20 13:04:10"	17	i	0.0199612858	4
M24210	"2023-09-20 13:04:10"	18	i	0.0021573497	7
M24210	"2023-09-20 13:04:10"	19	i	0.0013893738	8
M24210	"2023-09-20 13:04:10"	20	i	0.0040042252	7
M24210	"2023-09-20 13:04:10"	21	i	0.0038902208	4
M24210	"2023-09-20 13:04:10"	22	i	0.0000010000	3
M24210	"2023-09-20 13:04:10"	23	i	0.0000010000	2
M24210	"2023-09-20 13:04:10"	24	i	0.0140749893	3
M24210	"2023-09-20 13:04:10"	25	i	0.0011303462	2
M24210	"2023-09-20 13:04:10"	26	i	0.0153925292	3
M24210	"2023-09-20 13:04:10"	27	i	0.0698840689	2
M24210	"2023-09-20 13:04:10"	28	i	0.0084847810	3
M24210	"2023-09-20 13:04:10"	29	i	0.0011093381	2
M35840	"2023-09-21 02:33:08"	1	e	0.0020103957	1
M35840	"2023-09-21 02:33:08"	2	e	0.0000010000	1
M35840	"2023-09-21 02:33:08"	3	e	0.0020133067	1
M35840	"2023-09-21 02:33:08"	4	e	0.0020103957	1
M35840	"2023-09-21 02:33:08"	5	e	0.0000010000	1
M35840	"2023-09-21 02:33:08"	6	e	0.0000010000	1
M35840	"2023-09-21 02:33:08"	7	e	0.0000010000	1
M35840	"2023-09-21 02:33:08"	8	e	0.0000010000	1
M35840	"2023-09-21 02:33:08"	9	e	0.0020103942	1
M35840	"2023-09-21 02:33:08"	10	e	0.0084021365	1
M35840	"2023-09-21 02:33:08"	11	e	0.0000010000	1
M35840	"2023-09-21 02:33:08"	12	e	0.0000010000	1
M35840	"2023-09-21 02:33:08"	13	e	0.0000010000	1
M35840	"2023-09-21 02:33:08"	14	e	0.0000010000	1
M35840	"2023-09-21 02:33:08"	15	e	0.0000010000	1
M35840	"2023-09-21 02:33:08"	16	e	0.0000010000	1
M35840	"2023-09-21 02:33:08"	17	i	0.0000010000	4
M35840	"2023-09-21 02:33:08"	18	i	0.0000010000	3
M35840	"2023-09-21 02:33:08"	19	i	0.0000010000	2
M35840	"2023-09-21 02:33:08"	20	i	0.0000010000	5
M35840	"2023-09-21 02:33:08"	21	i	0.0040351398	6
M35840	"2023-09-21 02:33:08"	22	i	0.0020134834	7
M35840	"2023-09-21 02:33:08"	23	i	0.0000010000	6
M35840	"2023-09-21 02:33:08"	24	i	0.0000010000	2
M35840	"2023-09-21 02:33:08"	25	i	0.0000010000	4
M35840	"2023-09-21 02:33:08"	26	i	0.0000010000	3
M35840	"2023-09-21 02:33:08"	27	i	0.0000010000	2
M35840	"2023-09-21 02:33:08"	28	i	0.0020135655	3
M35840	"2023-09-21 02:33:08"	29	i	0.0000010000	2
M12543	"2023-09-20 12:57:08"	1	e	0.0000010000	1
M12543	"2023-09-20 12:57:08"	2	e	0.0000010000	1
M12543	"2023-09-20 12:57:08"	3	e	0.0000010000	1
M12543	"2023-09-20 12:57:08"	4	e	0.0000010000	1
M12543	"2023-09-20 12:57:08"	5	e	0.0000010000	1
M12543	"2023-09-20 12:57:08"	6	e	0.0000010000	1
M12543	"2023-09-20 12:57:08"	7	e	0.0000010000	1
M12543	"2023-09-20 12:57:08"	8	e	0.0000010000	1
M12543	"2023-09-20 12:57:08"	9	e	0.0000010000	1
M12543	"2023-09-20 12:57:08"	10	e	0.0000010000	1
M12543	"2023-09-20 12:57:08"	11	e	0.0000010000	1
M12543	"2023-09-20 12:57:08"	12	e	0.0000010000	1
M12543	"2023-09-20 12:57:08"	13	e	0.0000010000	1
M12543	"2023-09-20 12:57:08"	14	e	0.0000010000	1
M12543	"2023-09-20 12:57:08"	15	e	0.0000010000	1
M12543	"2023-09-20 12:57:08"	16	e	0.0000010000	1
M12543	"2023-09-20 12:57:08"	17	i	0.0000010000	2
M12543	"2023-09-20 12:57:08"	18	i	0.0000010000	3
M12543	"2023-09-20 12:57:08"	19	i	0.0000010000	4
M12543	"2023-09-20 12:57:08"	20	i	0.0000010000	5
M12543	"2023-09-20 12:57:08"	21	i	0.0000010000	7
M12543	"2023-09-20 12:57:08"	22	i	0.0000010000	8
M12543	"2023-09-20 12:57:08"	23	i	0.0000010000	3
M12543	"2023-09-20 12:57:08"	24	i	0.0000010000	2
M12543	"2023-09-20 12:57:08"	25	i	0.0073892223	5
M12543	"2023-09-20 12:57:08"	26	i	0.0000010000	4
M12543	"2023-09-20 12:57:08"	27	i	0.0000010000	3
M12543	"2023-09-20 12:57:08"	28	i	0.0000010000	2
M12543	"2023-09-20 12:57:08"	29	i	0.0000010000	2
M40444	"2023-09-22 11:31:03"	1	e	0.0000018748	1
M40444	"2023-09-22 11:31:03"	2	e	0.0642154723	1
M40444	"2023-09-22 11:31:03"	3	e	0.0028254789	1
M40444	"2023-09-22 11:31:03"	4	e	0.0076085772	1
M40444	"2023-09-22 11:31:03"	5	e	0.0319577836	1
M40444	"2023-09-22 11:31:03"	6	e	0.0167604795	1
M40444	"2023-09-22 11:31:03"	7	e	0.0100481829	1
M40444	"2023-09-22 11:31:03"	8	e	0.0000022950	1
M40444	"2023-09-22 11:31:03"	9	e	0.0128532129	1
M40444	"2023-09-22 11:31:03"	10	e	0.0206630778	1
M40444	"2023-09-22 11:31:03"	11	e	0.0000020305	1
M40444	"2023-09-22 11:31:03"	12	e	0.0150008114	1
M40444	"2023-09-22 11:31:03"	13	e	0.0013468306	1
M40444	"2023-09-22 11:31:03"	14	e	0.0008473197	1
M40444	"2023-09-22 11:31:03"	15	e	0.0268867526	1
M40444	"2023-09-22 11:31:03"	16	e	0.0013603783	1
M40444	"2023-09-22 11:31:03"	17	i	0.0370227591	2
M40444	"2023-09-22 11:31:03"	18	i	0.0037181729	3
M40444	"2023-09-22 11:31:03"	19	i	0.0254876366	7
M40444	"2023-09-22 11:31:03"	20	i	0.0128415079	3
M40444	"2023-09-22 11:31:03"	21	i	0.0278219987	2
M40444	"2023-09-22 11:31:03"	22	i	0.0977070489	4
M40444	"2023-09-22 11:31:03"	23	i	0.0124744847	2
M40444	"2023-09-22 11:31:03"	24	i	0.0286819480	2
M40444	"2023-09-22 11:31:03"	25	i	0.0063718440	6
M40444	"2023-09-22 11:31:03"	26	i	0.0058028366	5
M40444	"2023-09-22 11:31:03"	27	i	0.0262079383	3
M40444	"2023-09-22 11:31:03"	28	i	0.0032310447	2
M40444	"2023-09-22 11:31:03"	29	i	0.0225139247	2
M924	"2023-09-22 15:19:13"	1	e	0.0266719190	1
M924	"2023-09-22 15:19:13"	2	e	0.0621855019	1
M924	"2023-09-22 15:19:13"	3	e	0.0311599051	1
M924	"2023-09-22 15:19:13"	4	e	0.0673555449	1
M924	"2023-09-22 15:19:13"	5	e	0.0122679166	1
M924	"2023-09-22 15:19:13"	6	e	0.0305979024	1
M924	"2023-09-22 15:19:13"	7	e	0.0319071882	1
M924	"2023-09-22 15:19:13"	8	e	0.0450632425	1
M924	"2023-09-22 15:19:13"	9	e	0.0054120278	1
M924	"2023-09-22 15:19:13"	10	e	0.0015509353	1
M924	"2023-09-22 15:19:13"	11	e	0.0070377347	1
M924	"2023-09-22 15:19:13"	12	e	0.0406064688	1
M924	"2023-09-22 15:19:13"	13	e	0.0576782136	1
M924	"2023-09-22 15:19:13"	14	e	0.0311593533	1
M924	"2023-09-22 15:19:13"	15	e	0.0542787741	1
M924	"2023-09-22 15:19:13"	16	e	0.0245068783	1
M924	"2023-09-22 15:19:13"	17	i	0.0077734550	2
M924	"2023-09-22 15:19:13"	18	i	0.0124787169	3
M924	"2023-09-22 15:19:13"	19	i	0.0196397678	3
M924	"2023-09-22 15:19:13"	20	i	0.0169143202	2
M924	"2023-09-22 15:19:13"	21	i	0.0020748219	6
M924	"2023-09-22 15:19:13"	22	i	0.0015769523	6
M924	"2023-09-22 15:19:13"	23	i	0.0235957766	3
M924	"2023-09-22 15:19:13"	24	i	0.0026542947	2
M924	"2023-09-22 15:19:13"	25	i	0.0632495464	3
M924	"2023-09-22 15:19:13"	26	i	0.0189124338	2
M924	"2023-09-22 15:19:13"	27	i	0.0145704029	4
M924	"2023-09-22 15:19:13"	28	i	0.0155013815	3
M924	"2023-09-22 15:19:13"	29	i	0.0034103345	2
M2642	"2023-09-21 00:12:30"	1	e	0.1566196815	1
M2642	"2023-09-21 00:12:30"	2	e	0.0292198526	1
M2642	"2023-09-21 00:12:30"	3	e	0.0585527669	1
M2642	"2023-09-21 00:12:30"	4	e	0.0000010000	1
M2642	"2023-09-21 00:12:30"	5	e	0.0000010000	1
M2642	"2023-09-21 00:12:30"	6	e	0.0000010000	1
M2642	"2023-09-21 00:12:30"	7	e	0.0060189577	1
M2642	"2023-09-21 00:12:30"	8	e	0.0060850427	1
M2642	"2023-09-21 00:12:30"	9	e	0.0029941599	1
M2642	"2023-09-21 00:12:30"	10	e	0.0027570406	1
M2642	"2023-09-21 00:12:30"	11	e	0.0000010000	1
M2642	"2023-09-21 00:12:30"	12	e	0.0000010000	1
M2642	"2023-09-21 00:12:30"	13	e	0.0000010000	1
M2642	"2023-09-21 00:12:30"	14	e	0.0030050146	1
M2642	"2023-09-21 00:12:30"	15	e	0.0471993609	1
M2642	"2023-09-21 00:12:30"	16	e	0.0787633384	1
M2642	"2023-09-21 00:12:30"	17	i	0.0397889742	3
M2642	"2023-09-21 00:12:30"	18	i	0.0230217101	4
M2642	"2023-09-21 00:12:30"	19	i	0.0159297815	5
M2642	"2023-09-21 00:12:30"	20	i	0.0028158791	6
M2642	"2023-09-21 00:12:30"	21	i	0.0040889470	7
M2642	"2023-09-21 00:12:30"	22	i	0.0000010000	8
M2642	"2023-09-21 00:12:30"	23	i	0.0000010000	7
M2642	"2023-09-21 00:12:30"	24	i	0.0000010000	6
M2642	"2023-09-21 00:12:30"	25	i	0.0039388657	5
M2642	"2023-09-21 00:12:30"	26	i	0.0000010000	4
M2642	"2023-09-21 00:12:30"	27	i	0.0040079028	3
M2642	"2023-09-21 00:12:30"	28	i	0.0029903984	2
M2642	"2023-09-21 00:12:30"	29	i	0.0119361096	2
M6770	"2023-10-01 16:55:30"	1	e	0.0012746013	1
M6770	"2023-10-01 16:55:30"	2	e	0.0017126367	1
M6770	"2023-10-01 16:55:30"	3	e	0.0151341602	1
M6770	"2023-10-01 16:55:30"	4	e	0.0035801668	1
M6770	"2023-10-01 16:55:30"	5	e	0.0021856386	1
M6770	"2023-10-01 16:55:30"	6	e	0.0288613873	1
M6770	"2023-10-01 16:55:30"	7	e	0.0231054714	1
M6770	"2023-10-01 16:55:30"	8	e	0.0346853313	1
M6770	"2023-10-01 16:55:30"	9	e	0.0253166541	1
M6770	"2023-10-01 16:55:30"	10	e	0.0428446432	1
M6770	"2023-10-01 16:55:30"	11	e	0.0501745252	1
M6770	"2023-10-01 16:55:30"	12	e	0.0791866956	1
M6770	"2023-10-01 16:55:30"	13	e	0.0173847532	1
M6770	"2023-10-01 16:55:30"	14	e	0.0138673527	1
M6770	"2023-10-01 16:55:30"	15	e	0.0012834980	1
M6770	"2023-10-01 16:55:30"	16	e	0.0018717392	1
M6770	"2023-10-01 16:55:30"	17	i	0.0975392907	2
M6770	"2023-10-01 16:55:30"	18	i	0.0014459042	7
M6770	"2023-10-01 16:55:30"	19	i	0.0356525336	3
M6770	"2023-10-01 16:55:30"	20	i	0.0108336033	2
M6770	"2023-10-01 16:55:30"	21	i	0.0201286599	4
M6770	"2023-10-01 16:55:30"	22	i	0.0114369718	3
M6770	"2023-10-01 16:55:30"	23	i	0.0100171050	2
M6770	"2023-10-01 16:55:30"	24	i	0.0106641784	7
M6770	"2023-10-01 16:55:30"	25	i	0.0028650420	6
M6770	"2023-10-01 16:55:30"	26	i	0.0040257528	5
M6770	"2023-10-01 16:55:30"	27	i	0.0353985545	3
M6770	"2023-10-01 16:55:30"	28	i	0.0020933302	2
M6770	"2023-10-01 16:55:30"	29	i	0.0115832853	2
M12531	"2023-09-01 18:06:36"	1	e	0.0012280097	1
M12531	"2023-09-01 18:06:36"	2	e	0.0000010000	1
M12531	"2023-09-01 18:06:36"	3	e	0.0000010000	1
M12531	"2023-09-01 18:06:36"	4	e	0.0000010000	1
M12531	"2023-09-01 18:06:36"	5	e	0.0000010000	1
M12531	"2023-09-01 18:06:36"	6	e	0.0000010000	1
M12531	"2023-09-01 18:06:36"	7	e	0.0012280097	1
M12531	"2023-09-01 18:06:36"	8	e	0.0000010000	1
M12531	"2023-09-01 18:06:36"	9	e	0.0000010000	1
M12531	"2023-09-01 18:06:36"	10	e	0.0000010000	1
M12531	"2023-09-01 18:06:36"	11	e	0.0000010000	1
M12531	"2023-09-01 18:06:36"	12	e	0.0000010000	1
M12531	"2023-09-01 18:06:36"	13	e	0.0000010000	1
M12531	"2023-09-01 18:06:36"	14	e	0.0000010000	1
M12531	"2023-09-01 18:06:36"	15	e	0.0012280097	1
M12531	"2023-09-01 18:06:36"	16	e	0.0000010000	1
M12531	"2023-09-01 18:06:36"	17	i	0.0000010000	7
M12531	"2023-09-01 18:06:36"	18	i	0.0000010000	6
M12531	"2023-09-01 18:06:36"	19	i	0.0000010000	5
M12531	"2023-09-01 18:06:36"	20	i	0.0000010000	3
M12531	"2023-09-01 18:06:36"	21	i	0.0000010000	2
M12531	"2023-09-01 18:06:36"	22	i	0.0000010000	2
M12531	"2023-09-01 18:06:36"	23	i	0.0036901441	8
M12531	"2023-09-01 18:06:36"	24	i	0.0000010000	5
M12531	"2023-09-01 18:06:36"	25	i	0.0000010000	2
M12531	"2023-09-01 18:06:36"	26	i	0.0000010000	3
M12531	"2023-09-01 18:06:36"	27	i	0.0000010000	2
M12531	"2023-09-01 18:06:36"	28	i	0.0012280097	3
M12531	"2023-09-01 18:06:36"	29	i	0.0000010000	2
M24181	"2023-09-01 18:37:58"	1	e	0.0000010000	1
M24181	"2023-09-01 18:37:58"	2	e	0.0000010000	1
M24181	"2023-09-01 18:37:58"	3	e	0.0000010000	1
M24181	"2023-09-01 18:37:58"	4	e	0.0000010000	1
M24181	"2023-09-01 18:37:58"	5	e	0.0000010000	1
M24181	"2023-09-01 18:37:58"	6	e	0.0254651375	1
M24181	"2023-09-01 18:37:58"	7	e	0.0000010000	1
M24181	"2023-09-01 18:37:58"	8	e	0.0000010000	1
M24181	"2023-09-01 18:37:58"	9	e	0.0000010000	1
M24181	"2023-09-01 18:37:58"	10	e	0.0000010000	1
M24181	"2023-09-01 18:37:58"	11	e	0.0000010000	1
M24181	"2023-09-01 18:37:58"	12	e	0.0000010000	1
M24181	"2023-09-01 18:37:58"	13	e	0.0000010000	1
M24181	"2023-09-01 18:37:58"	14	e	0.0000010000	1
M24181	"2023-09-01 18:37:58"	15	e	0.0000010000	1
M24181	"2023-09-01 18:37:58"	16	e	0.1034137633	1
M24181	"2023-09-01 18:37:58"	17	i	0.1017385595	2
M24181	"2023-09-01 18:37:58"	18	i	0.0348495661	3
M24181	"2023-09-01 18:37:58"	19	i	0.0000010000	2
M24181	"2023-09-01 18:37:58"	20	i	0.0206516979	5
M24181	"2023-09-01 18:37:58"	21	i	0.0257290687	6
M24181	"2023-09-01 18:37:58"	22	i	0.0488249182	7
M24181	"2023-09-01 18:37:58"	23	i	0.0011379768	7
M24181	"2023-09-01 18:37:58"	24	i	0.0046552820	6
M24181	"2023-09-01 18:37:58"	25	i	0.0000010000	2
M24181	"2023-09-01 18:37:58"	26	i	0.0000010000	4
M24181	"2023-09-01 18:37:58"	27	i	0.0000010000	3
M24181	"2023-09-01 18:37:58"	28	i	0.0000010000	2
M24181	"2023-09-01 18:37:58"	29	i	0.0000021150	2
M11238	"2023-09-21 09:40:44"	1	e	0.0019998823	1
M11238	"2023-09-21 09:40:44"	2	e	0.0019632310	1
M11238	"2023-09-21 09:40:44"	3	e	0.0023097122	1
M11238	"2023-09-21 09:40:44"	4	e	0.0000010014	1
M11238	"2023-09-21 09:40:44"	5	e	0.0006533472	1
M11238	"2023-09-21 09:40:44"	6	e	0.0006175895	1
M11238	"2023-09-21 09:40:44"	7	e	0.0001536542	1
M11238	"2023-09-21 09:40:44"	8	e	0.0000010014	1
M11238	"2023-09-21 09:40:44"	9	e	0.0007441316	1
M11238	"2023-09-21 09:40:44"	10	e	0.0003187226	1
M11238	"2023-09-21 09:40:44"	11	e	0.0009075237	1
M11238	"2023-09-21 09:40:44"	12	e	0.0005948862	1
M11238	"2023-09-21 09:40:44"	13	e	0.0006614347	1
M11238	"2023-09-21 09:40:44"	14	e	0.0002471376	1
M11238	"2023-09-21 09:40:44"	15	e	0.0025470049	1
M11238	"2023-09-21 09:40:44"	16	e	0.0012432243	1
M11238	"2023-09-21 09:40:44"	17	i	0.0771813914	2
M11238	"2023-09-21 09:40:44"	18	i	0.0014544149	4
M11238	"2023-09-21 09:40:44"	19	i	0.0134522255	2
M11238	"2023-09-21 09:40:44"	20	i	0.0072216569	2
M11238	"2023-09-21 09:40:44"	21	i	0.0042540956	6
M11238	"2023-09-21 09:40:44"	22	i	0.0015101761	8
M11238	"2023-09-21 09:40:44"	23	i	0.0010715914	4
M11238	"2023-09-21 09:40:44"	24	i	0.0007657882	2
M11238	"2023-09-21 09:40:44"	25	i	0.0022781778	2
M11238	"2023-09-21 09:40:44"	26	i	0.0009526801	4
M11238	"2023-09-21 09:40:44"	27	i	0.0003441826	3
M11238	"2023-09-21 09:40:44"	28	i	0.0004150834	2
M11238	"2023-09-21 09:40:44"	29	i	0.0023565469	2
M1801	"2023-09-21 10:29:25"	1	e	0.1518330623	1
M1801	"2023-09-21 10:29:25"	2	e	0.1155146819	1
M1801	"2023-09-21 10:29:25"	3	e	0.0667551111	1
M1801	"2023-09-21 10:29:25"	4	e	0.0161517647	1
M1801	"2023-09-21 10:29:25"	5	e	0.0188429890	1
M1801	"2023-09-21 10:29:25"	6	e	0.0163866051	1
M1801	"2023-09-21 10:29:25"	7	e	0.0109454185	1
M1801	"2023-09-21 10:29:25"	8	e	0.0148907635	1
M1801	"2023-09-21 10:29:25"	9	e	0.0161881178	1
M1801	"2023-09-21 10:29:25"	10	e	0.0129252740	1
M1801	"2023-09-21 10:29:25"	11	e	0.0297090356	1
M1801	"2023-09-21 10:29:25"	12	e	0.0094381119	1
M1801	"2023-09-21 10:29:25"	13	e	0.0022930687	1
M1801	"2023-09-21 10:29:25"	14	e	0.0194038731	1
M1801	"2023-09-21 10:29:25"	15	e	0.0042684555	1
M1801	"2023-09-21 10:29:25"	16	e	0.0064679954	1
M1801	"2023-09-21 10:29:25"	17	i	0.0758587461	3
M1801	"2023-09-21 10:29:25"	18	i	0.0302978110	4
M1801	"2023-09-21 10:29:25"	19	i	0.0157870136	5
M1801	"2023-09-21 10:29:25"	20	i	0.0257099795	6
M1801	"2023-09-21 10:29:25"	21	i	0.0179153555	3
M1801	"2023-09-21 10:29:25"	22	i	0.0133462944	2
M1801	"2023-09-21 10:29:25"	23	i	0.0139613391	7
M1801	"2023-09-21 10:29:25"	24	i	0.0230661110	6
M1801	"2023-09-21 10:29:25"	25	i	0.0085862131	5
M1801	"2023-09-21 10:29:25"	26	i	0.0022489730	4
M1801	"2023-09-21 10:29:25"	27	i	0.0057835824	3
M1801	"2023-09-21 10:29:25"	28	i	0.0005798144	2
M1801	"2023-09-21 10:29:25"	29	i	0.0581669094	2
M34114	"2023-09-21 19:23:18"	1	e	0.1107947353	1
M34114	"2023-09-21 19:23:18"	2	e	0.0677609603	1
M34114	"2023-09-21 19:23:18"	3	e	0.0690341724	1
M34114	"2023-09-21 19:23:18"	4	e	0.0736866200	1
M34114	"2023-09-21 19:23:18"	5	e	0.0673378157	1
M34114	"2023-09-21 19:23:18"	6	e	0.0411681162	1
M34114	"2023-09-21 19:23:18"	7	e	0.0415002433	1
M34114	"2023-09-21 19:23:18"	8	e	0.0275383006	1
M34114	"2023-09-21 19:23:18"	9	e	0.0148142129	1
M34114	"2023-09-21 19:23:18"	10	e	0.0405517379	1
M34114	"2023-09-21 19:23:18"	11	e	0.0146866913	1
M34114	"2023-09-21 19:23:18"	12	e	0.0310950478	1
M34114	"2023-09-21 19:23:18"	13	e	0.0137678531	1
M34114	"2023-09-21 19:23:18"	14	e	0.0187143351	1
M34114	"2023-09-21 19:23:18"	15	e	0.0199580846	1
M34114	"2023-09-21 19:23:18"	16	e	0.0184722575	1
M34114	"2023-09-21 19:23:18"	17	i	0.0067569035	6
M34114	"2023-09-21 19:23:18"	18	i	0.0395420800	4
M34114	"2023-09-21 19:23:18"	19	i	0.0086407384	3
M34114	"2023-09-21 19:23:18"	20	i	0.0117189687	2
M34114	"2023-09-21 19:23:18"	21	i	0.0081655633	6
M34114	"2023-09-21 19:23:18"	22	i	0.0257744032	2
M34114	"2023-09-21 19:23:18"	23	i	0.0041464508	4
M34114	"2023-09-21 19:23:18"	24	i	0.0122511782	3
M34114	"2023-09-21 19:23:18"	25	i	0.0224498104	2
M34114	"2023-09-21 19:23:18"	26	i	0.0186316498	5
M34114	"2023-09-21 19:23:18"	27	i	0.0063569145	4
M34114	"2023-09-21 19:23:18"	28	i	0.0159306630	2
M34114	"2023-09-21 19:23:18"	29	i	0.0275958453	2
M12555	"2023-09-21 10:05:49"	1	e	0.0000010000	1
M12555	"2023-09-21 10:05:49"	2	e	0.0000010000	1
M12555	"2023-09-21 10:05:49"	3	e	0.0000010000	1
M12555	"2023-09-21 10:05:49"	4	e	0.0000010000	1
M12555	"2023-09-21 10:05:49"	5	e	0.0000010000	1
M12555	"2023-09-21 10:05:49"	6	e	0.0000010000	1
M12555	"2023-09-21 10:05:49"	7	e	0.0000010000	1
M12555	"2023-09-21 10:05:49"	8	e	0.0000010000	1
M12555	"2023-09-21 10:05:49"	9	e	0.0000010000	1
M12555	"2023-09-21 10:05:49"	10	e	0.0000010000	1
M12555	"2023-09-21 10:05:49"	11	e	0.0000010000	1
M12555	"2023-09-21 10:05:49"	12	e	0.0000010000	1
M12555	"2023-09-21 10:05:49"	13	e	0.0000010000	1
M12555	"2023-09-21 10:05:49"	14	e	0.0000010000	1
M12555	"2023-09-21 10:05:49"	15	e	0.0000010000	1
M12555	"2023-09-21 10:05:49"	16	e	0.0000010000	1
M12555	"2023-09-21 10:05:49"	17	i	0.0000010000	5
M12555	"2023-09-21 10:05:49"	18	i	0.0000010000	6
M12555	"2023-09-21 10:05:49"	19	i	0.0000010000	7
M12555	"2023-09-21 10:05:49"	20	i	0.0000010000	8
M12555	"2023-09-21 10:05:49"	21	i	0.0000010000	7
M12555	"2023-09-21 10:05:49"	22	i	0.0000010000	6
M12555	"2023-09-21 10:05:49"	23	i	0.0107154794	5
M12555	"2023-09-21 10:05:49"	24	i	0.0000010000	4
M12555	"2023-09-21 10:05:49"	25	i	0.0000010000	3
M12555	"2023-09-21 10:05:49"	26	i	0.0000010000	2
M12555	"2023-09-21 10:05:49"	27	i	0.0000010000	4
M12555	"2023-09-21 10:05:49"	28	i	0.0000010000	3
M12555	"2023-09-21 10:05:49"	29	i	0.0000010000	2
M12536	"2023-09-21 11:15:01"	1	e	0.0000010000	1
M12536	"2023-09-21 11:15:01"	2	e	0.0000010000	1
M12536	"2023-09-21 11:15:01"	3	e	0.0000010000	1
M12536	"2023-09-21 11:15:01"	4	e	0.0000010000	1
M12536	"2023-09-21 11:15:01"	5	e	0.0000010000	1
M12536	"2023-09-21 11:15:01"	6	e	0.0000010000	1
M12536	"2023-09-21 11:15:01"	7	e	0.0000010000	1
M12536	"2023-09-21 11:15:01"	8	e	0.0000010000	1
M12536	"2023-09-21 11:15:01"	9	e	0.0000010000	1
M12536	"2023-09-21 11:15:01"	10	e	0.0000010000	1
M12536	"2023-09-21 11:15:01"	11	e	0.0083799754	1
M12536	"2023-09-21 11:15:01"	12	e	0.0000010000	1
M12536	"2023-09-21 11:15:01"	13	e	0.0000010000	1
M12536	"2023-09-21 11:15:01"	14	e	0.0000010000	1
M12536	"2023-09-21 11:15:01"	15	e	0.0000010000	1
M12536	"2023-09-21 11:15:01"	16	e	0.0000010000	1
M12536	"2023-09-21 11:15:01"	17	i	0.0000010000	4
M12536	"2023-09-21 11:15:01"	18	i	0.0000010000	5
M12536	"2023-09-21 11:15:01"	19	i	0.0000010000	6
M12536	"2023-09-21 11:15:01"	20	i	0.0000010000	7
M12536	"2023-09-21 11:15:01"	21	i	0.0000010000	8
M12536	"2023-09-21 11:15:01"	22	i	0.0000010000	5
M12536	"2023-09-21 11:15:01"	23	i	0.0083799754	4
M12536	"2023-09-21 11:15:01"	24	i	0.0000010000	3
M12536	"2023-09-21 11:15:01"	25	i	0.0000010000	2
M12536	"2023-09-21 11:15:01"	26	i	0.0000010000	3
M12536	"2023-09-21 11:15:01"	27	i	0.0000010000	2
M12536	"2023-09-21 11:15:01"	28	i	0.0000010000	3
M12536	"2023-09-21 11:15:01"	29	i	0.0000010000	2
M12559	"2023-09-21 09:42:06"	1	e	0.0000010000	1
M12559	"2023-09-21 09:42:06"	2	e	0.0000010000	1
M12559	"2023-09-21 09:42:06"	3	e	0.0000010000	1
M12559	"2023-09-21 09:42:06"	4	e	0.0000010000	1
M12559	"2023-09-21 09:42:06"	5	e	0.0000010000	1
M12559	"2023-09-21 09:42:06"	6	e	0.0000010000	1
M12559	"2023-09-21 09:42:06"	7	e	0.0000010000	1
M12559	"2023-09-21 09:42:06"	8	e	0.0000010000	1
M12559	"2023-09-21 09:42:06"	9	e	0.0000010000	1
M12559	"2023-09-21 09:42:06"	10	e	0.0000010000	1
M12559	"2023-09-21 09:42:06"	11	e	0.0000010000	1
M12559	"2023-09-21 09:42:06"	12	e	0.0000010000	1
M12559	"2023-09-21 09:42:06"	13	e	0.0000010000	1
M12559	"2023-09-21 09:42:06"	14	e	0.0000010000	1
M12559	"2023-09-21 09:42:06"	15	e	0.0000010000	1
M12559	"2023-09-21 09:42:06"	16	e	0.0000010000	1
M12559	"2023-09-21 09:42:06"	17	i	0.0000010000	2
M12559	"2023-09-21 09:42:06"	18	i	0.0000010000	3
M12559	"2023-09-21 09:42:06"	19	i	0.0000010000	6
M12559	"2023-09-21 09:42:06"	20	i	0.0000010000	7
M12559	"2023-09-21 09:42:06"	21	i	0.0000010000	2
M12559	"2023-09-21 09:42:06"	22	i	0.0000010000	7
M12559	"2023-09-21 09:42:06"	23	i	0.0000010000	6
M12559	"2023-09-21 09:42:06"	24	i	0.0081725700	5
M12559	"2023-09-21 09:42:06"	25	i	0.0000010000	3
M12559	"2023-09-21 09:42:06"	26	i	0.0000010000	2
M12559	"2023-09-21 09:42:06"	27	i	0.0000010000	2
M12559	"2023-09-21 09:42:06"	28	i	0.0000010000	3
M12559	"2023-09-21 09:42:06"	29	i	0.0000010000	2
M2913	"2023-09-21 13:41:28"	1	e	0.0000010000	1
M2913	"2023-09-21 13:41:28"	2	e	0.0000010000	1
M2913	"2023-09-21 13:41:28"	3	e	0.0036343936	1
M2913	"2023-09-21 13:41:28"	4	e	0.0000010000	1
M2913	"2023-09-21 13:41:28"	5	e	0.0000010000	1
M2913	"2023-09-21 13:41:28"	6	e	0.0000010000	1
M2913	"2023-09-21 13:41:28"	7	e	0.0000010000	1
M2913	"2023-09-21 13:41:28"	8	e	0.0018092383	1
M2913	"2023-09-21 13:41:28"	9	e	0.0018069080	1
M2913	"2023-09-21 13:41:28"	10	e	0.0000010000	1
M2913	"2023-09-21 13:41:28"	11	e	0.0000010000	1
M2913	"2023-09-21 13:41:28"	12	e	0.0000010000	1
M2913	"2023-09-21 13:41:28"	13	e	0.0000010000	1
M2913	"2023-09-21 13:41:28"	14	e	0.0000010000	1
M2913	"2023-09-21 13:41:28"	15	e	0.0000010000	1
M2913	"2023-09-21 13:41:28"	16	e	0.0000010000	1
M2913	"2023-09-21 13:41:28"	17	i	0.0000010000	4
M2913	"2023-09-21 13:41:28"	18	i	0.0000010000	6
M2913	"2023-09-21 13:41:28"	19	i	0.0101732457	5
M2913	"2023-09-21 13:41:28"	20	i	0.0052311565	3
M2913	"2023-09-21 13:41:28"	21	i	0.0090295721	2
M2913	"2023-09-21 13:41:28"	22	i	0.0101452558	2
M2913	"2023-09-21 13:41:28"	23	i	0.0000010000	6
M2913	"2023-09-21 13:41:28"	24	i	0.0000010000	5
M2913	"2023-09-21 13:41:28"	25	i	0.0018049772	4
M2913	"2023-09-21 13:41:28"	26	i	0.0000010691	3
M2913	"2023-09-21 13:41:28"	27	i	0.0000010000	2
M2913	"2023-09-21 13:41:28"	28	i	0.0000010000	3
M2913	"2023-09-21 13:41:28"	29	i	0.0000010000	2
M37322	"2023-09-22 01:59:19"	1	e	0.0139189773	1
M37322	"2023-09-22 01:59:19"	2	e	0.0012314331	1
M37322	"2023-09-22 01:59:19"	3	e	0.0211350338	1
M37322	"2023-09-22 01:59:19"	4	e	0.0087490183	1
M37322	"2023-09-22 01:59:19"	5	e	0.0056051108	1
M37322	"2023-09-22 01:59:19"	6	e	0.0151061048	1
M37322	"2023-09-22 01:59:19"	7	e	0.0000010000	1
M37322	"2023-09-22 01:59:19"	8	e	0.0000010000	1
M37322	"2023-09-22 01:59:19"	9	e	0.0000010000	1
M37322	"2023-09-22 01:59:19"	10	e	0.0000010000	1
M37322	"2023-09-22 01:59:19"	11	e	0.0000010000	1
M37322	"2023-09-22 01:59:19"	12	e	0.0000010000	1
M37322	"2023-09-22 01:59:19"	13	e	0.0000010000	1
M37322	"2023-09-22 01:59:19"	14	e	0.0000010000	1
M37322	"2023-09-22 01:59:19"	15	e	0.0000010000	1
M37322	"2023-09-22 01:59:19"	16	e	0.0232771833	1
M37322	"2023-09-22 01:59:19"	17	i	0.0161309194	5
M37322	"2023-09-22 01:59:19"	18	i	0.0061024584	3
M37322	"2023-09-22 01:59:19"	19	i	0.0027989562	2
M37322	"2023-09-22 01:59:19"	20	i	0.0032675697	8
M37322	"2023-09-22 01:59:19"	21	i	0.0057222902	7
M37322	"2023-09-22 01:59:19"	22	i	0.0007896619	6
M37322	"2023-09-22 01:59:19"	23	i	0.0049245086	5
M37322	"2023-09-22 01:59:19"	24	i	0.0000010000	3
M37322	"2023-09-22 01:59:19"	25	i	0.0000010000	2
M37322	"2023-09-22 01:59:19"	26	i	0.0000010000	2
M37322	"2023-09-22 01:59:19"	27	i	0.0183822839	4
M37322	"2023-09-22 01:59:19"	28	i	0.0000010000	2
M37322	"2023-09-22 01:59:19"	29	i	0.0000010000	2
M12552	"2023-09-01 17:51:58"	1	e	0.0000010000	1
M12552	"2023-09-01 17:51:58"	2	e	0.0000010000	1
M12552	"2023-09-01 17:51:58"	3	e	0.0000010000	1
M12552	"2023-09-01 17:51:58"	4	e	0.0000010000	1
M12552	"2023-09-01 17:51:58"	5	e	0.0000010000	1
M12552	"2023-09-01 17:51:58"	6	e	0.0000010000	1
M12552	"2023-09-01 17:51:58"	7	e	0.0000010000	1
M12552	"2023-09-01 17:51:58"	8	e	0.0000010000	1
M12552	"2023-09-01 17:51:58"	9	e	0.0000010000	1
M12552	"2023-09-01 17:51:58"	10	e	0.0000010000	1
M12552	"2023-09-01 17:51:58"	11	e	0.0000010000	1
M12552	"2023-09-01 17:51:58"	12	e	0.0000010000	1
M12552	"2023-09-01 17:51:58"	13	e	0.0000010000	1
M12552	"2023-09-01 17:51:58"	14	e	0.0000010000	1
M12552	"2023-09-01 17:51:58"	15	e	0.0000010000	1
M12552	"2023-09-01 17:51:58"	16	e	0.0000010000	1
M12552	"2023-09-01 17:51:58"	17	i	0.0086706168	6
M12552	"2023-09-01 17:51:58"	18	i	0.0000010000	7
M12552	"2023-09-01 17:51:58"	19	i	0.0000010000	8
M12552	"2023-09-01 17:51:58"	20	i	0.0000010000	7
M12552	"2023-09-01 17:51:58"	21	i	0.0000010000	6
M12552	"2023-09-01 17:51:58"	22	i	0.0000010000	3
M12552	"2023-09-01 17:51:58"	23	i	0.0000010000	2
M12552	"2023-09-01 17:51:58"	24	i	0.0000010000	3
M12552	"2023-09-01 17:51:58"	25	i	0.0000010000	2
M12552	"2023-09-01 17:51:58"	26	i	0.0000010000	5
M12552	"2023-09-01 17:51:58"	27	i	0.0000010000	4
M12552	"2023-09-01 17:51:58"	28	i	0.0000010000	3
M12552	"2023-09-01 17:51:58"	29	i	0.0000010000	2
M34113	"2023-09-02 07:51:57"	1	e	0.1107951578	1
M34113	"2023-09-02 07:51:57"	2	e	0.0677614082	1
M34113	"2023-09-02 07:51:57"	3	e	0.0690345067	1
M34113	"2023-09-02 07:51:57"	4	e	0.0736869979	1
M34113	"2023-09-02 07:51:57"	5	e	0.0673381571	1
M34113	"2023-09-02 07:51:57"	6	e	0.0411683318	1
M34113	"2023-09-02 07:51:57"	7	e	0.0415005317	1
M34113	"2023-09-02 07:51:57"	8	e	0.0275383995	1
M34113	"2023-09-02 07:51:57"	9	e	0.0148142904	1
M34113	"2023-09-02 07:51:57"	10	e	0.0405520147	1
M34113	"2023-09-02 07:51:57"	11	e	0.0146868079	1
M34113	"2023-09-02 07:51:57"	12	e	0.0310952550	1
M34113	"2023-09-02 07:51:57"	13	e	0.0137678912	1
M34113	"2023-09-02 07:51:57"	14	e	0.0187144254	1
M34113	"2023-09-02 07:51:57"	15	e	0.0199581233	1
M34113	"2023-09-02 07:51:57"	16	e	0.0184723297	1
M34113	"2023-09-02 07:51:57"	17	i	0.0067569078	6
M34113	"2023-09-02 07:51:57"	18	i	0.0395422750	4
M34113	"2023-09-02 07:51:57"	19	i	0.0086406498	3
M34113	"2023-09-02 07:51:57"	20	i	0.0117189623	2
M34113	"2023-09-02 07:51:57"	21	i	0.0081655925	6
M34113	"2023-09-02 07:51:57"	22	i	0.0257744515	2
M34113	"2023-09-02 07:51:57"	23	i	0.0041464867	4
M34113	"2023-09-02 07:51:57"	24	i	0.0122512497	3
M34113	"2023-09-02 07:51:57"	25	i	0.0224499362	2
M34113	"2023-09-02 07:51:57"	26	i	0.0186316736	5
M34113	"2023-09-02 07:51:57"	27	i	0.0063569095	4
M34113	"2023-09-02 07:51:57"	28	i	0.0159307123	2
M34113	"2023-09-02 07:51:57"	29	i	0.0275959331	2
M2227	"2023-09-05 02:37:43"	1	e	0.1071622736	1
M2227	"2023-09-05 02:37:43"	2	e	0.0174678964	1
M2227	"2023-09-05 02:37:43"	3	e	0.0140648869	1
M2227	"2023-09-05 02:37:43"	4	e	0.0010791245	1
M2227	"2023-09-05 02:37:43"	5	e	0.0038297911	1
M2227	"2023-09-05 02:37:43"	6	e	0.0018986979	1
M2227	"2023-09-05 02:37:43"	7	e	0.0011284515	1
M2227	"2023-09-05 02:37:43"	8	e	0.0073402526	1
M2227	"2023-09-05 02:37:43"	9	e	0.0255571691	1
M2227	"2023-09-05 02:37:43"	10	e	0.0627448983	1
M2227	"2023-09-05 02:37:43"	11	e	0.0475125842	1
M2227	"2023-09-05 02:37:43"	12	e	0.0274555312	1
M2227	"2023-09-05 02:37:43"	13	e	0.0234376885	1
M2227	"2023-09-05 02:37:43"	14	e	0.0074596466	1
M2227	"2023-09-05 02:37:43"	15	e	0.0144738650	1
M2227	"2023-09-05 02:37:43"	16	e	0.0136014097	1
M2227	"2023-09-05 02:37:43"	17	i	0.0349839374	4
M2227	"2023-09-05 02:37:43"	18	i	0.0022820932	3
M2227	"2023-09-05 02:37:43"	19	i	0.0110656103	2
M2227	"2023-09-05 02:37:43"	20	i	0.0139147751	5
M2227	"2023-09-05 02:37:43"	21	i	0.0470967465	4
M2227	"2023-09-05 02:37:43"	22	i	0.0175434068	2
M2227	"2023-09-05 02:37:43"	23	i	0.0107682155	2
M2227	"2023-09-05 02:37:43"	24	i	0.0117696238	7
M2227	"2023-09-05 02:37:43"	25	i	0.0218093230	6
M2227	"2023-09-05 02:37:43"	26	i	0.0387146376	5
M2227	"2023-09-05 02:37:43"	27	i	0.0170375865	4
M2227	"2023-09-05 02:37:43"	28	i	0.0100771220	2
M2227	"2023-09-05 02:37:43"	29	i	0.0107243116	2
M2269	"2023-09-04 15:36:07"	1	e	0.0130125096	1
M2269	"2023-09-04 15:36:07"	2	e	0.0069279977	1
M2269	"2023-09-04 15:36:07"	3	e	0.0000023897	1
M2269	"2023-09-04 15:36:07"	4	e	0.0268669260	1
M2269	"2023-09-04 15:36:07"	5	e	0.0000025876	1
M2269	"2023-09-04 15:36:07"	6	e	0.0576218629	1
M2269	"2023-09-04 15:36:07"	7	e	0.0974033860	1
M2269	"2023-09-04 15:36:07"	8	e	0.0000010005	1
M2269	"2023-09-04 15:36:07"	9	e	0.0065735475	1
M2269	"2023-09-04 15:36:07"	10	e	0.0000010005	1
M2269	"2023-09-04 15:36:07"	11	e	0.0000010005	1
M2269	"2023-09-04 15:36:07"	12	e	0.0271986824	1
M2269	"2023-09-04 15:36:07"	13	e	0.0312833912	1
M2269	"2023-09-04 15:36:07"	14	e	0.1066650922	1
M2269	"2023-09-04 15:36:07"	15	e	0.0842855393	1
M2269	"2023-09-04 15:36:07"	16	e	0.0000021526	1
M2269	"2023-09-04 15:36:07"	17	i	0.0337923853	2
M2269	"2023-09-04 15:36:07"	18	i	0.0365314455	3
M2269	"2023-09-04 15:36:07"	19	i	0.0307485394	4
M2269	"2023-09-04 15:36:07"	20	i	0.0411902458	5
M2269	"2023-09-04 15:36:07"	21	i	0.0489076276	2
M2269	"2023-09-04 15:36:07"	22	i	0.0317795696	7
M2269	"2023-09-04 15:36:07"	23	i	0.0124646167	6
M2269	"2023-09-04 15:36:07"	24	i	0.0207810128	2
M2269	"2023-09-04 15:36:07"	25	i	0.0282358523	4
M2269	"2023-09-04 15:36:07"	26	i	0.0254429575	3
M2269	"2023-09-04 15:36:07"	27	i	0.0442965549	2
M2269	"2023-09-04 15:36:07"	28	i	0.0092408452	3
M2269	"2023-09-04 15:36:07"	29	i	0.0000010005	2
M12548	"2023-08-31 10:42:47"	1	e	0.0000010000	1
M12548	"2023-08-31 10:42:47"	2	e	0.0000010000	1
M12548	"2023-08-31 10:42:47"	3	e	0.0000010000	1
M12548	"2023-08-31 10:42:47"	4	e	0.0000010000	1
M12548	"2023-08-31 10:42:47"	5	e	0.0000010000	1
M12548	"2023-08-31 10:42:47"	6	e	0.0000010000	1
M12548	"2023-08-31 10:42:47"	7	e	0.0000010000	1
M12548	"2023-08-31 10:42:47"	8	e	0.0000010000	1
M12548	"2023-08-31 10:42:47"	9	e	0.0000010000	1
M12548	"2023-08-31 10:42:47"	10	e	0.0000010000	1
M12548	"2023-08-31 10:42:47"	11	e	0.0000010000	1
M12548	"2023-08-31 10:42:47"	12	e	0.0000010000	1
M12548	"2023-08-31 10:42:47"	13	e	0.0000010000	1
M12548	"2023-08-31 10:42:47"	14	e	0.0000010000	1
M12548	"2023-08-31 10:42:47"	15	e	0.0000010000	1
M12548	"2023-08-31 10:42:47"	16	e	0.0000010000	1
M12548	"2023-08-31 10:42:47"	17	i	0.0000010000	2
M12548	"2023-08-31 10:42:47"	18	i	0.0000010000	3
M12548	"2023-08-31 10:42:47"	19	i	0.0000010000	4
M12548	"2023-08-31 10:42:47"	20	i	0.0000010000	5
M12548	"2023-08-31 10:42:47"	21	i	0.0000010000	8
M12548	"2023-08-31 10:42:47"	22	i	0.0000010000	7
M12548	"2023-08-31 10:42:47"	23	i	0.0046439777	6
M12548	"2023-08-31 10:42:47"	24	i	0.0046439777	5
M12548	"2023-08-31 10:42:47"	25	i	0.0000010000	3
M12548	"2023-08-31 10:42:47"	26	i	0.0000010000	2
M12548	"2023-08-31 10:42:47"	27	i	0.0000010000	2
M12548	"2023-08-31 10:42:47"	28	i	0.0000010000	3
M12548	"2023-08-31 10:42:47"	29	i	0.0000010000	2
M5062	"2023-09-12 17:31:26"	1	e	0.1231283485	1
M5062	"2023-09-12 17:31:26"	2	e	0.0472915934	1
M5062	"2023-09-12 17:31:26"	3	e	0.0000010000	1
M5062	"2023-09-12 17:31:26"	4	e	0.0000010000	1
M5062	"2023-09-12 17:31:26"	5	e	0.0000010000	1
M5062	"2023-09-12 17:31:26"	6	e	0.0000010000	1
M5062	"2023-09-12 17:31:26"	7	e	0.0404880851	1
M5062	"2023-09-12 17:31:26"	8	e	0.0196074132	1
M5062	"2023-09-12 17:31:26"	9	e	0.0251091052	1
M5062	"2023-09-12 17:31:26"	10	e	0.0036735119	1
M5062	"2023-09-12 17:31:26"	11	e	0.0038778800	1
M5062	"2023-09-12 17:31:26"	12	e	0.0016005238	1
M5062	"2023-09-12 17:31:26"	13	e	0.0055594774	1
M5062	"2023-09-12 17:31:26"	14	e	0.0000010000	1
M5062	"2023-09-12 17:31:26"	15	e	0.0187384356	1
M5062	"2023-09-12 17:31:26"	16	e	0.0290617490	1
M5062	"2023-09-12 17:31:26"	17	i	0.0014391250	6
M5062	"2023-09-12 17:31:26"	18	i	0.0088203206	3
M5062	"2023-09-12 17:31:26"	19	i	0.0257236481	2
M5062	"2023-09-12 17:31:26"	20	i	0.0170559942	7
M5062	"2023-09-12 17:31:26"	21	i	0.0479983944	5
M5062	"2023-09-12 17:31:26"	22	i	0.0160392406	4
M5062	"2023-09-12 17:31:26"	23	i	0.0000010000	2
M5062	"2023-09-12 17:31:26"	24	i	0.0000010000	2
M5062	"2023-09-12 17:31:26"	25	i	0.0664178199	2
M5062	"2023-09-12 17:31:26"	26	i	0.0223727762	5
M5062	"2023-09-12 17:31:26"	27	i	0.0439003005	3
M5062	"2023-09-12 17:31:26"	28	i	0.0055970848	2
M5062	"2023-09-12 17:31:26"	29	i	0.0688305248	2
M37370	"2023-09-05 14:13:10"	1	e	0.1987066615	1
M37370	"2023-09-05 14:13:10"	2	e	0.0000010000	1
M37370	"2023-09-05 14:13:10"	3	e	0.0018000778	1
M37370	"2023-09-05 14:13:10"	4	e	0.0000010000	1
M37370	"2023-09-05 14:13:10"	5	e	0.0000010000	1
M37370	"2023-09-05 14:13:10"	6	e	0.0000010000	1
M37370	"2023-09-05 14:13:10"	7	e	0.0000010000	1
M37370	"2023-09-05 14:13:10"	8	e	0.0000010000	1
M37370	"2023-09-05 14:13:10"	9	e	0.0000010000	1
M37370	"2023-09-05 14:13:10"	10	e	0.0000010000	1
M37370	"2023-09-05 14:13:10"	11	e	0.0000010000	1
M37370	"2023-09-05 14:13:10"	12	e	0.0036019569	1
M37370	"2023-09-05 14:13:10"	13	e	0.0000010000	1
M37370	"2023-09-05 14:13:10"	14	e	0.0036019573	1
M37370	"2023-09-05 14:13:10"	15	e	0.0000010000	1
M37370	"2023-09-05 14:13:10"	16	e	0.0000010000	1
M37370	"2023-09-05 14:13:10"	17	i	0.0000010000	2
M37370	"2023-09-05 14:13:10"	18	i	0.0017992121	3
M37370	"2023-09-05 14:13:10"	19	i	0.0072589570	7
M37370	"2023-09-05 14:13:10"	20	i	0.0036174174	4
M37370	"2023-09-05 14:13:10"	21	i	0.0000010000	2
M37370	"2023-09-05 14:13:10"	22	i	0.0000010000	2
M37370	"2023-09-05 14:13:10"	23	i	0.0072588219	5
M37370	"2023-09-05 14:13:10"	24	i	0.0000010000	4
M37370	"2023-09-05 14:13:10"	25	i	0.0000010000	3
M37370	"2023-09-05 14:13:10"	26	i	0.0000010000	2
M37370	"2023-09-05 14:13:10"	27	i	0.0000010000	4
M37370	"2023-09-05 14:13:10"	28	i	0.0000010000	2
M37370	"2023-09-05 14:13:10"	29	i	0.0000010000	2
M12545	"2023-09-05 10:12:15"	1	e	0.0000010000	1
M12545	"2023-09-05 10:12:15"	2	e	0.0000010000	1
M12545	"2023-09-05 10:12:15"	3	e	0.0000010000	1
M12545	"2023-09-05 10:12:15"	4	e	0.0000010000	1
M12545	"2023-09-05 10:12:15"	5	e	0.0000010000	1
M12545	"2023-09-05 10:12:15"	6	e	0.0000010000	1
M12545	"2023-09-05 10:12:15"	7	e	0.0000010000	1
M12545	"2023-09-05 10:12:15"	8	e	0.0000010000	1
M12545	"2023-09-05 10:12:15"	9	e	0.0000010000	1
M12545	"2023-09-05 10:12:15"	10	e	0.0000010000	1
M12545	"2023-09-05 10:12:15"	11	e	0.0000010000	1
M12545	"2023-09-05 10:12:15"	12	e	0.0000010000	1
M12545	"2023-09-05 10:12:15"	13	e	0.0000010000	1
M12545	"2023-09-05 10:12:15"	14	e	0.0000010000	1
M12545	"2023-09-05 10:12:15"	15	e	0.0000010000	1
M12545	"2023-09-05 10:12:15"	16	e	0.0000010000	1
M12545	"2023-09-05 10:12:15"	17	i	0.0000010000	2
M12545	"2023-09-05 10:12:15"	18	i	0.0000010000	3
M12545	"2023-09-05 10:12:15"	19	i	0.0000010000	4
M12545	"2023-09-05 10:12:15"	20	i	0.0000010000	7
M12545	"2023-09-05 10:12:15"	21	i	0.0066519283	8
M12545	"2023-09-05 10:12:15"	22	i	0.0000010000	7
M12545	"2023-09-05 10:12:15"	23	i	0.0000010000	6
M12545	"2023-09-05 10:12:15"	24	i	0.0000010000	3
M12545	"2023-09-05 10:12:15"	25	i	0.0000010000	2
M12545	"2023-09-05 10:12:15"	26	i	0.0000010000	3
M12545	"2023-09-05 10:12:15"	27	i	0.0000010000	2
M12545	"2023-09-05 10:12:15"	28	i	0.0000010000	3
M12545	"2023-09-05 10:12:15"	29	i	0.0000010000	2
M20249	"2023-09-07 20:13:13"	1	e	0.0139902953	1
M20249	"2023-09-07 20:13:13"	2	e	0.0606089423	1
M20249	"2023-09-07 20:13:13"	3	e	0.0103430771	1
M20249	"2023-09-07 20:13:13"	4	e	0.0000010000	1
M20249	"2023-09-07 20:13:13"	5	e	0.0564678043	1
M20249	"2023-09-07 20:13:13"	6	e	0.0015511298	1
M20249	"2023-09-07 20:13:13"	7	e	0.0000010000	1
M20249	"2023-09-07 20:13:13"	8	e	0.0000010000	1
M20249	"2023-09-07 20:13:13"	9	e	0.0000010000	1
M20249	"2023-09-07 20:13:13"	10	e	0.0034456086	1
M20249	"2023-09-07 20:13:13"	11	e	0.0000010000	1
M20249	"2023-09-07 20:13:13"	12	e	0.0000010000	1
M20249	"2023-09-07 20:13:13"	13	e	0.0000010000	1
M20249	"2023-09-07 20:13:13"	14	e	0.0015208715	1
M20249	"2023-09-07 20:13:13"	15	e	0.0015216299	1
M20249	"2023-09-07 20:13:13"	16	e	0.0015218764	1
M20249	"2023-09-07 20:13:13"	17	i	0.0395609211	2
M20249	"2023-09-07 20:13:13"	18	i	0.0059326348	3
M20249	"2023-09-07 20:13:13"	19	i	0.0638120021	4
M20249	"2023-09-07 20:13:13"	20	i	0.0000010000	3
M20249	"2023-09-07 20:13:13"	21	i	0.0015226597	2
M20249	"2023-09-07 20:13:13"	22	i	0.0045731684	7
M20249	"2023-09-07 20:13:13"	23	i	0.0000010000	8
M20249	"2023-09-07 20:13:13"	24	i	0.0030442637	3
M20249	"2023-09-07 20:13:13"	25	i	0.0000010000	2
M20249	"2023-09-07 20:13:13"	26	i	0.0045688984	5
M20249	"2023-09-07 20:13:13"	27	i	0.0000010000	4
M20249	"2023-09-07 20:13:13"	28	i	0.0000010000	3
M20249	"2023-09-07 20:13:13"	29	i	0.0015228584	2
M22762	"2023-09-08 12:20:04"	1	e	0.0609001205	1
M22762	"2023-09-08 12:20:04"	2	e	0.0508191967	1
M22762	"2023-09-08 12:20:04"	3	e	0.0311703579	1
M22762	"2023-09-08 12:20:04"	4	e	0.0000009997	1
M22762	"2023-09-08 12:20:04"	5	e	0.0022170396	1
M22762	"2023-09-08 12:20:04"	6	e	0.0000023207	1
M22762	"2023-09-08 12:20:04"	7	e	0.0334897202	1
M22762	"2023-09-08 12:20:04"	8	e	0.0003176339	1
M22762	"2023-09-08 12:20:04"	9	e	0.0003327011	1
M22762	"2023-09-08 12:20:04"	10	e	0.0067977139	1
M22762	"2023-09-08 12:20:04"	11	e	0.0000009997	1
M22762	"2023-09-08 12:20:04"	12	e	0.0120062350	1
M22762	"2023-09-08 12:20:04"	13	e	0.0000009997	1
M22762	"2023-09-08 12:20:04"	14	e	0.0057651961	1
M22762	"2023-09-08 12:20:04"	15	e	0.0107490693	1
M22762	"2023-09-08 12:20:04"	16	e	0.0000009997	1
M22762	"2023-09-08 12:20:04"	17	i	0.0266112371	2
M22762	"2023-09-08 12:20:04"	18	i	0.0256630695	3
M22762	"2023-09-08 12:20:04"	19	i	0.0084800712	5
M22762	"2023-09-08 12:20:04"	20	i	0.0169778581	4
M22762	"2023-09-08 12:20:04"	21	i	0.0023649867	3
M22762	"2023-09-08 12:20:04"	22	i	0.0005172374	2
M22762	"2023-09-08 12:20:04"	23	i	0.0106406152	8
M22762	"2023-09-08 12:20:04"	24	i	0.0104020904	5
M22762	"2023-09-08 12:20:04"	25	i	0.0003355559	3
M22762	"2023-09-08 12:20:04"	26	i	0.0000022968	2
M22762	"2023-09-08 12:20:04"	27	i	0.0000020664	2
M22762	"2023-09-08 12:20:04"	28	i	0.0052838624	3
M22762	"2023-09-08 12:20:04"	29	i	0.0000009997	2
M24083	"2023-09-07 12:10:00"	1	e	0.0030821113	1
M24083	"2023-09-07 12:10:00"	2	e	0.0020296760	1
M24083	"2023-09-07 12:10:00"	3	e	0.0099460140	1
M24083	"2023-09-07 12:10:00"	4	e	0.0137786142	1
M24083	"2023-09-07 12:10:00"	5	e	0.0050930052	1
M24083	"2023-09-07 12:10:00"	6	e	0.0126674059	1
M24083	"2023-09-07 12:10:00"	7	e	0.0126649895	1
M24083	"2023-09-07 12:10:00"	8	e	0.0193021645	1
M24083	"2023-09-07 12:10:00"	9	e	0.0399687542	1
M24083	"2023-09-07 12:10:00"	10	e	0.0124439662	1
M24083	"2023-09-07 12:10:00"	11	e	0.0226077676	1
M24083	"2023-09-07 12:10:00"	12	e	0.0145462219	1
M24083	"2023-09-07 12:10:00"	13	e	0.0002425189	1
M24083	"2023-09-07 12:10:00"	14	e	0.0088558252	1
M24083	"2023-09-07 12:10:00"	15	e	0.0238729078	1
M24083	"2023-09-07 12:10:00"	16	e	0.0227151821	1
M24083	"2023-09-07 12:10:00"	17	i	0.0038391618	2
M24083	"2023-09-07 12:10:00"	18	i	0.0012116979	3
M24083	"2023-09-07 12:10:00"	19	i	0.0124543775	4
M24083	"2023-09-07 12:10:00"	20	i	0.0153242086	5
M24083	"2023-09-07 12:10:00"	21	i	0.0043001566	6
M24083	"2023-09-07 12:10:00"	22	i	0.0032100890	7
M24083	"2023-09-07 12:10:00"	23	i	0.0042762863	8
M24083	"2023-09-07 12:10:00"	24	i	0.0038933867	7
M24083	"2023-09-07 12:10:00"	25	i	0.0151509991	6
M24083	"2023-09-07 12:10:00"	26	i	0.0065463344	4
M24083	"2023-09-07 12:10:00"	27	i	0.0408650860	2
M24083	"2023-09-07 12:10:00"	28	i	0.0592661307	2
M24083	"2023-09-07 12:10:00"	29	i	0.0233948579	2
M12553	"2023-09-07 09:53:47"	1	e	0.0000010000	1
M12553	"2023-09-07 09:53:47"	2	e	0.0000010000	1
M12553	"2023-09-07 09:53:47"	3	e	0.0000010000	1
M12553	"2023-09-07 09:53:47"	4	e	0.0000010000	1
M12553	"2023-09-07 09:53:47"	5	e	0.0000010000	1
M12553	"2023-09-07 09:53:47"	6	e	0.0000010000	1
M12553	"2023-09-07 09:53:47"	7	e	0.0000010000	1
M12553	"2023-09-07 09:53:47"	8	e	0.0000010000	1
M12553	"2023-09-07 09:53:47"	9	e	0.0000010000	1
M12553	"2023-09-07 09:53:47"	10	e	0.0000010000	1
M12553	"2023-09-07 09:53:47"	11	e	0.0000010000	1
M12553	"2023-09-07 09:53:47"	12	e	0.0000010000	1
M12553	"2023-09-07 09:53:47"	13	e	0.0000010000	1
M12553	"2023-09-07 09:53:47"	14	e	0.0000010000	1
M12553	"2023-09-07 09:53:47"	15	e	0.0000010000	1
M12553	"2023-09-07 09:53:47"	16	e	0.0000010000	1
M12553	"2023-09-07 09:53:47"	17	i	0.0000010000	2
M12553	"2023-09-07 09:53:47"	18	i	0.0000010000	3
M12553	"2023-09-07 09:53:47"	19	i	0.0000010000	4
M12553	"2023-09-07 09:53:47"	20	i	0.0000010000	7
M12553	"2023-09-07 09:53:47"	21	i	0.0000010000	6
M12553	"2023-09-07 09:53:47"	22	i	0.0000010000	3
M12553	"2023-09-07 09:53:47"	23	i	0.0000010000	2
M12553	"2023-09-07 09:53:47"	24	i	0.0000010000	3
M12553	"2023-09-07 09:53:47"	25	i	0.0000010000	2
M12553	"2023-09-07 09:53:47"	26	i	0.0118579545	5
M12553	"2023-09-07 09:53:47"	27	i	0.0000010000	2
M12553	"2023-09-07 09:53:47"	28	i	0.0000010000	3
M12553	"2023-09-07 09:53:47"	29	i	0.0000010000	2
M1620	"2023-09-07 09:58:13"	1	e	0.0154161100	1
M1620	"2023-09-07 09:58:13"	2	e	0.0000021451	1
M1620	"2023-09-07 09:58:13"	3	e	0.0024556454	1
M1620	"2023-09-07 09:58:13"	4	e	0.0024116530	1
M1620	"2023-09-07 09:58:13"	5	e	0.0049870910	1
M1620	"2023-09-07 09:58:13"	6	e	0.0099808864	1
M1620	"2023-09-07 09:58:13"	7	e	0.0074938777	1
M1620	"2023-09-07 09:58:13"	8	e	0.0074846344	1
M1620	"2023-09-07 09:58:13"	9	e	0.0157636109	1
M1620	"2023-09-07 09:58:13"	10	e	0.0075750167	1
M1620	"2023-09-07 09:58:13"	11	e	0.1271099722	1
M1620	"2023-09-07 09:58:13"	12	e	0.0047624715	1
M1620	"2023-09-07 09:58:13"	13	e	0.0023627565	1
M1620	"2023-09-07 09:58:13"	14	e	0.0071562448	1
M1620	"2023-09-07 09:58:13"	15	e	0.0059079108	1
M1620	"2023-09-07 09:58:13"	16	e	0.0143658465	1
M1620	"2023-09-07 09:58:13"	17	i	0.0024941445	2
M1620	"2023-09-07 09:58:13"	18	i	0.0027445317	3
M1620	"2023-09-07 09:58:13"	19	i	0.0136886211	2
M1620	"2023-09-07 09:58:13"	20	i	0.0000010000	5
M1620	"2023-09-07 09:58:13"	21	i	0.0050054370	2
M1620	"2023-09-07 09:58:13"	22	i	0.0021906004	7
M1620	"2023-09-07 09:58:13"	23	i	0.0054443012	3
M1620	"2023-09-07 09:58:13"	24	i	0.0000010000	2
M1620	"2023-09-07 09:58:13"	25	i	0.0420793355	6
M1620	"2023-09-07 09:58:13"	26	i	0.0223432096	4
M1620	"2023-09-07 09:58:13"	27	i	0.0318452656	3
M1620	"2023-09-07 09:58:13"	28	i	0.0000010000	2
M1620	"2023-09-07 09:58:13"	29	i	0.0385507847	2
M3034	"2023-08-31 12:15:41"	1	e	0.0000028069	1
M3034	"2023-08-31 12:15:41"	2	e	0.0051277742	1
M3034	"2023-08-31 12:15:41"	3	e	0.0000021769	1
M3034	"2023-08-31 12:15:41"	4	e	0.0000010092	1
M3034	"2023-08-31 12:15:41"	5	e	0.0017705397	1
M3034	"2023-08-31 12:15:41"	6	e	0.0850072971	1
M3034	"2023-08-31 12:15:41"	7	e	0.0000010092	1
M3034	"2023-08-31 12:15:41"	8	e	0.0059420702	1
M3034	"2023-08-31 12:15:41"	9	e	0.0019075949	1
M3034	"2023-08-31 12:15:41"	10	e	0.0013453339	1
M3034	"2023-08-31 12:15:41"	11	e	0.0295809263	1
M3034	"2023-08-31 12:15:41"	12	e	0.0173252239	1
M3034	"2023-08-31 12:15:41"	13	e	0.0677778959	1
M3034	"2023-08-31 12:15:41"	14	e	0.1082558178	1
M3034	"2023-08-31 12:15:41"	15	e	0.0927567768	1
M3034	"2023-08-31 12:15:41"	16	e	0.1685559558	1
M3034	"2023-08-31 12:15:41"	17	i	0.0039142800	4
M3034	"2023-08-31 12:15:41"	18	i	0.0013282485	5
M3034	"2023-08-31 12:15:41"	19	i	0.0014993240	2
M3034	"2023-08-31 12:15:41"	20	i	0.0039693814	7
M3034	"2023-08-31 12:15:41"	21	i	0.0173419253	8
M3034	"2023-08-31 12:15:41"	22	i	0.0041125375	7
M3034	"2023-08-31 12:15:41"	23	i	0.0082949187	4
M3034	"2023-08-31 12:15:41"	24	i	0.0316430093	3
M3034	"2023-08-31 12:15:41"	25	i	0.0032530111	2
M3034	"2023-08-31 12:15:41"	26	i	0.0548988570	3
M3034	"2023-08-31 12:15:41"	27	i	0.0109110963	2
M3034	"2023-08-31 12:15:41"	28	i	0.0000466701	3
M3034	"2023-08-31 12:15:41"	29	i	0.0016731381	2
M35106	"2023-09-07 20:41:50"	1	e	0.0024511532	1
M35106	"2023-09-07 20:41:50"	2	e	0.0048636124	1
M35106	"2023-09-07 20:41:50"	3	e	0.0448161467	1
M35106	"2023-09-07 20:41:50"	4	e	0.0321925160	1
M35106	"2023-09-07 20:41:50"	5	e	0.1466421234	1
M35106	"2023-09-07 20:41:50"	6	e	0.0858582428	1
M35106	"2023-09-07 20:41:50"	7	e	0.1413566480	1
M35106	"2023-09-07 20:41:50"	8	e	0.0528039729	1
M35106	"2023-09-07 20:41:50"	9	e	0.0660459094	1
M35106	"2023-09-07 20:41:50"	10	e	0.0544161836	1
M35106	"2023-09-07 20:41:50"	11	e	0.1099962165	1
M35106	"2023-09-07 20:41:50"	12	e	0.0402453144	1
M35106	"2023-09-07 20:41:50"	13	e	0.1362292274	1
M35106	"2023-09-07 20:41:50"	14	e	0.0106903106	1
M35106	"2023-09-07 20:41:50"	15	e	0.0114444183	1
M35106	"2023-09-07 20:41:50"	16	e	0.1129641971	1
M35106	"2023-09-07 20:41:50"	17	i	0.0434906063	2
M35106	"2023-09-07 20:41:50"	18	i	0.0120375241	3
M35106	"2023-09-07 20:41:50"	19	i	0.0114006202	2
M35106	"2023-09-07 20:41:50"	20	i	0.0118052872	5
M35106	"2023-09-07 20:41:50"	21	i	0.0193086491	8
M35106	"2023-09-07 20:41:50"	22	i	0.0000020149	3
M35106	"2023-09-07 20:41:50"	23	i	0.0293906083	2
M35106	"2023-09-07 20:41:50"	24	i	0.0078741700	5
M35106	"2023-09-07 20:41:50"	25	i	0.0067958219	4
M35106	"2023-09-07 20:41:50"	26	i	0.0108179410	3
M35106	"2023-09-07 20:41:50"	27	i	0.0114967461	2
M35106	"2023-09-07 20:41:50"	28	i	0.0274040936	3
M35106	"2023-09-07 20:41:50"	29	i	0.0710888281	2
M1450	"2023-09-07 10:51:03"	1	e	0.0179353201	1
M1450	"2023-09-07 10:51:03"	2	e	0.0142012303	1
M1450	"2023-09-07 10:51:03"	3	e	0.0534853958	1
M1450	"2023-09-07 10:51:03"	4	e	0.0000010032	1
M1450	"2023-09-07 10:51:03"	5	e	0.0000010032	1
M1450	"2023-09-07 10:51:03"	6	e	0.0030665047	1
M1450	"2023-09-07 10:51:03"	7	e	0.0023970599	1
M1450	"2023-09-07 10:51:03"	8	e	0.0000010032	1
M1450	"2023-09-07 10:51:03"	9	e	0.0014078546	1
M1450	"2023-09-07 10:51:03"	10	e	0.0041044320	1
M1450	"2023-09-07 10:51:03"	11	e	0.0000010032	1
M1450	"2023-09-07 10:51:03"	12	e	0.0150297362	1
M1450	"2023-09-07 10:51:03"	13	e	0.0318561058	1
M1450	"2023-09-07 10:51:03"	14	e	0.0198677820	1
M1450	"2023-09-07 10:51:03"	15	e	0.0114261847	1
M1450	"2023-09-07 10:51:03"	16	e	0.0226871149	1
M1450	"2023-09-07 10:51:03"	17	i	0.0344994289	2
M1450	"2023-09-07 10:51:03"	18	i	0.0064505639	6
M1450	"2023-09-07 10:51:03"	19	i	0.0177803458	2
M1450	"2023-09-07 10:51:03"	20	i	0.0314933339	8
M1450	"2023-09-07 10:51:03"	21	i	0.0085422559	2
M1450	"2023-09-07 10:51:03"	22	i	0.0033979687	6
M1450	"2023-09-07 10:51:03"	23	i	0.0087975806	5
M1450	"2023-09-07 10:51:03"	24	i	0.0031437879	4
M1450	"2023-09-07 10:51:03"	25	i	0.0029091122	3
M1450	"2023-09-07 10:51:03"	26	i	0.0000010032	2
M1450	"2023-09-07 10:51:03"	27	i	0.0000020168	4
M1450	"2023-09-07 10:51:03"	28	i	0.0090546930	2
M1450	"2023-09-07 10:51:03"	29	i	0.0469030917	2
M841	"2023-09-08 05:43:00"	1	e	0.0364129799	1
M841	"2023-09-08 05:43:00"	2	e	0.0543164724	1
M841	"2023-09-08 05:43:00"	3	e	0.0243078805	1
M841	"2023-09-08 05:43:00"	4	e	0.0177942996	1
M841	"2023-09-08 05:43:00"	5	e	0.0016128496	1
M841	"2023-09-08 05:43:00"	6	e	0.0045518595	1
M841	"2023-09-08 05:43:00"	7	e	0.0328145750	1
M841	"2023-09-08 05:43:00"	8	e	0.0316949776	1
M841	"2023-09-08 05:43:00"	9	e	0.0293849830	1
M841	"2023-09-08 05:43:00"	10	e	0.0094710968	1
M841	"2023-09-08 05:43:00"	11	e	0.0148137978	1
M841	"2023-09-08 05:43:00"	12	e	0.1348603463	1
M841	"2023-09-08 05:43:00"	13	e	0.0233104119	1
M841	"2023-09-08 05:43:00"	14	e	0.0730603954	1
M841	"2023-09-08 05:43:00"	15	e	0.0054935645	1
M841	"2023-09-08 05:43:00"	16	e	0.0371665927	1
M841	"2023-09-08 05:43:00"	17	i	0.0068003040	2
M841	"2023-09-08 05:43:00"	18	i	0.0000038190	3
M841	"2023-09-08 05:43:00"	19	i	0.0143313341	4
M841	"2023-09-08 05:43:00"	20	i	0.0105258460	6
M841	"2023-09-08 05:43:00"	21	i	0.0101919999	3
M841	"2023-09-08 05:43:00"	22	i	0.0402386880	2
M841	"2023-09-08 05:43:00"	23	i	0.0270352590	7
M841	"2023-09-08 05:43:00"	24	i	0.0093899126	6
M841	"2023-09-08 05:43:00"	25	i	0.0088906192	3
M841	"2023-09-08 05:43:00"	26	i	0.1024004086	2
M841	"2023-09-08 05:43:00"	27	i	0.0162674467	3
M841	"2023-09-08 05:43:00"	28	i	0.0599627800	2
M841	"2023-09-08 05:43:00"	29	i	0.0221591146	2
M12546	"2023-09-07 10:03:38"	1	e	0.0000010000	1
M12546	"2023-09-07 10:03:38"	2	e	0.0000010000	1
M12546	"2023-09-07 10:03:38"	3	e	0.0000010000	1
M12546	"2023-09-07 10:03:38"	4	e	0.0000010000	1
M12546	"2023-09-07 10:03:38"	5	e	0.0000010000	1
M12546	"2023-09-07 10:03:38"	6	e	0.0000010000	1
M12546	"2023-09-07 10:03:38"	7	e	0.0000010000	1
M12546	"2023-09-07 10:03:38"	8	e	0.0000010000	1
M12546	"2023-09-07 10:03:38"	9	e	0.0000010000	1
M12546	"2023-09-07 10:03:38"	10	e	0.0000010000	1
M12546	"2023-09-07 10:03:38"	11	e	0.0000010000	1
M12546	"2023-09-07 10:03:38"	12	e	0.0000010000	1
M12546	"2023-09-07 10:03:38"	13	e	0.0000010000	1
M12546	"2023-09-07 10:03:38"	14	e	0.0000010000	1
M12546	"2023-09-07 10:03:38"	15	e	0.0000010000	1
M12546	"2023-09-07 10:03:38"	16	e	0.0000010000	1
M12546	"2023-09-07 10:03:38"	17	i	0.0000010000	6
M12546	"2023-09-07 10:03:38"	18	i	0.0000010000	7
M12546	"2023-09-07 10:03:38"	19	i	0.0000010000	8
M12546	"2023-09-07 10:03:38"	20	i	0.0000010000	7
M12546	"2023-09-07 10:03:38"	21	i	0.0000010000	6
M12546	"2023-09-07 10:03:38"	22	i	0.0000010000	4
M12546	"2023-09-07 10:03:38"	23	i	0.0000010000	3
M12546	"2023-09-07 10:03:38"	24	i	0.0000010000	2
M12546	"2023-09-07 10:03:38"	25	i	0.0000010000	2
M12546	"2023-09-07 10:03:38"	26	i	0.0051991882	5
M12546	"2023-09-07 10:03:38"	27	i	0.0000010000	4
M12546	"2023-09-07 10:03:38"	28	i	0.0000010000	3
M12546	"2023-09-07 10:03:38"	29	i	0.0000010000	2
M100	"2023-09-08 17:17:39"	1	e	0.0000010012	1
M100	"2023-09-08 17:17:39"	2	e	0.0000010012	1
M100	"2023-09-08 17:17:39"	3	e	0.0000010012	1
M100	"2023-09-08 17:17:39"	4	e	0.0000010012	1
M100	"2023-09-08 17:17:39"	5	e	0.0033586699	1
M100	"2023-09-08 17:17:39"	6	e	0.0068195849	1
M100	"2023-09-08 17:17:39"	7	e	0.0053287706	1
M100	"2023-09-08 17:17:39"	8	e	0.0042993709	1
M100	"2023-09-08 17:17:39"	9	e	0.0053397683	1
M100	"2023-09-08 17:17:39"	10	e	0.0030154557	1
M100	"2023-09-08 17:17:39"	11	e	0.0076975284	1
M100	"2023-09-08 17:17:39"	12	e	0.0264359270	1
M100	"2023-09-08 17:17:39"	13	e	0.0046483723	1
M100	"2023-09-08 17:17:39"	14	e	0.0030929658	1
M100	"2023-09-08 17:17:39"	15	e	0.0055837800	1
M100	"2023-09-08 17:17:39"	16	e	0.0212425183	1
M100	"2023-09-08 17:17:39"	17	i	0.0862664991	2
M100	"2023-09-08 17:17:39"	18	i	0.0022199524	7
M100	"2023-09-08 17:17:39"	19	i	0.0310840185	5
M100	"2023-09-08 17:17:39"	20	i	0.0185226289	3
M100	"2023-09-08 17:17:39"	21	i	0.0034126762	2
M100	"2023-09-08 17:17:39"	22	i	0.0067259136	2
M100	"2023-09-08 17:17:39"	23	i	0.0162998368	2
M100	"2023-09-08 17:17:39"	24	i	0.0561723435	7
M100	"2023-09-08 17:17:39"	25	i	0.0327060805	3
M100	"2023-09-08 17:17:39"	26	i	0.0270555135	2
M100	"2023-09-08 17:17:39"	27	i	0.0144217312	4
M100	"2023-09-08 17:17:39"	28	i	0.0033540465	3
M100	"2023-09-08 17:17:39"	29	i	0.0073466563	2
M20250	"2023-10-07 12:42:21"	1	e	0.0073193755	1
M20250	"2023-10-07 12:42:21"	2	e	0.0609275924	1
M20250	"2023-10-07 12:42:21"	3	e	0.0188987933	1
M20250	"2023-10-07 12:42:21"	4	e	0.0018198782	1
M20250	"2023-10-07 12:42:21"	5	e	0.0054571945	1
M20250	"2023-10-07 12:42:21"	6	e	0.0018227779	1
M20250	"2023-10-07 12:42:21"	7	e	0.0000010000	1
M20250	"2023-10-07 12:42:21"	8	e	0.0000010000	1
M20250	"2023-10-07 12:42:21"	9	e	0.0073507934	1
M20250	"2023-10-07 12:42:21"	10	e	0.0000010000	1
M20250	"2023-10-07 12:42:21"	11	e	0.0036995575	1
M20250	"2023-10-07 12:42:21"	12	e	0.0000010000	1
M20250	"2023-10-07 12:42:21"	13	e	0.0000010000	1
M20250	"2023-10-07 12:42:21"	14	e	0.0036378754	1
M20250	"2023-10-07 12:42:21"	15	e	0.0000010000	1
M20250	"2023-10-07 12:42:21"	16	e	0.0000010000	1
M20250	"2023-10-07 12:42:21"	17	i	0.0628857672	2
M20250	"2023-10-07 12:42:21"	18	i	0.0471562410	3
M20250	"2023-10-07 12:42:21"	19	i	0.0000010000	4
M20250	"2023-10-07 12:42:21"	20	i	0.0037681812	3
M20250	"2023-10-07 12:42:21"	21	i	0.0000010000	2
M20250	"2023-10-07 12:42:21"	22	i	0.0018732549	7
M20250	"2023-10-07 12:42:21"	23	i	0.0000010000	7
M20250	"2023-10-07 12:42:21"	24	i	0.0000010000	6
M20250	"2023-10-07 12:42:21"	25	i	0.0000010000	4
M20250	"2023-10-07 12:42:21"	26	i	0.0036685283	3
M20250	"2023-10-07 12:42:21"	27	i	0.0000010000	2
M20250	"2023-10-07 12:42:21"	28	i	0.0018208685	2
M20250	"2023-10-07 12:42:21"	29	i	0.0000010000	2
M4863	"2023-09-09 12:32:39"	1	e	0.0000020866	1
M4863	"2023-09-09 12:32:39"	2	e	0.0015513346	1
M4863	"2023-09-09 12:32:39"	3	e	0.0010337571	1
M4863	"2023-09-09 12:32:39"	4	e	0.0010336569	1
M4863	"2023-09-09 12:32:39"	5	e	0.0015529221	1
M4863	"2023-09-09 12:32:39"	6	e	0.0005158861	1
M4863	"2023-09-09 12:32:39"	7	e	0.0010337431	1
M4863	"2023-09-09 12:32:39"	8	e	0.0025958817	1
M4863	"2023-09-09 12:32:39"	9	e	0.0015546513	1
M4863	"2023-09-09 12:32:39"	10	e	0.0010336712	1
M4863	"2023-09-09 12:32:39"	11	e	0.0039377384	1
M4863	"2023-09-09 12:32:39"	12	e	0.0015581647	1
M4863	"2023-09-09 12:32:39"	13	e	0.0081772463	1
M4863	"2023-09-09 12:32:39"	14	e	0.0347975160	1
M4863	"2023-09-09 12:32:39"	15	e	0.0391200783	1
M4863	"2023-09-09 12:32:39"	16	e	0.0418649813	1
M4863	"2023-09-09 12:32:39"	17	i	0.0005155302	7
M4863	"2023-09-09 12:32:39"	18	i	0.0000010013	3
M4863	"2023-09-09 12:32:39"	19	i	0.0005160900	2
M4863	"2023-09-09 12:32:39"	20	i	0.0000010013	4
M4863	"2023-09-09 12:32:39"	21	i	0.0010331650	3
M4863	"2023-09-09 12:32:39"	22	i	0.0000010013	2
M4863	"2023-09-09 12:32:39"	23	i	0.0041488934	8
M4863	"2023-09-09 12:32:39"	24	i	0.0006976779	4
M4863	"2023-09-09 12:32:39"	25	i	0.0013881801	3
M4863	"2023-09-09 12:32:39"	26	i	0.0005143256	2
M4863	"2023-09-09 12:32:39"	27	i	0.0023072089	4
M4863	"2023-09-09 12:32:39"	28	i	0.0401079427	3
M4863	"2023-09-09 12:32:39"	29	i	0.0047629675	2
M12533	"2023-09-08 17:22:24"	1	e	0.0000010000	1
M12533	"2023-09-08 17:22:24"	2	e	0.0000010000	1
M12533	"2023-09-08 17:22:24"	3	e	0.0000010000	1
M12533	"2023-09-08 17:22:24"	4	e	0.0000010000	1
M12533	"2023-09-08 17:22:24"	5	e	0.0000010000	1
M12533	"2023-09-08 17:22:24"	6	e	0.0000010000	1
M12533	"2023-09-08 17:22:24"	7	e	0.0000010000	1
M12533	"2023-09-08 17:22:24"	8	e	0.0000010000	1
M12533	"2023-09-08 17:22:24"	9	e	0.0000010000	1
M12533	"2023-09-08 17:22:24"	10	e	0.0000010000	1
M12533	"2023-09-08 17:22:24"	11	e	0.0000010000	1
M12533	"2023-09-08 17:22:24"	12	e	0.0000010000	1
M12533	"2023-09-08 17:22:24"	13	e	0.0000010000	1
M12533	"2023-09-08 17:22:24"	14	e	0.0000010000	1
M12533	"2023-09-08 17:22:24"	15	e	0.0000010000	1
M12533	"2023-09-08 17:22:24"	16	e	0.0000010000	1
M12533	"2023-09-08 17:22:24"	17	i	0.0000010000	2
M12533	"2023-09-08 17:22:24"	18	i	0.0000010000	7
M12533	"2023-09-08 17:22:24"	19	i	0.0000010000	4
M12533	"2023-09-08 17:22:24"	20	i	0.0000010000	3
M12533	"2023-09-08 17:22:24"	21	i	0.0000010000	2
M12533	"2023-09-08 17:22:24"	22	i	0.0000010000	5
M12533	"2023-09-08 17:22:24"	23	i	0.0000010000	2
M12533	"2023-09-08 17:22:24"	24	i	0.0000010000	3
M12533	"2023-09-08 17:22:24"	25	i	0.0000010000	2
M12533	"2023-09-08 17:22:24"	26	i	0.0140233737	5
M12533	"2023-09-08 17:22:24"	27	i	0.0000010000	2
M12533	"2023-09-08 17:22:24"	28	i	0.0000010000	3
M12533	"2023-09-08 17:22:24"	29	i	0.0000010000	2
M12550	"2023-09-11 16:27:54"	1	e	0.0000010000	1
M12550	"2023-09-11 16:27:54"	2	e	0.0000010000	1
M12550	"2023-09-11 16:27:54"	3	e	0.0000010000	1
M12550	"2023-09-11 16:27:54"	4	e	0.0000010000	1
M12550	"2023-09-11 16:27:54"	5	e	0.0000010000	1
M12550	"2023-09-11 16:27:54"	6	e	0.0000010000	1
M12550	"2023-09-11 16:27:54"	7	e	0.0000010000	1
M12550	"2023-09-11 16:27:54"	8	e	0.0000010000	1
M12550	"2023-09-11 16:27:54"	9	e	0.0000010000	1
M12550	"2023-09-11 16:27:54"	10	e	0.0000010000	1
M12550	"2023-09-11 16:27:54"	11	e	0.0000010000	1
M12550	"2023-09-11 16:27:54"	12	e	0.0000010000	1
M12550	"2023-09-11 16:27:54"	13	e	0.0000010000	1
M12550	"2023-09-11 16:27:54"	14	e	0.0000010000	1
M12550	"2023-09-11 16:27:54"	15	e	0.0000010000	1
M12550	"2023-09-11 16:27:54"	16	e	0.0000010000	1
M12550	"2023-09-11 16:27:54"	17	i	0.0000010000	2
M12550	"2023-09-11 16:27:54"	18	i	0.0000010000	4
M12550	"2023-09-11 16:27:54"	19	i	0.0000010000	6
M12550	"2023-09-11 16:27:54"	20	i	0.0000010000	3
M12550	"2023-09-11 16:27:54"	21	i	0.0000010000	2
M12550	"2023-09-11 16:27:54"	22	i	0.0000010000	7
M12550	"2023-09-11 16:27:54"	23	i	0.0047095916	2
M12550	"2023-09-11 16:27:54"	24	i	0.0047095916	5
M12550	"2023-09-11 16:27:54"	25	i	0.0000010000	3
M12550	"2023-09-11 16:27:54"	26	i	0.0000010000	2
M12550	"2023-09-11 16:27:54"	27	i	0.0000010000	2
M12550	"2023-09-11 16:27:54"	28	i	0.0000010000	2
M12550	"2023-09-11 16:27:54"	29	i	0.0000010000	2
M1375	"2023-09-11 15:49:48"	1	e	0.0000010000	1
M1375	"2023-09-11 15:49:48"	2	e	0.0000010000	1
M1375	"2023-09-11 15:49:48"	3	e	0.0027707539	1
M1375	"2023-09-11 15:49:48"	4	e	0.0018476454	1
M1375	"2023-09-11 15:49:48"	5	e	0.0010376325	1
M1375	"2023-09-11 15:49:48"	6	e	0.0027926699	1
M1375	"2023-09-11 15:49:48"	7	e	0.0009239671	1
M1375	"2023-09-11 15:49:48"	8	e	0.0000010000	1
M1375	"2023-09-11 15:49:48"	9	e	0.0000010000	1
M1375	"2023-09-11 15:49:48"	10	e	0.0000010000	1
M1375	"2023-09-11 15:49:48"	11	e	0.0009259989	1
M1375	"2023-09-11 15:49:48"	12	e	0.0018492844	1
M1375	"2023-09-11 15:49:48"	13	e	0.0092897997	1
M1375	"2023-09-11 15:49:48"	14	e	0.0000010000	1
M1375	"2023-09-11 15:49:48"	15	e	0.0000010000	1
M1375	"2023-09-11 15:49:48"	16	e	0.0009239196	1
M1375	"2023-09-11 15:49:48"	17	i	0.0000010000	2
M1375	"2023-09-11 15:49:48"	18	i	0.0000010000	2
M1375	"2023-09-11 15:49:48"	19	i	0.0009239188	4
M1375	"2023-09-11 15:49:48"	20	i	0.0000010000	5
M1375	"2023-09-11 15:49:48"	21	i	0.0000010000	7
M1375	"2023-09-11 15:49:48"	22	i	0.0009218504	8
M1375	"2023-09-11 15:49:48"	23	i	0.0000020339	7
M1375	"2023-09-11 15:49:48"	24	i	0.0000010000	4
M1375	"2023-09-11 15:49:48"	25	i	0.0009246223	3
M1375	"2023-09-11 15:49:48"	26	i	0.0037048181	2
M1375	"2023-09-11 15:49:48"	27	i	0.0000010000	3
M1375	"2023-09-11 15:49:48"	28	i	0.0000010000	2
M1375	"2023-09-11 15:49:48"	29	i	0.0000010000	2
M12547	"2023-09-11 18:10:20"	1	e	0.0000010000	1
M12547	"2023-09-11 18:10:20"	2	e	0.0000010000	1
M12547	"2023-09-11 18:10:20"	3	e	0.0000010000	1
M12547	"2023-09-11 18:10:20"	4	e	0.0000010000	1
M12547	"2023-09-11 18:10:20"	5	e	0.0000010000	1
M12547	"2023-09-11 18:10:20"	6	e	0.0000010000	1
M12547	"2023-09-11 18:10:20"	7	e	0.0000010000	1
M12547	"2023-09-11 18:10:20"	8	e	0.0000010000	1
M12547	"2023-09-11 18:10:20"	9	e	0.0000010000	1
M12547	"2023-09-11 18:10:20"	10	e	0.0000010000	1
M12547	"2023-09-11 18:10:20"	11	e	0.0000010000	1
M12547	"2023-09-11 18:10:20"	12	e	0.0000010000	1
M12547	"2023-09-11 18:10:20"	13	e	0.0000010000	1
M12547	"2023-09-11 18:10:20"	14	e	0.0000010000	1
M12547	"2023-09-11 18:10:20"	15	e	0.0000010000	1
M12547	"2023-09-11 18:10:20"	16	e	0.0000010000	1
M12547	"2023-09-11 18:10:20"	17	i	0.0069284557	6
M12547	"2023-09-11 18:10:20"	18	i	0.0000010000	2
M12547	"2023-09-11 18:10:20"	19	i	0.0000010000	4
M12547	"2023-09-11 18:10:20"	20	i	0.0000010000	2
M12547	"2023-09-11 18:10:20"	21	i	0.0000010000	2
M12547	"2023-09-11 18:10:20"	22	i	0.0000010000	7
M12547	"2023-09-11 18:10:20"	23	i	0.0000010000	3
M12547	"2023-09-11 18:10:20"	24	i	0.0000010000	2
M12547	"2023-09-11 18:10:20"	25	i	0.0000010000	6
M12547	"2023-09-11 18:10:20"	26	i	0.0000010000	5
M12547	"2023-09-11 18:10:20"	27	i	0.0000010000	4
M12547	"2023-09-11 18:10:20"	28	i	0.0000010000	3
M12547	"2023-09-11 18:10:20"	29	i	0.0000010000	2
M25356	"2023-09-11 19:21:57"	1	e	0.0000010000	1
M25356	"2023-09-11 19:21:57"	2	e	0.0000010000	1
M25356	"2023-09-11 19:21:57"	3	e	0.0000010000	1
M25356	"2023-09-11 19:21:57"	4	e	0.0000010000	1
M25356	"2023-09-11 19:21:57"	5	e	0.0000010000	1
M25356	"2023-09-11 19:21:57"	6	e	0.0000010000	1
M25356	"2023-09-11 19:21:57"	7	e	0.0000010000	1
M25356	"2023-09-11 19:21:57"	8	e	0.0000010000	1
M25356	"2023-09-11 19:21:57"	9	e	0.0000010000	1
M25356	"2023-09-11 19:21:57"	10	e	0.0000010000	1
M25356	"2023-09-11 19:21:57"	11	e	0.0000010000	1
M25356	"2023-09-11 19:21:57"	12	e	0.0056074072	1
M25356	"2023-09-11 19:21:57"	13	e	0.0000010000	1
M25356	"2023-09-11 19:21:57"	14	e	0.0000010000	1
M25356	"2023-09-11 19:21:57"	15	e	0.0000010000	1
M25356	"2023-09-11 19:21:57"	16	e	0.0000010000	1
M25356	"2023-09-11 19:21:57"	17	i	0.0017732117	2
M25356	"2023-09-11 19:21:57"	18	i	0.0149701604	3
M25356	"2023-09-11 19:21:57"	19	i	0.0167955378	4
M25356	"2023-09-11 19:21:57"	20	i	0.0041237850	2
M25356	"2023-09-11 19:21:57"	21	i	0.0066119638	2
M25356	"2023-09-11 19:21:57"	22	i	0.0360211150	7
M25356	"2023-09-11 19:21:57"	23	i	0.0201805968	3
M25356	"2023-09-11 19:21:57"	24	i	0.0000010000	2
M25356	"2023-09-11 19:21:57"	25	i	0.0311147204	6
M25356	"2023-09-11 19:21:57"	26	i	0.0250529114	4
M25356	"2023-09-11 19:21:57"	27	i	0.0053331102	2
M25356	"2023-09-11 19:21:57"	28	i	0.0120726884	2
M25356	"2023-09-11 19:21:57"	29	i	0.0267129215	2
M21940	"2023-09-12 00:35:34"	1	e	0.0000028089	1
M21940	"2023-09-12 00:35:34"	2	e	0.0000010000	1
M21940	"2023-09-12 00:35:34"	3	e	0.0000010000	1
M21940	"2023-09-12 00:35:34"	4	e	0.0044278178	1
M21940	"2023-09-12 00:35:34"	5	e	0.0010902413	1
M21940	"2023-09-12 00:35:34"	6	e	0.0033102110	1
M21940	"2023-09-12 00:35:34"	7	e	0.0109086973	1
M21940	"2023-09-12 00:35:34"	8	e	0.0092943773	1
M21940	"2023-09-12 00:35:34"	9	e	0.0000010000	1
M21940	"2023-09-12 00:35:34"	10	e	0.0087566915	1
M21940	"2023-09-12 00:35:34"	11	e	0.0299636534	1
M21940	"2023-09-12 00:35:34"	12	e	0.0656173058	1
M21940	"2023-09-12 00:35:34"	13	e	0.1259039731	1
M21940	"2023-09-12 00:35:34"	14	e	0.0925721641	1
M21940	"2023-09-12 00:35:34"	15	e	0.1020475934	1
M21940	"2023-09-12 00:35:34"	16	e	0.1542426777	1
M21940	"2023-09-12 00:35:34"	17	i	0.0000010000	2
M21940	"2023-09-12 00:35:34"	18	i	0.0093265964	3
M21940	"2023-09-12 00:35:34"	19	i	0.0102157753	6
M21940	"2023-09-12 00:35:34"	20	i	0.0032735972	4
M21940	"2023-09-12 00:35:34"	21	i	0.0128504870	3
M21940	"2023-09-12 00:35:34"	22	i	0.0120572729	2
M21940	"2023-09-12 00:35:34"	23	i	0.0241273428	6
M21940	"2023-09-12 00:35:34"	24	i	0.0088846020	5
M21940	"2023-09-12 00:35:34"	25	i	0.0865813198	4
M21940	"2023-09-12 00:35:34"	26	i	0.0210108354	2
M21940	"2023-09-12 00:35:34"	27	i	0.0378897309	2
M21940	"2023-09-12 00:35:34"	28	i	0.0020840857	3
M21940	"2023-09-12 00:35:34"	29	i	0.0035893005	2
M1882	"2023-08-31 12:08:52"	1	e	0.0078252617	1
M1882	"2023-08-31 12:08:52"	2	e	0.0052297998	1
M1882	"2023-08-31 12:08:52"	3	e	0.0000009927	1
M1882	"2023-08-31 12:08:52"	4	e	0.0105470601	1
M1882	"2023-08-31 12:08:52"	5	e	0.0049971333	1
M1882	"2023-08-31 12:08:52"	6	e	0.0086527783	1
M1882	"2023-08-31 12:08:52"	7	e	0.0143574350	1
M1882	"2023-08-31 12:08:52"	8	e	0.0217023992	1
M1882	"2023-08-31 12:08:52"	9	e	0.0218389925	1
M1882	"2023-08-31 12:08:52"	10	e	0.0129930483	1
M1882	"2023-08-31 12:08:52"	11	e	0.0036721705	1
M1882	"2023-08-31 12:08:52"	12	e	0.0135855433	1
M1882	"2023-08-31 12:08:52"	13	e	0.0125635254	1
M1882	"2023-08-31 12:08:52"	14	e	0.0480449821	1
M1882	"2023-08-31 12:08:52"	15	e	0.0253880386	1
M1882	"2023-08-31 12:08:52"	16	e	0.0232791547	1
M1882	"2023-08-31 12:08:52"	17	i	0.0098434907	2
M1882	"2023-08-31 12:08:52"	18	i	0.0215017645	3
M1882	"2023-08-31 12:08:52"	19	i	0.0059573246	3
M1882	"2023-08-31 12:08:52"	20	i	0.0055852172	2
M1882	"2023-08-31 12:08:52"	21	i	0.0150208085	6
M1882	"2023-08-31 12:08:52"	22	i	0.0137076459	7
M1882	"2023-08-31 12:08:52"	23	i	0.0238439606	2
M1882	"2023-08-31 12:08:52"	24	i	0.0365778378	7
M1882	"2023-08-31 12:08:52"	25	i	0.0035827875	6
M1882	"2023-08-31 12:08:52"	26	i	0.0297059612	4
M1882	"2023-08-31 12:08:52"	27	i	0.0014153655	3
M1882	"2023-08-31 12:08:52"	28	i	0.0089124026	2
M1882	"2023-08-31 12:08:52"	29	i	0.0361637795	2
M12532	"2023-09-11 15:54:24"	1	e	0.0000010000	1
M12532	"2023-09-11 15:54:24"	2	e	0.0000010000	1
M12532	"2023-09-11 15:54:24"	3	e	0.0000010000	1
M12532	"2023-09-11 15:54:24"	4	e	0.0000010000	1
M12532	"2023-09-11 15:54:24"	5	e	0.0000010000	1
M12532	"2023-09-11 15:54:24"	6	e	0.0000010000	1
M12532	"2023-09-11 15:54:24"	7	e	0.0000010000	1
M12532	"2023-09-11 15:54:24"	8	e	0.0000010000	1
M12532	"2023-09-11 15:54:24"	9	e	0.0000010000	1
M12532	"2023-09-11 15:54:24"	10	e	0.0000010000	1
M12532	"2023-09-11 15:54:24"	11	e	0.0000010000	1
M12532	"2023-09-11 15:54:24"	12	e	0.0000010000	1
M12532	"2023-09-11 15:54:24"	13	e	0.0000010000	1
M12532	"2023-09-11 15:54:24"	14	e	0.0000010000	1
M12532	"2023-09-11 15:54:24"	15	e	0.0000010000	1
M12532	"2023-09-11 15:54:24"	16	e	0.0000010000	1
M12532	"2023-09-11 15:54:24"	17	i	0.0000010000	6
M12532	"2023-09-11 15:54:24"	18	i	0.0000010000	3
M12532	"2023-09-11 15:54:24"	19	i	0.0000010000	2
M12532	"2023-09-11 15:54:24"	20	i	0.0000010000	3
M12532	"2023-09-11 15:54:24"	21	i	0.0000010000	2
M12532	"2023-09-11 15:54:24"	22	i	0.0000010000	7
M12532	"2023-09-11 15:54:24"	23	i	0.0000010000	3
M12532	"2023-09-11 15:54:24"	24	i	0.0000010000	2
M12532	"2023-09-11 15:54:24"	25	i	0.0000010000	6
M12532	"2023-09-11 15:54:24"	26	i	0.0104349509	5
M12532	"2023-09-11 15:54:24"	27	i	0.0000010000	4
M12532	"2023-09-11 15:54:24"	28	i	0.0000010000	3
M12532	"2023-09-11 15:54:24"	29	i	0.0000010000	2
M4708	"2023-09-13 04:55:14"	1	e	0.0259780753	1
M4708	"2023-09-13 04:55:14"	2	e	0.0232667856	1
M4708	"2023-09-13 04:55:14"	3	e	0.0218480821	1
M4708	"2023-09-13 04:55:14"	4	e	0.0107276623	1
M4708	"2023-09-13 04:55:14"	5	e	0.0148425107	1
M4708	"2023-09-13 04:55:14"	6	e	0.0113544752	1
M4708	"2023-09-13 04:55:14"	7	e	0.0203125892	1
M4708	"2023-09-13 04:55:14"	8	e	0.0458291583	1
M4708	"2023-09-13 04:55:14"	9	e	0.0000010242	1
M4708	"2023-09-13 04:55:14"	10	e	0.0000010242	1
M4708	"2023-09-13 04:55:14"	11	e	0.0223147066	1
M4708	"2023-09-13 04:55:14"	12	e	0.0345434811	1
M4708	"2023-09-13 04:55:14"	13	e	0.0060229544	1
M4708	"2023-09-13 04:55:14"	14	e	0.0049538354	1
M4708	"2023-09-13 04:55:14"	15	e	0.0111820081	1
M4708	"2023-09-13 04:55:14"	16	e	0.0124104733	1
M4708	"2023-09-13 04:55:14"	17	i	0.0046776994	2
M4708	"2023-09-13 04:55:14"	18	i	0.0110785295	2
M4708	"2023-09-13 04:55:14"	19	i	0.0174094970	4
M4708	"2023-09-13 04:55:14"	20	i	0.0450851231	3
M4708	"2023-09-13 04:55:14"	21	i	0.0054860956	2
M4708	"2023-09-13 04:55:14"	22	i	0.0095330552	7
M4708	"2023-09-13 04:55:14"	23	i	0.0261201418	8
M4708	"2023-09-13 04:55:14"	24	i	0.0809578922	2
M4708	"2023-09-13 04:55:14"	25	i	0.0201836102	6
M4708	"2023-09-13 04:55:14"	26	i	0.0067152414	4
M4708	"2023-09-13 04:55:14"	27	i	0.0353795532	2
M4708	"2023-09-13 04:55:14"	28	i	0.0275301609	2
M4708	"2023-09-13 04:55:14"	29	i	0.0390365750	2
M48773	"2023-09-13 04:55:32"	1	e	0.0506316567	1
M48773	"2023-09-13 04:55:32"	2	e	0.0107105361	1
M48773	"2023-09-13 04:55:32"	3	e	0.0271543473	1
M48773	"2023-09-13 04:55:32"	4	e	0.0107401698	1
M48773	"2023-09-13 04:55:32"	5	e	0.0000010000	1
M48773	"2023-09-13 04:55:32"	6	e	0.0000010000	1
M48773	"2023-09-13 04:55:32"	7	e	0.0000010000	1
M48773	"2023-09-13 04:55:32"	8	e	0.0000010000	1
M48773	"2023-09-13 04:55:32"	9	e	0.0018680559	1
M48773	"2023-09-13 04:55:32"	10	e	0.0039998105	1
M48773	"2023-09-13 04:55:32"	11	e	0.0020271734	1
M48773	"2023-09-13 04:55:32"	12	e	0.0000010000	1
M48773	"2023-09-13 04:55:32"	13	e	0.0000010000	1
M48773	"2023-09-13 04:55:32"	14	e	0.0000010000	1
M48773	"2023-09-13 04:55:32"	15	e	0.0000010000	1
M48773	"2023-09-13 04:55:32"	16	e	0.0119782424	1
M48773	"2023-09-13 04:55:32"	17	i	0.0704250185	6
M48773	"2023-09-13 04:55:32"	18	i	0.0117012139	8
M48773	"2023-09-13 04:55:32"	19	i	0.0043536118	7
M48773	"2023-09-13 04:55:32"	20	i	0.0057342996	6
M48773	"2023-09-13 04:55:32"	21	i	0.0075889128	5
M48773	"2023-09-13 04:55:32"	22	i	0.0018718160	4
M48773	"2023-09-13 04:55:32"	23	i	0.0000010000	3
M48773	"2023-09-13 04:55:32"	24	i	0.0000010000	2
M48773	"2023-09-13 04:55:32"	25	i	0.0039500734	2
M48773	"2023-09-13 04:55:32"	26	i	0.0655111654	5
M48773	"2023-09-13 04:55:32"	27	i	0.0000010000	2
M48773	"2023-09-13 04:55:32"	28	i	0.0000010000	3
M48773	"2023-09-13 04:55:32"	29	i	0.0000010000	2
M4401	"2023-09-12 17:21:56"	1	e	0.0519686030	1
M4401	"2023-09-12 17:21:56"	2	e	0.0430779277	1
M4401	"2023-09-12 17:21:56"	3	e	0.0237064428	1
M4401	"2023-09-12 17:21:56"	4	e	0.0249426822	1
M4401	"2023-09-12 17:21:56"	5	e	0.0188957056	1
M4401	"2023-09-12 17:21:56"	6	e	0.0146248637	1
M4401	"2023-09-12 17:21:56"	7	e	0.0004670202	1
M4401	"2023-09-12 17:21:56"	8	e	0.0051617899	1
M4401	"2023-09-12 17:21:56"	9	e	0.0004312889	1
M4401	"2023-09-12 17:21:56"	10	e	0.0123417156	1
M4401	"2023-09-12 17:21:56"	11	e	0.0043289148	1
M4401	"2023-09-12 17:21:56"	12	e	0.0130018565	1
M4401	"2023-09-12 17:21:56"	13	e	0.0098414693	1
M4401	"2023-09-12 17:21:56"	14	e	0.0132943098	1
M4401	"2023-09-12 17:21:56"	15	e	0.0452613656	1
M4401	"2023-09-12 17:21:56"	16	e	0.0223281672	1
M4401	"2023-09-12 17:21:56"	17	i	0.0049664966	3
M4401	"2023-09-12 17:21:56"	18	i	0.0029267858	4
M4401	"2023-09-12 17:21:56"	19	i	0.0053270879	6
M4401	"2023-09-12 17:21:56"	20	i	0.0156721678	3
M4401	"2023-09-12 17:21:56"	21	i	0.0073560070	2
M4401	"2023-09-12 17:21:56"	22	i	0.0154453247	3
M4401	"2023-09-12 17:21:56"	23	i	0.0024329949	2
M4401	"2023-09-12 17:21:56"	24	i	0.0085190627	6
M4401	"2023-09-12 17:21:56"	25	i	0.0025332175	5
M4401	"2023-09-12 17:21:56"	26	i	0.0017104156	4
M4401	"2023-09-12 17:21:56"	27	i	0.0116355563	2
M4401	"2023-09-12 17:21:56"	28	i	0.0026231123	2
M4401	"2023-09-12 17:21:56"	29	i	0.0278245899	2
M15830	"2023-09-17 08:22:44"	1	e	0.0004173087	1
M15830	"2023-09-17 08:22:44"	2	e	0.0012875271	1
M15830	"2023-09-17 08:22:44"	3	e	0.0625472631	1
M15830	"2023-09-17 08:22:44"	4	e	0.0350167985	1
M15830	"2023-09-17 08:22:44"	5	e	0.0167398811	1
M15830	"2023-09-17 08:22:44"	6	e	0.0008501169	1
M15830	"2023-09-17 08:22:44"	7	e	0.0008682926	1
M15830	"2023-09-17 08:22:44"	8	e	0.0033246035	1
M15830	"2023-09-17 08:22:44"	9	e	0.0043984248	1
M15830	"2023-09-17 08:22:44"	10	e	0.0020928641	1
M15830	"2023-09-17 08:22:44"	11	e	0.0020865562	1
M15830	"2023-09-17 08:22:44"	12	e	0.0025165164	1
M15830	"2023-09-17 08:22:44"	13	e	0.0008497373	1
M15830	"2023-09-17 08:22:44"	14	e	0.0012572514	1
M15830	"2023-09-17 08:22:44"	15	e	0.0004229042	1
M15830	"2023-09-17 08:22:44"	16	e	0.0000010040	1
M15830	"2023-09-17 08:22:44"	17	i	0.0021769639	2
M15830	"2023-09-17 08:22:44"	18	i	0.0004798438	7
M15830	"2023-09-17 08:22:44"	19	i	0.0048012381	5
M15830	"2023-09-17 08:22:44"	20	i	0.0070240450	2
M15830	"2023-09-17 08:22:44"	21	i	0.0013398441	3
M15830	"2023-09-17 08:22:44"	22	i	0.0077317003	2
M15830	"2023-09-17 08:22:44"	23	i	0.0017093228	2
M15830	"2023-09-17 08:22:44"	24	i	0.0012840088	7
M15830	"2023-09-17 08:22:44"	25	i	0.0007186240	6
M15830	"2023-09-17 08:22:44"	26	i	0.0006118697	5
M15830	"2023-09-17 08:22:44"	27	i	0.0004481563	4
M15830	"2023-09-17 08:22:44"	28	i	0.0016844539	3
M15830	"2023-09-17 08:22:44"	29	i	0.0004176504	2
M20258	"2023-09-18 12:35:53"	1	e	0.0398572869	1
M20258	"2023-09-18 12:35:53"	2	e	0.0709419261	1
M20258	"2023-09-18 12:35:53"	3	e	0.0000010000	1
M20258	"2023-09-18 12:35:53"	4	e	0.0049766197	1
M20258	"2023-09-18 12:35:53"	5	e	0.0516574813	1
M20258	"2023-09-18 12:35:53"	6	e	0.0035674222	1
M20258	"2023-09-18 12:35:53"	7	e	0.0000010000	1
M20258	"2023-09-18 12:35:53"	8	e	0.0017967589	1
M20258	"2023-09-18 12:35:53"	9	e	0.0000010000	1
M20258	"2023-09-18 12:35:53"	10	e	0.0000010000	1
M20258	"2023-09-18 12:35:53"	11	e	0.0017814924	1
M20258	"2023-09-18 12:35:53"	12	e	0.0000010000	1
M20258	"2023-09-18 12:35:53"	13	e	0.0000010000	1
M20258	"2023-09-18 12:35:53"	14	e	0.0000010000	1
M20258	"2023-09-18 12:35:53"	15	e	0.0000010000	1
M20258	"2023-09-18 12:35:53"	16	e	0.0000010000	1
M20258	"2023-09-18 12:35:53"	17	i	0.0226333923	2
M20258	"2023-09-18 12:35:53"	18	i	0.0265695426	3
M20258	"2023-09-18 12:35:53"	19	i	0.0040996421	4
M20258	"2023-09-18 12:35:53"	20	i	0.0017732311	6
M20258	"2023-09-18 12:35:53"	21	i	0.0018085894	3
M20258	"2023-09-18 12:35:53"	22	i	0.0017946740	2
M20258	"2023-09-18 12:35:53"	23	i	0.0089716563	3
M20258	"2023-09-18 12:35:53"	24	i	0.0000010000	2
M20258	"2023-09-18 12:35:53"	25	i	0.0017797143	6
M20258	"2023-09-18 12:35:53"	26	i	0.0000010000	4
M20258	"2023-09-18 12:35:53"	27	i	0.0000010000	2
M20258	"2023-09-18 12:35:53"	28	i	0.0018435672	2
M20258	"2023-09-18 12:35:53"	29	i	0.0053508756	2
M767	"2023-10-15 03:50:18"	1	e	0.0191052996	1
M767	"2023-10-15 03:50:18"	2	e	0.0701957630	1
M767	"2023-10-15 03:50:18"	3	e	0.0000010000	1
M767	"2023-10-15 03:50:18"	4	e	0.0121330450	1
M767	"2023-10-15 03:50:18"	5	e	0.0146885732	1
M767	"2023-10-15 03:50:18"	6	e	0.0000010000	1
M767	"2023-10-15 03:50:18"	7	e	0.0047990775	1
M767	"2023-10-15 03:50:18"	8	e	0.0122410238	1
M767	"2023-10-15 03:50:18"	9	e	0.0023891279	1
M767	"2023-10-15 03:50:18"	10	e	0.0000020540	1
M767	"2023-10-15 03:50:18"	11	e	0.0023735637	1
M767	"2023-10-15 03:50:18"	12	e	0.0000010000	1
M767	"2023-10-15 03:50:18"	13	e	0.1094456153	1
M767	"2023-10-15 03:50:18"	14	e	0.0191319783	1
M767	"2023-10-15 03:50:18"	15	e	0.0379541637	1
M767	"2023-10-15 03:50:18"	16	e	0.0264815729	1
M767	"2023-10-15 03:50:18"	17	i	0.0131065401	7
M767	"2023-10-15 03:50:18"	18	i	0.0187944410	6
M767	"2023-10-15 03:50:18"	19	i	0.0166499840	2
M767	"2023-10-15 03:50:18"	20	i	0.0072439024	4
M767	"2023-10-15 03:50:18"	21	i	0.0124991005	3
M767	"2023-10-15 03:50:18"	22	i	0.0222135432	2
M767	"2023-10-15 03:50:18"	23	i	0.0351520114	8
M767	"2023-10-15 03:50:18"	24	i	0.0000010000	7
M767	"2023-10-15 03:50:18"	25	i	0.0025463856	6
M767	"2023-10-15 03:50:18"	26	i	0.0023792585	5
M767	"2023-10-15 03:50:18"	27	i	0.0023948735	4
M767	"2023-10-15 03:50:18"	28	i	0.0023755523	3
M767	"2023-10-15 03:50:18"	29	i	0.0023791941	2
OMM110806290	"2023-11-10 12:50:51"	1	e	0.0910993752	1
OMM110806290	"2023-11-10 12:50:51"	2	e	0.0095830082	1
OMM110806290	"2023-11-10 12:50:51"	3	e	0.0042955851	1
OMM110806290	"2023-11-10 12:50:51"	4	e	0.0086026907	1
OMM110806290	"2023-11-10 12:50:51"	5	e	0.0000010000	1
OMM110806290	"2023-11-10 12:50:51"	6	e	0.0000010000	1
OMM110806290	"2023-11-10 12:50:51"	7	e	0.0043401289	1
OMM110806290	"2023-11-10 12:50:51"	8	e	0.0710989052	1
OMM110806290	"2023-11-10 12:50:51"	9	e	0.0954209615	1
OMM110806290	"2023-11-10 12:50:51"	10	e	0.1100981772	1
OMM110806290	"2023-11-10 12:50:51"	11	e	0.1502473235	1
OMM110806290	"2023-11-10 12:50:51"	12	e	0.1302383774	1
OMM110806290	"2023-11-10 12:50:51"	13	e	0.1589348274	1
OMM110806290	"2023-11-10 12:50:51"	14	e	0.1340117642	1
OMM110806290	"2023-11-10 12:50:51"	15	e	0.0276307196	1
OMM110806290	"2023-11-10 12:50:51"	16	e	0.0847412140	1
OMM110806290	"2023-11-10 12:50:51"	17	i	0.0000020831	6
OMM110806290	"2023-11-10 12:50:51"	18	i	0.0319302641	7
OMM110806290	"2023-11-10 12:50:51"	19	i	0.0059127034	8
OMM110806290	"2023-11-10 12:50:51"	20	i	0.0591879042	7
OMM110806290	"2023-11-10 12:50:51"	21	i	0.0283942473	6
OMM110806290	"2023-11-10 12:50:51"	22	i	0.0077399948	5
OMM110806290	"2023-11-10 12:50:51"	23	i	0.0000010000	2
OMM110806290	"2023-11-10 12:50:51"	24	i	0.0043297829	3
OMM110806290	"2023-11-10 12:50:51"	25	i	0.0042860945	2
OMM110806290	"2023-11-10 12:50:51"	26	i	0.0102630951	5
OMM110806290	"2023-11-10 12:50:51"	27	i	0.0723806312	2
OMM110806290	"2023-11-10 12:50:51"	28	i	0.0396015248	3
OMM110806290	"2023-11-10 12:50:51"	29	i	0.1096228912	2
