branch,site,coherence,category_variance,rate_category
"(Eukaryota_Opisthokonta_Nucletmycea_Fungi_Dikarya_Ascomycota_Saccharomycotina_Saccharomycetes_Saccharomycetales_Saccharomyces_cerevisiae_baker_s_yeast, Node1652*)",2,1.6371415385785282,0.65757518761626399,c1
"(Eukaryota_Opisthokonta_Nucletmycea_Fungi_Dikarya_Ascomycota_Saccharomycotina_Saccharomycetes_Saccharomycetales_Saccharomyces_cerevisiae_baker_s_yeast, Node1652*)",4,0.95863435526525076,0.65757518761626399,c1
"(Eukaryota_Opisthokonta_Nucletmycea_Fungi_Dikarya_Ascomycota_Saccharomycotina_Saccharomycetes_Saccharomycetales_Saccharomyces_cerevisiae_baker_s_yeast, Node1652*)",5,0.95863435526525076,0.65757518761626399,c1
"(Eukaryota_Opisthokonta_Nucletmycea_Fungi_Dikarya_Ascomycota_Saccharomycotina_Saccharomycetes_Saccharomycetales_Saccharomyces_cerevisiae_baker_s_yeast, Node1652*)",6,6.3320816858951025e-18,0.65757518761626399,c1
"(Eukaryota_Opisthokonta_Nucletmycea_Fungi_Dikarya_Ascomycota_Saccharomycotina_Saccharomycetes_Saccharomycetales_Saccharomyces_cerevisiae_baker_s_yeast, Node1652*)",7,-2.7704696985491669e-19,0.65757518761626399,c1
"(Eukaryota_Opisthokonta_Nucletmycea_Fungi_Dikarya_Ascomycota_Saccharomycotina_Saccharomycetes_Saccharomycetales_Saccharomyces_cerevisiae_baker_s_yeast, Node1652*)",8,0.95863435526525076,0.65757518761626399,c1
"(Eukaryota_Opisthokonta_Nucletmycea_Fungi_Dikarya_Ascomycota_Saccharomycotina_Saccharomycetes_Saccharomycetales_Saccharomyces_cerevisiae_baker_s_yeast, Node1652*)",9,0.54414759141414049,0.65757518761626399,c1
"(Eukaryota_Opisthokonta_Nucletmycea_Fungi_Dikarya_Ascomycota_Saccharomycotina_Saccharomycetes_Saccharomycetales_Saccharomyces_cerevisiae_baker_s_yeast, Node1652*)",10,4.6206519324686423e-18,0.65757518761626399,c1
"(Eukaryota_Opisthokonta_Nucletmycea_Fungi_Dikarya_Ascomycota_Saccharomycotina_Saccharomycetes_Saccharomycetales_Saccharomyces_cerevisiae_baker_s_yeast, Node1652*)",13,5.5007088433862225e-18,0.65757518761626399,c1
"(Eukaryota_Opisthokonta_Nucletmycea_Fungi_Dikarya_Ascomycota_Saccharomycotina_Saccharomycetes_Saccharomycetales_Saccharomyces_cerevisiae_baker_s_yeast, Node1652*)",15,1.6371415385785282,0.65757518761626399,c1
"(Eukaryota_Opisthokonta_Nucletmycea_Fungi_Dikarya_Ascomycota_Saccharomycotina_Saccharomycetes_Saccharomycetales_Saccharomyces_cerevisiae_baker_s_yeast, Node1652*)",16,1.6371415385785282,0.65757518761626399,c1
"(Eukaryota_Opisthokonta_Nucletmycea_Fungi_Dikarya_Ascomycota_Saccharomycotina_Saccharomycetes_Saccharomycetales_Saccharomyces_cerevisiae_baker_s_yeast, Node1652*)",17,0.54414759141414049,0.65757518761626399,c1
"(Eukaryota_Opisthokonta_Nucletmycea_Fungi_Dikarya_Ascomycota_Saccharomycotina_Saccharomycetes_Saccharomycetales_Saccharomyces_cerevisiae_baker_s_yeast, Node1652*)",18,0.95863435526525076,0.65757518761626399,c1
"(Eukaryota_Opisthokonta_Nucletmycea_Fungi_Dikarya_Ascomycota_Saccharomycotina_Saccharomycetes_Saccharomycetales_Saccharomyces_cerevisiae_baker_s_yeast, Node1652*)",19,7.9741699636867091e-19,0.65757518761626399,c1
"(Eukaryota_Opisthokonta_Nucletmycea_Fungi_Dikarya_Ascomycota_Saccharomycotina_Saccharomycetes_Saccharomycetales_Saccharomyces_cerevisiae_baker_s_yeast, Node1652*)",20,0.54414759141414049,0.65757518761626399,c1
"(Eukaryota_Opisthokonta_Nucletmycea_Fungi_Dikarya_Ascomycota_Saccharomycotina_Saccharomycetes_Saccharomycetales_Saccharomyces_cerevisiae_baker_s_yeast, Node1652*)",26,4.0739659840310214e-19,0.65757518761626399,c1
"(Eukaryota_Opisthokonta_Nucletmycea_Fungi_Dikarya_Ascomycota_Saccharomycotina_Saccharomycetes_Saccharomycetales_Saccharomyces_cerevisiae_baker_s_yeast, Node1652*)",27,0.54414759141414049,0.65757518761626399,c1
"(Eukaryota_Opisthokonta_Nucletmycea_Fungi_Dikarya_Ascomycota_Saccharomycotina_Saccharomycetes_Saccharomycetales_Saccharomyces_cerevisiae_baker_s_yeast, Node1652*)",28,-1.0774154153588856e-17,0.65757518761626399,c1
"(Eukaryota_Opisthokonta_Nucletmycea_Fungi_Dikarya_Ascomycota_Saccharomycotina_Saccharomycetes_Saccharomycetales_Saccharomyces_cerevisiae_baker_s_yeast, Node1652*)",29,0.95863435526525076,0.65757518761626399,c1
"(Eukaryota_Opisthokonta_Nucletmycea_Fungi_Dikarya_Ascomycota_Saccharomycotina_Saccharomycetes_Saccharomycetales_Saccharomyces_cerevisiae_baker_s_yeast, Node1652*)",30,1.6371415385785282,0.65757518761626399,c1
"(Eukaryota_Opisthokonta_Nucletmycea_Fungi_Dikarya_Ascomycota_Saccharomycotina_Saccharomycetes_Saccharomycetales_Saccharomyces_cerevisiae_baker_s_yeast, Node1652*)",31,-1.014951232513027e-17,0.65757518761626399,c1
"(Eukaryota_Opisthokonta_Nucletmycea_Fungi_Dikarya_Ascomycota_Saccharomycotina_Saccharomycetes_Saccharomycetales_Saccharomyces_cerevisiae_baker_s_yeast, Node1652*)",33,-1.0774267037812595e-17,0.65757518761626399,c1
"(Eukaryota_Opisthokonta_Nucletmycea_Fungi_Dikarya_Ascomycota_Saccharomycotina_Saccharomycetes_Saccharomycetales_Saccharomyces_cerevisiae_baker_s_yeast, Node1652*)",39,6.74515354214873e-18,0.65757518761626399,c1
"(Eukaryota_Opisthokonta_Nucletmycea_Fungi_Dikarya_Ascomycota_Saccharomycotina_Saccharomycetes_Saccharomycetales_Saccharomyces_cerevisiae_baker_s_yeast, Node1652*)",41,0.54414759141414049,0.65757518761626399,c1
"(Eukaryota_Opisthokonta_Nucletmycea_Fungi_Dikarya_Ascomycota_Saccharomycotina_Saccharomycetes_Saccharomycetales_Saccharomyces_cerevisiae_baker_s_yeast, Node1652*)",45,7.6825284492672949e-18,0.65757518761626399,c1
"(Eukaryota_Opisthokonta_Nucletmycea_Fungi_Dikarya_Ascomycota_Saccharomycotina_Saccharomycetes_Saccharomycetales_Saccharomyces_cerevisiae_baker_s_yeast, Node1652*)",47,0.54414759141414049,0.65757518761626399,c1
"(Eukaryota_Opisthokonta_Nucletmycea_Fungi_Dikarya_Ascomycota_Saccharomycotina_Saccharomycetes_Saccharomycetales_Saccharomyces_cerevisiae_baker_s_yeast, Node1652*)",50,1.6371415385785282,0.65757518761626399,c1
"(Eukaryota_Opisthokonta_Nucletmycea_Fungi_Dikarya_Ascomycota_Saccharomycotina_Saccharomycetes_Saccharomycetales_Saccharomyces_cerevisiae_baker_s_yeast, Node1652*)",51,0.54414759141414049,0.65757518761626399,c1
"(Eukaryota_Opisthokonta_Nucletmycea_Fungi_Dikarya_Ascomycota_Saccharomycotina_Saccharomycetes_Saccharomycetales_Saccharomyces_cerevisiae_baker_s_yeast, Node1652*)",52,8.1928145336199698e-18,0.65757518761626399,c1
"(Eukaryota_Opisthokonta_Nucletmycea_Fungi_Dikarya_Ascomycota_Saccharomycotina_Saccharomycetes_Saccharomycetales_Saccharomyces_cerevisiae_baker_s_yeast, Node1652*)",53,0.95863435526525076,0.65757518761626399,c1
"(Eukaryota_Opisthokonta_Nucletmycea_Fungi_Dikarya_Ascomycota_Saccharomycotina_Saccharomycetes_Saccharomycetales_Saccharomyces_cerevisiae_baker_s_yeast, Node1652*)",54,1.6371415385785282,0.65757518761626399,c1
"(Eukaryota_Opisthokonta_Nucletmycea_Fungi_Dikarya_Ascomycota_Saccharomycotina_Saccharomycetes_Saccharomycetales_Saccharomyces_cerevisiae_baker_s_yeast, Node1652*)",55,0.54414759141414049,0.65757518761626399,c1
"(Eukaryota_Opisthokonta_Nucletmycea_Fungi_Dikarya_Ascomycota_Saccharomycotina_Saccharomycetes_Saccharomycetales_Saccharomyces_cerevisiae_baker_s_yeast, Node1652*)",56,6.1985228762221651e-18,0.65757518761626399,c1
"(Eukaryota_Opisthokonta_Nucletmycea_Fungi_Dikarya_Ascomycota_Saccharomycotina_Saccharomycetes_Saccharomycetales_Saccharomyces_cerevisiae_baker_s_yeast, Node1652*)",57,0.95863435526525076,0.65757518761626399,c1
"(Eukaryota_Opisthokonta_Nucletmycea_Fungi_Dikarya_Ascomycota_Saccharomycotina_Saccharomycetes_Saccharomycetales_Saccharomyces_cerevisiae_baker_s_yeast, Node1652*)",58,-1.0715236366292366e-17,0.65757518761626399,c1
"(Eukaryota_Opisthokonta_Nucletmycea_Fungi_Dikarya_Ascomycota_Saccharomycotina_Saccharomycetes_Saccharomycetales_Saccharomyces_cerevisiae_baker_s_yeast, Node1652*)",117,0.95863435526525076,0.65757518761626399,c1
"(Eukaryota_Opisthokonta_Nucletmycea_Fungi_Dikarya_Ascomycota_Saccharomycotina_Saccharomycetes_Saccharomycetales_Saccharomyces_cerevisiae_baker_s_yeast, Node1652*)",118,1.6371415385785282,0.65757518761626399,c1
"(Eukaryota_Opisthokonta_Nucletmycea_Fungi_Dikarya_Ascomycota_Saccharomycotina_Saccharomycetes_Saccharomycetales_Saccharomyces_cerevisiae_baker_s_yeast, Node1652*)",121,0.54414759141414049,0.65757518761626399,c1
"(Eukaryota_Opisthokonta_Nucletmycea_Fungi_Dikarya_Ascomycota_Saccharomycotina_Saccharomycetes_Saccharomycetales_Saccharomyces_cerevisiae_baker_s_yeast, Node1652*)",124,0.95863435526525076,0.65757518761626399,c1
"(Eukaryota_Opisthokonta_Nucletmycea_Fungi_Dikarya_Ascomycota_Saccharomycotina_Saccharomycetes_Saccharomycetales_Saccharomyces_cerevisiae_baker_s_yeast, Node1652*)",125,1.6371415385785282,0.65757518761626399,c1
"(Eukaryota_Opisthokonta_Nucletmycea_Fungi_Dikarya_Ascomycota_Saccharomycotina_Saccharomycetes_Saccharomycetales_Saccharomyces_cerevisiae_baker_s_yeast, Node1652*)",126,5.2573237717549781e-18,0.65757518761626399,c1
"(Eukaryota_Opisthokonta_Nucletmycea_Fungi_Dikarya_Ascomycota_Saccharomycotina_Saccharomycetes_Saccharomycetales_Saccharomyces_cerevisiae_baker_s_yeast, Node1652*)",127,1.6371415385785282,0.65757518761626399,c1
"(Eukaryota_Opisthokonta_Nucletmycea_Fungi_Dikarya_Ascomycota_Saccharomycotina_Saccharomycetes_Saccharomycetales_Saccharomyces_cerevisiae_baker_s_yeast, Node1652*)",129,6.2150789691488368e-18,0.65757518761626399,c1
"(Eukaryota_Opisthokonta_Nucletmycea_Fungi_Dikarya_Ascomycota_Saccharomycotina_Saccharomycetes_Saccharomycetales_Saccharomyces_cerevisiae_baker_s_yeast, Node1652*)",130,8.2351744001839198e-18,0.65757518761626399,c1
"(Eukaryota_Opisthokonta_Nucletmycea_Fungi_Dikarya_Ascomycota_Saccharomycotina_Saccharomycetes_Saccharomycetales_Saccharomyces_cerevisiae_baker_s_yeast, Node1652*)",131,0.54414759141414049,0.65757518761626399,c1
"(Eukaryota_Opisthokonta_Nucletmycea_Fungi_Dikarya_Ascomycota_Saccharomycotina_Saccharomycetes_Saccharomycetales_Saccharomyces_cerevisiae_baker_s_yeast, Node1652*)",137,0.95863435526525076,0.65757518761626399,c1
"(Eukaryota_Opisthokonta_Nucletmycea_Fungi_Dikarya_Ascomycota_Saccharomycotina_Saccharomycetes_Saccharomycetales_Saccharomyces_cerevisiae_baker_s_yeast, Node1652*)",144,0.95863435526525076,0.65757518761626399,c1
"(Eukaryota_Opisthokonta_Nucletmycea_Fungi_Dikarya_Ascomycota_Saccharomycotina_Saccharomycetes_Saccharomycetales_Saccharomyces_cerevisiae_baker_s_yeast, Node1652*)",147,-1.0774543222589194e-17,0.65757518761626399,c1
"(Eukaryota_Opisthokonta_Nucletmycea_Fungi_Dikarya_Ascomycota_Saccharomycotina_Saccharomycetes_Saccharomycetales_Saccharomyces_cerevisiae_baker_s_yeast, Node1652*)",150,6.3607094427879241e-18,0.65757518761626399,c1
"(Eukaryota_Opisthokonta_Nucletmycea_Fungi_Dikarya_Ascomycota_Saccharomycotina_Saccharomycetes_Saccharomycetales_Saccharomyces_cerevisiae_baker_s_yeast, Node1652*)",170,0.54414759141414049,0.65757518761626399,c1
"(Eukaryota_Opisthokonta_Nucletmycea_Fungi_Dikarya_Ascomycota_Saccharomycotina_Saccharomycetes_Saccharomycetales_Saccharomyces_cerevisiae_baker_s_yeast, Node1652*)",172,0.54414759141414049,0.65757518761626399,c1
"(Eukaryota_Opisthokonta_Nucletmycea_Fungi_Dikarya_Ascomycota_Saccharomycotina_Saccharomycetes_Saccharomycetales_Saccharomyces_cerevisiae_baker_s_yeast, Node1652*)",180,-1.0861628634728967e-17,0.65757518761626399,c1
"(Eukaryota_Opisthokonta_Nucletmycea_Fungi_Dikarya_Ascomycota_Saccharomycotina_Saccharomycetes_Saccharomycetales_Saccharomyces_cerevisiae_baker_s_yeast, Node1652*)",181,0.54414759141414049,0.65757518761626399,c1
"(Eukaryota_Opisthokonta_Nucletmycea_Fungi_Dikarya_Ascomycota_Saccharomycotina_Saccharomycetes_Saccharomycetales_Saccharomyces_cerevisiae_baker_s_yeast, Node1652*)",182,0.54414759141414049,0.65757518761626399,c1
"(Eukaryota_Opisthokonta_Nucletmycea_Fungi_Dikarya_Ascomycota_Saccharomycotina_Saccharomycetes_Saccharomycetales_Saccharomyces_cerevisiae_baker_s_yeast, Node1652*)",183,1.5929953129323354e-18,0.65757518761626399,c1
"(Eukaryota_Opisthokonta_Nucletmycea_Fungi_Dikarya_Ascomycota_Saccharomycotina_Saccharomycetes_Saccharomycetales_Saccharomyces_cerevisiae_baker_s_yeast, Node1652*)",192,-1.0180254898998744e-17,0.65757518761626399,c1
"(Eukaryota_Opisthokonta_Nucletmycea_Fungi_Dikarya_Ascomycota_Saccharomycotina_Saccharomycetes_Saccharomycetales_Saccharomyces_cerevisiae_baker_s_yeast, Node1652*)",193,0.54414759141414049,0.65757518761626399,c1
"(Eukaryota_Opisthokonta_Nucletmycea_Fungi_Dikarya_Ascomycota_Saccharomycotina_Saccharomycetes_Saccharomycetales_Saccharomyces_cerevisiae_baker_s_yeast, Node1652*)",194,0.54414759141414049,0.65757518761626399,c1
"(Eukaryota_Opisthokonta_Nucletmycea_Fungi_Dikarya_Ascomycota_Saccharomycotina_Saccharomycetes_Saccharomycetales_Saccharomyces_cerevisiae_baker_s_yeast, Node1652*)",202,8.2947584421979576e-18,0.65757518761626399,c1
"(Eukaryota_Opisthokonta_Nucletmycea_Fungi_Dikarya_Ascomycota_Saccharomycotina_Saccharomycetes_Saccharomycetales_Saccharomyces_cerevisiae_baker_s_yeast, Node1652*)",284,-1.0589342503377478e-17,0.65757518761626399,c1
"(Eukaryota_Opisthokonta_Nucletmycea_Fungi_Dikarya_Ascomycota_Saccharomycotina_Saccharomycetes_Saccharomycetales_Saccharomyces_cerevisiae_baker_s_yeast, Node1652*)",285,0.95863435526525076,0.65757518761626399,c1
"(Eukaryota_Opisthokonta_Nucletmycea_Fungi_Dikarya_Ascomycota_Saccharomycotina_Saccharomycetes_Saccharomycetales_Saccharomyces_cerevisiae_baker_s_yeast, Node1652*)",286,0.54414759141414049,0.65757518761626399,c1
"(Eukaryota_Opisthokonta_Nucletmycea_Fungi_Dikarya_Ascomycota_Saccharomycotina_Saccharomycetes_Saccharomycetales_Saccharomyces_cerevisiae_baker_s_yeast, Node1652*)",288,-1.0626506457637503e-17,0.65757518761626399,c1
"(Eukaryota_Opisthokonta_Nucletmycea_Fungi_Dikarya_Ascomycota_Saccharomycotina_Saccharomycetes_Saccharomycetales_Saccharomyces_cerevisiae_baker_s_yeast, Node1652*)",303,0.95863435526525076,0.65757518761626399,c1
"(Eukaryota_Opisthokonta_Nucletmycea_Fungi_Dikarya_Ascomycota_Saccharomycotina_Saccharomycetes_Saccharomycetales_Saccharomyces_cerevisiae_baker_s_yeast, Node1652*)",304,0.54414759141414049,0.65757518761626399,c1
"(Eukaryota_Opisthokonta_Nucletmycea_Fungi_Dikarya_Ascomycota_Saccharomycotina_Saccharomycetes_Saccharomycetales_Saccharomyces_cerevisiae_baker_s_yeast, Node1652*)",305,-1.0651613411863121e-17,0.65757518761626399,c1
"(Eukaryota_Opisthokonta_Nucletmycea_Fungi_Dikarya_Ascomycota_Saccharomycotina_Saccharomycetes_Saccharomycetales_Saccharomyces_cerevisiae_baker_s_yeast, Node1652*)",343,6.2176070053793823e-18,0.65757518761626399,c1
"(Eukaryota_Opisthokonta_Nucletmycea_Fungi_Dikarya_Ascomycota_Saccharomycotina_Saccharomycetes_Saccharomycetales_Saccharomyces_cerevisiae_baker_s_yeast, Node1652*)",344,6.1810595836188098e-18,0.65757518761626399,c1
"(Eukaryota_Opisthokonta_Nucletmycea_Fungi_Dikarya_Ascomycota_Saccharomycotina_Saccharomycetes_Saccharomycetales_Saccharomyces_cerevisiae_baker_s_yeast, Node1652*)",359,0.54414759141414049,0.65757518761626399,c1
"(Eukaryota_Opisthokonta_Nucletmycea_Fungi_Dikarya_Ascomycota_Saccharomycotina_Saccharomycetes_Saccharomycetales_Saccharomyces_cerevisiae_baker_s_yeast, Node1652*)",360,5.8812092995979666e-18,0.65757518761626399,c1
"(Eukaryota_Opisthokonta_Nucletmycea_Fungi_Dikarya_Ascomycota_Saccharomycotina_Saccharomycetes_Saccharomycetales_Saccharomyces_cerevisiae_baker_s_yeast, Node1652*)",362,0.54414759141414049,0.65757518761626399,c1
"(Eukaryota_Opisthokonta_Nucletmycea_Fungi_Dikarya_Ascomycota_Saccharomycotina_Saccharomycetes_Saccharomycetales_Saccharomyces_cerevisiae_baker_s_yeast, Node1652*)",363,0.54414759141414049,0.65757518761626399,c1
"(Eukaryota_Opisthokonta_Nucletmycea_Fungi_Dikarya_Ascomycota_Saccharomycotina_Saccharomycetes_Saccharomycetales_Saccharomyces_cerevisiae_baker_s_yeast, Node1652*)",365,-1.5800351470458282e-18,0.65757518761626399,c1
"(Eukaryota_Opisthokonta_Nucletmycea_Fungi_Dikarya_Ascomycota_Saccharomycotina_Saccharomycetes_Saccharomycetales_Saccharomyces_cerevisiae_baker_s_yeast, Node1652*)",369,0.95863435526525076,0.65757518761626399,c1
"(Eukaryota_Opisthokonta_Nucletmycea_Fungi_Dikarya_Ascomycota_Saccharomycotina_Saccharomycetes_Saccharomycetales_Saccharomyces_cerevisiae_baker_s_yeast, Node1652*)",372,0.95863435526525076,0.65757518761626399,c1
"(Eukaryota_Opisthokonta_Nucletmycea_Fungi_Dikarya_Ascomycota_Saccharomycotina_Saccharomycetes_Saccharomycetales_Saccharomyces_cerevisiae_baker_s_yeast, Node1652*)",373,0.95863435526525076,0.65757518761626399,c1
"(Eukaryota_Opisthokonta_Nucletmycea_Fungi_Dikarya_Ascomycota_Saccharomycotina_Saccharomycetes_Saccharomycetales_Saccharomyces_cerevisiae_baker_s_yeast, Node1652*)",379,6.3488532641943921e-18,0.65757518761626399,c1
"(Eukaryota_Opisthokonta_Nucletmycea_Fungi_Dikarya_Ascomycota_Saccharomycotina_Saccharomycetes_Saccharomycetales_Saccharomyces_cerevisiae_baker_s_yeast, Node1652*)",380,0.54414759141414049,0.65757518761626399,c1
"(Eukaryota_Opisthokonta_Nucletmycea_Fungi_Dikarya_Ascomycota_Saccharomycotina_Saccharomycetes_Saccharomycetales_Saccharomyces_cerevisiae_baker_s_yeast, Node1652*)",384,0.95863435526525076,0.65757518761626399,c1
"(Eukaryota_Opisthokonta_Nucletmycea_Fungi_Dikarya_Ascomycota_Saccharomycotina_Saccharomycetes_Saccharomycetales_Saccharomyces_cerevisiae_baker_s_yeast, Node1652*)",388,0.54414759141414049,0.65757518761626399,c1
"(Eukaryota_Opisthokonta_Nucletmycea_Fungi_Dikarya_Ascomycota_Saccharomycotina_Saccharomycetes_Saccharomycetales_Saccharomyces_cerevisiae_baker_s_yeast, Node1652*)",389,1.6371415385785282,0.65757518761626399,c1
"(Eukaryota_Opisthokonta_Nucletmycea_Fungi_Dikarya_Ascomycota_Saccharomycotina_Saccharomycetes_Saccharomycetales_Saccharomyces_cerevisiae_baker_s_yeast, Node1652*)",390,1.6371415385785282,0.65757518761626399,c1
"(Eukaryota_Opisthokonta_Nucletmycea_Fungi_Dikarya_Ascomycota_Saccharomycotina_Saccharomycetes_Saccharomycetales_Saccharomyces_cerevisiae_baker_s_yeast, Node1652*)",393,0.95863435526525076,0.65757518761626399,c1
"(Eukaryota_Opisthokonta_Nucletmycea_Fungi_Dikarya_Ascomycota_Saccharomycotina_Saccharomycetes_Saccharomycetales_Saccharomyces_cerevisiae_baker_s_yeast, Node1652*)",395,-1.0758523151243006e-17,0.65757518761626399,c1
"(Eukaryota_Opisthokonta_Nucletmycea_Fungi_Dikarya_Ascomycota_Saccharomycotina_Saccharomycetes_Saccharomycetales_Saccharomyces_cerevisiae_baker_s_yeast, Node1652*)",400,0.54414759141414049,0.65757518761626399,c1
"(Eukaryota_Opisthokonta_Nucletmycea_Fungi_Dikarya_Ascomycota_Saccharomycotina_Saccharomycetes_Saccharomycetales_Saccharomyces_cerevisiae_baker_s_yeast, Node1652*)",405,8.0543824307355359e-18,0.65757518761626399,c1
"(Eukaryota_Opisthokonta_Nucletmycea_Fungi_Dikarya_Ascomycota_Saccharomycotina_Saccharomycetes_Saccharomycetales_Saccharomyces_cerevisiae_baker_s_yeast, Node1652*)",407,0.54414759141414049,0.65757518761626399,c1
"(Eukaryota_Opisthokonta_Nucletmycea_Fungi_Dikarya_Ascomycota_Saccharomycotina_Saccharomycetes_Saccharomycetales_Saccharomyces_cerevisiae_baker_s_yeast, Node1652*)",411,0.95863435526525076,0.65757518761626399,c1
"(Eukaryota_Opisthokonta_Nucletmycea_Fungi_Dikarya_Ascomycota_Saccharomycotina_Saccharomycetes_Saccharomycetales_Saccharomyces_cerevisiae_baker_s_yeast, Node1652*)",415,-8.0216536489861486e-18,0.65757518761626399,c1
"(Eukaryota_Opisthokonta_Nucletmycea_Fungi_Dikarya_Ascomycota_Saccharomycotina_Saccharomycetes_Saccharomycetales_Saccharomyces_cerevisiae_baker_s_yeast, Node1652*)",417,0.54414759141414049,0.65757518761626399,c1
"(Eukaryota_Opisthokonta_Nucletmycea_Fungi_Dikarya_Ascomycota_Saccharomycotina_Saccharomycetes_Saccharomycetales_Saccharomyces_cerevisiae_baker_s_yeast, Node1652*)",418,0.95863435526525076,0.65757518761626399,c1
"(Eukaryota_Opisthokonta_Nucletmycea_Fungi_Dikarya_Ascomycota_Saccharomycotina_Saccharomycetes_Saccharomycetales_Saccharomyces_cerevisiae_baker_s_yeast, Node1652*)",419,0.95863435526525076,0.65757518761626399,c1
"(Eukaryota_Opisthokonta_Nucletmycea_Fungi_Dikarya_Ascomycota_Saccharomycotina_Saccharomycetes_Saccharomycetales_Saccharomyces_cerevisiae_baker_s_yeast, Node1652*)",420,0.95863435526525076,0.65757518761626399,c1
"(Eukaryota_Opisthokonta_Nucletmycea_Fungi_Dikarya_Ascomycota_Saccharomycotina_Saccharomycetes_Saccharomycetales_Saccharomyces_cerevisiae_baker_s_yeast, Node1652*)",427,-1.083192658466925e-17,0.65757518761626399,c1
"(Eukaryota_Opisthokonta_Nucletmycea_Fungi_Dikarya_Ascomycota_Saccharomycotina_Saccharomycetes_Saccharomycetales_Saccharomyces_cerevisiae_baker_s_yeast, Node1652*)",431,0.95863435526525076,0.65757518761626399,c1
"(Eukaryota_Opisthokonta_Nucletmycea_Fungi_Dikarya_Ascomycota_Saccharomycotina_Saccharomycetes_Saccharomycetales_Saccharomyces_cerevisiae_baker_s_yeast, Node1652*)",432,0.54414759141414049,0.65757518761626399,c1
"(Eukaryota_Opisthokonta_Nucletmycea_Fungi_Dikarya_Ascomycota_Saccharomycotina_Saccharomycetes_Saccharomycetales_Saccharomyces_cerevisiae_baker_s_yeast, Node1652*)",433,0.95863435526525076,0.65757518761626399,c1
"(Eukaryota_Opisthokonta_Nucletmycea_Fungi_Dikarya_Ascomycota_Saccharomycotina_Saccharomycetes_Saccharomycetales_Saccharomyces_cerevisiae_baker_s_yeast, Node1652*)",434,0.54414759141414049,0.65757518761626399,c1
"(Eukaryota_Opisthokonta_Nucletmycea_Fungi_Dikarya_Ascomycota_Saccharomycotina_Saccharomycetes_Saccharomycetales_Saccharomyces_cerevisiae_baker_s_yeast, Node1652*)",437,0.95863435526525076,0.65757518761626399,c1
"(Eukaryota_Opisthokonta_Nucletmycea_Fungi_Dikarya_Ascomycota_Saccharomycotina_Saccharomycetes_Saccharomycetales_Saccharomyces_cerevisiae_baker_s_yeast, Node1652*)",440,1.6371415385785282,0.65757518761626399,c1
"(Eukaryota_Opisthokonta_Nucletmycea_Fungi_Dikarya_Ascomycota_Saccharomycotina_Saccharomycetes_Saccharomycetales_Saccharomyces_cerevisiae_baker_s_yeast, Node1652*)",441,1.6371415385785282,0.65757518761626399,c1
"(Eukaryota_Opisthokonta_Nucletmycea_Fungi_Dikarya_Ascomycota_Saccharomycotina_Saccharomycetes_Saccharomycetales_Saccharomyces_cerevisiae_baker_s_yeast, Node1652*)",442,-2.1797575086076182e-30,0.65757518761626399,c1
"(Eukaryota_Opisthokonta_Nucletmycea_Fungi_Dikarya_Ascomycota_Saccharomycotina_Saccharomycetes_Saccharomycetales_Saccharomyces_cerevisiae_baker_s_yeast, Node1652*)",443,0.95863435526525076,0.65757518761626399,c1
"(Eukaryota_Opisthokonta_Nucletmycea_Fungi_Dikarya_Ascomycota_Saccharomycotina_Saccharomycetes_Saccharomycetales_Saccharomyces_cerevisiae_baker_s_yeast, Node1652*)",444,0.54414759141414049,0.65757518761626399,c1
"(Eukaryota_Opisthokonta_Nucletmycea_Fungi_Dikarya_Ascomycota_Saccharomycotina_Saccharomycetes_Saccharomycetales_Saccharomyces_cerevisiae_baker_s_yeast, Node1652*)",445,0.95863435526525076,0.65757518761626399,c1
"(Eukaryota_Opisthokonta_Nucletmycea_Fungi_Dikarya_Ascomycota_Saccharomycotina_Saccharomycetes_Saccharomycetales_Saccharomyces_cerevisiae_baker_s_yeast, Node1652*)",446,0.54414759141414049,0.65757518761626399,c1
"(Eukaryota_Opisthokonta_Nucletmycea_Fungi_Dikarya_Ascomycota_Saccharomycotina_Saccharomycetes_Saccharomycetales_Saccharomyces_cerevisiae_baker_s_yeast, Node1652*)",448,0.54414759141414049,0.65757518761626399,c1
"(Eukaryota_Opisthokonta_Nucletmycea_Fungi_Dikarya_Ascomycota_Saccharomycotina_Saccharomycetes_Saccharomycetales_Saccharomyces_cerevisiae_baker_s_yeast, Node1652*)",449,1.6371415385785282,0.65757518761626399,c1
"(Eukaryota_Opisthokonta_Nucletmycea_Fungi_Dikarya_Ascomycota_Saccharomycotina_Saccharomycetes_Saccharomycetales_Saccharomyces_cerevisiae_baker_s_yeast, Node1652*)",450,0.95863435526525076,0.65757518761626399,c1
"(Eukaryota_Opisthokonta_Nucletmycea_Fungi_Dikarya_Ascomycota_Saccharomycotina_Saccharomycetes_Saccharomycetales_Saccharomyces_cerevisiae_baker_s_yeast, Node1652*)",451,0.95863435526525076,0.65757518761626399,c1
"(Eukaryota_Opisthokonta_Nucletmycea_Fungi_Dikarya_Ascomycota_Saccharomycotina_Saccharomycetes_Saccharomycetales_Saccharomyces_cerevisiae_baker_s_yeast, Node1652*)",454,0.54414759141414049,0.65757518761626399,c1
"(Eukaryota_Opisthokonta_Nucletmycea_Fungi_Dikarya_Ascomycota_Saccharomycotina_Saccharomycetes_Saccharomycetales_Saccharomyces_cerevisiae_baker_s_yeast, Node1652*)",457,0.54414759141414049,0.65757518761626399,c1
"(Eukaryota_Opisthokonta_Nucletmycea_Fungi_Dikarya_Ascomycota_Saccharomycotina_Saccharomycetes_Saccharomycetales_Saccharomyces_cerevisiae_baker_s_yeast, Node1652*)",458,1.6371415385785282,0.65757518761626399,c1
"(Eukaryota_Opisthokonta_Nucletmycea_Fungi_Dikarya_Ascomycota_Saccharomycotina_Saccharomycetes_Saccharomycetales_Saccharomyces_cerevisiae_baker_s_yeast, Node1652*)",459,0.54414759141414049,0.65757518761626399,c1
"(Eukaryota_Opisthokonta_Nucletmycea_Fungi_Dikarya_Ascomycota_Saccharomycotina_Saccharomycetes_Saccharomycetales_Saccharomyces_cerevisiae_baker_s_yeast, Node1652*)",460,6.1699499571168788e-18,0.65757518761626399,c1
"(Eukaryota_Opisthokonta_Nucletmycea_Fungi_Dikarya_Ascomycota_Saccharomycotina_Saccharomycetes_Saccharomycetales_Saccharomyces_cerevisiae_baker_s_yeast, Node1652*)",461,1.6371415385785282,0.65757518761626399,c1
"(Eukaryota_Opisthokonta_Nucletmycea_Fungi_Dikarya_Ascomycota_Saccharomycotina_Saccharomycetes_Saccharomycetales_Saccharomyces_cerevisiae_baker_s_yeast, Node1652*)",462,1.6371415385785282,0.65757518761626399,c1
"(Eukaryota_Opisthokonta_Nucletmycea_Fungi_Dikarya_Ascomycota_Saccharomycotina_Saccharomycetes_Saccharomycetales_Saccharomyces_cerevisiae_baker_s_yeast, Node1652*)",463,0.54414759141414049,0.65757518761626399,c1
"(Eukaryota_Opisthokonta_Nucletmycea_Fungi_Dikarya_Ascomycota_Saccharomycotina_Saccharomycetes_Saccharomycetales_Saccharomyces_cerevisiae_baker_s_yeast, Node1652*)",464,0.54414759141414049,0.65757518761626399,c1
"(Eukaryota_Opisthokonta_Nucletmycea_Fungi_Dikarya_Ascomycota_Saccharomycotina_Saccharomycetes_Saccharomycetales_Saccharomyces_cerevisiae_baker_s_yeast, Node1652*)",465,0.95863435526525076,0.65757518761626399,c1
"(Eukaryota_Opisthokonta_Nucletmycea_Fungi_Dikarya_Ascomycota_Saccharomycotina_Saccharomycetes_Saccharomycetales_Saccharomyces_cerevisiae_baker_s_yeast, Node1652*)",466,0.95863435526525076,0.65757518761626399,c1
"(Eukaryota_Opisthokonta_Nucletmycea_Fungi_Dikarya_Ascomycota_Saccharomycotina_Saccharomycetes_Saccharomycetales_Saccharomyces_cerevisiae_baker_s_yeast, Node1652*)",467,0.54414759141414049,0.65757518761626399,c1
"(Eukaryota_Opisthokonta_Nucletmycea_Fungi_Dikarya_Ascomycota_Saccharomycotina_Saccharomycetes_Saccharomycetales_Saccharomyces_cerevisiae_baker_s_yeast, Node1652*)",469,0.95863435526525076,0.65757518761626399,c1
"(Eukaryota_Opisthokonta_Nucletmycea_Fungi_Dikarya_Ascomycota_Saccharomycotina_Saccharomycetes_Saccharomycetales_Saccharomyces_cerevisiae_baker_s_yeast, Node1652*)",470,0.95863435526525076,0.65757518761626399,c1
"(Eukaryota_Opisthokonta_Nucletmycea_Fungi_Dikarya_Ascomycota_Saccharomycotina_Saccharomycetes_Saccharomycetales_Saccharomyces_cerevisiae_baker_s_yeast, Node1652*)",471,1.6371415385785282,0.65757518761626399,c1
"(Eukaryota_Opisthokonta_Nucletmycea_Fungi_Dikarya_Ascomycota_Saccharomycotina_Saccharomycetes_Saccharomycetales_Saccharomyces_cerevisiae_baker_s_yeast, Node1652*)",472,0.54414759141414049,0.65757518761626399,c1
"(Eukaryota_Opisthokonta_Nucletmycea_Fungi_Dikarya_Ascomycota_Saccharomycotina_Saccharomycetes_Saccharomycetales_Saccharomyces_cerevisiae_baker_s_yeast, Node1652*)",473,0.95863435526525076,0.65757518761626399,c1
"(Eukaryota_Opisthokonta_Nucletmycea_Fungi_Dikarya_Ascomycota_Saccharomycotina_Saccharomycetes_Saccharomycetales_Saccharomyces_cerevisiae_baker_s_yeast, Node1652*)",474,1.6371415385785282,0.65757518761626399,c1
"(Eukaryota_Opisthokonta_Nucletmycea_Fungi_Dikarya_Ascomycota_Saccharomycotina_Saccharomycetes_Saccharomycetales_Saccharomyces_cerevisiae_baker_s_yeast, Node1652*)",475,0.54414759141414049,0.65757518761626399,c1
"(Eukaryota_Opisthokonta_Nucletmycea_Fungi_Dikarya_Ascomycota_Saccharomycotina_Saccharomycetes_Saccharomycetales_Saccharomyces_cerevisiae_baker_s_yeast, Node1652*)",476,0.95863435526525076,0.65757518761626399,c1
"(Eukaryota_Opisthokonta_Nucletmycea_Fungi_Dikarya_Ascomycota_Saccharomycotina_Saccharomycetes_Saccharomycetales_Saccharomyces_cerevisiae_baker_s_yeast, Node1652*)",477,0.95863435526525076,0.65757518761626399,c1
"(Eukaryota_Opisthokonta_Nucletmycea_Fungi_Dikarya_Ascomycota_Saccharomycotina_Saccharomycetes_Saccharomycetales_Saccharomyces_cerevisiae_baker_s_yeast, Node1652*)",480,1.6371415385785282,0.65757518761626399,c1
"(Eukaryota_Opisthokonta_Nucletmycea_Fungi_Dikarya_Ascomycota_Saccharomycotina_Saccharomycetes_Saccharomycetales_Saccharomyces_cerevisiae_baker_s_yeast, Node1652*)",481,0.95863435526525076,0.65757518761626399,c1
"(Eukaryota_Opisthokonta_Nucletmycea_Fungi_Dikarya_Ascomycota_Saccharomycotina_Saccharomycetes_Saccharomycetales_Saccharomyces_cerevisiae_baker_s_yeast, Node1652*)",482,1.6371415385785282,0.65757518761626399,c1
"(Eukaryota_Opisthokonta_Nucletmycea_Fungi_Dikarya_Ascomycota_Saccharomycotina_Saccharomycetes_Saccharomycetales_Saccharomyces_cerevisiae_baker_s_yeast, Node1652*)",483,0.54414759141414049,0.65757518761626399,c1
"(Eukaryota_Opisthokonta_Nucletmycea_Fungi_Dikarya_Ascomycota_Saccharomycotina_Saccharomycetes_Saccharomycetales_Saccharomyces_cerevisiae_baker_s_yeast, Node1652*)",484,0.54414759141414049,0.65757518761626399,c1
"(Eukaryota_Opisthokonta_Nucletmycea_Fungi_Dikarya_Ascomycota_Saccharomycotina_Saccharomycetes_Saccharomycetales_Saccharomyces_cerevisiae_baker_s_yeast, Node1652*)",486,7.159747109525173e-18,0.65757518761626399,c1
"(Eukaryota_Opisthokonta_Nucletmycea_Fungi_Dikarya_Ascomycota_Saccharomycotina_Saccharomycetes_Saccharomycetales_Saccharomyces_cerevisiae_baker_s_yeast, Node1652*)",487,6.2050673219691921e-18,0.65757518761626399,c1
"(Eukaryota_Opisthokonta_Nucletmycea_Fungi_Dikarya_Ascomycota_Saccharomycotina_Saccharomycetes_Saccharomycetales_Saccharomyces_cerevisiae_baker_s_yeast, Node1652*)",491,1.6371415385785282,0.65757518761626399,c1
"(Eukaryota_Opisthokonta_Nucletmycea_Fungi_Dikarya_Ascomycota_Saccharomycotina_Saccharomycetes_Saccharomycetales_Saccharomyces_cerevisiae_baker_s_yeast, Node1652*)",492,0.54414759141414049,0.65757518761626399,c1
"(Eukaryota_Opisthokonta_Nucletmycea_Fungi_Dikarya_Ascomycota_Saccharomycotina_Saccharomycetes_Saccharomycetales_Saccharomyces_cerevisiae_baker_s_yeast, Node1652*)",493,0.54414759141414049,0.65757518761626399,c1
"(Eukaryota_Opisthokonta_Nucletmycea_Fungi_Dikarya_Ascomycota_Saccharomycotina_Saccharomycetes_Saccharomycetales_Saccharomyces_cerevisiae_baker_s_yeast, Node1652*)",494,6.7982097861217175e-18,0.65757518761626399,c1
"(Eukaryota_Opisthokonta_Nucletmycea_Fungi_Dikarya_Ascomycota_Saccharomycotina_Saccharomycetes_Saccharomycetales_Saccharomyces_cerevisiae_baker_s_yeast, Node1652*)",495,1.6371415385785282,0.65757518761626399,c1
"(Eukaryota_Opisthokonta_Nucletmycea_Fungi_Dikarya_Ascomycota_Saccharomycotina_Saccharomycetes_Saccharomycetales_Saccharomyces_cerevisiae_baker_s_yeast, Node1652*)",499,0.54414759141414049,0.65757518761626399,c1
"(Eukaryota_Opisthokonta_Nucletmycea_Fungi_Dikarya_Ascomycota_Saccharomycotina_Saccharomycetes_Saccharomycetales_Saccharomyces_cerevisiae_baker_s_yeast, Node1652*)",502,6.1183063724012254e-18,0.65757518761626399,c1
"(Eukaryota_Opisthokonta_Nucletmycea_Fungi_Dikarya_Ascomycota_Saccharomycotina_Saccharomycetes_Saccharomycetales_Saccharomyces_cerevisiae_baker_s_yeast, Node1652*)",506,0.95863435526525076,0.65757518761626399,c1
"(Eukaryota_Opisthokonta_Nucletmycea_Fungi_Dikarya_Ascomycota_Saccharomycotina_Saccharomycetes_Saccharomycetales_Saccharomyces_cerevisiae_baker_s_yeast, Node1652*)",507,0.95863435526525076,0.65757518761626399,c1
"(Eukaryota_Opisthokonta_Nucletmycea_Fungi_Dikarya_Ascomycota_Saccharomycotina_Saccharomycetes_Saccharomycetales_Saccharomyces_cerevisiae_baker_s_yeast, Node1652*)",508,0.54414759141414049,0.65757518761626399,c1
"(Eukaryota_Opisthokonta_Nucletmycea_Fungi_Dikarya_Ascomycota_Saccharomycotina_Saccharomycetes_Saccharomycetales_Saccharomyces_cerevisiae_baker_s_yeast, Node1652*)",512,0.54414759141414049,0.65757518761626399,c1
"(Eukaryota_Opisthokonta_Nucletmycea_Fungi_Dikarya_Ascomycota_Saccharomycotina_Saccharomycetes_Saccharomycetales_Saccharomyces_cerevisiae_baker_s_yeast, Node1652*)",513,0.95863435526525076,0.65757518761626399,c1
"(Eukaryota_Opisthokonta_Nucletmycea_Fungi_Dikarya_Ascomycota_Saccharomycotina_Saccharomycetes_Saccharomycetales_Saccharomyces_cerevisiae_baker_s_yeast, Node1652*)",514,-1.0753295238078461e-17,0.65757518761626399,c1
"(Eukaryota_Opisthokonta_Nucletmycea_Fungi_Dikarya_Ascomycota_Saccharomycotina_Saccharomycetes_Saccharomycetales_Saccharomyces_cerevisiae_baker_s_yeast, Node1652*)",516,0.54414759141414049,0.65757518761626399,c1
"(Eukaryota_Opisthokonta_Nucletmycea_Fungi_Dikarya_Ascomycota_Saccharomycotina_Saccharomycetes_Saccharomycetales_Saccharomyces_cerevisiae_baker_s_yeast, Node1652*)",521,0.54414759141414049,0.65757518761626399,c1
"(Eukaryota_Opisthokonta_Nucletmycea_Fungi_Dikarya_Ascomycota_Saccharomycotina_Saccharomycetes_Saccharomycetales_Saccharomyces_cerevisiae_baker_s_yeast, Node1652*)",523,0.54414759141414049,0.65757518761626399,c1
"(Eukaryota_Opisthokonta_Nucletmycea_Fungi_Dikarya_Ascomycota_Saccharomycotina_Saccharomycetes_Saccharomycetales_Saccharomyces_cerevisiae_baker_s_yeast, Node1652*)",524,7.2656303025002836e-18,0.65757518761626399,c1
"(Eukaryota_Opisthokonta_Nucletmycea_Fungi_Dikarya_Ascomycota_Saccharomycotina_Saccharomycetes_Saccharomycetales_Saccharomyces_cerevisiae_baker_s_yeast, Node1652*)",525,5.0648726168585868e-18,0.65757518761626399,c1
"(Eukaryota_Opisthokonta_Nucletmycea_Fungi_Dikarya_Ascomycota_Saccharomycotina_Saccharomycetes_Saccharomycetales_Saccharomyces_cerevisiae_baker_s_yeast, Node1652*)",526,0.54414759141414049,0.65757518761626399,c1
"(Eukaryota_Opisthokonta_Nucletmycea_Fungi_Dikarya_Ascomycota_Saccharomycotina_Saccharomycetes_Saccharomycetales_Saccharomyces_cerevisiae_baker_s_yeast, Node1652*)",527,0.54414759141414049,0.65757518761626399,c1
"(Eukaryota_Opisthokonta_Nucletmycea_Fungi_Dikarya_Ascomycota_Saccharomycotina_Saccharomycetes_Saccharomycetales_Saccharomyces_cerevisiae_baker_s_yeast, Node1652*)",532,0.54414759141414049,0.65757518761626399,c1
"(Eukaryota_Opisthokonta_Nucletmycea_Fungi_Dikarya_Ascomycota_Saccharomycotina_Saccharomycetes_Saccharomycetales_Saccharomyces_cerevisiae_baker_s_yeast, Node1652*)",534,1.6371415385785282,0.65757518761626399,c1
"(Eukaryota_Opisthokonta_Nucletmycea_Fungi_Dikarya_Ascomycota_Saccharomycotina_Saccharomycetes_Saccharomycetales_Saccharomyces_cerevisiae_baker_s_yeast, Node1652*)",536,0.95863435526525076,0.65757518761626399,c1
"(Eukaryota_Opisthokonta_Nucletmycea_Fungi_Dikarya_Ascomycota_Saccharomycotina_Saccharomycetes_Saccharomycetales_Saccharomyces_cerevisiae_baker_s_yeast, Node1652*)",552,-1.0844960099745254e-17,0.65757518761626399,c1
"(Eukaryota_Opisthokonta_Nucletmycea_Fungi_Dikarya_Ascomycota_Saccharomycotina_Saccharomycetes_Saccharomycetales_Saccharomyces_cerevisiae_baker_s_yeast, Node1652*)",554,0.95863435526525076,0.65757518761626399,c1
"(Eukaryota_Opisthokonta_Nucletmycea_Fungi_Dikarya_Ascomycota_Saccharomycotina_Saccharomycetes_Saccharomycetales_Saccharomyces_cerevisiae_baker_s_yeast, Node1652*)",557,0.54414759141414049,0.65757518761626399,c1
"(Eukaryota_Opisthokonta_Nucletmycea_Fungi_Dikarya_Ascomycota_Saccharomycotina_Saccharomycetes_Saccharomycetales_Saccharomyces_cerevisiae_baker_s_yeast, Node1652*)",561,0.95863435526525076,0.65757518761626399,c1
"(Eukaryota_Opisthokonta_Nucletmycea_Fungi_Dikarya_Ascomycota_Saccharomycotina_Saccharomycetes_Saccharomycetales_Saccharomyces_cerevisiae_baker_s_yeast, Node1652*)",562,0.54414759141414049,0.65757518761626399,c1
"(Eukaryota_Opisthokonta_Nucletmycea_Fungi_Dikarya_Ascomycota_Saccharomycotina_Saccharomycetes_Saccharomycetales_Saccharomyces_cerevisiae_baker_s_yeast, Node1652*)",563,0.54414759141414049,0.65757518761626399,c1
"(Eukaryota_Opisthokonta_Nucletmycea_Fungi_Dikarya_Ascomycota_Saccharomycotina_Saccharomycetes_Saccharomycetales_Saccharomyces_cerevisiae_baker_s_yeast, Node1652*)",565,0.95863435526525076,0.65757518761626399,c1
"(Eukaryota_Opisthokonta_Nucletmycea_Fungi_Dikarya_Ascomycota_Saccharomycotina_Saccharomycetes_Saccharomycetales_Saccharomyces_cerevisiae_baker_s_yeast, Node1652*)",577,7.3970610446171403e-18,0.65757518761626399,c1
"(Eukaryota_Opisthokonta_Nucletmycea_Fungi_Dikarya_Ascomycota_Saccharomycotina_Saccharomycetes_Saccharomycetales_Saccharomyces_cerevisiae_baker_s_yeast, Node1652*)",608,7.0475203302306148e-18,0.65757518761626399,c1
"(Eukaryota_Opisthokonta_Nucletmycea_Fungi_Dikarya_Ascomycota_Saccharomycotina_Saccharomycetes_Saccharomycetales_Saccharomyces_cerevisiae_baker_s_yeast, Node1652*)",609,5.3097164638831197e-18,0.65757518761626399,c1
"(Eukaryota_Opisthokonta_Nucletmycea_Fungi_Dikarya_Ascomycota_Saccharomycotina_Saccharomycetes_Saccharomycetales_Saccharomyces_cerevisiae_baker_s_yeast, Node1652*)",613,1.6371415385785282,0.65757518761626399,c1
"(Eukaryota_Opisthokonta_Nucletmycea_Fungi_Dikarya_Ascomycota_Saccharomycotina_Saccharomycetes_Saccharomycetales_Saccharomyces_cerevisiae_baker_s_yeast, Node1652*)",623,0.54414759141414049,0.65757518761626399,c1
"(Eukaryota_Opisthokonta_Nucletmycea_Fungi_Dikarya_Ascomycota_Saccharomycotina_Saccharomycetes_Saccharomycetales_Saccharomyces_cerevisiae_baker_s_yeast, Node1652*)",627,0.54414759141414049,0.65757518761626399,c1
"(Eukaryota_Opisthokonta_Nucletmycea_Fungi_Dikarya_Ascomycota_Saccharomycotina_Saccharomycetes_Saccharomycetales_Saccharomyces_cerevisiae_baker_s_yeast, Node1652*)",628,-1.0881673886603843e-17,0.65757518761626399,c1
"(Eukaryota_Opisthokonta_Nucletmycea_Fungi_Dikarya_Ascomycota_Saccharomycotina_Saccharomycetes_Saccharomycetales_Saccharomyces_cerevisiae_baker_s_yeast, Node1652*)",633,6.2105323589729815e-18,0.65757518761626399,c1
"(Eukaryota_Opisthokonta_Nucletmycea_Fungi_Dikarya_Ascomycota_Saccharomycotina_Saccharomycetes_Saccharomycetales_Saccharomyces_cerevisiae_baker_s_yeast, Node1652*)",634,0.95863435526525076,0.65757518761626399,c1
"(Eukaryota_Opisthokonta_Nucletmycea_Fungi_Dikarya_Ascomycota_Saccharomycotina_Saccharomycetes_Saccharomycetales_Saccharomyces_cerevisiae_baker_s_yeast, Node1652*)",635,0.95863435526525076,0.65757518761626399,c1
"(Eukaryota_Opisthokonta_Nucletmycea_Fungi_Dikarya_Ascomycota_Saccharomycotina_Saccharomycetes_Saccharomycetales_Saccharomyces_cerevisiae_baker_s_yeast, Node1652*)",637,1.6371415385785282,0.65757518761626399,c1
"(Eukaryota_Opisthokonta_Nucletmycea_Fungi_Dikarya_Ascomycota_Saccharomycotina_Saccharomycetes_Saccharomycetales_Saccharomyces_cerevisiae_baker_s_yeast, Node1652*)",639,0.54414759141414049,0.65757518761626399,c1
"(Eukaryota_Opisthokonta_Nucletmycea_Fungi_Dikarya_Ascomycota_Saccharomycotina_Saccharomycetes_Saccharomycetales_Saccharomyces_cerevisiae_baker_s_yeast, Node1652*)",640,0.54414759141414049,0.65757518761626399,c1
"(Eukaryota_Opisthokonta_Nucletmycea_Fungi_Dikarya_Ascomycota_Saccharomycotina_Saccharomycetes_Saccharomycetales_Saccharomyces_cerevisiae_baker_s_yeast, Node1652*)",643,1.6371415385785282,0.65757518761626399,c1
"(Eukaryota_Opisthokonta_Nucletmycea_Fungi_Dikarya_Ascomycota_Saccharomycotina_Saccharomycetes_Saccharomycetales_Saccharomyces_cerevisiae_baker_s_yeast, Node1652*)",646,0.95863435526525076,0.65757518761626399,c1
"(Eukaryota_Opisthokonta_Nucletmycea_Fungi_Dikarya_Ascomycota_Saccharomycotina_Saccharomycetes_Saccharomycetales_Saccharomyces_cerevisiae_baker_s_yeast, Node1652*)",647,6.3136317200666802e-18,0.65757518761626399,c1
"(Eukaryota_Opisthokonta_Nucletmycea_Fungi_Dikarya_Ascomycota_Saccharomycotina_Saccharomycetes_Saccharomycetales_Saccharomyces_cerevisiae_baker_s_yeast, Node1652*)",648,0.95863435526525076,0.65757518761626399,c1
"(Eukaryota_Opisthokonta_Nucletmycea_Fungi_Dikarya_Ascomycota_Saccharomycotina_Saccharomycetes_Saccharomycetales_Saccharomyces_cerevisiae_baker_s_yeast, Node1652*)",649,1.6371415385785282,0.65757518761626399,c1
"(Eukaryota_Opisthokonta_Nucletmycea_Fungi_Dikarya_Ascomycota_Saccharomycotina_Saccharomycetes_Saccharomycetales_Saccharomyces_cerevisiae_baker_s_yeast, Node1652*)",650,1.6371415385785282,0.65757518761626399,c1
"(Eukaryota_Opisthokonta_Nucletmycea_Fungi_Dikarya_Ascomycota_Saccharomycotina_Saccharomycetes_Saccharomycetales_Saccharomyces_cerevisiae_baker_s_yeast, Node1652*)",651,0.54414759141414049,0.65757518761626399,c1
"(Eukaryota_Opisthokonta_Nucletmycea_Fungi_Dikarya_Ascomycota_Saccharomycotina_Saccharomycetes_Saccharomycetales_Saccharomyces_cerevisiae_baker_s_yeast, Node1652*)",652,0.95863435526525076,0.65757518761626399,c1
"(Eukaryota_Opisthokonta_Nucletmycea_Fungi_Dikarya_Ascomycota_Saccharomycotina_Saccharomycetes_Saccharomycetales_Saccharomyces_cerevisiae_baker_s_yeast, Node1652*)",653,1.6371415385785282,0.65757518761626399,c1
"(Eukaryota_Opisthokonta_Nucletmycea_Fungi_Dikarya_Ascomycota_Saccharomycotina_Saccharomycetes_Saccharomycetales_Saccharomyces_cerevisiae_baker_s_yeast, Node1652*)",654,0.54414759141414049,0.65757518761626399,c1
"(Eukaryota_Opisthokonta_Nucletmycea_Fungi_Dikarya_Ascomycota_Saccharomycotina_Saccharomycetes_Saccharomycetales_Saccharomyces_cerevisiae_baker_s_yeast, Node1652*)",655,0.95863435526525076,0.65757518761626399,c1
"(Eukaryota_Opisthokonta_Nucletmycea_Fungi_Dikarya_Ascomycota_Saccharomycotina_Saccharomycetes_Saccharomycetales_Saccharomyces_cerevisiae_baker_s_yeast, Node1652*)",656,1.6371415385785282,0.65757518761626399,c1
"(Eukaryota_Opisthokonta_Nucletmycea_Fungi_Dikarya_Ascomycota_Saccharomycotina_Saccharomycetes_Saccharomycetales_Saccharomyces_cerevisiae_baker_s_yeast, Node1652*)",657,1.6371415385785282,0.65757518761626399,c1
"(Eukaryota_Opisthokonta_Nucletmycea_Fungi_Dikarya_Ascomycota_Saccharomycotina_Saccharomycetes_Saccharomycetales_Saccharomyces_cerevisiae_baker_s_yeast, Node1652*)",658,0.95863435526525076,0.65757518761626399,c1
"(Eukaryota_Opisthokonta_Nucletmycea_Fungi_Dikarya_Ascomycota_Saccharomycotina_Saccharomycetes_Saccharomycetales_Saccharomyces_cerevisiae_baker_s_yeast, Node1652*)",659,1.6371415385785282,0.65757518761626399,c1
"(Eukaryota_Opisthokonta_Nucletmycea_Fungi_Dikarya_Ascomycota_Saccharomycotina_Saccharomycetes_Saccharomycetales_Saccharomyces_cerevisiae_baker_s_yeast, Node1652*)",660,0.95863435526525076,0.65757518761626399,c1
"(Eukaryota_Opisthokonta_Nucletmycea_Fungi_Dikarya_Ascomycota_Saccharomycotina_Saccharomycetes_Saccharomycetales_Saccharomyces_cerevisiae_baker_s_yeast, Node1652*)",661,0.95863435526525076,0.65757518761626399,c1
"(Eukaryota_Opisthokonta_Nucletmycea_Fungi_Dikarya_Ascomycota_Saccharomycotina_Saccharomycetes_Saccharomycetales_Saccharomyces_cerevisiae_baker_s_yeast, Node1652*)",662,3.0123096416404161e-19,0.65757518761626399,c1
"(Eukaryota_Opisthokonta_Nucletmycea_Fungi_Dikarya_Ascomycota_Saccharomycotina_Saccharomycetes_Saccharomycetales_Saccharomyces_cerevisiae_baker_s_yeast, Node1652*)",663,0.54414759141414049,0.65757518761626399,c1
"(Eukaryota_Opisthokonta_Nucletmycea_Fungi_Dikarya_Ascomycota_Saccharomycotina_Saccharomycetes_Saccharomycetales_Saccharomyces_cerevisiae_baker_s_yeast, Node1652*)",664,0.54414759141414049,0.65757518761626399,c1
"(Eukaryota_Opisthokonta_Nucletmycea_Fungi_Dikarya_Ascomycota_Saccharomycotina_Saccharomycetes_Saccharomycetales_Saccharomyces_cerevisiae_baker_s_yeast, Node1652*)",666,6.5525247376065494e-18,0.65757518761626399,c1
"(Eukaryota_Opisthokonta_Nucletmycea_Fungi_Dikarya_Ascomycota_Saccharomycotina_Saccharomycetes_Saccharomycetales_Saccharomyces_cerevisiae_baker_s_yeast, Node1652*)",667,1.6371415385785282,0.65757518761626399,c1
"(Eukaryota_Opisthokonta_Nucletmycea_Fungi_Dikarya_Ascomycota_Saccharomycotina_Saccharomycetes_Saccharomycetales_Saccharomyces_cerevisiae_baker_s_yeast, Node1652*)",676,0.54414759141414049,0.65757518761626399,c1
"(Eukaryota_Opisthokonta_Nucletmycea_Fungi_Dikarya_Ascomycota_Saccharomycotina_Saccharomycetes_Saccharomycetales_Saccharomyces_cerevisiae_baker_s_yeast, Node1652*)",678,0.54414759141414049,0.65757518761626399,c1
"(Eukaryota_Opisthokonta_Nucletmycea_Fungi_Dikarya_Ascomycota_Saccharomycotina_Saccharomycetes_Saccharomycetales_Saccharomyces_cerevisiae_baker_s_yeast, Node1652*)",679,0.95863435526525076,0.65757518761626399,c1
"(Eukaryota_Opisthokonta_Nucletmycea_Fungi_Dikarya_Ascomycota_Saccharomycotina_Saccharomycetes_Saccharomycetales_Saccharomyces_cerevisiae_baker_s_yeast, Node1652*)",680,1.6371415385785282,0.65757518761626399,c1
"(Eukaryota_Opisthokonta_Nucletmycea_Fungi_Dikarya_Ascomycota_Saccharomycotina_Saccharomycetes_Saccharomycetales_Saccharomyces_cerevisiae_baker_s_yeast, Node1652*)",681,0.95863435526525076,0.65757518761626399,c1
"(Eukaryota_Opisthokonta_Nucletmycea_Fungi_Dikarya_Ascomycota_Saccharomycotina_Saccharomycetes_Saccharomycetales_Saccharomyces_cerevisiae_baker_s_yeast, Node1652*)",682,6.614032120716937e-18,0.65757518761626399,c1
"(Eukaryota_Opisthokonta_Nucletmycea_Fungi_Dikarya_Ascomycota_Saccharomycotina_Saccharomycetes_Saccharomycetales_Saccharomyces_cerevisiae_baker_s_yeast, Node1652*)",683,0.54414759141414049,0.65757518761626399,c1
"(Eukaryota_Opisthokonta_Nucletmycea_Fungi_Dikarya_Ascomycota_Saccharomycotina_Saccharomycetes_Saccharomycetales_Saccharomyces_cerevisiae_baker_s_yeast, Node1652*)",687,-1.0642254046316096e-17,0.65757518761626399,c1
"(Eukaryota_Opisthokonta_Nucletmycea_Fungi_Dikarya_Ascomycota_Saccharomycotina_Saccharomycetes_Saccharomycetales_Saccharomyces_cerevisiae_baker_s_yeast, Node1652*)",690,0.54414759141414049,0.65757518761626399,c1
"(Eukaryota_Opisthokonta_Nucletmycea_Fungi_Dikarya_Ascomycota_Saccharomycotina_Saccharomycetes_Saccharomycetales_Saccharomyces_cerevisiae_baker_s_yeast, Node1652*)",692,-1.0762248918979577e-17,0.65757518761626399,c1
"(Eukaryota_Opisthokonta_Nucletmycea_Fungi_Dikarya_Ascomycota_Saccharomycotina_Saccharomycetes_Saccharomycetales_Saccharomyces_cerevisiae_baker_s_yeast, Node1652*)",694,0.95863435526525076,0.65757518761626399,c1
"(Eukaryota_Opisthokonta_Nucletmycea_Fungi_Dikarya_Ascomycota_Saccharomycotina_Saccharomycetes_Saccharomycetales_Saccharomyces_cerevisiae_baker_s_yeast, Node1652*)",696,-9.6987852884259888e-18,0.65757518761626399,c1
"(Eukaryota_Opisthokonta_Nucletmycea_Fungi_Dikarya_Ascomycota_Saccharomycotina_Saccharomycetes_Saccharomycetales_Saccharomyces_cerevisiae_baker_s_yeast, Node1652*)",697,0.95863435526525076,0.65757518761626399,c1
"(Eukaryota_Opisthokonta_Nucletmycea_Fungi_Dikarya_Ascomycota_Saccharomycotina_Saccharomycetes_Saccharomycetales_Saccharomyces_cerevisiae_baker_s_yeast, Node1652*)",698,1.6371415385785282,0.65757518761626399,c1
"(Eukaryota_Opisthokonta_Nucletmycea_Fungi_Dikarya_Ascomycota_Saccharomycotina_Saccharomycetes_Saccharomycetales_Saccharomyces_cerevisiae_baker_s_yeast, Node1652*)",699,0.54414759141414049,0.65757518761626399,c1
"(Eukaryota_Opisthokonta_Nucletmycea_Fungi_Dikarya_Ascomycota_Saccharomycotina_Saccharomycetes_Saccharomycetales_Saccharomyces_cerevisiae_baker_s_yeast, Node1652*)",700,0.95863435526525076,0.65757518761626399,c1
"(Eukaryota_Opisthokonta_Nucletmycea_Fungi_Dikarya_Ascomycota_Saccharomycotina_Saccharomycetes_Saccharomycetales_Saccharomyces_cerevisiae_baker_s_yeast, Node1652*)",701,-9.3961021228289226e-18,0.65757518761626399,c1
"(Eukaryota_Opisthokonta_Nucletmycea_Fungi_Dikarya_Ascomycota_Saccharomycotina_Saccharomycetes_Saccharomycetales_Saccharomyces_cerevisiae_baker_s_yeast, Node1652*)",702,-9.6987852884259888e-18,0.65757518761626399,c1
"(Eukaryota_Opisthokonta_Nucletmycea_Fungi_Dikarya_Ascomycota_Saccharomycotina_Saccharomycetes_Saccharomycetales_Saccharomyces_cerevisiae_baker_s_yeast, Node1652*)",703,0.54414759141414049,0.65757518761626399,c1
"(Eukaryota_Opisthokonta_Nucletmycea_Fungi_Dikarya_Ascomycota_Saccharomycotina_Saccharomycetes_Saccharomycetales_Saccharomyces_cerevisiae_baker_s_yeast, Node1652*)",704,0.54414759141414049,0.65757518761626399,c1
"(Eukaryota_Opisthokonta_Nucletmycea_Fungi_Dikarya_Ascomycota_Saccharomycotina_Saccharomycetes_Saccharomycetales_Saccharomyces_cerevisiae_baker_s_yeast, Node1652*)",705,0.54414759141414049,0.65757518761626399,c1
"(Eukaryota_Opisthokonta_Nucletmycea_Fungi_Dikarya_Ascomycota_Saccharomycotina_Saccharomycetes_Saccharomycetales_Saccharomyces_cerevisiae_baker_s_yeast, Node1652*)",706,0.54414759141414049,0.65757518761626399,c1
"(Eukaryota_Opisthokonta_Nucletmycea_Fungi_Dikarya_Ascomycota_Saccharomycotina_Saccharomycetes_Saccharomycetales_Saccharomyces_cerevisiae_baker_s_yeast, Node1652*)",708,0.95863435526525076,0.65757518761626399,c1
"(Eukaryota_Opisthokonta_Nucletmycea_Fungi_Dikarya_Ascomycota_Saccharomycotina_Saccharomycetes_Saccharomycetales_Saccharomyces_cerevisiae_baker_s_yeast, Node1652*)",712,0.95863435526525076,0.65757518761626399,c1
"(Eukaryota_Opisthokonta_Nucletmycea_Fungi_Dikarya_Ascomycota_Saccharomycotina_Saccharomycetes_Saccharomycetales_Saccharomyces_cerevisiae_baker_s_yeast, Node1652*)",714,0.54414759141414049,0.65757518761626399,c1
"(Eukaryota_Opisthokonta_Nucletmycea_Fungi_Dikarya_Ascomycota_Saccharomycotina_Saccharomycetes_Saccharomycetales_Saccharomyces_cerevisiae_baker_s_yeast, Node1652*)",715,0.95863435526525076,0.65757518761626399,c1
"(Eukaryota_Opisthokonta_Nucletmycea_Fungi_Dikarya_Ascomycota_Saccharomycotina_Saccharomycetes_Saccharomycetales_Saccharomyces_cerevisiae_baker_s_yeast, Node1652*)",716,6.137385726811113e-18,0.65757518761626399,c1
"(Eukaryota_Opisthokonta_Nucletmycea_Fungi_Dikarya_Ascomycota_Saccharomycotina_Saccharomycetes_Saccharomycetales_Saccharomyces_cerevisiae_baker_s_yeast, Node1652*)",742,-1.078470252324094e-17,0.65757518761626399,c1
"(Eukaryota_Opisthokonta_Nucletmycea_Fungi_Dikarya_Ascomycota_Saccharomycotina_Saccharomycetes_Saccharomycetales_Saccharomyces_cerevisiae_baker_s_yeast, Node1652*)",744,6.2156793257276206e-18,0.65757518761626399,c1
"(Eukaryota_Opisthokonta_Nucletmycea_Fungi_Dikarya_Ascomycota_Saccharomycotina_Saccharomycetes_Saccharomycetales_Saccharomyces_cerevisiae_baker_s_yeast, Node1652*)",745,8.1847027437546751e-18,0.65757518761626399,c1
"(Eukaryota_Opisthokonta_Nucletmycea_Fungi_Dikarya_Ascomycota_Saccharomycotina_Saccharomycetes_Saccharomycetales_Saccharomyces_cerevisiae_baker_s_yeast, Node1652*)",746,6.1991927261078932e-18,0.65757518761626399,c1
"(Eukaryota_Opisthokonta_Nucletmycea_Fungi_Dikarya_Ascomycota_Saccharomycotina_Saccharomycetes_Saccharomycetales_Saccharomyces_cerevisiae_baker_s_yeast, Node1652*)",754,8.2506355539014715e-18,0.65757518761626399,c1
"(Eukaryota_Opisthokonta_Nucletmycea_Fungi_Dikarya_Ascomycota_Saccharomycotina_Saccharomycetes_Saccharomycetales_Saccharomyces_cerevisiae_baker_s_yeast, Node1652*)",755,-9.6820557203410424e-18,0.65757518761626399,c1
"(Eukaryota_Opisthokonta_Nucletmycea_Fungi_Dikarya_Ascomycota_Saccharomycotina_Saccharomycetes_Saccharomycetales_Saccharomyces_cerevisiae_baker_s_yeast, Node1652*)",758,6.2742619536875947e-18,0.65757518761626399,c1
"(Eukaryota_Opisthokonta_Nucletmycea_Fungi_Dikarya_Ascomycota_Saccharomycotina_Saccharomycetes_Saccharomycetales_Saccharomyces_cerevisiae_baker_s_yeast, Node1652*)",759,-1.0880316093935275e-17,0.65757518761626399,c1
"(Eukaryota_Opisthokonta_Nucletmycea_Fungi_Dikarya_Ascomycota_Saccharomycotina_Saccharomycetes_Saccharomycetales_Saccharomyces_cerevisiae_baker_s_yeast, Node1652*)",760,5.7286466595304358e-18,0.65757518761626399,c1
"(Eukaryota_Opisthokonta_Nucletmycea_Fungi_Dikarya_Ascomycota_Saccharomycotina_Saccharomycetes_Saccharomycetales_Saccharomyces_cerevisiae_baker_s_yeast, Node1652*)",780,0.54414759141409785,0.65757518761626399,c1
"(Eukaryota_Opisthokonta_Nucletmycea_Fungi_Dikarya_Ascomycota_Saccharomycotina_Saccharomycetes_Saccharomycetales_Saccharomyces_cerevisiae_baker_s_yeast, Node1652*)",843,-1.0682387562876912e-17,0.65757518761626399,c1
"(Eukaryota_Opisthokonta_Nucletmycea_Fungi_Dikarya_Ascomycota_Saccharomycotina_Saccharomycetes_Saccharomycetales_Saccharomyces_cerevisiae_baker_s_yeast, Node1652*)",845,0.54414759141414049,0.65757518761626399,c1
"(Eukaryota_Opisthokonta_Nucletmycea_Fungi_Dikarya_Ascomycota_Saccharomycotina_Saccharomycetes_Saccharomycetales_Saccharomyces_cerevisiae_baker_s_yeast, Node1652*)",846,1.6371415385785282,0.65757518761626399,c1
"(Eukaryota_Opisthokonta_Nucletmycea_Fungi_Dikarya_Ascomycota_Saccharomycotina_Saccharomycetes_Saccharomycetales_Saccharomyces_cerevisiae_baker_s_yeast, Node1652*)",849,-9.467983309358805e-18,0.65757518761626399,c1
"(Eukaryota_Opisthokonta_Nucletmycea_Fungi_Dikarya_Ascomycota_Saccharomycotina_Saccharomycetes_Saccharomycetales_Saccharomyces_cerevisiae_baker_s_yeast, Node1652*)",850,0.95863435526525076,0.65757518761626399,c1
"(Eukaryota_Opisthokonta_Nucletmycea_Fungi_Dikarya_Ascomycota_Saccharomycotina_Saccharomycetes_Saccharomycetales_Saccharomyces_cerevisiae_baker_s_yeast, Node1652*)",851,0.54414759141414049,0.65757518761626399,c1
"(Eukaryota_Opisthokonta_Nucletmycea_Fungi_Dikarya_Ascomycota_Saccharomycotina_Saccharomycetes_Saccharomycetales_Saccharomyces_cerevisiae_baker_s_yeast, Node1652*)",854,0.54414759141414049,0.65757518761626399,c1
"(Eukaryota_Opisthokonta_Nucletmycea_Fungi_Dikarya_Ascomycota_Saccharomycotina_Saccharomycetes_Saccharomycetales_Saccharomyces_cerevisiae_baker_s_yeast, Node1652*)",855,0.54414759141414049,0.65757518761626399,c1
"(Eukaryota_Opisthokonta_Nucletmycea_Fungi_Dikarya_Ascomycota_Saccharomycotina_Saccharomycetes_Saccharomycetales_Saccharomyces_cerevisiae_baker_s_yeast, Node1652*)",856,0.54414759141414049,0.65757518761626399,c1
"(Eukaryota_Opisthokonta_Nucletmycea_Fungi_Dikarya_Ascomycota_Saccharomycotina_Saccharomycetes_Saccharomycetales_Saccharomyces_cerevisiae_baker_s_yeast, Node1652*)",862,0.95863435526525076,0.65757518761626399,c1
"(Eukaryota_Opisthokonta_Nucletmycea_Fungi_Dikarya_Ascomycota_Saccharomycotina_Saccharomycetes_Saccharomycetales_Saccharomyces_cerevisiae_baker_s_yeast, Node1652*)",864,0.95863435526525076,0.65757518761626399,c1
"(Eukaryota_Opisthokonta_Nucletmycea_Fungi_Dikarya_Ascomycota_Saccharomycotina_Saccharomycetes_Saccharomycetales_Saccharomyces_cerevisiae_baker_s_yeast, Node1652*)",866,-1.0762252372325592e-17,0.65757518761626399,c1
"(Eukaryota_Opisthokonta_Nucletmycea_Fungi_Dikarya_Ascomycota_Saccharomycotina_Saccharomycetes_Saccharomycetales_Saccharomyces_cerevisiae_baker_s_yeast, Node1652*)",869,0.54414759141414049,0.65757518761626399,c1
"(Eukaryota_Opisthokonta_Nucletmycea_Fungi_Dikarya_Ascomycota_Saccharomycotina_Saccharomycetes_Saccharomycetales_Saccharomyces_cerevisiae_baker_s_yeast, Node1652*)",871,0.95863435526525076,0.65757518761626399,c1
"(Eukaryota_Opisthokonta_Nucletmycea_Fungi_Dikarya_Ascomycota_Saccharomycotina_Saccharomycetes_Saccharomycetales_Saccharomyces_cerevisiae_baker_s_yeast, Node1652*)",872,1.6371415385785282,0.65757518761626399,c1
"(Eukaryota_Opisthokonta_Nucletmycea_Fungi_Dikarya_Ascomycota_Saccharomycotina_Saccharomycetes_Saccharomycetales_Saccharomyces_cerevisiae_baker_s_yeast, Node1652*)",873,0.54414759141414049,0.65757518761626399,c1
"(Eukaryota_Opisthokonta_Nucletmycea_Fungi_Dikarya_Ascomycota_Saccharomycotina_Saccharomycetes_Saccharomycetales_Saccharomyces_cerevisiae_baker_s_yeast, Node1652*)",885,0.95863435526525076,0.65757518761626399,c1
"(Eukaryota_Opisthokonta_Nucletmycea_Fungi_Dikarya_Ascomycota_Saccharomycotina_Saccharomycetes_Saccharomycetales_Saccharomyces_cerevisiae_baker_s_yeast, Node1652*)",887,0.54414759141414049,0.65757518761626399,c1
"(Eukaryota_Opisthokonta_Nucletmycea_Fungi_Dikarya_Ascomycota_Saccharomycotina_Saccharomycetes_Saccharomycetales_Saccharomyces_cerevisiae_baker_s_yeast, Node1652*)",895,0.95863435526525076,0.65757518761626399,c1
"(Eukaryota_Opisthokonta_Nucletmycea_Fungi_Dikarya_Ascomycota_Saccharomycotina_Saccharomycetes_Saccharomycetales_Saccharomyces_cerevisiae_baker_s_yeast, Node1652*)",896,1.6371415385785282,0.65757518761626399,c1
"(Eukaryota_Opisthokonta_Nucletmycea_Fungi_Dikarya_Ascomycota_Saccharomycotina_Saccharomycetes_Saccharomycetales_Saccharomyces_cerevisiae_baker_s_yeast, Node1652*)",897,0.54414759141414049,0.65757518761626399,c1
"(Eukaryota_Opisthokonta_Nucletmycea_Fungi_Dikarya_Ascomycota_Saccharomycotina_Saccharomycetes_Saccharomycetales_Saccharomyces_cerevisiae_baker_s_yeast, Node1652*)",898,6.0792466394019097e-18,0.65757518761626399,c1
"(Eukaryota_Opisthokonta_Nucletmycea_Fungi_Dikarya_Ascomycota_Saccharomycotina_Saccharomycetes_Saccharomycetales_Saccharomyces_cerevisiae_baker_s_yeast, Node1652*)",899,0.95863435526525076,0.65757518761626399,c1
"(Eukaryota_Opisthokonta_Nucletmycea_Fungi_Dikarya_Ascomycota_Saccharomycotina_Saccharomycetes_Saccharomycetales_Saccharomyces_cerevisiae_baker_s_yeast, Node1652*)",900,0.95863435526525076,0.65757518761626399,c1
"(Eukaryota_Opisthokonta_Nucletmycea_Fungi_Dikarya_Ascomycota_Saccharomycotina_Saccharomycetes_Saccharomycetales_Saccharomyces_cerevisiae_baker_s_yeast, Node1652*)",902,0.54414759141414049,0.65757518761626399,c1
"(Eukaryota_Opisthokonta_Nucletmycea_Fungi_Dikarya_Ascomycota_Saccharomycotina_Saccharomycetes_Saccharomycetales_Saccharomyces_cerevisiae_baker_s_yeast, Node1652*)",903,-1.0746450864362965e-17,0.65757518761626399,c1
"(Eukaryota_Opisthokonta_Nucletmycea_Fungi_Dikarya_Ascomycota_Saccharomycotina_Saccharomycetes_Saccharomycetales_Saccharomyces_cerevisiae_baker_s_yeast, Node1652*)",905,0.54414759141414049,0.65757518761626399,c1
"(Eukaryota_Opisthokonta_Nucletmycea_Fungi_Dikarya_Ascomycota_Saccharomycotina_Saccharomycetes_Saccharomycetales_Saccharomyces_cerevisiae_baker_s_yeast, Node1652*)",953,0.54414759141414049,0.65757518761626399,c1
"(Eukaryota_Opisthokonta_Nucletmycea_Fungi_Dikarya_Ascomycota_Saccharomycotina_Saccharomycetes_Saccharomycetales_Saccharomyces_cerevisiae_baker_s_yeast, Node1652*)",957,5.6137618600544694e-18,0.65757518761626399,c1
"(Eukaryota_Opisthokonta_Nucletmycea_Fungi_Dikarya_Ascomycota_Saccharomycotina_Saccharomycetes_Saccharomycetales_Saccharomyces_cerevisiae_baker_s_yeast, Node1652*)",959,7.2656303025002836e-18,0.65757518761626399,c1
"(Eukaryota_Opisthokonta_Nucletmycea_Fungi_Dikarya_Ascomycota_Saccharomycotina_Saccharomycetes_Saccharomycetales_Saccharomyces_cerevisiae_baker_s_yeast, Node1652*)",960,0.54414759141414049,0.65757518761626399,c1
"(Eukaryota_Opisthokonta_Nucletmycea_Fungi_Dikarya_Ascomycota_Saccharomycotina_Saccharomycetes_Saccharomycetales_Saccharomyces_cerevisiae_baker_s_yeast, Node1652*)",973,0.95863435526525076,0.65757518761626399,c1
"(Eukaryota_Opisthokonta_Nucletmycea_Fungi_Dikarya_Ascomycota_Saccharomycotina_Saccharomycetes_Saccharomycetales_Saccharomyces_cerevisiae_baker_s_yeast, Node1652*)",976,0.95863435526525076,0.65757518761626399,c1
"(Eukaryota_Opisthokonta_Nucletmycea_Fungi_Dikarya_Ascomycota_Saccharomycotina_Saccharomycetes_Saccharomycetales_Saccharomyces_cerevisiae_baker_s_yeast, Node1652*)",983,0.95863435526525076,0.65757518761626399,c1
"(Eukaryota_Opisthokonta_Nucletmycea_Fungi_Dikarya_Ascomycota_Saccharomycotina_Saccharomycetes_Saccharomycetales_Saccharomyces_cerevisiae_baker_s_yeast, Node1652*)",984,6.2172193445664357e-18,0.65757518761626399,c1
"(Eukaryota_Opisthokonta_Nucletmycea_Fungi_Dikarya_Ascomycota_Saccharomycotina_Saccharomycetes_Saccharomycetales_Saccharomyces_cerevisiae_baker_s_yeast, Node1652*)",985,0.54414759141414049,0.65757518761626399,c1
"(Eukaryota_Opisthokonta_Nucletmycea_Fungi_Dikarya_Ascomycota_Saccharomycotina_Saccharomycetes_Saccharomycetales_Saccharomyces_cerevisiae_baker_s_yeast, Node1652*)",993,0.95863435526525076,0.65757518761626399,c1
"(Eukaryota_Opisthokonta_Nucletmycea_Fungi_Dikarya_Ascomycota_Saccharomycotina_Saccharomycetes_Saccharomycetales_Saccharomyces_cerevisiae_baker_s_yeast, Node1652*)",994,-1.0815398925733087e-17,0.65757518761626399,c1
"(Eukaryota_Opisthokonta_Nucletmycea_Fungi_Dikarya_Ascomycota_Saccharomycotina_Saccharomycetes_Saccharomycetales_Saccharomyces_cerevisiae_baker_s_yeast, Node1652*)",996,0.54414759141414049,0.65757518761626399,c1
"(Eukaryota_Opisthokonta_Nucletmycea_Fungi_Dikarya_Ascomycota_Saccharomycotina_Saccharomycetes_Saccharomycetales_Saccharomyces_cerevisiae_baker_s_yeast, Node1652*)",997,0.95863435526525076,0.65757518761626399,c1
"(Eukaryota_Opisthokonta_Nucletmycea_Fungi_Dikarya_Ascomycota_Saccharomycotina_Saccharomycetes_Saccharomycetales_Saccharomyces_cerevisiae_baker_s_yeast, Node1652*)",1000,0.95863435526525076,0.65757518761626399,c1
"(Eukaryota_Opisthokonta_Nucletmycea_Fungi_Dikarya_Ascomycota_Saccharomycotina_Saccharomycetes_Saccharomycetales_Saccharomyces_cerevisiae_baker_s_yeast, Node1652*)",1001,-9.382233946282259e-18,0.65757518761626399,c1
"(Eukaryota_Opisthokonta_Nucletmycea_Fungi_Dikarya_Ascomycota_Saccharomycotina_Saccharomycetes_Saccharomycetales_Saccharomyces_cerevisiae_baker_s_yeast, Node1652*)",1004,0.54414759141414049,0.65757518761626399,c1
"(Eukaryota_Opisthokonta_Nucletmycea_Fungi_Dikarya_Ascomycota_Saccharomycotina_Saccharomycetes_Saccharomycetales_Saccharomyces_cerevisiae_baker_s_yeast, Node1652*)",1005,0.54414759141414049,0.65757518761626399,c1
"(Eukaryota_Opisthokonta_Nucletmycea_Fungi_Dikarya_Ascomycota_Saccharomycotina_Saccharomycetes_Saccharomycetales_Saccharomyces_cerevisiae_baker_s_yeast, Node1652*)",1006,-9.9082657037739089e-18,0.65757518761626399,c1
"(Eukaryota_Opisthokonta_Nucletmycea_Fungi_Dikarya_Ascomycota_Saccharomycotina_Saccharomycetes_Saccharomycetales_Saccharomyces_cerevisiae_baker_s_yeast, Node1652*)",1008,1.6371415385785282,0.65757518761626399,c1
"(Eukaryota_Opisthokonta_Nucletmycea_Fungi_Dikarya_Ascomycota_Saccharomycotina_Saccharomycetes_Saccharomycetales_Saccharomyces_cerevisiae_baker_s_yeast, Node1652*)",1010,6.1874414525651633e-18,0.65757518761626399,c1
"(Eukaryota_Opisthokonta_Nucletmycea_Fungi_Dikarya_Ascomycota_Saccharomycotina_Saccharomycetes_Saccharomycetales_Saccharomyces_cerevisiae_baker_s_yeast, Node1652*)",1011,0.95863435526525076,0.65757518761626399,c1
"(Eukaryota_Opisthokonta_Nucletmycea_Fungi_Dikarya_Ascomycota_Saccharomycotina_Saccharomycetes_Saccharomycetales_Saccharomyces_cerevisiae_baker_s_yeast, Node1652*)",1012,0.95863435526525076,0.65757518761626399,c1
"(Eukaryota_Opisthokonta_Nucletmycea_Fungi_Dikarya_Ascomycota_Saccharomycotina_Saccharomycetes_Saccharomycetales_Saccharomyces_cerevisiae_baker_s_yeast, Node1652*)",1013,0.54414759141414049,0.65757518761626399,c1
"(Eukaryota_Opisthokonta_Nucletmycea_Fungi_Dikarya_Ascomycota_Saccharomycotina_Saccharomycetes_Saccharomycetales_Saccharomyces_cerevisiae_baker_s_yeast, Node1652*)",1015,-1.0861838587376711e-17,0.65757518761626399,c1
"(Eukaryota_Opisthokonta_Nucletmycea_Fungi_Dikarya_Ascomycota_Saccharomycotina_Saccharomycetes_Saccharomycetales_Saccharomyces_cerevisiae_baker_s_yeast, Node1652*)",1016,8.3149104753521033e-18,0.65757518761626399,c1
"(Eukaryota_Opisthokonta_Nucletmycea_Fungi_Dikarya_Ascomycota_Saccharomycotina_Saccharomycetes_Saccharomycetales_Saccharomyces_cerevisiae_baker_s_yeast, Node1652*)",1023,0.95863435526525076,0.65757518761626399,c1
"(Eukaryota_Opisthokonta_Nucletmycea_Fungi_Dikarya_Ascomycota_Saccharomycotina_Saccharomycetes_Saccharomycetales_Saccharomyces_cerevisiae_baker_s_yeast, Node1652*)",1024,0.54414759141414049,0.65757518761626399,c1
"(Eukaryota_Opisthokonta_Nucletmycea_Fungi_Dikarya_Ascomycota_Saccharomycotina_Saccharomycetes_Saccharomycetales_Saccharomyces_cerevisiae_baker_s_yeast, Node1652*)",1025,1.6371415385785282,0.65757518761626399,c1
"(Eukaryota_Opisthokonta_Nucletmycea_Fungi_Dikarya_Ascomycota_Saccharomycotina_Saccharomycetes_Saccharomycetales_Saccharomyces_cerevisiae_baker_s_yeast, Node1652*)",1029,1.6371415385785282,0.65757518761626399,c1
"(Eukaryota_Opisthokonta_Nucletmycea_Fungi_Dikarya_Ascomycota_Saccharomycotina_Saccharomycetes_Saccharomycetales_Saccharomyces_cerevisiae_baker_s_yeast, Node1652*)",1035,0.95863435526525076,0.65757518761626399,c1
"(Eukaryota_Opisthokonta_Nucletmycea_Fungi_Dikarya_Ascomycota_Saccharomycotina_Saccharomycetes_Saccharomycetales_Saccharomyces_cerevisiae_baker_s_yeast, Node1652*)",1036,1.6371415385785282,0.65757518761626399,c1
"(Eukaryota_Opisthokonta_Nucletmycea_Fungi_Dikarya_Ascomycota_Saccharomycotina_Saccharomycetes_Saccharomycetales_Saccharomyces_cerevisiae_baker_s_yeast, Node1652*)",1037,0.95863435526525076,0.65757518761626399,c1
"(Eukaryota_Opisthokonta_Nucletmycea_Fungi_Dikarya_Ascomycota_Saccharomycotina_Saccharomycetes_Saccharomycetales_Saccharomyces_cerevisiae_baker_s_yeast, Node1652*)",1038,0.54414759141414049,0.65757518761626399,c1
"(Eukaryota_Opisthokonta_Nucletmycea_Fungi_Dikarya_Ascomycota_Saccharomycotina_Saccharomycetes_Saccharomycetales_Saccharomyces_cerevisiae_baker_s_yeast, Node1652*)",1039,0.54414759141414049,0.65757518761626399,c1
"(Eukaryota_Opisthokonta_Nucletmycea_Fungi_Dikarya_Ascomycota_Saccharomycotina_Saccharomycetes_Saccharomycetales_Saccharomyces_cerevisiae_baker_s_yeast, Node1652*)",1041,0.95863435526525076,0.65757518761626399,c1
"(Eukaryota_Opisthokonta_Nucletmycea_Fungi_Dikarya_Ascomycota_Saccharomycotina_Saccharomycetes_Saccharomycetales_Saccharomyces_cerevisiae_baker_s_yeast, Node1652*)",1042,1.6371415385785282,0.65757518761626399,c1
"(Eukaryota_Opisthokonta_Nucletmycea_Fungi_Dikarya_Ascomycota_Saccharomycotina_Saccharomycetes_Saccharomycetales_Saccharomyces_cerevisiae_baker_s_yeast, Node1652*)",1051,0.54414759141414049,0.65757518761626399,c1
"(Eukaryota_Opisthokonta_Nucletmycea_Fungi_Dikarya_Ascomycota_Saccharomycotina_Saccharomycetes_Saccharomycetales_Saccharomyces_cerevisiae_baker_s_yeast, Node1652*)",1065,-1.0774660389191125e-17,0.65757518761626399,c1
"(Eukaryota_Opisthokonta_Nucletmycea_Fungi_Dikarya_Ascomycota_Saccharomycotina_Saccharomycetes_Saccharomycetales_Saccharomyces_cerevisiae_baker_s_yeast, Node1652*)",1066,7.2656303025002836e-18,0.65757518761626399,c1
"(Eukaryota_Opisthokonta_Nucletmycea_Fungi_Dikarya_Ascomycota_Saccharomycotina_Saccharomycetes_Saccharomycetales_Saccharomyces_cerevisiae_baker_s_yeast, Node1652*)",1067,5.4741461230446257e-18,0.65757518761626399,c1
"(Eukaryota_Opisthokonta_Nucletmycea_Fungi_Dikarya_Ascomycota_Saccharomycotina_Saccharomycetes_Saccharomycetales_Saccharomyces_cerevisiae_baker_s_yeast, Node1652*)",1068,0.54414759141414049,0.65757518761626399,c1
"(Eukaryota_Opisthokonta_Nucletmycea_Fungi_Dikarya_Ascomycota_Saccharomycotina_Saccharomycetes_Saccharomycetales_Saccharomyces_cerevisiae_baker_s_yeast, Node1652*)",1070,3.9000325730842531e-18,0.65757518761626399,c1
"(Eukaryota_Opisthokonta_Nucletmycea_Fungi_Dikarya_Ascomycota_Saccharomycotina_Saccharomycetes_Saccharomycetales_Saccharomyces_cerevisiae_baker_s_yeast, Node1652*)",1071,1.6371415385785282,0.65757518761626399,c1
"(Eukaryota_Opisthokonta_Nucletmycea_Fungi_Dikarya_Ascomycota_Saccharomycotina_Saccharomycetes_Saccharomycetales_Saccharomyces_cerevisiae_baker_s_yeast, Node1652*)",1073,0.54414759141414049,0.65757518761626399,c1
"(Eukaryota_Opisthokonta_Nucletmycea_Fungi_Dikarya_Ascomycota_Saccharomycotina_Saccharomycetes_Saccharomycetales_Saccharomyces_cerevisiae_baker_s_yeast, Node1652*)",1078,1.6371415385785282,0.65757518761626399,c1
"(Eukaryota_Opisthokonta_Nucletmycea_Fungi_Dikarya_Ascomycota_Saccharomycotina_Saccharomycetes_Saccharomycetales_Saccharomyces_cerevisiae_baker_s_yeast, Node1652*)",1079,0.95863435526525076,0.65757518761626399,c1
"(Eukaryota_Opisthokonta_Nucletmycea_Fungi_Dikarya_Ascomycota_Saccharomycotina_Saccharomycetes_Saccharomycetales_Saccharomyces_cerevisiae_baker_s_yeast, Node1652*)",1080,0.54414759141414049,0.65757518761626399,c1
"(Eukaryota_Opisthokonta_Nucletmycea_Fungi_Dikarya_Ascomycota_Saccharomycotina_Saccharomycetes_Saccharomycetales_Saccharomyces_cerevisiae_baker_s_yeast, Node1652*)",1081,0.54414759141414049,0.65757518761626399,c1
"(Eukaryota_Opisthokonta_Nucletmycea_Fungi_Dikarya_Ascomycota_Saccharomycotina_Saccharomycetes_Saccharomycetales_Saccharomyces_cerevisiae_baker_s_yeast, Node1652*)",1082,0.54414759141414049,0.65757518761626399,c1
"(Eukaryota_Opisthokonta_Nucletmycea_Fungi_Dikarya_Ascomycota_Saccharomycotina_Saccharomycetes_Saccharomycetales_Saccharomyces_cerevisiae_baker_s_yeast, Node1652*)",1083,0.95863435526525076,0.65757518761626399,c1
"(Eukaryota_Opisthokonta_Nucletmycea_Fungi_Dikarya_Ascomycota_Saccharomycotina_Saccharomycetes_Saccharomycetales_Saccharomyces_cerevisiae_baker_s_yeast, Node1652*)",1084,-1.0784399222491302e-17,0.65757518761626399,c1
"(Eukaryota_Opisthokonta_Nucletmycea_Fungi_Dikarya_Ascomycota_Saccharomycotina_Saccharomycetes_Saccharomycetales_Saccharomyces_cerevisiae_baker_s_yeast, Node1652*)",1087,0.95863435526525076,0.65757518761626399,c1
"(Eukaryota_Opisthokonta_Nucletmycea_Fungi_Dikarya_Ascomycota_Saccharomycotina_Saccharomycetes_Saccharomycetales_Saccharomyces_cerevisiae_baker_s_yeast, Node1652*)",1088,0.95863435526525076,0.65757518761626399,c1
"(Eukaryota_Opisthokonta_Nucletmycea_Fungi_Dikarya_Ascomycota_Saccharomycotina_Saccharomycetes_Saccharomycetales_Saccharomyces_cerevisiae_baker_s_yeast, Node1652*)",1089,0.95863435526525076,0.65757518761626399,c1
"(Eukaryota_Opisthokonta_Nucletmycea_Fungi_Dikarya_Ascomycota_Saccharomycotina_Saccharomycetes_Saccharomycetales_Saccharomyces_cerevisiae_baker_s_yeast, Node1652*)",1091,0.54414759141414049,0.65757518761626399,c1
"(Eukaryota_Opisthokonta_Nucletmycea_Fungi_Dikarya_Ascomycota_Saccharomycotina_Saccharomycetes_Saccharomycetales_Saccharomyces_cerevisiae_baker_s_yeast, Node1652*)",1093,1.6371415385785282,0.65757518761626399,c1
"(Eukaryota_Opisthokonta_Nucletmycea_Fungi_Dikarya_Ascomycota_Saccharomycotina_Saccharomycetes_Saccharomycetales_Saccharomyces_cerevisiae_baker_s_yeast, Node1652*)",1095,0.54414759141414049,0.65757518761626399,c1
"(Eukaryota_Opisthokonta_Nucletmycea_Fungi_Dikarya_Ascomycota_Saccharomycotina_Saccharomycetes_Saccharomycetales_Saccharomyces_cerevisiae_baker_s_yeast, Node1652*)",1096,0.54414759141414049,0.65757518761626399,c1
"(Eukaryota_Opisthokonta_Nucletmycea_Fungi_Dikarya_Ascomycota_Saccharomycotina_Saccharomycetes_Saccharomycetales_Saccharomyces_cerevisiae_baker_s_yeast, Node1652*)",1099,-1.0845027967215621e-17,0.65757518761626399,c1
"(Eukaryota_Opisthokonta_Nucletmycea_Fungi_Dikarya_Ascomycota_Saccharomycotina_Saccharomycetes_Saccharomycetales_Saccharomyces_cerevisiae_baker_s_yeast, Node1652*)",1100,0.95863435526525076,0.65757518761626399,c1
"(Eukaryota_Opisthokonta_Nucletmycea_Fungi_Dikarya_Ascomycota_Saccharomycotina_Saccharomycetes_Saccharomycetales_Saccharomyces_cerevisiae_baker_s_yeast, Node1652*)",1101,0.54414759141414049,0.65757518761626399,c1
"(Eukaryota_Opisthokonta_Nucletmycea_Fungi_Dikarya_Ascomycota_Saccharomycotina_Saccharomycetes_Saccharomycetales_Saccharomyces_cerevisiae_baker_s_yeast, Node1652*)",1102,-2.1797575086076182e-30,0.65757518761626399,c1
"(Eukaryota_Opisthokonta_Nucletmycea_Fungi_Dikarya_Ascomycota_Saccharomycotina_Saccharomycetes_Saccharomycetales_Saccharomyces_cerevisiae_baker_s_yeast, Node1652*)",1103,1.6371415385785282,0.65757518761626399,c1
"(Eukaryota_Opisthokonta_Nucletmycea_Fungi_Dikarya_Ascomycota_Saccharomycotina_Saccharomycetes_Saccharomycetales_Saccharomyces_cerevisiae_baker_s_yeast, Node1652*)",1104,0.54414759141414049,0.65757518761626399,c1
"(Eukaryota_Opisthokonta_Nucletmycea_Fungi_Dikarya_Ascomycota_Saccharomycotina_Saccharomycetes_Saccharomycetales_Saccharomyces_cerevisiae_baker_s_yeast, Node1652*)",1105,0.95863435526525076,0.65757518761626399,c1
"(Eukaryota_Opisthokonta_Nucletmycea_Fungi_Dikarya_Ascomycota_Saccharomycotina_Saccharomycetes_Saccharomycetales_Saccharomyces_cerevisiae_baker_s_yeast, Node1652*)",1106,0.54414759141414049,0.65757518761626399,c1
"(Eukaryota_Opisthokonta_Nucletmycea_Fungi_Dikarya_Ascomycota_Saccharomycotina_Saccharomycetes_Saccharomycetales_Saccharomyces_cerevisiae_baker_s_yeast, Node1652*)",1107,-1.0755186462045459e-17,0.65757518761626399,c1
"(Eukaryota_Opisthokonta_Nucletmycea_Fungi_Dikarya_Ascomycota_Saccharomycotina_Saccharomycetes_Saccharomycetales_Saccharomyces_cerevisiae_baker_s_yeast, Node1652*)",1108,0.54414759141414049,0.65757518761626399,c1
"(Eukaryota_Opisthokonta_Nucletmycea_Fungi_Dikarya_Ascomycota_Saccharomycotina_Saccharomycetes_Saccharomycetales_Saccharomyces_cerevisiae_baker_s_yeast, Node1652*)",1109,1.6371415385785282,0.65757518761626399,c1
"(Eukaryota_Opisthokonta_Nucletmycea_Fungi_Dikarya_Ascomycota_Saccharomycotina_Saccharomycetes_Saccharomycetales_Saccharomyces_cerevisiae_baker_s_yeast, Node1652*)",1110,1.6371415385785282,0.65757518761626399,c1
"(Eukaryota_Opisthokonta_Nucletmycea_Fungi_Dikarya_Ascomycota_Saccharomycotina_Saccharomycetes_Saccharomycetales_Saccharomyces_cerevisiae_baker_s_yeast, Node1652*)",1111,0.95863435526525076,0.65757518761626399,c1
"(Eukaryota_Opisthokonta_Nucletmycea_Fungi_Dikarya_Ascomycota_Saccharomycotina_Saccharomycetes_Saccharomycetales_Saccharomyces_cerevisiae_baker_s_yeast, Node1652*)",1114,0.95863435526525076,0.65757518761626399,c1
"(Eukaryota_Opisthokonta_Nucletmycea_Fungi_Dikarya_Ascomycota_Saccharomycotina_Saccharomycetes_Saccharomycetales_Saccharomyces_cerevisiae_baker_s_yeast, Node1652*)",1115,-2.1797575086076182e-30,0.65757518761626399,c1
"(Eukaryota_Opisthokonta_Nucletmycea_Fungi_Dikarya_Ascomycota_Saccharomycotina_Saccharomycetes_Saccharomycetales_Saccharomyces_cerevisiae_baker_s_yeast, Node1652*)",1116,0.54414759141414049,0.65757518761626399,c1
"(Eukaryota_Opisthokonta_Nucletmycea_Fungi_Dikarya_Ascomycota_Saccharomycotina_Saccharomycetes_Saccharomycetales_Saccharomyces_cerevisiae_baker_s_yeast, Node1652*)",1117,0.95863435526525076,0.65757518761626399,c1
"(Eukaryota_Opisthokonta_Nucletmycea_Fungi_Dikarya_Ascomycota_Saccharomycotina_Saccharomycetes_Saccharomycetales_Saccharomyces_cerevisiae_baker_s_yeast, Node1652*)",1118,6.2357868044533368e-18,0.65757518761626399,c1
"(Eukaryota_Opisthokonta_Nucletmycea_Fungi_Dikarya_Ascomycota_Saccharomycotina_Saccharomycetes_Saccharomycetales_Saccharomyces_cerevisiae_baker_s_yeast, Node1652*)",1119,1.6371415385785282,0.65757518761626399,c1
"(Eukaryota_Opisthokonta_Nucletmycea_Fungi_Dikarya_Ascomycota_Saccharomycotina_Saccharomycetes_Saccharomycetales_Saccharomyces_cerevisiae_baker_s_yeast, Node1652*)",1120,-1.081528447470308e-17,0.65757518761626399,c1
"(Eukaryota_Opisthokonta_Nucletmycea_Fungi_Dikarya_Ascomycota_Saccharomycotina_Saccharomycetes_Saccharomycetales_Saccharomyces_cerevisiae_baker_s_yeast, Node1652*)",1124,1.6371415385785282,0.65757518761626399,c1
"(Eukaryota_Opisthokonta_Nucletmycea_Fungi_Dikarya_Ascomycota_Saccharomycotina_Saccharomycetes_Saccharomycetales_Saccharomyces_cerevisiae_baker_s_yeast, Node1652*)",1127,-1.075340547866777e-17,0.65757518761626399,c1
"(Eukaryota_Opisthokonta_Nucletmycea_Fungi_Dikarya_Ascomycota_Saccharomycotina_Saccharomycetes_Saccharomycetales_Saccharomyces_cerevisiae_baker_s_yeast, Node1652*)",1128,0.54414759141414049,0.65757518761626399,c1
"(Eukaryota_Opisthokonta_Nucletmycea_Fungi_Dikarya_Ascomycota_Saccharomycotina_Saccharomycetes_Saccharomycetales_Saccharomyces_cerevisiae_baker_s_yeast, Node1652*)",1129,0.54414759141414049,0.65757518761626399,c1
"(Eukaryota_Opisthokonta_Nucletmycea_Fungi_Dikarya_Ascomycota_Saccharomycotina_Saccharomycetes_Saccharomycetales_Saccharomyces_cerevisiae_baker_s_yeast, Node1652*)",1130,0.54414759141414049,0.65757518761626399,c1
"(Eukaryota_Opisthokonta_Nucletmycea_Fungi_Dikarya_Ascomycota_Saccharomycotina_Saccharomycetes_Saccharomycetales_Saccharomyces_cerevisiae_baker_s_yeast, Node1652*)",1131,1.6371415385785282,0.65757518761626399,c1
"(Eukaryota_Opisthokonta_Nucletmycea_Fungi_Dikarya_Ascomycota_Saccharomycotina_Saccharomycetes_Saccharomycetales_Saccharomyces_cerevisiae_baker_s_yeast, Node1652*)",1134,4.2713424492087036e-18,0.65757518761626399,c1
"(Eukaryota_Opisthokonta_Nucletmycea_Fungi_Dikarya_Ascomycota_Saccharomycotina_Saccharomycetes_Saccharomycetales_Saccharomyces_cerevisiae_baker_s_yeast, Node1652*)",1135,0.95863435526525076,0.65757518761626399,c1
"(Eukaryota_Opisthokonta_Nucletmycea_Fungi_Dikarya_Ascomycota_Saccharomycotina_Saccharomycetes_Saccharomycetales_Saccharomyces_cerevisiae_baker_s_yeast, Node1652*)",1141,-7.9067316568196043e-18,0.65757518761626399,c1
"(Eukaryota_Opisthokonta_Nucletmycea_Fungi_Dikarya_Ascomycota_Saccharomycotina_Saccharomycetes_Saccharomycetales_Saccharomyces_cerevisiae_baker_s_yeast, Node1652*)",1187,0.95863435526525076,0.65757518761626399,c1
"(Eukaryota_Opisthokonta_Nucletmycea_Fungi_Dikarya_Ascomycota_Saccharomycotina_Saccharomycetes_Saccharomycetales_Saccharomyces_cerevisiae_baker_s_yeast, Node1652*)",1190,0.54414759141414049,0.65757518761626399,c1
"(Eukaryota_Opisthokonta_Nucletmycea_Fungi_Dikarya_Ascomycota_Saccharomycotina_Saccharomycetes_Saccharomycetales_Saccharomyces_cerevisiae_baker_s_yeast, Node1652*)",1191,0.54414759141414049,0.65757518761626399,c1
"(Eukaryota_Opisthokonta_Nucletmycea_Fungi_Dikarya_Ascomycota_Saccharomycotina_Saccharomycetes_Saccharomycetales_Saccharomyces_cerevisiae_baker_s_yeast, Node1652*)",1192,0.54414759141414049,0.65757518761626399,c1
"(Eukaryota_Opisthokonta_Nucletmycea_Fungi_Dikarya_Ascomycota_Saccharomycotina_Saccharomycetes_Saccharomycetales_Saccharomyces_cerevisiae_baker_s_yeast, Node1652*)",1194,1.6371415385785282,0.65757518761626399,c1
"(Eukaryota_Opisthokonta_Nucletmycea_Fungi_Dikarya_Ascomycota_Saccharomycotina_Saccharomycetes_Saccharomycetales_Saccharomyces_cerevisiae_baker_s_yeast, Node1652*)",1197,0.54414759141414049,0.65757518761626399,c1
"(Eukaryota_Opisthokonta_Nucletmycea_Fungi_Dikarya_Ascomycota_Saccharomycotina_Saccharomycetes_Saccharomycetales_Saccharomyces_cerevisiae_baker_s_yeast, Node1652*)",1198,0.54414759141414049,0.65757518761626399,c1
"(Eukaryota_Opisthokonta_Nucletmycea_Fungi_Dikarya_Ascomycota_Saccharomycotina_Saccharomycetes_Saccharomycetales_Saccharomyces_cerevisiae_baker_s_yeast, Node1652*)",1199,0.54414759141414049,0.65757518761626399,c1
"(Eukaryota_Opisthokonta_Nucletmycea_Fungi_Dikarya_Ascomycota_Saccharomycotina_Saccharomycetes_Saccharomycetales_Saccharomyces_cerevisiae_baker_s_yeast, Node1652*)",1209,-1.0826122698901836e-17,0.65757518761626399,c1
"(Eukaryota_Opisthokonta_Nucletmycea_Fungi_Dikarya_Ascomycota_Saccharomycotina_Saccharomycetes_Saccharomycetales_Saccharomyces_cerevisiae_baker_s_yeast, Node1652*)",1210,-9.4949321851988964e-18,0.65757518761626399,c1
"(Eukaryota_Opisthokonta_Nucletmycea_Fungi_Dikarya_Ascomycota_Saccharomycotina_Saccharomycetes_Saccharomycetales_Saccharomyces_cerevisiae_baker_s_yeast, Node1652*)",1212,-1.0831985816294782e-17,0.65757518761626399,c1
"(Eukaryota_Opisthokonta_Nucletmycea_Fungi_Dikarya_Ascomycota_Saccharomycotina_Saccharomycetes_Saccharomycetales_Saccharomyces_cerevisiae_baker_s_yeast, Node1652*)",1213,0.95863435526525076,0.65757518761626399,c1
"(Eukaryota_Opisthokonta_Nucletmycea_Fungi_Dikarya_Ascomycota_Saccharomycotina_Saccharomycetes_Saccharomycetales_Saccharomyces_cerevisiae_baker_s_yeast, Node1652*)",1214,0.95863435526525076,0.65757518761626399,c1
"(Eukaryota_Opisthokonta_Nucletmycea_Fungi_Dikarya_Ascomycota_Saccharomycotina_Saccharomycetes_Saccharomycetales_Saccharomyces_cerevisiae_baker_s_yeast, Node1652*)",1215,0.95863435526525076,0.65757518761626399,c1
"(Eukaryota_Opisthokonta_Nucletmycea_Fungi_Dikarya_Ascomycota_Saccharomycotina_Saccharomycetes_Saccharomycetales_Saccharomyces_cerevisiae_baker_s_yeast, Node1652*)",1216,0.95863435526525076,0.65757518761626399,c1
"(Eukaryota_Opisthokonta_Nucletmycea_Fungi_Dikarya_Ascomycota_Saccharomycotina_Saccharomycetes_Saccharomycetales_Saccharomyces_cerevisiae_baker_s_yeast, Node1652*)",1217,0.95863435526525076,0.65757518761626399,c1
"(Eukaryota_Opisthokonta_Nucletmycea_Fungi_Dikarya_Ascomycota_Saccharomycotina_Saccharomycetes_Saccharomycetales_Saccharomyces_cerevisiae_baker_s_yeast, Node1652*)",1219,0.54414759141414049,0.65757518761626399,c1
"(Eukaryota_Opisthokonta_Nucletmycea_Fungi_Dikarya_Ascomycota_Saccharomycotina_Saccharomycetes_Saccharomycetales_Saccharomyces_cerevisiae_baker_s_yeast, Node1652*)",1221,6.0168397461154683e-18,0.65757518761626399,c1
"(Eukaryota_Opisthokonta_Nucletmycea_Fungi_Dikarya_Ascomycota_Saccharomycotina_Saccharomycetes_Saccharomycetales_Saccharomyces_cerevisiae_baker_s_yeast, Node1652*)",1222,0.54414759141414049,0.65757518761626399,c1
"(Eukaryota_Opisthokonta_Nucletmycea_Fungi_Dikarya_Ascomycota_Saccharomycotina_Saccharomycetes_Saccharomycetales_Saccharomyces_cerevisiae_baker_s_yeast, Node1652*)",1223,-1.0629579591844654e-17,0.65757518761626399,c1
"(Eukaryota_Opisthokonta_Nucletmycea_Fungi_Dikarya_Ascomycota_Saccharomycotina_Saccharomycetes_Saccharomycetales_Saccharomyces_cerevisiae_baker_s_yeast, Node1652*)",1224,0.95863435526525076,0.65757518761626399,c1
"(Eukaryota_Opisthokonta_Nucletmycea_Fungi_Dikarya_Ascomycota_Saccharomycotina_Saccharomycetes_Saccharomycetales_Saccharomyces_cerevisiae_baker_s_yeast, Node1652*)",1227,1.6371415385785282,0.65757518761626399,c1
"(Eukaryota_Opisthokonta_Nucletmycea_Fungi_Dikarya_Ascomycota_Saccharomycotina_Saccharomycetes_Saccharomycetales_Saccharomyces_cerevisiae_baker_s_yeast, Node1652*)",1228,0.95863435526525076,0.65757518761626399,c1
"(Eukaryota_Opisthokonta_Nucletmycea_Fungi_Dikarya_Ascomycota_Saccharomycotina_Saccharomycetes_Saccharomycetales_Saccharomyces_cerevisiae_baker_s_yeast, Node1652*)",1229,1.6371415385785282,0.65757518761626399,c1
"(Eukaryota_Opisthokonta_Nucletmycea_Fungi_Dikarya_Ascomycota_Saccharomycotina_Saccharomycetes_Saccharomycetales_Saccharomyces_cerevisiae_baker_s_yeast, Node1652*)",1230,0.54414759141414049,0.65757518761626399,c1
"(Eukaryota_Opisthokonta_Nucletmycea_Fungi_Dikarya_Ascomycota_Saccharomycotina_Saccharomycetes_Saccharomycetales_Saccharomyces_cerevisiae_baker_s_yeast, Node1652*)",1231,0.54414759141414049,0.65757518761626399,c1
"(Eukaryota_Opisthokonta_Nucletmycea_Fungi_Dikarya_Ascomycota_Saccharomycotina_Saccharomycetes_Saccharomycetales_Saccharomyces_cerevisiae_baker_s_yeast, Node1652*)",1232,0.95863435526525076,0.65757518761626399,c1
"(Eukaryota_Opisthokonta_Nucletmycea_Fungi_Dikarya_Ascomycota_Saccharomycotina_Saccharomycetes_Saccharomycetales_Saccharomyces_cerevisiae_baker_s_yeast, Node1652*)",1235,6.0633610677270385e-18,0.65757518761626399,c1
"(Eukaryota_Opisthokonta_Nucletmycea_Fungi_Dikarya_Ascomycota_Saccharomycotina_Saccharomycetes_Saccharomycetales_Saccharomyces_cerevisiae_baker_s_yeast, Node1652*)",1237,0.54414759141414049,0.65757518761626399,c1
"(Eukaryota_Opisthokonta_Nucletmycea_Fungi_Dikarya_Ascomycota_Saccharomycotina_Saccharomycetes_Saccharomycetales_Saccharomyces_cerevisiae_baker_s_yeast, Node1652*)",1238,0.54414759141414049,0.65757518761626399,c1
"(Eukaryota_Opisthokonta_Nucletmycea_Fungi_Dikarya_Ascomycota_Saccharomycotina_Saccharomycetes_Saccharomycetales_Saccharomyces_cerevisiae_baker_s_yeast, Node1652*)",1239,0.54414759141414049,0.65757518761626399,c1
"(Eukaryota_Opisthokonta_Nucletmycea_Fungi_Dikarya_Ascomycota_Saccharomycotina_Saccharomycetes_Saccharomycetales_Saccharomyces_cerevisiae_baker_s_yeast, Node1652*)",1240,1.6371415385785282,0.65757518761626399,c1
"(Eukaryota_Opisthokonta_Nucletmycea_Fungi_Dikarya_Ascomycota_Saccharomycotina_Saccharomycetes_Saccharomycetales_Saccharomyces_cerevisiae_baker_s_yeast, Node1652*)",1241,2.0949122422847856e-18,0.65757518761626399,c1
"(Eukaryota_Opisthokonta_Nucletmycea_Fungi_Dikarya_Ascomycota_Saccharomycotina_Saccharomycetes_Saccharomycetales_Saccharomyces_cerevisiae_baker_s_yeast, Node1652*)",1242,-1.0819100081504766e-17,0.65757518761626399,c1
"(Eukaryota_Opisthokonta_Nucletmycea_Fungi_Dikarya_Ascomycota_Saccharomycotina_Saccharomycetes_Saccharomycetales_Saccharomyces_cerevisiae_baker_s_yeast, Node1652*)",1243,0.54414759141414049,0.65757518761626399,c1
"(Eukaryota_Opisthokonta_Nucletmycea_Fungi_Dikarya_Ascomycota_Saccharomycotina_Saccharomycetes_Saccharomycetales_Saccharomyces_cerevisiae_baker_s_yeast, Node1652*)",1244,0.54414759141414049,0.65757518761626399,c1
"(Eukaryota_Opisthokonta_Nucletmycea_Fungi_Dikarya_Ascomycota_Saccharomycotina_Saccharomycetes_Saccharomycetales_Saccharomyces_cerevisiae_baker_s_yeast, Node1652*)",1245,0.54414759141414049,0.65757518761626399,c1
"(Eukaryota_Opisthokonta_Nucletmycea_Fungi_Dikarya_Ascomycota_Saccharomycotina_Saccharomycetes_Saccharomycetales_Saccharomyces_cerevisiae_baker_s_yeast, Node1652*)",1246,0.95863435526525076,0.65757518761626399,c1
"(Eukaryota_Opisthokonta_Nucletmycea_Fungi_Dikarya_Ascomycota_Saccharomycotina_Saccharomycetes_Saccharomycetales_Saccharomyces_cerevisiae_baker_s_yeast, Node1652*)",1248,0.54414759141414049,0.65757518761626399,c1
"(Eukaryota_Opisthokonta_Nucletmycea_Fungi_Dikarya_Ascomycota_Saccharomycotina_Saccharomycetes_Saccharomycetales_Saccharomyces_cerevisiae_baker_s_yeast, Node1652*)",1249,0.54414759141414049,0.65757518761626399,c1
"(Eukaryota_Opisthokonta_Nucletmycea_Fungi_Dikarya_Ascomycota_Saccharomycotina_Saccharomycetes_Saccharomycetales_Saccharomyces_cerevisiae_baker_s_yeast, Node1652*)",1250,6.81775359367891e-18,0.65757518761626399,c1
"(Eukaryota_Opisthokonta_Nucletmycea_Fungi_Dikarya_Ascomycota_Saccharomycotina_Saccharomycetes_Saccharomycetales_Saccharomyces_cerevisiae_baker_s_yeast, Node1652*)",1251,5.4738528418704854e-18,0.65757518761626399,c1
"(Eukaryota_Opisthokonta_Nucletmycea_Fungi_Dikarya_Ascomycota_Saccharomycotina_Saccharomycetes_Saccharomycetales_Saccharomyces_cerevisiae_baker_s_yeast, Node1652*)",1252,0.95863435526525076,0.65757518761626399,c1
"(Eukaryota_Opisthokonta_Nucletmycea_Fungi_Dikarya_Ascomycota_Saccharomycotina_Saccharomycetes_Saccharomycetales_Saccharomyces_cerevisiae_baker_s_yeast, Node1652*)",1253,0.54414759141414049,0.65757518761626399,c1
"(Eukaryota_Opisthokonta_Nucletmycea_Fungi_Dikarya_Ascomycota_Saccharomycotina_Saccharomycetes_Saccharomycetales_Saccharomyces_cerevisiae_baker_s_yeast, Node1652*)",1254,1.6371415385785282,0.65757518761626399,c1
"(Eukaryota_Opisthokonta_Nucletmycea_Fungi_Dikarya_Ascomycota_Saccharomycotina_Saccharomycetes_Saccharomycetales_Saccharomyces_cerevisiae_baker_s_yeast, Node1652*)",1255,0.95863435526525076,0.65757518761626399,c1
"(Eukaryota_Opisthokonta_Nucletmycea_Fungi_Dikarya_Ascomycota_Saccharomycotina_Saccharomycetes_Saccharomycetales_Saccharomyces_cerevisiae_baker_s_yeast, Node1652*)",1256,0.95863435526525076,0.65757518761626399,c1
"(Eukaryota_Opisthokonta_Nucletmycea_Fungi_Dikarya_Ascomycota_Saccharomycotina_Saccharomycetes_Saccharomycetales_Saccharomyces_cerevisiae_baker_s_yeast, Node1652*)",1257,0.54414759141414049,0.65757518761626399,c1
"(Eukaryota_Opisthokonta_Nucletmycea_Fungi_Dikarya_Ascomycota_Saccharomycotina_Saccharomycetes_Saccharomycetales_Saccharomyces_cerevisiae_baker_s_yeast, Node1652*)",1258,0.54414759141414049,0.65757518761626399,c1
"(Eukaryota_Opisthokonta_Nucletmycea_Fungi_Dikarya_Ascomycota_Saccharomycotina_Saccharomycetes_Saccharomycetales_Saccharomyces_cerevisiae_baker_s_yeast, Node1652*)",1261,0.95863435526525076,0.65757518761626399,c1
"(Eukaryota_Opisthokonta_Nucletmycea_Fungi_Dikarya_Ascomycota_Saccharomycotina_Saccharomycetes_Saccharomycetales_Saccharomyces_cerevisiae_baker_s_yeast, Node1652*)",1262,1.6371415385785282,0.65757518761626399,c1
"(Eukaryota_Opisthokonta_Nucletmycea_Fungi_Dikarya_Ascomycota_Saccharomycotina_Saccharomycetes_Saccharomycetales_Saccharomyces_cerevisiae_baker_s_yeast, Node1652*)",1263,0.54414759141414049,0.65757518761626399,c1
"(Eukaryota_Opisthokonta_Nucletmycea_Fungi_Dikarya_Ascomycota_Saccharomycotina_Saccharomycetes_Saccharomycetales_Saccharomyces_cerevisiae_baker_s_yeast, Node1652*)",1264,1.6371415385785282,0.65757518761626399,c1
"(Eukaryota_Opisthokonta_Nucletmycea_Fungi_Dikarya_Ascomycota_Saccharomycotina_Saccharomycetes_Saccharomycetales_Saccharomyces_cerevisiae_baker_s_yeast, Node1652*)",1265,1.6371415385785282,0.65757518761626399,c1
"(Eukaryota_Opisthokonta_Nucletmycea_Fungi_Dikarya_Ascomycota_Saccharomycotina_Saccharomycetes_Saccharomycetales_Saccharomyces_cerevisiae_baker_s_yeast, Node1652*)",1267,0.54414759141414049,0.65757518761626399,c1
"(Eukaryota_Opisthokonta_Nucletmycea_Fungi_Dikarya_Ascomycota_Saccharomycotina_Saccharomycetes_Saccharomycetales_Saccharomyces_cerevisiae_baker_s_yeast, Node1652*)",1268,1.6371415385785282,0.65757518761626399,c1
"(Eukaryota_Opisthokonta_Nucletmycea_Fungi_Dikarya_Ascomycota_Saccharomycotina_Saccharomycetes_Saccharomycetales_Saccharomyces_cerevisiae_baker_s_yeast, Node1652*)",1269,1.6371415385785282,0.65757518761626399,c1
"(Eukaryota_Opisthokonta_Nucletmycea_Fungi_Dikarya_Ascomycota_Saccharomycotina_Saccharomycetes_Saccharomycetales_Saccharomyces_cerevisiae_baker_s_yeast, Node1652*)",1270,0.54414759141414049,0.65757518761626399,c1
"(Eukaryota_Opisthokonta_Nucletmycea_Fungi_Dikarya_Ascomycota_Saccharomycotina_Saccharomycetes_Saccharomycetales_Saccharomyces_cerevisiae_baker_s_yeast, Node1652*)",1271,0.95863435526525076,0.65757518761626399,c1
"(Eukaryota_Opisthokonta_Nucletmycea_Fungi_Dikarya_Ascomycota_Saccharomycotina_Saccharomycetes_Saccharomycetales_Saccharomyces_cerevisiae_baker_s_yeast, Node1652*)",1272,0.95863435526525076,0.65757518761626399,c1
"(Eukaryota_Opisthokonta_Nucletmycea_Fungi_Dikarya_Ascomycota_Saccharomycotina_Saccharomycetes_Saccharomycetales_Saccharomyces_cerevisiae_baker_s_yeast, Node1652*)",1274,0.95863435526525076,0.65757518761626399,c1
"(Eukaryota_Opisthokonta_Nucletmycea_Fungi_Dikarya_Ascomycota_Saccharomycotina_Saccharomycetes_Saccharomycetales_Saccharomyces_cerevisiae_baker_s_yeast, Node1652*)",1275,-1.0488366178407887e-17,0.65757518761626399,c1
"(Eukaryota_Opisthokonta_Nucletmycea_Fungi_Dikarya_Ascomycota_Saccharomycotina_Saccharomycetes_Saccharomycetales_Saccharomyces_cerevisiae_baker_s_yeast, Node1652*)",1276,0.95863435526525076,0.65757518761626399,c1
"(Eukaryota_Opisthokonta_Nucletmycea_Fungi_Dikarya_Ascomycota_Saccharomycotina_Saccharomycetes_Saccharomycetales_Saccharomyces_cerevisiae_baker_s_yeast, Node1652*)",1277,0.95863435526525076,0.65757518761626399,c1
"(Eukaryota_Opisthokonta_Nucletmycea_Fungi_Dikarya_Ascomycota_Saccharomycotina_Saccharomycetes_Saccharomycetales_Saccharomyces_cerevisiae_baker_s_yeast, Node1652*)",1278,0.54414759141414049,0.65757518761626399,c1
"(Eukaryota_Opisthokonta_Nucletmycea_Fungi_Dikarya_Ascomycota_Saccharomycotina_Saccharomycetes_Saccharomycetales_Saccharomyces_cerevisiae_baker_s_yeast, Node1652*)",1282,7.4583446327432597e-18,0.65757518761626399,c1
"(Eukaryota_Opisthokonta_Nucletmycea_Fungi_Dikarya_Ascomycota_Saccharomycotina_Saccharomycetes_Saccharomycetales_Saccharomyces_cerevisiae_baker_s_yeast, Node1652*)",1283,0.95863435526525076,0.65757518761626399,c1
"(Eukaryota_Opisthokonta_Nucletmycea_Fungi_Dikarya_Ascomycota_Saccharomycotina_Saccharomycetes_Saccharomycetales_Saccharomyces_cerevisiae_baker_s_yeast, Node1652*)",1284,1.6371415385785282,0.65757518761626399,c1
"(Eukaryota_Opisthokonta_Nucletmycea_Fungi_Dikarya_Ascomycota_Saccharomycotina_Saccharomycetes_Saccharomycetales_Saccharomyces_cerevisiae_baker_s_yeast, Node1652*)",1285,0.95863435526525076,0.65757518761626399,c1
"(Eukaryota_Opisthokonta_Nucletmycea_Fungi_Dikarya_Ascomycota_Saccharomycotina_Saccharomycetes_Saccharomycetales_Saccharomyces_cerevisiae_baker_s_yeast, Node1652*)",1286,0.95863435526525076,0.65757518761626399,c1
"(Eukaryota_Opisthokonta_Nucletmycea_Fungi_Dikarya_Ascomycota_Saccharomycotina_Saccharomycetes_Saccharomycetales_Saccharomyces_cerevisiae_baker_s_yeast, Node1652*)",1287,1.6371415385785282,0.65757518761626399,c1
"(Eukaryota_Opisthokonta_Nucletmycea_Fungi_Dikarya_Ascomycota_Saccharomycotina_Saccharomycetes_Saccharomycetales_Saccharomyces_cerevisiae_baker_s_yeast, Node1652*)",1288,-1.0831624374459574e-17,0.65757518761626399,c1
"(Eukaryota_Opisthokonta_Nucletmycea_Fungi_Dikarya_Ascomycota_Saccharomycotina_Saccharomycetes_Saccharomycetales_Saccharomyces_cerevisiae_baker_s_yeast, Node1652*)",1290,0.54414759141414049,0.65757518761626399,c1
"(Eukaryota_Opisthokonta_Nucletmycea_Fungi_Dikarya_Ascomycota_Saccharomycotina_Saccharomycetes_Saccharomycetales_Saccharomyces_cerevisiae_baker_s_yeast, Node1652*)",1291,0.54414759141414049,0.65757518761626399,c1
"(Eukaryota_Opisthokonta_Nucletmycea_Fungi_Dikarya_Ascomycota_Saccharomycotina_Saccharomycetes_Saccharomycetales_Saccharomyces_cerevisiae_baker_s_yeast, Node1652*)",1292,-6.2991510598883628e-18,0.65757518761626399,c1
"(Eukaryota_Opisthokonta_Nucletmycea_Fungi_Dikarya_Ascomycota_Saccharomycotina_Saccharomycetes_Saccharomycetales_Saccharomyces_cerevisiae_baker_s_yeast, Node1652*)",1293,-1.0626255519721371e-17,0.65757518761626399,c1
"(Eukaryota_Opisthokonta_Nucletmycea_Fungi_Dikarya_Ascomycota_Saccharomycotina_Saccharomycetes_Saccharomycetales_Saccharomyces_cerevisiae_baker_s_yeast, Node1652*)",1294,-9.8200862576309566e-18,0.65757518761626399,c1
"(Eukaryota_Opisthokonta_Nucletmycea_Fungi_Dikarya_Ascomycota_Saccharomycotina_Saccharomycetes_Saccharomycetales_Saccharomyces_cerevisiae_baker_s_yeast, Node1652*)",1295,0.95863435526525076,0.65757518761626399,c1
"(Eukaryota_Opisthokonta_Nucletmycea_Fungi_Dikarya_Ascomycota_Saccharomycotina_Saccharomycetes_Saccharomycetales_Saccharomyces_cerevisiae_baker_s_yeast, Node1652*)",1296,0.54414759141414049,0.65757518761626399,c1
"(Eukaryota_Opisthokonta_Nucletmycea_Fungi_Dikarya_Ascomycota_Saccharomycotina_Saccharomycetes_Saccharomycetales_Saccharomyces_cerevisiae_baker_s_yeast, Node1652*)",1301,0.54414759141414049,0.65757518761626399,c1
"(Eukaryota_Opisthokonta_Nucletmycea_Fungi_Dikarya_Ascomycota_Saccharomycotina_Saccharomycetes_Saccharomycetales_Saccharomyces_cerevisiae_baker_s_yeast, Node1652*)",1302,1.6371415385785282,0.65757518761626399,c1
"(Eukaryota_Opisthokonta_Nucletmycea_Fungi_Dikarya_Ascomycota_Saccharomycotina_Saccharomycetes_Saccharomycetales_Saccharomyces_cerevisiae_baker_s_yeast, Node1652*)",1304,1.6371415385785282,0.65757518761626399,c1
"(Eukaryota_Opisthokonta_Nucletmycea_Fungi_Dikarya_Ascomycota_Saccharomycotina_Saccharomycetes_Saccharomycetales_Saccharomyces_cerevisiae_baker_s_yeast, Node1652*)",1305,0.95863435526525076,0.65757518761626399,c1
"(Eukaryota_Opisthokonta_Nucletmycea_Fungi_Dikarya_Ascomycota_Saccharomycotina_Saccharomycetes_Saccharomycetales_Saccharomyces_cerevisiae_baker_s_yeast, Node1652*)",1309,0.54414759141414049,0.65757518761626399,c1
"(Eukaryota_Opisthokonta_Nucletmycea_Fungi_Dikarya_Ascomycota_Saccharomycotina_Saccharomycetes_Saccharomycetales_Saccharomyces_cerevisiae_baker_s_yeast, Node1652*)",1310,0.54414759141414049,0.65757518761626399,c1
"(Eukaryota_Opisthokonta_Nucletmycea_Fungi_Dikarya_Ascomycota_Saccharomycotina_Saccharomycetes_Saccharomycetales_Saccharomyces_cerevisiae_baker_s_yeast, Node1652*)",1312,1.6371415385785282,0.65757518761626399,c1
"(Eukaryota_Opisthokonta_Nucletmycea_Fungi_Dikarya_Ascomycota_Saccharomycotina_Saccharomycetes_Saccharomycetales_Saccharomyces_cerevisiae_baker_s_yeast, Node1652*)",1313,6.4857296010319733e-18,0.65757518761626399,c1
"(Eukaryota_Opisthokonta_Nucletmycea_Fungi_Dikarya_Ascomycota_Saccharomycotina_Saccharomycetes_Saccharomycetales_Saccharomyces_cerevisiae_baker_s_yeast, Node1652*)",1315,0.54414759141414049,0.65757518761626399,c1
"(Eukaryota_Opisthokonta_Nucletmycea_Fungi_Dikarya_Ascomycota_Saccharomycotina_Saccharomycetes_Saccharomycetales_Saccharomyces_cerevisiae_baker_s_yeast, Node1652*)",1316,1.6371415385785282,0.65757518761626399,c1
"(Eukaryota_Opisthokonta_Nucletmycea_Fungi_Dikarya_Ascomycota_Saccharomycotina_Saccharomycetes_Saccharomycetales_Saccharomyces_cerevisiae_baker_s_yeast, Node1652*)",1317,1.6371415385785282,0.65757518761626399,c1
"(Eukaryota_Opisthokonta_Nucletmycea_Fungi_Dikarya_Ascomycota_Saccharomycotina_Saccharomycetes_Saccharomycetales_Saccharomyces_cerevisiae_baker_s_yeast, Node1652*)",1323,1.6371415385785282,0.65757518761626399,c1
"(Eukaryota_Opisthokonta_Nucletmycea_Fungi_Dikarya_Ascomycota_Saccharomycotina_Saccharomycetes_Saccharomycetales_Saccharomyces_cerevisiae_baker_s_yeast, Node1652*)",1325,0.95863435526525076,0.65757518761626399,c1
"(Eukaryota_Opisthokonta_Nucletmycea_Fungi_Dikarya_Ascomycota_Saccharomycotina_Saccharomycetes_Saccharomycetales_Saccharomyces_cerevisiae_baker_s_yeast, Node1652*)",1326,0.54414759141414049,0.65757518761626399,c1
"(Eukaryota_Opisthokonta_Nucletmycea_Fungi_Dikarya_Ascomycota_Saccharomycotina_Saccharomycetes_Saccharomycetales_Saccharomyces_cerevisiae_baker_s_yeast, Node1652*)",1328,0.54414759141414049,0.65757518761626399,c1
"(Eukaryota_Opisthokonta_Nucletmycea_Fungi_Dikarya_Ascomycota_Saccharomycotina_Saccharomycetes_Saccharomycetales_Saccharomyces_cerevisiae_baker_s_yeast, Node1652*)",1359,5.4741461230470115e-18,0.65757518761626399,c1
"(Eukaryota_Opisthokonta_Nucletmycea_Fungi_Dikarya_Ascomycota_Saccharomycotina_Saccharomycetes_Saccharomycetales_Saccharomyces_cerevisiae_baker_s_yeast, Node1652*)",1361,6.8876257219363738e-18,0.65757518761626399,c1
"(Eukaryota_Opisthokonta_Nucletmycea_Fungi_Dikarya_Ascomycota_Saccharomycotina_Saccharomycetes_Saccharomycetales_Saccharomyces_cerevisiae_baker_s_yeast, Node1652*)",1393,-8.3404033583005253e-18,0.65757518761626399,c1
"(Eukaryota_Opisthokonta_Nucletmycea_Fungi_Dikarya_Ascomycota_Saccharomycotina_Saccharomycetes_Saccharomycetales_Saccharomyces_cerevisiae_baker_s_yeast, Node1652*)",1394,1.790134952045983e-18,0.65757518761626399,c1
"(Eukaryota_Opisthokonta_Nucletmycea_Fungi_Dikarya_Ascomycota_Saccharomycotina_Saccharomycetes_Saccharomycetales_Saccharomyces_cerevisiae_baker_s_yeast, Node1652*)",1395,1.6371415385785282,0.65757518761626399,c1
"(Eukaryota_Opisthokonta_Nucletmycea_Fungi_Dikarya_Ascomycota_Saccharomycotina_Saccharomycetes_Saccharomycetales_Saccharomyces_cerevisiae_baker_s_yeast, Node1652*)",1409,-9.2098702692893579e-18,0.65757518761626399,c1
"(Eukaryota_Opisthokonta_Nucletmycea_Fungi_Dikarya_Ascomycota_Saccharomycotina_Saccharomycetes_Saccharomycetales_Saccharomyces_cerevisiae_baker_s_yeast, Node1652*)",1410,6.5477499495566697e-18,0.65757518761626399,c1
"(Eukaryota_Opisthokonta_Nucletmycea_Fungi_Dikarya_Ascomycota_Saccharomycotina_Saccharomycetes_Saccharomycetales_Saccharomyces_cerevisiae_baker_s_yeast, Node1652*)",1411,0.95863435526525076,0.65757518761626399,c1
"(Eukaryota_Opisthokonta_Nucletmycea_Fungi_Dikarya_Ascomycota_Saccharomycotina_Saccharomycetes_Saccharomycetales_Saccharomyces_cerevisiae_baker_s_yeast, Node1652*)",1412,0.95863435526525076,0.65757518761626399,c1
"(Eukaryota_Opisthokonta_Nucletmycea_Fungi_Dikarya_Ascomycota_Saccharomycotina_Saccharomycetes_Saccharomycetales_Saccharomyces_cerevisiae_baker_s_yeast, Node1652*)",1413,-1.025729859990542e-17,0.65757518761626399,c1
"(Eukaryota_Opisthokonta_Nucletmycea_Fungi_Dikarya_Ascomycota_Saccharomycotina_Saccharomycetes_Saccharomycetales_Saccharomyces_cerevisiae_baker_s_yeast, Node1652*)",1414,0.95863435526525076,0.65757518761626399,c1
"(Eukaryota_Opisthokonta_Nucletmycea_Fungi_Dikarya_Ascomycota_Saccharomycotina_Saccharomycetes_Saccharomycetales_Saccharomyces_cerevisiae_baker_s_yeast, Node1652*)",1416,-1.082975962751682e-17,0.65757518761626399,c1
"(Eukaryota_Opisthokonta_Nucletmycea_Fungi_Dikarya_Ascomycota_Saccharomycotina_Saccharomycetes_Saccharomycetales_Saccharomyces_cerevisiae_baker_s_yeast, Node1652*)",1417,0.95863435526525076,0.65757518761626399,c1
"(Eukaryota_Opisthokonta_Nucletmycea_Fungi_Dikarya_Ascomycota_Saccharomycotina_Saccharomycetes_Saccharomycetales_Saccharomyces_cerevisiae_baker_s_yeast, Node1652*)",1418,1.6371415385785282,0.65757518761626399,c1
"(Eukaryota_Opisthokonta_Nucletmycea_Fungi_Dikarya_Ascomycota_Saccharomycotina_Saccharomycetes_Saccharomycetales_Saccharomyces_cerevisiae_baker_s_yeast, Node1652*)",1419,0.54414759141414049,0.65757518761626399,c1
"(Eukaryota_Opisthokonta_Nucletmycea_Fungi_Dikarya_Ascomycota_Saccharomycotina_Saccharomycetes_Saccharomycetales_Saccharomyces_cerevisiae_baker_s_yeast, Node1652*)",1420,8.0297597697208888e-18,0.65757518761626399,c1
"(Eukaryota_Opisthokonta_Nucletmycea_Fungi_Dikarya_Ascomycota_Saccharomycotina_Saccharomycetes_Saccharomycetales_Saccharomyces_cerevisiae_baker_s_yeast, Node1652*)",1421,0.95863435526525076,0.65757518761626399,c1
"(Eukaryota_Opisthokonta_Nucletmycea_Fungi_Dikarya_Ascomycota_Saccharomycotina_Saccharomycetes_Saccharomycetales_Saccharomyces_cerevisiae_baker_s_yeast, Node1652*)",1422,0.95863435526525076,0.65757518761626399,c1
"(Eukaryota_Opisthokonta_Nucletmycea_Fungi_Dikarya_Ascomycota_Saccharomycotina_Saccharomycetes_Saccharomycetales_Saccharomyces_cerevisiae_baker_s_yeast, Node1652*)",1424,1.6371415385785282,0.65757518761626399,c1
"(Eukaryota_Opisthokonta_Nucletmycea_Fungi_Dikarya_Ascomycota_Saccharomycotina_Saccharomycetes_Saccharomycetales_Saccharomyces_cerevisiae_baker_s_yeast, Node1652*)",1425,0.95863435526525076,0.65757518761626399,c1
"(Eukaryota_Opisthokonta_Nucletmycea_Fungi_Dikarya_Ascomycota_Saccharomycotina_Saccharomycetes_Saccharomycetales_Saccharomyces_cerevisiae_baker_s_yeast, Node1652*)",1426,-2.9306890133841228e-18,0.65757518761626399,c1
"(Eukaryota_Opisthokonta_Nucletmycea_Fungi_Dikarya_Ascomycota_Saccharomycotina_Saccharomycetes_Saccharomycetales_Saccharomyces_cerevisiae_baker_s_yeast, Node1652*)",1427,-1.0286746548619791e-17,0.65757518761626399,c1
"(Eukaryota_Opisthokonta_Nucletmycea_Fungi_Dikarya_Ascomycota_Saccharomycotina_Saccharomycetes_Saccharomycetales_Saccharomyces_cerevisiae_baker_s_yeast, Node1652*)",1428,1.6371415385785282,0.65757518761626399,c1
"(Eukaryota_Opisthokonta_Nucletmycea_Fungi_Dikarya_Ascomycota_Saccharomycotina_Saccharomycetes_Saccharomycetales_Saccharomyces_cerevisiae_baker_s_yeast, Node1652*)",1429,-1.0359112547039982e-17,0.65757518761626399,c1
"(Eukaryota_Opisthokonta_Nucletmycea_Fungi_Dikarya_Ascomycota_Saccharomycotina_Saccharomycetes_Saccharomycetales_Saccharomyces_cerevisiae_baker_s_yeast, Node1652*)",1430,-1.0764513711194937e-17,0.65757518761626399,c1
"(Eukaryota_Opisthokonta_Nucletmycea_Fungi_Dikarya_Ascomycota_Saccharomycotina_Saccharomycetes_Saccharomycetales_Saccharomyces_cerevisiae_baker_s_yeast, Node1652*)",1431,0.54414759141414049,0.65757518761626399,c1
"(Eukaryota_Opisthokonta_Nucletmycea_Fungi_Dikarya_Ascomycota_Saccharomycotina_Saccharomycetes_Saccharomycetales_Saccharomyces_cerevisiae_baker_s_yeast, Node1652*)",1432,0.95863435526525076,0.65757518761626399,c1
"(Eukaryota_Opisthokonta_Nucletmycea_Fungi_Dikarya_Ascomycota_Saccharomycotina_Saccharomycetes_Saccharomycetales_Saccharomyces_cerevisiae_baker_s_yeast, Node1652*)",1433,-6.515837306730665e-18,0.65757518761626399,c1
"(Eukaryota_Opisthokonta_Nucletmycea_Fungi_Dikarya_Ascomycota_Saccharomycotina_Saccharomycetes_Saccharomycetales_Saccharomyces_cerevisiae_baker_s_yeast, Node1652*)",1434,-1.0866114996776767e-17,0.65757518761626399,c1
"(Eukaryota_Opisthokonta_Nucletmycea_Fungi_Dikarya_Ascomycota_Saccharomycotina_Saccharomycetes_Saccharomycetales_Saccharomyces_cerevisiae_baker_s_yeast, Node1652*)",1435,0.95863435526525076,0.65757518761626399,c1
"(Eukaryota_Opisthokonta_Nucletmycea_Fungi_Dikarya_Ascomycota_Saccharomycotina_Saccharomycetes_Saccharomycetales_Saccharomyces_cerevisiae_baker_s_yeast, Node1652*)",1436,0.95863435526525076,0.65757518761626399,c1
"(Eukaryota_Opisthokonta_Nucletmycea_Fungi_Dikarya_Ascomycota_Saccharomycotina_Saccharomycetes_Saccharomycetales_Saccharomyces_cerevisiae_baker_s_yeast, Node1652*)",1437,-1.0569152872114382e-17,0.65757518761626399,c1
"(Eukaryota_Opisthokonta_Nucletmycea_Fungi_Dikarya_Ascomycota_Saccharomycotina_Saccharomycetes_Saccharomycetales_Saccharomyces_cerevisiae_baker_s_yeast, Node1652*)",1438,0.95863435526525076,0.65757518761626399,c1
"(Eukaryota_Opisthokonta_Nucletmycea_Fungi_Dikarya_Ascomycota_Saccharomycotina_Saccharomycetes_Saccharomycetales_Saccharomyces_cerevisiae_baker_s_yeast, Node1652*)",1441,0.95863435526525076,0.65757518761626399,c1
"(Eukaryota_Opisthokonta_Nucletmycea_Fungi_Dikarya_Ascomycota_Saccharomycotina_Saccharomycetes_Saccharomycetales_Saccharomyces_cerevisiae_baker_s_yeast, Node1652*)",1442,-7.7959800723807996e-18,0.65757518761626399,c1
"(Eukaryota_Opisthokonta_Nucletmycea_Fungi_Dikarya_Ascomycota_Saccharomycotina_Saccharomycetes_Saccharomycetales_Saccharomyces_cerevisiae_baker_s_yeast, Node1652*)",1443,0.95863435526525076,0.65757518761626399,c1
"(Eukaryota_Opisthokonta_Nucletmycea_Fungi_Dikarya_Ascomycota_Saccharomycotina_Saccharomycetes_Saccharomycetales_Saccharomyces_cerevisiae_baker_s_yeast, Node1652*)",1444,0.54414759141414049,0.65757518761626399,c1
"(Eukaryota_Opisthokonta_Nucletmycea_Fungi_Dikarya_Ascomycota_Saccharomycotina_Saccharomycetes_Saccharomycetales_Saccharomyces_cerevisiae_baker_s_yeast, Node1652*)",1447,-1.0697210265624532e-17,0.65757518761626399,c1
"(Eukaryota_Opisthokonta_Nucletmycea_Fungi_Dikarya_Ascomycota_Saccharomycotina_Saccharomycetes_Saccharomycetales_Saccharomyces_cerevisiae_baker_s_yeast, Node1652*)",1448,0.95863435526525076,0.65757518761626399,c1
"(Eukaryota_Opisthokonta_Nucletmycea_Fungi_Dikarya_Ascomycota_Saccharomycotina_Saccharomycetes_Saccharomycetales_Saccharomyces_cerevisiae_baker_s_yeast, Node1652*)",1449,-1.0754579208296116e-17,0.65757518761626399,c1
"(Eukaryota_Opisthokonta_Nucletmycea_Fungi_Dikarya_Ascomycota_Saccharomycotina_Saccharomycetes_Saccharomycetales_Saccharomyces_cerevisiae_baker_s_yeast, Node1652*)",1454,-1.0828095368313633e-17,0.65757518761626399,c1
"(Eukaryota_Opisthokonta_Nucletmycea_Fungi_Dikarya_Ascomycota_Saccharomycotina_Saccharomycetes_Saccharomycetales_Saccharomyces_cerevisiae_baker_s_yeast, Node1652*)",1455,-1.0803502538632175e-17,0.65757518761626399,c1
"(Eukaryota_Opisthokonta_Nucletmycea_Fungi_Dikarya_Ascomycota_Saccharomycotina_Saccharomycetes_Saccharomycetales_Saccharomyces_cerevisiae_baker_s_yeast, Node1652*)",1456,0.54414759141414049,0.65757518761626399,c1
"(Eukaryota_Opisthokonta_Nucletmycea_Fungi_Dikarya_Ascomycota_Saccharomycotina_Saccharomycetes_Saccharomycetales_Saccharomyces_cerevisiae_baker_s_yeast, Node1652*)",1457,0.54414759141414049,0.65757518761626399,c1
"(Eukaryota_Opisthokonta_Nucletmycea_Fungi_Dikarya_Ascomycota_Saccharomycotina_Saccharomycetes_Saccharomycetales_Saccharomyces_cerevisiae_baker_s_yeast, Node1652*)",1458,8.2301920448762419e-18,0.65757518761626399,c1
"(Eukaryota_Opisthokonta_Nucletmycea_Fungi_Dikarya_Ascomycota_Saccharomycotina_Saccharomycetes_Saccharomycetales_Saccharomyces_cerevisiae_baker_s_yeast, Node1652*)",1459,5.7479398386220634e-18,0.65757518761626399,c1
"(Eukaryota_Opisthokonta_Nucletmycea_Fungi_Dikarya_Ascomycota_Saccharomycotina_Saccharomycetes_Saccharomycetales_Saccharomyces_cerevisiae_baker_s_yeast, Node1652*)",1460,0.95863435526525076,0.65757518761626399,c1
"(Eukaryota_Opisthokonta_Nucletmycea_Fungi_Dikarya_Ascomycota_Saccharomycotina_Saccharomycetes_Saccharomycetales_Saccharomyces_cerevisiae_baker_s_yeast, Node1652*)",1465,0.54414759141414049,0.65757518761626399,c1
"(Eukaryota_Opisthokonta_Nucletmycea_Fungi_Dikarya_Ascomycota_Saccharomycotina_Saccharomycetes_Saccharomycetales_Saccharomyces_cerevisiae_baker_s_yeast, Node1652*)",1466,0.54414759141414049,0.65757518761626399,c1
"(Eukaryota_Opisthokonta_Nucletmycea_Fungi_Dikarya_Ascomycota_Saccharomycotina_Saccharomycetes_Saccharomycetales_Saccharomyces_cerevisiae_baker_s_yeast, Node1652*)",1467,1.6371415385785282,0.65757518761626399,c1
"(Eukaryota_Opisthokonta_Nucletmycea_Fungi_Dikarya_Ascomycota_Saccharomycotina_Saccharomycetes_Saccharomycetales_Saccharomyces_cerevisiae_baker_s_yeast, Node1652*)",1468,0.95863435526525076,0.65757518761626399,c1
"(Eukaryota_Opisthokonta_Nucletmycea_Fungi_Dikarya_Ascomycota_Saccharomycotina_Saccharomycetes_Saccharomycetales_Saccharomyces_cerevisiae_baker_s_yeast, Node1652*)",1469,0.54414759141414049,0.65757518761626399,c1
"(Eukaryota_Opisthokonta_Nucletmycea_Fungi_Dikarya_Ascomycota_Saccharomycotina_Saccharomycetes_Saccharomycetales_Saccharomyces_cerevisiae_baker_s_yeast, Node1652*)",1470,0.54414759141414049,0.65757518761626399,c1
"(Eukaryota_Opisthokonta_Nucletmycea_Fungi_Dikarya_Ascomycota_Saccharomycotina_Saccharomycetes_Saccharomycetales_Saccharomyces_cerevisiae_baker_s_yeast, Node1652*)",1471,1.6371415385785282,0.65757518761626399,c1
"(Eukaryota_Opisthokonta_Nucletmycea_Fungi_Dikarya_Ascomycota_Saccharomycotina_Saccharomycetes_Saccharomycetales_Saccharomyces_cerevisiae_baker_s_yeast, Node1652*)",1472,0.95863435526525076,0.65757518761626399,c1
"(Eukaryota_Opisthokonta_Nucletmycea_Fungi_Dikarya_Ascomycota_Saccharomycotina_Saccharomycetes_Saccharomycetales_Saccharomyces_cerevisiae_baker_s_yeast, Node1652*)",1473,0.54414759141414049,0.65757518761626399,c1
"(Eukaryota_Opisthokonta_Nucletmycea_Fungi_Dikarya_Ascomycota_Saccharomycotina_Saccharomycetes_Saccharomycetales_Saccharomyces_cerevisiae_baker_s_yeast, Node1652*)",1474,0.95863435526525076,0.65757518761626399,c1
"(Eukaryota_Opisthokonta_Nucletmycea_Fungi_Dikarya_Ascomycota_Saccharomycotina_Saccharomycetes_Saccharomycetales_Saccharomyces_cerevisiae_baker_s_yeast, Node1652*)",1475,0.54414759141414049,0.65757518761626399,c1
"(Eukaryota_Opisthokonta_Nucletmycea_Fungi_Dikarya_Ascomycota_Saccharomycotina_Saccharomycetes_Saccharomycetales_Saccharomyces_cerevisiae_baker_s_yeast, Node1652*)",1476,1.6371415385785282,0.65757518761626399,c1
"(Eukaryota_Opisthokonta_Nucletmycea_Fungi_Dikarya_Ascomycota_Saccharomycotina_Saccharomycetes_Saccharomycetales_Saccharomyces_cerevisiae_baker_s_yeast, Node1652*)",1477,1.6371415385785282,0.65757518761626399,c1
"(Eukaryota_Opisthokonta_Nucletmycea_Fungi_Dikarya_Ascomycota_Saccharomycotina_Saccharomycetes_Saccharomycetales_Saccharomyces_cerevisiae_baker_s_yeast, Node1652*)",1478,-1.0813166617665053e-17,0.65757518761626399,c1
"(Eukaryota_Opisthokonta_Nucletmycea_Fungi_Dikarya_Ascomycota_Saccharomycotina_Saccharomycetes_Saccharomycetales_Saccharomyces_cerevisiae_baker_s_yeast, Node1652*)",1491,8.2448074666160779e-18,0.65757518761626399,c1
"(Eukaryota_Opisthokonta_Nucletmycea_Fungi_Dikarya_Ascomycota_Saccharomycotina_Saccharomycetes_Saccharomycetales_Saccharomyces_cerevisiae_baker_s_yeast, Node1652*)",1492,0.54414759141414049,0.65757518761626399,c1
"(Eukaryota_Opisthokonta_Nucletmycea_Fungi_Dikarya_Ascomycota_Saccharomycotina_Saccharomycetes_Saccharomycetales_Saccharomyces_cerevisiae_baker_s_yeast, Node1652*)",1525,8.2427246272320887e-18,0.65757518761626399,c1
"(Eukaryota_Opisthokonta_Nucletmycea_Fungi_Dikarya_Ascomycota_Saccharomycotina_Saccharomycetes_Saccharomycetales_Saccharomyces_cerevisiae_baker_s_yeast, Node1652*)",1526,1.6371415385785282,0.65757518761626399,c1
"(Eukaryota_Opisthokonta_Nucletmycea_Fungi_Dikarya_Ascomycota_Saccharomycotina_Saccharomycetes_Saccharomycetales_Saccharomyces_cerevisiae_baker_s_yeast, Node1652*)",1535,0.54414759141414049,0.65757518761626399,c1
"(Eukaryota_Opisthokonta_Nucletmycea_Fungi_Dikarya_Ascomycota_Saccharomycotina_Saccharomycetes_Saccharomycetales_Saccharomyces_cerevisiae_baker_s_yeast, Node1652*)",1536,1.6371415385785282,0.65757518761626399,c1
"(Eukaryota_Opisthokonta_Nucletmycea_Fungi_Dikarya_Ascomycota_Saccharomycotina_Saccharomycetes_Saccharomycetales_Saccharomyces_cerevisiae_baker_s_yeast, Node1652*)",1538,0.54414759141414049,0.65757518761626399,c1
"(Eukaryota_Opisthokonta_Nucletmycea_Fungi_Dikarya_Ascomycota_Saccharomycotina_Saccharomycetes_Saccharomycetales_Saccharomyces_cerevisiae_baker_s_yeast, Node1652*)",1555,-9.7079344087733484e-18,0.65757518761626399,c1
"(Eukaryota_Opisthokonta_Nucletmycea_Fungi_Dikarya_Ascomycota_Saccharomycotina_Saccharomycetes_Saccharomycetales_Saccharomyces_cerevisiae_baker_s_yeast, Node1652*)",1556,0.95863435526525076,0.65757518761626399,c1
"(Eukaryota_Opisthokonta_Nucletmycea_Fungi_Dikarya_Ascomycota_Saccharomycotina_Saccharomycetes_Saccharomycetales_Saccharomyces_cerevisiae_baker_s_yeast, Node1652*)",1557,0.95863435526525076,0.65757518761626399,c1
"(Eukaryota_Opisthokonta_Nucletmycea_Fungi_Dikarya_Ascomycota_Saccharomycotina_Saccharomycetes_Saccharomycetales_Saccharomyces_cerevisiae_baker_s_yeast, Node1652*)",1558,0.54414759141414049,0.65757518761626399,c1
"(Eukaryota_Opisthokonta_Nucletmycea_Fungi_Dikarya_Ascomycota_Saccharomycotina_Saccharomycetes_Saccharomycetales_Saccharomyces_cerevisiae_baker_s_yeast, Node1652*)",1559,0.54414759141414049,0.65757518761626399,c1
"(Eukaryota_Opisthokonta_Nucletmycea_Fungi_Dikarya_Ascomycota_Saccharomycotina_Saccharomycetes_Saccharomycetales_Saccharomyces_cerevisiae_baker_s_yeast, Node1652*)",1560,0.95863435526525076,0.65757518761626399,c1
"(Eukaryota_Opisthokonta_Nucletmycea_Fungi_Dikarya_Ascomycota_Saccharomycotina_Saccharomycetes_Saccharomycetales_Saccharomyces_cerevisiae_baker_s_yeast, Node1652*)",1561,-7.2799854255804121e-18,0.65757518761626399,c1
"(Eukaryota_Opisthokonta_Nucletmycea_Fungi_Dikarya_Ascomycota_Saccharomycotina_Saccharomycetes_Saccharomycetales_Saccharomyces_cerevisiae_baker_s_yeast, Node1652*)",1565,0.54414759141414049,0.65757518761626399,c1
"(Eukaryota_Opisthokonta_Nucletmycea_Fungi_Dikarya_Ascomycota_Saccharomycotina_Saccharomycetes_Saccharomycetales_Saccharomyces_cerevisiae_baker_s_yeast, Node1652*)",1566,0.95863435526525076,0.65757518761626399,c1
"(Eukaryota_Opisthokonta_Nucletmycea_Fungi_Dikarya_Ascomycota_Saccharomycotina_Saccharomycetes_Saccharomycetales_Saccharomyces_cerevisiae_baker_s_yeast, Node1652*)",1567,0.95863435526525076,0.65757518761626399,c1
"(Eukaryota_Opisthokonta_Nucletmycea_Fungi_Dikarya_Ascomycota_Saccharomycotina_Saccharomycetes_Saccharomycetales_Saccharomyces_cerevisiae_baker_s_yeast, Node1652*)",1570,0.54414759141414049,0.65757518761626399,c1
"(Eukaryota_Opisthokonta_Nucletmycea_Fungi_Dikarya_Ascomycota_Saccharomycotina_Saccharomycetes_Saccharomycetales_Saccharomyces_cerevisiae_baker_s_yeast, Node1652*)",1572,0.54414759141414049,0.65757518761626399,c1
"(Eukaryota_Opisthokonta_Nucletmycea_Fungi_Dikarya_Ascomycota_Saccharomycotina_Saccharomycetes_Saccharomycetales_Saccharomyces_cerevisiae_baker_s_yeast, Node1652*)",1573,0.54414759141414049,0.65757518761626399,c1
"(Eukaryota_Opisthokonta_Nucletmycea_Fungi_Dikarya_Ascomycota_Saccharomycotina_Saccharomycetes_Saccharomycetales_Saccharomyces_cerevisiae_baker_s_yeast, Node1652*)",1574,1.6371415385785282,0.65757518761626399,c1
"(Eukaryota_Opisthokonta_Nucletmycea_Fungi_Dikarya_Ascomycota_Saccharomycotina_Saccharomycetes_Saccharomycetales_Saccharomyces_cerevisiae_baker_s_yeast, Node1652*)",1575,0.54414759141414049,0.65757518761626399,c1
"(Eukaryota_Opisthokonta_Nucletmycea_Fungi_Dikarya_Ascomycota_Saccharomycotina_Saccharomycetes_Saccharomycetales_Saccharomyces_cerevisiae_baker_s_yeast, Node1652*)",1576,0.95863435526525076,0.65757518761626399,c1
"(Eukaryota_Opisthokonta_Nucletmycea_Fungi_Dikarya_Ascomycota_Saccharomycotina_Saccharomycetes_Saccharomycetales_Saccharomyces_cerevisiae_baker_s_yeast, Node1652*)",1578,-1.0762786353831081e-17,0.65757518761626399,c1
"(Eukaryota_Opisthokonta_Nucletmycea_Fungi_Dikarya_Ascomycota_Saccharomycotina_Saccharomycetes_Saccharomycetales_Saccharomyces_cerevisiae_baker_s_yeast, Node1652*)",1579,-1.0886554220968302e-17,0.65757518761626399,c1
"(Eukaryota_Opisthokonta_Nucletmycea_Fungi_Dikarya_Ascomycota_Saccharomycotina_Saccharomycetes_Saccharomycetales_Saccharomyces_cerevisiae_baker_s_yeast, Node1652*)",1582,0.95863435526525076,0.65757518761626399,c1
"(Eukaryota_Opisthokonta_Nucletmycea_Fungi_Dikarya_Ascomycota_Saccharomycotina_Saccharomycetes_Saccharomycetales_Saccharomyces_cerevisiae_baker_s_yeast, Node1652*)",1583,6.2108877765008338e-18,0.65757518761626399,c1
"(Eukaryota_Opisthokonta_Nucletmycea_Fungi_Dikarya_Ascomycota_Saccharomycotina_Saccharomycetes_Saccharomycetales_Saccharomyces_cerevisiae_baker_s_yeast, Node1652*)",1585,0.54414759141414049,0.65757518761626399,c1
"(Eukaryota_Opisthokonta_Nucletmycea_Fungi_Dikarya_Ascomycota_Saccharomycotina_Saccharomycetes_Saccharomycetales_Saccharomyces_cerevisiae_baker_s_yeast, Node1652*)",1586,-4.5286307207964101e-18,0.65757518761626399,c1
"(Eukaryota_Opisthokonta_Nucletmycea_Fungi_Dikarya_Ascomycota_Saccharomycotina_Saccharomycetes_Saccharomycetales_Saccharomyces_cerevisiae_baker_s_yeast, Node1652*)",1587,0.95863435526525076,0.65757518761626399,c1
"(Eukaryota_Opisthokonta_Nucletmycea_Fungi_Dikarya_Ascomycota_Saccharomycotina_Saccharomycetes_Saccharomycetales_Saccharomyces_cerevisiae_baker_s_yeast, Node1652*)",1589,1.6371415385785282,0.65757518761626399,c1
"(Eukaryota_Opisthokonta_Nucletmycea_Fungi_Dikarya_Ascomycota_Saccharomycotina_Saccharomycetes_Saccharomycetales_Saccharomyces_cerevisiae_baker_s_yeast, Node1652*)",1590,1.6371415385785282,0.65757518761626399,c1
"(Eukaryota_Opisthokonta_Nucletmycea_Fungi_Dikarya_Ascomycota_Saccharomycotina_Saccharomycetes_Saccharomycetales_Saccharomyces_cerevisiae_baker_s_yeast, Node1652*)",1592,-5.4533643302087174e-18,0.65757518761626399,c1
"(Eukaryota_Opisthokonta_Nucletmycea_Fungi_Dikarya_Ascomycota_Saccharomycotina_Saccharomycetes_Saccharomycetales_Saccharomyces_cerevisiae_baker_s_yeast, Node1652*)",1593,0.54414759141414049,0.65757518761626399,c1
"(Eukaryota_Opisthokonta_Nucletmycea_Fungi_Dikarya_Ascomycota_Saccharomycotina_Saccharomycetes_Saccharomycetales_Saccharomyces_cerevisiae_baker_s_yeast, Node1652*)",1595,0.54414759141414049,0.65757518761626399,c1
"(Eukaryota_Opisthokonta_Nucletmycea_Fungi_Dikarya_Ascomycota_Saccharomycotina_Saccharomycetes_Saccharomycetales_Saccharomyces_cerevisiae_baker_s_yeast, Node1652*)",1602,0.95863435526525076,0.65757518761626399,c1
"(Eukaryota_Opisthokonta_Nucletmycea_Fungi_Dikarya_Ascomycota_Saccharomycotina_Saccharomycetes_Saccharomycetales_Saccharomyces_cerevisiae_baker_s_yeast, Node1652*)",1603,0.95863435526525076,0.65757518761626399,c1
"(Eukaryota_Opisthokonta_Nucletmycea_Fungi_Dikarya_Ascomycota_Saccharomycotina_Saccharomycetes_Saccharomycetales_Saccharomyces_cerevisiae_baker_s_yeast, Node1652*)",1604,0.95863435526525076,0.65757518761626399,c1
"(Eukaryota_Opisthokonta_Nucletmycea_Fungi_Dikarya_Ascomycota_Saccharomycotina_Saccharomycetes_Saccharomycetales_Saccharomyces_cerevisiae_baker_s_yeast, Node1652*)",1605,1.6371415385785282,0.65757518761626399,c1
"(Eukaryota_Opisthokonta_Nucletmycea_Fungi_Dikarya_Ascomycota_Saccharomycotina_Saccharomycetes_Saccharomycetales_Saccharomyces_cerevisiae_baker_s_yeast, Node1652*)",1607,0.95863435526525076,0.65757518761626399,c1
"(Eukaryota_Opisthokonta_Nucletmycea_Fungi_Dikarya_Ascomycota_Saccharomycotina_Saccharomycetes_Saccharomycetales_Saccharomyces_cerevisiae_baker_s_yeast, Node1652*)",1608,1.6371415385785282,0.65757518761626399,c1
"(Eukaryota_Opisthokonta_Nucletmycea_Fungi_Dikarya_Ascomycota_Saccharomycotina_Saccharomycetes_Saccharomycetales_Saccharomyces_cerevisiae_baker_s_yeast, Node1652*)",1609,0.54414759141414049,0.65757518761626399,c1
"(Eukaryota_Opisthokonta_Nucletmycea_Fungi_Dikarya_Ascomycota_Saccharomycotina_Saccharomycetes_Saccharomycetales_Saccharomyces_cerevisiae_baker_s_yeast, Node1652*)",1610,1.6371415385785282,0.65757518761626399,c1
"(Eukaryota_Opisthokonta_Nucletmycea_Fungi_Dikarya_Ascomycota_Saccharomycotina_Saccharomycetes_Saccharomycetales_Saccharomyces_cerevisiae_baker_s_yeast, Node1652*)",1611,0.95863435526525076,0.65757518761626399,c1
"(Eukaryota_Opisthokonta_Nucletmycea_Fungi_Dikarya_Ascomycota_Saccharomycotina_Saccharomycetes_Saccharomycetales_Saccharomyces_cerevisiae_baker_s_yeast, Node1652*)",1612,1.6371415385785282,0.65757518761626399,c1
"(Eukaryota_Opisthokonta_Nucletmycea_Fungi_Dikarya_Ascomycota_Saccharomycotina_Saccharomycetes_Saccharomycetales_Saccharomyces_cerevisiae_baker_s_yeast, Node1652*)",1614,1.6371415385785282,0.65757518761626399,c1
"(Eukaryota_Opisthokonta_Nucletmycea_Fungi_Dikarya_Ascomycota_Saccharomycotina_Saccharomycetes_Saccharomycetales_Saccharomyces_cerevisiae_baker_s_yeast, Node1652*)",1617,-9.9684148000863876e-18,0.65757518761626399,c1
"(Eukaryota_Opisthokonta_Nucletmycea_Fungi_Dikarya_Ascomycota_Saccharomycotina_Saccharomycetes_Saccharomycetales_Saccharomyces_cerevisiae_baker_s_yeast, Node1652*)",1618,0.54414759141414049,0.65757518761626399,c1
"(Eukaryota_Opisthokonta_Nucletmycea_Fungi_Dikarya_Ascomycota_Saccharomycotina_Saccharomycetes_Saccharomycetales_Saccharomyces_cerevisiae_baker_s_yeast, Node1652*)",1619,1.6371415385785282,0.65757518761626399,c1
"(Eukaryota_Opisthokonta_Nucletmycea_Fungi_Dikarya_Ascomycota_Saccharomycotina_Saccharomycetes_Saccharomycetales_Saccharomyces_cerevisiae_baker_s_yeast, Node1652*)",1620,0.54414759141414049,0.65757518761626399,c1
"(Eukaryota_Opisthokonta_Nucletmycea_Fungi_Dikarya_Ascomycota_Saccharomycotina_Saccharomycetes_Saccharomycetales_Saccharomyces_cerevisiae_baker_s_yeast, Node1652*)",1621,1.6371415385785282,0.65757518761626399,c1
"(Eukaryota_Opisthokonta_Nucletmycea_Fungi_Dikarya_Ascomycota_Saccharomycotina_Saccharomycetes_Saccharomycetales_Saccharomyces_cerevisiae_baker_s_yeast, Node1652*)",1622,6.2217771441183215e-18,0.65757518761626399,c1
"(Eukaryota_Opisthokonta_Nucletmycea_Fungi_Dikarya_Ascomycota_Saccharomycotina_Saccharomycetes_Saccharomycetales_Saccharomyces_cerevisiae_baker_s_yeast, Node1652*)",1623,0.95863435526525076,0.65757518761626399,c1
"(Eukaryota_Opisthokonta_Nucletmycea_Fungi_Dikarya_Ascomycota_Saccharomycotina_Saccharomycetes_Saccharomycetales_Saccharomyces_cerevisiae_baker_s_yeast, Node1652*)",1631,1.6371415385785282,0.65757518761626399,c1
"(Eukaryota_Opisthokonta_Nucletmycea_Fungi_Dikarya_Ascomycota_Saccharomycotina_Saccharomycetes_Saccharomycetales_Saccharomyces_cerevisiae_baker_s_yeast, Node1652*)",1632,0.54414759141414049,0.65757518761626399,c1
"(Eukaryota_Opisthokonta_Nucletmycea_Fungi_Dikarya_Ascomycota_Saccharomycotina_Saccharomycetes_Saccharomycetales_Saccharomyces_cerevisiae_baker_s_yeast, Node1652*)",1637,0.95863435526525076,0.65757518761626399,c1
"(Eukaryota_Opisthokonta_Nucletmycea_Fungi_Dikarya_Ascomycota_Saccharomycotina_Saccharomycetes_Saccharomycetales_Saccharomyces_cerevisiae_baker_s_yeast, Node1652*)",1644,-1.0886554220968302e-17,0.65757518761626399,c1
"(Eukaryota_Opisthokonta_Nucletmycea_Fungi_Dikarya_Ascomycota_Saccharomycotina_Saccharomycetes_Saccharomycetales_Saccharomyces_cerevisiae_baker_s_yeast, Node1652*)",1651,0.95863435526525076,0.65757518761626399,c1
"(Eukaryota_Opisthokonta_Nucletmycea_Fungi_Dikarya_Ascomycota_Saccharomycotina_Saccharomycetes_Saccharomycetales_Saccharomyces_cerevisiae_baker_s_yeast, Node1652*)",1654,0.54414759141414049,0.65757518761626399,c1
"(Eukaryota_Opisthokonta_Nucletmycea_Fungi_Dikarya_Ascomycota_Saccharomycotina_Saccharomycetes_Saccharomycetales_Saccharomyces_cerevisiae_baker_s_yeast, Node1652*)",1661,0.95863435526525076,0.65757518761626399,c1
"(Eukaryota_Opisthokonta_Nucletmycea_Fungi_Dikarya_Ascomycota_Saccharomycotina_Saccharomycetes_Saccharomycetales_Saccharomyces_cerevisiae_baker_s_yeast, Node1652*)",1662,0.95863435526525076,0.65757518761626399,c1
"(Eukaryota_Opisthokonta_Nucletmycea_Fungi_Dikarya_Ascomycota_Saccharomycotina_Saccharomycetes_Saccharomycetales_Saccharomyces_cerevisiae_baker_s_yeast, Node1652*)",1666,0.54414759141414049,0.65757518761626399,c1
"(Eukaryota_Opisthokonta_Nucletmycea_Fungi_Dikarya_Ascomycota_Saccharomycotina_Saccharomycetes_Saccharomycetales_Saccharomyces_cerevisiae_baker_s_yeast, Node1652*)",1668,1.6371415385785282,0.65757518761626399,c1
"(Eukaryota_Opisthokonta_Nucletmycea_Fungi_Dikarya_Ascomycota_Saccharomycotina_Saccharomycetes_Saccharomycetales_Saccharomyces_cerevisiae_baker_s_yeast, Node1652*)",1673,0.54414759141414049,0.65757518761626399,c1
"(Eukaryota_Opisthokonta_Nucletmycea_Fungi_Dikarya_Ascomycota_Saccharomycotina_Saccharomycetes_Saccharomycetales_Saccharomyces_cerevisiae_baker_s_yeast, Node1652*)",1674,0.54414759141414049,0.65757518761626399,c1
"(Eukaryota_Opisthokonta_Nucletmycea_Fungi_Dikarya_Ascomycota_Saccharomycotina_Saccharomycetes_Saccharomycetales_Saccharomyces_cerevisiae_baker_s_yeast, Node1652*)",1675,0.54414759141414049,0.65757518761626399,c1
"(Eukaryota_Opisthokonta_Nucletmycea_Fungi_Dikarya_Ascomycota_Saccharomycotina_Saccharomycetes_Saccharomycetales_Saccharomyces_cerevisiae_baker_s_yeast, Node1652*)",1682,1.6371415385785282,0.65757518761626399,c1
"(Eukaryota_Opisthokonta_Nucletmycea_Fungi_Dikarya_Ascomycota_Saccharomycotina_Saccharomycetes_Saccharomycetales_Saccharomyces_cerevisiae_baker_s_yeast, Node1652*)",1685,0.95863435526525076,0.65757518761626399,c1
"(Eukaryota_Opisthokonta_Nucletmycea_Fungi_Dikarya_Ascomycota_Saccharomycotina_Saccharomycetes_Saccharomycetales_Saccharomyces_cerevisiae_baker_s_yeast, Node1652*)",1687,6.6288809723263683e-18,0.65757518761626399,c1
"(Eukaryota_Opisthokonta_Nucletmycea_Fungi_Dikarya_Ascomycota_Saccharomycotina_Saccharomycetes_Saccharomycetales_Saccharomyces_cerevisiae_baker_s_yeast, Node1652*)",1689,0.95863435526525076,0.65757518761626399,c1
"(Eukaryota_Opisthokonta_Nucletmycea_Fungi_Dikarya_Ascomycota_Saccharomycotina_Saccharomycetes_Saccharomycetales_Saccharomyces_cerevisiae_baker_s_yeast, Node1652*)",1691,0.95863435526525076,0.65757518761626399,c1
"(Eukaryota_Opisthokonta_Nucletmycea_Fungi_Dikarya_Ascomycota_Saccharomycotina_Saccharomycetes_Saccharomycetales_Saccharomyces_cerevisiae_baker_s_yeast, Node1652*)",1692,0.54414759141414049,0.65757518761626399,c1
"(Eukaryota_Opisthokonta_Nucletmycea_Fungi_Dikarya_Ascomycota_Saccharomycotina_Saccharomycetes_Saccharomycetales_Saccharomyces_cerevisiae_baker_s_yeast, Node1652*)",1693,-1.08314725743852e-17,0.65757518761626399,c1
"(Eukaryota_Opisthokonta_Nucletmycea_Fungi_Dikarya_Ascomycota_Saccharomycotina_Saccharomycetes_Saccharomycetales_Saccharomyces_cerevisiae_baker_s_yeast, Node1652*)",1695,0.95863435526525076,0.65757518761626399,c1
"(Eukaryota_Opisthokonta_Nucletmycea_Fungi_Dikarya_Ascomycota_Saccharomycotina_Saccharomycetes_Saccharomycetales_Saccharomyces_cerevisiae_baker_s_yeast, Node1652*)",1700,-1.0831170629816283e-17,0.65757518761626399,c1
"(Eukaryota_Opisthokonta_Nucletmycea_Fungi_Dikarya_Ascomycota_Saccharomycotina_Saccharomycetes_Saccharomycetales_Saccharomyces_cerevisiae_baker_s_yeast, Node1652*)",1701,-1.0830280616433027e-17,0.65757518761626399,c1
"(Eukaryota_Opisthokonta_Nucletmycea_Fungi_Dikarya_Ascomycota_Saccharomycotina_Saccharomycetes_Saccharomycetales_Saccharomyces_cerevisiae_baker_s_yeast, Node1652*)",1702,0.95863435526525076,0.65757518761626399,c1
"(Eukaryota_Opisthokonta_Nucletmycea_Fungi_Dikarya_Ascomycota_Saccharomycotina_Saccharomycetes_Saccharomycetales_Saccharomyces_cerevisiae_baker_s_yeast, Node1652*)",1704,0.54414759141414049,0.65757518761626399,c1
"(Eukaryota_Opisthokonta_Nucletmycea_Fungi_Dikarya_Ascomycota_Saccharomycotina_Saccharomycetes_Saccharomycetales_Saccharomyces_cerevisiae_baker_s_yeast, Node1652*)",1705,0.54414759141414049,0.65757518761626399,c1
"(Eukaryota_Opisthokonta_Nucletmycea_Fungi_Dikarya_Ascomycota_Saccharomycotina_Saccharomycetes_Saccharomycetales_Saccharomyces_cerevisiae_baker_s_yeast, Node1652*)",1709,8.0077403739726854e-18,0.65757518761626399,c1
"(Eukaryota_Opisthokonta_Nucletmycea_Fungi_Dikarya_Ascomycota_Saccharomycotina_Saccharomycetes_Saccharomycetales_Saccharomyces_cerevisiae_baker_s_yeast, Node1652*)",1714,1.6371415385785282,0.65757518761626399,c1
"(Eukaryota_Opisthokonta_Nucletmycea_Fungi_Dikarya_Ascomycota_Saccharomycotina_Saccharomycetes_Saccharomycetales_Saccharomyces_cerevisiae_baker_s_yeast, Node1652*)",1716,-1.0813076541001122e-17,0.65757518761626399,c1
"(Eukaryota_Opisthokonta_Nucletmycea_Fungi_Dikarya_Ascomycota_Saccharomycotina_Saccharomycetes_Saccharomycetales_Saccharomyces_cerevisiae_baker_s_yeast, Node1652*)",1717,1.6371415385785282,0.65757518761626399,c1
"(Eukaryota_Opisthokonta_Nucletmycea_Fungi_Dikarya_Ascomycota_Saccharomycotina_Saccharomycetes_Saccharomycetales_Saccharomyces_cerevisiae_baker_s_yeast, Node1652*)",1718,0.54414759141414049,0.65757518761626399,c1
"(Eukaryota_Opisthokonta_Nucletmycea_Fungi_Dikarya_Ascomycota_Saccharomycotina_Saccharomycetes_Saccharomycetales_Saccharomyces_cerevisiae_baker_s_yeast, Node1652*)",1719,0.54414759141414049,0.65757518761626399,c1
"(Eukaryota_Opisthokonta_Nucletmycea_Fungi_Dikarya_Ascomycota_Saccharomycotina_Saccharomycetes_Saccharomycetales_Saccharomyces_cerevisiae_baker_s_yeast, Node1652*)",1720,1.6371415385785282,0.65757518761626399,c1
"(Eukaryota_Opisthokonta_Nucletmycea_Fungi_Dikarya_Ascomycota_Saccharomycotina_Saccharomycetes_Saccharomycetales_Saccharomyces_cerevisiae_baker_s_yeast, Node1652*)",1723,0.95863435526525076,0.65757518761626399,c1
"(Eukaryota_Opisthokonta_Nucletmycea_Fungi_Dikarya_Ascomycota_Saccharomycotina_Saccharomycetes_Saccharomycetales_Saccharomyces_cerevisiae_baker_s_yeast, Node1652*)",1724,0.95863435526525076,0.65757518761626399,c1
"(Eukaryota_Opisthokonta_Nucletmycea_Fungi_Dikarya_Ascomycota_Saccharomycotina_Saccharomycetes_Saccharomycetales_Saccharomyces_cerevisiae_baker_s_yeast, Node1652*)",1725,0.54414759141414049,0.65757518761626399,c1
"(Eukaryota_Opisthokonta_Nucletmycea_Fungi_Dikarya_Ascomycota_Saccharomycotina_Saccharomycetes_Saccharomycetales_Saccharomyces_cerevisiae_baker_s_yeast, Node1652*)",1726,0.54414759141414049,0.65757518761626399,c1
"(Eukaryota_Opisthokonta_Nucletmycea_Fungi_Dikarya_Ascomycota_Saccharomycotina_Saccharomycetes_Saccharomycetales_Saccharomyces_cerevisiae_baker_s_yeast, Node1652*)",1727,6.2329415509733397e-18,0.65757518761626399,c1
"(Eukaryota_Opisthokonta_Nucletmycea_Fungi_Dikarya_Ascomycota_Saccharomycotina_Saccharomycetes_Saccharomycetales_Saccharomyces_cerevisiae_baker_s_yeast, Node1652*)",1730,1.6371415385785282,0.65757518761626399,c1
"(Eukaryota_Opisthokonta_Nucletmycea_Fungi_Dikarya_Ascomycota_Saccharomycotina_Saccharomycetes_Saccharomycetales_Saccharomyces_cerevisiae_baker_s_yeast, Node1652*)",1731,-1.0624209213142671e-17,0.65757518761626399,c1
"(Eukaryota_Opisthokonta_Nucletmycea_Fungi_Dikarya_Ascomycota_Saccharomycotina_Saccharomycetes_Saccharomycetales_Saccharomyces_cerevisiae_baker_s_yeast, Node1652*)",1732,0.54414759141414049,0.65757518761626399,c1
"(Eukaryota_Opisthokonta_Nucletmycea_Fungi_Dikarya_Ascomycota_Saccharomycotina_Saccharomycetes_Saccharomycetales_Saccharomyces_cerevisiae_baker_s_yeast, Node1652*)",1733,0.95863435526525076,0.65757518761626399,c1
"(Eukaryota_Opisthokonta_Nucletmycea_Fungi_Dikarya_Ascomycota_Saccharomycotina_Saccharomycetes_Saccharomycetales_Saccharomyces_cerevisiae_baker_s_yeast, Node1652*)",1734,-5.025481328924134e-18,0.65757518761626399,c1
"(Eukaryota_Opisthokonta_Nucletmycea_Fungi_Dikarya_Ascomycota_Saccharomycotina_Saccharomycetes_Saccharomycetales_Saccharomyces_cerevisiae_baker_s_yeast, Node1652*)",1735,0.54414759141414049,0.65757518761626399,c1
"(Eukaryota_Opisthokonta_Nucletmycea_Fungi_Dikarya_Ascomycota_Saccharomycotina_Saccharomycetes_Saccharomycetales_Saccharomyces_cerevisiae_baker_s_yeast, Node1652*)",1736,0.54414759141414049,0.65757518761626399,c1
"(Eukaryota_Opisthokonta_Nucletmycea_Fungi_Dikarya_Ascomycota_Saccharomycotina_Saccharomycetes_Saccharomycetales_Saccharomyces_cerevisiae_baker_s_yeast, Node1652*)",1738,1.6371415385785282,0.65757518761626399,c1
"(Eukaryota_Opisthokonta_Nucletmycea_Fungi_Dikarya_Ascomycota_Saccharomycotina_Saccharomycetes_Saccharomycetales_Saccharomyces_cerevisiae_baker_s_yeast, Node1652*)",1739,0.95863435526525076,0.65757518761626399,c1
"(Eukaryota_Opisthokonta_Nucletmycea_Fungi_Dikarya_Ascomycota_Saccharomycotina_Saccharomycetes_Saccharomycetales_Saccharomyces_cerevisiae_baker_s_yeast, Node1652*)",1744,1.550639168743098e-18,0.65757518761626399,c1
"(Eukaryota_Opisthokonta_Nucletmycea_Fungi_Dikarya_Ascomycota_Saccharomycotina_Saccharomycetes_Saccharomycetales_Saccharomyces_cerevisiae_baker_s_yeast, Node1652*)",1745,1.6371415385785282,0.65757518761626399,c1
"(Eukaryota_Opisthokonta_Nucletmycea_Fungi_Dikarya_Ascomycota_Saccharomycotina_Saccharomycetes_Saccharomycetales_Saccharomyces_cerevisiae_baker_s_yeast, Node1652*)",1746,0.54414759141414049,0.65757518761626399,c1
"(Eukaryota_Opisthokonta_Nucletmycea_Fungi_Dikarya_Ascomycota_Saccharomycotina_Saccharomycetes_Saccharomycetales_Saccharomyces_cerevisiae_baker_s_yeast, Node1652*)",1750,0.54414759141414049,0.65757518761626399,c1
"(Eukaryota_Opisthokonta_Nucletmycea_Fungi_Dikarya_Ascomycota_Saccharomycotina_Saccharomycetes_Saccharomycetales_Saccharomyces_cerevisiae_baker_s_yeast, Node1652*)",1756,1.6371415385785282,0.65757518761626399,c1
"(Eukaryota_Opisthokonta_Nucletmycea_Fungi_Dikarya_Ascomycota_Saccharomycotina_Saccharomycetes_Saccharomycetales_Saccharomyces_cerevisiae_baker_s_yeast, Node1652*)",1757,0.95863435526525076,0.65757518761626399,c1
"(Eukaryota_Opisthokonta_Nucletmycea_Fungi_Dikarya_Ascomycota_Saccharomycotina_Saccharomycetes_Saccharomycetales_Saccharomyces_cerevisiae_baker_s_yeast, Node1652*)",1759,-9.7342736614264087e-18,0.65757518761626399,c1
"(Eukaryota_Opisthokonta_Nucletmycea_Fungi_Dikarya_Ascomycota_Saccharomycotina_Saccharomycetes_Saccharomycetales_Saccharomyces_cerevisiae_baker_s_yeast, Node1652*)",1760,0.95863435526525076,0.65757518761626399,c1
"(Eukaryota_Opisthokonta_Nucletmycea_Fungi_Dikarya_Ascomycota_Saccharomycotina_Saccharomycetes_Saccharomycetales_Saccharomyces_cerevisiae_baker_s_yeast, Node1652*)",1761,0.54414759141414049,0.65757518761626399,c1
"(Eukaryota_Opisthokonta_Nucletmycea_Fungi_Dikarya_Ascomycota_Saccharomycotina_Saccharomycetes_Saccharomycetales_Saccharomyces_cerevisiae_baker_s_yeast, Node1652*)",1762,-7.8546913847667371e-18,0.65757518761626399,c1
"(Eukaryota_Opisthokonta_Nucletmycea_Fungi_Dikarya_Ascomycota_Saccharomycotina_Saccharomycetes_Saccharomycetales_Saccharomyces_cerevisiae_baker_s_yeast, Node1652*)",1763,-1.0127568926765765e-17,0.65757518761626399,c1
"(Eukaryota_Opisthokonta_Nucletmycea_Fungi_Dikarya_Ascomycota_Saccharomycotina_Saccharomycetes_Saccharomycetales_Saccharomyces_cerevisiae_baker_s_yeast, Node1652*)",1765,1.6371415385785282,0.65757518761626399,c1
"(Eukaryota_Opisthokonta_Nucletmycea_Fungi_Dikarya_Ascomycota_Saccharomycotina_Saccharomycetes_Saccharomycetales_Saccharomyces_cerevisiae_baker_s_yeast, Node1652*)",1766,0.95863435526525076,0.65757518761626399,c1
"(Eukaryota_Opisthokonta_Nucletmycea_Fungi_Dikarya_Ascomycota_Saccharomycotina_Saccharomycetes_Saccharomycetales_Saccharomyces_cerevisiae_baker_s_yeast, Node1652*)",1767,5.7679305199224746e-18,0.65757518761626399,c1
"(Eukaryota_Opisthokonta_Nucletmycea_Fungi_Dikarya_Ascomycota_Saccharomycotina_Saccharomycetes_Saccharomycetales_Saccharomyces_cerevisiae_baker_s_yeast, Node1652*)",1768,1.6371415385785282,0.65757518761626399,c1
"(Eukaryota_Opisthokonta_Nucletmycea_Fungi_Dikarya_Ascomycota_Saccharomycotina_Saccharomycetes_Saccharomycetales_Saccharomyces_cerevisiae_baker_s_yeast, Node1652*)",1769,1.6371415385785282,0.65757518761626399,c1
"(Eukaryota_Opisthokonta_Nucletmycea_Fungi_Dikarya_Ascomycota_Saccharomycotina_Saccharomycetes_Saccharomycetales_Saccharomyces_cerevisiae_baker_s_yeast, Node1652*)",1770,1.6371415385785282,0.65757518761626399,c1
"(Eukaryota_Opisthokonta_Nucletmycea_Fungi_Dikarya_Ascomycota_Saccharomycotina_Saccharomycetes_Saccharomycetales_Saccharomyces_cerevisiae_baker_s_yeast, Node1652*)",1771,6.2178950118338604e-18,0.65757518761626399,c1
"(Eukaryota_Opisthokonta_Nucletmycea_Fungi_Dikarya_Ascomycota_Saccharomycotina_Saccharomycetes_Saccharomycetales_Saccharomyces_cerevisiae_baker_s_yeast, Node1652*)",1772,0.95863435526525076,0.65757518761626399,c1
"(Eukaryota_Opisthokonta_Nucletmycea_Fungi_Dikarya_Ascomycota_Saccharomycotina_Saccharomycetes_Saccharomycetales_Saccharomyces_cerevisiae_baker_s_yeast, Node1652*)",1773,1.6371415385785282,0.65757518761626399,c1
"(Eukaryota_Opisthokonta_Nucletmycea_Fungi_Dikarya_Ascomycota_Saccharomycotina_Saccharomycetes_Saccharomycetales_Saccharomyces_cerevisiae_baker_s_yeast, Node1652*)",1776,-5.8112216221041563e-18,0.65757518761626399,c1
"(Eukaryota_Opisthokonta_Nucletmycea_Fungi_Dikarya_Ascomycota_Saccharomycotina_Saccharomycetes_Saccharomycetales_Saccharomyces_cerevisiae_baker_s_yeast, Node1652*)",1777,4.0835673098753121e-18,0.65757518761626399,c1
"(Eukaryota_Opisthokonta_Nucletmycea_Fungi_Dikarya_Ascomycota_Saccharomycotina_Saccharomycetes_Saccharomycetales_Saccharomyces_cerevisiae_baker_s_yeast, Node1652*)",1778,5.4957457926934129e-18,0.65757518761626399,c1
"(Eukaryota_Opisthokonta_Nucletmycea_Fungi_Dikarya_Ascomycota_Saccharomycotina_Saccharomycetes_Saccharomycetales_Saccharomyces_cerevisiae_baker_s_yeast, Node1652*)",1779,0.95863435526525076,0.65757518761626399,c1
"(Eukaryota_Opisthokonta_Nucletmycea_Fungi_Dikarya_Ascomycota_Saccharomycotina_Saccharomycetes_Saccharomycetales_Saccharomyces_cerevisiae_baker_s_yeast, Node1652*)",1780,6.7927434773129278e-18,0.65757518761626399,c1
"(Eukaryota_Opisthokonta_Nucletmycea_Fungi_Dikarya_Ascomycota_Saccharomycotina_Saccharomycetes_Saccharomycetales_Saccharomyces_cerevisiae_baker_s_yeast, Node1652*)",1781,0.54414759141414049,0.65757518761626399,c1
"(Eukaryota_Opisthokonta_Nucletmycea_Fungi_Dikarya_Ascomycota_Saccharomycotina_Saccharomycetes_Saccharomycetales_Saccharomyces_cerevisiae_baker_s_yeast, Node1652*)",1782,1.6371415385785282,0.65757518761626399,c1
"(Eukaryota_Opisthokonta_Nucletmycea_Fungi_Dikarya_Ascomycota_Saccharomycotina_Saccharomycetes_Saccharomycetales_Saccharomyces_cerevisiae_baker_s_yeast, Node1652*)",1783,0.54414759141414049,0.65757518761626399,c1
"(Eukaryota_Opisthokonta_Nucletmycea_Fungi_Dikarya_Ascomycota_Saccharomycotina_Saccharomycetes_Saccharomycetales_Saccharomyces_cerevisiae_baker_s_yeast, Node1652*)",1784,1.6371415385785282,0.65757518761626399,c1
"(Eukaryota_Opisthokonta_Nucletmycea_Fungi_Dikarya_Ascomycota_Saccharomycotina_Saccharomycetes_Saccharomycetales_Saccharomyces_cerevisiae_baker_s_yeast, Node1652*)",1785,0.54414759141414049,0.65757518761626399,c1
"(Eukaryota_Opisthokonta_Nucletmycea_Fungi_Dikarya_Ascomycota_Saccharomycotina_Saccharomycetes_Saccharomycetales_Saccharomyces_cerevisiae_baker_s_yeast, Node1652*)",1786,1.6371415385785282,0.65757518761626399,c1
"(Eukaryota_Opisthokonta_Nucletmycea_Fungi_Dikarya_Ascomycota_Saccharomycotina_Saccharomycetes_Saccharomycetales_Saccharomyces_cerevisiae_baker_s_yeast, Node1652*)",1787,1.6371415385785282,0.65757518761626399,c1
"(Eukaryota_Opisthokonta_Nucletmycea_Fungi_Dikarya_Ascomycota_Saccharomycotina_Saccharomycetes_Saccharomycetales_Saccharomyces_cerevisiae_baker_s_yeast, Node1652*)",1788,0.95863435526525076,0.65757518761626399,c1
"(Eukaryota_Opisthokonta_Nucletmycea_Fungi_Dikarya_Ascomycota_Saccharomycotina_Saccharomycetes_Saccharomycetales_Saccharomyces_cerevisiae_baker_s_yeast, Node1652*)",1789,1.6371415385785282,0.65757518761626399,c1
"(Eukaryota_Opisthokonta_Nucletmycea_Fungi_Dikarya_Ascomycota_Saccharomycotina_Saccharomycetes_Saccharomycetales_Saccharomyces_cerevisiae_baker_s_yeast, Node1652*)",1790,1.6371415385785282,0.65757518761626399,c1
"(Eukaryota_Opisthokonta_Nucletmycea_Fungi_Dikarya_Ascomycota_Saccharomycotina_Saccharomycetes_Saccharomycetales_Saccharomyces_cerevisiae_baker_s_yeast, Node1652*)",1791,1.6371415385785282,0.65757518761626399,c1
"(Eukaryota_Opisthokonta_Nucletmycea_Fungi_Dikarya_Ascomycota_Saccharomycotina_Saccharomycetes_Saccharomycetales_Saccharomyces_cerevisiae_baker_s_yeast, Node1652*)",1792,0.95863435526525076,0.65757518761626399,c1
"(Eukaryota_Opisthokonta_Nucletmycea_Fungi_Dikarya_Ascomycota_Saccharomycotina_Saccharomycetes_Saccharomycetales_Saccharomyces_cerevisiae_baker_s_yeast, Node1652*)",1793,7.3820058787808706e-18,0.65757518761626399,c1
"(Eukaryota_Opisthokonta_Nucletmycea_Fungi_Dikarya_Ascomycota_Saccharomycotina_Saccharomycetes_Saccharomycetales_Saccharomyces_cerevisiae_baker_s_yeast, Node1652*)",1794,1.6371415385785282,0.65757518761626399,c1
"(Eukaryota_Opisthokonta_Nucletmycea_Fungi_Dikarya_Ascomycota_Saccharomycotina_Saccharomycetes_Saccharomycetales_Saccharomyces_cerevisiae_baker_s_yeast, Node1652*)",1795,0.95863435526525076,0.65757518761626399,c1
"(Eukaryota_Opisthokonta_Nucletmycea_Fungi_Dikarya_Ascomycota_Saccharomycotina_Saccharomycetes_Saccharomycetales_Saccharomyces_cerevisiae_baker_s_yeast, Node1652*)",1800,6.5302130174722213e-18,0.65757518761626399,c1
"(Eukaryota_Opisthokonta_Nucletmycea_Fungi_Dikarya_Ascomycota_Saccharomycotina_Saccharomycetes_Saccharomycetales_Saccharomyces_cerevisiae_baker_s_yeast, Node1652*)",1805,0.54414759141414049,0.65757518761626399,c1
"(Eukaryota_Opisthokonta_Nucletmycea_Fungi_Dikarya_Ascomycota_Saccharomycotina_Saccharomycetes_Saccharomycetales_Saccharomyces_cerevisiae_baker_s_yeast, Node1652*)",1806,-8.3748636992641524e-18,0.65757518761626399,c1
"(Eukaryota_Opisthokonta_Nucletmycea_Fungi_Dikarya_Ascomycota_Saccharomycotina_Saccharomycetes_Saccharomycetales_Saccharomyces_cerevisiae_baker_s_yeast, Node1652*)",1821,0.54414759141414049,0.65757518761626399,c1
"(Eukaryota_Opisthokonta_Nucletmycea_Fungi_Dikarya_Ascomycota_Saccharomycotina_Saccharomycetes_Saccharomycetales_Saccharomyces_cerevisiae_baker_s_yeast, Node1652*)",1886,0.54414759141414049,0.65757518761626399,c1
"(Eukaryota_Opisthokonta_Nucletmycea_Fungi_Dikarya_Ascomycota_Saccharomycotina_Saccharomycetes_Saccharomycetales_Saccharomyces_cerevisiae_baker_s_yeast, Node1652*)",1901,0.54414759141414049,0.65757518761626399,c1
"(Eukaryota_Opisthokonta_Nucletmycea_Fungi_Dikarya_Ascomycota_Saccharomycotina_Saccharomycetes_Saccharomycetales_Saccharomyces_cerevisiae_baker_s_yeast, Node1652*)",1910,0.54414759141414049,0.65757518761626399,c1
"(Eukaryota_Opisthokonta_Nucletmycea_Fungi_Dikarya_Ascomycota_Saccharomycotina_Saccharomycetes_Saccharomycetales_Saccharomyces_cerevisiae_baker_s_yeast, Node1652*)",1911,0.54414759141414049,0.65757518761626399,c1
"(Eukaryota_Opisthokonta_Nucletmycea_Fungi_Dikarya_Ascomycota_Saccharomycotina_Saccharomycetes_Saccharomycetales_Saccharomyces_cerevisiae_baker_s_yeast, Node1652*)",1912,0.95863435526525076,0.65757518761626399,c1
"(Eukaryota_Opisthokonta_Nucletmycea_Fungi_Dikarya_Ascomycota_Saccharomycotina_Saccharomycetes_Saccharomycetales_Saccharomyces_cerevisiae_baker_s_yeast, Node1652*)",1913,6.3029802972238626e-18,0.65757518761626399,c1
"(Eukaryota_Opisthokonta_Nucletmycea_Fungi_Dikarya_Ascomycota_Saccharomycotina_Saccharomycetes_Saccharomycetales_Saccharomyces_cerevisiae_baker_s_yeast, Node1652*)",1914,1.6371415385785282,0.65757518761626399,c1
"(Eukaryota_Opisthokonta_Nucletmycea_Fungi_Dikarya_Ascomycota_Saccharomycotina_Saccharomycetes_Saccharomycetales_Saccharomyces_cerevisiae_baker_s_yeast, Node1652*)",1915,0.95863435526525076,0.65757518761626399,c1
"(Eukaryota_Opisthokonta_Nucletmycea_Fungi_Dikarya_Ascomycota_Saccharomycotina_Saccharomycetes_Saccharomycetales_Saccharomyces_cerevisiae_baker_s_yeast, Node1652*)",1916,6.1139818578572831e-18,0.65757518761626399,c1
"(Eukaryota_Opisthokonta_Nucletmycea_Fungi_Dikarya_Ascomycota_Saccharomycotina_Saccharomycetes_Saccharomycetales_Saccharomyces_cerevisiae_baker_s_yeast, Node1652*)",1917,0.54414759141414049,0.65757518761626399,c1
"(Eukaryota_Opisthokonta_Nucletmycea_Fungi_Dikarya_Ascomycota_Saccharomycotina_Saccharomycetes_Saccharomycetales_Saccharomyces_cerevisiae_baker_s_yeast, Node1652*)",1918,0.54414759141414049,0.65757518761626399,c1
"(Eukaryota_Opisthokonta_Nucletmycea_Fungi_Dikarya_Ascomycota_Saccharomycotina_Saccharomycetes_Saccharomycetales_Saccharomyces_cerevisiae_baker_s_yeast, Node1652*)",1919,1.6371415385785282,0.65757518761626399,c1
"(Eukaryota_Opisthokonta_Nucletmycea_Fungi_Dikarya_Ascomycota_Saccharomycotina_Saccharomycetes_Saccharomycetales_Saccharomyces_cerevisiae_baker_s_yeast, Node1652*)",1920,0.54414759141414049,0.65757518761626399,c1
"(Eukaryota_Opisthokonta_Nucletmycea_Fungi_Dikarya_Ascomycota_Saccharomycotina_Saccharomycetes_Saccharomycetales_Saccharomyces_cerevisiae_baker_s_yeast, Node1652*)",1921,0.54414759141414049,0.65757518761626399,c1
"(Eukaryota_Opisthokonta_Nucletmycea_Fungi_Dikarya_Ascomycota_Saccharomycotina_Saccharomycetes_Saccharomycetales_Saccharomyces_cerevisiae_baker_s_yeast, Node1652*)",1922,0.95863435526525076,0.65757518761626399,c1
"(Eukaryota_Opisthokonta_Nucletmycea_Fungi_Dikarya_Ascomycota_Saccharomycotina_Saccharomycetes_Saccharomycetales_Saccharomyces_cerevisiae_baker_s_yeast, Node1652*)",1923,0.95863435526525076,0.65757518761626399,c1
"(Eukaryota_Opisthokonta_Nucletmycea_Fungi_Dikarya_Ascomycota_Saccharomycotina_Saccharomycetes_Saccharomycetales_Saccharomyces_cerevisiae_baker_s_yeast, Node1652*)",1924,2.244978490595698e-18,0.65757518761626399,c1
"(Eukaryota_Opisthokonta_Nucletmycea_Fungi_Dikarya_Ascomycota_Saccharomycotina_Saccharomycetes_Saccharomycetales_Saccharomyces_cerevisiae_baker_s_yeast, Node1652*)",1927,1.6371415385785282,0.65757518761626399,c1
"(Eukaryota_Opisthokonta_Nucletmycea_Fungi_Dikarya_Ascomycota_Saccharomycotina_Saccharomycetes_Saccharomycetales_Saccharomyces_cerevisiae_baker_s_yeast, Node1652*)",1930,7.3806961350707286e-18,0.65757518761626399,c1
"(Eukaryota_Opisthokonta_Nucletmycea_Fungi_Dikarya_Ascomycota_Saccharomycotina_Saccharomycetes_Saccharomycetales_Saccharomyces_cerevisiae_baker_s_yeast, Node1652*)",1931,0.54414759141414049,0.65757518761626399,c1
"(Eukaryota_Opisthokonta_Nucletmycea_Fungi_Dikarya_Ascomycota_Saccharomycotina_Saccharomycetes_Saccharomycetales_Saccharomyces_cerevisiae_baker_s_yeast, Node1652*)",1935,0.95863435526525076,0.65757518761626399,c1
"(Eukaryota_Opisthokonta_Nucletmycea_Fungi_Dikarya_Ascomycota_Saccharomycotina_Saccharomycetes_Saccharomycetales_Saccharomyces_cerevisiae_baker_s_yeast, Node1652*)",1936,0.54414759141414049,0.65757518761626399,c1
"(Eukaryota_Opisthokonta_Nucletmycea_Fungi_Dikarya_Ascomycota_Saccharomycotina_Saccharomycetes_Saccharomycetales_Saccharomyces_cerevisiae_baker_s_yeast, Node1652*)",1937,0.54414759141414049,0.65757518761626399,c1
"(Eukaryota_Opisthokonta_Nucletmycea_Fungi_Dikarya_Ascomycota_Saccharomycotina_Saccharomycetes_Saccharomycetales_Saccharomyces_cerevisiae_baker_s_yeast, Node1652*)",1940,6.2334647121442529e-18,0.65757518761626399,c1
"(Eukaryota_Opisthokonta_Nucletmycea_Fungi_Dikarya_Ascomycota_Saccharomycotina_Saccharomycetes_Saccharomycetales_Saccharomyces_cerevisiae_baker_s_yeast, Node1652*)",1941,0.95863435526525076,0.65757518761626399,c1
