branch,site,coherence,category_variance,rate_category,dataset
"(Eukaryota_Opisthokonta_Nucletmycea_Fungi_Dikarya_Ascomycota_Saccharomycotina_Saccharomycetes_Saccharomycetales_Saccharomyces_cerevisiae_baker_s_yeast, Node1652*)",1,-1.0747839778797656e-17,0.6046363655715266,c2,branch_to_yeast
"(Eukaryota_Opisthokonta_Nucletmycea_Fungi_Dikarya_Ascomycota_Saccharomycotina_Saccharomycetes_Saccharomycetales_Saccharomyces_cerevisiae_baker_s_yeast, Node1652*)",2,1.6371415385785282,0.6575751876162639,c1,branch_to_yeast
"(Eukaryota_Opisthokonta_Nucletmycea_Fungi_Dikarya_Ascomycota_Saccharomycotina_Saccharomycetes_Saccharomycetales_Saccharomyces_cerevisiae_baker_s_yeast, Node1652*)",3,8.124977893573068e-18,0.6046363655715266,c2,branch_to_yeast
"(Eukaryota_Opisthokonta_Nucletmycea_Fungi_Dikarya_Ascomycota_Saccharomycotina_Saccharomycetes_Saccharomycetales_Saccharomyces_cerevisiae_baker_s_yeast, Node1652*)",4,0.9586343552652508,0.6575751876162639,c1,branch_to_yeast
"(Eukaryota_Opisthokonta_Nucletmycea_Fungi_Dikarya_Ascomycota_Saccharomycotina_Saccharomycetes_Saccharomycetales_Saccharomyces_cerevisiae_baker_s_yeast, Node1652*)",5,0.9586343552652508,0.6575751876162639,c1,branch_to_yeast
"(Eukaryota_Opisthokonta_Nucletmycea_Fungi_Dikarya_Ascomycota_Saccharomycotina_Saccharomycetes_Saccharomycetales_Saccharomyces_cerevisiae_baker_s_yeast, Node1652*)",6,6.332081685895103e-18,0.6575751876162639,c1,branch_to_yeast
"(Eukaryota_Opisthokonta_Nucletmycea_Fungi_Dikarya_Ascomycota_Saccharomycotina_Saccharomycetes_Saccharomycetales_Saccharomyces_cerevisiae_baker_s_yeast, Node1652*)",7,-2.770469698549167e-19,0.6575751876162639,c1,branch_to_yeast
"(Eukaryota_Opisthokonta_Nucletmycea_Fungi_Dikarya_Ascomycota_Saccharomycotina_Saccharomycetes_Saccharomycetales_Saccharomyces_cerevisiae_baker_s_yeast, Node1652*)",8,0.9586343552652508,0.6575751876162639,c1,branch_to_yeast
"(Eukaryota_Opisthokonta_Nucletmycea_Fungi_Dikarya_Ascomycota_Saccharomycotina_Saccharomycetes_Saccharomycetales_Saccharomyces_cerevisiae_baker_s_yeast, Node1652*)",9,0.5441475914141404,0.6575751876162639,c1,branch_to_yeast
"(Eukaryota_Opisthokonta_Nucletmycea_Fungi_Dikarya_Ascomycota_Saccharomycotina_Saccharomycetes_Saccharomycetales_Saccharomyces_cerevisiae_baker_s_yeast, Node1652*)",10,4.6206519324686415e-18,0.6575751876162639,c1,branch_to_yeast
"(Eukaryota_Opisthokonta_Nucletmycea_Fungi_Dikarya_Ascomycota_Saccharomycotina_Saccharomycetes_Saccharomycetales_Saccharomyces_cerevisiae_baker_s_yeast, Node1652*)",11,1.6371415384930377,0.6046363655715266,c2,branch_to_yeast
"(Eukaryota_Opisthokonta_Nucletmycea_Fungi_Dikarya_Ascomycota_Saccharomycotina_Saccharomycetes_Saccharomycetales_Saccharomyces_cerevisiae_baker_s_yeast, Node1652*)",12,1.6371415384930377,0.6046363655715266,c2,branch_to_yeast
"(Eukaryota_Opisthokonta_Nucletmycea_Fungi_Dikarya_Ascomycota_Saccharomycotina_Saccharomycetes_Saccharomycetales_Saccharomyces_cerevisiae_baker_s_yeast, Node1652*)",13,5.500708843386223e-18,0.6575751876162639,c1,branch_to_yeast
"(Eukaryota_Opisthokonta_Nucletmycea_Fungi_Dikarya_Ascomycota_Saccharomycotina_Saccharomycetes_Saccharomycetales_Saccharomyces_cerevisiae_baker_s_yeast, Node1652*)",14,0.9586343552121768,0.6046363655715266,c2,branch_to_yeast
"(Eukaryota_Opisthokonta_Nucletmycea_Fungi_Dikarya_Ascomycota_Saccharomycotina_Saccharomycetes_Saccharomycetales_Saccharomyces_cerevisiae_baker_s_yeast, Node1652*)",15,1.6371415385785282,0.6575751876162639,c1,branch_to_yeast
"(Eukaryota_Opisthokonta_Nucletmycea_Fungi_Dikarya_Ascomycota_Saccharomycotina_Saccharomycetes_Saccharomycetales_Saccharomyces_cerevisiae_baker_s_yeast, Node1652*)",16,1.6371415385785282,0.6575751876162639,c1,branch_to_yeast
"(Eukaryota_Opisthokonta_Nucletmycea_Fungi_Dikarya_Ascomycota_Saccharomycotina_Saccharomycetes_Saccharomycetales_Saccharomyces_cerevisiae_baker_s_yeast, Node1652*)",17,0.5441475914141404,0.6575751876162639,c1,branch_to_yeast
"(Eukaryota_Opisthokonta_Nucletmycea_Fungi_Dikarya_Ascomycota_Saccharomycotina_Saccharomycetes_Saccharomycetales_Saccharomyces_cerevisiae_baker_s_yeast, Node1652*)",18,0.9586343552652508,0.6575751876162639,c1,branch_to_yeast
"(Eukaryota_Opisthokonta_Nucletmycea_Fungi_Dikarya_Ascomycota_Saccharomycotina_Saccharomycetes_Saccharomycetales_Saccharomyces_cerevisiae_baker_s_yeast, Node1652*)",19,7.974169963686709e-19,0.6575751876162639,c1,branch_to_yeast
"(Eukaryota_Opisthokonta_Nucletmycea_Fungi_Dikarya_Ascomycota_Saccharomycotina_Saccharomycetes_Saccharomycetales_Saccharomyces_cerevisiae_baker_s_yeast, Node1652*)",20,0.5441475914141404,0.6575751876162639,c1,branch_to_yeast
"(Eukaryota_Opisthokonta_Nucletmycea_Fungi_Dikarya_Ascomycota_Saccharomycotina_Saccharomycetes_Saccharomycetales_Saccharomyces_cerevisiae_baker_s_yeast, Node1652*)",21,0.9586343552121768,0.6046363655715266,c2,branch_to_yeast
"(Eukaryota_Opisthokonta_Nucletmycea_Fungi_Dikarya_Ascomycota_Saccharomycotina_Saccharomycetes_Saccharomycetales_Saccharomyces_cerevisiae_baker_s_yeast, Node1652*)",22,-3.4463038166788305e-18,0.6046363655715266,c2,branch_to_yeast
"(Eukaryota_Opisthokonta_Nucletmycea_Fungi_Dikarya_Ascomycota_Saccharomycotina_Saccharomycetes_Saccharomycetales_Saccharomyces_cerevisiae_baker_s_yeast, Node1652*)",23,1.6371415384930377,0.6046363655715266,c2,branch_to_yeast
"(Eukaryota_Opisthokonta_Nucletmycea_Fungi_Dikarya_Ascomycota_Saccharomycotina_Saccharomycetes_Saccharomycetales_Saccharomyces_cerevisiae_baker_s_yeast, Node1652*)",24,0.5441475913936314,0.6046363655715266,c2,branch_to_yeast
"(Eukaryota_Opisthokonta_Nucletmycea_Fungi_Dikarya_Ascomycota_Saccharomycotina_Saccharomycetes_Saccharomycetales_Saccharomyces_cerevisiae_baker_s_yeast, Node1652*)",25,3.1758652521022818e-18,0.6046363655715266,c2,branch_to_yeast
"(Eukaryota_Opisthokonta_Nucletmycea_Fungi_Dikarya_Ascomycota_Saccharomycotina_Saccharomycetes_Saccharomycetales_Saccharomyces_cerevisiae_baker_s_yeast, Node1652*)",26,4.073965984031021e-19,0.6575751876162639,c1,branch_to_yeast
"(Eukaryota_Opisthokonta_Nucletmycea_Fungi_Dikarya_Ascomycota_Saccharomycotina_Saccharomycetes_Saccharomycetales_Saccharomyces_cerevisiae_baker_s_yeast, Node1652*)",27,0.5441475914141404,0.6575751876162639,c1,branch_to_yeast
"(Eukaryota_Opisthokonta_Nucletmycea_Fungi_Dikarya_Ascomycota_Saccharomycotina_Saccharomycetes_Saccharomycetales_Saccharomyces_cerevisiae_baker_s_yeast, Node1652*)",28,-1.0774154153588856e-17,0.6575751876162639,c1,branch_to_yeast
"(Eukaryota_Opisthokonta_Nucletmycea_Fungi_Dikarya_Ascomycota_Saccharomycotina_Saccharomycetes_Saccharomycetales_Saccharomyces_cerevisiae_baker_s_yeast, Node1652*)",29,0.9586343552652508,0.6575751876162639,c1,branch_to_yeast
"(Eukaryota_Opisthokonta_Nucletmycea_Fungi_Dikarya_Ascomycota_Saccharomycotina_Saccharomycetes_Saccharomycetales_Saccharomyces_cerevisiae_baker_s_yeast, Node1652*)",30,1.6371415385785282,0.6575751876162639,c1,branch_to_yeast
"(Eukaryota_Opisthokonta_Nucletmycea_Fungi_Dikarya_Ascomycota_Saccharomycotina_Saccharomycetes_Saccharomycetales_Saccharomyces_cerevisiae_baker_s_yeast, Node1652*)",31,-1.014951232513027e-17,0.6575751876162639,c1,branch_to_yeast
"(Eukaryota_Opisthokonta_Nucletmycea_Fungi_Dikarya_Ascomycota_Saccharomycotina_Saccharomycetes_Saccharomycetales_Saccharomyces_cerevisiae_baker_s_yeast, Node1652*)",32,3.0443677976288755e-18,0.6046363655715266,c2,branch_to_yeast
"(Eukaryota_Opisthokonta_Nucletmycea_Fungi_Dikarya_Ascomycota_Saccharomycotina_Saccharomycetes_Saccharomycetales_Saccharomyces_cerevisiae_baker_s_yeast, Node1652*)",33,-1.0774267037812597e-17,0.6575751876162639,c1,branch_to_yeast
"(Eukaryota_Opisthokonta_Nucletmycea_Fungi_Dikarya_Ascomycota_Saccharomycotina_Saccharomycetes_Saccharomycetales_Saccharomyces_cerevisiae_baker_s_yeast, Node1652*)",34,0.9586343552121768,0.6046363655715266,c2,branch_to_yeast
"(Eukaryota_Opisthokonta_Nucletmycea_Fungi_Dikarya_Ascomycota_Saccharomycotina_Saccharomycetes_Saccharomycetales_Saccharomyces_cerevisiae_baker_s_yeast, Node1652*)",35,-3.223802639085682e-18,0.6046363655715266,c2,branch_to_yeast
"(Eukaryota_Opisthokonta_Nucletmycea_Fungi_Dikarya_Ascomycota_Saccharomycotina_Saccharomycetes_Saccharomycetales_Saccharomyces_cerevisiae_baker_s_yeast, Node1652*)",36,1.6371415384930377,0.6046363655715266,c2,branch_to_yeast
"(Eukaryota_Opisthokonta_Nucletmycea_Fungi_Dikarya_Ascomycota_Saccharomycotina_Saccharomycetes_Saccharomycetales_Saccharomyces_cerevisiae_baker_s_yeast, Node1652*)",37,-8.664098254119166e-18,0.6046363655715266,c2,branch_to_yeast
"(Eukaryota_Opisthokonta_Nucletmycea_Fungi_Dikarya_Ascomycota_Saccharomycotina_Saccharomycetes_Saccharomycetales_Saccharomyces_cerevisiae_baker_s_yeast, Node1652*)",38,1.6371415384930377,0.6046363655715266,c2,branch_to_yeast
"(Eukaryota_Opisthokonta_Nucletmycea_Fungi_Dikarya_Ascomycota_Saccharomycotina_Saccharomycetes_Saccharomycetales_Saccharomyces_cerevisiae_baker_s_yeast, Node1652*)",39,6.745153542148729e-18,0.6575751876162639,c1,branch_to_yeast
"(Eukaryota_Opisthokonta_Nucletmycea_Fungi_Dikarya_Ascomycota_Saccharomycotina_Saccharomycetes_Saccharomycetales_Saccharomyces_cerevisiae_baker_s_yeast, Node1652*)",40,0.5441475913936314,0.6046363655715266,c2,branch_to_yeast
"(Eukaryota_Opisthokonta_Nucletmycea_Fungi_Dikarya_Ascomycota_Saccharomycotina_Saccharomycetes_Saccharomycetales_Saccharomyces_cerevisiae_baker_s_yeast, Node1652*)",41,0.5441475914141404,0.6575751876162639,c1,branch_to_yeast
"(Eukaryota_Opisthokonta_Nucletmycea_Fungi_Dikarya_Ascomycota_Saccharomycotina_Saccharomycetes_Saccharomycetales_Saccharomyces_cerevisiae_baker_s_yeast, Node1652*)",42,0.9586343552121765,0.6046363655715266,c2,branch_to_yeast
"(Eukaryota_Opisthokonta_Nucletmycea_Fungi_Dikarya_Ascomycota_Saccharomycotina_Saccharomycetes_Saccharomycetales_Saccharomyces_cerevisiae_baker_s_yeast, Node1652*)",43,0.5441475913936314,0.6046363655715266,c2,branch_to_yeast
"(Eukaryota_Opisthokonta_Nucletmycea_Fungi_Dikarya_Ascomycota_Saccharomycotina_Saccharomycetes_Saccharomycetales_Saccharomyces_cerevisiae_baker_s_yeast, Node1652*)",44,-9.095757738348816e-18,0.6069936118962173,c3,branch_to_yeast
"(Eukaryota_Opisthokonta_Nucletmycea_Fungi_Dikarya_Ascomycota_Saccharomycotina_Saccharomycetes_Saccharomycetales_Saccharomyces_cerevisiae_baker_s_yeast, Node1652*)",45,7.682528449267296e-18,0.6575751876162639,c1,branch_to_yeast
"(Eukaryota_Opisthokonta_Nucletmycea_Fungi_Dikarya_Ascomycota_Saccharomycotina_Saccharomycetes_Saccharomycetales_Saccharomyces_cerevisiae_baker_s_yeast, Node1652*)",46,0.5441475913936314,0.6046363655715266,c2,branch_to_yeast
"(Eukaryota_Opisthokonta_Nucletmycea_Fungi_Dikarya_Ascomycota_Saccharomycotina_Saccharomycetes_Saccharomycetales_Saccharomyces_cerevisiae_baker_s_yeast, Node1652*)",47,0.5441475914141404,0.6575751876162639,c1,branch_to_yeast
"(Eukaryota_Opisthokonta_Nucletmycea_Fungi_Dikarya_Ascomycota_Saccharomycotina_Saccharomycetes_Saccharomycetales_Saccharomyces_cerevisiae_baker_s_yeast, Node1652*)",48,0.9586343552121765,0.6046363655715266,c2,branch_to_yeast
"(Eukaryota_Opisthokonta_Nucletmycea_Fungi_Dikarya_Ascomycota_Saccharomycotina_Saccharomycetes_Saccharomycetales_Saccharomyces_cerevisiae_baker_s_yeast, Node1652*)",49,1.6371415384930377,0.6046363655715266,c2,branch_to_yeast
"(Eukaryota_Opisthokonta_Nucletmycea_Fungi_Dikarya_Ascomycota_Saccharomycotina_Saccharomycetes_Saccharomycetales_Saccharomyces_cerevisiae_baker_s_yeast, Node1652*)",50,1.6371415385785282,0.6575751876162639,c1,branch_to_yeast
"(Eukaryota_Opisthokonta_Nucletmycea_Fungi_Dikarya_Ascomycota_Saccharomycotina_Saccharomycetes_Saccharomycetales_Saccharomyces_cerevisiae_baker_s_yeast, Node1652*)",51,0.5441475914141404,0.6575751876162639,c1,branch_to_yeast
"(Eukaryota_Opisthokonta_Nucletmycea_Fungi_Dikarya_Ascomycota_Saccharomycotina_Saccharomycetes_Saccharomycetales_Saccharomyces_cerevisiae_baker_s_yeast, Node1652*)",52,8.192814533619971e-18,0.6575751876162639,c1,branch_to_yeast
"(Eukaryota_Opisthokonta_Nucletmycea_Fungi_Dikarya_Ascomycota_Saccharomycotina_Saccharomycetes_Saccharomycetales_Saccharomyces_cerevisiae_baker_s_yeast, Node1652*)",53,0.9586343552652508,0.6575751876162639,c1,branch_to_yeast
"(Eukaryota_Opisthokonta_Nucletmycea_Fungi_Dikarya_Ascomycota_Saccharomycotina_Saccharomycetes_Saccharomycetales_Saccharomyces_cerevisiae_baker_s_yeast, Node1652*)",54,1.6371415385785282,0.6575751876162639,c1,branch_to_yeast
"(Eukaryota_Opisthokonta_Nucletmycea_Fungi_Dikarya_Ascomycota_Saccharomycotina_Saccharomycetes_Saccharomycetales_Saccharomyces_cerevisiae_baker_s_yeast, Node1652*)",55,0.5441475914141404,0.6575751876162639,c1,branch_to_yeast
"(Eukaryota_Opisthokonta_Nucletmycea_Fungi_Dikarya_Ascomycota_Saccharomycotina_Saccharomycetes_Saccharomycetales_Saccharomyces_cerevisiae_baker_s_yeast, Node1652*)",56,6.198522876222165e-18,0.6575751876162639,c1,branch_to_yeast
"(Eukaryota_Opisthokonta_Nucletmycea_Fungi_Dikarya_Ascomycota_Saccharomycotina_Saccharomycetes_Saccharomycetales_Saccharomyces_cerevisiae_baker_s_yeast, Node1652*)",57,0.9586343552652508,0.6575751876162639,c1,branch_to_yeast
"(Eukaryota_Opisthokonta_Nucletmycea_Fungi_Dikarya_Ascomycota_Saccharomycotina_Saccharomycetes_Saccharomycetales_Saccharomyces_cerevisiae_baker_s_yeast, Node1652*)",58,-1.0715236366292367e-17,0.6575751876162639,c1,branch_to_yeast
"(Eukaryota_Opisthokonta_Nucletmycea_Fungi_Dikarya_Ascomycota_Saccharomycotina_Saccharomycetes_Saccharomycetales_Saccharomyces_cerevisiae_baker_s_yeast, Node1652*)",59,1.6371415384930377,0.6046363655715266,c2,branch_to_yeast
"(Eukaryota_Opisthokonta_Nucletmycea_Fungi_Dikarya_Ascomycota_Saccharomycotina_Saccharomycetes_Saccharomycetales_Saccharomyces_cerevisiae_baker_s_yeast, Node1652*)",60,-1.0324443992322348e-17,0.6046363655715266,c2,branch_to_yeast
"(Eukaryota_Opisthokonta_Nucletmycea_Fungi_Dikarya_Ascomycota_Saccharomycotina_Saccharomycetes_Saccharomycetales_Saccharomyces_cerevisiae_baker_s_yeast, Node1652*)",61,0.5441475912541518,0.6069936118962173,c3,branch_to_yeast
"(Eukaryota_Opisthokonta_Nucletmycea_Fungi_Dikarya_Ascomycota_Saccharomycotina_Saccharomycetes_Saccharomycetales_Saccharomyces_cerevisiae_baker_s_yeast, Node1652*)",62,0.5441475912541518,0.6069936118962173,c3,branch_to_yeast
"(Eukaryota_Opisthokonta_Nucletmycea_Fungi_Dikarya_Ascomycota_Saccharomycotina_Saccharomycetes_Saccharomycetales_Saccharomyces_cerevisiae_baker_s_yeast, Node1652*)",63,0.9586343552121765,0.6046363655715266,c2,branch_to_yeast
"(Eukaryota_Opisthokonta_Nucletmycea_Fungi_Dikarya_Ascomycota_Saccharomycotina_Saccharomycetes_Saccharomycetales_Saccharomyces_cerevisiae_baker_s_yeast, Node1652*)",64,5.072328366903241e-18,0.6046363655715266,c2,branch_to_yeast
"(Eukaryota_Opisthokonta_Nucletmycea_Fungi_Dikarya_Ascomycota_Saccharomycotina_Saccharomycetes_Saccharomycetales_Saccharomyces_cerevisiae_baker_s_yeast, Node1652*)",65,8.279058648634893e-22,0.3476609260040595,c4,branch_to_yeast
"(Eukaryota_Opisthokonta_Nucletmycea_Fungi_Dikarya_Ascomycota_Saccharomycotina_Saccharomycetes_Saccharomycetales_Saccharomyces_cerevisiae_baker_s_yeast, Node1652*)",66,0.5441475899074035,0.3476609260040595,c4,branch_to_yeast
"(Eukaryota_Opisthokonta_Nucletmycea_Fungi_Dikarya_Ascomycota_Saccharomycotina_Saccharomycetes_Saccharomycetales_Saccharomyces_cerevisiae_baker_s_yeast, Node1652*)",67,-6.0041682065195836e-18,0.3476609260040595,c4,branch_to_yeast
"(Eukaryota_Opisthokonta_Nucletmycea_Fungi_Dikarya_Ascomycota_Saccharomycotina_Saccharomycetes_Saccharomycetales_Saccharomyces_cerevisiae_baker_s_yeast, Node1652*)",68,0.5441475912541518,0.6069936118962173,c3,branch_to_yeast
"(Eukaryota_Opisthokonta_Nucletmycea_Fungi_Dikarya_Ascomycota_Saccharomycotina_Saccharomycetes_Saccharomycetales_Saccharomyces_cerevisiae_baker_s_yeast, Node1652*)",69,0.5441475899074035,0.3476609260040595,c4,branch_to_yeast
"(Eukaryota_Opisthokonta_Nucletmycea_Fungi_Dikarya_Ascomycota_Saccharomycotina_Saccharomycetes_Saccharomycetales_Saccharomyces_cerevisiae_baker_s_yeast, Node1652*)",70,0.9586343513631712,0.3476609260040595,c4,branch_to_yeast
"(Eukaryota_Opisthokonta_Nucletmycea_Fungi_Dikarya_Ascomycota_Saccharomycotina_Saccharomycetes_Saccharomycetales_Saccharomyces_cerevisiae_baker_s_yeast, Node1652*)",71,1.637141532282841,0.3476609260040595,c4,branch_to_yeast
"(Eukaryota_Opisthokonta_Nucletmycea_Fungi_Dikarya_Ascomycota_Saccharomycotina_Saccharomycetes_Saccharomycetales_Saccharomyces_cerevisiae_baker_s_yeast, Node1652*)",72,0.5441475899074035,0.3476609260040595,c4,branch_to_yeast
"(Eukaryota_Opisthokonta_Nucletmycea_Fungi_Dikarya_Ascomycota_Saccharomycotina_Saccharomycetes_Saccharomycetales_Saccharomyces_cerevisiae_baker_s_yeast, Node1652*)",73,2.342428774558076e-23,0.3476609260040595,c4,branch_to_yeast
"(Eukaryota_Opisthokonta_Nucletmycea_Fungi_Dikarya_Ascomycota_Saccharomycotina_Saccharomycetes_Saccharomycetales_Saccharomyces_cerevisiae_baker_s_yeast, Node1652*)",74,1.3064766474576581e-21,0.3476609260040595,c4,branch_to_yeast
"(Eukaryota_Opisthokonta_Nucletmycea_Fungi_Dikarya_Ascomycota_Saccharomycotina_Saccharomycetes_Saccharomycetales_Saccharomyces_cerevisiae_baker_s_yeast, Node1652*)",75,7.337199723988636e-22,0.3476609260040595,c4,branch_to_yeast
"(Eukaryota_Opisthokonta_Nucletmycea_Fungi_Dikarya_Ascomycota_Saccharomycotina_Saccharomycetes_Saccharomycetales_Saccharomyces_cerevisiae_baker_s_yeast, Node1652*)",76,1.4049985750657022e-21,0.3476609260040595,c4,branch_to_yeast
"(Eukaryota_Opisthokonta_Nucletmycea_Fungi_Dikarya_Ascomycota_Saccharomycotina_Saccharomycetes_Saccharomycetales_Saccharomyces_cerevisiae_baker_s_yeast, Node1652*)",77,1.4214159281388853e-21,0.3476609260040595,c4,branch_to_yeast
"(Eukaryota_Opisthokonta_Nucletmycea_Fungi_Dikarya_Ascomycota_Saccharomycotina_Saccharomycetes_Saccharomycetales_Saccharomyces_cerevisiae_baker_s_yeast, Node1652*)",78,-2.702912250215051e-21,0.3476609260040595,c4,branch_to_yeast
"(Eukaryota_Opisthokonta_Nucletmycea_Fungi_Dikarya_Ascomycota_Saccharomycotina_Saccharomycetes_Saccharomycetales_Saccharomyces_cerevisiae_baker_s_yeast, Node1652*)",79,-6.000379476565862e-21,0.3476609260040595,c4,branch_to_yeast
"(Eukaryota_Opisthokonta_Nucletmycea_Fungi_Dikarya_Ascomycota_Saccharomycotina_Saccharomycetes_Saccharomycetales_Saccharomyces_cerevisiae_baker_s_yeast, Node1652*)",80,2.0805008609903494e-21,0.3476609260040595,c4,branch_to_yeast
"(Eukaryota_Opisthokonta_Nucletmycea_Fungi_Dikarya_Ascomycota_Saccharomycotina_Saccharomycetes_Saccharomycetales_Saccharomyces_cerevisiae_baker_s_yeast, Node1652*)",81,5.257929211026873e-21,0.3476609260040595,c4,branch_to_yeast
"(Eukaryota_Opisthokonta_Nucletmycea_Fungi_Dikarya_Ascomycota_Saccharomycotina_Saccharomycetes_Saccharomycetales_Saccharomyces_cerevisiae_baker_s_yeast, Node1652*)",82,-1.6984340896289937e-21,0.3476609260040595,c4,branch_to_yeast
"(Eukaryota_Opisthokonta_Nucletmycea_Fungi_Dikarya_Ascomycota_Saccharomycotina_Saccharomycetes_Saccharomycetales_Saccharomyces_cerevisiae_baker_s_yeast, Node1652*)",83,-3.1190694190741923e-21,0.3476609260040595,c4,branch_to_yeast
"(Eukaryota_Opisthokonta_Nucletmycea_Fungi_Dikarya_Ascomycota_Saccharomycotina_Saccharomycetes_Saccharomycetales_Saccharomyces_cerevisiae_baker_s_yeast, Node1652*)",84,2.3369021345512584e-21,0.3476609260040595,c4,branch_to_yeast
"(Eukaryota_Opisthokonta_Nucletmycea_Fungi_Dikarya_Ascomycota_Saccharomycotina_Saccharomycetes_Saccharomycetales_Saccharomyces_cerevisiae_baker_s_yeast, Node1652*)",85,-5.540420570596464e-21,0.3476609260040595,c4,branch_to_yeast
"(Eukaryota_Opisthokonta_Nucletmycea_Fungi_Dikarya_Ascomycota_Saccharomycotina_Saccharomycetes_Saccharomycetales_Saccharomyces_cerevisiae_baker_s_yeast, Node1652*)",86,4.830928944967403e-18,0.3476609260040595,c4,branch_to_yeast
"(Eukaryota_Opisthokonta_Nucletmycea_Fungi_Dikarya_Ascomycota_Saccharomycotina_Saccharomycetes_Saccharomycetales_Saccharomyces_cerevisiae_baker_s_yeast, Node1652*)",87,-9.063193258340973e-18,0.3476609260040595,c4,branch_to_yeast
"(Eukaryota_Opisthokonta_Nucletmycea_Fungi_Dikarya_Ascomycota_Saccharomycotina_Saccharomycetes_Saccharomycetales_Saccharomyces_cerevisiae_baker_s_yeast, Node1652*)",88,-5.7624415610959074e-18,0.3476609260040595,c4,branch_to_yeast
"(Eukaryota_Opisthokonta_Nucletmycea_Fungi_Dikarya_Ascomycota_Saccharomycotina_Saccharomycetes_Saccharomycetales_Saccharomyces_cerevisiae_baker_s_yeast, Node1652*)",89,0.5441475912541518,0.6069936118962173,c3,branch_to_yeast
"(Eukaryota_Opisthokonta_Nucletmycea_Fungi_Dikarya_Ascomycota_Saccharomycotina_Saccharomycetes_Saccharomycetales_Saccharomyces_cerevisiae_baker_s_yeast, Node1652*)",90,-1.6888720160219714e-18,0.3476609260040595,c4,branch_to_yeast
"(Eukaryota_Opisthokonta_Nucletmycea_Fungi_Dikarya_Ascomycota_Saccharomycotina_Saccharomycetes_Saccharomycetales_Saccharomyces_cerevisiae_baker_s_yeast, Node1652*)",91,0.5441475912541518,0.6069936118962173,c3,branch_to_yeast
"(Eukaryota_Opisthokonta_Nucletmycea_Fungi_Dikarya_Ascomycota_Saccharomycotina_Saccharomycetes_Saccharomycetales_Saccharomyces_cerevisiae_baker_s_yeast, Node1652*)",92,1.637141537911306,0.6069936118962173,c3,branch_to_yeast
"(Eukaryota_Opisthokonta_Nucletmycea_Fungi_Dikarya_Ascomycota_Saccharomycotina_Saccharomycetes_Saccharomycetales_Saccharomyces_cerevisiae_baker_s_yeast, Node1652*)",93,3.2790554555804848e-21,0.3476609260040595,c4,branch_to_yeast
"(Eukaryota_Opisthokonta_Nucletmycea_Fungi_Dikarya_Ascomycota_Saccharomycotina_Saccharomycetes_Saccharomycetales_Saccharomyces_cerevisiae_baker_s_yeast, Node1652*)",94,-2.6639518909003322e-21,0.3476609260040595,c4,branch_to_yeast
"(Eukaryota_Opisthokonta_Nucletmycea_Fungi_Dikarya_Ascomycota_Saccharomycotina_Saccharomycetes_Saccharomycetales_Saccharomyces_cerevisiae_baker_s_yeast, Node1652*)",95,3.856138052260854e-21,0.3476609260040595,c4,branch_to_yeast
"(Eukaryota_Opisthokonta_Nucletmycea_Fungi_Dikarya_Ascomycota_Saccharomycotina_Saccharomycetes_Saccharomycetales_Saccharomyces_cerevisiae_baker_s_yeast, Node1652*)",96,4.495034488815874e-21,0.3476609260040595,c4,branch_to_yeast
"(Eukaryota_Opisthokonta_Nucletmycea_Fungi_Dikarya_Ascomycota_Saccharomycotina_Saccharomycetes_Saccharomycetales_Saccharomyces_cerevisiae_baker_s_yeast, Node1652*)",97,-3.0424653676142185e-21,0.3476609260040595,c4,branch_to_yeast
"(Eukaryota_Opisthokonta_Nucletmycea_Fungi_Dikarya_Ascomycota_Saccharomycotina_Saccharomycetes_Saccharomycetales_Saccharomyces_cerevisiae_baker_s_yeast, Node1652*)",98,1.78389336007585e-21,0.3476609260040595,c4,branch_to_yeast
"(Eukaryota_Opisthokonta_Nucletmycea_Fungi_Dikarya_Ascomycota_Saccharomycotina_Saccharomycetes_Saccharomycetales_Saccharomyces_cerevisiae_baker_s_yeast, Node1652*)",99,6.3991012094089546e-21,0.3476609260040595,c4,branch_to_yeast
"(Eukaryota_Opisthokonta_Nucletmycea_Fungi_Dikarya_Ascomycota_Saccharomycotina_Saccharomycetes_Saccharomycetales_Saccharomyces_cerevisiae_baker_s_yeast, Node1652*)",100,2.3463125750127746e-21,0.3476609260040595,c4,branch_to_yeast
"(Eukaryota_Opisthokonta_Nucletmycea_Fungi_Dikarya_Ascomycota_Saccharomycotina_Saccharomycetes_Saccharomycetales_Saccharomyces_cerevisiae_baker_s_yeast, Node1652*)",101,1.8749779646377983e-21,0.3476609260040595,c4,branch_to_yeast
"(Eukaryota_Opisthokonta_Nucletmycea_Fungi_Dikarya_Ascomycota_Saccharomycotina_Saccharomycetes_Saccharomycetales_Saccharomyces_cerevisiae_baker_s_yeast, Node1652*)",102,1.3003455182664336e-21,0.3476609260040595,c4,branch_to_yeast
"(Eukaryota_Opisthokonta_Nucletmycea_Fungi_Dikarya_Ascomycota_Saccharomycotina_Saccharomycetes_Saccharomycetales_Saccharomyces_cerevisiae_baker_s_yeast, Node1652*)",103,4.318410374285359e-22,0.3476609260040595,c4,branch_to_yeast
"(Eukaryota_Opisthokonta_Nucletmycea_Fungi_Dikarya_Ascomycota_Saccharomycotina_Saccharomycetes_Saccharomycetales_Saccharomyces_cerevisiae_baker_s_yeast, Node1652*)",104,1.12798518546514e-21,0.3476609260040595,c4,branch_to_yeast
"(Eukaryota_Opisthokonta_Nucletmycea_Fungi_Dikarya_Ascomycota_Saccharomycotina_Saccharomycetes_Saccharomycetales_Saccharomyces_cerevisiae_baker_s_yeast, Node1652*)",105,1.2584438785864877e-21,0.3476609260040595,c4,branch_to_yeast
"(Eukaryota_Opisthokonta_Nucletmycea_Fungi_Dikarya_Ascomycota_Saccharomycotina_Saccharomycetes_Saccharomycetales_Saccharomyces_cerevisiae_baker_s_yeast, Node1652*)",106,2.412762806673289e-18,0.6069936118962173,c3,branch_to_yeast
"(Eukaryota_Opisthokonta_Nucletmycea_Fungi_Dikarya_Ascomycota_Saccharomycotina_Saccharomycetes_Saccharomycetales_Saccharomyces_cerevisiae_baker_s_yeast, Node1652*)",107,0.5441475899074035,0.3476609260040595,c4,branch_to_yeast
"(Eukaryota_Opisthokonta_Nucletmycea_Fungi_Dikarya_Ascomycota_Saccharomycotina_Saccharomycetes_Saccharomycetales_Saccharomyces_cerevisiae_baker_s_yeast, Node1652*)",108,0.9586343513631712,0.3476609260040595,c4,branch_to_yeast
"(Eukaryota_Opisthokonta_Nucletmycea_Fungi_Dikarya_Ascomycota_Saccharomycotina_Saccharomycetes_Saccharomycetales_Saccharomyces_cerevisiae_baker_s_yeast, Node1652*)",109,-7.953795597076003e-18,0.3476609260040595,c4,branch_to_yeast
"(Eukaryota_Opisthokonta_Nucletmycea_Fungi_Dikarya_Ascomycota_Saccharomycotina_Saccharomycetes_Saccharomycetales_Saccharomyces_cerevisiae_baker_s_yeast, Node1652*)",110,0.9586343513631712,0.3476609260040595,c4,branch_to_yeast
"(Eukaryota_Opisthokonta_Nucletmycea_Fungi_Dikarya_Ascomycota_Saccharomycotina_Saccharomycetes_Saccharomycetales_Saccharomyces_cerevisiae_baker_s_yeast, Node1652*)",111,0.5441475899074035,0.3476609260040595,c4,branch_to_yeast
"(Eukaryota_Opisthokonta_Nucletmycea_Fungi_Dikarya_Ascomycota_Saccharomycotina_Saccharomycetes_Saccharomycetales_Saccharomyces_cerevisiae_baker_s_yeast, Node1652*)",112,6.456137211859369e-19,0.3476609260040595,c4,branch_to_yeast
"(Eukaryota_Opisthokonta_Nucletmycea_Fungi_Dikarya_Ascomycota_Saccharomycotina_Saccharomycetes_Saccharomycetales_Saccharomyces_cerevisiae_baker_s_yeast, Node1652*)",113,0.5441475913936314,0.6046363655715266,c2,branch_to_yeast
"(Eukaryota_Opisthokonta_Nucletmycea_Fungi_Dikarya_Ascomycota_Saccharomycotina_Saccharomycetes_Saccharomycetales_Saccharomyces_cerevisiae_baker_s_yeast, Node1652*)",114,0.5441475913936314,0.6046363655715266,c2,branch_to_yeast
"(Eukaryota_Opisthokonta_Nucletmycea_Fungi_Dikarya_Ascomycota_Saccharomycotina_Saccharomycetes_Saccharomycetales_Saccharomyces_cerevisiae_baker_s_yeast, Node1652*)",115,1.637141537911306,0.6069936118962173,c3,branch_to_yeast
"(Eukaryota_Opisthokonta_Nucletmycea_Fungi_Dikarya_Ascomycota_Saccharomycotina_Saccharomycetes_Saccharomycetales_Saccharomyces_cerevisiae_baker_s_yeast, Node1652*)",116,-1.0164900683586926e-17,0.6046363655715266,c2,branch_to_yeast
"(Eukaryota_Opisthokonta_Nucletmycea_Fungi_Dikarya_Ascomycota_Saccharomycotina_Saccharomycetes_Saccharomycetales_Saccharomyces_cerevisiae_baker_s_yeast, Node1652*)",117,0.9586343552652508,0.6575751876162639,c1,branch_to_yeast
"(Eukaryota_Opisthokonta_Nucletmycea_Fungi_Dikarya_Ascomycota_Saccharomycotina_Saccharomycetes_Saccharomycetales_Saccharomyces_cerevisiae_baker_s_yeast, Node1652*)",118,1.6371415385785282,0.6575751876162639,c1,branch_to_yeast
"(Eukaryota_Opisthokonta_Nucletmycea_Fungi_Dikarya_Ascomycota_Saccharomycotina_Saccharomycetes_Saccharomycetales_Saccharomyces_cerevisiae_baker_s_yeast, Node1652*)",119,0.9586343552121765,0.6046363655715266,c2,branch_to_yeast
"(Eukaryota_Opisthokonta_Nucletmycea_Fungi_Dikarya_Ascomycota_Saccharomycotina_Saccharomycetes_Saccharomycetales_Saccharomyces_cerevisiae_baker_s_yeast, Node1652*)",120,0.5441475912541518,0.6069936118962173,c3,branch_to_yeast
"(Eukaryota_Opisthokonta_Nucletmycea_Fungi_Dikarya_Ascomycota_Saccharomycotina_Saccharomycetes_Saccharomycetales_Saccharomyces_cerevisiae_baker_s_yeast, Node1652*)",121,0.5441475914141404,0.6575751876162639,c1,branch_to_yeast
"(Eukaryota_Opisthokonta_Nucletmycea_Fungi_Dikarya_Ascomycota_Saccharomycotina_Saccharomycetes_Saccharomycetales_Saccharomyces_cerevisiae_baker_s_yeast, Node1652*)",122,-9.989082317151661e-18,0.6046363655715266,c2,branch_to_yeast
"(Eukaryota_Opisthokonta_Nucletmycea_Fungi_Dikarya_Ascomycota_Saccharomycotina_Saccharomycetes_Saccharomycetales_Saccharomyces_cerevisiae_baker_s_yeast, Node1652*)",123,0.9586343552121765,0.6046363655715266,c2,branch_to_yeast
"(Eukaryota_Opisthokonta_Nucletmycea_Fungi_Dikarya_Ascomycota_Saccharomycotina_Saccharomycetes_Saccharomycetales_Saccharomyces_cerevisiae_baker_s_yeast, Node1652*)",124,0.9586343552652508,0.6575751876162639,c1,branch_to_yeast
"(Eukaryota_Opisthokonta_Nucletmycea_Fungi_Dikarya_Ascomycota_Saccharomycotina_Saccharomycetes_Saccharomycetales_Saccharomyces_cerevisiae_baker_s_yeast, Node1652*)",125,1.6371415385785282,0.6575751876162639,c1,branch_to_yeast
"(Eukaryota_Opisthokonta_Nucletmycea_Fungi_Dikarya_Ascomycota_Saccharomycotina_Saccharomycetes_Saccharomycetales_Saccharomyces_cerevisiae_baker_s_yeast, Node1652*)",126,5.257323771754978e-18,0.6575751876162639,c1,branch_to_yeast
"(Eukaryota_Opisthokonta_Nucletmycea_Fungi_Dikarya_Ascomycota_Saccharomycotina_Saccharomycetes_Saccharomycetales_Saccharomyces_cerevisiae_baker_s_yeast, Node1652*)",127,1.6371415385785282,0.6575751876162639,c1,branch_to_yeast
"(Eukaryota_Opisthokonta_Nucletmycea_Fungi_Dikarya_Ascomycota_Saccharomycotina_Saccharomycetes_Saccharomycetales_Saccharomyces_cerevisiae_baker_s_yeast, Node1652*)",128,0.5441475913936314,0.6046363655715266,c2,branch_to_yeast
"(Eukaryota_Opisthokonta_Nucletmycea_Fungi_Dikarya_Ascomycota_Saccharomycotina_Saccharomycetes_Saccharomycetales_Saccharomyces_cerevisiae_baker_s_yeast, Node1652*)",129,6.215078969148837e-18,0.6575751876162639,c1,branch_to_yeast
"(Eukaryota_Opisthokonta_Nucletmycea_Fungi_Dikarya_Ascomycota_Saccharomycotina_Saccharomycetes_Saccharomycetales_Saccharomyces_cerevisiae_baker_s_yeast, Node1652*)",130,8.23517440018392e-18,0.6575751876162639,c1,branch_to_yeast
"(Eukaryota_Opisthokonta_Nucletmycea_Fungi_Dikarya_Ascomycota_Saccharomycotina_Saccharomycetes_Saccharomycetales_Saccharomyces_cerevisiae_baker_s_yeast, Node1652*)",131,0.5441475914141404,0.6575751876162639,c1,branch_to_yeast
"(Eukaryota_Opisthokonta_Nucletmycea_Fungi_Dikarya_Ascomycota_Saccharomycotina_Saccharomycetes_Saccharomycetales_Saccharomyces_cerevisiae_baker_s_yeast, Node1652*)",132,0.5441475913936314,0.6046363655715266,c2,branch_to_yeast
"(Eukaryota_Opisthokonta_Nucletmycea_Fungi_Dikarya_Ascomycota_Saccharomycotina_Saccharomycetes_Saccharomycetales_Saccharomyces_cerevisiae_baker_s_yeast, Node1652*)",133,0.5441475913936314,0.6046363655715266,c2,branch_to_yeast
"(Eukaryota_Opisthokonta_Nucletmycea_Fungi_Dikarya_Ascomycota_Saccharomycotina_Saccharomycetes_Saccharomycetales_Saccharomyces_cerevisiae_baker_s_yeast, Node1652*)",134,4.922001279299673e-18,0.6069936118962173,c3,branch_to_yeast
"(Eukaryota_Opisthokonta_Nucletmycea_Fungi_Dikarya_Ascomycota_Saccharomycotina_Saccharomycetes_Saccharomycetales_Saccharomyces_cerevisiae_baker_s_yeast, Node1652*)",135,1.6371415384930377,0.6046363655715266,c2,branch_to_yeast
"(Eukaryota_Opisthokonta_Nucletmycea_Fungi_Dikarya_Ascomycota_Saccharomycotina_Saccharomycetes_Saccharomycetales_Saccharomyces_cerevisiae_baker_s_yeast, Node1652*)",136,0.5441475913936314,0.6046363655715266,c2,branch_to_yeast
"(Eukaryota_Opisthokonta_Nucletmycea_Fungi_Dikarya_Ascomycota_Saccharomycotina_Saccharomycetes_Saccharomycetales_Saccharomyces_cerevisiae_baker_s_yeast, Node1652*)",137,0.9586343552652508,0.6575751876162639,c1,branch_to_yeast
"(Eukaryota_Opisthokonta_Nucletmycea_Fungi_Dikarya_Ascomycota_Saccharomycotina_Saccharomycetes_Saccharomycetales_Saccharomyces_cerevisiae_baker_s_yeast, Node1652*)",138,-2.534140296541903e-18,0.6069936118962173,c3,branch_to_yeast
"(Eukaryota_Opisthokonta_Nucletmycea_Fungi_Dikarya_Ascomycota_Saccharomycotina_Saccharomycetes_Saccharomycetales_Saccharomyces_cerevisiae_baker_s_yeast, Node1652*)",139,5.081542057031405e-18,0.6046363655715266,c2,branch_to_yeast
"(Eukaryota_Opisthokonta_Nucletmycea_Fungi_Dikarya_Ascomycota_Saccharomycotina_Saccharomycetes_Saccharomycetales_Saccharomyces_cerevisiae_baker_s_yeast, Node1652*)",140,0.5441475912541518,0.6069936118962173,c3,branch_to_yeast
"(Eukaryota_Opisthokonta_Nucletmycea_Fungi_Dikarya_Ascomycota_Saccharomycotina_Saccharomycetes_Saccharomycetales_Saccharomyces_cerevisiae_baker_s_yeast, Node1652*)",141,-1.0199261812984008e-17,0.6046363655715266,c2,branch_to_yeast
"(Eukaryota_Opisthokonta_Nucletmycea_Fungi_Dikarya_Ascomycota_Saccharomycotina_Saccharomycetes_Saccharomycetales_Saccharomyces_cerevisiae_baker_s_yeast, Node1652*)",142,1.637141537911306,0.6069936118962173,c3,branch_to_yeast
"(Eukaryota_Opisthokonta_Nucletmycea_Fungi_Dikarya_Ascomycota_Saccharomycotina_Saccharomycetes_Saccharomycetales_Saccharomyces_cerevisiae_baker_s_yeast, Node1652*)",143,2.9017286655807894e-18,0.6046363655715266,c2,branch_to_yeast
"(Eukaryota_Opisthokonta_Nucletmycea_Fungi_Dikarya_Ascomycota_Saccharomycotina_Saccharomycetes_Saccharomycetales_Saccharomyces_cerevisiae_baker_s_yeast, Node1652*)",144,0.9586343552652508,0.6575751876162639,c1,branch_to_yeast
"(Eukaryota_Opisthokonta_Nucletmycea_Fungi_Dikarya_Ascomycota_Saccharomycotina_Saccharomycetes_Saccharomycetales_Saccharomyces_cerevisiae_baker_s_yeast, Node1652*)",145,1.0944337632051277e-18,0.6069936118962173,c3,branch_to_yeast
"(Eukaryota_Opisthokonta_Nucletmycea_Fungi_Dikarya_Ascomycota_Saccharomycotina_Saccharomycetes_Saccharomycetales_Saccharomyces_cerevisiae_baker_s_yeast, Node1652*)",146,-9.084951779780244e-18,0.6069936118962173,c3,branch_to_yeast
"(Eukaryota_Opisthokonta_Nucletmycea_Fungi_Dikarya_Ascomycota_Saccharomycotina_Saccharomycetes_Saccharomycetales_Saccharomyces_cerevisiae_baker_s_yeast, Node1652*)",147,-1.0774543222589194e-17,0.6575751876162639,c1,branch_to_yeast
"(Eukaryota_Opisthokonta_Nucletmycea_Fungi_Dikarya_Ascomycota_Saccharomycotina_Saccharomycetes_Saccharomycetales_Saccharomyces_cerevisiae_baker_s_yeast, Node1652*)",148,0.5441475899074035,0.3476609260040595,c4,branch_to_yeast
"(Eukaryota_Opisthokonta_Nucletmycea_Fungi_Dikarya_Ascomycota_Saccharomycotina_Saccharomycetes_Saccharomycetales_Saccharomyces_cerevisiae_baker_s_yeast, Node1652*)",149,-1.00007680312577e-17,0.6046363655715266,c2,branch_to_yeast
"(Eukaryota_Opisthokonta_Nucletmycea_Fungi_Dikarya_Ascomycota_Saccharomycotina_Saccharomycetes_Saccharomycetales_Saccharomyces_cerevisiae_baker_s_yeast, Node1652*)",150,6.360709442787924e-18,0.6575751876162639,c1,branch_to_yeast
"(Eukaryota_Opisthokonta_Nucletmycea_Fungi_Dikarya_Ascomycota_Saccharomycotina_Saccharomycetes_Saccharomycetales_Saccharomyces_cerevisiae_baker_s_yeast, Node1652*)",151,3.8507443788178244e-18,0.6069936118962173,c3,branch_to_yeast
"(Eukaryota_Opisthokonta_Nucletmycea_Fungi_Dikarya_Ascomycota_Saccharomycotina_Saccharomycetes_Saccharomycetales_Saccharomyces_cerevisiae_baker_s_yeast, Node1652*)",152,0.9586343513631712,0.3476609260040595,c4,branch_to_yeast
"(Eukaryota_Opisthokonta_Nucletmycea_Fungi_Dikarya_Ascomycota_Saccharomycotina_Saccharomycetes_Saccharomycetales_Saccharomyces_cerevisiae_baker_s_yeast, Node1652*)",153,0.5441475899074035,0.3476609260040595,c4,branch_to_yeast
"(Eukaryota_Opisthokonta_Nucletmycea_Fungi_Dikarya_Ascomycota_Saccharomycotina_Saccharomycetes_Saccharomycetales_Saccharomyces_cerevisiae_baker_s_yeast, Node1652*)",154,-1.0670455888915573e-18,0.3476609260040595,c4,branch_to_yeast
"(Eukaryota_Opisthokonta_Nucletmycea_Fungi_Dikarya_Ascomycota_Saccharomycotina_Saccharomycetes_Saccharomycetales_Saccharomyces_cerevisiae_baker_s_yeast, Node1652*)",155,0.5441475912541518,0.6069936118962173,c3,branch_to_yeast
"(Eukaryota_Opisthokonta_Nucletmycea_Fungi_Dikarya_Ascomycota_Saccharomycotina_Saccharomycetes_Saccharomycetales_Saccharomyces_cerevisiae_baker_s_yeast, Node1652*)",156,0.9586343548511712,0.6069936118962173,c3,branch_to_yeast
"(Eukaryota_Opisthokonta_Nucletmycea_Fungi_Dikarya_Ascomycota_Saccharomycotina_Saccharomycetes_Saccharomycetales_Saccharomyces_cerevisiae_baker_s_yeast, Node1652*)",157,3.2149453504398208e-18,0.6046363655715266,c2,branch_to_yeast
"(Eukaryota_Opisthokonta_Nucletmycea_Fungi_Dikarya_Ascomycota_Saccharomycotina_Saccharomycetes_Saccharomycetales_Saccharomyces_cerevisiae_baker_s_yeast, Node1652*)",158,5.633175701054733e-18,0.3476609260040595,c4,branch_to_yeast
"(Eukaryota_Opisthokonta_Nucletmycea_Fungi_Dikarya_Ascomycota_Saccharomycotina_Saccharomycetes_Saccharomycetales_Saccharomyces_cerevisiae_baker_s_yeast, Node1652*)",159,-9.907258956800457e-18,0.6069936118962173,c3,branch_to_yeast
"(Eukaryota_Opisthokonta_Nucletmycea_Fungi_Dikarya_Ascomycota_Saccharomycotina_Saccharomycetes_Saccharomycetales_Saccharomyces_cerevisiae_baker_s_yeast, Node1652*)",160,0.5441475899074035,0.3476609260040595,c4,branch_to_yeast
"(Eukaryota_Opisthokonta_Nucletmycea_Fungi_Dikarya_Ascomycota_Saccharomycotina_Saccharomycetes_Saccharomycetales_Saccharomyces_cerevisiae_baker_s_yeast, Node1652*)",161,1.637141537911306,0.6069936118962173,c3,branch_to_yeast
"(Eukaryota_Opisthokonta_Nucletmycea_Fungi_Dikarya_Ascomycota_Saccharomycotina_Saccharomycetes_Saccharomycetales_Saccharomyces_cerevisiae_baker_s_yeast, Node1652*)",162,5.4036446762616294e-18,0.6046363655715266,c2,branch_to_yeast
"(Eukaryota_Opisthokonta_Nucletmycea_Fungi_Dikarya_Ascomycota_Saccharomycotina_Saccharomycetes_Saccharomycetales_Saccharomyces_cerevisiae_baker_s_yeast, Node1652*)",163,0.5441475913936314,0.6046363655715266,c2,branch_to_yeast
"(Eukaryota_Opisthokonta_Nucletmycea_Fungi_Dikarya_Ascomycota_Saccharomycotina_Saccharomycetes_Saccharomycetales_Saccharomyces_cerevisiae_baker_s_yeast, Node1652*)",164,2.466485184982392e-18,0.6069936118962173,c3,branch_to_yeast
"(Eukaryota_Opisthokonta_Nucletmycea_Fungi_Dikarya_Ascomycota_Saccharomycotina_Saccharomycetes_Saccharomycetales_Saccharomyces_cerevisiae_baker_s_yeast, Node1652*)",165,1.637141537911306,0.6069936118962173,c3,branch_to_yeast
"(Eukaryota_Opisthokonta_Nucletmycea_Fungi_Dikarya_Ascomycota_Saccharomycotina_Saccharomycetes_Saccharomycetales_Saccharomyces_cerevisiae_baker_s_yeast, Node1652*)",166,0.5441475899074035,0.3476609260040595,c4,branch_to_yeast
"(Eukaryota_Opisthokonta_Nucletmycea_Fungi_Dikarya_Ascomycota_Saccharomycotina_Saccharomycetes_Saccharomycetales_Saccharomyces_cerevisiae_baker_s_yeast, Node1652*)",167,-1.1567747433225248e-18,0.6069936118962173,c3,branch_to_yeast
"(Eukaryota_Opisthokonta_Nucletmycea_Fungi_Dikarya_Ascomycota_Saccharomycotina_Saccharomycetes_Saccharomycetales_Saccharomyces_cerevisiae_baker_s_yeast, Node1652*)",168,0.9586343552121765,0.6046363655715266,c2,branch_to_yeast
"(Eukaryota_Opisthokonta_Nucletmycea_Fungi_Dikarya_Ascomycota_Saccharomycotina_Saccharomycetes_Saccharomycetales_Saccharomyces_cerevisiae_baker_s_yeast, Node1652*)",169,0.9586343548511712,0.6069936118962173,c3,branch_to_yeast
"(Eukaryota_Opisthokonta_Nucletmycea_Fungi_Dikarya_Ascomycota_Saccharomycotina_Saccharomycetes_Saccharomycetales_Saccharomyces_cerevisiae_baker_s_yeast, Node1652*)",170,0.5441475914141404,0.6575751876162639,c1,branch_to_yeast
"(Eukaryota_Opisthokonta_Nucletmycea_Fungi_Dikarya_Ascomycota_Saccharomycotina_Saccharomycetes_Saccharomycetales_Saccharomyces_cerevisiae_baker_s_yeast, Node1652*)",171,-8.14034333853556e-18,0.6046363655715266,c2,branch_to_yeast
"(Eukaryota_Opisthokonta_Nucletmycea_Fungi_Dikarya_Ascomycota_Saccharomycotina_Saccharomycetes_Saccharomycetales_Saccharomyces_cerevisiae_baker_s_yeast, Node1652*)",172,0.5441475914141404,0.6575751876162639,c1,branch_to_yeast
"(Eukaryota_Opisthokonta_Nucletmycea_Fungi_Dikarya_Ascomycota_Saccharomycotina_Saccharomycetes_Saccharomycetales_Saccharomyces_cerevisiae_baker_s_yeast, Node1652*)",173,0.5441475912540396,0.6069936118962173,c3,branch_to_yeast
"(Eukaryota_Opisthokonta_Nucletmycea_Fungi_Dikarya_Ascomycota_Saccharomycotina_Saccharomycetes_Saccharomycetales_Saccharomyces_cerevisiae_baker_s_yeast, Node1652*)",174,1.6371415384930377,0.6046363655715266,c2,branch_to_yeast
"(Eukaryota_Opisthokonta_Nucletmycea_Fungi_Dikarya_Ascomycota_Saccharomycotina_Saccharomycetes_Saccharomycetales_Saccharomyces_cerevisiae_baker_s_yeast, Node1652*)",175,-9.769116668884509e-18,0.3476609260040595,c4,branch_to_yeast
"(Eukaryota_Opisthokonta_Nucletmycea_Fungi_Dikarya_Ascomycota_Saccharomycotina_Saccharomycetes_Saccharomycetales_Saccharomyces_cerevisiae_baker_s_yeast, Node1652*)",176,0.9586343513631712,0.3476609260040595,c4,branch_to_yeast
"(Eukaryota_Opisthokonta_Nucletmycea_Fungi_Dikarya_Ascomycota_Saccharomycotina_Saccharomycetes_Saccharomycetales_Saccharomyces_cerevisiae_baker_s_yeast, Node1652*)",177,-5.3909670687635306e-18,0.3476609260040595,c4,branch_to_yeast
"(Eukaryota_Opisthokonta_Nucletmycea_Fungi_Dikarya_Ascomycota_Saccharomycotina_Saccharomycetes_Saccharomycetales_Saccharomyces_cerevisiae_baker_s_yeast, Node1652*)",178,0.9586343513631712,0.3476609260040595,c4,branch_to_yeast
"(Eukaryota_Opisthokonta_Nucletmycea_Fungi_Dikarya_Ascomycota_Saccharomycotina_Saccharomycetes_Saccharomycetales_Saccharomyces_cerevisiae_baker_s_yeast, Node1652*)",179,0.9586343548511712,0.6069936118962173,c3,branch_to_yeast
"(Eukaryota_Opisthokonta_Nucletmycea_Fungi_Dikarya_Ascomycota_Saccharomycotina_Saccharomycetes_Saccharomycetales_Saccharomyces_cerevisiae_baker_s_yeast, Node1652*)",180,-1.0861628634728969e-17,0.6575751876162639,c1,branch_to_yeast
"(Eukaryota_Opisthokonta_Nucletmycea_Fungi_Dikarya_Ascomycota_Saccharomycotina_Saccharomycetes_Saccharomycetales_Saccharomyces_cerevisiae_baker_s_yeast, Node1652*)",181,0.5441475914141404,0.6575751876162639,c1,branch_to_yeast
"(Eukaryota_Opisthokonta_Nucletmycea_Fungi_Dikarya_Ascomycota_Saccharomycotina_Saccharomycetes_Saccharomycetales_Saccharomyces_cerevisiae_baker_s_yeast, Node1652*)",182,0.5441475914141404,0.6575751876162639,c1,branch_to_yeast
"(Eukaryota_Opisthokonta_Nucletmycea_Fungi_Dikarya_Ascomycota_Saccharomycotina_Saccharomycetes_Saccharomycetales_Saccharomyces_cerevisiae_baker_s_yeast, Node1652*)",183,1.5929953129323354e-18,0.6575751876162639,c1,branch_to_yeast
"(Eukaryota_Opisthokonta_Nucletmycea_Fungi_Dikarya_Ascomycota_Saccharomycotina_Saccharomycetes_Saccharomycetales_Saccharomyces_cerevisiae_baker_s_yeast, Node1652*)",184,4.9306050474150406e-18,0.6046363655715266,c2,branch_to_yeast
"(Eukaryota_Opisthokonta_Nucletmycea_Fungi_Dikarya_Ascomycota_Saccharomycotina_Saccharomycetes_Saccharomycetales_Saccharomyces_cerevisiae_baker_s_yeast, Node1652*)",185,1.637141537911306,0.6069936118962173,c3,branch_to_yeast
"(Eukaryota_Opisthokonta_Nucletmycea_Fungi_Dikarya_Ascomycota_Saccharomycotina_Saccharomycetes_Saccharomycetales_Saccharomyces_cerevisiae_baker_s_yeast, Node1652*)",186,-6.460559377390325e-18,0.3476609260040595,c4,branch_to_yeast
"(Eukaryota_Opisthokonta_Nucletmycea_Fungi_Dikarya_Ascomycota_Saccharomycotina_Saccharomycetes_Saccharomycetales_Saccharomyces_cerevisiae_baker_s_yeast, Node1652*)",187,0.5441475899074035,0.3476609260040595,c4,branch_to_yeast
"(Eukaryota_Opisthokonta_Nucletmycea_Fungi_Dikarya_Ascomycota_Saccharomycotina_Saccharomycetes_Saccharomycetales_Saccharomyces_cerevisiae_baker_s_yeast, Node1652*)",188,0.9586343513631712,0.3476609260040595,c4,branch_to_yeast
"(Eukaryota_Opisthokonta_Nucletmycea_Fungi_Dikarya_Ascomycota_Saccharomycotina_Saccharomycetes_Saccharomycetales_Saccharomyces_cerevisiae_baker_s_yeast, Node1652*)",189,0.5441475899074035,0.3476609260040595,c4,branch_to_yeast
"(Eukaryota_Opisthokonta_Nucletmycea_Fungi_Dikarya_Ascomycota_Saccharomycotina_Saccharomycetes_Saccharomycetales_Saccharomyces_cerevisiae_baker_s_yeast, Node1652*)",190,0.9586343548511712,0.6069936118962173,c3,branch_to_yeast
"(Eukaryota_Opisthokonta_Nucletmycea_Fungi_Dikarya_Ascomycota_Saccharomycotina_Saccharomycetes_Saccharomycetales_Saccharomyces_cerevisiae_baker_s_yeast, Node1652*)",191,1.637141537911306,0.6069936118962173,c3,branch_to_yeast
"(Eukaryota_Opisthokonta_Nucletmycea_Fungi_Dikarya_Ascomycota_Saccharomycotina_Saccharomycetes_Saccharomycetales_Saccharomyces_cerevisiae_baker_s_yeast, Node1652*)",192,-1.0180254898998744e-17,0.6575751876162639,c1,branch_to_yeast
"(Eukaryota_Opisthokonta_Nucletmycea_Fungi_Dikarya_Ascomycota_Saccharomycotina_Saccharomycetes_Saccharomycetales_Saccharomyces_cerevisiae_baker_s_yeast, Node1652*)",193,0.5441475914141404,0.6575751876162639,c1,branch_to_yeast
"(Eukaryota_Opisthokonta_Nucletmycea_Fungi_Dikarya_Ascomycota_Saccharomycotina_Saccharomycetes_Saccharomycetales_Saccharomyces_cerevisiae_baker_s_yeast, Node1652*)",194,0.5441475914141404,0.6575751876162639,c1,branch_to_yeast
"(Eukaryota_Opisthokonta_Nucletmycea_Fungi_Dikarya_Ascomycota_Saccharomycotina_Saccharomycetes_Saccharomycetales_Saccharomyces_cerevisiae_baker_s_yeast, Node1652*)",195,4.401595031679112e-18,0.6046363655715266,c2,branch_to_yeast
"(Eukaryota_Opisthokonta_Nucletmycea_Fungi_Dikarya_Ascomycota_Saccharomycotina_Saccharomycetes_Saccharomycetales_Saccharomyces_cerevisiae_baker_s_yeast, Node1652*)",196,0.5441475912541518,0.6069936118962173,c3,branch_to_yeast
"(Eukaryota_Opisthokonta_Nucletmycea_Fungi_Dikarya_Ascomycota_Saccharomycotina_Saccharomycetes_Saccharomycetales_Saccharomyces_cerevisiae_baker_s_yeast, Node1652*)",197,1.6371415384930377,0.6046363655715266,c2,branch_to_yeast
"(Eukaryota_Opisthokonta_Nucletmycea_Fungi_Dikarya_Ascomycota_Saccharomycotina_Saccharomycetes_Saccharomycetales_Saccharomyces_cerevisiae_baker_s_yeast, Node1652*)",198,0.5441475912541518,0.6069936118962173,c3,branch_to_yeast
"(Eukaryota_Opisthokonta_Nucletmycea_Fungi_Dikarya_Ascomycota_Saccharomycotina_Saccharomycetes_Saccharomycetales_Saccharomyces_cerevisiae_baker_s_yeast, Node1652*)",199,-9.016481898712119e-18,0.6069936118962173,c3,branch_to_yeast
"(Eukaryota_Opisthokonta_Nucletmycea_Fungi_Dikarya_Ascomycota_Saccharomycotina_Saccharomycetes_Saccharomycetales_Saccharomyces_cerevisiae_baker_s_yeast, Node1652*)",200,0.9586343548511712,0.6069936118962173,c3,branch_to_yeast
"(Eukaryota_Opisthokonta_Nucletmycea_Fungi_Dikarya_Ascomycota_Saccharomycotina_Saccharomycetes_Saccharomycetales_Saccharomyces_cerevisiae_baker_s_yeast, Node1652*)",201,1.6371415384930377,0.6046363655715266,c2,branch_to_yeast
"(Eukaryota_Opisthokonta_Nucletmycea_Fungi_Dikarya_Ascomycota_Saccharomycotina_Saccharomycetes_Saccharomycetales_Saccharomyces_cerevisiae_baker_s_yeast, Node1652*)",202,8.294758442197958e-18,0.6575751876162639,c1,branch_to_yeast
"(Eukaryota_Opisthokonta_Nucletmycea_Fungi_Dikarya_Ascomycota_Saccharomycotina_Saccharomycetes_Saccharomycetales_Saccharomyces_cerevisiae_baker_s_yeast, Node1652*)",203,6.0586861312320235e-18,0.6069936118962173,c3,branch_to_yeast
"(Eukaryota_Opisthokonta_Nucletmycea_Fungi_Dikarya_Ascomycota_Saccharomycotina_Saccharomycetes_Saccharomycetales_Saccharomyces_cerevisiae_baker_s_yeast, Node1652*)",204,0.5441475899074035,0.3476609260040595,c4,branch_to_yeast
"(Eukaryota_Opisthokonta_Nucletmycea_Fungi_Dikarya_Ascomycota_Saccharomycotina_Saccharomycetes_Saccharomycetales_Saccharomyces_cerevisiae_baker_s_yeast, Node1652*)",205,0.5441475899074035,0.3476609260040595,c4,branch_to_yeast
"(Eukaryota_Opisthokonta_Nucletmycea_Fungi_Dikarya_Ascomycota_Saccharomycotina_Saccharomycetes_Saccharomycetales_Saccharomyces_cerevisiae_baker_s_yeast, Node1652*)",206,0.5441475899074035,0.3476609260040595,c4,branch_to_yeast
"(Eukaryota_Opisthokonta_Nucletmycea_Fungi_Dikarya_Ascomycota_Saccharomycotina_Saccharomycetes_Saccharomycetales_Saccharomyces_cerevisiae_baker_s_yeast, Node1652*)",207,0.5441475899074035,0.3476609260040595,c4,branch_to_yeast
"(Eukaryota_Opisthokonta_Nucletmycea_Fungi_Dikarya_Ascomycota_Saccharomycotina_Saccharomycetes_Saccharomycetales_Saccharomyces_cerevisiae_baker_s_yeast, Node1652*)",208,5.9791476434642964e-18,0.3476609260040595,c4,branch_to_yeast
"(Eukaryota_Opisthokonta_Nucletmycea_Fungi_Dikarya_Ascomycota_Saccharomycotina_Saccharomycetes_Saccharomycetales_Saccharomyces_cerevisiae_baker_s_yeast, Node1652*)",209,-5.1848722598962e-18,0.3476609260040595,c4,branch_to_yeast
"(Eukaryota_Opisthokonta_Nucletmycea_Fungi_Dikarya_Ascomycota_Saccharomycotina_Saccharomycetes_Saccharomycetales_Saccharomyces_cerevisiae_baker_s_yeast, Node1652*)",210,1.637141532282841,0.3476609260040595,c4,branch_to_yeast
"(Eukaryota_Opisthokonta_Nucletmycea_Fungi_Dikarya_Ascomycota_Saccharomycotina_Saccharomycetes_Saccharomycetales_Saccharomyces_cerevisiae_baker_s_yeast, Node1652*)",211,-9.769041563346993e-18,0.3476609260040595,c4,branch_to_yeast
"(Eukaryota_Opisthokonta_Nucletmycea_Fungi_Dikarya_Ascomycota_Saccharomycotina_Saccharomycetes_Saccharomycetales_Saccharomyces_cerevisiae_baker_s_yeast, Node1652*)",212,1.637141532282841,0.3476609260040595,c4,branch_to_yeast
"(Eukaryota_Opisthokonta_Nucletmycea_Fungi_Dikarya_Ascomycota_Saccharomycotina_Saccharomycetes_Saccharomycetales_Saccharomyces_cerevisiae_baker_s_yeast, Node1652*)",213,2.3505912235499846e-18,0.3476609260040595,c4,branch_to_yeast
"(Eukaryota_Opisthokonta_Nucletmycea_Fungi_Dikarya_Ascomycota_Saccharomycotina_Saccharomycetes_Saccharomycetales_Saccharomyces_cerevisiae_baker_s_yeast, Node1652*)",214,0.9586343548511712,0.6069936118962173,c3,branch_to_yeast
"(Eukaryota_Opisthokonta_Nucletmycea_Fungi_Dikarya_Ascomycota_Saccharomycotina_Saccharomycetes_Saccharomycetales_Saccharomyces_cerevisiae_baker_s_yeast, Node1652*)",215,2.7913282047556666e-21,0.3476609260040595,c4,branch_to_yeast
"(Eukaryota_Opisthokonta_Nucletmycea_Fungi_Dikarya_Ascomycota_Saccharomycotina_Saccharomycetes_Saccharomycetales_Saccharomyces_cerevisiae_baker_s_yeast, Node1652*)",216,1.8672185302718712e-20,0.3476609260040595,c4,branch_to_yeast
"(Eukaryota_Opisthokonta_Nucletmycea_Fungi_Dikarya_Ascomycota_Saccharomycotina_Saccharomycetes_Saccharomycetales_Saccharomyces_cerevisiae_baker_s_yeast, Node1652*)",217,0.5441475912541518,0.6069936118962173,c3,branch_to_yeast
"(Eukaryota_Opisthokonta_Nucletmycea_Fungi_Dikarya_Ascomycota_Saccharomycotina_Saccharomycetes_Saccharomycetales_Saccharomyces_cerevisiae_baker_s_yeast, Node1652*)",218,-8.059767091880512e-19,0.3476609260040595,c4,branch_to_yeast
"(Eukaryota_Opisthokonta_Nucletmycea_Fungi_Dikarya_Ascomycota_Saccharomycotina_Saccharomycetes_Saccharomycetales_Saccharomyces_cerevisiae_baker_s_yeast, Node1652*)",219,-1.0689266404889981e-18,0.3476609260040595,c4,branch_to_yeast
"(Eukaryota_Opisthokonta_Nucletmycea_Fungi_Dikarya_Ascomycota_Saccharomycotina_Saccharomycetes_Saccharomycetales_Saccharomyces_cerevisiae_baker_s_yeast, Node1652*)",220,1.637141532282841,0.3476609260040595,c4,branch_to_yeast
"(Eukaryota_Opisthokonta_Nucletmycea_Fungi_Dikarya_Ascomycota_Saccharomycotina_Saccharomycetes_Saccharomycetales_Saccharomyces_cerevisiae_baker_s_yeast, Node1652*)",221,1.637141537911306,0.6069936118962173,c3,branch_to_yeast
"(Eukaryota_Opisthokonta_Nucletmycea_Fungi_Dikarya_Ascomycota_Saccharomycotina_Saccharomycetes_Saccharomycetales_Saccharomyces_cerevisiae_baker_s_yeast, Node1652*)",222,5.593974193082411e-18,0.6046363655715266,c2,branch_to_yeast
"(Eukaryota_Opisthokonta_Nucletmycea_Fungi_Dikarya_Ascomycota_Saccharomycotina_Saccharomycetes_Saccharomycetales_Saccharomyces_cerevisiae_baker_s_yeast, Node1652*)",223,1.6371415378845755,0.6069936118962173,c3,branch_to_yeast
"(Eukaryota_Opisthokonta_Nucletmycea_Fungi_Dikarya_Ascomycota_Saccharomycotina_Saccharomycetes_Saccharomycetales_Saccharomyces_cerevisiae_baker_s_yeast, Node1652*)",224,-1.0748792045629716e-17,0.3476609260040595,c4,branch_to_yeast
"(Eukaryota_Opisthokonta_Nucletmycea_Fungi_Dikarya_Ascomycota_Saccharomycotina_Saccharomycetes_Saccharomycetales_Saccharomyces_cerevisiae_baker_s_yeast, Node1652*)",225,-1.0867589553292568e-17,0.6069936118962173,c3,branch_to_yeast
"(Eukaryota_Opisthokonta_Nucletmycea_Fungi_Dikarya_Ascomycota_Saccharomycotina_Saccharomycetes_Saccharomycetales_Saccharomyces_cerevisiae_baker_s_yeast, Node1652*)",226,-1.0559371905158949e-17,0.6069936118962173,c3,branch_to_yeast
"(Eukaryota_Opisthokonta_Nucletmycea_Fungi_Dikarya_Ascomycota_Saccharomycotina_Saccharomycetes_Saccharomycetales_Saccharomyces_cerevisiae_baker_s_yeast, Node1652*)",227,-5.337727633665233e-18,0.3476609260040595,c4,branch_to_yeast
"(Eukaryota_Opisthokonta_Nucletmycea_Fungi_Dikarya_Ascomycota_Saccharomycotina_Saccharomycetes_Saccharomycetales_Saccharomyces_cerevisiae_baker_s_yeast, Node1652*)",228,0.9586343548511712,0.6069936118962173,c3,branch_to_yeast
"(Eukaryota_Opisthokonta_Nucletmycea_Fungi_Dikarya_Ascomycota_Saccharomycotina_Saccharomycetes_Saccharomycetales_Saccharomyces_cerevisiae_baker_s_yeast, Node1652*)",229,0.9586343513631712,0.3476609260040595,c4,branch_to_yeast
"(Eukaryota_Opisthokonta_Nucletmycea_Fungi_Dikarya_Ascomycota_Saccharomycotina_Saccharomycetes_Saccharomycetales_Saccharomyces_cerevisiae_baker_s_yeast, Node1652*)",230,2.0068739236306374e-18,0.3476609260040595,c4,branch_to_yeast
"(Eukaryota_Opisthokonta_Nucletmycea_Fungi_Dikarya_Ascomycota_Saccharomycotina_Saccharomycetes_Saccharomycetales_Saccharomyces_cerevisiae_baker_s_yeast, Node1652*)",231,2.462865101198556e-20,0.3476609260040595,c4,branch_to_yeast
"(Eukaryota_Opisthokonta_Nucletmycea_Fungi_Dikarya_Ascomycota_Saccharomycotina_Saccharomycetes_Saccharomycetales_Saccharomyces_cerevisiae_baker_s_yeast, Node1652*)",232,-2.415240477966759e-19,0.3476609260040595,c4,branch_to_yeast
"(Eukaryota_Opisthokonta_Nucletmycea_Fungi_Dikarya_Ascomycota_Saccharomycotina_Saccharomycetes_Saccharomycetales_Saccharomyces_cerevisiae_baker_s_yeast, Node1652*)",233,0.5441475912541518,0.6069936118962173,c3,branch_to_yeast
"(Eukaryota_Opisthokonta_Nucletmycea_Fungi_Dikarya_Ascomycota_Saccharomycotina_Saccharomycetes_Saccharomycetales_Saccharomyces_cerevisiae_baker_s_yeast, Node1652*)",234,0.5441475912541518,0.6069936118962173,c3,branch_to_yeast
"(Eukaryota_Opisthokonta_Nucletmycea_Fungi_Dikarya_Ascomycota_Saccharomycotina_Saccharomycetes_Saccharomycetales_Saccharomyces_cerevisiae_baker_s_yeast, Node1652*)",235,1.1675525248866752e-18,0.3476609260040595,c4,branch_to_yeast
"(Eukaryota_Opisthokonta_Nucletmycea_Fungi_Dikarya_Ascomycota_Saccharomycotina_Saccharomycetes_Saccharomycetales_Saccharomyces_cerevisiae_baker_s_yeast, Node1652*)",236,0.9586343513631712,0.3476609260040595,c4,branch_to_yeast
"(Eukaryota_Opisthokonta_Nucletmycea_Fungi_Dikarya_Ascomycota_Saccharomycotina_Saccharomycetes_Saccharomycetales_Saccharomyces_cerevisiae_baker_s_yeast, Node1652*)",237,0.5441475899074035,0.3476609260040595,c4,branch_to_yeast
"(Eukaryota_Opisthokonta_Nucletmycea_Fungi_Dikarya_Ascomycota_Saccharomycotina_Saccharomycetes_Saccharomycetales_Saccharomyces_cerevisiae_baker_s_yeast, Node1652*)",238,0.9586343513631712,0.3476609260040595,c4,branch_to_yeast
"(Eukaryota_Opisthokonta_Nucletmycea_Fungi_Dikarya_Ascomycota_Saccharomycotina_Saccharomycetes_Saccharomycetales_Saccharomyces_cerevisiae_baker_s_yeast, Node1652*)",239,0.5441475899074035,0.3476609260040595,c4,branch_to_yeast
"(Eukaryota_Opisthokonta_Nucletmycea_Fungi_Dikarya_Ascomycota_Saccharomycotina_Saccharomycetes_Saccharomycetales_Saccharomyces_cerevisiae_baker_s_yeast, Node1652*)",240,-8.567180328053856e-18,0.3476609260040595,c4,branch_to_yeast
"(Eukaryota_Opisthokonta_Nucletmycea_Fungi_Dikarya_Ascomycota_Saccharomycotina_Saccharomycetes_Saccharomycetales_Saccharomyces_cerevisiae_baker_s_yeast, Node1652*)",241,0.9586343552121765,0.6046363655715266,c2,branch_to_yeast
"(Eukaryota_Opisthokonta_Nucletmycea_Fungi_Dikarya_Ascomycota_Saccharomycotina_Saccharomycetes_Saccharomycetales_Saccharomyces_cerevisiae_baker_s_yeast, Node1652*)",242,-9.408271405579841e-18,0.6069936118962173,c3,branch_to_yeast
"(Eukaryota_Opisthokonta_Nucletmycea_Fungi_Dikarya_Ascomycota_Saccharomycotina_Saccharomycetes_Saccharomycetales_Saccharomyces_cerevisiae_baker_s_yeast, Node1652*)",243,0.5441475912541518,0.6069936118962173,c3,branch_to_yeast
"(Eukaryota_Opisthokonta_Nucletmycea_Fungi_Dikarya_Ascomycota_Saccharomycotina_Saccharomycetes_Saccharomycetales_Saccharomyces_cerevisiae_baker_s_yeast, Node1652*)",244,-2.85504365161102e-18,0.6046363655715266,c2,branch_to_yeast
"(Eukaryota_Opisthokonta_Nucletmycea_Fungi_Dikarya_Ascomycota_Saccharomycotina_Saccharomycetes_Saccharomycetales_Saccharomyces_cerevisiae_baker_s_yeast, Node1652*)",245,7.290879998099408e-18,0.6046363655715266,c2,branch_to_yeast
"(Eukaryota_Opisthokonta_Nucletmycea_Fungi_Dikarya_Ascomycota_Saccharomycotina_Saccharomycetes_Saccharomycetales_Saccharomyces_cerevisiae_baker_s_yeast, Node1652*)",246,7.788244010848642e-18,0.6046363655715266,c2,branch_to_yeast
"(Eukaryota_Opisthokonta_Nucletmycea_Fungi_Dikarya_Ascomycota_Saccharomycotina_Saccharomycetes_Saccharomycetales_Saccharomyces_cerevisiae_baker_s_yeast, Node1652*)",247,0.5441475913936314,0.6046363655715266,c2,branch_to_yeast
"(Eukaryota_Opisthokonta_Nucletmycea_Fungi_Dikarya_Ascomycota_Saccharomycotina_Saccharomycetes_Saccharomycetales_Saccharomyces_cerevisiae_baker_s_yeast, Node1652*)",248,-5.434743155891079e-18,0.6046363655715266,c2,branch_to_yeast
"(Eukaryota_Opisthokonta_Nucletmycea_Fungi_Dikarya_Ascomycota_Saccharomycotina_Saccharomycetes_Saccharomycetales_Saccharomyces_cerevisiae_baker_s_yeast, Node1652*)",249,4.09753279056691e-18,0.6046363655715266,c2,branch_to_yeast
"(Eukaryota_Opisthokonta_Nucletmycea_Fungi_Dikarya_Ascomycota_Saccharomycotina_Saccharomycetes_Saccharomycetales_Saccharomyces_cerevisiae_baker_s_yeast, Node1652*)",250,0.5441475913936314,0.6046363655715266,c2,branch_to_yeast
"(Eukaryota_Opisthokonta_Nucletmycea_Fungi_Dikarya_Ascomycota_Saccharomycotina_Saccharomycetes_Saccharomycetales_Saccharomyces_cerevisiae_baker_s_yeast, Node1652*)",251,0.9586343552121765,0.6046363655715266,c2,branch_to_yeast
"(Eukaryota_Opisthokonta_Nucletmycea_Fungi_Dikarya_Ascomycota_Saccharomycotina_Saccharomycetes_Saccharomycetales_Saccharomyces_cerevisiae_baker_s_yeast, Node1652*)",252,0.5441475912541518,0.6069936118962173,c3,branch_to_yeast
"(Eukaryota_Opisthokonta_Nucletmycea_Fungi_Dikarya_Ascomycota_Saccharomycotina_Saccharomycetes_Saccharomycetales_Saccharomyces_cerevisiae_baker_s_yeast, Node1652*)",253,-8.599664601122847e-18,0.6069936118962173,c3,branch_to_yeast
"(Eukaryota_Opisthokonta_Nucletmycea_Fungi_Dikarya_Ascomycota_Saccharomycotina_Saccharomycetes_Saccharomycetales_Saccharomyces_cerevisiae_baker_s_yeast, Node1652*)",254,0.5441475899074035,0.3476609260040595,c4,branch_to_yeast
"(Eukaryota_Opisthokonta_Nucletmycea_Fungi_Dikarya_Ascomycota_Saccharomycotina_Saccharomycetes_Saccharomycetales_Saccharomyces_cerevisiae_baker_s_yeast, Node1652*)",255,0.5441475899074035,0.3476609260040595,c4,branch_to_yeast
"(Eukaryota_Opisthokonta_Nucletmycea_Fungi_Dikarya_Ascomycota_Saccharomycotina_Saccharomycetes_Saccharomycetales_Saccharomyces_cerevisiae_baker_s_yeast, Node1652*)",256,0.5441475912541518,0.6069936118962173,c3,branch_to_yeast
"(Eukaryota_Opisthokonta_Nucletmycea_Fungi_Dikarya_Ascomycota_Saccharomycotina_Saccharomycetes_Saccharomycetales_Saccharomyces_cerevisiae_baker_s_yeast, Node1652*)",257,0.5441475912541518,0.6069936118962173,c3,branch_to_yeast
"(Eukaryota_Opisthokonta_Nucletmycea_Fungi_Dikarya_Ascomycota_Saccharomycotina_Saccharomycetes_Saccharomycetales_Saccharomyces_cerevisiae_baker_s_yeast, Node1652*)",258,0.5441475912541518,0.6069936118962173,c3,branch_to_yeast
"(Eukaryota_Opisthokonta_Nucletmycea_Fungi_Dikarya_Ascomycota_Saccharomycotina_Saccharomycetes_Saccharomycetales_Saccharomyces_cerevisiae_baker_s_yeast, Node1652*)",259,0.5441475912541518,0.6069936118962173,c3,branch_to_yeast
"(Eukaryota_Opisthokonta_Nucletmycea_Fungi_Dikarya_Ascomycota_Saccharomycotina_Saccharomycetes_Saccharomycetales_Saccharomyces_cerevisiae_baker_s_yeast, Node1652*)",260,-1.0654756758194509e-17,0.6046363655715266,c2,branch_to_yeast
"(Eukaryota_Opisthokonta_Nucletmycea_Fungi_Dikarya_Ascomycota_Saccharomycotina_Saccharomycetes_Saccharomycetales_Saccharomyces_cerevisiae_baker_s_yeast, Node1652*)",261,1.6371415384930377,0.6046363655715266,c2,branch_to_yeast
"(Eukaryota_Opisthokonta_Nucletmycea_Fungi_Dikarya_Ascomycota_Saccharomycotina_Saccharomycetes_Saccharomycetales_Saccharomyces_cerevisiae_baker_s_yeast, Node1652*)",262,0.5441475913936314,0.6046363655715266,c2,branch_to_yeast
"(Eukaryota_Opisthokonta_Nucletmycea_Fungi_Dikarya_Ascomycota_Saccharomycotina_Saccharomycetes_Saccharomycetales_Saccharomyces_cerevisiae_baker_s_yeast, Node1652*)",263,0.5441475912541518,0.6069936118962173,c3,branch_to_yeast
"(Eukaryota_Opisthokonta_Nucletmycea_Fungi_Dikarya_Ascomycota_Saccharomycotina_Saccharomycetes_Saccharomycetales_Saccharomyces_cerevisiae_baker_s_yeast, Node1652*)",264,-1.0499896506365163e-17,0.3476609260040595,c4,branch_to_yeast
"(Eukaryota_Opisthokonta_Nucletmycea_Fungi_Dikarya_Ascomycota_Saccharomycotina_Saccharomycetes_Saccharomycetales_Saccharomyces_cerevisiae_baker_s_yeast, Node1652*)",265,0.9586343513631712,0.3476609260040595,c4,branch_to_yeast
"(Eukaryota_Opisthokonta_Nucletmycea_Fungi_Dikarya_Ascomycota_Saccharomycotina_Saccharomycetes_Saccharomycetales_Saccharomyces_cerevisiae_baker_s_yeast, Node1652*)",266,-9.766137041011485e-18,0.3476609260040595,c4,branch_to_yeast
"(Eukaryota_Opisthokonta_Nucletmycea_Fungi_Dikarya_Ascomycota_Saccharomycotina_Saccharomycetes_Saccharomycetales_Saccharomyces_cerevisiae_baker_s_yeast, Node1652*)",267,-9.74845572556242e-18,0.3476609260040595,c4,branch_to_yeast
"(Eukaryota_Opisthokonta_Nucletmycea_Fungi_Dikarya_Ascomycota_Saccharomycotina_Saccharomycetes_Saccharomycetales_Saccharomyces_cerevisiae_baker_s_yeast, Node1652*)",268,1.637141532282841,0.3476609260040595,c4,branch_to_yeast
"(Eukaryota_Opisthokonta_Nucletmycea_Fungi_Dikarya_Ascomycota_Saccharomycotina_Saccharomycetes_Saccharomycetales_Saccharomyces_cerevisiae_baker_s_yeast, Node1652*)",269,-4.27505681058674e-19,0.3476609260040595,c4,branch_to_yeast
"(Eukaryota_Opisthokonta_Nucletmycea_Fungi_Dikarya_Ascomycota_Saccharomycotina_Saccharomycetes_Saccharomycetales_Saccharomyces_cerevisiae_baker_s_yeast, Node1652*)",270,-8.52427752746497e-18,0.3476609260040595,c4,branch_to_yeast
"(Eukaryota_Opisthokonta_Nucletmycea_Fungi_Dikarya_Ascomycota_Saccharomycotina_Saccharomycetes_Saccharomycetales_Saccharomyces_cerevisiae_baker_s_yeast, Node1652*)",271,1.637141532282841,0.3476609260040595,c4,branch_to_yeast
"(Eukaryota_Opisthokonta_Nucletmycea_Fungi_Dikarya_Ascomycota_Saccharomycotina_Saccharomycetes_Saccharomycetales_Saccharomyces_cerevisiae_baker_s_yeast, Node1652*)",272,0.9586343513631712,0.3476609260040595,c4,branch_to_yeast
"(Eukaryota_Opisthokonta_Nucletmycea_Fungi_Dikarya_Ascomycota_Saccharomycotina_Saccharomycetes_Saccharomycetales_Saccharomyces_cerevisiae_baker_s_yeast, Node1652*)",273,0.9586343513631712,0.3476609260040595,c4,branch_to_yeast
"(Eukaryota_Opisthokonta_Nucletmycea_Fungi_Dikarya_Ascomycota_Saccharomycotina_Saccharomycetes_Saccharomycetales_Saccharomyces_cerevisiae_baker_s_yeast, Node1652*)",274,7.215315007141953e-18,0.3476609260040595,c4,branch_to_yeast
"(Eukaryota_Opisthokonta_Nucletmycea_Fungi_Dikarya_Ascomycota_Saccharomycotina_Saccharomycetes_Saccharomycetales_Saccharomyces_cerevisiae_baker_s_yeast, Node1652*)",275,0.5441475899074035,0.3476609260040595,c4,branch_to_yeast
"(Eukaryota_Opisthokonta_Nucletmycea_Fungi_Dikarya_Ascomycota_Saccharomycotina_Saccharomycetes_Saccharomycetales_Saccharomyces_cerevisiae_baker_s_yeast, Node1652*)",276,1.637141532282841,0.3476609260040595,c4,branch_to_yeast
"(Eukaryota_Opisthokonta_Nucletmycea_Fungi_Dikarya_Ascomycota_Saccharomycotina_Saccharomycetes_Saccharomycetales_Saccharomyces_cerevisiae_baker_s_yeast, Node1652*)",277,5.09021735770814e-18,0.6069936118962173,c3,branch_to_yeast
"(Eukaryota_Opisthokonta_Nucletmycea_Fungi_Dikarya_Ascomycota_Saccharomycotina_Saccharomycetes_Saccharomycetales_Saccharomyces_cerevisiae_baker_s_yeast, Node1652*)",278,1.6371415321974767,0.3476609260040595,c4,branch_to_yeast
"(Eukaryota_Opisthokonta_Nucletmycea_Fungi_Dikarya_Ascomycota_Saccharomycotina_Saccharomycetes_Saccharomycetales_Saccharomyces_cerevisiae_baker_s_yeast, Node1652*)",279,-1.0825511036809594e-17,0.3476609260040595,c4,branch_to_yeast
"(Eukaryota_Opisthokonta_Nucletmycea_Fungi_Dikarya_Ascomycota_Saccharomycotina_Saccharomycetes_Saccharomycetales_Saccharomyces_cerevisiae_baker_s_yeast, Node1652*)",280,5.397749821693418e-18,0.3476609260040595,c4,branch_to_yeast
"(Eukaryota_Opisthokonta_Nucletmycea_Fungi_Dikarya_Ascomycota_Saccharomycotina_Saccharomycetes_Saccharomycetales_Saccharomyces_cerevisiae_baker_s_yeast, Node1652*)",281,6.2724203292766155e-18,0.6069936118962173,c3,branch_to_yeast
"(Eukaryota_Opisthokonta_Nucletmycea_Fungi_Dikarya_Ascomycota_Saccharomycotina_Saccharomycetes_Saccharomycetales_Saccharomyces_cerevisiae_baker_s_yeast, Node1652*)",282,0.9586343552121765,0.6046363655715266,c2,branch_to_yeast
"(Eukaryota_Opisthokonta_Nucletmycea_Fungi_Dikarya_Ascomycota_Saccharomycotina_Saccharomycetes_Saccharomycetales_Saccharomyces_cerevisiae_baker_s_yeast, Node1652*)",283,0.5441475912541518,0.6069936118962173,c3,branch_to_yeast
"(Eukaryota_Opisthokonta_Nucletmycea_Fungi_Dikarya_Ascomycota_Saccharomycotina_Saccharomycetes_Saccharomycetales_Saccharomyces_cerevisiae_baker_s_yeast, Node1652*)",284,-1.0589342503377478e-17,0.6575751876162639,c1,branch_to_yeast
"(Eukaryota_Opisthokonta_Nucletmycea_Fungi_Dikarya_Ascomycota_Saccharomycotina_Saccharomycetes_Saccharomycetales_Saccharomyces_cerevisiae_baker_s_yeast, Node1652*)",285,0.9586343552652508,0.6575751876162639,c1,branch_to_yeast
"(Eukaryota_Opisthokonta_Nucletmycea_Fungi_Dikarya_Ascomycota_Saccharomycotina_Saccharomycetes_Saccharomycetales_Saccharomyces_cerevisiae_baker_s_yeast, Node1652*)",286,0.5441475914141404,0.6575751876162639,c1,branch_to_yeast
"(Eukaryota_Opisthokonta_Nucletmycea_Fungi_Dikarya_Ascomycota_Saccharomycotina_Saccharomycetes_Saccharomycetales_Saccharomyces_cerevisiae_baker_s_yeast, Node1652*)",287,4.998911977488572e-18,0.3476609260040595,c4,branch_to_yeast
"(Eukaryota_Opisthokonta_Nucletmycea_Fungi_Dikarya_Ascomycota_Saccharomycotina_Saccharomycetes_Saccharomycetales_Saccharomyces_cerevisiae_baker_s_yeast, Node1652*)",288,-1.0626506457637504e-17,0.6575751876162639,c1,branch_to_yeast
"(Eukaryota_Opisthokonta_Nucletmycea_Fungi_Dikarya_Ascomycota_Saccharomycotina_Saccharomycetes_Saccharomycetales_Saccharomyces_cerevisiae_baker_s_yeast, Node1652*)",289,1.6371415384930377,0.6046363655715266,c2,branch_to_yeast
"(Eukaryota_Opisthokonta_Nucletmycea_Fungi_Dikarya_Ascomycota_Saccharomycotina_Saccharomycetes_Saccharomycetales_Saccharomyces_cerevisiae_baker_s_yeast, Node1652*)",290,0.5441475913936314,0.6046363655715266,c2,branch_to_yeast
"(Eukaryota_Opisthokonta_Nucletmycea_Fungi_Dikarya_Ascomycota_Saccharomycotina_Saccharomycetes_Saccharomycetales_Saccharomyces_cerevisiae_baker_s_yeast, Node1652*)",291,-9.398244927666013e-19,0.6069936118962173,c3,branch_to_yeast
"(Eukaryota_Opisthokonta_Nucletmycea_Fungi_Dikarya_Ascomycota_Saccharomycotina_Saccharomycetes_Saccharomycetales_Saccharomyces_cerevisiae_baker_s_yeast, Node1652*)",292,0.5441475912541518,0.6069936118962173,c3,branch_to_yeast
"(Eukaryota_Opisthokonta_Nucletmycea_Fungi_Dikarya_Ascomycota_Saccharomycotina_Saccharomycetes_Saccharomycetales_Saccharomyces_cerevisiae_baker_s_yeast, Node1652*)",293,0.5441475912541518,0.6069936118962173,c3,branch_to_yeast
"(Eukaryota_Opisthokonta_Nucletmycea_Fungi_Dikarya_Ascomycota_Saccharomycotina_Saccharomycetes_Saccharomycetales_Saccharomyces_cerevisiae_baker_s_yeast, Node1652*)",294,-6.315529156973842e-18,0.6046363655715266,c2,branch_to_yeast
"(Eukaryota_Opisthokonta_Nucletmycea_Fungi_Dikarya_Ascomycota_Saccharomycotina_Saccharomycetes_Saccharomycetales_Saccharomyces_cerevisiae_baker_s_yeast, Node1652*)",295,0.5441475913936314,0.6046363655715266,c2,branch_to_yeast
"(Eukaryota_Opisthokonta_Nucletmycea_Fungi_Dikarya_Ascomycota_Saccharomycotina_Saccharomycetes_Saccharomycetales_Saccharomyces_cerevisiae_baker_s_yeast, Node1652*)",296,0.5441475913936314,0.6046363655715266,c2,branch_to_yeast
"(Eukaryota_Opisthokonta_Nucletmycea_Fungi_Dikarya_Ascomycota_Saccharomycotina_Saccharomycetes_Saccharomycetales_Saccharomyces_cerevisiae_baker_s_yeast, Node1652*)",297,1.6371415384930377,0.6046363655715266,c2,branch_to_yeast
"(Eukaryota_Opisthokonta_Nucletmycea_Fungi_Dikarya_Ascomycota_Saccharomycotina_Saccharomycetes_Saccharomycetales_Saccharomyces_cerevisiae_baker_s_yeast, Node1652*)",298,-9.256249270365313e-18,0.6069936118962173,c3,branch_to_yeast
"(Eukaryota_Opisthokonta_Nucletmycea_Fungi_Dikarya_Ascomycota_Saccharomycotina_Saccharomycetes_Saccharomycetales_Saccharomyces_cerevisiae_baker_s_yeast, Node1652*)",299,7.185044403580019e-18,0.6069936118962173,c3,branch_to_yeast
"(Eukaryota_Opisthokonta_Nucletmycea_Fungi_Dikarya_Ascomycota_Saccharomycotina_Saccharomycetes_Saccharomycetales_Saccharomyces_cerevisiae_baker_s_yeast, Node1652*)",300,-8.399334896842882e-19,0.3476609260040595,c4,branch_to_yeast
"(Eukaryota_Opisthokonta_Nucletmycea_Fungi_Dikarya_Ascomycota_Saccharomycotina_Saccharomycetes_Saccharomycetales_Saccharomyces_cerevisiae_baker_s_yeast, Node1652*)",301,4.969268201216476e-18,0.3476609260040595,c4,branch_to_yeast
"(Eukaryota_Opisthokonta_Nucletmycea_Fungi_Dikarya_Ascomycota_Saccharomycotina_Saccharomycetes_Saccharomycetales_Saccharomyces_cerevisiae_baker_s_yeast, Node1652*)",302,1.637141537911306,0.6069936118962173,c3,branch_to_yeast
"(Eukaryota_Opisthokonta_Nucletmycea_Fungi_Dikarya_Ascomycota_Saccharomycotina_Saccharomycetes_Saccharomycetales_Saccharomyces_cerevisiae_baker_s_yeast, Node1652*)",303,0.9586343552652508,0.6575751876162639,c1,branch_to_yeast
"(Eukaryota_Opisthokonta_Nucletmycea_Fungi_Dikarya_Ascomycota_Saccharomycotina_Saccharomycetes_Saccharomycetales_Saccharomyces_cerevisiae_baker_s_yeast, Node1652*)",304,0.5441475914141404,0.6575751876162639,c1,branch_to_yeast
"(Eukaryota_Opisthokonta_Nucletmycea_Fungi_Dikarya_Ascomycota_Saccharomycotina_Saccharomycetes_Saccharomycetales_Saccharomyces_cerevisiae_baker_s_yeast, Node1652*)",305,-1.0651613411863121e-17,0.6575751876162639,c1,branch_to_yeast
"(Eukaryota_Opisthokonta_Nucletmycea_Fungi_Dikarya_Ascomycota_Saccharomycotina_Saccharomycetes_Saccharomycetales_Saccharomyces_cerevisiae_baker_s_yeast, Node1652*)",306,9.156708739613496e-21,0.3476609260040595,c4,branch_to_yeast
"(Eukaryota_Opisthokonta_Nucletmycea_Fungi_Dikarya_Ascomycota_Saccharomycotina_Saccharomycetes_Saccharomycetales_Saccharomyces_cerevisiae_baker_s_yeast, Node1652*)",307,0.5441475912541518,0.6069936118962173,c3,branch_to_yeast
"(Eukaryota_Opisthokonta_Nucletmycea_Fungi_Dikarya_Ascomycota_Saccharomycotina_Saccharomycetes_Saccharomycetales_Saccharomyces_cerevisiae_baker_s_yeast, Node1652*)",308,-6.940680033499896e-18,0.3476609260040595,c4,branch_to_yeast
"(Eukaryota_Opisthokonta_Nucletmycea_Fungi_Dikarya_Ascomycota_Saccharomycotina_Saccharomycetes_Saccharomycetales_Saccharomyces_cerevisiae_baker_s_yeast, Node1652*)",309,1.637141532282841,0.3476609260040595,c4,branch_to_yeast
"(Eukaryota_Opisthokonta_Nucletmycea_Fungi_Dikarya_Ascomycota_Saccharomycotina_Saccharomycetes_Saccharomycetales_Saccharomyces_cerevisiae_baker_s_yeast, Node1652*)",310,0.9586343548511712,0.6069936118962173,c3,branch_to_yeast
"(Eukaryota_Opisthokonta_Nucletmycea_Fungi_Dikarya_Ascomycota_Saccharomycotina_Saccharomycetes_Saccharomycetales_Saccharomyces_cerevisiae_baker_s_yeast, Node1652*)",311,1.637141537911306,0.6069936118962173,c3,branch_to_yeast
"(Eukaryota_Opisthokonta_Nucletmycea_Fungi_Dikarya_Ascomycota_Saccharomycotina_Saccharomycetes_Saccharomycetales_Saccharomyces_cerevisiae_baker_s_yeast, Node1652*)",312,0.5441475913936314,0.6046363655715266,c2,branch_to_yeast
"(Eukaryota_Opisthokonta_Nucletmycea_Fungi_Dikarya_Ascomycota_Saccharomycotina_Saccharomycetes_Saccharomycetales_Saccharomyces_cerevisiae_baker_s_yeast, Node1652*)",313,-4.282819491022777e-18,0.6069936118962173,c3,branch_to_yeast
"(Eukaryota_Opisthokonta_Nucletmycea_Fungi_Dikarya_Ascomycota_Saccharomycotina_Saccharomycetes_Saccharomycetales_Saccharomyces_cerevisiae_baker_s_yeast, Node1652*)",314,-4.547856666317955e-18,0.6069936118962173,c3,branch_to_yeast
"(Eukaryota_Opisthokonta_Nucletmycea_Fungi_Dikarya_Ascomycota_Saccharomycotina_Saccharomycetes_Saccharomycetales_Saccharomyces_cerevisiae_baker_s_yeast, Node1652*)",315,5.546504751820841e-18,0.6069936118962173,c3,branch_to_yeast
"(Eukaryota_Opisthokonta_Nucletmycea_Fungi_Dikarya_Ascomycota_Saccharomycotina_Saccharomycetes_Saccharomycetales_Saccharomyces_cerevisiae_baker_s_yeast, Node1652*)",316,0.9586343513631712,0.3476609260040595,c4,branch_to_yeast
"(Eukaryota_Opisthokonta_Nucletmycea_Fungi_Dikarya_Ascomycota_Saccharomycotina_Saccharomycetes_Saccharomycetales_Saccharomyces_cerevisiae_baker_s_yeast, Node1652*)",317,-4.912255426199344e-18,0.6046363655715266,c2,branch_to_yeast
"(Eukaryota_Opisthokonta_Nucletmycea_Fungi_Dikarya_Ascomycota_Saccharomycotina_Saccharomycetes_Saccharomycetales_Saccharomyces_cerevisiae_baker_s_yeast, Node1652*)",318,0.9586343548511712,0.6069936118962173,c3,branch_to_yeast
"(Eukaryota_Opisthokonta_Nucletmycea_Fungi_Dikarya_Ascomycota_Saccharomycotina_Saccharomycetes_Saccharomycetales_Saccharomyces_cerevisiae_baker_s_yeast, Node1652*)",319,1.637141532282841,0.3476609260040595,c4,branch_to_yeast
"(Eukaryota_Opisthokonta_Nucletmycea_Fungi_Dikarya_Ascomycota_Saccharomycotina_Saccharomycetes_Saccharomycetales_Saccharomyces_cerevisiae_baker_s_yeast, Node1652*)",320,-5.5859616930576e-18,0.3476609260040595,c4,branch_to_yeast
"(Eukaryota_Opisthokonta_Nucletmycea_Fungi_Dikarya_Ascomycota_Saccharomycotina_Saccharomycetes_Saccharomycetales_Saccharomyces_cerevisiae_baker_s_yeast, Node1652*)",321,1.6371415378946037,0.6069936118962173,c3,branch_to_yeast
"(Eukaryota_Opisthokonta_Nucletmycea_Fungi_Dikarya_Ascomycota_Saccharomycotina_Saccharomycetes_Saccharomycetales_Saccharomyces_cerevisiae_baker_s_yeast, Node1652*)",322,-1.0041138628428358e-17,0.6069936118962173,c3,branch_to_yeast
"(Eukaryota_Opisthokonta_Nucletmycea_Fungi_Dikarya_Ascomycota_Saccharomycotina_Saccharomycetes_Saccharomycetales_Saccharomyces_cerevisiae_baker_s_yeast, Node1652*)",323,-9.672003437379378e-18,0.3476609260040595,c4,branch_to_yeast
"(Eukaryota_Opisthokonta_Nucletmycea_Fungi_Dikarya_Ascomycota_Saccharomycotina_Saccharomycetes_Saccharomycetales_Saccharomyces_cerevisiae_baker_s_yeast, Node1652*)",324,0.9586343513449362,0.3476609260040595,c4,branch_to_yeast
"(Eukaryota_Opisthokonta_Nucletmycea_Fungi_Dikarya_Ascomycota_Saccharomycotina_Saccharomycetes_Saccharomycetales_Saccharomyces_cerevisiae_baker_s_yeast, Node1652*)",325,-1.0610097981367524e-17,0.3476609260040595,c4,branch_to_yeast
"(Eukaryota_Opisthokonta_Nucletmycea_Fungi_Dikarya_Ascomycota_Saccharomycotina_Saccharomycetes_Saccharomycetales_Saccharomyces_cerevisiae_baker_s_yeast, Node1652*)",326,3.578472762848515e-18,0.3476609260040595,c4,branch_to_yeast
"(Eukaryota_Opisthokonta_Nucletmycea_Fungi_Dikarya_Ascomycota_Saccharomycotina_Saccharomycetes_Saccharomycetales_Saccharomyces_cerevisiae_baker_s_yeast, Node1652*)",327,0.9586343513631712,0.3476609260040595,c4,branch_to_yeast
"(Eukaryota_Opisthokonta_Nucletmycea_Fungi_Dikarya_Ascomycota_Saccharomycotina_Saccharomycetes_Saccharomycetales_Saccharomyces_cerevisiae_baker_s_yeast, Node1652*)",328,1.637141537911306,0.6069936118962173,c3,branch_to_yeast
"(Eukaryota_Opisthokonta_Nucletmycea_Fungi_Dikarya_Ascomycota_Saccharomycotina_Saccharomycetes_Saccharomycetales_Saccharomyces_cerevisiae_baker_s_yeast, Node1652*)",329,-9.650360903885252e-18,0.3476609260040595,c4,branch_to_yeast
"(Eukaryota_Opisthokonta_Nucletmycea_Fungi_Dikarya_Ascomycota_Saccharomycotina_Saccharomycetes_Saccharomycetales_Saccharomyces_cerevisiae_baker_s_yeast, Node1652*)",330,0.9586343548511712,0.6069936118962173,c3,branch_to_yeast
"(Eukaryota_Opisthokonta_Nucletmycea_Fungi_Dikarya_Ascomycota_Saccharomycotina_Saccharomycetes_Saccharomycetales_Saccharomyces_cerevisiae_baker_s_yeast, Node1652*)",331,0.9586343548511712,0.6069936118962173,c3,branch_to_yeast
"(Eukaryota_Opisthokonta_Nucletmycea_Fungi_Dikarya_Ascomycota_Saccharomycotina_Saccharomycetes_Saccharomycetales_Saccharomyces_cerevisiae_baker_s_yeast, Node1652*)",332,1.637141537911306,0.6069936118962173,c3,branch_to_yeast
"(Eukaryota_Opisthokonta_Nucletmycea_Fungi_Dikarya_Ascomycota_Saccharomycotina_Saccharomycetes_Saccharomycetales_Saccharomyces_cerevisiae_baker_s_yeast, Node1652*)",333,0.9586343513631712,0.3476609260040595,c4,branch_to_yeast
"(Eukaryota_Opisthokonta_Nucletmycea_Fungi_Dikarya_Ascomycota_Saccharomycotina_Saccharomycetes_Saccharomycetales_Saccharomyces_cerevisiae_baker_s_yeast, Node1652*)",334,0.5441475899074035,0.3476609260040595,c4,branch_to_yeast
"(Eukaryota_Opisthokonta_Nucletmycea_Fungi_Dikarya_Ascomycota_Saccharomycotina_Saccharomycetes_Saccharomycetales_Saccharomyces_cerevisiae_baker_s_yeast, Node1652*)",335,-1.0059931190897102e-17,0.6069936118962173,c3,branch_to_yeast
"(Eukaryota_Opisthokonta_Nucletmycea_Fungi_Dikarya_Ascomycota_Saccharomycotina_Saccharomycetes_Saccharomycetales_Saccharomyces_cerevisiae_baker_s_yeast, Node1652*)",336,7.773118748486169e-18,0.6046363655715266,c2,branch_to_yeast
"(Eukaryota_Opisthokonta_Nucletmycea_Fungi_Dikarya_Ascomycota_Saccharomycotina_Saccharomycetes_Saccharomycetales_Saccharomyces_cerevisiae_baker_s_yeast, Node1652*)",337,0.9586343548511712,0.6069936118962173,c3,branch_to_yeast
"(Eukaryota_Opisthokonta_Nucletmycea_Fungi_Dikarya_Ascomycota_Saccharomycotina_Saccharomycetes_Saccharomycetales_Saccharomyces_cerevisiae_baker_s_yeast, Node1652*)",338,0.9586343548511712,0.6069936118962173,c3,branch_to_yeast
"(Eukaryota_Opisthokonta_Nucletmycea_Fungi_Dikarya_Ascomycota_Saccharomycotina_Saccharomycetes_Saccharomycetales_Saccharomyces_cerevisiae_baker_s_yeast, Node1652*)",339,4.847960904608309e-18,0.3476609260040595,c4,branch_to_yeast
"(Eukaryota_Opisthokonta_Nucletmycea_Fungi_Dikarya_Ascomycota_Saccharomycotina_Saccharomycetes_Saccharomycetales_Saccharomyces_cerevisiae_baker_s_yeast, Node1652*)",340,-6.638384854468113e-18,0.3476609260040595,c4,branch_to_yeast
"(Eukaryota_Opisthokonta_Nucletmycea_Fungi_Dikarya_Ascomycota_Saccharomycotina_Saccharomycetes_Saccharomycetales_Saccharomyces_cerevisiae_baker_s_yeast, Node1652*)",341,1.637141532282841,0.3476609260040595,c4,branch_to_yeast
"(Eukaryota_Opisthokonta_Nucletmycea_Fungi_Dikarya_Ascomycota_Saccharomycotina_Saccharomycetes_Saccharomycetales_Saccharomyces_cerevisiae_baker_s_yeast, Node1652*)",342,0.5441475899074035,0.3476609260040595,c4,branch_to_yeast
"(Eukaryota_Opisthokonta_Nucletmycea_Fungi_Dikarya_Ascomycota_Saccharomycotina_Saccharomycetes_Saccharomycetales_Saccharomyces_cerevisiae_baker_s_yeast, Node1652*)",343,6.217607005379383e-18,0.6575751876162639,c1,branch_to_yeast
"(Eukaryota_Opisthokonta_Nucletmycea_Fungi_Dikarya_Ascomycota_Saccharomycotina_Saccharomycetes_Saccharomycetales_Saccharomyces_cerevisiae_baker_s_yeast, Node1652*)",344,6.18105958361881e-18,0.6575751876162639,c1,branch_to_yeast
"(Eukaryota_Opisthokonta_Nucletmycea_Fungi_Dikarya_Ascomycota_Saccharomycotina_Saccharomycetes_Saccharomycetales_Saccharomyces_cerevisiae_baker_s_yeast, Node1652*)",345,1.637141537911306,0.6069936118962173,c3,branch_to_yeast
"(Eukaryota_Opisthokonta_Nucletmycea_Fungi_Dikarya_Ascomycota_Saccharomycotina_Saccharomycetes_Saccharomycetales_Saccharomyces_cerevisiae_baker_s_yeast, Node1652*)",346,0.5441475912541518,0.6069936118962173,c3,branch_to_yeast
"(Eukaryota_Opisthokonta_Nucletmycea_Fungi_Dikarya_Ascomycota_Saccharomycotina_Saccharomycetes_Saccharomycetales_Saccharomyces_cerevisiae_baker_s_yeast, Node1652*)",347,0.5441475912541518,0.6069936118962173,c3,branch_to_yeast
"(Eukaryota_Opisthokonta_Nucletmycea_Fungi_Dikarya_Ascomycota_Saccharomycotina_Saccharomycetes_Saccharomycetales_Saccharomyces_cerevisiae_baker_s_yeast, Node1652*)",348,0.5441475912541518,0.6069936118962173,c3,branch_to_yeast
"(Eukaryota_Opisthokonta_Nucletmycea_Fungi_Dikarya_Ascomycota_Saccharomycotina_Saccharomycetes_Saccharomycetales_Saccharomyces_cerevisiae_baker_s_yeast, Node1652*)",349,-9.187933309190027e-18,0.6069936118962173,c3,branch_to_yeast
"(Eukaryota_Opisthokonta_Nucletmycea_Fungi_Dikarya_Ascomycota_Saccharomycotina_Saccharomycetes_Saccharomycetales_Saccharomyces_cerevisiae_baker_s_yeast, Node1652*)",350,6.315577466125648e-18,0.6046363655715266,c2,branch_to_yeast
"(Eukaryota_Opisthokonta_Nucletmycea_Fungi_Dikarya_Ascomycota_Saccharomycotina_Saccharomycetes_Saccharomycetales_Saccharomyces_cerevisiae_baker_s_yeast, Node1652*)",351,-1.6354173181608192e-18,0.6046363655715266,c2,branch_to_yeast
"(Eukaryota_Opisthokonta_Nucletmycea_Fungi_Dikarya_Ascomycota_Saccharomycotina_Saccharomycetes_Saccharomycetales_Saccharomyces_cerevisiae_baker_s_yeast, Node1652*)",352,1.6371415384930377,0.6046363655715266,c2,branch_to_yeast
"(Eukaryota_Opisthokonta_Nucletmycea_Fungi_Dikarya_Ascomycota_Saccharomycotina_Saccharomycetes_Saccharomycetales_Saccharomyces_cerevisiae_baker_s_yeast, Node1652*)",353,-1.0250122445994936e-17,0.6046363655715266,c2,branch_to_yeast
"(Eukaryota_Opisthokonta_Nucletmycea_Fungi_Dikarya_Ascomycota_Saccharomycotina_Saccharomycetes_Saccharomycetales_Saccharomyces_cerevisiae_baker_s_yeast, Node1652*)",354,0.9586343552121765,0.6046363655715266,c2,branch_to_yeast
"(Eukaryota_Opisthokonta_Nucletmycea_Fungi_Dikarya_Ascomycota_Saccharomycotina_Saccharomycetes_Saccharomycetales_Saccharomyces_cerevisiae_baker_s_yeast, Node1652*)",355,1.637141537911306,0.6069936118962173,c3,branch_to_yeast
"(Eukaryota_Opisthokonta_Nucletmycea_Fungi_Dikarya_Ascomycota_Saccharomycotina_Saccharomycetes_Saccharomycetales_Saccharomyces_cerevisiae_baker_s_yeast, Node1652*)",356,1.637141537911306,0.6069936118962173,c3,branch_to_yeast
"(Eukaryota_Opisthokonta_Nucletmycea_Fungi_Dikarya_Ascomycota_Saccharomycotina_Saccharomycetes_Saccharomycetales_Saccharomyces_cerevisiae_baker_s_yeast, Node1652*)",357,1.637141537911306,0.6069936118962173,c3,branch_to_yeast
"(Eukaryota_Opisthokonta_Nucletmycea_Fungi_Dikarya_Ascomycota_Saccharomycotina_Saccharomycetes_Saccharomycetales_Saccharomyces_cerevisiae_baker_s_yeast, Node1652*)",358,4.6704013356078025e-18,0.6046363655715266,c2,branch_to_yeast
"(Eukaryota_Opisthokonta_Nucletmycea_Fungi_Dikarya_Ascomycota_Saccharomycotina_Saccharomycetes_Saccharomycetales_Saccharomyces_cerevisiae_baker_s_yeast, Node1652*)",359,0.5441475914141404,0.6575751876162639,c1,branch_to_yeast
"(Eukaryota_Opisthokonta_Nucletmycea_Fungi_Dikarya_Ascomycota_Saccharomycotina_Saccharomycetes_Saccharomycetales_Saccharomyces_cerevisiae_baker_s_yeast, Node1652*)",360,5.8812092995979674e-18,0.6575751876162639,c1,branch_to_yeast
"(Eukaryota_Opisthokonta_Nucletmycea_Fungi_Dikarya_Ascomycota_Saccharomycotina_Saccharomycetes_Saccharomycetales_Saccharomyces_cerevisiae_baker_s_yeast, Node1652*)",361,1.6371415384930377,0.6046363655715266,c2,branch_to_yeast
"(Eukaryota_Opisthokonta_Nucletmycea_Fungi_Dikarya_Ascomycota_Saccharomycotina_Saccharomycetes_Saccharomycetales_Saccharomyces_cerevisiae_baker_s_yeast, Node1652*)",362,0.5441475914141404,0.6575751876162639,c1,branch_to_yeast
"(Eukaryota_Opisthokonta_Nucletmycea_Fungi_Dikarya_Ascomycota_Saccharomycotina_Saccharomycetes_Saccharomycetales_Saccharomyces_cerevisiae_baker_s_yeast, Node1652*)",363,0.5441475914141404,0.6575751876162639,c1,branch_to_yeast
"(Eukaryota_Opisthokonta_Nucletmycea_Fungi_Dikarya_Ascomycota_Saccharomycotina_Saccharomycetes_Saccharomycetales_Saccharomyces_cerevisiae_baker_s_yeast, Node1652*)",364,1.637141537911306,0.6069936118962173,c3,branch_to_yeast
"(Eukaryota_Opisthokonta_Nucletmycea_Fungi_Dikarya_Ascomycota_Saccharomycotina_Saccharomycetes_Saccharomycetales_Saccharomyces_cerevisiae_baker_s_yeast, Node1652*)",365,-1.5800351470458284e-18,0.6575751876162639,c1,branch_to_yeast
"(Eukaryota_Opisthokonta_Nucletmycea_Fungi_Dikarya_Ascomycota_Saccharomycotina_Saccharomycetes_Saccharomycetales_Saccharomyces_cerevisiae_baker_s_yeast, Node1652*)",366,7.816148311276642e-18,0.6069936118962173,c3,branch_to_yeast
"(Eukaryota_Opisthokonta_Nucletmycea_Fungi_Dikarya_Ascomycota_Saccharomycotina_Saccharomycetes_Saccharomycetales_Saccharomyces_cerevisiae_baker_s_yeast, Node1652*)",367,7.342221815414093e-18,0.6046363655715266,c2,branch_to_yeast
"(Eukaryota_Opisthokonta_Nucletmycea_Fungi_Dikarya_Ascomycota_Saccharomycotina_Saccharomycetes_Saccharomycetales_Saccharomyces_cerevisiae_baker_s_yeast, Node1652*)",368,1.637141537911306,0.6069936118962173,c3,branch_to_yeast
"(Eukaryota_Opisthokonta_Nucletmycea_Fungi_Dikarya_Ascomycota_Saccharomycotina_Saccharomycetes_Saccharomycetales_Saccharomyces_cerevisiae_baker_s_yeast, Node1652*)",369,0.9586343552652508,0.6575751876162639,c1,branch_to_yeast
"(Eukaryota_Opisthokonta_Nucletmycea_Fungi_Dikarya_Ascomycota_Saccharomycotina_Saccharomycetes_Saccharomycetales_Saccharomyces_cerevisiae_baker_s_yeast, Node1652*)",370,0.5441475913936314,0.6046363655715266,c2,branch_to_yeast
"(Eukaryota_Opisthokonta_Nucletmycea_Fungi_Dikarya_Ascomycota_Saccharomycotina_Saccharomycetes_Saccharomycetales_Saccharomyces_cerevisiae_baker_s_yeast, Node1652*)",371,-1.0652370265205252e-17,0.6046363655715266,c2,branch_to_yeast
"(Eukaryota_Opisthokonta_Nucletmycea_Fungi_Dikarya_Ascomycota_Saccharomycotina_Saccharomycetes_Saccharomycetales_Saccharomyces_cerevisiae_baker_s_yeast, Node1652*)",372,0.9586343552652508,0.6575751876162639,c1,branch_to_yeast
"(Eukaryota_Opisthokonta_Nucletmycea_Fungi_Dikarya_Ascomycota_Saccharomycotina_Saccharomycetes_Saccharomycetales_Saccharomyces_cerevisiae_baker_s_yeast, Node1652*)",373,0.9586343552652508,0.6575751876162639,c1,branch_to_yeast
"(Eukaryota_Opisthokonta_Nucletmycea_Fungi_Dikarya_Ascomycota_Saccharomycotina_Saccharomycetes_Saccharomycetales_Saccharomyces_cerevisiae_baker_s_yeast, Node1652*)",374,-1.0652030277007406e-17,0.6046363655715266,c2,branch_to_yeast
"(Eukaryota_Opisthokonta_Nucletmycea_Fungi_Dikarya_Ascomycota_Saccharomycotina_Saccharomycetes_Saccharomycetales_Saccharomyces_cerevisiae_baker_s_yeast, Node1652*)",375,0.5441475912541518,0.6069936118962173,c3,branch_to_yeast
"(Eukaryota_Opisthokonta_Nucletmycea_Fungi_Dikarya_Ascomycota_Saccharomycotina_Saccharomycetes_Saccharomycetales_Saccharomyces_cerevisiae_baker_s_yeast, Node1652*)",376,0.9586343513631712,0.3476609260040595,c4,branch_to_yeast
"(Eukaryota_Opisthokonta_Nucletmycea_Fungi_Dikarya_Ascomycota_Saccharomycotina_Saccharomycetes_Saccharomycetales_Saccharomyces_cerevisiae_baker_s_yeast, Node1652*)",377,0.9586343552121765,0.6046363655715266,c2,branch_to_yeast
"(Eukaryota_Opisthokonta_Nucletmycea_Fungi_Dikarya_Ascomycota_Saccharomycotina_Saccharomycetes_Saccharomycetales_Saccharomyces_cerevisiae_baker_s_yeast, Node1652*)",378,0.5441475913936314,0.6046363655715266,c2,branch_to_yeast
"(Eukaryota_Opisthokonta_Nucletmycea_Fungi_Dikarya_Ascomycota_Saccharomycotina_Saccharomycetes_Saccharomycetales_Saccharomyces_cerevisiae_baker_s_yeast, Node1652*)",379,6.348853264194392e-18,0.6575751876162639,c1,branch_to_yeast
"(Eukaryota_Opisthokonta_Nucletmycea_Fungi_Dikarya_Ascomycota_Saccharomycotina_Saccharomycetes_Saccharomycetales_Saccharomyces_cerevisiae_baker_s_yeast, Node1652*)",380,0.5441475914141404,0.6575751876162639,c1,branch_to_yeast
"(Eukaryota_Opisthokonta_Nucletmycea_Fungi_Dikarya_Ascomycota_Saccharomycotina_Saccharomycetes_Saccharomycetales_Saccharomyces_cerevisiae_baker_s_yeast, Node1652*)",381,0.9586343552121765,0.6046363655715266,c2,branch_to_yeast
"(Eukaryota_Opisthokonta_Nucletmycea_Fungi_Dikarya_Ascomycota_Saccharomycotina_Saccharomycetes_Saccharomycetales_Saccharomyces_cerevisiae_baker_s_yeast, Node1652*)",382,5.512695357380345e-18,0.3476609260040595,c4,branch_to_yeast
"(Eukaryota_Opisthokonta_Nucletmycea_Fungi_Dikarya_Ascomycota_Saccharomycotina_Saccharomycetes_Saccharomycetales_Saccharomyces_cerevisiae_baker_s_yeast, Node1652*)",383,0.9586343548511712,0.6069936118962173,c3,branch_to_yeast
"(Eukaryota_Opisthokonta_Nucletmycea_Fungi_Dikarya_Ascomycota_Saccharomycotina_Saccharomycetes_Saccharomycetales_Saccharomyces_cerevisiae_baker_s_yeast, Node1652*)",384,0.9586343552652508,0.6575751876162639,c1,branch_to_yeast
"(Eukaryota_Opisthokonta_Nucletmycea_Fungi_Dikarya_Ascomycota_Saccharomycotina_Saccharomycetes_Saccharomycetales_Saccharomyces_cerevisiae_baker_s_yeast, Node1652*)",385,1.6371415384930377,0.6046363655715266,c2,branch_to_yeast
"(Eukaryota_Opisthokonta_Nucletmycea_Fungi_Dikarya_Ascomycota_Saccharomycotina_Saccharomycetes_Saccharomycetales_Saccharomyces_cerevisiae_baker_s_yeast, Node1652*)",386,1.637141537911306,0.6069936118962173,c3,branch_to_yeast
"(Eukaryota_Opisthokonta_Nucletmycea_Fungi_Dikarya_Ascomycota_Saccharomycotina_Saccharomycetes_Saccharomycetales_Saccharomyces_cerevisiae_baker_s_yeast, Node1652*)",387,5.814402677017352e-18,0.6069936118962173,c3,branch_to_yeast
"(Eukaryota_Opisthokonta_Nucletmycea_Fungi_Dikarya_Ascomycota_Saccharomycotina_Saccharomycetes_Saccharomycetales_Saccharomyces_cerevisiae_baker_s_yeast, Node1652*)",388,0.5441475914141404,0.6575751876162639,c1,branch_to_yeast
"(Eukaryota_Opisthokonta_Nucletmycea_Fungi_Dikarya_Ascomycota_Saccharomycotina_Saccharomycetes_Saccharomycetales_Saccharomyces_cerevisiae_baker_s_yeast, Node1652*)",389,1.6371415385785282,0.6575751876162639,c1,branch_to_yeast
"(Eukaryota_Opisthokonta_Nucletmycea_Fungi_Dikarya_Ascomycota_Saccharomycotina_Saccharomycetes_Saccharomycetales_Saccharomyces_cerevisiae_baker_s_yeast, Node1652*)",390,1.6371415385785282,0.6575751876162639,c1,branch_to_yeast
"(Eukaryota_Opisthokonta_Nucletmycea_Fungi_Dikarya_Ascomycota_Saccharomycotina_Saccharomycetes_Saccharomycetales_Saccharomyces_cerevisiae_baker_s_yeast, Node1652*)",391,0.5441475913936314,0.6046363655715266,c2,branch_to_yeast
"(Eukaryota_Opisthokonta_Nucletmycea_Fungi_Dikarya_Ascomycota_Saccharomycotina_Saccharomycetes_Saccharomycetales_Saccharomyces_cerevisiae_baker_s_yeast, Node1652*)",392,5.919703550502217e-18,0.6046363655715266,c2,branch_to_yeast
"(Eukaryota_Opisthokonta_Nucletmycea_Fungi_Dikarya_Ascomycota_Saccharomycotina_Saccharomycetes_Saccharomycetales_Saccharomyces_cerevisiae_baker_s_yeast, Node1652*)",393,0.9586343552652508,0.6575751876162639,c1,branch_to_yeast
"(Eukaryota_Opisthokonta_Nucletmycea_Fungi_Dikarya_Ascomycota_Saccharomycotina_Saccharomycetes_Saccharomycetales_Saccharomyces_cerevisiae_baker_s_yeast, Node1652*)",394,0.9586343548511712,0.6069936118962173,c3,branch_to_yeast
"(Eukaryota_Opisthokonta_Nucletmycea_Fungi_Dikarya_Ascomycota_Saccharomycotina_Saccharomycetes_Saccharomycetales_Saccharomyces_cerevisiae_baker_s_yeast, Node1652*)",395,-1.0758523151243007e-17,0.6575751876162639,c1,branch_to_yeast
"(Eukaryota_Opisthokonta_Nucletmycea_Fungi_Dikarya_Ascomycota_Saccharomycotina_Saccharomycetes_Saccharomycetales_Saccharomyces_cerevisiae_baker_s_yeast, Node1652*)",396,6.5295736893055685e-18,0.3476609260040595,c4,branch_to_yeast
"(Eukaryota_Opisthokonta_Nucletmycea_Fungi_Dikarya_Ascomycota_Saccharomycotina_Saccharomycetes_Saccharomycetales_Saccharomyces_cerevisiae_baker_s_yeast, Node1652*)",397,7.77533976954743e-18,0.6069936118962173,c3,branch_to_yeast
"(Eukaryota_Opisthokonta_Nucletmycea_Fungi_Dikarya_Ascomycota_Saccharomycotina_Saccharomycetes_Saccharomycetales_Saccharomyces_cerevisiae_baker_s_yeast, Node1652*)",398,1.637141537911306,0.6069936118962173,c3,branch_to_yeast
"(Eukaryota_Opisthokonta_Nucletmycea_Fungi_Dikarya_Ascomycota_Saccharomycotina_Saccharomycetes_Saccharomycetales_Saccharomyces_cerevisiae_baker_s_yeast, Node1652*)",399,0.5441475913936314,0.6046363655715266,c2,branch_to_yeast
"(Eukaryota_Opisthokonta_Nucletmycea_Fungi_Dikarya_Ascomycota_Saccharomycotina_Saccharomycetes_Saccharomycetales_Saccharomyces_cerevisiae_baker_s_yeast, Node1652*)",400,0.5441475914141404,0.6575751876162639,c1,branch_to_yeast
"(Eukaryota_Opisthokonta_Nucletmycea_Fungi_Dikarya_Ascomycota_Saccharomycotina_Saccharomycetes_Saccharomycetales_Saccharomyces_cerevisiae_baker_s_yeast, Node1652*)",401,1.6371415384930377,0.6046363655715266,c2,branch_to_yeast
"(Eukaryota_Opisthokonta_Nucletmycea_Fungi_Dikarya_Ascomycota_Saccharomycotina_Saccharomycetes_Saccharomycetales_Saccharomyces_cerevisiae_baker_s_yeast, Node1652*)",402,0.9586343552121765,0.6046363655715266,c2,branch_to_yeast
"(Eukaryota_Opisthokonta_Nucletmycea_Fungi_Dikarya_Ascomycota_Saccharomycotina_Saccharomycetes_Saccharomycetales_Saccharomyces_cerevisiae_baker_s_yeast, Node1652*)",403,0.9586343548511712,0.6069936118962173,c3,branch_to_yeast
"(Eukaryota_Opisthokonta_Nucletmycea_Fungi_Dikarya_Ascomycota_Saccharomycotina_Saccharomycetes_Saccharomycetales_Saccharomyces_cerevisiae_baker_s_yeast, Node1652*)",404,0.9586343548511712,0.6069936118962173,c3,branch_to_yeast
"(Eukaryota_Opisthokonta_Nucletmycea_Fungi_Dikarya_Ascomycota_Saccharomycotina_Saccharomycetes_Saccharomycetales_Saccharomyces_cerevisiae_baker_s_yeast, Node1652*)",405,8.054382430735536e-18,0.6575751876162639,c1,branch_to_yeast
"(Eukaryota_Opisthokonta_Nucletmycea_Fungi_Dikarya_Ascomycota_Saccharomycotina_Saccharomycetes_Saccharomycetales_Saccharomyces_cerevisiae_baker_s_yeast, Node1652*)",406,0.5441475912541518,0.6069936118962173,c3,branch_to_yeast
"(Eukaryota_Opisthokonta_Nucletmycea_Fungi_Dikarya_Ascomycota_Saccharomycotina_Saccharomycetes_Saccharomycetales_Saccharomyces_cerevisiae_baker_s_yeast, Node1652*)",407,0.5441475914141404,0.6575751876162639,c1,branch_to_yeast
"(Eukaryota_Opisthokonta_Nucletmycea_Fungi_Dikarya_Ascomycota_Saccharomycotina_Saccharomycetes_Saccharomycetales_Saccharomyces_cerevisiae_baker_s_yeast, Node1652*)",408,1.6371415384930377,0.6046363655715266,c2,branch_to_yeast
"(Eukaryota_Opisthokonta_Nucletmycea_Fungi_Dikarya_Ascomycota_Saccharomycotina_Saccharomycetes_Saccharomycetales_Saccharomyces_cerevisiae_baker_s_yeast, Node1652*)",409,0.9586343552121765,0.6046363655715266,c2,branch_to_yeast
"(Eukaryota_Opisthokonta_Nucletmycea_Fungi_Dikarya_Ascomycota_Saccharomycotina_Saccharomycetes_Saccharomycetales_Saccharomyces_cerevisiae_baker_s_yeast, Node1652*)",410,0.9586343552121765,0.6046363655715266,c2,branch_to_yeast
"(Eukaryota_Opisthokonta_Nucletmycea_Fungi_Dikarya_Ascomycota_Saccharomycotina_Saccharomycetes_Saccharomycetales_Saccharomyces_cerevisiae_baker_s_yeast, Node1652*)",411,0.9586343552652508,0.6575751876162639,c1,branch_to_yeast
"(Eukaryota_Opisthokonta_Nucletmycea_Fungi_Dikarya_Ascomycota_Saccharomycotina_Saccharomycetes_Saccharomycetales_Saccharomyces_cerevisiae_baker_s_yeast, Node1652*)",412,0.9586343548511712,0.6069936118962173,c3,branch_to_yeast
"(Eukaryota_Opisthokonta_Nucletmycea_Fungi_Dikarya_Ascomycota_Saccharomycotina_Saccharomycetes_Saccharomycetales_Saccharomyces_cerevisiae_baker_s_yeast, Node1652*)",413,0.5441475912541518,0.6069936118962173,c3,branch_to_yeast
"(Eukaryota_Opisthokonta_Nucletmycea_Fungi_Dikarya_Ascomycota_Saccharomycotina_Saccharomycetes_Saccharomycetales_Saccharomyces_cerevisiae_baker_s_yeast, Node1652*)",414,0.5441475913936314,0.6046363655715266,c2,branch_to_yeast
"(Eukaryota_Opisthokonta_Nucletmycea_Fungi_Dikarya_Ascomycota_Saccharomycotina_Saccharomycetes_Saccharomycetales_Saccharomyces_cerevisiae_baker_s_yeast, Node1652*)",415,-8.021653648986147e-18,0.6575751876162639,c1,branch_to_yeast
"(Eukaryota_Opisthokonta_Nucletmycea_Fungi_Dikarya_Ascomycota_Saccharomycotina_Saccharomycetes_Saccharomycetales_Saccharomyces_cerevisiae_baker_s_yeast, Node1652*)",416,0.5441475913936314,0.6046363655715266,c2,branch_to_yeast
"(Eukaryota_Opisthokonta_Nucletmycea_Fungi_Dikarya_Ascomycota_Saccharomycotina_Saccharomycetes_Saccharomycetales_Saccharomyces_cerevisiae_baker_s_yeast, Node1652*)",417,0.5441475914141404,0.6575751876162639,c1,branch_to_yeast
"(Eukaryota_Opisthokonta_Nucletmycea_Fungi_Dikarya_Ascomycota_Saccharomycotina_Saccharomycetes_Saccharomycetales_Saccharomyces_cerevisiae_baker_s_yeast, Node1652*)",418,0.9586343552652508,0.6575751876162639,c1,branch_to_yeast
"(Eukaryota_Opisthokonta_Nucletmycea_Fungi_Dikarya_Ascomycota_Saccharomycotina_Saccharomycetes_Saccharomycetales_Saccharomyces_cerevisiae_baker_s_yeast, Node1652*)",419,0.9586343552652508,0.6575751876162639,c1,branch_to_yeast
"(Eukaryota_Opisthokonta_Nucletmycea_Fungi_Dikarya_Ascomycota_Saccharomycotina_Saccharomycetes_Saccharomycetales_Saccharomyces_cerevisiae_baker_s_yeast, Node1652*)",420,0.9586343552652508,0.6575751876162639,c1,branch_to_yeast
"(Eukaryota_Opisthokonta_Nucletmycea_Fungi_Dikarya_Ascomycota_Saccharomycotina_Saccharomycetes_Saccharomycetales_Saccharomyces_cerevisiae_baker_s_yeast, Node1652*)",421,-1.0574735530525249e-17,0.6046363655715266,c2,branch_to_yeast
"(Eukaryota_Opisthokonta_Nucletmycea_Fungi_Dikarya_Ascomycota_Saccharomycotina_Saccharomycetes_Saccharomycetales_Saccharomyces_cerevisiae_baker_s_yeast, Node1652*)",422,-4.975452123210381e-18,0.6069936118962173,c3,branch_to_yeast
"(Eukaryota_Opisthokonta_Nucletmycea_Fungi_Dikarya_Ascomycota_Saccharomycotina_Saccharomycetes_Saccharomycetales_Saccharomyces_cerevisiae_baker_s_yeast, Node1652*)",423,1.637141537911306,0.6069936118962173,c3,branch_to_yeast
"(Eukaryota_Opisthokonta_Nucletmycea_Fungi_Dikarya_Ascomycota_Saccharomycotina_Saccharomycetes_Saccharomycetales_Saccharomyces_cerevisiae_baker_s_yeast, Node1652*)",424,0.9586343552121765,0.6046363655715266,c2,branch_to_yeast
"(Eukaryota_Opisthokonta_Nucletmycea_Fungi_Dikarya_Ascomycota_Saccharomycotina_Saccharomycetes_Saccharomycetales_Saccharomyces_cerevisiae_baker_s_yeast, Node1652*)",425,0.5441475912541518,0.6069936118962173,c3,branch_to_yeast
"(Eukaryota_Opisthokonta_Nucletmycea_Fungi_Dikarya_Ascomycota_Saccharomycotina_Saccharomycetes_Saccharomycetales_Saccharomyces_cerevisiae_baker_s_yeast, Node1652*)",426,-1.0051218866772757e-17,0.6069936118962173,c3,branch_to_yeast
"(Eukaryota_Opisthokonta_Nucletmycea_Fungi_Dikarya_Ascomycota_Saccharomycotina_Saccharomycetes_Saccharomycetales_Saccharomyces_cerevisiae_baker_s_yeast, Node1652*)",427,-1.083192658466925e-17,0.6575751876162639,c1,branch_to_yeast
"(Eukaryota_Opisthokonta_Nucletmycea_Fungi_Dikarya_Ascomycota_Saccharomycotina_Saccharomycetes_Saccharomycetales_Saccharomyces_cerevisiae_baker_s_yeast, Node1652*)",428,1.6371415384930377,0.6046363655715266,c2,branch_to_yeast
"(Eukaryota_Opisthokonta_Nucletmycea_Fungi_Dikarya_Ascomycota_Saccharomycotina_Saccharomycetes_Saccharomycetales_Saccharomyces_cerevisiae_baker_s_yeast, Node1652*)",429,1.6371415384930377,0.6046363655715266,c2,branch_to_yeast
"(Eukaryota_Opisthokonta_Nucletmycea_Fungi_Dikarya_Ascomycota_Saccharomycotina_Saccharomycetes_Saccharomycetales_Saccharomyces_cerevisiae_baker_s_yeast, Node1652*)",430,0.9586343552121765,0.6046363655715266,c2,branch_to_yeast
"(Eukaryota_Opisthokonta_Nucletmycea_Fungi_Dikarya_Ascomycota_Saccharomycotina_Saccharomycetes_Saccharomycetales_Saccharomyces_cerevisiae_baker_s_yeast, Node1652*)",431,0.9586343552652508,0.6575751876162639,c1,branch_to_yeast
"(Eukaryota_Opisthokonta_Nucletmycea_Fungi_Dikarya_Ascomycota_Saccharomycotina_Saccharomycetes_Saccharomycetales_Saccharomyces_cerevisiae_baker_s_yeast, Node1652*)",432,0.5441475914141404,0.6575751876162639,c1,branch_to_yeast
"(Eukaryota_Opisthokonta_Nucletmycea_Fungi_Dikarya_Ascomycota_Saccharomycotina_Saccharomycetes_Saccharomycetales_Saccharomyces_cerevisiae_baker_s_yeast, Node1652*)",433,0.9586343552652508,0.6575751876162639,c1,branch_to_yeast
"(Eukaryota_Opisthokonta_Nucletmycea_Fungi_Dikarya_Ascomycota_Saccharomycotina_Saccharomycetes_Saccharomycetales_Saccharomyces_cerevisiae_baker_s_yeast, Node1652*)",434,0.5441475914141404,0.6575751876162639,c1,branch_to_yeast
"(Eukaryota_Opisthokonta_Nucletmycea_Fungi_Dikarya_Ascomycota_Saccharomycotina_Saccharomycetes_Saccharomycetales_Saccharomyces_cerevisiae_baker_s_yeast, Node1652*)",435,0.9586343548511712,0.6069936118962173,c3,branch_to_yeast
"(Eukaryota_Opisthokonta_Nucletmycea_Fungi_Dikarya_Ascomycota_Saccharomycotina_Saccharomycetes_Saccharomycetales_Saccharomyces_cerevisiae_baker_s_yeast, Node1652*)",436,0.9586343552121765,0.6046363655715266,c2,branch_to_yeast
"(Eukaryota_Opisthokonta_Nucletmycea_Fungi_Dikarya_Ascomycota_Saccharomycotina_Saccharomycetes_Saccharomycetales_Saccharomyces_cerevisiae_baker_s_yeast, Node1652*)",437,0.9586343552652508,0.6575751876162639,c1,branch_to_yeast
"(Eukaryota_Opisthokonta_Nucletmycea_Fungi_Dikarya_Ascomycota_Saccharomycotina_Saccharomycetes_Saccharomycetales_Saccharomyces_cerevisiae_baker_s_yeast, Node1652*)",438,0.5441475913936314,0.6046363655715266,c2,branch_to_yeast
"(Eukaryota_Opisthokonta_Nucletmycea_Fungi_Dikarya_Ascomycota_Saccharomycotina_Saccharomycetes_Saccharomycetales_Saccharomyces_cerevisiae_baker_s_yeast, Node1652*)",439,0.9586343548511712,0.6069936118962173,c3,branch_to_yeast
"(Eukaryota_Opisthokonta_Nucletmycea_Fungi_Dikarya_Ascomycota_Saccharomycotina_Saccharomycetes_Saccharomycetales_Saccharomyces_cerevisiae_baker_s_yeast, Node1652*)",440,1.6371415385785282,0.6575751876162639,c1,branch_to_yeast
"(Eukaryota_Opisthokonta_Nucletmycea_Fungi_Dikarya_Ascomycota_Saccharomycotina_Saccharomycetes_Saccharomycetales_Saccharomyces_cerevisiae_baker_s_yeast, Node1652*)",441,1.6371415385785282,0.6575751876162639,c1,branch_to_yeast
"(Eukaryota_Opisthokonta_Nucletmycea_Fungi_Dikarya_Ascomycota_Saccharomycotina_Saccharomycetes_Saccharomycetales_Saccharomyces_cerevisiae_baker_s_yeast, Node1652*)",442,-2.1797575086076185e-30,0.6575751876162639,c1,branch_to_yeast
"(Eukaryota_Opisthokonta_Nucletmycea_Fungi_Dikarya_Ascomycota_Saccharomycotina_Saccharomycetes_Saccharomycetales_Saccharomyces_cerevisiae_baker_s_yeast, Node1652*)",443,0.9586343552652508,0.6575751876162639,c1,branch_to_yeast
"(Eukaryota_Opisthokonta_Nucletmycea_Fungi_Dikarya_Ascomycota_Saccharomycotina_Saccharomycetes_Saccharomycetales_Saccharomyces_cerevisiae_baker_s_yeast, Node1652*)",444,0.5441475914141404,0.6575751876162639,c1,branch_to_yeast
"(Eukaryota_Opisthokonta_Nucletmycea_Fungi_Dikarya_Ascomycota_Saccharomycotina_Saccharomycetes_Saccharomycetales_Saccharomyces_cerevisiae_baker_s_yeast, Node1652*)",445,0.9586343552652508,0.6575751876162639,c1,branch_to_yeast
"(Eukaryota_Opisthokonta_Nucletmycea_Fungi_Dikarya_Ascomycota_Saccharomycotina_Saccharomycetes_Saccharomycetales_Saccharomyces_cerevisiae_baker_s_yeast, Node1652*)",446,0.5441475914141404,0.6575751876162639,c1,branch_to_yeast
"(Eukaryota_Opisthokonta_Nucletmycea_Fungi_Dikarya_Ascomycota_Saccharomycotina_Saccharomycetes_Saccharomycetales_Saccharomyces_cerevisiae_baker_s_yeast, Node1652*)",447,0.5441475913936314,0.6046363655715266,c2,branch_to_yeast
"(Eukaryota_Opisthokonta_Nucletmycea_Fungi_Dikarya_Ascomycota_Saccharomycotina_Saccharomycetes_Saccharomycetales_Saccharomyces_cerevisiae_baker_s_yeast, Node1652*)",448,0.5441475914141404,0.6575751876162639,c1,branch_to_yeast
"(Eukaryota_Opisthokonta_Nucletmycea_Fungi_Dikarya_Ascomycota_Saccharomycotina_Saccharomycetes_Saccharomycetales_Saccharomyces_cerevisiae_baker_s_yeast, Node1652*)",449,1.6371415385785282,0.6575751876162639,c1,branch_to_yeast
"(Eukaryota_Opisthokonta_Nucletmycea_Fungi_Dikarya_Ascomycota_Saccharomycotina_Saccharomycetes_Saccharomycetales_Saccharomyces_cerevisiae_baker_s_yeast, Node1652*)",450,0.9586343552652508,0.6575751876162639,c1,branch_to_yeast
"(Eukaryota_Opisthokonta_Nucletmycea_Fungi_Dikarya_Ascomycota_Saccharomycotina_Saccharomycetes_Saccharomycetales_Saccharomyces_cerevisiae_baker_s_yeast, Node1652*)",451,0.9586343552652508,0.6575751876162639,c1,branch_to_yeast
"(Eukaryota_Opisthokonta_Nucletmycea_Fungi_Dikarya_Ascomycota_Saccharomycotina_Saccharomycetes_Saccharomycetales_Saccharomyces_cerevisiae_baker_s_yeast, Node1652*)",452,1.637141537911306,0.6069936118962173,c3,branch_to_yeast
"(Eukaryota_Opisthokonta_Nucletmycea_Fungi_Dikarya_Ascomycota_Saccharomycotina_Saccharomycetes_Saccharomycetales_Saccharomyces_cerevisiae_baker_s_yeast, Node1652*)",453,2.50698359114079e-18,0.6046363655715266,c2,branch_to_yeast
"(Eukaryota_Opisthokonta_Nucletmycea_Fungi_Dikarya_Ascomycota_Saccharomycotina_Saccharomycetes_Saccharomycetales_Saccharomyces_cerevisiae_baker_s_yeast, Node1652*)",454,0.5441475914141404,0.6575751876162639,c1,branch_to_yeast
"(Eukaryota_Opisthokonta_Nucletmycea_Fungi_Dikarya_Ascomycota_Saccharomycotina_Saccharomycetes_Saccharomycetales_Saccharomyces_cerevisiae_baker_s_yeast, Node1652*)",455,1.6371415384930377,0.6046363655715266,c2,branch_to_yeast
"(Eukaryota_Opisthokonta_Nucletmycea_Fungi_Dikarya_Ascomycota_Saccharomycotina_Saccharomycetes_Saccharomycetales_Saccharomyces_cerevisiae_baker_s_yeast, Node1652*)",456,1.6371415384930377,0.6046363655715266,c2,branch_to_yeast
"(Eukaryota_Opisthokonta_Nucletmycea_Fungi_Dikarya_Ascomycota_Saccharomycotina_Saccharomycetes_Saccharomycetales_Saccharomyces_cerevisiae_baker_s_yeast, Node1652*)",457,0.5441475914141404,0.6575751876162639,c1,branch_to_yeast
"(Eukaryota_Opisthokonta_Nucletmycea_Fungi_Dikarya_Ascomycota_Saccharomycotina_Saccharomycetes_Saccharomycetales_Saccharomyces_cerevisiae_baker_s_yeast, Node1652*)",458,1.6371415385785282,0.6575751876162639,c1,branch_to_yeast
"(Eukaryota_Opisthokonta_Nucletmycea_Fungi_Dikarya_Ascomycota_Saccharomycotina_Saccharomycetes_Saccharomycetales_Saccharomyces_cerevisiae_baker_s_yeast, Node1652*)",459,0.5441475914141404,0.6575751876162639,c1,branch_to_yeast
"(Eukaryota_Opisthokonta_Nucletmycea_Fungi_Dikarya_Ascomycota_Saccharomycotina_Saccharomycetes_Saccharomycetales_Saccharomyces_cerevisiae_baker_s_yeast, Node1652*)",460,6.1699499571168795e-18,0.6575751876162639,c1,branch_to_yeast
"(Eukaryota_Opisthokonta_Nucletmycea_Fungi_Dikarya_Ascomycota_Saccharomycotina_Saccharomycetes_Saccharomycetales_Saccharomyces_cerevisiae_baker_s_yeast, Node1652*)",461,1.6371415385785282,0.6575751876162639,c1,branch_to_yeast
"(Eukaryota_Opisthokonta_Nucletmycea_Fungi_Dikarya_Ascomycota_Saccharomycotina_Saccharomycetes_Saccharomycetales_Saccharomyces_cerevisiae_baker_s_yeast, Node1652*)",462,1.6371415385785282,0.6575751876162639,c1,branch_to_yeast
"(Eukaryota_Opisthokonta_Nucletmycea_Fungi_Dikarya_Ascomycota_Saccharomycotina_Saccharomycetes_Saccharomycetales_Saccharomyces_cerevisiae_baker_s_yeast, Node1652*)",463,0.5441475914141404,0.6575751876162639,c1,branch_to_yeast
"(Eukaryota_Opisthokonta_Nucletmycea_Fungi_Dikarya_Ascomycota_Saccharomycotina_Saccharomycetes_Saccharomycetales_Saccharomyces_cerevisiae_baker_s_yeast, Node1652*)",464,0.5441475914141404,0.6575751876162639,c1,branch_to_yeast
"(Eukaryota_Opisthokonta_Nucletmycea_Fungi_Dikarya_Ascomycota_Saccharomycotina_Saccharomycetes_Saccharomycetales_Saccharomyces_cerevisiae_baker_s_yeast, Node1652*)",465,0.9586343552652508,0.6575751876162639,c1,branch_to_yeast
"(Eukaryota_Opisthokonta_Nucletmycea_Fungi_Dikarya_Ascomycota_Saccharomycotina_Saccharomycetes_Saccharomycetales_Saccharomyces_cerevisiae_baker_s_yeast, Node1652*)",466,0.9586343552652508,0.6575751876162639,c1,branch_to_yeast
"(Eukaryota_Opisthokonta_Nucletmycea_Fungi_Dikarya_Ascomycota_Saccharomycotina_Saccharomycetes_Saccharomycetales_Saccharomyces_cerevisiae_baker_s_yeast, Node1652*)",467,0.5441475914141404,0.6575751876162639,c1,branch_to_yeast
"(Eukaryota_Opisthokonta_Nucletmycea_Fungi_Dikarya_Ascomycota_Saccharomycotina_Saccharomycetes_Saccharomycetales_Saccharomyces_cerevisiae_baker_s_yeast, Node1652*)",468,0.5441475913936314,0.6046363655715266,c2,branch_to_yeast
"(Eukaryota_Opisthokonta_Nucletmycea_Fungi_Dikarya_Ascomycota_Saccharomycotina_Saccharomycetes_Saccharomycetales_Saccharomyces_cerevisiae_baker_s_yeast, Node1652*)",469,0.9586343552652508,0.6575751876162639,c1,branch_to_yeast
"(Eukaryota_Opisthokonta_Nucletmycea_Fungi_Dikarya_Ascomycota_Saccharomycotina_Saccharomycetes_Saccharomycetales_Saccharomyces_cerevisiae_baker_s_yeast, Node1652*)",470,0.9586343552652508,0.6575751876162639,c1,branch_to_yeast
"(Eukaryota_Opisthokonta_Nucletmycea_Fungi_Dikarya_Ascomycota_Saccharomycotina_Saccharomycetes_Saccharomycetales_Saccharomyces_cerevisiae_baker_s_yeast, Node1652*)",471,1.6371415385785282,0.6575751876162639,c1,branch_to_yeast
"(Eukaryota_Opisthokonta_Nucletmycea_Fungi_Dikarya_Ascomycota_Saccharomycotina_Saccharomycetes_Saccharomycetales_Saccharomyces_cerevisiae_baker_s_yeast, Node1652*)",472,0.5441475914141404,0.6575751876162639,c1,branch_to_yeast
"(Eukaryota_Opisthokonta_Nucletmycea_Fungi_Dikarya_Ascomycota_Saccharomycotina_Saccharomycetes_Saccharomycetales_Saccharomyces_cerevisiae_baker_s_yeast, Node1652*)",473,0.9586343552652508,0.6575751876162639,c1,branch_to_yeast
"(Eukaryota_Opisthokonta_Nucletmycea_Fungi_Dikarya_Ascomycota_Saccharomycotina_Saccharomycetes_Saccharomycetales_Saccharomyces_cerevisiae_baker_s_yeast, Node1652*)",474,1.6371415385785282,0.6575751876162639,c1,branch_to_yeast
"(Eukaryota_Opisthokonta_Nucletmycea_Fungi_Dikarya_Ascomycota_Saccharomycotina_Saccharomycetes_Saccharomycetales_Saccharomyces_cerevisiae_baker_s_yeast, Node1652*)",475,0.5441475914141404,0.6575751876162639,c1,branch_to_yeast
"(Eukaryota_Opisthokonta_Nucletmycea_Fungi_Dikarya_Ascomycota_Saccharomycotina_Saccharomycetes_Saccharomycetales_Saccharomyces_cerevisiae_baker_s_yeast, Node1652*)",476,0.9586343552652508,0.6575751876162639,c1,branch_to_yeast
"(Eukaryota_Opisthokonta_Nucletmycea_Fungi_Dikarya_Ascomycota_Saccharomycotina_Saccharomycetes_Saccharomycetales_Saccharomyces_cerevisiae_baker_s_yeast, Node1652*)",477,0.9586343552652508,0.6575751876162639,c1,branch_to_yeast
"(Eukaryota_Opisthokonta_Nucletmycea_Fungi_Dikarya_Ascomycota_Saccharomycotina_Saccharomycetes_Saccharomycetales_Saccharomyces_cerevisiae_baker_s_yeast, Node1652*)",478,1.6371415384930377,0.6046363655715266,c2,branch_to_yeast
"(Eukaryota_Opisthokonta_Nucletmycea_Fungi_Dikarya_Ascomycota_Saccharomycotina_Saccharomycetes_Saccharomycetales_Saccharomyces_cerevisiae_baker_s_yeast, Node1652*)",479,0.9586343552121765,0.6046363655715266,c2,branch_to_yeast
"(Eukaryota_Opisthokonta_Nucletmycea_Fungi_Dikarya_Ascomycota_Saccharomycotina_Saccharomycetes_Saccharomycetales_Saccharomyces_cerevisiae_baker_s_yeast, Node1652*)",480,1.6371415385785282,0.6575751876162639,c1,branch_to_yeast
"(Eukaryota_Opisthokonta_Nucletmycea_Fungi_Dikarya_Ascomycota_Saccharomycotina_Saccharomycetes_Saccharomycetales_Saccharomyces_cerevisiae_baker_s_yeast, Node1652*)",481,0.9586343552652508,0.6575751876162639,c1,branch_to_yeast
"(Eukaryota_Opisthokonta_Nucletmycea_Fungi_Dikarya_Ascomycota_Saccharomycotina_Saccharomycetes_Saccharomycetales_Saccharomyces_cerevisiae_baker_s_yeast, Node1652*)",482,1.6371415385785282,0.6575751876162639,c1,branch_to_yeast
"(Eukaryota_Opisthokonta_Nucletmycea_Fungi_Dikarya_Ascomycota_Saccharomycotina_Saccharomycetes_Saccharomycetales_Saccharomyces_cerevisiae_baker_s_yeast, Node1652*)",483,0.5441475914141404,0.6575751876162639,c1,branch_to_yeast
"(Eukaryota_Opisthokonta_Nucletmycea_Fungi_Dikarya_Ascomycota_Saccharomycotina_Saccharomycetes_Saccharomycetales_Saccharomyces_cerevisiae_baker_s_yeast, Node1652*)",484,0.5441475914141404,0.6575751876162639,c1,branch_to_yeast
"(Eukaryota_Opisthokonta_Nucletmycea_Fungi_Dikarya_Ascomycota_Saccharomycotina_Saccharomycetes_Saccharomycetales_Saccharomyces_cerevisiae_baker_s_yeast, Node1652*)",485,0.5441475912541518,0.6069936118962173,c3,branch_to_yeast
"(Eukaryota_Opisthokonta_Nucletmycea_Fungi_Dikarya_Ascomycota_Saccharomycotina_Saccharomycetes_Saccharomycetales_Saccharomyces_cerevisiae_baker_s_yeast, Node1652*)",486,7.159747109525173e-18,0.6575751876162639,c1,branch_to_yeast
"(Eukaryota_Opisthokonta_Nucletmycea_Fungi_Dikarya_Ascomycota_Saccharomycotina_Saccharomycetes_Saccharomycetales_Saccharomyces_cerevisiae_baker_s_yeast, Node1652*)",487,6.205067321969192e-18,0.6575751876162639,c1,branch_to_yeast
"(Eukaryota_Opisthokonta_Nucletmycea_Fungi_Dikarya_Ascomycota_Saccharomycotina_Saccharomycetes_Saccharomycetales_Saccharomyces_cerevisiae_baker_s_yeast, Node1652*)",488,0.5441475913936314,0.6046363655715266,c2,branch_to_yeast
"(Eukaryota_Opisthokonta_Nucletmycea_Fungi_Dikarya_Ascomycota_Saccharomycotina_Saccharomycetes_Saccharomycetales_Saccharomyces_cerevisiae_baker_s_yeast, Node1652*)",489,1.6371415384930377,0.6046363655715266,c2,branch_to_yeast
"(Eukaryota_Opisthokonta_Nucletmycea_Fungi_Dikarya_Ascomycota_Saccharomycotina_Saccharomycetes_Saccharomycetales_Saccharomyces_cerevisiae_baker_s_yeast, Node1652*)",490,1.637141537911306,0.6069936118962173,c3,branch_to_yeast
"(Eukaryota_Opisthokonta_Nucletmycea_Fungi_Dikarya_Ascomycota_Saccharomycotina_Saccharomycetes_Saccharomycetales_Saccharomyces_cerevisiae_baker_s_yeast, Node1652*)",491,1.6371415385785282,0.6575751876162639,c1,branch_to_yeast
"(Eukaryota_Opisthokonta_Nucletmycea_Fungi_Dikarya_Ascomycota_Saccharomycotina_Saccharomycetes_Saccharomycetales_Saccharomyces_cerevisiae_baker_s_yeast, Node1652*)",492,0.5441475914141404,0.6575751876162639,c1,branch_to_yeast
"(Eukaryota_Opisthokonta_Nucletmycea_Fungi_Dikarya_Ascomycota_Saccharomycotina_Saccharomycetes_Saccharomycetales_Saccharomyces_cerevisiae_baker_s_yeast, Node1652*)",493,0.5441475914141404,0.6575751876162639,c1,branch_to_yeast
"(Eukaryota_Opisthokonta_Nucletmycea_Fungi_Dikarya_Ascomycota_Saccharomycotina_Saccharomycetes_Saccharomycetales_Saccharomyces_cerevisiae_baker_s_yeast, Node1652*)",494,6.798209786121718e-18,0.6575751876162639,c1,branch_to_yeast
"(Eukaryota_Opisthokonta_Nucletmycea_Fungi_Dikarya_Ascomycota_Saccharomycotina_Saccharomycetes_Saccharomycetales_Saccharomyces_cerevisiae_baker_s_yeast, Node1652*)",495,1.6371415385785282,0.6575751876162639,c1,branch_to_yeast
"(Eukaryota_Opisthokonta_Nucletmycea_Fungi_Dikarya_Ascomycota_Saccharomycotina_Saccharomycetes_Saccharomycetales_Saccharomyces_cerevisiae_baker_s_yeast, Node1652*)",496,1.6371415384930377,0.6046363655715266,c2,branch_to_yeast
"(Eukaryota_Opisthokonta_Nucletmycea_Fungi_Dikarya_Ascomycota_Saccharomycotina_Saccharomycetes_Saccharomycetales_Saccharomyces_cerevisiae_baker_s_yeast, Node1652*)",497,-1.0508762310855894e-17,0.6069936118962173,c3,branch_to_yeast
"(Eukaryota_Opisthokonta_Nucletmycea_Fungi_Dikarya_Ascomycota_Saccharomycotina_Saccharomycetes_Saccharomycetales_Saccharomyces_cerevisiae_baker_s_yeast, Node1652*)",498,0.5441475912662137,0.6069936118962173,c3,branch_to_yeast
"(Eukaryota_Opisthokonta_Nucletmycea_Fungi_Dikarya_Ascomycota_Saccharomycotina_Saccharomycetes_Saccharomycetales_Saccharomyces_cerevisiae_baker_s_yeast, Node1652*)",499,0.5441475914141404,0.6575751876162639,c1,branch_to_yeast
"(Eukaryota_Opisthokonta_Nucletmycea_Fungi_Dikarya_Ascomycota_Saccharomycotina_Saccharomycetes_Saccharomycetales_Saccharomyces_cerevisiae_baker_s_yeast, Node1652*)",500,-1.077068806603021e-17,0.3476609260040595,c4,branch_to_yeast
"(Eukaryota_Opisthokonta_Nucletmycea_Fungi_Dikarya_Ascomycota_Saccharomycotina_Saccharomycetes_Saccharomycetales_Saccharomyces_cerevisiae_baker_s_yeast, Node1652*)",501,6.268592311407204e-18,0.6046363655715266,c2,branch_to_yeast
"(Eukaryota_Opisthokonta_Nucletmycea_Fungi_Dikarya_Ascomycota_Saccharomycotina_Saccharomycetes_Saccharomycetales_Saccharomyces_cerevisiae_baker_s_yeast, Node1652*)",502,6.118306372401226e-18,0.6575751876162639,c1,branch_to_yeast
"(Eukaryota_Opisthokonta_Nucletmycea_Fungi_Dikarya_Ascomycota_Saccharomycotina_Saccharomycetes_Saccharomycetales_Saccharomyces_cerevisiae_baker_s_yeast, Node1652*)",503,1.637141537911306,0.6069936118962173,c3,branch_to_yeast
"(Eukaryota_Opisthokonta_Nucletmycea_Fungi_Dikarya_Ascomycota_Saccharomycotina_Saccharomycetes_Saccharomycetales_Saccharomyces_cerevisiae_baker_s_yeast, Node1652*)",504,0.5441475912541518,0.6069936118962173,c3,branch_to_yeast
"(Eukaryota_Opisthokonta_Nucletmycea_Fungi_Dikarya_Ascomycota_Saccharomycotina_Saccharomycetes_Saccharomycetales_Saccharomyces_cerevisiae_baker_s_yeast, Node1652*)",505,0.9586343552121765,0.6046363655715266,c2,branch_to_yeast
"(Eukaryota_Opisthokonta_Nucletmycea_Fungi_Dikarya_Ascomycota_Saccharomycotina_Saccharomycetes_Saccharomycetales_Saccharomyces_cerevisiae_baker_s_yeast, Node1652*)",506,0.9586343552652508,0.6575751876162639,c1,branch_to_yeast
"(Eukaryota_Opisthokonta_Nucletmycea_Fungi_Dikarya_Ascomycota_Saccharomycotina_Saccharomycetes_Saccharomycetales_Saccharomyces_cerevisiae_baker_s_yeast, Node1652*)",507,0.9586343552652508,0.6575751876162639,c1,branch_to_yeast
"(Eukaryota_Opisthokonta_Nucletmycea_Fungi_Dikarya_Ascomycota_Saccharomycotina_Saccharomycetes_Saccharomycetales_Saccharomyces_cerevisiae_baker_s_yeast, Node1652*)",508,0.5441475914141404,0.6575751876162639,c1,branch_to_yeast
"(Eukaryota_Opisthokonta_Nucletmycea_Fungi_Dikarya_Ascomycota_Saccharomycotina_Saccharomycetes_Saccharomycetales_Saccharomyces_cerevisiae_baker_s_yeast, Node1652*)",509,0.9586343548511712,0.6069936118962173,c3,branch_to_yeast
"(Eukaryota_Opisthokonta_Nucletmycea_Fungi_Dikarya_Ascomycota_Saccharomycotina_Saccharomycetes_Saccharomycetales_Saccharomyces_cerevisiae_baker_s_yeast, Node1652*)",510,0.9586343552121765,0.6046363655715266,c2,branch_to_yeast
"(Eukaryota_Opisthokonta_Nucletmycea_Fungi_Dikarya_Ascomycota_Saccharomycotina_Saccharomycetes_Saccharomycetales_Saccharomyces_cerevisiae_baker_s_yeast, Node1652*)",511,-1.014892554492054e-17,0.6046363655715266,c2,branch_to_yeast
"(Eukaryota_Opisthokonta_Nucletmycea_Fungi_Dikarya_Ascomycota_Saccharomycotina_Saccharomycetes_Saccharomycetales_Saccharomyces_cerevisiae_baker_s_yeast, Node1652*)",512,0.5441475914141404,0.6575751876162639,c1,branch_to_yeast
"(Eukaryota_Opisthokonta_Nucletmycea_Fungi_Dikarya_Ascomycota_Saccharomycotina_Saccharomycetes_Saccharomycetales_Saccharomyces_cerevisiae_baker_s_yeast, Node1652*)",513,0.9586343552652508,0.6575751876162639,c1,branch_to_yeast
"(Eukaryota_Opisthokonta_Nucletmycea_Fungi_Dikarya_Ascomycota_Saccharomycotina_Saccharomycetes_Saccharomycetales_Saccharomyces_cerevisiae_baker_s_yeast, Node1652*)",514,-1.075329523807846e-17,0.6575751876162639,c1,branch_to_yeast
"(Eukaryota_Opisthokonta_Nucletmycea_Fungi_Dikarya_Ascomycota_Saccharomycotina_Saccharomycetes_Saccharomycetales_Saccharomyces_cerevisiae_baker_s_yeast, Node1652*)",515,0.9586343548511712,0.6069936118962173,c3,branch_to_yeast
"(Eukaryota_Opisthokonta_Nucletmycea_Fungi_Dikarya_Ascomycota_Saccharomycotina_Saccharomycetes_Saccharomycetales_Saccharomyces_cerevisiae_baker_s_yeast, Node1652*)",516,0.5441475914141404,0.6575751876162639,c1,branch_to_yeast
"(Eukaryota_Opisthokonta_Nucletmycea_Fungi_Dikarya_Ascomycota_Saccharomycotina_Saccharomycetes_Saccharomycetales_Saccharomyces_cerevisiae_baker_s_yeast, Node1652*)",517,1.6371415384930377,0.6046363655715266,c2,branch_to_yeast
"(Eukaryota_Opisthokonta_Nucletmycea_Fungi_Dikarya_Ascomycota_Saccharomycotina_Saccharomycetes_Saccharomycetales_Saccharomyces_cerevisiae_baker_s_yeast, Node1652*)",518,0.5441475913936314,0.6046363655715266,c2,branch_to_yeast
"(Eukaryota_Opisthokonta_Nucletmycea_Fungi_Dikarya_Ascomycota_Saccharomycotina_Saccharomycetes_Saccharomycetales_Saccharomyces_cerevisiae_baker_s_yeast, Node1652*)",519,0.5441475913936314,0.6046363655715266,c2,branch_to_yeast
"(Eukaryota_Opisthokonta_Nucletmycea_Fungi_Dikarya_Ascomycota_Saccharomycotina_Saccharomycetes_Saccharomycetales_Saccharomyces_cerevisiae_baker_s_yeast, Node1652*)",520,8.097700808516568e-18,0.6046363655715266,c2,branch_to_yeast
"(Eukaryota_Opisthokonta_Nucletmycea_Fungi_Dikarya_Ascomycota_Saccharomycotina_Saccharomycetes_Saccharomycetales_Saccharomyces_cerevisiae_baker_s_yeast, Node1652*)",521,0.5441475914141404,0.6575751876162639,c1,branch_to_yeast
"(Eukaryota_Opisthokonta_Nucletmycea_Fungi_Dikarya_Ascomycota_Saccharomycotina_Saccharomycetes_Saccharomycetales_Saccharomyces_cerevisiae_baker_s_yeast, Node1652*)",522,0.5441475913936314,0.6046363655715266,c2,branch_to_yeast
"(Eukaryota_Opisthokonta_Nucletmycea_Fungi_Dikarya_Ascomycota_Saccharomycotina_Saccharomycetes_Saccharomycetales_Saccharomyces_cerevisiae_baker_s_yeast, Node1652*)",523,0.5441475914141404,0.6575751876162639,c1,branch_to_yeast
"(Eukaryota_Opisthokonta_Nucletmycea_Fungi_Dikarya_Ascomycota_Saccharomycotina_Saccharomycetes_Saccharomycetales_Saccharomyces_cerevisiae_baker_s_yeast, Node1652*)",524,7.265630302500284e-18,0.6575751876162639,c1,branch_to_yeast
"(Eukaryota_Opisthokonta_Nucletmycea_Fungi_Dikarya_Ascomycota_Saccharomycotina_Saccharomycetes_Saccharomycetales_Saccharomyces_cerevisiae_baker_s_yeast, Node1652*)",525,5.064872616858587e-18,0.6575751876162639,c1,branch_to_yeast
"(Eukaryota_Opisthokonta_Nucletmycea_Fungi_Dikarya_Ascomycota_Saccharomycotina_Saccharomycetes_Saccharomycetales_Saccharomyces_cerevisiae_baker_s_yeast, Node1652*)",526,0.5441475914141404,0.6575751876162639,c1,branch_to_yeast
"(Eukaryota_Opisthokonta_Nucletmycea_Fungi_Dikarya_Ascomycota_Saccharomycotina_Saccharomycetes_Saccharomycetales_Saccharomyces_cerevisiae_baker_s_yeast, Node1652*)",527,0.5441475914141404,0.6575751876162639,c1,branch_to_yeast
"(Eukaryota_Opisthokonta_Nucletmycea_Fungi_Dikarya_Ascomycota_Saccharomycotina_Saccharomycetes_Saccharomycetales_Saccharomyces_cerevisiae_baker_s_yeast, Node1652*)",528,1.637141537911306,0.6069936118962173,c3,branch_to_yeast
"(Eukaryota_Opisthokonta_Nucletmycea_Fungi_Dikarya_Ascomycota_Saccharomycotina_Saccharomycetes_Saccharomycetales_Saccharomyces_cerevisiae_baker_s_yeast, Node1652*)",529,0.9586343548511712,0.6069936118962173,c3,branch_to_yeast
"(Eukaryota_Opisthokonta_Nucletmycea_Fungi_Dikarya_Ascomycota_Saccharomycotina_Saccharomycetes_Saccharomycetales_Saccharomyces_cerevisiae_baker_s_yeast, Node1652*)",530,0.5441475912541518,0.6069936118962173,c3,branch_to_yeast
"(Eukaryota_Opisthokonta_Nucletmycea_Fungi_Dikarya_Ascomycota_Saccharomycotina_Saccharomycetes_Saccharomycetales_Saccharomyces_cerevisiae_baker_s_yeast, Node1652*)",531,-7.070944218359436e-18,0.6046363655715266,c2,branch_to_yeast
"(Eukaryota_Opisthokonta_Nucletmycea_Fungi_Dikarya_Ascomycota_Saccharomycotina_Saccharomycetes_Saccharomycetales_Saccharomyces_cerevisiae_baker_s_yeast, Node1652*)",532,0.5441475914141404,0.6575751876162639,c1,branch_to_yeast
"(Eukaryota_Opisthokonta_Nucletmycea_Fungi_Dikarya_Ascomycota_Saccharomycotina_Saccharomycetes_Saccharomycetales_Saccharomyces_cerevisiae_baker_s_yeast, Node1652*)",533,-6.576734765051938e-18,0.6069936118962173,c3,branch_to_yeast
"(Eukaryota_Opisthokonta_Nucletmycea_Fungi_Dikarya_Ascomycota_Saccharomycotina_Saccharomycetes_Saccharomycetales_Saccharomyces_cerevisiae_baker_s_yeast, Node1652*)",534,1.6371415385785282,0.6575751876162639,c1,branch_to_yeast
"(Eukaryota_Opisthokonta_Nucletmycea_Fungi_Dikarya_Ascomycota_Saccharomycotina_Saccharomycetes_Saccharomycetales_Saccharomyces_cerevisiae_baker_s_yeast, Node1652*)",535,0.5441475899074035,0.3476609260040595,c4,branch_to_yeast
"(Eukaryota_Opisthokonta_Nucletmycea_Fungi_Dikarya_Ascomycota_Saccharomycotina_Saccharomycetes_Saccharomycetales_Saccharomyces_cerevisiae_baker_s_yeast, Node1652*)",536,0.9586343552652508,0.6575751876162639,c1,branch_to_yeast
"(Eukaryota_Opisthokonta_Nucletmycea_Fungi_Dikarya_Ascomycota_Saccharomycotina_Saccharomycetes_Saccharomycetales_Saccharomyces_cerevisiae_baker_s_yeast, Node1652*)",537,0.9586343548511712,0.6069936118962173,c3,branch_to_yeast
"(Eukaryota_Opisthokonta_Nucletmycea_Fungi_Dikarya_Ascomycota_Saccharomycotina_Saccharomycetes_Saccharomycetales_Saccharomyces_cerevisiae_baker_s_yeast, Node1652*)",538,0.9586343552121765,0.6046363655715266,c2,branch_to_yeast
"(Eukaryota_Opisthokonta_Nucletmycea_Fungi_Dikarya_Ascomycota_Saccharomycotina_Saccharomycetes_Saccharomycetales_Saccharomyces_cerevisiae_baker_s_yeast, Node1652*)",539,1.6371415384930377,0.6046363655715266,c2,branch_to_yeast
"(Eukaryota_Opisthokonta_Nucletmycea_Fungi_Dikarya_Ascomycota_Saccharomycotina_Saccharomycetes_Saccharomycetales_Saccharomyces_cerevisiae_baker_s_yeast, Node1652*)",540,1.637141537911306,0.6069936118962173,c3,branch_to_yeast
"(Eukaryota_Opisthokonta_Nucletmycea_Fungi_Dikarya_Ascomycota_Saccharomycotina_Saccharomycetes_Saccharomycetales_Saccharomyces_cerevisiae_baker_s_yeast, Node1652*)",541,1.637141537911306,0.6069936118962173,c3,branch_to_yeast
"(Eukaryota_Opisthokonta_Nucletmycea_Fungi_Dikarya_Ascomycota_Saccharomycotina_Saccharomycetes_Saccharomycetales_Saccharomyces_cerevisiae_baker_s_yeast, Node1652*)",542,-3.715633076351093e-18,0.6046363655715266,c2,branch_to_yeast
"(Eukaryota_Opisthokonta_Nucletmycea_Fungi_Dikarya_Ascomycota_Saccharomycotina_Saccharomycetes_Saccharomycetales_Saccharomyces_cerevisiae_baker_s_yeast, Node1652*)",543,0.5441475912540396,0.6069936118962173,c3,branch_to_yeast
"(Eukaryota_Opisthokonta_Nucletmycea_Fungi_Dikarya_Ascomycota_Saccharomycotina_Saccharomycetes_Saccharomycetales_Saccharomyces_cerevisiae_baker_s_yeast, Node1652*)",544,5.290288111557932e-18,0.6046363655715266,c2,branch_to_yeast
"(Eukaryota_Opisthokonta_Nucletmycea_Fungi_Dikarya_Ascomycota_Saccharomycotina_Saccharomycetes_Saccharomycetales_Saccharomyces_cerevisiae_baker_s_yeast, Node1652*)",545,6.244245146611618e-18,0.6069936118962173,c3,branch_to_yeast
"(Eukaryota_Opisthokonta_Nucletmycea_Fungi_Dikarya_Ascomycota_Saccharomycotina_Saccharomycetes_Saccharomycetales_Saccharomyces_cerevisiae_baker_s_yeast, Node1652*)",546,1.6371415384043702,0.6046363655715266,c2,branch_to_yeast
"(Eukaryota_Opisthokonta_Nucletmycea_Fungi_Dikarya_Ascomycota_Saccharomycotina_Saccharomycetes_Saccharomycetales_Saccharomyces_cerevisiae_baker_s_yeast, Node1652*)",547,0.9586343552121765,0.6046363655715266,c2,branch_to_yeast
"(Eukaryota_Opisthokonta_Nucletmycea_Fungi_Dikarya_Ascomycota_Saccharomycotina_Saccharomycetes_Saccharomycetales_Saccharomyces_cerevisiae_baker_s_yeast, Node1652*)",548,0.9586343548511712,0.6069936118962173,c3,branch_to_yeast
"(Eukaryota_Opisthokonta_Nucletmycea_Fungi_Dikarya_Ascomycota_Saccharomycotina_Saccharomycetes_Saccharomycetales_Saccharomyces_cerevisiae_baker_s_yeast, Node1652*)",549,0.9586343552121765,0.6046363655715266,c2,branch_to_yeast
"(Eukaryota_Opisthokonta_Nucletmycea_Fungi_Dikarya_Ascomycota_Saccharomycotina_Saccharomycetes_Saccharomycetales_Saccharomyces_cerevisiae_baker_s_yeast, Node1652*)",550,-9.631757938607048e-18,0.6069936118962173,c3,branch_to_yeast
"(Eukaryota_Opisthokonta_Nucletmycea_Fungi_Dikarya_Ascomycota_Saccharomycotina_Saccharomycetes_Saccharomycetales_Saccharomyces_cerevisiae_baker_s_yeast, Node1652*)",551,1.6371415384930377,0.6046363655715266,c2,branch_to_yeast
"(Eukaryota_Opisthokonta_Nucletmycea_Fungi_Dikarya_Ascomycota_Saccharomycotina_Saccharomycetes_Saccharomycetales_Saccharomyces_cerevisiae_baker_s_yeast, Node1652*)",552,-1.0844960099745255e-17,0.6575751876162639,c1,branch_to_yeast
"(Eukaryota_Opisthokonta_Nucletmycea_Fungi_Dikarya_Ascomycota_Saccharomycotina_Saccharomycetes_Saccharomycetales_Saccharomyces_cerevisiae_baker_s_yeast, Node1652*)",553,-8.828022151246147e-18,0.3476609260040595,c4,branch_to_yeast
"(Eukaryota_Opisthokonta_Nucletmycea_Fungi_Dikarya_Ascomycota_Saccharomycotina_Saccharomycetes_Saccharomycetales_Saccharomyces_cerevisiae_baker_s_yeast, Node1652*)",554,0.9586343552652508,0.6575751876162639,c1,branch_to_yeast
"(Eukaryota_Opisthokonta_Nucletmycea_Fungi_Dikarya_Ascomycota_Saccharomycotina_Saccharomycetes_Saccharomycetales_Saccharomyces_cerevisiae_baker_s_yeast, Node1652*)",555,-8.876973842390534e-18,0.6069936118962173,c3,branch_to_yeast
"(Eukaryota_Opisthokonta_Nucletmycea_Fungi_Dikarya_Ascomycota_Saccharomycotina_Saccharomycetes_Saccharomycetales_Saccharomyces_cerevisiae_baker_s_yeast, Node1652*)",556,0.5441475913936314,0.6046363655715266,c2,branch_to_yeast
"(Eukaryota_Opisthokonta_Nucletmycea_Fungi_Dikarya_Ascomycota_Saccharomycotina_Saccharomycetes_Saccharomycetales_Saccharomyces_cerevisiae_baker_s_yeast, Node1652*)",557,0.5441475914141404,0.6575751876162639,c1,branch_to_yeast
"(Eukaryota_Opisthokonta_Nucletmycea_Fungi_Dikarya_Ascomycota_Saccharomycotina_Saccharomycetes_Saccharomycetales_Saccharomyces_cerevisiae_baker_s_yeast, Node1652*)",558,5.349704069178325e-18,0.6069936118962173,c3,branch_to_yeast
"(Eukaryota_Opisthokonta_Nucletmycea_Fungi_Dikarya_Ascomycota_Saccharomycotina_Saccharomycetes_Saccharomycetales_Saccharomyces_cerevisiae_baker_s_yeast, Node1652*)",559,-1.0253559774480264e-17,0.6069936118962173,c3,branch_to_yeast
"(Eukaryota_Opisthokonta_Nucletmycea_Fungi_Dikarya_Ascomycota_Saccharomycotina_Saccharomycetes_Saccharomycetales_Saccharomyces_cerevisiae_baker_s_yeast, Node1652*)",560,0.9586343548511712,0.6069936118962173,c3,branch_to_yeast
"(Eukaryota_Opisthokonta_Nucletmycea_Fungi_Dikarya_Ascomycota_Saccharomycotina_Saccharomycetes_Saccharomycetales_Saccharomyces_cerevisiae_baker_s_yeast, Node1652*)",561,0.9586343552652508,0.6575751876162639,c1,branch_to_yeast
"(Eukaryota_Opisthokonta_Nucletmycea_Fungi_Dikarya_Ascomycota_Saccharomycotina_Saccharomycetes_Saccharomycetales_Saccharomyces_cerevisiae_baker_s_yeast, Node1652*)",562,0.5441475914141404,0.6575751876162639,c1,branch_to_yeast
"(Eukaryota_Opisthokonta_Nucletmycea_Fungi_Dikarya_Ascomycota_Saccharomycotina_Saccharomycetes_Saccharomycetales_Saccharomyces_cerevisiae_baker_s_yeast, Node1652*)",563,0.5441475914141404,0.6575751876162639,c1,branch_to_yeast
"(Eukaryota_Opisthokonta_Nucletmycea_Fungi_Dikarya_Ascomycota_Saccharomycotina_Saccharomycetes_Saccharomycetales_Saccharomyces_cerevisiae_baker_s_yeast, Node1652*)",564,-7.39386811589161e-18,0.6046363655715266,c2,branch_to_yeast
"(Eukaryota_Opisthokonta_Nucletmycea_Fungi_Dikarya_Ascomycota_Saccharomycotina_Saccharomycetes_Saccharomycetales_Saccharomyces_cerevisiae_baker_s_yeast, Node1652*)",565,0.9586343552652508,0.6575751876162639,c1,branch_to_yeast
"(Eukaryota_Opisthokonta_Nucletmycea_Fungi_Dikarya_Ascomycota_Saccharomycotina_Saccharomycetes_Saccharomycetales_Saccharomyces_cerevisiae_baker_s_yeast, Node1652*)",566,0.5441475913936314,0.6046363655715266,c2,branch_to_yeast
"(Eukaryota_Opisthokonta_Nucletmycea_Fungi_Dikarya_Ascomycota_Saccharomycotina_Saccharomycetes_Saccharomycetales_Saccharomyces_cerevisiae_baker_s_yeast, Node1652*)",567,0.9586343548511712,0.6069936118962173,c3,branch_to_yeast
"(Eukaryota_Opisthokonta_Nucletmycea_Fungi_Dikarya_Ascomycota_Saccharomycotina_Saccharomycetes_Saccharomycetales_Saccharomyces_cerevisiae_baker_s_yeast, Node1652*)",568,5.989889662765157e-18,0.6069936118962173,c3,branch_to_yeast
"(Eukaryota_Opisthokonta_Nucletmycea_Fungi_Dikarya_Ascomycota_Saccharomycotina_Saccharomycetes_Saccharomycetales_Saccharomyces_cerevisiae_baker_s_yeast, Node1652*)",569,0.5441475899074035,0.3476609260040595,c4,branch_to_yeast
"(Eukaryota_Opisthokonta_Nucletmycea_Fungi_Dikarya_Ascomycota_Saccharomycotina_Saccharomycetes_Saccharomycetales_Saccharomyces_cerevisiae_baker_s_yeast, Node1652*)",570,1.637141532282841,0.3476609260040595,c4,branch_to_yeast
"(Eukaryota_Opisthokonta_Nucletmycea_Fungi_Dikarya_Ascomycota_Saccharomycotina_Saccharomycetes_Saccharomycetales_Saccharomyces_cerevisiae_baker_s_yeast, Node1652*)",571,0.5441475912541518,0.6069936118962173,c3,branch_to_yeast
"(Eukaryota_Opisthokonta_Nucletmycea_Fungi_Dikarya_Ascomycota_Saccharomycotina_Saccharomycetes_Saccharomycetales_Saccharomyces_cerevisiae_baker_s_yeast, Node1652*)",572,0.5441475912541518,0.6069936118962173,c3,branch_to_yeast
"(Eukaryota_Opisthokonta_Nucletmycea_Fungi_Dikarya_Ascomycota_Saccharomycotina_Saccharomycetes_Saccharomycetales_Saccharomyces_cerevisiae_baker_s_yeast, Node1652*)",573,-5.607621704494858e-18,0.6046363655715266,c2,branch_to_yeast
"(Eukaryota_Opisthokonta_Nucletmycea_Fungi_Dikarya_Ascomycota_Saccharomycotina_Saccharomycetes_Saccharomycetales_Saccharomyces_cerevisiae_baker_s_yeast, Node1652*)",574,0.9586343552121765,0.6046363655715266,c2,branch_to_yeast
"(Eukaryota_Opisthokonta_Nucletmycea_Fungi_Dikarya_Ascomycota_Saccharomycotina_Saccharomycetes_Saccharomycetales_Saccharomyces_cerevisiae_baker_s_yeast, Node1652*)",575,-9.992233979700705e-18,0.6069936118962173,c3,branch_to_yeast
"(Eukaryota_Opisthokonta_Nucletmycea_Fungi_Dikarya_Ascomycota_Saccharomycotina_Saccharomycetes_Saccharomycetales_Saccharomyces_cerevisiae_baker_s_yeast, Node1652*)",576,3.870776742485978e-18,0.6046363655715266,c2,branch_to_yeast
"(Eukaryota_Opisthokonta_Nucletmycea_Fungi_Dikarya_Ascomycota_Saccharomycotina_Saccharomycetes_Saccharomycetales_Saccharomyces_cerevisiae_baker_s_yeast, Node1652*)",577,7.39706104461714e-18,0.6575751876162639,c1,branch_to_yeast
"(Eukaryota_Opisthokonta_Nucletmycea_Fungi_Dikarya_Ascomycota_Saccharomycotina_Saccharomycetes_Saccharomycetales_Saccharomyces_cerevisiae_baker_s_yeast, Node1652*)",578,5.2870974536375705e-18,0.6046363655715266,c2,branch_to_yeast
"(Eukaryota_Opisthokonta_Nucletmycea_Fungi_Dikarya_Ascomycota_Saccharomycotina_Saccharomycetes_Saccharomycetales_Saccharomyces_cerevisiae_baker_s_yeast, Node1652*)",579,-4.364361833081612e-20,0.3476609260040595,c4,branch_to_yeast
"(Eukaryota_Opisthokonta_Nucletmycea_Fungi_Dikarya_Ascomycota_Saccharomycotina_Saccharomycetes_Saccharomycetales_Saccharomyces_cerevisiae_baker_s_yeast, Node1652*)",580,2.8434806818024976e-20,0.3476609260040595,c4,branch_to_yeast
"(Eukaryota_Opisthokonta_Nucletmycea_Fungi_Dikarya_Ascomycota_Saccharomycotina_Saccharomycetes_Saccharomycetales_Saccharomyces_cerevisiae_baker_s_yeast, Node1652*)",581,3.699539328936623e-20,0.3476609260040595,c4,branch_to_yeast
"(Eukaryota_Opisthokonta_Nucletmycea_Fungi_Dikarya_Ascomycota_Saccharomycotina_Saccharomycetes_Saccharomycetales_Saccharomyces_cerevisiae_baker_s_yeast, Node1652*)",582,-4.5528605770481783e-20,0.3476609260040595,c4,branch_to_yeast
"(Eukaryota_Opisthokonta_Nucletmycea_Fungi_Dikarya_Ascomycota_Saccharomycotina_Saccharomycetes_Saccharomycetales_Saccharomyces_cerevisiae_baker_s_yeast, Node1652*)",583,-9.470016392435222e-22,0.3476609260040595,c4,branch_to_yeast
"(Eukaryota_Opisthokonta_Nucletmycea_Fungi_Dikarya_Ascomycota_Saccharomycotina_Saccharomycetes_Saccharomycetales_Saccharomyces_cerevisiae_baker_s_yeast, Node1652*)",584,-4.85191878472003e-20,0.3476609260040595,c4,branch_to_yeast
"(Eukaryota_Opisthokonta_Nucletmycea_Fungi_Dikarya_Ascomycota_Saccharomycotina_Saccharomycetes_Saccharomycetales_Saccharomyces_cerevisiae_baker_s_yeast, Node1652*)",585,3.7303900900559405e-20,0.3476609260040595,c4,branch_to_yeast
"(Eukaryota_Opisthokonta_Nucletmycea_Fungi_Dikarya_Ascomycota_Saccharomycotina_Saccharomycetes_Saccharomycetales_Saccharomyces_cerevisiae_baker_s_yeast, Node1652*)",586,1.743882515924264e-21,0.3476609260040595,c4,branch_to_yeast
"(Eukaryota_Opisthokonta_Nucletmycea_Fungi_Dikarya_Ascomycota_Saccharomycotina_Saccharomycetes_Saccharomycetales_Saccharomyces_cerevisiae_baker_s_yeast, Node1652*)",587,7.022106949540031e-22,0.3476609260040595,c4,branch_to_yeast
"(Eukaryota_Opisthokonta_Nucletmycea_Fungi_Dikarya_Ascomycota_Saccharomycotina_Saccharomycetes_Saccharomycetales_Saccharomyces_cerevisiae_baker_s_yeast, Node1652*)",588,2.126536950539769e-21,0.3476609260040595,c4,branch_to_yeast
"(Eukaryota_Opisthokonta_Nucletmycea_Fungi_Dikarya_Ascomycota_Saccharomycotina_Saccharomycetes_Saccharomycetales_Saccharomyces_cerevisiae_baker_s_yeast, Node1652*)",589,2.686244304796693e-21,0.3476609260040595,c4,branch_to_yeast
"(Eukaryota_Opisthokonta_Nucletmycea_Fungi_Dikarya_Ascomycota_Saccharomycotina_Saccharomycetes_Saccharomycetales_Saccharomyces_cerevisiae_baker_s_yeast, Node1652*)",590,0.5441475899074035,0.3476609260040595,c4,branch_to_yeast
"(Eukaryota_Opisthokonta_Nucletmycea_Fungi_Dikarya_Ascomycota_Saccharomycotina_Saccharomycetes_Saccharomycetales_Saccharomyces_cerevisiae_baker_s_yeast, Node1652*)",591,0.5441475912541518,0.6069936118962173,c3,branch_to_yeast
"(Eukaryota_Opisthokonta_Nucletmycea_Fungi_Dikarya_Ascomycota_Saccharomycotina_Saccharomycetes_Saccharomycetales_Saccharomyces_cerevisiae_baker_s_yeast, Node1652*)",592,0.5441475912541518,0.6069936118962173,c3,branch_to_yeast
"(Eukaryota_Opisthokonta_Nucletmycea_Fungi_Dikarya_Ascomycota_Saccharomycotina_Saccharomycetes_Saccharomycetales_Saccharomyces_cerevisiae_baker_s_yeast, Node1652*)",593,-1.0241024058218453e-17,0.6069936118962173,c3,branch_to_yeast
"(Eukaryota_Opisthokonta_Nucletmycea_Fungi_Dikarya_Ascomycota_Saccharomycotina_Saccharomycetes_Saccharomycetales_Saccharomyces_cerevisiae_baker_s_yeast, Node1652*)",594,0.5441475912541518,0.6069936118962173,c3,branch_to_yeast
"(Eukaryota_Opisthokonta_Nucletmycea_Fungi_Dikarya_Ascomycota_Saccharomycotina_Saccharomycetes_Saccharomycetales_Saccharomyces_cerevisiae_baker_s_yeast, Node1652*)",595,3.6584333474801628e-19,0.6069936118962173,c3,branch_to_yeast
"(Eukaryota_Opisthokonta_Nucletmycea_Fungi_Dikarya_Ascomycota_Saccharomycotina_Saccharomycetes_Saccharomycetales_Saccharomyces_cerevisiae_baker_s_yeast, Node1652*)",596,7.28620207784292e-21,0.3476609260040595,c4,branch_to_yeast
"(Eukaryota_Opisthokonta_Nucletmycea_Fungi_Dikarya_Ascomycota_Saccharomycotina_Saccharomycetes_Saccharomycetales_Saccharomyces_cerevisiae_baker_s_yeast, Node1652*)",597,-3.521906116243173e-21,0.3476609260040595,c4,branch_to_yeast
"(Eukaryota_Opisthokonta_Nucletmycea_Fungi_Dikarya_Ascomycota_Saccharomycotina_Saccharomycetes_Saccharomycetales_Saccharomyces_cerevisiae_baker_s_yeast, Node1652*)",598,-3.5082178724920235e-21,0.3476609260040595,c4,branch_to_yeast
"(Eukaryota_Opisthokonta_Nucletmycea_Fungi_Dikarya_Ascomycota_Saccharomycotina_Saccharomycetes_Saccharomycetales_Saccharomyces_cerevisiae_baker_s_yeast, Node1652*)",599,-1.045353317945314e-21,0.3476609260040595,c4,branch_to_yeast
"(Eukaryota_Opisthokonta_Nucletmycea_Fungi_Dikarya_Ascomycota_Saccharomycotina_Saccharomycetes_Saccharomycetales_Saccharomyces_cerevisiae_baker_s_yeast, Node1652*)",600,1.4372156591480517e-21,0.3476609260040595,c4,branch_to_yeast
"(Eukaryota_Opisthokonta_Nucletmycea_Fungi_Dikarya_Ascomycota_Saccharomycotina_Saccharomycetes_Saccharomycetales_Saccharomyces_cerevisiae_baker_s_yeast, Node1652*)",601,9.558293441634973e-23,0.3476609260040595,c4,branch_to_yeast
"(Eukaryota_Opisthokonta_Nucletmycea_Fungi_Dikarya_Ascomycota_Saccharomycotina_Saccharomycetes_Saccharomycetales_Saccharomyces_cerevisiae_baker_s_yeast, Node1652*)",602,1.970190427570248e-21,0.3476609260040595,c4,branch_to_yeast
"(Eukaryota_Opisthokonta_Nucletmycea_Fungi_Dikarya_Ascomycota_Saccharomycotina_Saccharomycetes_Saccharomycetales_Saccharomyces_cerevisiae_baker_s_yeast, Node1652*)",603,1.9193679717273455e-21,0.3476609260040595,c4,branch_to_yeast
"(Eukaryota_Opisthokonta_Nucletmycea_Fungi_Dikarya_Ascomycota_Saccharomycotina_Saccharomycetes_Saccharomycetales_Saccharomyces_cerevisiae_baker_s_yeast, Node1652*)",604,2.3589935412177235e-21,0.3476609260040595,c4,branch_to_yeast
"(Eukaryota_Opisthokonta_Nucletmycea_Fungi_Dikarya_Ascomycota_Saccharomycotina_Saccharomycetes_Saccharomycetales_Saccharomyces_cerevisiae_baker_s_yeast, Node1652*)",605,5.607919163905753e-23,0.3476609260040595,c4,branch_to_yeast
"(Eukaryota_Opisthokonta_Nucletmycea_Fungi_Dikarya_Ascomycota_Saccharomycotina_Saccharomycetes_Saccharomycetales_Saccharomyces_cerevisiae_baker_s_yeast, Node1652*)",606,2.0022855233291918e-21,0.3476609260040595,c4,branch_to_yeast
"(Eukaryota_Opisthokonta_Nucletmycea_Fungi_Dikarya_Ascomycota_Saccharomycotina_Saccharomycetes_Saccharomycetales_Saccharomyces_cerevisiae_baker_s_yeast, Node1652*)",607,4.503351652054747e-18,0.6046363655715266,c2,branch_to_yeast
"(Eukaryota_Opisthokonta_Nucletmycea_Fungi_Dikarya_Ascomycota_Saccharomycotina_Saccharomycetes_Saccharomycetales_Saccharomyces_cerevisiae_baker_s_yeast, Node1652*)",608,7.047520330230616e-18,0.6575751876162639,c1,branch_to_yeast
"(Eukaryota_Opisthokonta_Nucletmycea_Fungi_Dikarya_Ascomycota_Saccharomycotina_Saccharomycetes_Saccharomycetales_Saccharomyces_cerevisiae_baker_s_yeast, Node1652*)",609,5.3097164638831205e-18,0.6575751876162639,c1,branch_to_yeast
"(Eukaryota_Opisthokonta_Nucletmycea_Fungi_Dikarya_Ascomycota_Saccharomycotina_Saccharomycetes_Saccharomycetales_Saccharomyces_cerevisiae_baker_s_yeast, Node1652*)",610,-3.627886028618675e-18,0.6046363655715266,c2,branch_to_yeast
"(Eukaryota_Opisthokonta_Nucletmycea_Fungi_Dikarya_Ascomycota_Saccharomycotina_Saccharomycetes_Saccharomycetales_Saccharomyces_cerevisiae_baker_s_yeast, Node1652*)",611,-7.41954474337496e-19,0.6069936118962173,c3,branch_to_yeast
"(Eukaryota_Opisthokonta_Nucletmycea_Fungi_Dikarya_Ascomycota_Saccharomycotina_Saccharomycetes_Saccharomycetales_Saccharomyces_cerevisiae_baker_s_yeast, Node1652*)",612,1.6371415384930377,0.6046363655715266,c2,branch_to_yeast
"(Eukaryota_Opisthokonta_Nucletmycea_Fungi_Dikarya_Ascomycota_Saccharomycotina_Saccharomycetes_Saccharomycetales_Saccharomyces_cerevisiae_baker_s_yeast, Node1652*)",613,1.6371415385785282,0.6575751876162639,c1,branch_to_yeast
"(Eukaryota_Opisthokonta_Nucletmycea_Fungi_Dikarya_Ascomycota_Saccharomycotina_Saccharomycetes_Saccharomycetales_Saccharomyces_cerevisiae_baker_s_yeast, Node1652*)",614,-1.0249024388231282e-17,0.6046363655715266,c2,branch_to_yeast
"(Eukaryota_Opisthokonta_Nucletmycea_Fungi_Dikarya_Ascomycota_Saccharomycotina_Saccharomycetes_Saccharomycetales_Saccharomyces_cerevisiae_baker_s_yeast, Node1652*)",615,-8.927708224963536e-18,0.6046363655715266,c2,branch_to_yeast
"(Eukaryota_Opisthokonta_Nucletmycea_Fungi_Dikarya_Ascomycota_Saccharomycotina_Saccharomycetes_Saccharomycetales_Saccharomyces_cerevisiae_baker_s_yeast, Node1652*)",616,0.5441475912541518,0.6069936118962173,c3,branch_to_yeast
"(Eukaryota_Opisthokonta_Nucletmycea_Fungi_Dikarya_Ascomycota_Saccharomycotina_Saccharomycetes_Saccharomycetales_Saccharomyces_cerevisiae_baker_s_yeast, Node1652*)",617,0.5441475912541518,0.6069936118962173,c3,branch_to_yeast
"(Eukaryota_Opisthokonta_Nucletmycea_Fungi_Dikarya_Ascomycota_Saccharomycotina_Saccharomycetes_Saccharomycetales_Saccharomyces_cerevisiae_baker_s_yeast, Node1652*)",618,1.637141532282841,0.3476609260040595,c4,branch_to_yeast
"(Eukaryota_Opisthokonta_Nucletmycea_Fungi_Dikarya_Ascomycota_Saccharomycotina_Saccharomycetes_Saccharomycetales_Saccharomyces_cerevisiae_baker_s_yeast, Node1652*)",619,0.9586343513631712,0.3476609260040595,c4,branch_to_yeast
"(Eukaryota_Opisthokonta_Nucletmycea_Fungi_Dikarya_Ascomycota_Saccharomycotina_Saccharomycetes_Saccharomycetales_Saccharomyces_cerevisiae_baker_s_yeast, Node1652*)",620,0.5441475912541518,0.6069936118962173,c3,branch_to_yeast
"(Eukaryota_Opisthokonta_Nucletmycea_Fungi_Dikarya_Ascomycota_Saccharomycotina_Saccharomycetes_Saccharomycetales_Saccharomyces_cerevisiae_baker_s_yeast, Node1652*)",621,0.9586343548511712,0.6069936118962173,c3,branch_to_yeast
"(Eukaryota_Opisthokonta_Nucletmycea_Fungi_Dikarya_Ascomycota_Saccharomycotina_Saccharomycetes_Saccharomycetales_Saccharomyces_cerevisiae_baker_s_yeast, Node1652*)",622,0.9586343548511712,0.6069936118962173,c3,branch_to_yeast
"(Eukaryota_Opisthokonta_Nucletmycea_Fungi_Dikarya_Ascomycota_Saccharomycotina_Saccharomycetes_Saccharomycetales_Saccharomyces_cerevisiae_baker_s_yeast, Node1652*)",623,0.5441475914141404,0.6575751876162639,c1,branch_to_yeast
"(Eukaryota_Opisthokonta_Nucletmycea_Fungi_Dikarya_Ascomycota_Saccharomycotina_Saccharomycetes_Saccharomycetales_Saccharomyces_cerevisiae_baker_s_yeast, Node1652*)",624,0.5441475913936314,0.6046363655715266,c2,branch_to_yeast
"(Eukaryota_Opisthokonta_Nucletmycea_Fungi_Dikarya_Ascomycota_Saccharomycotina_Saccharomycetes_Saccharomycetales_Saccharomyces_cerevisiae_baker_s_yeast, Node1652*)",625,1.6371415384930377,0.6046363655715266,c2,branch_to_yeast
"(Eukaryota_Opisthokonta_Nucletmycea_Fungi_Dikarya_Ascomycota_Saccharomycotina_Saccharomycetes_Saccharomycetales_Saccharomyces_cerevisiae_baker_s_yeast, Node1652*)",626,0.5441475913936314,0.6046363655715266,c2,branch_to_yeast
"(Eukaryota_Opisthokonta_Nucletmycea_Fungi_Dikarya_Ascomycota_Saccharomycotina_Saccharomycetes_Saccharomycetales_Saccharomyces_cerevisiae_baker_s_yeast, Node1652*)",627,0.5441475914141404,0.6575751876162639,c1,branch_to_yeast
"(Eukaryota_Opisthokonta_Nucletmycea_Fungi_Dikarya_Ascomycota_Saccharomycotina_Saccharomycetes_Saccharomycetales_Saccharomyces_cerevisiae_baker_s_yeast, Node1652*)",628,-1.0881673886603844e-17,0.6575751876162639,c1,branch_to_yeast
"(Eukaryota_Opisthokonta_Nucletmycea_Fungi_Dikarya_Ascomycota_Saccharomycotina_Saccharomycetes_Saccharomycetales_Saccharomyces_cerevisiae_baker_s_yeast, Node1652*)",629,2.2077496137810263e-18,0.6069936118962173,c3,branch_to_yeast
"(Eukaryota_Opisthokonta_Nucletmycea_Fungi_Dikarya_Ascomycota_Saccharomycotina_Saccharomycetes_Saccharomycetales_Saccharomyces_cerevisiae_baker_s_yeast, Node1652*)",630,0.9586343548511712,0.6069936118962173,c3,branch_to_yeast
"(Eukaryota_Opisthokonta_Nucletmycea_Fungi_Dikarya_Ascomycota_Saccharomycotina_Saccharomycetes_Saccharomycetales_Saccharomyces_cerevisiae_baker_s_yeast, Node1652*)",631,0.9586343552121765,0.6046363655715266,c2,branch_to_yeast
"(Eukaryota_Opisthokonta_Nucletmycea_Fungi_Dikarya_Ascomycota_Saccharomycotina_Saccharomycetes_Saccharomycetales_Saccharomyces_cerevisiae_baker_s_yeast, Node1652*)",632,0.5441475913936314,0.6046363655715266,c2,branch_to_yeast
"(Eukaryota_Opisthokonta_Nucletmycea_Fungi_Dikarya_Ascomycota_Saccharomycotina_Saccharomycetes_Saccharomycetales_Saccharomyces_cerevisiae_baker_s_yeast, Node1652*)",633,6.210532358972982e-18,0.6575751876162639,c1,branch_to_yeast
"(Eukaryota_Opisthokonta_Nucletmycea_Fungi_Dikarya_Ascomycota_Saccharomycotina_Saccharomycetes_Saccharomycetales_Saccharomyces_cerevisiae_baker_s_yeast, Node1652*)",634,0.9586343552652508,0.6575751876162639,c1,branch_to_yeast
"(Eukaryota_Opisthokonta_Nucletmycea_Fungi_Dikarya_Ascomycota_Saccharomycotina_Saccharomycetes_Saccharomycetales_Saccharomyces_cerevisiae_baker_s_yeast, Node1652*)",635,0.9586343552652508,0.6575751876162639,c1,branch_to_yeast
"(Eukaryota_Opisthokonta_Nucletmycea_Fungi_Dikarya_Ascomycota_Saccharomycotina_Saccharomycetes_Saccharomycetales_Saccharomyces_cerevisiae_baker_s_yeast, Node1652*)",636,0.9586343552121765,0.6046363655715266,c2,branch_to_yeast
"(Eukaryota_Opisthokonta_Nucletmycea_Fungi_Dikarya_Ascomycota_Saccharomycotina_Saccharomycetes_Saccharomycetales_Saccharomyces_cerevisiae_baker_s_yeast, Node1652*)",637,1.6371415385785282,0.6575751876162639,c1,branch_to_yeast
"(Eukaryota_Opisthokonta_Nucletmycea_Fungi_Dikarya_Ascomycota_Saccharomycotina_Saccharomycetes_Saccharomycetales_Saccharomyces_cerevisiae_baker_s_yeast, Node1652*)",638,-3.99819487239895e-18,0.6046363655715266,c2,branch_to_yeast
"(Eukaryota_Opisthokonta_Nucletmycea_Fungi_Dikarya_Ascomycota_Saccharomycotina_Saccharomycetes_Saccharomycetales_Saccharomyces_cerevisiae_baker_s_yeast, Node1652*)",639,0.5441475914141404,0.6575751876162639,c1,branch_to_yeast
"(Eukaryota_Opisthokonta_Nucletmycea_Fungi_Dikarya_Ascomycota_Saccharomycotina_Saccharomycetes_Saccharomycetales_Saccharomyces_cerevisiae_baker_s_yeast, Node1652*)",640,0.5441475914141404,0.6575751876162639,c1,branch_to_yeast
"(Eukaryota_Opisthokonta_Nucletmycea_Fungi_Dikarya_Ascomycota_Saccharomycotina_Saccharomycetes_Saccharomycetales_Saccharomyces_cerevisiae_baker_s_yeast, Node1652*)",641,0.9586343552121765,0.6046363655715266,c2,branch_to_yeast
"(Eukaryota_Opisthokonta_Nucletmycea_Fungi_Dikarya_Ascomycota_Saccharomycotina_Saccharomycetes_Saccharomycetales_Saccharomyces_cerevisiae_baker_s_yeast, Node1652*)",642,5.2013236243164055e-18,0.6046363655715266,c2,branch_to_yeast
"(Eukaryota_Opisthokonta_Nucletmycea_Fungi_Dikarya_Ascomycota_Saccharomycotina_Saccharomycetes_Saccharomycetales_Saccharomyces_cerevisiae_baker_s_yeast, Node1652*)",643,1.6371415385785282,0.6575751876162639,c1,branch_to_yeast
"(Eukaryota_Opisthokonta_Nucletmycea_Fungi_Dikarya_Ascomycota_Saccharomycotina_Saccharomycetes_Saccharomycetales_Saccharomyces_cerevisiae_baker_s_yeast, Node1652*)",644,-3.983380759096552e-18,0.6046363655715266,c2,branch_to_yeast
"(Eukaryota_Opisthokonta_Nucletmycea_Fungi_Dikarya_Ascomycota_Saccharomycotina_Saccharomycetes_Saccharomycetales_Saccharomyces_cerevisiae_baker_s_yeast, Node1652*)",645,0.9586343552121765,0.6046363655715266,c2,branch_to_yeast
"(Eukaryota_Opisthokonta_Nucletmycea_Fungi_Dikarya_Ascomycota_Saccharomycotina_Saccharomycetes_Saccharomycetales_Saccharomyces_cerevisiae_baker_s_yeast, Node1652*)",646,0.9586343552652508,0.6575751876162639,c1,branch_to_yeast
"(Eukaryota_Opisthokonta_Nucletmycea_Fungi_Dikarya_Ascomycota_Saccharomycotina_Saccharomycetes_Saccharomycetales_Saccharomyces_cerevisiae_baker_s_yeast, Node1652*)",647,6.31363172006668e-18,0.6575751876162639,c1,branch_to_yeast
"(Eukaryota_Opisthokonta_Nucletmycea_Fungi_Dikarya_Ascomycota_Saccharomycotina_Saccharomycetes_Saccharomycetales_Saccharomyces_cerevisiae_baker_s_yeast, Node1652*)",648,0.9586343552652508,0.6575751876162639,c1,branch_to_yeast
"(Eukaryota_Opisthokonta_Nucletmycea_Fungi_Dikarya_Ascomycota_Saccharomycotina_Saccharomycetes_Saccharomycetales_Saccharomyces_cerevisiae_baker_s_yeast, Node1652*)",649,1.6371415385785282,0.6575751876162639,c1,branch_to_yeast
"(Eukaryota_Opisthokonta_Nucletmycea_Fungi_Dikarya_Ascomycota_Saccharomycotina_Saccharomycetes_Saccharomycetales_Saccharomyces_cerevisiae_baker_s_yeast, Node1652*)",650,1.6371415385785282,0.6575751876162639,c1,branch_to_yeast
"(Eukaryota_Opisthokonta_Nucletmycea_Fungi_Dikarya_Ascomycota_Saccharomycotina_Saccharomycetes_Saccharomycetales_Saccharomyces_cerevisiae_baker_s_yeast, Node1652*)",651,0.5441475914141404,0.6575751876162639,c1,branch_to_yeast
"(Eukaryota_Opisthokonta_Nucletmycea_Fungi_Dikarya_Ascomycota_Saccharomycotina_Saccharomycetes_Saccharomycetales_Saccharomyces_cerevisiae_baker_s_yeast, Node1652*)",652,0.9586343552652508,0.6575751876162639,c1,branch_to_yeast
"(Eukaryota_Opisthokonta_Nucletmycea_Fungi_Dikarya_Ascomycota_Saccharomycotina_Saccharomycetes_Saccharomycetales_Saccharomyces_cerevisiae_baker_s_yeast, Node1652*)",653,1.6371415385785282,0.6575751876162639,c1,branch_to_yeast
"(Eukaryota_Opisthokonta_Nucletmycea_Fungi_Dikarya_Ascomycota_Saccharomycotina_Saccharomycetes_Saccharomycetales_Saccharomyces_cerevisiae_baker_s_yeast, Node1652*)",654,0.5441475914141404,0.6575751876162639,c1,branch_to_yeast
"(Eukaryota_Opisthokonta_Nucletmycea_Fungi_Dikarya_Ascomycota_Saccharomycotina_Saccharomycetes_Saccharomycetales_Saccharomyces_cerevisiae_baker_s_yeast, Node1652*)",655,0.9586343552652508,0.6575751876162639,c1,branch_to_yeast
"(Eukaryota_Opisthokonta_Nucletmycea_Fungi_Dikarya_Ascomycota_Saccharomycotina_Saccharomycetes_Saccharomycetales_Saccharomyces_cerevisiae_baker_s_yeast, Node1652*)",656,1.6371415385785282,0.6575751876162639,c1,branch_to_yeast
"(Eukaryota_Opisthokonta_Nucletmycea_Fungi_Dikarya_Ascomycota_Saccharomycotina_Saccharomycetes_Saccharomycetales_Saccharomyces_cerevisiae_baker_s_yeast, Node1652*)",657,1.6371415385785282,0.6575751876162639,c1,branch_to_yeast
"(Eukaryota_Opisthokonta_Nucletmycea_Fungi_Dikarya_Ascomycota_Saccharomycotina_Saccharomycetes_Saccharomycetales_Saccharomyces_cerevisiae_baker_s_yeast, Node1652*)",658,0.9586343552652508,0.6575751876162639,c1,branch_to_yeast
"(Eukaryota_Opisthokonta_Nucletmycea_Fungi_Dikarya_Ascomycota_Saccharomycotina_Saccharomycetes_Saccharomycetales_Saccharomyces_cerevisiae_baker_s_yeast, Node1652*)",659,1.6371415385785282,0.6575751876162639,c1,branch_to_yeast
"(Eukaryota_Opisthokonta_Nucletmycea_Fungi_Dikarya_Ascomycota_Saccharomycotina_Saccharomycetes_Saccharomycetales_Saccharomyces_cerevisiae_baker_s_yeast, Node1652*)",660,0.9586343552652508,0.6575751876162639,c1,branch_to_yeast
"(Eukaryota_Opisthokonta_Nucletmycea_Fungi_Dikarya_Ascomycota_Saccharomycotina_Saccharomycetes_Saccharomycetales_Saccharomyces_cerevisiae_baker_s_yeast, Node1652*)",661,0.9586343552652508,0.6575751876162639,c1,branch_to_yeast
"(Eukaryota_Opisthokonta_Nucletmycea_Fungi_Dikarya_Ascomycota_Saccharomycotina_Saccharomycetes_Saccharomycetales_Saccharomyces_cerevisiae_baker_s_yeast, Node1652*)",662,3.012309641640416e-19,0.6575751876162639,c1,branch_to_yeast
"(Eukaryota_Opisthokonta_Nucletmycea_Fungi_Dikarya_Ascomycota_Saccharomycotina_Saccharomycetes_Saccharomycetales_Saccharomyces_cerevisiae_baker_s_yeast, Node1652*)",663,0.5441475914141404,0.6575751876162639,c1,branch_to_yeast
"(Eukaryota_Opisthokonta_Nucletmycea_Fungi_Dikarya_Ascomycota_Saccharomycotina_Saccharomycetes_Saccharomycetales_Saccharomyces_cerevisiae_baker_s_yeast, Node1652*)",664,0.5441475914141404,0.6575751876162639,c1,branch_to_yeast
"(Eukaryota_Opisthokonta_Nucletmycea_Fungi_Dikarya_Ascomycota_Saccharomycotina_Saccharomycetes_Saccharomycetales_Saccharomyces_cerevisiae_baker_s_yeast, Node1652*)",665,-1.0244612793254884e-17,0.6046363655715266,c2,branch_to_yeast
"(Eukaryota_Opisthokonta_Nucletmycea_Fungi_Dikarya_Ascomycota_Saccharomycotina_Saccharomycetes_Saccharomycetales_Saccharomyces_cerevisiae_baker_s_yeast, Node1652*)",666,6.552524737606549e-18,0.6575751876162639,c1,branch_to_yeast
"(Eukaryota_Opisthokonta_Nucletmycea_Fungi_Dikarya_Ascomycota_Saccharomycotina_Saccharomycetes_Saccharomycetales_Saccharomyces_cerevisiae_baker_s_yeast, Node1652*)",667,1.6371415385785282,0.6575751876162639,c1,branch_to_yeast
"(Eukaryota_Opisthokonta_Nucletmycea_Fungi_Dikarya_Ascomycota_Saccharomycotina_Saccharomycetes_Saccharomycetales_Saccharomyces_cerevisiae_baker_s_yeast, Node1652*)",668,1.6371415384930377,0.6046363655715266,c2,branch_to_yeast
"(Eukaryota_Opisthokonta_Nucletmycea_Fungi_Dikarya_Ascomycota_Saccharomycotina_Saccharomycetes_Saccharomycetales_Saccharomyces_cerevisiae_baker_s_yeast, Node1652*)",669,0.5441475913936314,0.6046363655715266,c2,branch_to_yeast
"(Eukaryota_Opisthokonta_Nucletmycea_Fungi_Dikarya_Ascomycota_Saccharomycotina_Saccharomycetes_Saccharomycetales_Saccharomyces_cerevisiae_baker_s_yeast, Node1652*)",670,0.9586343552121765,0.6046363655715266,c2,branch_to_yeast
"(Eukaryota_Opisthokonta_Nucletmycea_Fungi_Dikarya_Ascomycota_Saccharomycotina_Saccharomycetes_Saccharomycetales_Saccharomyces_cerevisiae_baker_s_yeast, Node1652*)",671,1.6371415384930377,0.6046363655715266,c2,branch_to_yeast
"(Eukaryota_Opisthokonta_Nucletmycea_Fungi_Dikarya_Ascomycota_Saccharomycotina_Saccharomycetes_Saccharomycetales_Saccharomyces_cerevisiae_baker_s_yeast, Node1652*)",672,-8.13102808411197e-18,0.6046363655715266,c2,branch_to_yeast
"(Eukaryota_Opisthokonta_Nucletmycea_Fungi_Dikarya_Ascomycota_Saccharomycotina_Saccharomycetes_Saccharomycetales_Saccharomyces_cerevisiae_baker_s_yeast, Node1652*)",673,1.6371415384930377,0.6046363655715266,c2,branch_to_yeast
"(Eukaryota_Opisthokonta_Nucletmycea_Fungi_Dikarya_Ascomycota_Saccharomycotina_Saccharomycetes_Saccharomycetales_Saccharomyces_cerevisiae_baker_s_yeast, Node1652*)",674,1.6371415384930377,0.6046363655715266,c2,branch_to_yeast
"(Eukaryota_Opisthokonta_Nucletmycea_Fungi_Dikarya_Ascomycota_Saccharomycotina_Saccharomycetes_Saccharomycetales_Saccharomyces_cerevisiae_baker_s_yeast, Node1652*)",675,0.5441475912541518,0.6069936118962173,c3,branch_to_yeast
"(Eukaryota_Opisthokonta_Nucletmycea_Fungi_Dikarya_Ascomycota_Saccharomycotina_Saccharomycetes_Saccharomycetales_Saccharomyces_cerevisiae_baker_s_yeast, Node1652*)",676,0.5441475914141404,0.6575751876162639,c1,branch_to_yeast
"(Eukaryota_Opisthokonta_Nucletmycea_Fungi_Dikarya_Ascomycota_Saccharomycotina_Saccharomycetes_Saccharomycetales_Saccharomyces_cerevisiae_baker_s_yeast, Node1652*)",677,6.277651221190706e-18,0.6069936118962173,c3,branch_to_yeast
"(Eukaryota_Opisthokonta_Nucletmycea_Fungi_Dikarya_Ascomycota_Saccharomycotina_Saccharomycetes_Saccharomycetales_Saccharomyces_cerevisiae_baker_s_yeast, Node1652*)",678,0.5441475914141404,0.6575751876162639,c1,branch_to_yeast
"(Eukaryota_Opisthokonta_Nucletmycea_Fungi_Dikarya_Ascomycota_Saccharomycotina_Saccharomycetes_Saccharomycetales_Saccharomyces_cerevisiae_baker_s_yeast, Node1652*)",679,0.9586343552652508,0.6575751876162639,c1,branch_to_yeast
"(Eukaryota_Opisthokonta_Nucletmycea_Fungi_Dikarya_Ascomycota_Saccharomycotina_Saccharomycetes_Saccharomycetales_Saccharomyces_cerevisiae_baker_s_yeast, Node1652*)",680,1.6371415385785282,0.6575751876162639,c1,branch_to_yeast
"(Eukaryota_Opisthokonta_Nucletmycea_Fungi_Dikarya_Ascomycota_Saccharomycotina_Saccharomycetes_Saccharomycetales_Saccharomyces_cerevisiae_baker_s_yeast, Node1652*)",681,0.9586343552652508,0.6575751876162639,c1,branch_to_yeast
"(Eukaryota_Opisthokonta_Nucletmycea_Fungi_Dikarya_Ascomycota_Saccharomycotina_Saccharomycetes_Saccharomycetales_Saccharomyces_cerevisiae_baker_s_yeast, Node1652*)",682,6.614032120716937e-18,0.6575751876162639,c1,branch_to_yeast
"(Eukaryota_Opisthokonta_Nucletmycea_Fungi_Dikarya_Ascomycota_Saccharomycotina_Saccharomycetes_Saccharomycetales_Saccharomyces_cerevisiae_baker_s_yeast, Node1652*)",683,0.5441475914141404,0.6575751876162639,c1,branch_to_yeast
"(Eukaryota_Opisthokonta_Nucletmycea_Fungi_Dikarya_Ascomycota_Saccharomycotina_Saccharomycetes_Saccharomycetales_Saccharomyces_cerevisiae_baker_s_yeast, Node1652*)",684,4.673984545601557e-18,0.6046363655715266,c2,branch_to_yeast
"(Eukaryota_Opisthokonta_Nucletmycea_Fungi_Dikarya_Ascomycota_Saccharomycotina_Saccharomycetes_Saccharomycetales_Saccharomyces_cerevisiae_baker_s_yeast, Node1652*)",685,0.5441475913936314,0.6046363655715266,c2,branch_to_yeast
"(Eukaryota_Opisthokonta_Nucletmycea_Fungi_Dikarya_Ascomycota_Saccharomycotina_Saccharomycetes_Saccharomycetales_Saccharomyces_cerevisiae_baker_s_yeast, Node1652*)",686,-1.0267515882227349e-17,0.6046363655715266,c2,branch_to_yeast
"(Eukaryota_Opisthokonta_Nucletmycea_Fungi_Dikarya_Ascomycota_Saccharomycotina_Saccharomycetes_Saccharomycetales_Saccharomyces_cerevisiae_baker_s_yeast, Node1652*)",687,-1.0642254046316096e-17,0.6575751876162639,c1,branch_to_yeast
"(Eukaryota_Opisthokonta_Nucletmycea_Fungi_Dikarya_Ascomycota_Saccharomycotina_Saccharomycetes_Saccharomycetales_Saccharomyces_cerevisiae_baker_s_yeast, Node1652*)",688,0.5441475913936314,0.6046363655715266,c2,branch_to_yeast
"(Eukaryota_Opisthokonta_Nucletmycea_Fungi_Dikarya_Ascomycota_Saccharomycotina_Saccharomycetes_Saccharomycetales_Saccharomyces_cerevisiae_baker_s_yeast, Node1652*)",689,0.5441475913936314,0.6046363655715266,c2,branch_to_yeast
"(Eukaryota_Opisthokonta_Nucletmycea_Fungi_Dikarya_Ascomycota_Saccharomycotina_Saccharomycetes_Saccharomycetales_Saccharomyces_cerevisiae_baker_s_yeast, Node1652*)",690,0.5441475914141404,0.6575751876162639,c1,branch_to_yeast
"(Eukaryota_Opisthokonta_Nucletmycea_Fungi_Dikarya_Ascomycota_Saccharomycotina_Saccharomycetes_Saccharomycetales_Saccharomyces_cerevisiae_baker_s_yeast, Node1652*)",691,0.9586343548511712,0.6069936118962173,c3,branch_to_yeast
"(Eukaryota_Opisthokonta_Nucletmycea_Fungi_Dikarya_Ascomycota_Saccharomycotina_Saccharomycetes_Saccharomycetales_Saccharomyces_cerevisiae_baker_s_yeast, Node1652*)",692,-1.0762248918979577e-17,0.6575751876162639,c1,branch_to_yeast
"(Eukaryota_Opisthokonta_Nucletmycea_Fungi_Dikarya_Ascomycota_Saccharomycotina_Saccharomycetes_Saccharomycetales_Saccharomyces_cerevisiae_baker_s_yeast, Node1652*)",693,6.223251403003582e-18,0.6046363655715266,c2,branch_to_yeast
"(Eukaryota_Opisthokonta_Nucletmycea_Fungi_Dikarya_Ascomycota_Saccharomycotina_Saccharomycetes_Saccharomycetales_Saccharomyces_cerevisiae_baker_s_yeast, Node1652*)",694,0.9586343552652508,0.6575751876162639,c1,branch_to_yeast
"(Eukaryota_Opisthokonta_Nucletmycea_Fungi_Dikarya_Ascomycota_Saccharomycotina_Saccharomycetes_Saccharomycetales_Saccharomyces_cerevisiae_baker_s_yeast, Node1652*)",695,-1.0323436239712984e-17,0.6046363655715266,c2,branch_to_yeast
"(Eukaryota_Opisthokonta_Nucletmycea_Fungi_Dikarya_Ascomycota_Saccharomycotina_Saccharomycetes_Saccharomycetales_Saccharomyces_cerevisiae_baker_s_yeast, Node1652*)",696,-9.698785288425987e-18,0.6575751876162639,c1,branch_to_yeast
"(Eukaryota_Opisthokonta_Nucletmycea_Fungi_Dikarya_Ascomycota_Saccharomycotina_Saccharomycetes_Saccharomycetales_Saccharomyces_cerevisiae_baker_s_yeast, Node1652*)",697,0.9586343552652508,0.6575751876162639,c1,branch_to_yeast
"(Eukaryota_Opisthokonta_Nucletmycea_Fungi_Dikarya_Ascomycota_Saccharomycotina_Saccharomycetes_Saccharomycetales_Saccharomyces_cerevisiae_baker_s_yeast, Node1652*)",698,1.6371415385785282,0.6575751876162639,c1,branch_to_yeast
"(Eukaryota_Opisthokonta_Nucletmycea_Fungi_Dikarya_Ascomycota_Saccharomycotina_Saccharomycetes_Saccharomycetales_Saccharomyces_cerevisiae_baker_s_yeast, Node1652*)",699,0.5441475914141404,0.6575751876162639,c1,branch_to_yeast
"(Eukaryota_Opisthokonta_Nucletmycea_Fungi_Dikarya_Ascomycota_Saccharomycotina_Saccharomycetes_Saccharomycetales_Saccharomyces_cerevisiae_baker_s_yeast, Node1652*)",700,0.9586343552652508,0.6575751876162639,c1,branch_to_yeast
"(Eukaryota_Opisthokonta_Nucletmycea_Fungi_Dikarya_Ascomycota_Saccharomycotina_Saccharomycetes_Saccharomycetales_Saccharomyces_cerevisiae_baker_s_yeast, Node1652*)",701,-9.396102122828923e-18,0.6575751876162639,c1,branch_to_yeast
"(Eukaryota_Opisthokonta_Nucletmycea_Fungi_Dikarya_Ascomycota_Saccharomycotina_Saccharomycetes_Saccharomycetales_Saccharomyces_cerevisiae_baker_s_yeast, Node1652*)",702,-9.698785288425987e-18,0.6575751876162639,c1,branch_to_yeast
"(Eukaryota_Opisthokonta_Nucletmycea_Fungi_Dikarya_Ascomycota_Saccharomycotina_Saccharomycetes_Saccharomycetales_Saccharomyces_cerevisiae_baker_s_yeast, Node1652*)",703,0.5441475914141404,0.6575751876162639,c1,branch_to_yeast
"(Eukaryota_Opisthokonta_Nucletmycea_Fungi_Dikarya_Ascomycota_Saccharomycotina_Saccharomycetes_Saccharomycetales_Saccharomyces_cerevisiae_baker_s_yeast, Node1652*)",704,0.5441475914141404,0.6575751876162639,c1,branch_to_yeast
"(Eukaryota_Opisthokonta_Nucletmycea_Fungi_Dikarya_Ascomycota_Saccharomycotina_Saccharomycetes_Saccharomycetales_Saccharomyces_cerevisiae_baker_s_yeast, Node1652*)",705,0.5441475914141404,0.6575751876162639,c1,branch_to_yeast
"(Eukaryota_Opisthokonta_Nucletmycea_Fungi_Dikarya_Ascomycota_Saccharomycotina_Saccharomycetes_Saccharomycetales_Saccharomyces_cerevisiae_baker_s_yeast, Node1652*)",706,0.5441475914141404,0.6575751876162639,c1,branch_to_yeast
"(Eukaryota_Opisthokonta_Nucletmycea_Fungi_Dikarya_Ascomycota_Saccharomycotina_Saccharomycetes_Saccharomycetales_Saccharomyces_cerevisiae_baker_s_yeast, Node1652*)",707,0.5441475912541518,0.6069936118962173,c3,branch_to_yeast
"(Eukaryota_Opisthokonta_Nucletmycea_Fungi_Dikarya_Ascomycota_Saccharomycotina_Saccharomycetes_Saccharomycetales_Saccharomyces_cerevisiae_baker_s_yeast, Node1652*)",708,0.9586343552652508,0.6575751876162639,c1,branch_to_yeast
"(Eukaryota_Opisthokonta_Nucletmycea_Fungi_Dikarya_Ascomycota_Saccharomycotina_Saccharomycetes_Saccharomycetales_Saccharomyces_cerevisiae_baker_s_yeast, Node1652*)",709,1.6371415384930377,0.6046363655715266,c2,branch_to_yeast
"(Eukaryota_Opisthokonta_Nucletmycea_Fungi_Dikarya_Ascomycota_Saccharomycotina_Saccharomycetes_Saccharomycetales_Saccharomyces_cerevisiae_baker_s_yeast, Node1652*)",710,-8.815354363763475e-18,0.6069936118962173,c3,branch_to_yeast
"(Eukaryota_Opisthokonta_Nucletmycea_Fungi_Dikarya_Ascomycota_Saccharomycotina_Saccharomycetes_Saccharomycetales_Saccharomyces_cerevisiae_baker_s_yeast, Node1652*)",711,1.637141537911306,0.6069936118962173,c3,branch_to_yeast
"(Eukaryota_Opisthokonta_Nucletmycea_Fungi_Dikarya_Ascomycota_Saccharomycotina_Saccharomycetes_Saccharomycetales_Saccharomyces_cerevisiae_baker_s_yeast, Node1652*)",712,0.9586343552652508,0.6575751876162639,c1,branch_to_yeast
"(Eukaryota_Opisthokonta_Nucletmycea_Fungi_Dikarya_Ascomycota_Saccharomycotina_Saccharomycetes_Saccharomycetales_Saccharomyces_cerevisiae_baker_s_yeast, Node1652*)",713,2.924522653350817e-18,0.6046363655715266,c2,branch_to_yeast
"(Eukaryota_Opisthokonta_Nucletmycea_Fungi_Dikarya_Ascomycota_Saccharomycotina_Saccharomycetes_Saccharomycetales_Saccharomyces_cerevisiae_baker_s_yeast, Node1652*)",714,0.5441475914141404,0.6575751876162639,c1,branch_to_yeast
"(Eukaryota_Opisthokonta_Nucletmycea_Fungi_Dikarya_Ascomycota_Saccharomycotina_Saccharomycetes_Saccharomycetales_Saccharomyces_cerevisiae_baker_s_yeast, Node1652*)",715,0.9586343552652508,0.6575751876162639,c1,branch_to_yeast
"(Eukaryota_Opisthokonta_Nucletmycea_Fungi_Dikarya_Ascomycota_Saccharomycotina_Saccharomycetes_Saccharomycetales_Saccharomyces_cerevisiae_baker_s_yeast, Node1652*)",716,6.137385726811113e-18,0.6575751876162639,c1,branch_to_yeast
"(Eukaryota_Opisthokonta_Nucletmycea_Fungi_Dikarya_Ascomycota_Saccharomycotina_Saccharomycetes_Saccharomycetales_Saccharomyces_cerevisiae_baker_s_yeast, Node1652*)",717,-7.41903039726616e-18,0.6069936118962173,c3,branch_to_yeast
"(Eukaryota_Opisthokonta_Nucletmycea_Fungi_Dikarya_Ascomycota_Saccharomycotina_Saccharomycetes_Saccharomycetales_Saccharomyces_cerevisiae_baker_s_yeast, Node1652*)",718,0.9586343552121765,0.6046363655715266,c2,branch_to_yeast
"(Eukaryota_Opisthokonta_Nucletmycea_Fungi_Dikarya_Ascomycota_Saccharomycotina_Saccharomycetes_Saccharomycetales_Saccharomyces_cerevisiae_baker_s_yeast, Node1652*)",719,0.5441475912541518,0.6069936118962173,c3,branch_to_yeast
"(Eukaryota_Opisthokonta_Nucletmycea_Fungi_Dikarya_Ascomycota_Saccharomycotina_Saccharomycetes_Saccharomycetales_Saccharomyces_cerevisiae_baker_s_yeast, Node1652*)",720,0.5441475913936314,0.6046363655715266,c2,branch_to_yeast
"(Eukaryota_Opisthokonta_Nucletmycea_Fungi_Dikarya_Ascomycota_Saccharomycotina_Saccharomycetes_Saccharomycetales_Saccharomyces_cerevisiae_baker_s_yeast, Node1652*)",721,1.637141537911306,0.6069936118962173,c3,branch_to_yeast
"(Eukaryota_Opisthokonta_Nucletmycea_Fungi_Dikarya_Ascomycota_Saccharomycotina_Saccharomycetes_Saccharomycetales_Saccharomyces_cerevisiae_baker_s_yeast, Node1652*)",722,-1.0508761967030653e-17,0.6069936118962173,c3,branch_to_yeast
"(Eukaryota_Opisthokonta_Nucletmycea_Fungi_Dikarya_Ascomycota_Saccharomycotina_Saccharomycetes_Saccharomycetales_Saccharomyces_cerevisiae_baker_s_yeast, Node1652*)",723,5.832239700483773e-18,0.6046363655715266,c2,branch_to_yeast
"(Eukaryota_Opisthokonta_Nucletmycea_Fungi_Dikarya_Ascomycota_Saccharomycotina_Saccharomycetes_Saccharomycetales_Saccharomyces_cerevisiae_baker_s_yeast, Node1652*)",724,-8.479278608586295e-18,0.3476609260040595,c4,branch_to_yeast
"(Eukaryota_Opisthokonta_Nucletmycea_Fungi_Dikarya_Ascomycota_Saccharomycotina_Saccharomycetes_Saccharomycetales_Saccharomyces_cerevisiae_baker_s_yeast, Node1652*)",725,0.9586343552121765,0.6046363655715266,c2,branch_to_yeast
"(Eukaryota_Opisthokonta_Nucletmycea_Fungi_Dikarya_Ascomycota_Saccharomycotina_Saccharomycetes_Saccharomycetales_Saccharomyces_cerevisiae_baker_s_yeast, Node1652*)",726,0.9586343513631712,0.3476609260040595,c4,branch_to_yeast
"(Eukaryota_Opisthokonta_Nucletmycea_Fungi_Dikarya_Ascomycota_Saccharomycotina_Saccharomycetes_Saccharomycetales_Saccharomyces_cerevisiae_baker_s_yeast, Node1652*)",727,0.9586343513631712,0.3476609260040595,c4,branch_to_yeast
"(Eukaryota_Opisthokonta_Nucletmycea_Fungi_Dikarya_Ascomycota_Saccharomycotina_Saccharomycetes_Saccharomycetales_Saccharomyces_cerevisiae_baker_s_yeast, Node1652*)",728,1.637141532282841,0.3476609260040595,c4,branch_to_yeast
"(Eukaryota_Opisthokonta_Nucletmycea_Fungi_Dikarya_Ascomycota_Saccharomycotina_Saccharomycetes_Saccharomycetales_Saccharomyces_cerevisiae_baker_s_yeast, Node1652*)",729,1.6371415320929843,0.3476609260040595,c4,branch_to_yeast
"(Eukaryota_Opisthokonta_Nucletmycea_Fungi_Dikarya_Ascomycota_Saccharomycotina_Saccharomycetes_Saccharomycetales_Saccharomyces_cerevisiae_baker_s_yeast, Node1652*)",730,1.6371415200920942,0.3476609260040595,c4,branch_to_yeast
"(Eukaryota_Opisthokonta_Nucletmycea_Fungi_Dikarya_Ascomycota_Saccharomycotina_Saccharomycetes_Saccharomycetales_Saccharomyces_cerevisiae_baker_s_yeast, Node1652*)",731,0.9586343548511712,0.6069936118962173,c3,branch_to_yeast
"(Eukaryota_Opisthokonta_Nucletmycea_Fungi_Dikarya_Ascomycota_Saccharomycotina_Saccharomycetes_Saccharomycetales_Saccharomyces_cerevisiae_baker_s_yeast, Node1652*)",732,4.9454686677898475e-18,0.6046363655715266,c2,branch_to_yeast
"(Eukaryota_Opisthokonta_Nucletmycea_Fungi_Dikarya_Ascomycota_Saccharomycotina_Saccharomycetes_Saccharomycetales_Saccharomyces_cerevisiae_baker_s_yeast, Node1652*)",733,0.9586343552121765,0.6046363655715266,c2,branch_to_yeast
"(Eukaryota_Opisthokonta_Nucletmycea_Fungi_Dikarya_Ascomycota_Saccharomycotina_Saccharomycetes_Saccharomycetales_Saccharomyces_cerevisiae_baker_s_yeast, Node1652*)",734,-3.878858267465968e-18,0.6046363655715266,c2,branch_to_yeast
"(Eukaryota_Opisthokonta_Nucletmycea_Fungi_Dikarya_Ascomycota_Saccharomycotina_Saccharomycetes_Saccharomycetales_Saccharomyces_cerevisiae_baker_s_yeast, Node1652*)",735,-6.857360509798047e-18,0.6046363655715266,c2,branch_to_yeast
"(Eukaryota_Opisthokonta_Nucletmycea_Fungi_Dikarya_Ascomycota_Saccharomycotina_Saccharomycetes_Saccharomycetales_Saccharomyces_cerevisiae_baker_s_yeast, Node1652*)",736,0.9586343548511712,0.6069936118962173,c3,branch_to_yeast
"(Eukaryota_Opisthokonta_Nucletmycea_Fungi_Dikarya_Ascomycota_Saccharomycotina_Saccharomycetes_Saccharomycetales_Saccharomyces_cerevisiae_baker_s_yeast, Node1652*)",737,0.9586343513631712,0.3476609260040595,c4,branch_to_yeast
"(Eukaryota_Opisthokonta_Nucletmycea_Fungi_Dikarya_Ascomycota_Saccharomycotina_Saccharomycetes_Saccharomycetales_Saccharomyces_cerevisiae_baker_s_yeast, Node1652*)",738,1.637141537911306,0.6069936118962173,c3,branch_to_yeast
"(Eukaryota_Opisthokonta_Nucletmycea_Fungi_Dikarya_Ascomycota_Saccharomycotina_Saccharomycetes_Saccharomycetales_Saccharomyces_cerevisiae_baker_s_yeast, Node1652*)",739,1.628628947867828,0.3476609260040595,c4,branch_to_yeast
"(Eukaryota_Opisthokonta_Nucletmycea_Fungi_Dikarya_Ascomycota_Saccharomycotina_Saccharomycetes_Saccharomycetales_Saccharomyces_cerevisiae_baker_s_yeast, Node1652*)",740,0.9586343548511712,0.6069936118962173,c3,branch_to_yeast
"(Eukaryota_Opisthokonta_Nucletmycea_Fungi_Dikarya_Ascomycota_Saccharomycotina_Saccharomycetes_Saccharomycetales_Saccharomyces_cerevisiae_baker_s_yeast, Node1652*)",741,0.9586343552121765,0.6046363655715266,c2,branch_to_yeast
"(Eukaryota_Opisthokonta_Nucletmycea_Fungi_Dikarya_Ascomycota_Saccharomycotina_Saccharomycetes_Saccharomycetales_Saccharomyces_cerevisiae_baker_s_yeast, Node1652*)",742,-1.078470252324094e-17,0.6575751876162639,c1,branch_to_yeast
"(Eukaryota_Opisthokonta_Nucletmycea_Fungi_Dikarya_Ascomycota_Saccharomycotina_Saccharomycetes_Saccharomycetales_Saccharomyces_cerevisiae_baker_s_yeast, Node1652*)",743,9.650860439047413e-19,0.6069936118962173,c3,branch_to_yeast
"(Eukaryota_Opisthokonta_Nucletmycea_Fungi_Dikarya_Ascomycota_Saccharomycotina_Saccharomycetes_Saccharomycetales_Saccharomyces_cerevisiae_baker_s_yeast, Node1652*)",744,6.215679325727621e-18,0.6575751876162639,c1,branch_to_yeast
"(Eukaryota_Opisthokonta_Nucletmycea_Fungi_Dikarya_Ascomycota_Saccharomycotina_Saccharomycetes_Saccharomycetales_Saccharomyces_cerevisiae_baker_s_yeast, Node1652*)",745,8.184702743754675e-18,0.6575751876162639,c1,branch_to_yeast
"(Eukaryota_Opisthokonta_Nucletmycea_Fungi_Dikarya_Ascomycota_Saccharomycotina_Saccharomycetes_Saccharomycetales_Saccharomyces_cerevisiae_baker_s_yeast, Node1652*)",746,6.199192726107893e-18,0.6575751876162639,c1,branch_to_yeast
"(Eukaryota_Opisthokonta_Nucletmycea_Fungi_Dikarya_Ascomycota_Saccharomycotina_Saccharomycetes_Saccharomycetales_Saccharomyces_cerevisiae_baker_s_yeast, Node1652*)",747,-5.730657542859381e-18,0.6069936118962173,c3,branch_to_yeast
"(Eukaryota_Opisthokonta_Nucletmycea_Fungi_Dikarya_Ascomycota_Saccharomycotina_Saccharomycetes_Saccharomycetales_Saccharomyces_cerevisiae_baker_s_yeast, Node1652*)",748,1.637141537911306,0.6069936118962173,c3,branch_to_yeast
"(Eukaryota_Opisthokonta_Nucletmycea_Fungi_Dikarya_Ascomycota_Saccharomycotina_Saccharomycetes_Saccharomycetales_Saccharomyces_cerevisiae_baker_s_yeast, Node1652*)",749,1.637141537911306,0.6069936118962173,c3,branch_to_yeast
"(Eukaryota_Opisthokonta_Nucletmycea_Fungi_Dikarya_Ascomycota_Saccharomycotina_Saccharomycetes_Saccharomycetales_Saccharomyces_cerevisiae_baker_s_yeast, Node1652*)",750,0.9586343548511712,0.6069936118962173,c3,branch_to_yeast
"(Eukaryota_Opisthokonta_Nucletmycea_Fungi_Dikarya_Ascomycota_Saccharomycotina_Saccharomycetes_Saccharomycetales_Saccharomyces_cerevisiae_baker_s_yeast, Node1652*)",751,0.5441475899074035,0.3476609260040595,c4,branch_to_yeast
"(Eukaryota_Opisthokonta_Nucletmycea_Fungi_Dikarya_Ascomycota_Saccharomycotina_Saccharomycetes_Saccharomycetales_Saccharomyces_cerevisiae_baker_s_yeast, Node1652*)",752,-9.912098562032222e-18,0.3476609260040595,c4,branch_to_yeast
"(Eukaryota_Opisthokonta_Nucletmycea_Fungi_Dikarya_Ascomycota_Saccharomycotina_Saccharomycetes_Saccharomycetales_Saccharomyces_cerevisiae_baker_s_yeast, Node1652*)",753,-6.834120783299189e-19,0.3476609260040595,c4,branch_to_yeast
"(Eukaryota_Opisthokonta_Nucletmycea_Fungi_Dikarya_Ascomycota_Saccharomycotina_Saccharomycetes_Saccharomycetales_Saccharomyces_cerevisiae_baker_s_yeast, Node1652*)",754,8.250635553901472e-18,0.6575751876162639,c1,branch_to_yeast
"(Eukaryota_Opisthokonta_Nucletmycea_Fungi_Dikarya_Ascomycota_Saccharomycotina_Saccharomycetes_Saccharomycetales_Saccharomyces_cerevisiae_baker_s_yeast, Node1652*)",755,-9.682055720341042e-18,0.6575751876162639,c1,branch_to_yeast
"(Eukaryota_Opisthokonta_Nucletmycea_Fungi_Dikarya_Ascomycota_Saccharomycotina_Saccharomycetes_Saccharomycetales_Saccharomyces_cerevisiae_baker_s_yeast, Node1652*)",756,8.076767777638167e-18,0.6046363655715266,c2,branch_to_yeast
"(Eukaryota_Opisthokonta_Nucletmycea_Fungi_Dikarya_Ascomycota_Saccharomycotina_Saccharomycetes_Saccharomycetales_Saccharomyces_cerevisiae_baker_s_yeast, Node1652*)",757,6.255514994882117e-18,0.6069936118962173,c3,branch_to_yeast
"(Eukaryota_Opisthokonta_Nucletmycea_Fungi_Dikarya_Ascomycota_Saccharomycotina_Saccharomycetes_Saccharomycetales_Saccharomyces_cerevisiae_baker_s_yeast, Node1652*)",758,6.274261953687595e-18,0.6575751876162639,c1,branch_to_yeast
"(Eukaryota_Opisthokonta_Nucletmycea_Fungi_Dikarya_Ascomycota_Saccharomycotina_Saccharomycetes_Saccharomycetales_Saccharomyces_cerevisiae_baker_s_yeast, Node1652*)",759,-1.0880316093935277e-17,0.6575751876162639,c1,branch_to_yeast
"(Eukaryota_Opisthokonta_Nucletmycea_Fungi_Dikarya_Ascomycota_Saccharomycotina_Saccharomycetes_Saccharomycetales_Saccharomyces_cerevisiae_baker_s_yeast, Node1652*)",760,5.7286466595304366e-18,0.6575751876162639,c1,branch_to_yeast
"(Eukaryota_Opisthokonta_Nucletmycea_Fungi_Dikarya_Ascomycota_Saccharomycotina_Saccharomycetes_Saccharomycetales_Saccharomyces_cerevisiae_baker_s_yeast, Node1652*)",761,6.237130738014529e-18,0.3476609260040595,c4,branch_to_yeast
"(Eukaryota_Opisthokonta_Nucletmycea_Fungi_Dikarya_Ascomycota_Saccharomycotina_Saccharomycetes_Saccharomycetales_Saccharomyces_cerevisiae_baker_s_yeast, Node1652*)",762,8.183258541246845e-18,0.3476609260040595,c4,branch_to_yeast
"(Eukaryota_Opisthokonta_Nucletmycea_Fungi_Dikarya_Ascomycota_Saccharomycotina_Saccharomycetes_Saccharomycetales_Saccharomyces_cerevisiae_baker_s_yeast, Node1652*)",763,-5.386035039206554e-18,0.3476609260040595,c4,branch_to_yeast
"(Eukaryota_Opisthokonta_Nucletmycea_Fungi_Dikarya_Ascomycota_Saccharomycotina_Saccharomycetes_Saccharomycetales_Saccharomyces_cerevisiae_baker_s_yeast, Node1652*)",764,1.637141537911306,0.6069936118962173,c3,branch_to_yeast
"(Eukaryota_Opisthokonta_Nucletmycea_Fungi_Dikarya_Ascomycota_Saccharomycotina_Saccharomycetes_Saccharomycetales_Saccharomyces_cerevisiae_baker_s_yeast, Node1652*)",765,0.9586343548511712,0.6069936118962173,c3,branch_to_yeast
"(Eukaryota_Opisthokonta_Nucletmycea_Fungi_Dikarya_Ascomycota_Saccharomycotina_Saccharomycetes_Saccharomycetales_Saccharomyces_cerevisiae_baker_s_yeast, Node1652*)",766,-6.522977245181921e-18,0.6069936118962173,c3,branch_to_yeast
"(Eukaryota_Opisthokonta_Nucletmycea_Fungi_Dikarya_Ascomycota_Saccharomycotina_Saccharomycetes_Saccharomycetales_Saccharomyces_cerevisiae_baker_s_yeast, Node1652*)",767,0.9586343548511712,0.6069936118962173,c3,branch_to_yeast
"(Eukaryota_Opisthokonta_Nucletmycea_Fungi_Dikarya_Ascomycota_Saccharomycotina_Saccharomycetes_Saccharomycetales_Saccharomyces_cerevisiae_baker_s_yeast, Node1652*)",768,-9.215726164693284e-18,0.3476609260040595,c4,branch_to_yeast
"(Eukaryota_Opisthokonta_Nucletmycea_Fungi_Dikarya_Ascomycota_Saccharomycotina_Saccharomycetes_Saccharomycetales_Saccharomyces_cerevisiae_baker_s_yeast, Node1652*)",769,-6.950647371864982e-18,0.6069936118962173,c3,branch_to_yeast
"(Eukaryota_Opisthokonta_Nucletmycea_Fungi_Dikarya_Ascomycota_Saccharomycotina_Saccharomycetes_Saccharomycetales_Saccharomyces_cerevisiae_baker_s_yeast, Node1652*)",770,-8.547281177204927e-19,0.6069936118962173,c3,branch_to_yeast
"(Eukaryota_Opisthokonta_Nucletmycea_Fungi_Dikarya_Ascomycota_Saccharomycotina_Saccharomycetes_Saccharomycetales_Saccharomyces_cerevisiae_baker_s_yeast, Node1652*)",771,0.5441475913936314,0.6046363655715266,c2,branch_to_yeast
"(Eukaryota_Opisthokonta_Nucletmycea_Fungi_Dikarya_Ascomycota_Saccharomycotina_Saccharomycetes_Saccharomycetales_Saccharomyces_cerevisiae_baker_s_yeast, Node1652*)",772,1.6371415384930377,0.6046363655715266,c2,branch_to_yeast
"(Eukaryota_Opisthokonta_Nucletmycea_Fungi_Dikarya_Ascomycota_Saccharomycotina_Saccharomycetes_Saccharomycetales_Saccharomyces_cerevisiae_baker_s_yeast, Node1652*)",773,7.091331095232058e-18,0.3476609260040595,c4,branch_to_yeast
"(Eukaryota_Opisthokonta_Nucletmycea_Fungi_Dikarya_Ascomycota_Saccharomycotina_Saccharomycetes_Saccharomycetales_Saccharomyces_cerevisiae_baker_s_yeast, Node1652*)",774,0.9586343548511712,0.6069936118962173,c3,branch_to_yeast
"(Eukaryota_Opisthokonta_Nucletmycea_Fungi_Dikarya_Ascomycota_Saccharomycotina_Saccharomycetes_Saccharomycetales_Saccharomyces_cerevisiae_baker_s_yeast, Node1652*)",775,0.9586343548511712,0.6069936118962173,c3,branch_to_yeast
"(Eukaryota_Opisthokonta_Nucletmycea_Fungi_Dikarya_Ascomycota_Saccharomycotina_Saccharomycetes_Saccharomycetales_Saccharomyces_cerevisiae_baker_s_yeast, Node1652*)",776,-1.0778317135314453e-17,0.3476609260040595,c4,branch_to_yeast
"(Eukaryota_Opisthokonta_Nucletmycea_Fungi_Dikarya_Ascomycota_Saccharomycotina_Saccharomycetes_Saccharomycetales_Saccharomyces_cerevisiae_baker_s_yeast, Node1652*)",777,1.6371415349232312,0.6069936118962173,c3,branch_to_yeast
"(Eukaryota_Opisthokonta_Nucletmycea_Fungi_Dikarya_Ascomycota_Saccharomycotina_Saccharomycetes_Saccharomycetales_Saccharomyces_cerevisiae_baker_s_yeast, Node1652*)",778,-5.977808930744929e-18,0.6046363655715266,c2,branch_to_yeast
"(Eukaryota_Opisthokonta_Nucletmycea_Fungi_Dikarya_Ascomycota_Saccharomycotina_Saccharomycetes_Saccharomycetales_Saccharomyces_cerevisiae_baker_s_yeast, Node1652*)",779,1.637141537911306,0.6069936118962173,c3,branch_to_yeast
"(Eukaryota_Opisthokonta_Nucletmycea_Fungi_Dikarya_Ascomycota_Saccharomycotina_Saccharomycetes_Saccharomycetales_Saccharomyces_cerevisiae_baker_s_yeast, Node1652*)",780,0.5441475914140979,0.6575751876162639,c1,branch_to_yeast
"(Eukaryota_Opisthokonta_Nucletmycea_Fungi_Dikarya_Ascomycota_Saccharomycotina_Saccharomycetes_Saccharomycetales_Saccharomyces_cerevisiae_baker_s_yeast, Node1652*)",781,0.5441475913891117,0.6046363655715266,c2,branch_to_yeast
"(Eukaryota_Opisthokonta_Nucletmycea_Fungi_Dikarya_Ascomycota_Saccharomycotina_Saccharomycetes_Saccharomycetales_Saccharomyces_cerevisiae_baker_s_yeast, Node1652*)",782,1.6371415384930377,0.6046363655715266,c2,branch_to_yeast
"(Eukaryota_Opisthokonta_Nucletmycea_Fungi_Dikarya_Ascomycota_Saccharomycotina_Saccharomycetes_Saccharomycetales_Saccharomyces_cerevisiae_baker_s_yeast, Node1652*)",783,0.957673739185138,0.6069936118962173,c3,branch_to_yeast
"(Eukaryota_Opisthokonta_Nucletmycea_Fungi_Dikarya_Ascomycota_Saccharomycotina_Saccharomycetes_Saccharomycetales_Saccharomyces_cerevisiae_baker_s_yeast, Node1652*)",784,0.9586343513631712,0.3476609260040595,c4,branch_to_yeast
"(Eukaryota_Opisthokonta_Nucletmycea_Fungi_Dikarya_Ascomycota_Saccharomycotina_Saccharomycetes_Saccharomycetales_Saccharomyces_cerevisiae_baker_s_yeast, Node1652*)",785,0.9586343513448162,0.3476609260040595,c4,branch_to_yeast
"(Eukaryota_Opisthokonta_Nucletmycea_Fungi_Dikarya_Ascomycota_Saccharomycotina_Saccharomycetes_Saccharomycetales_Saccharomyces_cerevisiae_baker_s_yeast, Node1652*)",786,0.9586343513631704,0.3476609260040595,c4,branch_to_yeast
"(Eukaryota_Opisthokonta_Nucletmycea_Fungi_Dikarya_Ascomycota_Saccharomycotina_Saccharomycetes_Saccharomycetales_Saccharomyces_cerevisiae_baker_s_yeast, Node1652*)",787,1.637141532282841,0.3476609260040595,c4,branch_to_yeast
"(Eukaryota_Opisthokonta_Nucletmycea_Fungi_Dikarya_Ascomycota_Saccharomycotina_Saccharomycetes_Saccharomycetales_Saccharomyces_cerevisiae_baker_s_yeast, Node1652*)",788,1.637141532282841,0.3476609260040595,c4,branch_to_yeast
"(Eukaryota_Opisthokonta_Nucletmycea_Fungi_Dikarya_Ascomycota_Saccharomycotina_Saccharomycetes_Saccharomycetales_Saccharomyces_cerevisiae_baker_s_yeast, Node1652*)",789,-1.0529525911502715e-17,0.6046363655715266,c2,branch_to_yeast
"(Eukaryota_Opisthokonta_Nucletmycea_Fungi_Dikarya_Ascomycota_Saccharomycotina_Saccharomycetes_Saccharomycetales_Saccharomyces_cerevisiae_baker_s_yeast, Node1652*)",790,4.287595622083836e-20,0.6069936118962173,c3,branch_to_yeast
"(Eukaryota_Opisthokonta_Nucletmycea_Fungi_Dikarya_Ascomycota_Saccharomycotina_Saccharomycetes_Saccharomycetales_Saccharomyces_cerevisiae_baker_s_yeast, Node1652*)",791,-7.663689644946734e-18,0.3476609260040595,c4,branch_to_yeast
"(Eukaryota_Opisthokonta_Nucletmycea_Fungi_Dikarya_Ascomycota_Saccharomycotina_Saccharomycetes_Saccharomycetales_Saccharomyces_cerevisiae_baker_s_yeast, Node1652*)",792,1.637141532282841,0.3476609260040595,c4,branch_to_yeast
"(Eukaryota_Opisthokonta_Nucletmycea_Fungi_Dikarya_Ascomycota_Saccharomycotina_Saccharomycetes_Saccharomycetales_Saccharomyces_cerevisiae_baker_s_yeast, Node1652*)",793,1.637141532282841,0.3476609260040595,c4,branch_to_yeast
"(Eukaryota_Opisthokonta_Nucletmycea_Fungi_Dikarya_Ascomycota_Saccharomycotina_Saccharomycetes_Saccharomycetales_Saccharomyces_cerevisiae_baker_s_yeast, Node1652*)",794,-1.2838148905801846e-18,0.3476609260040595,c4,branch_to_yeast
"(Eukaryota_Opisthokonta_Nucletmycea_Fungi_Dikarya_Ascomycota_Saccharomycotina_Saccharomycetes_Saccharomycetales_Saccharomyces_cerevisiae_baker_s_yeast, Node1652*)",795,-9.642655029014049e-18,0.3476609260040595,c4,branch_to_yeast
"(Eukaryota_Opisthokonta_Nucletmycea_Fungi_Dikarya_Ascomycota_Saccharomycotina_Saccharomycetes_Saccharomycetales_Saccharomyces_cerevisiae_baker_s_yeast, Node1652*)",796,1.637141532282841,0.3476609260040595,c4,branch_to_yeast
"(Eukaryota_Opisthokonta_Nucletmycea_Fungi_Dikarya_Ascomycota_Saccharomycotina_Saccharomycetes_Saccharomycetales_Saccharomyces_cerevisiae_baker_s_yeast, Node1652*)",797,-6.853171044312137e-18,0.3476609260040595,c4,branch_to_yeast
"(Eukaryota_Opisthokonta_Nucletmycea_Fungi_Dikarya_Ascomycota_Saccharomycotina_Saccharomycetes_Saccharomycetales_Saccharomyces_cerevisiae_baker_s_yeast, Node1652*)",798,0.9586343548511712,0.6069936118962173,c3,branch_to_yeast
"(Eukaryota_Opisthokonta_Nucletmycea_Fungi_Dikarya_Ascomycota_Saccharomycotina_Saccharomycetes_Saccharomycetales_Saccharomyces_cerevisiae_baker_s_yeast, Node1652*)",799,0.9586343513631712,0.3476609260040595,c4,branch_to_yeast
"(Eukaryota_Opisthokonta_Nucletmycea_Fungi_Dikarya_Ascomycota_Saccharomycotina_Saccharomycetes_Saccharomycetales_Saccharomyces_cerevisiae_baker_s_yeast, Node1652*)",800,1.6371415321022322,0.3476609260040595,c4,branch_to_yeast
"(Eukaryota_Opisthokonta_Nucletmycea_Fungi_Dikarya_Ascomycota_Saccharomycotina_Saccharomycetes_Saccharomycetales_Saccharomyces_cerevisiae_baker_s_yeast, Node1652*)",801,7.898452226759242e-18,0.3476609260040595,c4,branch_to_yeast
"(Eukaryota_Opisthokonta_Nucletmycea_Fungi_Dikarya_Ascomycota_Saccharomycotina_Saccharomycetes_Saccharomycetales_Saccharomyces_cerevisiae_baker_s_yeast, Node1652*)",802,0.5441475899074035,0.3476609260040595,c4,branch_to_yeast
"(Eukaryota_Opisthokonta_Nucletmycea_Fungi_Dikarya_Ascomycota_Saccharomycotina_Saccharomycetes_Saccharomycetales_Saccharomyces_cerevisiae_baker_s_yeast, Node1652*)",803,0.5441475899074035,0.3476609260040595,c4,branch_to_yeast
"(Eukaryota_Opisthokonta_Nucletmycea_Fungi_Dikarya_Ascomycota_Saccharomycotina_Saccharomycetes_Saccharomycetales_Saccharomyces_cerevisiae_baker_s_yeast, Node1652*)",804,1.637141532282841,0.3476609260040595,c4,branch_to_yeast
"(Eukaryota_Opisthokonta_Nucletmycea_Fungi_Dikarya_Ascomycota_Saccharomycotina_Saccharomycetes_Saccharomycetales_Saccharomyces_cerevisiae_baker_s_yeast, Node1652*)",805,1.637141532282841,0.3476609260040595,c4,branch_to_yeast
"(Eukaryota_Opisthokonta_Nucletmycea_Fungi_Dikarya_Ascomycota_Saccharomycotina_Saccharomycetes_Saccharomycetales_Saccharomyces_cerevisiae_baker_s_yeast, Node1652*)",806,-1.07354371452253e-17,0.3476609260040595,c4,branch_to_yeast
"(Eukaryota_Opisthokonta_Nucletmycea_Fungi_Dikarya_Ascomycota_Saccharomycotina_Saccharomycetes_Saccharomycetales_Saccharomyces_cerevisiae_baker_s_yeast, Node1652*)",807,5.229138111874255e-19,0.3476609260040595,c4,branch_to_yeast
"(Eukaryota_Opisthokonta_Nucletmycea_Fungi_Dikarya_Ascomycota_Saccharomycotina_Saccharomycetes_Saccharomycetales_Saccharomyces_cerevisiae_baker_s_yeast, Node1652*)",808,-8.213319862876532e-18,0.3476609260040595,c4,branch_to_yeast
"(Eukaryota_Opisthokonta_Nucletmycea_Fungi_Dikarya_Ascomycota_Saccharomycotina_Saccharomycetes_Saccharomycetales_Saccharomyces_cerevisiae_baker_s_yeast, Node1652*)",809,6.149020436871413e-18,0.3476609260040595,c4,branch_to_yeast
"(Eukaryota_Opisthokonta_Nucletmycea_Fungi_Dikarya_Ascomycota_Saccharomycotina_Saccharomycetes_Saccharomycetales_Saccharomyces_cerevisiae_baker_s_yeast, Node1652*)",810,0.9586343547962992,0.6069936118962173,c3,branch_to_yeast
"(Eukaryota_Opisthokonta_Nucletmycea_Fungi_Dikarya_Ascomycota_Saccharomycotina_Saccharomycetes_Saccharomycetales_Saccharomyces_cerevisiae_baker_s_yeast, Node1652*)",811,0.5441478235046894,0.3476609260040595,c4,branch_to_yeast
"(Eukaryota_Opisthokonta_Nucletmycea_Fungi_Dikarya_Ascomycota_Saccharomycotina_Saccharomycetes_Saccharomycetales_Saccharomyces_cerevisiae_baker_s_yeast, Node1652*)",812,0.9586343511491904,0.3476609260040595,c4,branch_to_yeast
"(Eukaryota_Opisthokonta_Nucletmycea_Fungi_Dikarya_Ascomycota_Saccharomycotina_Saccharomycetes_Saccharomycetales_Saccharomyces_cerevisiae_baker_s_yeast, Node1652*)",813,-9.762828769675519e-18,0.3476609260040595,c4,branch_to_yeast
"(Eukaryota_Opisthokonta_Nucletmycea_Fungi_Dikarya_Ascomycota_Saccharomycotina_Saccharomycetes_Saccharomycetales_Saccharomyces_cerevisiae_baker_s_yeast, Node1652*)",814,1.637141537911306,0.6069936118962173,c3,branch_to_yeast
"(Eukaryota_Opisthokonta_Nucletmycea_Fungi_Dikarya_Ascomycota_Saccharomycotina_Saccharomycetes_Saccharomycetales_Saccharomyces_cerevisiae_baker_s_yeast, Node1652*)",815,1.6371415384930377,0.6046363655715266,c2,branch_to_yeast
"(Eukaryota_Opisthokonta_Nucletmycea_Fungi_Dikarya_Ascomycota_Saccharomycotina_Saccharomycetes_Saccharomycetales_Saccharomyces_cerevisiae_baker_s_yeast, Node1652*)",816,-1.0771736394353756e-17,0.6046363655715266,c2,branch_to_yeast
"(Eukaryota_Opisthokonta_Nucletmycea_Fungi_Dikarya_Ascomycota_Saccharomycotina_Saccharomycetes_Saccharomycetales_Saccharomyces_cerevisiae_baker_s_yeast, Node1652*)",817,-4.469033710281922e-18,0.3476609260040595,c4,branch_to_yeast
"(Eukaryota_Opisthokonta_Nucletmycea_Fungi_Dikarya_Ascomycota_Saccharomycotina_Saccharomycetes_Saccharomycetales_Saccharomyces_cerevisiae_baker_s_yeast, Node1652*)",818,0.9586343548511712,0.6069936118962173,c3,branch_to_yeast
"(Eukaryota_Opisthokonta_Nucletmycea_Fungi_Dikarya_Ascomycota_Saccharomycotina_Saccharomycetes_Saccharomycetales_Saccharomyces_cerevisiae_baker_s_yeast, Node1652*)",819,3.2633987881250757e-18,0.3476609260040595,c4,branch_to_yeast
"(Eukaryota_Opisthokonta_Nucletmycea_Fungi_Dikarya_Ascomycota_Saccharomycotina_Saccharomycetes_Saccharomycetales_Saccharomyces_cerevisiae_baker_s_yeast, Node1652*)",820,5.599435926313134e-18,0.6069936118962173,c3,branch_to_yeast
"(Eukaryota_Opisthokonta_Nucletmycea_Fungi_Dikarya_Ascomycota_Saccharomycotina_Saccharomycetes_Saccharomycetales_Saccharomyces_cerevisiae_baker_s_yeast, Node1652*)",821,0.9586343548511712,0.6069936118962173,c3,branch_to_yeast
"(Eukaryota_Opisthokonta_Nucletmycea_Fungi_Dikarya_Ascomycota_Saccharomycotina_Saccharomycetes_Saccharomycetales_Saccharomyces_cerevisiae_baker_s_yeast, Node1652*)",822,0.9586343513631712,0.3476609260040595,c4,branch_to_yeast
"(Eukaryota_Opisthokonta_Nucletmycea_Fungi_Dikarya_Ascomycota_Saccharomycotina_Saccharomycetes_Saccharomycetales_Saccharomyces_cerevisiae_baker_s_yeast, Node1652*)",823,1.6371415321022322,0.3476609260040595,c4,branch_to_yeast
"(Eukaryota_Opisthokonta_Nucletmycea_Fungi_Dikarya_Ascomycota_Saccharomycotina_Saccharomycetes_Saccharomycetales_Saccharomyces_cerevisiae_baker_s_yeast, Node1652*)",824,-1.0737536526971607e-17,0.3476609260040595,c4,branch_to_yeast
"(Eukaryota_Opisthokonta_Nucletmycea_Fungi_Dikarya_Ascomycota_Saccharomycotina_Saccharomycetes_Saccharomycetales_Saccharomyces_cerevisiae_baker_s_yeast, Node1652*)",825,1.6371415378837118,0.6069936118962173,c3,branch_to_yeast
"(Eukaryota_Opisthokonta_Nucletmycea_Fungi_Dikarya_Ascomycota_Saccharomycotina_Saccharomycetes_Saccharomycetales_Saccharomyces_cerevisiae_baker_s_yeast, Node1652*)",826,-5.937783918911097e-18,0.3476609260040595,c4,branch_to_yeast
"(Eukaryota_Opisthokonta_Nucletmycea_Fungi_Dikarya_Ascomycota_Saccharomycotina_Saccharomycetes_Saccharomycetales_Saccharomyces_cerevisiae_baker_s_yeast, Node1652*)",827,6.559721812862359e-18,0.3476609260040595,c4,branch_to_yeast
"(Eukaryota_Opisthokonta_Nucletmycea_Fungi_Dikarya_Ascomycota_Saccharomycotina_Saccharomycetes_Saccharomycetales_Saccharomyces_cerevisiae_baker_s_yeast, Node1652*)",828,6.2954525572868966e-18,0.3476609260040595,c4,branch_to_yeast
"(Eukaryota_Opisthokonta_Nucletmycea_Fungi_Dikarya_Ascomycota_Saccharomycotina_Saccharomycetes_Saccharomycetales_Saccharomyces_cerevisiae_baker_s_yeast, Node1652*)",829,0.9586343513631712,0.3476609260040595,c4,branch_to_yeast
"(Eukaryota_Opisthokonta_Nucletmycea_Fungi_Dikarya_Ascomycota_Saccharomycotina_Saccharomycetes_Saccharomycetales_Saccharomyces_cerevisiae_baker_s_yeast, Node1652*)",830,0.9586343513631712,0.3476609260040595,c4,branch_to_yeast
"(Eukaryota_Opisthokonta_Nucletmycea_Fungi_Dikarya_Ascomycota_Saccharomycotina_Saccharomycetes_Saccharomycetales_Saccharomyces_cerevisiae_baker_s_yeast, Node1652*)",831,1.6371415321022322,0.3476609260040595,c4,branch_to_yeast
"(Eukaryota_Opisthokonta_Nucletmycea_Fungi_Dikarya_Ascomycota_Saccharomycotina_Saccharomycetes_Saccharomycetales_Saccharomyces_cerevisiae_baker_s_yeast, Node1652*)",832,0.9586343513631712,0.3476609260040595,c4,branch_to_yeast
"(Eukaryota_Opisthokonta_Nucletmycea_Fungi_Dikarya_Ascomycota_Saccharomycotina_Saccharomycetes_Saccharomycetales_Saccharomyces_cerevisiae_baker_s_yeast, Node1652*)",833,0.5441475899040846,0.3476609260040595,c4,branch_to_yeast
"(Eukaryota_Opisthokonta_Nucletmycea_Fungi_Dikarya_Ascomycota_Saccharomycotina_Saccharomycetes_Saccharomycetales_Saccharomyces_cerevisiae_baker_s_yeast, Node1652*)",834,1.637141532282841,0.3476609260040595,c4,branch_to_yeast
"(Eukaryota_Opisthokonta_Nucletmycea_Fungi_Dikarya_Ascomycota_Saccharomycotina_Saccharomycetes_Saccharomycetales_Saccharomyces_cerevisiae_baker_s_yeast, Node1652*)",835,1.637141532282841,0.3476609260040595,c4,branch_to_yeast
"(Eukaryota_Opisthokonta_Nucletmycea_Fungi_Dikarya_Ascomycota_Saccharomycotina_Saccharomycetes_Saccharomycetales_Saccharomyces_cerevisiae_baker_s_yeast, Node1652*)",836,0.5441475899074035,0.3476609260040595,c4,branch_to_yeast
"(Eukaryota_Opisthokonta_Nucletmycea_Fungi_Dikarya_Ascomycota_Saccharomycotina_Saccharomycetes_Saccharomycetales_Saccharomyces_cerevisiae_baker_s_yeast, Node1652*)",837,0.9586343548511712,0.6069936118962173,c3,branch_to_yeast
"(Eukaryota_Opisthokonta_Nucletmycea_Fungi_Dikarya_Ascomycota_Saccharomycotina_Saccharomycetes_Saccharomycetales_Saccharomyces_cerevisiae_baker_s_yeast, Node1652*)",838,0.9586343513631712,0.3476609260040595,c4,branch_to_yeast
"(Eukaryota_Opisthokonta_Nucletmycea_Fungi_Dikarya_Ascomycota_Saccharomycotina_Saccharomycetes_Saccharomycetales_Saccharomyces_cerevisiae_baker_s_yeast, Node1652*)",839,0.5441475899074035,0.3476609260040595,c4,branch_to_yeast
"(Eukaryota_Opisthokonta_Nucletmycea_Fungi_Dikarya_Ascomycota_Saccharomycotina_Saccharomycetes_Saccharomycetales_Saccharomyces_cerevisiae_baker_s_yeast, Node1652*)",840,1.6371415322446972,0.3476609260040595,c4,branch_to_yeast
"(Eukaryota_Opisthokonta_Nucletmycea_Fungi_Dikarya_Ascomycota_Saccharomycotina_Saccharomycetes_Saccharomycetales_Saccharomyces_cerevisiae_baker_s_yeast, Node1652*)",841,7.132662302558803e-18,0.3476609260040595,c4,branch_to_yeast
"(Eukaryota_Opisthokonta_Nucletmycea_Fungi_Dikarya_Ascomycota_Saccharomycotina_Saccharomycetes_Saccharomycetales_Saccharomyces_cerevisiae_baker_s_yeast, Node1652*)",842,7.121277624433804e-18,0.6069936118962173,c3,branch_to_yeast
"(Eukaryota_Opisthokonta_Nucletmycea_Fungi_Dikarya_Ascomycota_Saccharomycotina_Saccharomycetes_Saccharomycetales_Saccharomyces_cerevisiae_baker_s_yeast, Node1652*)",843,-1.0682387562876912e-17,0.6575751876162639,c1,branch_to_yeast
"(Eukaryota_Opisthokonta_Nucletmycea_Fungi_Dikarya_Ascomycota_Saccharomycotina_Saccharomycetes_Saccharomycetales_Saccharomyces_cerevisiae_baker_s_yeast, Node1652*)",844,-9.477005676411545e-18,0.6046363655715266,c2,branch_to_yeast
"(Eukaryota_Opisthokonta_Nucletmycea_Fungi_Dikarya_Ascomycota_Saccharomycotina_Saccharomycetes_Saccharomycetales_Saccharomyces_cerevisiae_baker_s_yeast, Node1652*)",845,0.5441475914141404,0.6575751876162639,c1,branch_to_yeast
"(Eukaryota_Opisthokonta_Nucletmycea_Fungi_Dikarya_Ascomycota_Saccharomycotina_Saccharomycetes_Saccharomycetales_Saccharomyces_cerevisiae_baker_s_yeast, Node1652*)",846,1.6371415385785282,0.6575751876162639,c1,branch_to_yeast
"(Eukaryota_Opisthokonta_Nucletmycea_Fungi_Dikarya_Ascomycota_Saccharomycotina_Saccharomycetes_Saccharomycetales_Saccharomyces_cerevisiae_baker_s_yeast, Node1652*)",847,-1.0530577085013428e-17,0.6046363655715266,c2,branch_to_yeast
"(Eukaryota_Opisthokonta_Nucletmycea_Fungi_Dikarya_Ascomycota_Saccharomycotina_Saccharomycetes_Saccharomycetales_Saccharomyces_cerevisiae_baker_s_yeast, Node1652*)",848,7.650457322479545e-18,0.6069936118962173,c3,branch_to_yeast
"(Eukaryota_Opisthokonta_Nucletmycea_Fungi_Dikarya_Ascomycota_Saccharomycotina_Saccharomycetes_Saccharomycetales_Saccharomyces_cerevisiae_baker_s_yeast, Node1652*)",849,-9.467983309358805e-18,0.6575751876162639,c1,branch_to_yeast
"(Eukaryota_Opisthokonta_Nucletmycea_Fungi_Dikarya_Ascomycota_Saccharomycotina_Saccharomycetes_Saccharomycetales_Saccharomyces_cerevisiae_baker_s_yeast, Node1652*)",850,0.9586343552652508,0.6575751876162639,c1,branch_to_yeast
"(Eukaryota_Opisthokonta_Nucletmycea_Fungi_Dikarya_Ascomycota_Saccharomycotina_Saccharomycetes_Saccharomycetales_Saccharomyces_cerevisiae_baker_s_yeast, Node1652*)",851,0.5441475914141404,0.6575751876162639,c1,branch_to_yeast
"(Eukaryota_Opisthokonta_Nucletmycea_Fungi_Dikarya_Ascomycota_Saccharomycotina_Saccharomycetes_Saccharomycetales_Saccharomyces_cerevisiae_baker_s_yeast, Node1652*)",852,0.5441475912541518,0.6069936118962173,c3,branch_to_yeast
"(Eukaryota_Opisthokonta_Nucletmycea_Fungi_Dikarya_Ascomycota_Saccharomycotina_Saccharomycetes_Saccharomycetales_Saccharomyces_cerevisiae_baker_s_yeast, Node1652*)",853,0.5441475912541518,0.6069936118962173,c3,branch_to_yeast
"(Eukaryota_Opisthokonta_Nucletmycea_Fungi_Dikarya_Ascomycota_Saccharomycotina_Saccharomycetes_Saccharomycetales_Saccharomyces_cerevisiae_baker_s_yeast, Node1652*)",854,0.5441475914141404,0.6575751876162639,c1,branch_to_yeast
"(Eukaryota_Opisthokonta_Nucletmycea_Fungi_Dikarya_Ascomycota_Saccharomycotina_Saccharomycetes_Saccharomycetales_Saccharomyces_cerevisiae_baker_s_yeast, Node1652*)",855,0.5441475914141404,0.6575751876162639,c1,branch_to_yeast
"(Eukaryota_Opisthokonta_Nucletmycea_Fungi_Dikarya_Ascomycota_Saccharomycotina_Saccharomycetes_Saccharomycetales_Saccharomyces_cerevisiae_baker_s_yeast, Node1652*)",856,0.5441475914141404,0.6575751876162639,c1,branch_to_yeast
"(Eukaryota_Opisthokonta_Nucletmycea_Fungi_Dikarya_Ascomycota_Saccharomycotina_Saccharomycetes_Saccharomycetales_Saccharomyces_cerevisiae_baker_s_yeast, Node1652*)",857,5.9289317060193086e-18,0.6046363655715266,c2,branch_to_yeast
"(Eukaryota_Opisthokonta_Nucletmycea_Fungi_Dikarya_Ascomycota_Saccharomycotina_Saccharomycetes_Saccharomycetales_Saccharomyces_cerevisiae_baker_s_yeast, Node1652*)",858,5.273034115573217e-19,0.6046363655715266,c2,branch_to_yeast
"(Eukaryota_Opisthokonta_Nucletmycea_Fungi_Dikarya_Ascomycota_Saccharomycotina_Saccharomycetes_Saccharomycetales_Saccharomyces_cerevisiae_baker_s_yeast, Node1652*)",859,0.5441475913936314,0.6046363655715266,c2,branch_to_yeast
"(Eukaryota_Opisthokonta_Nucletmycea_Fungi_Dikarya_Ascomycota_Saccharomycotina_Saccharomycetes_Saccharomycetales_Saccharomyces_cerevisiae_baker_s_yeast, Node1652*)",860,0.9586343552121765,0.6046363655715266,c2,branch_to_yeast
"(Eukaryota_Opisthokonta_Nucletmycea_Fungi_Dikarya_Ascomycota_Saccharomycotina_Saccharomycetes_Saccharomycetales_Saccharomyces_cerevisiae_baker_s_yeast, Node1652*)",861,0.5441475913936314,0.6046363655715266,c2,branch_to_yeast
"(Eukaryota_Opisthokonta_Nucletmycea_Fungi_Dikarya_Ascomycota_Saccharomycotina_Saccharomycetes_Saccharomycetales_Saccharomyces_cerevisiae_baker_s_yeast, Node1652*)",862,0.9586343552652508,0.6575751876162639,c1,branch_to_yeast
"(Eukaryota_Opisthokonta_Nucletmycea_Fungi_Dikarya_Ascomycota_Saccharomycotina_Saccharomycetes_Saccharomycetales_Saccharomyces_cerevisiae_baker_s_yeast, Node1652*)",863,-1.0579740180157432e-17,0.6046363655715266,c2,branch_to_yeast
"(Eukaryota_Opisthokonta_Nucletmycea_Fungi_Dikarya_Ascomycota_Saccharomycotina_Saccharomycetes_Saccharomycetales_Saccharomyces_cerevisiae_baker_s_yeast, Node1652*)",864,0.9586343552652508,0.6575751876162639,c1,branch_to_yeast
"(Eukaryota_Opisthokonta_Nucletmycea_Fungi_Dikarya_Ascomycota_Saccharomycotina_Saccharomycetes_Saccharomycetales_Saccharomyces_cerevisiae_baker_s_yeast, Node1652*)",865,-1.0580272260574077e-17,0.6046363655715266,c2,branch_to_yeast
"(Eukaryota_Opisthokonta_Nucletmycea_Fungi_Dikarya_Ascomycota_Saccharomycotina_Saccharomycetes_Saccharomycetales_Saccharomyces_cerevisiae_baker_s_yeast, Node1652*)",866,-1.0762252372325592e-17,0.6575751876162639,c1,branch_to_yeast
"(Eukaryota_Opisthokonta_Nucletmycea_Fungi_Dikarya_Ascomycota_Saccharomycotina_Saccharomycetes_Saccharomycetales_Saccharomyces_cerevisiae_baker_s_yeast, Node1652*)",867,1.637141537911306,0.6069936118962173,c3,branch_to_yeast
"(Eukaryota_Opisthokonta_Nucletmycea_Fungi_Dikarya_Ascomycota_Saccharomycotina_Saccharomycetes_Saccharomycetales_Saccharomyces_cerevisiae_baker_s_yeast, Node1652*)",868,0.5441475913936314,0.6046363655715266,c2,branch_to_yeast
"(Eukaryota_Opisthokonta_Nucletmycea_Fungi_Dikarya_Ascomycota_Saccharomycotina_Saccharomycetes_Saccharomycetales_Saccharomyces_cerevisiae_baker_s_yeast, Node1652*)",869,0.5441475914141404,0.6575751876162639,c1,branch_to_yeast
"(Eukaryota_Opisthokonta_Nucletmycea_Fungi_Dikarya_Ascomycota_Saccharomycotina_Saccharomycetes_Saccharomycetales_Saccharomyces_cerevisiae_baker_s_yeast, Node1652*)",870,0.5441475913936314,0.6046363655715266,c2,branch_to_yeast
"(Eukaryota_Opisthokonta_Nucletmycea_Fungi_Dikarya_Ascomycota_Saccharomycotina_Saccharomycetes_Saccharomycetales_Saccharomyces_cerevisiae_baker_s_yeast, Node1652*)",871,0.9586343552652508,0.6575751876162639,c1,branch_to_yeast
"(Eukaryota_Opisthokonta_Nucletmycea_Fungi_Dikarya_Ascomycota_Saccharomycotina_Saccharomycetes_Saccharomycetales_Saccharomyces_cerevisiae_baker_s_yeast, Node1652*)",872,1.6371415385785282,0.6575751876162639,c1,branch_to_yeast
"(Eukaryota_Opisthokonta_Nucletmycea_Fungi_Dikarya_Ascomycota_Saccharomycotina_Saccharomycetes_Saccharomycetales_Saccharomyces_cerevisiae_baker_s_yeast, Node1652*)",873,0.5441475914141404,0.6575751876162639,c1,branch_to_yeast
"(Eukaryota_Opisthokonta_Nucletmycea_Fungi_Dikarya_Ascomycota_Saccharomycotina_Saccharomycetes_Saccharomycetales_Saccharomyces_cerevisiae_baker_s_yeast, Node1652*)",874,0.9586343552121765,0.6046363655715266,c2,branch_to_yeast
"(Eukaryota_Opisthokonta_Nucletmycea_Fungi_Dikarya_Ascomycota_Saccharomycotina_Saccharomycetes_Saccharomycetales_Saccharomyces_cerevisiae_baker_s_yeast, Node1652*)",875,0.9586343552121765,0.6046363655715266,c2,branch_to_yeast
"(Eukaryota_Opisthokonta_Nucletmycea_Fungi_Dikarya_Ascomycota_Saccharomycotina_Saccharomycetes_Saccharomycetales_Saccharomyces_cerevisiae_baker_s_yeast, Node1652*)",876,1.6371415384930377,0.6046363655715266,c2,branch_to_yeast
"(Eukaryota_Opisthokonta_Nucletmycea_Fungi_Dikarya_Ascomycota_Saccharomycotina_Saccharomycetes_Saccharomycetales_Saccharomyces_cerevisiae_baker_s_yeast, Node1652*)",877,3.627397259317917e-18,0.3476609260040595,c4,branch_to_yeast
"(Eukaryota_Opisthokonta_Nucletmycea_Fungi_Dikarya_Ascomycota_Saccharomycotina_Saccharomycetes_Saccharomycetales_Saccharomyces_cerevisiae_baker_s_yeast, Node1652*)",878,0.5441475899074035,0.3476609260040595,c4,branch_to_yeast
"(Eukaryota_Opisthokonta_Nucletmycea_Fungi_Dikarya_Ascomycota_Saccharomycotina_Saccharomycetes_Saccharomycetales_Saccharomyces_cerevisiae_baker_s_yeast, Node1652*)",879,6.175563077190625e-18,0.3476609260040595,c4,branch_to_yeast
"(Eukaryota_Opisthokonta_Nucletmycea_Fungi_Dikarya_Ascomycota_Saccharomycotina_Saccharomycetes_Saccharomycetales_Saccharomyces_cerevisiae_baker_s_yeast, Node1652*)",880,2.8675421935551762e-18,0.3476609260040595,c4,branch_to_yeast
"(Eukaryota_Opisthokonta_Nucletmycea_Fungi_Dikarya_Ascomycota_Saccharomycotina_Saccharomycetes_Saccharomycetales_Saccharomyces_cerevisiae_baker_s_yeast, Node1652*)",881,0.9586343552121765,0.6046363655715266,c2,branch_to_yeast
"(Eukaryota_Opisthokonta_Nucletmycea_Fungi_Dikarya_Ascomycota_Saccharomycotina_Saccharomycetes_Saccharomycetales_Saccharomyces_cerevisiae_baker_s_yeast, Node1652*)",882,1.6371415384930377,0.6046363655715266,c2,branch_to_yeast
"(Eukaryota_Opisthokonta_Nucletmycea_Fungi_Dikarya_Ascomycota_Saccharomycotina_Saccharomycetes_Saccharomycetales_Saccharomyces_cerevisiae_baker_s_yeast, Node1652*)",883,-1.0217180022357437e-17,0.6069936118962173,c3,branch_to_yeast
"(Eukaryota_Opisthokonta_Nucletmycea_Fungi_Dikarya_Ascomycota_Saccharomycotina_Saccharomycetes_Saccharomycetales_Saccharomyces_cerevisiae_baker_s_yeast, Node1652*)",884,1.6371415384930377,0.6046363655715266,c2,branch_to_yeast
"(Eukaryota_Opisthokonta_Nucletmycea_Fungi_Dikarya_Ascomycota_Saccharomycotina_Saccharomycetes_Saccharomycetales_Saccharomyces_cerevisiae_baker_s_yeast, Node1652*)",885,0.9586343552652508,0.6575751876162639,c1,branch_to_yeast
"(Eukaryota_Opisthokonta_Nucletmycea_Fungi_Dikarya_Ascomycota_Saccharomycotina_Saccharomycetes_Saccharomycetales_Saccharomyces_cerevisiae_baker_s_yeast, Node1652*)",886,0.5441475912541518,0.6069936118962173,c3,branch_to_yeast
"(Eukaryota_Opisthokonta_Nucletmycea_Fungi_Dikarya_Ascomycota_Saccharomycotina_Saccharomycetes_Saccharomycetales_Saccharomyces_cerevisiae_baker_s_yeast, Node1652*)",887,0.5441475914141404,0.6575751876162639,c1,branch_to_yeast
"(Eukaryota_Opisthokonta_Nucletmycea_Fungi_Dikarya_Ascomycota_Saccharomycotina_Saccharomycetes_Saccharomycetales_Saccharomyces_cerevisiae_baker_s_yeast, Node1652*)",888,-9.258428611536816e-18,0.6046363655715266,c2,branch_to_yeast
"(Eukaryota_Opisthokonta_Nucletmycea_Fungi_Dikarya_Ascomycota_Saccharomycotina_Saccharomycetes_Saccharomycetales_Saccharomyces_cerevisiae_baker_s_yeast, Node1652*)",889,0.5441475912541518,0.6069936118962173,c3,branch_to_yeast
"(Eukaryota_Opisthokonta_Nucletmycea_Fungi_Dikarya_Ascomycota_Saccharomycotina_Saccharomycetes_Saccharomycetales_Saccharomyces_cerevisiae_baker_s_yeast, Node1652*)",890,-8.572785005121766e-18,0.3476609260040595,c4,branch_to_yeast
"(Eukaryota_Opisthokonta_Nucletmycea_Fungi_Dikarya_Ascomycota_Saccharomycotina_Saccharomycetes_Saccharomycetales_Saccharomyces_cerevisiae_baker_s_yeast, Node1652*)",891,0.5441475899074035,0.3476609260040595,c4,branch_to_yeast
"(Eukaryota_Opisthokonta_Nucletmycea_Fungi_Dikarya_Ascomycota_Saccharomycotina_Saccharomycetes_Saccharomycetales_Saccharomyces_cerevisiae_baker_s_yeast, Node1652*)",892,6.6477893571666296e-18,0.6069936118962173,c3,branch_to_yeast
"(Eukaryota_Opisthokonta_Nucletmycea_Fungi_Dikarya_Ascomycota_Saccharomycotina_Saccharomycetes_Saccharomycetales_Saccharomyces_cerevisiae_baker_s_yeast, Node1652*)",893,-1.82929950748094e-18,0.6069936118962173,c3,branch_to_yeast
"(Eukaryota_Opisthokonta_Nucletmycea_Fungi_Dikarya_Ascomycota_Saccharomycotina_Saccharomycetes_Saccharomycetales_Saccharomyces_cerevisiae_baker_s_yeast, Node1652*)",894,0.5441475913936314,0.6046363655715266,c2,branch_to_yeast
"(Eukaryota_Opisthokonta_Nucletmycea_Fungi_Dikarya_Ascomycota_Saccharomycotina_Saccharomycetes_Saccharomycetales_Saccharomyces_cerevisiae_baker_s_yeast, Node1652*)",895,0.9586343552652508,0.6575751876162639,c1,branch_to_yeast
"(Eukaryota_Opisthokonta_Nucletmycea_Fungi_Dikarya_Ascomycota_Saccharomycotina_Saccharomycetes_Saccharomycetales_Saccharomyces_cerevisiae_baker_s_yeast, Node1652*)",896,1.6371415385785282,0.6575751876162639,c1,branch_to_yeast
"(Eukaryota_Opisthokonta_Nucletmycea_Fungi_Dikarya_Ascomycota_Saccharomycotina_Saccharomycetes_Saccharomycetales_Saccharomyces_cerevisiae_baker_s_yeast, Node1652*)",897,0.5441475914141404,0.6575751876162639,c1,branch_to_yeast
"(Eukaryota_Opisthokonta_Nucletmycea_Fungi_Dikarya_Ascomycota_Saccharomycotina_Saccharomycetes_Saccharomycetales_Saccharomyces_cerevisiae_baker_s_yeast, Node1652*)",898,6.07924663940191e-18,0.6575751876162639,c1,branch_to_yeast
"(Eukaryota_Opisthokonta_Nucletmycea_Fungi_Dikarya_Ascomycota_Saccharomycotina_Saccharomycetes_Saccharomycetales_Saccharomyces_cerevisiae_baker_s_yeast, Node1652*)",899,0.9586343552652508,0.6575751876162639,c1,branch_to_yeast
"(Eukaryota_Opisthokonta_Nucletmycea_Fungi_Dikarya_Ascomycota_Saccharomycotina_Saccharomycetes_Saccharomycetales_Saccharomyces_cerevisiae_baker_s_yeast, Node1652*)",900,0.9586343552652508,0.6575751876162639,c1,branch_to_yeast
"(Eukaryota_Opisthokonta_Nucletmycea_Fungi_Dikarya_Ascomycota_Saccharomycotina_Saccharomycetes_Saccharomycetales_Saccharomyces_cerevisiae_baker_s_yeast, Node1652*)",901,0.5441475912541518,0.6069936118962173,c3,branch_to_yeast
"(Eukaryota_Opisthokonta_Nucletmycea_Fungi_Dikarya_Ascomycota_Saccharomycotina_Saccharomycetes_Saccharomycetales_Saccharomyces_cerevisiae_baker_s_yeast, Node1652*)",902,0.5441475914141404,0.6575751876162639,c1,branch_to_yeast
"(Eukaryota_Opisthokonta_Nucletmycea_Fungi_Dikarya_Ascomycota_Saccharomycotina_Saccharomycetes_Saccharomycetales_Saccharomyces_cerevisiae_baker_s_yeast, Node1652*)",903,-1.0746450864362965e-17,0.6575751876162639,c1,branch_to_yeast
"(Eukaryota_Opisthokonta_Nucletmycea_Fungi_Dikarya_Ascomycota_Saccharomycotina_Saccharomycetes_Saccharomycetales_Saccharomyces_cerevisiae_baker_s_yeast, Node1652*)",904,0.5441475913936314,0.6046363655715266,c2,branch_to_yeast
"(Eukaryota_Opisthokonta_Nucletmycea_Fungi_Dikarya_Ascomycota_Saccharomycotina_Saccharomycetes_Saccharomycetales_Saccharomyces_cerevisiae_baker_s_yeast, Node1652*)",905,0.5441475914141404,0.6575751876162639,c1,branch_to_yeast
"(Eukaryota_Opisthokonta_Nucletmycea_Fungi_Dikarya_Ascomycota_Saccharomycotina_Saccharomycetes_Saccharomycetales_Saccharomyces_cerevisiae_baker_s_yeast, Node1652*)",906,-1.0649182429537812e-17,0.6046363655715266,c2,branch_to_yeast
"(Eukaryota_Opisthokonta_Nucletmycea_Fungi_Dikarya_Ascomycota_Saccharomycotina_Saccharomycetes_Saccharomycetales_Saccharomyces_cerevisiae_baker_s_yeast, Node1652*)",907,0.5441475900240323,0.3476609260040595,c4,branch_to_yeast
"(Eukaryota_Opisthokonta_Nucletmycea_Fungi_Dikarya_Ascomycota_Saccharomycotina_Saccharomycetes_Saccharomycetales_Saccharomyces_cerevisiae_baker_s_yeast, Node1652*)",908,0.9586343513631712,0.3476609260040595,c4,branch_to_yeast
"(Eukaryota_Opisthokonta_Nucletmycea_Fungi_Dikarya_Ascomycota_Saccharomycotina_Saccharomycetes_Saccharomycetales_Saccharomyces_cerevisiae_baker_s_yeast, Node1652*)",909,0.5441475912541518,0.6069936118962173,c3,branch_to_yeast
"(Eukaryota_Opisthokonta_Nucletmycea_Fungi_Dikarya_Ascomycota_Saccharomycotina_Saccharomycetes_Saccharomycetales_Saccharomyces_cerevisiae_baker_s_yeast, Node1652*)",910,0.5441475913936314,0.6046363655715266,c2,branch_to_yeast
"(Eukaryota_Opisthokonta_Nucletmycea_Fungi_Dikarya_Ascomycota_Saccharomycotina_Saccharomycetes_Saccharomycetales_Saccharomyces_cerevisiae_baker_s_yeast, Node1652*)",911,-1.0641352320277438e-17,0.6046363655715266,c2,branch_to_yeast
"(Eukaryota_Opisthokonta_Nucletmycea_Fungi_Dikarya_Ascomycota_Saccharomycotina_Saccharomycetes_Saccharomycetales_Saccharomyces_cerevisiae_baker_s_yeast, Node1652*)",912,0.5441475913936314,0.6046363655715266,c2,branch_to_yeast
"(Eukaryota_Opisthokonta_Nucletmycea_Fungi_Dikarya_Ascomycota_Saccharomycotina_Saccharomycetes_Saccharomycetales_Saccharomyces_cerevisiae_baker_s_yeast, Node1652*)",913,0.9586343548511712,0.6069936118962173,c3,branch_to_yeast
"(Eukaryota_Opisthokonta_Nucletmycea_Fungi_Dikarya_Ascomycota_Saccharomycotina_Saccharomycetes_Saccharomycetales_Saccharomyces_cerevisiae_baker_s_yeast, Node1652*)",914,0.9586343552121765,0.6046363655715266,c2,branch_to_yeast
"(Eukaryota_Opisthokonta_Nucletmycea_Fungi_Dikarya_Ascomycota_Saccharomycotina_Saccharomycetes_Saccharomycetales_Saccharomyces_cerevisiae_baker_s_yeast, Node1652*)",915,0.5441475913936314,0.6046363655715266,c2,branch_to_yeast
"(Eukaryota_Opisthokonta_Nucletmycea_Fungi_Dikarya_Ascomycota_Saccharomycotina_Saccharomycetes_Saccharomycetales_Saccharomyces_cerevisiae_baker_s_yeast, Node1652*)",916,1.6371415384930377,0.6046363655715266,c2,branch_to_yeast
"(Eukaryota_Opisthokonta_Nucletmycea_Fungi_Dikarya_Ascomycota_Saccharomycotina_Saccharomycetes_Saccharomycetales_Saccharomyces_cerevisiae_baker_s_yeast, Node1652*)",917,0.9586343548511712,0.6069936118962173,c3,branch_to_yeast
"(Eukaryota_Opisthokonta_Nucletmycea_Fungi_Dikarya_Ascomycota_Saccharomycotina_Saccharomycetes_Saccharomycetales_Saccharomyces_cerevisiae_baker_s_yeast, Node1652*)",918,6.096854873912267e-18,0.6069936118962173,c3,branch_to_yeast
"(Eukaryota_Opisthokonta_Nucletmycea_Fungi_Dikarya_Ascomycota_Saccharomycotina_Saccharomycetes_Saccharomycetales_Saccharomyces_cerevisiae_baker_s_yeast, Node1652*)",919,-9.18970734741344e-18,0.6069936118962173,c3,branch_to_yeast
"(Eukaryota_Opisthokonta_Nucletmycea_Fungi_Dikarya_Ascomycota_Saccharomycotina_Saccharomycetes_Saccharomycetales_Saccharomyces_cerevisiae_baker_s_yeast, Node1652*)",920,0.9586343548511712,0.6069936118962173,c3,branch_to_yeast
"(Eukaryota_Opisthokonta_Nucletmycea_Fungi_Dikarya_Ascomycota_Saccharomycotina_Saccharomycetes_Saccharomycetales_Saccharomyces_cerevisiae_baker_s_yeast, Node1652*)",921,0.9586343548511712,0.6069936118962173,c3,branch_to_yeast
"(Eukaryota_Opisthokonta_Nucletmycea_Fungi_Dikarya_Ascomycota_Saccharomycotina_Saccharomycetes_Saccharomycetales_Saccharomyces_cerevisiae_baker_s_yeast, Node1652*)",922,5.911507672555952e-18,0.6046363655715266,c2,branch_to_yeast
"(Eukaryota_Opisthokonta_Nucletmycea_Fungi_Dikarya_Ascomycota_Saccharomycotina_Saccharomycetes_Saccharomycetales_Saccharomyces_cerevisiae_baker_s_yeast, Node1652*)",923,-1.0068832957375467e-17,0.6069936118962173,c3,branch_to_yeast
"(Eukaryota_Opisthokonta_Nucletmycea_Fungi_Dikarya_Ascomycota_Saccharomycotina_Saccharomycetes_Saccharomycetales_Saccharomyces_cerevisiae_baker_s_yeast, Node1652*)",924,1.637141537911306,0.6069936118962173,c3,branch_to_yeast
"(Eukaryota_Opisthokonta_Nucletmycea_Fungi_Dikarya_Ascomycota_Saccharomycotina_Saccharomycetes_Saccharomycetales_Saccharomyces_cerevisiae_baker_s_yeast, Node1652*)",925,-1.0626510963964429e-17,0.6046363655715266,c2,branch_to_yeast
"(Eukaryota_Opisthokonta_Nucletmycea_Fungi_Dikarya_Ascomycota_Saccharomycotina_Saccharomycetes_Saccharomycetales_Saccharomyces_cerevisiae_baker_s_yeast, Node1652*)",926,0.5441475912541518,0.6069936118962173,c3,branch_to_yeast
"(Eukaryota_Opisthokonta_Nucletmycea_Fungi_Dikarya_Ascomycota_Saccharomycotina_Saccharomycetes_Saccharomycetales_Saccharomyces_cerevisiae_baker_s_yeast, Node1652*)",927,5.693865139516283e-18,0.6046363655715266,c2,branch_to_yeast
"(Eukaryota_Opisthokonta_Nucletmycea_Fungi_Dikarya_Ascomycota_Saccharomycotina_Saccharomycetes_Saccharomycetales_Saccharomyces_cerevisiae_baker_s_yeast, Node1652*)",928,5.867142463239376e-18,0.6046363655715266,c2,branch_to_yeast
"(Eukaryota_Opisthokonta_Nucletmycea_Fungi_Dikarya_Ascomycota_Saccharomycotina_Saccharomycetes_Saccharomycetales_Saccharomyces_cerevisiae_baker_s_yeast, Node1652*)",929,-9.448956980456777e-18,0.6046363655715266,c2,branch_to_yeast
"(Eukaryota_Opisthokonta_Nucletmycea_Fungi_Dikarya_Ascomycota_Saccharomycotina_Saccharomycetes_Saccharomycetales_Saccharomyces_cerevisiae_baker_s_yeast, Node1652*)",930,-1.0578133549044733e-17,0.6046363655715266,c2,branch_to_yeast
"(Eukaryota_Opisthokonta_Nucletmycea_Fungi_Dikarya_Ascomycota_Saccharomycotina_Saccharomycetes_Saccharomycetales_Saccharomyces_cerevisiae_baker_s_yeast, Node1652*)",931,0.9586343548511712,0.6069936118962173,c3,branch_to_yeast
"(Eukaryota_Opisthokonta_Nucletmycea_Fungi_Dikarya_Ascomycota_Saccharomycotina_Saccharomycetes_Saccharomycetales_Saccharomyces_cerevisiae_baker_s_yeast, Node1652*)",932,-3.765349077885109e-18,0.6046363655715266,c2,branch_to_yeast
"(Eukaryota_Opisthokonta_Nucletmycea_Fungi_Dikarya_Ascomycota_Saccharomycotina_Saccharomycetes_Saccharomycetales_Saccharomyces_cerevisiae_baker_s_yeast, Node1652*)",933,5.339962850746917e-18,0.6046363655715266,c2,branch_to_yeast
"(Eukaryota_Opisthokonta_Nucletmycea_Fungi_Dikarya_Ascomycota_Saccharomycotina_Saccharomycetes_Saccharomycetales_Saccharomyces_cerevisiae_baker_s_yeast, Node1652*)",934,0.9586343552121765,0.6046363655715266,c2,branch_to_yeast
"(Eukaryota_Opisthokonta_Nucletmycea_Fungi_Dikarya_Ascomycota_Saccharomycotina_Saccharomycetes_Saccharomycetales_Saccharomyces_cerevisiae_baker_s_yeast, Node1652*)",935,0.9586343552121765,0.6046363655715266,c2,branch_to_yeast
"(Eukaryota_Opisthokonta_Nucletmycea_Fungi_Dikarya_Ascomycota_Saccharomycotina_Saccharomycetes_Saccharomycetales_Saccharomyces_cerevisiae_baker_s_yeast, Node1652*)",936,-1.0642955388475255e-17,0.6046363655715266,c2,branch_to_yeast
"(Eukaryota_Opisthokonta_Nucletmycea_Fungi_Dikarya_Ascomycota_Saccharomycotina_Saccharomycetes_Saccharomycetales_Saccharomyces_cerevisiae_baker_s_yeast, Node1652*)",937,7.681588384310514e-18,0.6046363655715266,c2,branch_to_yeast
"(Eukaryota_Opisthokonta_Nucletmycea_Fungi_Dikarya_Ascomycota_Saccharomycotina_Saccharomycetes_Saccharomycetales_Saccharomyces_cerevisiae_baker_s_yeast, Node1652*)",938,4.869179859737827e-18,0.6046363655715266,c2,branch_to_yeast
"(Eukaryota_Opisthokonta_Nucletmycea_Fungi_Dikarya_Ascomycota_Saccharomycotina_Saccharomycetes_Saccharomycetales_Saccharomyces_cerevisiae_baker_s_yeast, Node1652*)",939,1.637141537911306,0.6069936118962173,c3,branch_to_yeast
"(Eukaryota_Opisthokonta_Nucletmycea_Fungi_Dikarya_Ascomycota_Saccharomycotina_Saccharomycetes_Saccharomycetales_Saccharomyces_cerevisiae_baker_s_yeast, Node1652*)",940,-9.714174792668229e-18,0.6069936118962173,c3,branch_to_yeast
"(Eukaryota_Opisthokonta_Nucletmycea_Fungi_Dikarya_Ascomycota_Saccharomycotina_Saccharomycetes_Saccharomycetales_Saccharomyces_cerevisiae_baker_s_yeast, Node1652*)",941,0.5441475912541518,0.6069936118962173,c3,branch_to_yeast
"(Eukaryota_Opisthokonta_Nucletmycea_Fungi_Dikarya_Ascomycota_Saccharomycotina_Saccharomycetes_Saccharomycetales_Saccharomyces_cerevisiae_baker_s_yeast, Node1652*)",942,0.9586343548511712,0.6069936118962173,c3,branch_to_yeast
"(Eukaryota_Opisthokonta_Nucletmycea_Fungi_Dikarya_Ascomycota_Saccharomycotina_Saccharomycetes_Saccharomycetales_Saccharomyces_cerevisiae_baker_s_yeast, Node1652*)",943,0.9586343513631712,0.3476609260040595,c4,branch_to_yeast
"(Eukaryota_Opisthokonta_Nucletmycea_Fungi_Dikarya_Ascomycota_Saccharomycotina_Saccharomycetes_Saccharomycetales_Saccharomyces_cerevisiae_baker_s_yeast, Node1652*)",944,0.5441475912541518,0.6069936118962173,c3,branch_to_yeast
"(Eukaryota_Opisthokonta_Nucletmycea_Fungi_Dikarya_Ascomycota_Saccharomycotina_Saccharomycetes_Saccharomycetales_Saccharomyces_cerevisiae_baker_s_yeast, Node1652*)",945,1.637141537911306,0.6069936118962173,c3,branch_to_yeast
"(Eukaryota_Opisthokonta_Nucletmycea_Fungi_Dikarya_Ascomycota_Saccharomycotina_Saccharomycetes_Saccharomycetales_Saccharomyces_cerevisiae_baker_s_yeast, Node1652*)",946,1.637141537911306,0.6069936118962173,c3,branch_to_yeast
"(Eukaryota_Opisthokonta_Nucletmycea_Fungi_Dikarya_Ascomycota_Saccharomycotina_Saccharomycetes_Saccharomycetales_Saccharomyces_cerevisiae_baker_s_yeast, Node1652*)",947,0.5441475899074035,0.3476609260040595,c4,branch_to_yeast
"(Eukaryota_Opisthokonta_Nucletmycea_Fungi_Dikarya_Ascomycota_Saccharomycotina_Saccharomycetes_Saccharomycetales_Saccharomyces_cerevisiae_baker_s_yeast, Node1652*)",948,-8.032001097362706e-18,0.3476609260040595,c4,branch_to_yeast
"(Eukaryota_Opisthokonta_Nucletmycea_Fungi_Dikarya_Ascomycota_Saccharomycotina_Saccharomycetes_Saccharomycetales_Saccharomyces_cerevisiae_baker_s_yeast, Node1652*)",949,1.637141537911306,0.6069936118962173,c3,branch_to_yeast
"(Eukaryota_Opisthokonta_Nucletmycea_Fungi_Dikarya_Ascomycota_Saccharomycotina_Saccharomycetes_Saccharomycetales_Saccharomyces_cerevisiae_baker_s_yeast, Node1652*)",950,0.9586343552121765,0.6046363655715266,c2,branch_to_yeast
"(Eukaryota_Opisthokonta_Nucletmycea_Fungi_Dikarya_Ascomycota_Saccharomycotina_Saccharomycetes_Saccharomycetales_Saccharomyces_cerevisiae_baker_s_yeast, Node1652*)",951,-1.0184431053686385e-17,0.6046363655715266,c2,branch_to_yeast
"(Eukaryota_Opisthokonta_Nucletmycea_Fungi_Dikarya_Ascomycota_Saccharomycotina_Saccharomycetes_Saccharomycetales_Saccharomyces_cerevisiae_baker_s_yeast, Node1652*)",952,0.5441475913936314,0.6046363655715266,c2,branch_to_yeast
"(Eukaryota_Opisthokonta_Nucletmycea_Fungi_Dikarya_Ascomycota_Saccharomycotina_Saccharomycetes_Saccharomycetales_Saccharomyces_cerevisiae_baker_s_yeast, Node1652*)",953,0.5441475914141404,0.6575751876162639,c1,branch_to_yeast
"(Eukaryota_Opisthokonta_Nucletmycea_Fungi_Dikarya_Ascomycota_Saccharomycotina_Saccharomycetes_Saccharomycetales_Saccharomyces_cerevisiae_baker_s_yeast, Node1652*)",954,-8.45589330120373e-18,0.6046363655715266,c2,branch_to_yeast
"(Eukaryota_Opisthokonta_Nucletmycea_Fungi_Dikarya_Ascomycota_Saccharomycotina_Saccharomycetes_Saccharomycetales_Saccharomyces_cerevisiae_baker_s_yeast, Node1652*)",955,0.9586343552121765,0.6046363655715266,c2,branch_to_yeast
"(Eukaryota_Opisthokonta_Nucletmycea_Fungi_Dikarya_Ascomycota_Saccharomycotina_Saccharomycetes_Saccharomycetales_Saccharomyces_cerevisiae_baker_s_yeast, Node1652*)",956,0.5441475913936314,0.6046363655715266,c2,branch_to_yeast
"(Eukaryota_Opisthokonta_Nucletmycea_Fungi_Dikarya_Ascomycota_Saccharomycotina_Saccharomycetes_Saccharomycetales_Saccharomyces_cerevisiae_baker_s_yeast, Node1652*)",957,5.613761860054469e-18,0.6575751876162639,c1,branch_to_yeast
"(Eukaryota_Opisthokonta_Nucletmycea_Fungi_Dikarya_Ascomycota_Saccharomycotina_Saccharomycetes_Saccharomycetales_Saccharomyces_cerevisiae_baker_s_yeast, Node1652*)",958,7.029078763781067e-18,0.6069936118962173,c3,branch_to_yeast
"(Eukaryota_Opisthokonta_Nucletmycea_Fungi_Dikarya_Ascomycota_Saccharomycotina_Saccharomycetes_Saccharomycetales_Saccharomyces_cerevisiae_baker_s_yeast, Node1652*)",959,7.265630302500284e-18,0.6575751876162639,c1,branch_to_yeast
"(Eukaryota_Opisthokonta_Nucletmycea_Fungi_Dikarya_Ascomycota_Saccharomycotina_Saccharomycetes_Saccharomycetales_Saccharomyces_cerevisiae_baker_s_yeast, Node1652*)",960,0.5441475914141404,0.6575751876162639,c1,branch_to_yeast
"(Eukaryota_Opisthokonta_Nucletmycea_Fungi_Dikarya_Ascomycota_Saccharomycotina_Saccharomycetes_Saccharomycetales_Saccharomyces_cerevisiae_baker_s_yeast, Node1652*)",961,0.5441475913936314,0.6046363655715266,c2,branch_to_yeast
"(Eukaryota_Opisthokonta_Nucletmycea_Fungi_Dikarya_Ascomycota_Saccharomycotina_Saccharomycetes_Saccharomycetales_Saccharomyces_cerevisiae_baker_s_yeast, Node1652*)",962,-9.332275112886733e-18,0.6069936118962173,c3,branch_to_yeast
"(Eukaryota_Opisthokonta_Nucletmycea_Fungi_Dikarya_Ascomycota_Saccharomycotina_Saccharomycetes_Saccharomycetales_Saccharomyces_cerevisiae_baker_s_yeast, Node1652*)",963,0.5441475913936314,0.6046363655715266,c2,branch_to_yeast
"(Eukaryota_Opisthokonta_Nucletmycea_Fungi_Dikarya_Ascomycota_Saccharomycotina_Saccharomycetes_Saccharomycetales_Saccharomyces_cerevisiae_baker_s_yeast, Node1652*)",964,0.9586343513631712,0.3476609260040595,c4,branch_to_yeast
"(Eukaryota_Opisthokonta_Nucletmycea_Fungi_Dikarya_Ascomycota_Saccharomycotina_Saccharomycetes_Saccharomycetales_Saccharomyces_cerevisiae_baker_s_yeast, Node1652*)",965,0.9586343548511712,0.6069936118962173,c3,branch_to_yeast
"(Eukaryota_Opisthokonta_Nucletmycea_Fungi_Dikarya_Ascomycota_Saccharomycotina_Saccharomycetes_Saccharomycetales_Saccharomyces_cerevisiae_baker_s_yeast, Node1652*)",966,0.9586343548511712,0.6069936118962173,c3,branch_to_yeast
"(Eukaryota_Opisthokonta_Nucletmycea_Fungi_Dikarya_Ascomycota_Saccharomycotina_Saccharomycetes_Saccharomycetales_Saccharomyces_cerevisiae_baker_s_yeast, Node1652*)",967,0.5441475912541518,0.6069936118962173,c3,branch_to_yeast
"(Eukaryota_Opisthokonta_Nucletmycea_Fungi_Dikarya_Ascomycota_Saccharomycotina_Saccharomycetes_Saccharomycetales_Saccharomyces_cerevisiae_baker_s_yeast, Node1652*)",968,1.637141537911306,0.6069936118962173,c3,branch_to_yeast
"(Eukaryota_Opisthokonta_Nucletmycea_Fungi_Dikarya_Ascomycota_Saccharomycotina_Saccharomycetes_Saccharomycetales_Saccharomyces_cerevisiae_baker_s_yeast, Node1652*)",969,0.9586343552121765,0.6046363655715266,c2,branch_to_yeast
"(Eukaryota_Opisthokonta_Nucletmycea_Fungi_Dikarya_Ascomycota_Saccharomycotina_Saccharomycetes_Saccharomycetales_Saccharomyces_cerevisiae_baker_s_yeast, Node1652*)",970,0.9586343552121765,0.6046363655715266,c2,branch_to_yeast
"(Eukaryota_Opisthokonta_Nucletmycea_Fungi_Dikarya_Ascomycota_Saccharomycotina_Saccharomycetes_Saccharomycetales_Saccharomyces_cerevisiae_baker_s_yeast, Node1652*)",971,2.2503216788931466e-18,0.6046363655715266,c2,branch_to_yeast
"(Eukaryota_Opisthokonta_Nucletmycea_Fungi_Dikarya_Ascomycota_Saccharomycotina_Saccharomycetes_Saccharomycetales_Saccharomyces_cerevisiae_baker_s_yeast, Node1652*)",972,1.6371415384930377,0.6046363655715266,c2,branch_to_yeast
"(Eukaryota_Opisthokonta_Nucletmycea_Fungi_Dikarya_Ascomycota_Saccharomycotina_Saccharomycetes_Saccharomycetales_Saccharomyces_cerevisiae_baker_s_yeast, Node1652*)",973,0.9586343552652508,0.6575751876162639,c1,branch_to_yeast
"(Eukaryota_Opisthokonta_Nucletmycea_Fungi_Dikarya_Ascomycota_Saccharomycotina_Saccharomycetes_Saccharomycetales_Saccharomyces_cerevisiae_baker_s_yeast, Node1652*)",974,0.9586343548511712,0.6069936118962173,c3,branch_to_yeast
"(Eukaryota_Opisthokonta_Nucletmycea_Fungi_Dikarya_Ascomycota_Saccharomycotina_Saccharomycetes_Saccharomycetales_Saccharomyces_cerevisiae_baker_s_yeast, Node1652*)",975,0.9586343548511712,0.6069936118962173,c3,branch_to_yeast
"(Eukaryota_Opisthokonta_Nucletmycea_Fungi_Dikarya_Ascomycota_Saccharomycotina_Saccharomycetes_Saccharomycetales_Saccharomyces_cerevisiae_baker_s_yeast, Node1652*)",976,0.9586343552652508,0.6575751876162639,c1,branch_to_yeast
"(Eukaryota_Opisthokonta_Nucletmycea_Fungi_Dikarya_Ascomycota_Saccharomycotina_Saccharomycetes_Saccharomycetales_Saccharomyces_cerevisiae_baker_s_yeast, Node1652*)",977,0.9586343548511712,0.6069936118962173,c3,branch_to_yeast
"(Eukaryota_Opisthokonta_Nucletmycea_Fungi_Dikarya_Ascomycota_Saccharomycotina_Saccharomycetes_Saccharomycetales_Saccharomyces_cerevisiae_baker_s_yeast, Node1652*)",978,1.6371415378986354,0.6069936118962173,c3,branch_to_yeast
"(Eukaryota_Opisthokonta_Nucletmycea_Fungi_Dikarya_Ascomycota_Saccharomycotina_Saccharomycetes_Saccharomycetales_Saccharomyces_cerevisiae_baker_s_yeast, Node1652*)",979,0.5441475912541518,0.6069936118962173,c3,branch_to_yeast
"(Eukaryota_Opisthokonta_Nucletmycea_Fungi_Dikarya_Ascomycota_Saccharomycotina_Saccharomycetes_Saccharomycetales_Saccharomyces_cerevisiae_baker_s_yeast, Node1652*)",980,-1.0086423297947935e-17,0.6046363655715266,c2,branch_to_yeast
"(Eukaryota_Opisthokonta_Nucletmycea_Fungi_Dikarya_Ascomycota_Saccharomycotina_Saccharomycetes_Saccharomycetales_Saccharomyces_cerevisiae_baker_s_yeast, Node1652*)",981,1.6371415384930377,0.6046363655715266,c2,branch_to_yeast
"(Eukaryota_Opisthokonta_Nucletmycea_Fungi_Dikarya_Ascomycota_Saccharomycotina_Saccharomycetes_Saccharomycetales_Saccharomyces_cerevisiae_baker_s_yeast, Node1652*)",982,0.5441475913936314,0.6046363655715266,c2,branch_to_yeast
"(Eukaryota_Opisthokonta_Nucletmycea_Fungi_Dikarya_Ascomycota_Saccharomycotina_Saccharomycetes_Saccharomycetales_Saccharomyces_cerevisiae_baker_s_yeast, Node1652*)",983,0.9586343552652508,0.6575751876162639,c1,branch_to_yeast
"(Eukaryota_Opisthokonta_Nucletmycea_Fungi_Dikarya_Ascomycota_Saccharomycotina_Saccharomycetes_Saccharomycetales_Saccharomyces_cerevisiae_baker_s_yeast, Node1652*)",984,6.2172193445664364e-18,0.6575751876162639,c1,branch_to_yeast
"(Eukaryota_Opisthokonta_Nucletmycea_Fungi_Dikarya_Ascomycota_Saccharomycotina_Saccharomycetes_Saccharomycetales_Saccharomyces_cerevisiae_baker_s_yeast, Node1652*)",985,0.5441475914141404,0.6575751876162639,c1,branch_to_yeast
"(Eukaryota_Opisthokonta_Nucletmycea_Fungi_Dikarya_Ascomycota_Saccharomycotina_Saccharomycetes_Saccharomycetales_Saccharomyces_cerevisiae_baker_s_yeast, Node1652*)",986,-1.0489442516425359e-17,0.6046363655715266,c2,branch_to_yeast
"(Eukaryota_Opisthokonta_Nucletmycea_Fungi_Dikarya_Ascomycota_Saccharomycotina_Saccharomycetes_Saccharomycetales_Saccharomyces_cerevisiae_baker_s_yeast, Node1652*)",987,-1.0264009124756744e-17,0.6046363655715266,c2,branch_to_yeast
"(Eukaryota_Opisthokonta_Nucletmycea_Fungi_Dikarya_Ascomycota_Saccharomycotina_Saccharomycetes_Saccharomycetales_Saccharomyces_cerevisiae_baker_s_yeast, Node1652*)",988,1.637141537911306,0.6069936118962173,c3,branch_to_yeast
"(Eukaryota_Opisthokonta_Nucletmycea_Fungi_Dikarya_Ascomycota_Saccharomycotina_Saccharomycetes_Saccharomycetales_Saccharomyces_cerevisiae_baker_s_yeast, Node1652*)",989,0.5441475913936314,0.6046363655715266,c2,branch_to_yeast
"(Eukaryota_Opisthokonta_Nucletmycea_Fungi_Dikarya_Ascomycota_Saccharomycotina_Saccharomycetes_Saccharomycetales_Saccharomyces_cerevisiae_baker_s_yeast, Node1652*)",990,0.5441475912541518,0.6069936118962173,c3,branch_to_yeast
"(Eukaryota_Opisthokonta_Nucletmycea_Fungi_Dikarya_Ascomycota_Saccharomycotina_Saccharomycetes_Saccharomycetales_Saccharomyces_cerevisiae_baker_s_yeast, Node1652*)",991,-1.0062321226765604e-17,0.6069936118962173,c3,branch_to_yeast
"(Eukaryota_Opisthokonta_Nucletmycea_Fungi_Dikarya_Ascomycota_Saccharomycotina_Saccharomycetes_Saccharomycetales_Saccharomyces_cerevisiae_baker_s_yeast, Node1652*)",992,-1.020013597316897e-17,0.6046363655715266,c2,branch_to_yeast
"(Eukaryota_Opisthokonta_Nucletmycea_Fungi_Dikarya_Ascomycota_Saccharomycotina_Saccharomycetes_Saccharomycetales_Saccharomyces_cerevisiae_baker_s_yeast, Node1652*)",993,0.9586343552652508,0.6575751876162639,c1,branch_to_yeast
"(Eukaryota_Opisthokonta_Nucletmycea_Fungi_Dikarya_Ascomycota_Saccharomycotina_Saccharomycetes_Saccharomycetales_Saccharomyces_cerevisiae_baker_s_yeast, Node1652*)",994,-1.0815398925733088e-17,0.6575751876162639,c1,branch_to_yeast
"(Eukaryota_Opisthokonta_Nucletmycea_Fungi_Dikarya_Ascomycota_Saccharomycotina_Saccharomycetes_Saccharomycetales_Saccharomyces_cerevisiae_baker_s_yeast, Node1652*)",995,1.6371415384930377,0.6046363655715266,c2,branch_to_yeast
"(Eukaryota_Opisthokonta_Nucletmycea_Fungi_Dikarya_Ascomycota_Saccharomycotina_Saccharomycetes_Saccharomycetales_Saccharomyces_cerevisiae_baker_s_yeast, Node1652*)",996,0.5441475914141404,0.6575751876162639,c1,branch_to_yeast
"(Eukaryota_Opisthokonta_Nucletmycea_Fungi_Dikarya_Ascomycota_Saccharomycotina_Saccharomycetes_Saccharomycetales_Saccharomyces_cerevisiae_baker_s_yeast, Node1652*)",997,0.9586343552652508,0.6575751876162639,c1,branch_to_yeast
"(Eukaryota_Opisthokonta_Nucletmycea_Fungi_Dikarya_Ascomycota_Saccharomycotina_Saccharomycetes_Saccharomycetales_Saccharomyces_cerevisiae_baker_s_yeast, Node1652*)",998,0.5441475913936314,0.6046363655715266,c2,branch_to_yeast
"(Eukaryota_Opisthokonta_Nucletmycea_Fungi_Dikarya_Ascomycota_Saccharomycotina_Saccharomycetes_Saccharomycetales_Saccharomyces_cerevisiae_baker_s_yeast, Node1652*)",999,0.9586343552121765,0.6046363655715266,c2,branch_to_yeast
"(Eukaryota_Opisthokonta_Nucletmycea_Fungi_Dikarya_Ascomycota_Saccharomycotina_Saccharomycetes_Saccharomycetales_Saccharomyces_cerevisiae_baker_s_yeast, Node1652*)",1000,0.9586343552652508,0.6575751876162639,c1,branch_to_yeast
"(Eukaryota_Opisthokonta_Nucletmycea_Fungi_Dikarya_Ascomycota_Saccharomycotina_Saccharomycetes_Saccharomycetales_Saccharomyces_cerevisiae_baker_s_yeast, Node1652*)",1001,-9.38223394628226e-18,0.6575751876162639,c1,branch_to_yeast
"(Eukaryota_Opisthokonta_Nucletmycea_Fungi_Dikarya_Ascomycota_Saccharomycotina_Saccharomycetes_Saccharomycetales_Saccharomyces_cerevisiae_baker_s_yeast, Node1652*)",1002,0.9586343552121765,0.6046363655715266,c2,branch_to_yeast
"(Eukaryota_Opisthokonta_Nucletmycea_Fungi_Dikarya_Ascomycota_Saccharomycotina_Saccharomycetes_Saccharomycetales_Saccharomyces_cerevisiae_baker_s_yeast, Node1652*)",1003,0.5441475913936314,0.6046363655715266,c2,branch_to_yeast
"(Eukaryota_Opisthokonta_Nucletmycea_Fungi_Dikarya_Ascomycota_Saccharomycotina_Saccharomycetes_Saccharomycetales_Saccharomyces_cerevisiae_baker_s_yeast, Node1652*)",1004,0.5441475914141404,0.6575751876162639,c1,branch_to_yeast
"(Eukaryota_Opisthokonta_Nucletmycea_Fungi_Dikarya_Ascomycota_Saccharomycotina_Saccharomycetes_Saccharomycetales_Saccharomyces_cerevisiae_baker_s_yeast, Node1652*)",1005,0.5441475914141404,0.6575751876162639,c1,branch_to_yeast
"(Eukaryota_Opisthokonta_Nucletmycea_Fungi_Dikarya_Ascomycota_Saccharomycotina_Saccharomycetes_Saccharomycetales_Saccharomyces_cerevisiae_baker_s_yeast, Node1652*)",1006,-9.908265703773909e-18,0.6575751876162639,c1,branch_to_yeast
"(Eukaryota_Opisthokonta_Nucletmycea_Fungi_Dikarya_Ascomycota_Saccharomycotina_Saccharomycetes_Saccharomycetales_Saccharomyces_cerevisiae_baker_s_yeast, Node1652*)",1007,5.885867601544438e-18,0.6046363655715266,c2,branch_to_yeast
"(Eukaryota_Opisthokonta_Nucletmycea_Fungi_Dikarya_Ascomycota_Saccharomycotina_Saccharomycetes_Saccharomycetales_Saccharomyces_cerevisiae_baker_s_yeast, Node1652*)",1008,1.6371415385785282,0.6575751876162639,c1,branch_to_yeast
"(Eukaryota_Opisthokonta_Nucletmycea_Fungi_Dikarya_Ascomycota_Saccharomycotina_Saccharomycetes_Saccharomycetales_Saccharomyces_cerevisiae_baker_s_yeast, Node1652*)",1009,7.805208986061331e-18,0.6046363655715266,c2,branch_to_yeast
"(Eukaryota_Opisthokonta_Nucletmycea_Fungi_Dikarya_Ascomycota_Saccharomycotina_Saccharomycetes_Saccharomycetales_Saccharomyces_cerevisiae_baker_s_yeast, Node1652*)",1010,6.187441452565163e-18,0.6575751876162639,c1,branch_to_yeast
"(Eukaryota_Opisthokonta_Nucletmycea_Fungi_Dikarya_Ascomycota_Saccharomycotina_Saccharomycetes_Saccharomycetales_Saccharomyces_cerevisiae_baker_s_yeast, Node1652*)",1011,0.9586343552652508,0.6575751876162639,c1,branch_to_yeast
"(Eukaryota_Opisthokonta_Nucletmycea_Fungi_Dikarya_Ascomycota_Saccharomycotina_Saccharomycetes_Saccharomycetales_Saccharomyces_cerevisiae_baker_s_yeast, Node1652*)",1012,0.9586343552652508,0.6575751876162639,c1,branch_to_yeast
"(Eukaryota_Opisthokonta_Nucletmycea_Fungi_Dikarya_Ascomycota_Saccharomycotina_Saccharomycetes_Saccharomycetales_Saccharomyces_cerevisiae_baker_s_yeast, Node1652*)",1013,0.5441475914141404,0.6575751876162639,c1,branch_to_yeast
"(Eukaryota_Opisthokonta_Nucletmycea_Fungi_Dikarya_Ascomycota_Saccharomycotina_Saccharomycetes_Saccharomycetales_Saccharomyces_cerevisiae_baker_s_yeast, Node1652*)",1014,-1.0266229773629315e-17,0.6046363655715266,c2,branch_to_yeast
"(Eukaryota_Opisthokonta_Nucletmycea_Fungi_Dikarya_Ascomycota_Saccharomycotina_Saccharomycetes_Saccharomycetales_Saccharomyces_cerevisiae_baker_s_yeast, Node1652*)",1015,-1.0861838587376712e-17,0.6575751876162639,c1,branch_to_yeast
"(Eukaryota_Opisthokonta_Nucletmycea_Fungi_Dikarya_Ascomycota_Saccharomycotina_Saccharomycetes_Saccharomycetales_Saccharomyces_cerevisiae_baker_s_yeast, Node1652*)",1016,8.314910475352103e-18,0.6575751876162639,c1,branch_to_yeast
"(Eukaryota_Opisthokonta_Nucletmycea_Fungi_Dikarya_Ascomycota_Saccharomycotina_Saccharomycetes_Saccharomycetales_Saccharomyces_cerevisiae_baker_s_yeast, Node1652*)",1017,0.5441475912541518,0.6069936118962173,c3,branch_to_yeast
"(Eukaryota_Opisthokonta_Nucletmycea_Fungi_Dikarya_Ascomycota_Saccharomycotina_Saccharomycetes_Saccharomycetales_Saccharomyces_cerevisiae_baker_s_yeast, Node1652*)",1018,-1.0760453481582664e-17,0.6069936118962173,c3,branch_to_yeast
"(Eukaryota_Opisthokonta_Nucletmycea_Fungi_Dikarya_Ascomycota_Saccharomycotina_Saccharomycetes_Saccharomycetales_Saccharomyces_cerevisiae_baker_s_yeast, Node1652*)",1019,7.903384484543406e-18,0.6046363655715266,c2,branch_to_yeast
"(Eukaryota_Opisthokonta_Nucletmycea_Fungi_Dikarya_Ascomycota_Saccharomycotina_Saccharomycetes_Saccharomycetales_Saccharomyces_cerevisiae_baker_s_yeast, Node1652*)",1020,0.9586343548511712,0.6069936118962173,c3,branch_to_yeast
"(Eukaryota_Opisthokonta_Nucletmycea_Fungi_Dikarya_Ascomycota_Saccharomycotina_Saccharomycetes_Saccharomycetales_Saccharomyces_cerevisiae_baker_s_yeast, Node1652*)",1021,0.5441475913936314,0.6046363655715266,c2,branch_to_yeast
"(Eukaryota_Opisthokonta_Nucletmycea_Fungi_Dikarya_Ascomycota_Saccharomycotina_Saccharomycetes_Saccharomycetales_Saccharomyces_cerevisiae_baker_s_yeast, Node1652*)",1022,0.5441475912541518,0.6069936118962173,c3,branch_to_yeast
"(Eukaryota_Opisthokonta_Nucletmycea_Fungi_Dikarya_Ascomycota_Saccharomycotina_Saccharomycetes_Saccharomycetales_Saccharomyces_cerevisiae_baker_s_yeast, Node1652*)",1023,0.9586343552652508,0.6575751876162639,c1,branch_to_yeast
"(Eukaryota_Opisthokonta_Nucletmycea_Fungi_Dikarya_Ascomycota_Saccharomycotina_Saccharomycetes_Saccharomycetales_Saccharomyces_cerevisiae_baker_s_yeast, Node1652*)",1024,0.5441475914141404,0.6575751876162639,c1,branch_to_yeast
"(Eukaryota_Opisthokonta_Nucletmycea_Fungi_Dikarya_Ascomycota_Saccharomycotina_Saccharomycetes_Saccharomycetales_Saccharomyces_cerevisiae_baker_s_yeast, Node1652*)",1025,1.6371415385785282,0.6575751876162639,c1,branch_to_yeast
"(Eukaryota_Opisthokonta_Nucletmycea_Fungi_Dikarya_Ascomycota_Saccharomycotina_Saccharomycetes_Saccharomycetales_Saccharomyces_cerevisiae_baker_s_yeast, Node1652*)",1026,8.097388024118872e-18,0.6046363655715266,c2,branch_to_yeast
"(Eukaryota_Opisthokonta_Nucletmycea_Fungi_Dikarya_Ascomycota_Saccharomycotina_Saccharomycetes_Saccharomycetales_Saccharomyces_cerevisiae_baker_s_yeast, Node1652*)",1027,0.5441475913936314,0.6046363655715266,c2,branch_to_yeast
"(Eukaryota_Opisthokonta_Nucletmycea_Fungi_Dikarya_Ascomycota_Saccharomycotina_Saccharomycetes_Saccharomycetales_Saccharomyces_cerevisiae_baker_s_yeast, Node1652*)",1028,0.5441475913936314,0.6046363655715266,c2,branch_to_yeast
"(Eukaryota_Opisthokonta_Nucletmycea_Fungi_Dikarya_Ascomycota_Saccharomycotina_Saccharomycetes_Saccharomycetales_Saccharomyces_cerevisiae_baker_s_yeast, Node1652*)",1029,1.6371415385785282,0.6575751876162639,c1,branch_to_yeast
"(Eukaryota_Opisthokonta_Nucletmycea_Fungi_Dikarya_Ascomycota_Saccharomycotina_Saccharomycetes_Saccharomycetales_Saccharomyces_cerevisiae_baker_s_yeast, Node1652*)",1030,-5.231021172663803e-18,0.6069936118962173,c3,branch_to_yeast
"(Eukaryota_Opisthokonta_Nucletmycea_Fungi_Dikarya_Ascomycota_Saccharomycotina_Saccharomycetes_Saccharomycetales_Saccharomyces_cerevisiae_baker_s_yeast, Node1652*)",1031,5.667270060654272e-18,0.6069936118962173,c3,branch_to_yeast
"(Eukaryota_Opisthokonta_Nucletmycea_Fungi_Dikarya_Ascomycota_Saccharomycotina_Saccharomycetes_Saccharomycetales_Saccharomyces_cerevisiae_baker_s_yeast, Node1652*)",1032,0.5441475912541518,0.6069936118962173,c3,branch_to_yeast
"(Eukaryota_Opisthokonta_Nucletmycea_Fungi_Dikarya_Ascomycota_Saccharomycotina_Saccharomycetes_Saccharomycetales_Saccharomyces_cerevisiae_baker_s_yeast, Node1652*)",1033,1.6371415384930377,0.6046363655715266,c2,branch_to_yeast
"(Eukaryota_Opisthokonta_Nucletmycea_Fungi_Dikarya_Ascomycota_Saccharomycotina_Saccharomycetes_Saccharomycetales_Saccharomyces_cerevisiae_baker_s_yeast, Node1652*)",1034,6.033152237723814e-18,0.6046363655715266,c2,branch_to_yeast
"(Eukaryota_Opisthokonta_Nucletmycea_Fungi_Dikarya_Ascomycota_Saccharomycotina_Saccharomycetes_Saccharomycetales_Saccharomyces_cerevisiae_baker_s_yeast, Node1652*)",1035,0.9586343552652508,0.6575751876162639,c1,branch_to_yeast
"(Eukaryota_Opisthokonta_Nucletmycea_Fungi_Dikarya_Ascomycota_Saccharomycotina_Saccharomycetes_Saccharomycetales_Saccharomyces_cerevisiae_baker_s_yeast, Node1652*)",1036,1.6371415385785282,0.6575751876162639,c1,branch_to_yeast
"(Eukaryota_Opisthokonta_Nucletmycea_Fungi_Dikarya_Ascomycota_Saccharomycotina_Saccharomycetes_Saccharomycetales_Saccharomyces_cerevisiae_baker_s_yeast, Node1652*)",1037,0.9586343552652508,0.6575751876162639,c1,branch_to_yeast
"(Eukaryota_Opisthokonta_Nucletmycea_Fungi_Dikarya_Ascomycota_Saccharomycotina_Saccharomycetes_Saccharomycetales_Saccharomyces_cerevisiae_baker_s_yeast, Node1652*)",1038,0.5441475914141404,0.6575751876162639,c1,branch_to_yeast
"(Eukaryota_Opisthokonta_Nucletmycea_Fungi_Dikarya_Ascomycota_Saccharomycotina_Saccharomycetes_Saccharomycetales_Saccharomyces_cerevisiae_baker_s_yeast, Node1652*)",1039,0.5441475914141404,0.6575751876162639,c1,branch_to_yeast
"(Eukaryota_Opisthokonta_Nucletmycea_Fungi_Dikarya_Ascomycota_Saccharomycotina_Saccharomycetes_Saccharomycetales_Saccharomyces_cerevisiae_baker_s_yeast, Node1652*)",1040,0.5441475913936314,0.6046363655715266,c2,branch_to_yeast
"(Eukaryota_Opisthokonta_Nucletmycea_Fungi_Dikarya_Ascomycota_Saccharomycotina_Saccharomycetes_Saccharomycetales_Saccharomyces_cerevisiae_baker_s_yeast, Node1652*)",1041,0.9586343552652508,0.6575751876162639,c1,branch_to_yeast
"(Eukaryota_Opisthokonta_Nucletmycea_Fungi_Dikarya_Ascomycota_Saccharomycotina_Saccharomycetes_Saccharomycetales_Saccharomyces_cerevisiae_baker_s_yeast, Node1652*)",1042,1.6371415385785282,0.6575751876162639,c1,branch_to_yeast
"(Eukaryota_Opisthokonta_Nucletmycea_Fungi_Dikarya_Ascomycota_Saccharomycotina_Saccharomycetes_Saccharomycetales_Saccharomyces_cerevisiae_baker_s_yeast, Node1652*)",1043,0.5441475913936314,0.6046363655715266,c2,branch_to_yeast
"(Eukaryota_Opisthokonta_Nucletmycea_Fungi_Dikarya_Ascomycota_Saccharomycotina_Saccharomycetes_Saccharomycetales_Saccharomyces_cerevisiae_baker_s_yeast, Node1652*)",1044,7.150357071008205e-18,0.6046363655715266,c2,branch_to_yeast
"(Eukaryota_Opisthokonta_Nucletmycea_Fungi_Dikarya_Ascomycota_Saccharomycotina_Saccharomycetes_Saccharomycetales_Saccharomyces_cerevisiae_baker_s_yeast, Node1652*)",1045,-1.0269059087817101e-17,0.6046363655715266,c2,branch_to_yeast
"(Eukaryota_Opisthokonta_Nucletmycea_Fungi_Dikarya_Ascomycota_Saccharomycotina_Saccharomycetes_Saccharomycetales_Saccharomyces_cerevisiae_baker_s_yeast, Node1652*)",1046,-1.0239690794953857e-17,0.6069936118962173,c3,branch_to_yeast
"(Eukaryota_Opisthokonta_Nucletmycea_Fungi_Dikarya_Ascomycota_Saccharomycotina_Saccharomycetes_Saccharomycetales_Saccharomyces_cerevisiae_baker_s_yeast, Node1652*)",1047,0.9586343548511712,0.6069936118962173,c3,branch_to_yeast
"(Eukaryota_Opisthokonta_Nucletmycea_Fungi_Dikarya_Ascomycota_Saccharomycotina_Saccharomycetes_Saccharomycetales_Saccharomyces_cerevisiae_baker_s_yeast, Node1652*)",1048,1.637141537911306,0.6069936118962173,c3,branch_to_yeast
"(Eukaryota_Opisthokonta_Nucletmycea_Fungi_Dikarya_Ascomycota_Saccharomycotina_Saccharomycetes_Saccharomycetales_Saccharomyces_cerevisiae_baker_s_yeast, Node1652*)",1049,1.637141537911306,0.6069936118962173,c3,branch_to_yeast
"(Eukaryota_Opisthokonta_Nucletmycea_Fungi_Dikarya_Ascomycota_Saccharomycotina_Saccharomycetes_Saccharomycetales_Saccharomyces_cerevisiae_baker_s_yeast, Node1652*)",1050,0.5441475912541518,0.6069936118962173,c3,branch_to_yeast
"(Eukaryota_Opisthokonta_Nucletmycea_Fungi_Dikarya_Ascomycota_Saccharomycotina_Saccharomycetes_Saccharomycetales_Saccharomyces_cerevisiae_baker_s_yeast, Node1652*)",1051,0.5441475914141404,0.6575751876162639,c1,branch_to_yeast
"(Eukaryota_Opisthokonta_Nucletmycea_Fungi_Dikarya_Ascomycota_Saccharomycotina_Saccharomycetes_Saccharomycetales_Saccharomyces_cerevisiae_baker_s_yeast, Node1652*)",1052,0.9586343552121765,0.6046363655715266,c2,branch_to_yeast
"(Eukaryota_Opisthokonta_Nucletmycea_Fungi_Dikarya_Ascomycota_Saccharomycotina_Saccharomycetes_Saccharomycetales_Saccharomyces_cerevisiae_baker_s_yeast, Node1652*)",1053,0.9586343552121765,0.6046363655715266,c2,branch_to_yeast
"(Eukaryota_Opisthokonta_Nucletmycea_Fungi_Dikarya_Ascomycota_Saccharomycotina_Saccharomycetes_Saccharomycetales_Saccharomyces_cerevisiae_baker_s_yeast, Node1652*)",1054,0.5441475913936314,0.6046363655715266,c2,branch_to_yeast
"(Eukaryota_Opisthokonta_Nucletmycea_Fungi_Dikarya_Ascomycota_Saccharomycotina_Saccharomycetes_Saccharomycetales_Saccharomyces_cerevisiae_baker_s_yeast, Node1652*)",1055,1.6371415384930377,0.6046363655715266,c2,branch_to_yeast
"(Eukaryota_Opisthokonta_Nucletmycea_Fungi_Dikarya_Ascomycota_Saccharomycotina_Saccharomycetes_Saccharomycetales_Saccharomyces_cerevisiae_baker_s_yeast, Node1652*)",1056,0.9586343548511712,0.6069936118962173,c3,branch_to_yeast
"(Eukaryota_Opisthokonta_Nucletmycea_Fungi_Dikarya_Ascomycota_Saccharomycotina_Saccharomycetes_Saccharomycetales_Saccharomyces_cerevisiae_baker_s_yeast, Node1652*)",1057,-9.211479052241112e-18,0.6069936118962173,c3,branch_to_yeast
"(Eukaryota_Opisthokonta_Nucletmycea_Fungi_Dikarya_Ascomycota_Saccharomycotina_Saccharomycetes_Saccharomycetales_Saccharomyces_cerevisiae_baker_s_yeast, Node1652*)",1058,2.8337121949364884e-19,0.6069936118962173,c3,branch_to_yeast
"(Eukaryota_Opisthokonta_Nucletmycea_Fungi_Dikarya_Ascomycota_Saccharomycotina_Saccharomycetes_Saccharomycetales_Saccharomyces_cerevisiae_baker_s_yeast, Node1652*)",1059,-6.093066167397097e-18,0.3476609260040595,c4,branch_to_yeast
"(Eukaryota_Opisthokonta_Nucletmycea_Fungi_Dikarya_Ascomycota_Saccharomycotina_Saccharomycetes_Saccharomycetales_Saccharomyces_cerevisiae_baker_s_yeast, Node1652*)",1060,-6.061597401417791e-18,0.3476609260040595,c4,branch_to_yeast
"(Eukaryota_Opisthokonta_Nucletmycea_Fungi_Dikarya_Ascomycota_Saccharomycotina_Saccharomycetes_Saccharomycetales_Saccharomyces_cerevisiae_baker_s_yeast, Node1652*)",1061,1.637141537911306,0.6069936118962173,c3,branch_to_yeast
"(Eukaryota_Opisthokonta_Nucletmycea_Fungi_Dikarya_Ascomycota_Saccharomycotina_Saccharomycetes_Saccharomycetales_Saccharomyces_cerevisiae_baker_s_yeast, Node1652*)",1062,8.843266788074107e-19,0.6069936118962173,c3,branch_to_yeast
"(Eukaryota_Opisthokonta_Nucletmycea_Fungi_Dikarya_Ascomycota_Saccharomycotina_Saccharomycetes_Saccharomycetales_Saccharomyces_cerevisiae_baker_s_yeast, Node1652*)",1063,0.5441475912541518,0.6069936118962173,c3,branch_to_yeast
"(Eukaryota_Opisthokonta_Nucletmycea_Fungi_Dikarya_Ascomycota_Saccharomycotina_Saccharomycetes_Saccharomycetales_Saccharomyces_cerevisiae_baker_s_yeast, Node1652*)",1064,-9.983852134984442e-18,0.6046363655715266,c2,branch_to_yeast
"(Eukaryota_Opisthokonta_Nucletmycea_Fungi_Dikarya_Ascomycota_Saccharomycotina_Saccharomycetes_Saccharomycetales_Saccharomyces_cerevisiae_baker_s_yeast, Node1652*)",1065,-1.0774660389191125e-17,0.6575751876162639,c1,branch_to_yeast
"(Eukaryota_Opisthokonta_Nucletmycea_Fungi_Dikarya_Ascomycota_Saccharomycotina_Saccharomycetes_Saccharomycetales_Saccharomyces_cerevisiae_baker_s_yeast, Node1652*)",1066,7.265630302500284e-18,0.6575751876162639,c1,branch_to_yeast
"(Eukaryota_Opisthokonta_Nucletmycea_Fungi_Dikarya_Ascomycota_Saccharomycotina_Saccharomycetes_Saccharomycetales_Saccharomyces_cerevisiae_baker_s_yeast, Node1652*)",1067,5.474146123044626e-18,0.6575751876162639,c1,branch_to_yeast
"(Eukaryota_Opisthokonta_Nucletmycea_Fungi_Dikarya_Ascomycota_Saccharomycotina_Saccharomycetes_Saccharomycetales_Saccharomyces_cerevisiae_baker_s_yeast, Node1652*)",1068,0.5441475914141404,0.6575751876162639,c1,branch_to_yeast
"(Eukaryota_Opisthokonta_Nucletmycea_Fungi_Dikarya_Ascomycota_Saccharomycotina_Saccharomycetes_Saccharomycetales_Saccharomyces_cerevisiae_baker_s_yeast, Node1652*)",1069,0.5441475912541518,0.6069936118962173,c3,branch_to_yeast
"(Eukaryota_Opisthokonta_Nucletmycea_Fungi_Dikarya_Ascomycota_Saccharomycotina_Saccharomycetes_Saccharomycetales_Saccharomyces_cerevisiae_baker_s_yeast, Node1652*)",1070,3.900032573084253e-18,0.6575751876162639,c1,branch_to_yeast
"(Eukaryota_Opisthokonta_Nucletmycea_Fungi_Dikarya_Ascomycota_Saccharomycotina_Saccharomycetes_Saccharomycetales_Saccharomyces_cerevisiae_baker_s_yeast, Node1652*)",1071,1.6371415385785282,0.6575751876162639,c1,branch_to_yeast
"(Eukaryota_Opisthokonta_Nucletmycea_Fungi_Dikarya_Ascomycota_Saccharomycotina_Saccharomycetes_Saccharomycetales_Saccharomyces_cerevisiae_baker_s_yeast, Node1652*)",1072,0.5441475912541518,0.6069936118962173,c3,branch_to_yeast
"(Eukaryota_Opisthokonta_Nucletmycea_Fungi_Dikarya_Ascomycota_Saccharomycotina_Saccharomycetes_Saccharomycetales_Saccharomyces_cerevisiae_baker_s_yeast, Node1652*)",1073,0.5441475914141404,0.6575751876162639,c1,branch_to_yeast
"(Eukaryota_Opisthokonta_Nucletmycea_Fungi_Dikarya_Ascomycota_Saccharomycotina_Saccharomycetes_Saccharomycetales_Saccharomyces_cerevisiae_baker_s_yeast, Node1652*)",1074,7.269303333068573e-18,0.6069936118962173,c3,branch_to_yeast
"(Eukaryota_Opisthokonta_Nucletmycea_Fungi_Dikarya_Ascomycota_Saccharomycotina_Saccharomycetes_Saccharomycetales_Saccharomyces_cerevisiae_baker_s_yeast, Node1652*)",1075,0.9586343548511712,0.6069936118962173,c3,branch_to_yeast
"(Eukaryota_Opisthokonta_Nucletmycea_Fungi_Dikarya_Ascomycota_Saccharomycotina_Saccharomycetes_Saccharomycetales_Saccharomyces_cerevisiae_baker_s_yeast, Node1652*)",1076,0.5441475912541518,0.6069936118962173,c3,branch_to_yeast
"(Eukaryota_Opisthokonta_Nucletmycea_Fungi_Dikarya_Ascomycota_Saccharomycotina_Saccharomycetes_Saccharomycetales_Saccharomyces_cerevisiae_baker_s_yeast, Node1652*)",1077,0.5441475912541518,0.6069936118962173,c3,branch_to_yeast
"(Eukaryota_Opisthokonta_Nucletmycea_Fungi_Dikarya_Ascomycota_Saccharomycotina_Saccharomycetes_Saccharomycetales_Saccharomyces_cerevisiae_baker_s_yeast, Node1652*)",1078,1.6371415385785282,0.6575751876162639,c1,branch_to_yeast
"(Eukaryota_Opisthokonta_Nucletmycea_Fungi_Dikarya_Ascomycota_Saccharomycotina_Saccharomycetes_Saccharomycetales_Saccharomyces_cerevisiae_baker_s_yeast, Node1652*)",1079,0.9586343552652508,0.6575751876162639,c1,branch_to_yeast
"(Eukaryota_Opisthokonta_Nucletmycea_Fungi_Dikarya_Ascomycota_Saccharomycotina_Saccharomycetes_Saccharomycetales_Saccharomyces_cerevisiae_baker_s_yeast, Node1652*)",1080,0.5441475914141404,0.6575751876162639,c1,branch_to_yeast
"(Eukaryota_Opisthokonta_Nucletmycea_Fungi_Dikarya_Ascomycota_Saccharomycotina_Saccharomycetes_Saccharomycetales_Saccharomyces_cerevisiae_baker_s_yeast, Node1652*)",1081,0.5441475914141404,0.6575751876162639,c1,branch_to_yeast
"(Eukaryota_Opisthokonta_Nucletmycea_Fungi_Dikarya_Ascomycota_Saccharomycotina_Saccharomycetes_Saccharomycetales_Saccharomyces_cerevisiae_baker_s_yeast, Node1652*)",1082,0.5441475914141404,0.6575751876162639,c1,branch_to_yeast
"(Eukaryota_Opisthokonta_Nucletmycea_Fungi_Dikarya_Ascomycota_Saccharomycotina_Saccharomycetes_Saccharomycetales_Saccharomyces_cerevisiae_baker_s_yeast, Node1652*)",1083,0.9586343552652508,0.6575751876162639,c1,branch_to_yeast
"(Eukaryota_Opisthokonta_Nucletmycea_Fungi_Dikarya_Ascomycota_Saccharomycotina_Saccharomycetes_Saccharomycetales_Saccharomyces_cerevisiae_baker_s_yeast, Node1652*)",1084,-1.0784399222491303e-17,0.6575751876162639,c1,branch_to_yeast
"(Eukaryota_Opisthokonta_Nucletmycea_Fungi_Dikarya_Ascomycota_Saccharomycotina_Saccharomycetes_Saccharomycetales_Saccharomyces_cerevisiae_baker_s_yeast, Node1652*)",1085,-1.0169506073946669e-17,0.6046363655715266,c2,branch_to_yeast
"(Eukaryota_Opisthokonta_Nucletmycea_Fungi_Dikarya_Ascomycota_Saccharomycotina_Saccharomycetes_Saccharomycetales_Saccharomyces_cerevisiae_baker_s_yeast, Node1652*)",1086,0.5441475913936314,0.6046363655715266,c2,branch_to_yeast
"(Eukaryota_Opisthokonta_Nucletmycea_Fungi_Dikarya_Ascomycota_Saccharomycotina_Saccharomycetes_Saccharomycetales_Saccharomyces_cerevisiae_baker_s_yeast, Node1652*)",1087,0.9586343552652508,0.6575751876162639,c1,branch_to_yeast
"(Eukaryota_Opisthokonta_Nucletmycea_Fungi_Dikarya_Ascomycota_Saccharomycotina_Saccharomycetes_Saccharomycetales_Saccharomyces_cerevisiae_baker_s_yeast, Node1652*)",1088,0.9586343552652508,0.6575751876162639,c1,branch_to_yeast
"(Eukaryota_Opisthokonta_Nucletmycea_Fungi_Dikarya_Ascomycota_Saccharomycotina_Saccharomycetes_Saccharomycetales_Saccharomyces_cerevisiae_baker_s_yeast, Node1652*)",1089,0.9586343552652508,0.6575751876162639,c1,branch_to_yeast
"(Eukaryota_Opisthokonta_Nucletmycea_Fungi_Dikarya_Ascomycota_Saccharomycotina_Saccharomycetes_Saccharomycetales_Saccharomyces_cerevisiae_baker_s_yeast, Node1652*)",1090,0.9586343548511712,0.6069936118962173,c3,branch_to_yeast
"(Eukaryota_Opisthokonta_Nucletmycea_Fungi_Dikarya_Ascomycota_Saccharomycotina_Saccharomycetes_Saccharomycetales_Saccharomyces_cerevisiae_baker_s_yeast, Node1652*)",1091,0.5441475914141404,0.6575751876162639,c1,branch_to_yeast
"(Eukaryota_Opisthokonta_Nucletmycea_Fungi_Dikarya_Ascomycota_Saccharomycotina_Saccharomycetes_Saccharomycetales_Saccharomyces_cerevisiae_baker_s_yeast, Node1652*)",1092,7.899237584206453e-18,0.6046363655715266,c2,branch_to_yeast
"(Eukaryota_Opisthokonta_Nucletmycea_Fungi_Dikarya_Ascomycota_Saccharomycotina_Saccharomycetes_Saccharomycetales_Saccharomyces_cerevisiae_baker_s_yeast, Node1652*)",1093,1.6371415385785282,0.6575751876162639,c1,branch_to_yeast
"(Eukaryota_Opisthokonta_Nucletmycea_Fungi_Dikarya_Ascomycota_Saccharomycotina_Saccharomycetes_Saccharomycetales_Saccharomyces_cerevisiae_baker_s_yeast, Node1652*)",1094,0.9586343548511712,0.6069936118962173,c3,branch_to_yeast
"(Eukaryota_Opisthokonta_Nucletmycea_Fungi_Dikarya_Ascomycota_Saccharomycotina_Saccharomycetes_Saccharomycetales_Saccharomyces_cerevisiae_baker_s_yeast, Node1652*)",1095,0.5441475914141404,0.6575751876162639,c1,branch_to_yeast
"(Eukaryota_Opisthokonta_Nucletmycea_Fungi_Dikarya_Ascomycota_Saccharomycotina_Saccharomycetes_Saccharomycetales_Saccharomyces_cerevisiae_baker_s_yeast, Node1652*)",1096,0.5441475914141404,0.6575751876162639,c1,branch_to_yeast
"(Eukaryota_Opisthokonta_Nucletmycea_Fungi_Dikarya_Ascomycota_Saccharomycotina_Saccharomycetes_Saccharomycetales_Saccharomyces_cerevisiae_baker_s_yeast, Node1652*)",1097,0.9586343552121765,0.6046363655715266,c2,branch_to_yeast
"(Eukaryota_Opisthokonta_Nucletmycea_Fungi_Dikarya_Ascomycota_Saccharomycotina_Saccharomycetes_Saccharomycetales_Saccharomyces_cerevisiae_baker_s_yeast, Node1652*)",1098,0.5441475913936314,0.6046363655715266,c2,branch_to_yeast
"(Eukaryota_Opisthokonta_Nucletmycea_Fungi_Dikarya_Ascomycota_Saccharomycotina_Saccharomycetes_Saccharomycetales_Saccharomyces_cerevisiae_baker_s_yeast, Node1652*)",1099,-1.0845027967215621e-17,0.6575751876162639,c1,branch_to_yeast
"(Eukaryota_Opisthokonta_Nucletmycea_Fungi_Dikarya_Ascomycota_Saccharomycotina_Saccharomycetes_Saccharomycetales_Saccharomyces_cerevisiae_baker_s_yeast, Node1652*)",1100,0.9586343552652508,0.6575751876162639,c1,branch_to_yeast
"(Eukaryota_Opisthokonta_Nucletmycea_Fungi_Dikarya_Ascomycota_Saccharomycotina_Saccharomycetes_Saccharomycetales_Saccharomyces_cerevisiae_baker_s_yeast, Node1652*)",1101,0.5441475914141404,0.6575751876162639,c1,branch_to_yeast
"(Eukaryota_Opisthokonta_Nucletmycea_Fungi_Dikarya_Ascomycota_Saccharomycotina_Saccharomycetes_Saccharomycetales_Saccharomyces_cerevisiae_baker_s_yeast, Node1652*)",1102,-2.1797575086076185e-30,0.6575751876162639,c1,branch_to_yeast
"(Eukaryota_Opisthokonta_Nucletmycea_Fungi_Dikarya_Ascomycota_Saccharomycotina_Saccharomycetes_Saccharomycetales_Saccharomyces_cerevisiae_baker_s_yeast, Node1652*)",1103,1.6371415385785282,0.6575751876162639,c1,branch_to_yeast
"(Eukaryota_Opisthokonta_Nucletmycea_Fungi_Dikarya_Ascomycota_Saccharomycotina_Saccharomycetes_Saccharomycetales_Saccharomyces_cerevisiae_baker_s_yeast, Node1652*)",1104,0.5441475914141404,0.6575751876162639,c1,branch_to_yeast
"(Eukaryota_Opisthokonta_Nucletmycea_Fungi_Dikarya_Ascomycota_Saccharomycotina_Saccharomycetes_Saccharomycetales_Saccharomyces_cerevisiae_baker_s_yeast, Node1652*)",1105,0.9586343552652508,0.6575751876162639,c1,branch_to_yeast
"(Eukaryota_Opisthokonta_Nucletmycea_Fungi_Dikarya_Ascomycota_Saccharomycotina_Saccharomycetes_Saccharomycetales_Saccharomyces_cerevisiae_baker_s_yeast, Node1652*)",1106,0.5441475914141404,0.6575751876162639,c1,branch_to_yeast
"(Eukaryota_Opisthokonta_Nucletmycea_Fungi_Dikarya_Ascomycota_Saccharomycotina_Saccharomycetes_Saccharomycetales_Saccharomyces_cerevisiae_baker_s_yeast, Node1652*)",1107,-1.075518646204546e-17,0.6575751876162639,c1,branch_to_yeast
"(Eukaryota_Opisthokonta_Nucletmycea_Fungi_Dikarya_Ascomycota_Saccharomycotina_Saccharomycetes_Saccharomycetales_Saccharomyces_cerevisiae_baker_s_yeast, Node1652*)",1108,0.5441475914141404,0.6575751876162639,c1,branch_to_yeast
"(Eukaryota_Opisthokonta_Nucletmycea_Fungi_Dikarya_Ascomycota_Saccharomycotina_Saccharomycetes_Saccharomycetales_Saccharomyces_cerevisiae_baker_s_yeast, Node1652*)",1109,1.6371415385785282,0.6575751876162639,c1,branch_to_yeast
"(Eukaryota_Opisthokonta_Nucletmycea_Fungi_Dikarya_Ascomycota_Saccharomycotina_Saccharomycetes_Saccharomycetales_Saccharomyces_cerevisiae_baker_s_yeast, Node1652*)",1110,1.6371415385785282,0.6575751876162639,c1,branch_to_yeast
"(Eukaryota_Opisthokonta_Nucletmycea_Fungi_Dikarya_Ascomycota_Saccharomycotina_Saccharomycetes_Saccharomycetales_Saccharomyces_cerevisiae_baker_s_yeast, Node1652*)",1111,0.9586343552652508,0.6575751876162639,c1,branch_to_yeast
"(Eukaryota_Opisthokonta_Nucletmycea_Fungi_Dikarya_Ascomycota_Saccharomycotina_Saccharomycetes_Saccharomycetales_Saccharomyces_cerevisiae_baker_s_yeast, Node1652*)",1112,-1.0543199482311225e-17,0.6046363655715266,c2,branch_to_yeast
"(Eukaryota_Opisthokonta_Nucletmycea_Fungi_Dikarya_Ascomycota_Saccharomycotina_Saccharomycetes_Saccharomycetales_Saccharomyces_cerevisiae_baker_s_yeast, Node1652*)",1113,1.6371415384930377,0.6046363655715266,c2,branch_to_yeast
"(Eukaryota_Opisthokonta_Nucletmycea_Fungi_Dikarya_Ascomycota_Saccharomycotina_Saccharomycetes_Saccharomycetales_Saccharomyces_cerevisiae_baker_s_yeast, Node1652*)",1114,0.9586343552652508,0.6575751876162639,c1,branch_to_yeast
"(Eukaryota_Opisthokonta_Nucletmycea_Fungi_Dikarya_Ascomycota_Saccharomycotina_Saccharomycetes_Saccharomycetales_Saccharomyces_cerevisiae_baker_s_yeast, Node1652*)",1115,-2.1797575086076185e-30,0.6575751876162639,c1,branch_to_yeast
"(Eukaryota_Opisthokonta_Nucletmycea_Fungi_Dikarya_Ascomycota_Saccharomycotina_Saccharomycetes_Saccharomycetales_Saccharomyces_cerevisiae_baker_s_yeast, Node1652*)",1116,0.5441475914141404,0.6575751876162639,c1,branch_to_yeast
"(Eukaryota_Opisthokonta_Nucletmycea_Fungi_Dikarya_Ascomycota_Saccharomycotina_Saccharomycetes_Saccharomycetales_Saccharomyces_cerevisiae_baker_s_yeast, Node1652*)",1117,0.9586343552652508,0.6575751876162639,c1,branch_to_yeast
"(Eukaryota_Opisthokonta_Nucletmycea_Fungi_Dikarya_Ascomycota_Saccharomycotina_Saccharomycetes_Saccharomycetales_Saccharomyces_cerevisiae_baker_s_yeast, Node1652*)",1118,6.235786804453337e-18,0.6575751876162639,c1,branch_to_yeast
"(Eukaryota_Opisthokonta_Nucletmycea_Fungi_Dikarya_Ascomycota_Saccharomycotina_Saccharomycetes_Saccharomycetales_Saccharomyces_cerevisiae_baker_s_yeast, Node1652*)",1119,1.6371415385785282,0.6575751876162639,c1,branch_to_yeast
"(Eukaryota_Opisthokonta_Nucletmycea_Fungi_Dikarya_Ascomycota_Saccharomycotina_Saccharomycetes_Saccharomycetales_Saccharomyces_cerevisiae_baker_s_yeast, Node1652*)",1120,-1.081528447470308e-17,0.6575751876162639,c1,branch_to_yeast
"(Eukaryota_Opisthokonta_Nucletmycea_Fungi_Dikarya_Ascomycota_Saccharomycotina_Saccharomycetes_Saccharomycetales_Saccharomyces_cerevisiae_baker_s_yeast, Node1652*)",1121,-1.0239866988203289e-17,0.6046363655715266,c2,branch_to_yeast
"(Eukaryota_Opisthokonta_Nucletmycea_Fungi_Dikarya_Ascomycota_Saccharomycotina_Saccharomycetes_Saccharomycetales_Saccharomyces_cerevisiae_baker_s_yeast, Node1652*)",1122,0.5441475913936314,0.6046363655715266,c2,branch_to_yeast
"(Eukaryota_Opisthokonta_Nucletmycea_Fungi_Dikarya_Ascomycota_Saccharomycotina_Saccharomycetes_Saccharomycetales_Saccharomyces_cerevisiae_baker_s_yeast, Node1652*)",1123,0.5441475913936314,0.6046363655715266,c2,branch_to_yeast
"(Eukaryota_Opisthokonta_Nucletmycea_Fungi_Dikarya_Ascomycota_Saccharomycotina_Saccharomycetes_Saccharomycetales_Saccharomyces_cerevisiae_baker_s_yeast, Node1652*)",1124,1.6371415385785282,0.6575751876162639,c1,branch_to_yeast
"(Eukaryota_Opisthokonta_Nucletmycea_Fungi_Dikarya_Ascomycota_Saccharomycotina_Saccharomycetes_Saccharomycetales_Saccharomyces_cerevisiae_baker_s_yeast, Node1652*)",1125,1.637141537911306,0.6069936118962173,c3,branch_to_yeast
"(Eukaryota_Opisthokonta_Nucletmycea_Fungi_Dikarya_Ascomycota_Saccharomycotina_Saccharomycetes_Saccharomycetales_Saccharomyces_cerevisiae_baker_s_yeast, Node1652*)",1126,0.5441475913936314,0.6046363655715266,c2,branch_to_yeast
"(Eukaryota_Opisthokonta_Nucletmycea_Fungi_Dikarya_Ascomycota_Saccharomycotina_Saccharomycetes_Saccharomycetales_Saccharomyces_cerevisiae_baker_s_yeast, Node1652*)",1127,-1.075340547866777e-17,0.6575751876162639,c1,branch_to_yeast
"(Eukaryota_Opisthokonta_Nucletmycea_Fungi_Dikarya_Ascomycota_Saccharomycotina_Saccharomycetes_Saccharomycetales_Saccharomyces_cerevisiae_baker_s_yeast, Node1652*)",1128,0.5441475914141404,0.6575751876162639,c1,branch_to_yeast
"(Eukaryota_Opisthokonta_Nucletmycea_Fungi_Dikarya_Ascomycota_Saccharomycotina_Saccharomycetes_Saccharomycetales_Saccharomyces_cerevisiae_baker_s_yeast, Node1652*)",1129,0.5441475914141404,0.6575751876162639,c1,branch_to_yeast
"(Eukaryota_Opisthokonta_Nucletmycea_Fungi_Dikarya_Ascomycota_Saccharomycotina_Saccharomycetes_Saccharomycetales_Saccharomyces_cerevisiae_baker_s_yeast, Node1652*)",1130,0.5441475914141404,0.6575751876162639,c1,branch_to_yeast
"(Eukaryota_Opisthokonta_Nucletmycea_Fungi_Dikarya_Ascomycota_Saccharomycotina_Saccharomycetes_Saccharomycetales_Saccharomyces_cerevisiae_baker_s_yeast, Node1652*)",1131,1.6371415385785282,0.6575751876162639,c1,branch_to_yeast
"(Eukaryota_Opisthokonta_Nucletmycea_Fungi_Dikarya_Ascomycota_Saccharomycotina_Saccharomycetes_Saccharomycetales_Saccharomyces_cerevisiae_baker_s_yeast, Node1652*)",1132,8.028115854382501e-18,0.6046363655715266,c2,branch_to_yeast
"(Eukaryota_Opisthokonta_Nucletmycea_Fungi_Dikarya_Ascomycota_Saccharomycotina_Saccharomycetes_Saccharomycetales_Saccharomyces_cerevisiae_baker_s_yeast, Node1652*)",1133,0.5441475913936314,0.6046363655715266,c2,branch_to_yeast
"(Eukaryota_Opisthokonta_Nucletmycea_Fungi_Dikarya_Ascomycota_Saccharomycotina_Saccharomycetes_Saccharomycetales_Saccharomyces_cerevisiae_baker_s_yeast, Node1652*)",1134,4.271342449208704e-18,0.6575751876162639,c1,branch_to_yeast
"(Eukaryota_Opisthokonta_Nucletmycea_Fungi_Dikarya_Ascomycota_Saccharomycotina_Saccharomycetes_Saccharomycetales_Saccharomyces_cerevisiae_baker_s_yeast, Node1652*)",1135,0.9586343552652508,0.6575751876162639,c1,branch_to_yeast
"(Eukaryota_Opisthokonta_Nucletmycea_Fungi_Dikarya_Ascomycota_Saccharomycotina_Saccharomycetes_Saccharomycetales_Saccharomyces_cerevisiae_baker_s_yeast, Node1652*)",1136,1.637141537911306,0.6069936118962173,c3,branch_to_yeast
"(Eukaryota_Opisthokonta_Nucletmycea_Fungi_Dikarya_Ascomycota_Saccharomycotina_Saccharomycetes_Saccharomycetales_Saccharomyces_cerevisiae_baker_s_yeast, Node1652*)",1137,1.637141537911306,0.6069936118962173,c3,branch_to_yeast
"(Eukaryota_Opisthokonta_Nucletmycea_Fungi_Dikarya_Ascomycota_Saccharomycotina_Saccharomycetes_Saccharomycetales_Saccharomyces_cerevisiae_baker_s_yeast, Node1652*)",1138,0.9586343548511712,0.6069936118962173,c3,branch_to_yeast
"(Eukaryota_Opisthokonta_Nucletmycea_Fungi_Dikarya_Ascomycota_Saccharomycotina_Saccharomycetes_Saccharomycetales_Saccharomyces_cerevisiae_baker_s_yeast, Node1652*)",1139,0.5441475913936314,0.6046363655715266,c2,branch_to_yeast
"(Eukaryota_Opisthokonta_Nucletmycea_Fungi_Dikarya_Ascomycota_Saccharomycotina_Saccharomycetes_Saccharomycetales_Saccharomyces_cerevisiae_baker_s_yeast, Node1652*)",1140,1.6371415384930377,0.6046363655715266,c2,branch_to_yeast
"(Eukaryota_Opisthokonta_Nucletmycea_Fungi_Dikarya_Ascomycota_Saccharomycotina_Saccharomycetes_Saccharomycetales_Saccharomyces_cerevisiae_baker_s_yeast, Node1652*)",1141,-7.906731656819604e-18,0.6575751876162639,c1,branch_to_yeast
"(Eukaryota_Opisthokonta_Nucletmycea_Fungi_Dikarya_Ascomycota_Saccharomycotina_Saccharomycetes_Saccharomycetales_Saccharomyces_cerevisiae_baker_s_yeast, Node1652*)",1142,0.5441475913936314,0.6046363655715266,c2,branch_to_yeast
"(Eukaryota_Opisthokonta_Nucletmycea_Fungi_Dikarya_Ascomycota_Saccharomycotina_Saccharomycetes_Saccharomycetales_Saccharomyces_cerevisiae_baker_s_yeast, Node1652*)",1143,0.9586343552121765,0.6046363655715266,c2,branch_to_yeast
"(Eukaryota_Opisthokonta_Nucletmycea_Fungi_Dikarya_Ascomycota_Saccharomycotina_Saccharomycetes_Saccharomycetales_Saccharomyces_cerevisiae_baker_s_yeast, Node1652*)",1144,0.9586343548511712,0.6069936118962173,c3,branch_to_yeast
"(Eukaryota_Opisthokonta_Nucletmycea_Fungi_Dikarya_Ascomycota_Saccharomycotina_Saccharomycetes_Saccharomycetales_Saccharomyces_cerevisiae_baker_s_yeast, Node1652*)",1145,0.9586343552121765,0.6046363655715266,c2,branch_to_yeast
"(Eukaryota_Opisthokonta_Nucletmycea_Fungi_Dikarya_Ascomycota_Saccharomycotina_Saccharomycetes_Saccharomycetales_Saccharomyces_cerevisiae_baker_s_yeast, Node1652*)",1146,0.5441475913936314,0.6046363655715266,c2,branch_to_yeast
"(Eukaryota_Opisthokonta_Nucletmycea_Fungi_Dikarya_Ascomycota_Saccharomycotina_Saccharomycetes_Saccharomycetales_Saccharomyces_cerevisiae_baker_s_yeast, Node1652*)",1147,-6.983646230449424e-18,0.6046363655715266,c2,branch_to_yeast
"(Eukaryota_Opisthokonta_Nucletmycea_Fungi_Dikarya_Ascomycota_Saccharomycotina_Saccharomycetes_Saccharomycetales_Saccharomyces_cerevisiae_baker_s_yeast, Node1652*)",1148,1.637141537911306,0.6069936118962173,c3,branch_to_yeast
"(Eukaryota_Opisthokonta_Nucletmycea_Fungi_Dikarya_Ascomycota_Saccharomycotina_Saccharomycetes_Saccharomycetales_Saccharomyces_cerevisiae_baker_s_yeast, Node1652*)",1149,0.9586343548511712,0.6069936118962173,c3,branch_to_yeast
"(Eukaryota_Opisthokonta_Nucletmycea_Fungi_Dikarya_Ascomycota_Saccharomycotina_Saccharomycetes_Saccharomycetales_Saccharomyces_cerevisiae_baker_s_yeast, Node1652*)",1150,0.9586343552121765,0.6046363655715266,c2,branch_to_yeast
"(Eukaryota_Opisthokonta_Nucletmycea_Fungi_Dikarya_Ascomycota_Saccharomycotina_Saccharomycetes_Saccharomycetales_Saccharomyces_cerevisiae_baker_s_yeast, Node1652*)",1151,0.9586343513631712,0.3476609260040595,c4,branch_to_yeast
"(Eukaryota_Opisthokonta_Nucletmycea_Fungi_Dikarya_Ascomycota_Saccharomycotina_Saccharomycetes_Saccharomycetales_Saccharomyces_cerevisiae_baker_s_yeast, Node1652*)",1152,-9.704002591165376e-18,0.3476609260040595,c4,branch_to_yeast
"(Eukaryota_Opisthokonta_Nucletmycea_Fungi_Dikarya_Ascomycota_Saccharomycotina_Saccharomycetes_Saccharomycetales_Saccharomyces_cerevisiae_baker_s_yeast, Node1652*)",1153,0.9586343513631712,0.3476609260040595,c4,branch_to_yeast
"(Eukaryota_Opisthokonta_Nucletmycea_Fungi_Dikarya_Ascomycota_Saccharomycotina_Saccharomycetes_Saccharomycetales_Saccharomyces_cerevisiae_baker_s_yeast, Node1652*)",1154,0.9586343513449362,0.3476609260040595,c4,branch_to_yeast
"(Eukaryota_Opisthokonta_Nucletmycea_Fungi_Dikarya_Ascomycota_Saccharomycotina_Saccharomycetes_Saccharomycetales_Saccharomyces_cerevisiae_baker_s_yeast, Node1652*)",1155,-9.76280838551048e-18,0.3476609260040595,c4,branch_to_yeast
"(Eukaryota_Opisthokonta_Nucletmycea_Fungi_Dikarya_Ascomycota_Saccharomycotina_Saccharomycetes_Saccharomycetales_Saccharomyces_cerevisiae_baker_s_yeast, Node1652*)",1156,0.9586343548511712,0.6069936118962173,c3,branch_to_yeast
"(Eukaryota_Opisthokonta_Nucletmycea_Fungi_Dikarya_Ascomycota_Saccharomycotina_Saccharomycetes_Saccharomycetales_Saccharomyces_cerevisiae_baker_s_yeast, Node1652*)",1157,-1.0549527403072385e-17,0.6069936118962173,c3,branch_to_yeast
"(Eukaryota_Opisthokonta_Nucletmycea_Fungi_Dikarya_Ascomycota_Saccharomycotina_Saccharomycetes_Saccharomycetales_Saccharomyces_cerevisiae_baker_s_yeast, Node1652*)",1158,-6.0267006405909394e-18,0.6069936118962173,c3,branch_to_yeast
"(Eukaryota_Opisthokonta_Nucletmycea_Fungi_Dikarya_Ascomycota_Saccharomycotina_Saccharomycetes_Saccharomycetales_Saccharomyces_cerevisiae_baker_s_yeast, Node1652*)",1159,4.967966788716649e-18,0.6069936118962173,c3,branch_to_yeast
"(Eukaryota_Opisthokonta_Nucletmycea_Fungi_Dikarya_Ascomycota_Saccharomycotina_Saccharomycetes_Saccharomycetales_Saccharomyces_cerevisiae_baker_s_yeast, Node1652*)",1160,4.506577630013224e-18,0.6069936118962173,c3,branch_to_yeast
"(Eukaryota_Opisthokonta_Nucletmycea_Fungi_Dikarya_Ascomycota_Saccharomycotina_Saccharomycetes_Saccharomycetales_Saccharomyces_cerevisiae_baker_s_yeast, Node1652*)",1161,-1.0708006952496152e-17,0.6069936118962173,c3,branch_to_yeast
"(Eukaryota_Opisthokonta_Nucletmycea_Fungi_Dikarya_Ascomycota_Saccharomycotina_Saccharomycetes_Saccharomycetales_Saccharomyces_cerevisiae_baker_s_yeast, Node1652*)",1162,-9.061022877153578e-18,0.6069936118962173,c3,branch_to_yeast
"(Eukaryota_Opisthokonta_Nucletmycea_Fungi_Dikarya_Ascomycota_Saccharomycotina_Saccharomycetes_Saccharomycetales_Saccharomyces_cerevisiae_baker_s_yeast, Node1652*)",1163,-3.4953613849928324e-18,0.3476609260040595,c4,branch_to_yeast
"(Eukaryota_Opisthokonta_Nucletmycea_Fungi_Dikarya_Ascomycota_Saccharomycotina_Saccharomycetes_Saccharomycetales_Saccharomyces_cerevisiae_baker_s_yeast, Node1652*)",1164,0.5441475912541518,0.6069936118962173,c3,branch_to_yeast
"(Eukaryota_Opisthokonta_Nucletmycea_Fungi_Dikarya_Ascomycota_Saccharomycotina_Saccharomycetes_Saccharomycetales_Saccharomyces_cerevisiae_baker_s_yeast, Node1652*)",1165,0.5441477342401086,0.6069936118962173,c3,branch_to_yeast
"(Eukaryota_Opisthokonta_Nucletmycea_Fungi_Dikarya_Ascomycota_Saccharomycotina_Saccharomycetes_Saccharomycetales_Saccharomyces_cerevisiae_baker_s_yeast, Node1652*)",1166,-1.02568329299838e-17,0.6069936118962173,c3,branch_to_yeast
"(Eukaryota_Opisthokonta_Nucletmycea_Fungi_Dikarya_Ascomycota_Saccharomycotina_Saccharomycetes_Saccharomycetales_Saccharomyces_cerevisiae_baker_s_yeast, Node1652*)",1167,-5.911813217290825e-18,0.6069936118962173,c3,branch_to_yeast
"(Eukaryota_Opisthokonta_Nucletmycea_Fungi_Dikarya_Ascomycota_Saccharomycotina_Saccharomycetes_Saccharomycetales_Saccharomyces_cerevisiae_baker_s_yeast, Node1652*)",1168,0.9586343548511712,0.6069936118962173,c3,branch_to_yeast
"(Eukaryota_Opisthokonta_Nucletmycea_Fungi_Dikarya_Ascomycota_Saccharomycotina_Saccharomycetes_Saccharomycetales_Saccharomyces_cerevisiae_baker_s_yeast, Node1652*)",1169,0.5441475912541518,0.6069936118962173,c3,branch_to_yeast
"(Eukaryota_Opisthokonta_Nucletmycea_Fungi_Dikarya_Ascomycota_Saccharomycotina_Saccharomycetes_Saccharomycetales_Saccharomyces_cerevisiae_baker_s_yeast, Node1652*)",1170,1.637141537911306,0.6069936118962173,c3,branch_to_yeast
"(Eukaryota_Opisthokonta_Nucletmycea_Fungi_Dikarya_Ascomycota_Saccharomycotina_Saccharomycetes_Saccharomycetales_Saccharomyces_cerevisiae_baker_s_yeast, Node1652*)",1171,1.6371415320929843,0.3476609260040595,c4,branch_to_yeast
"(Eukaryota_Opisthokonta_Nucletmycea_Fungi_Dikarya_Ascomycota_Saccharomycotina_Saccharomycetes_Saccharomycetales_Saccharomyces_cerevisiae_baker_s_yeast, Node1652*)",1172,1.637141532282841,0.3476609260040595,c4,branch_to_yeast
"(Eukaryota_Opisthokonta_Nucletmycea_Fungi_Dikarya_Ascomycota_Saccharomycotina_Saccharomycetes_Saccharomycetales_Saccharomyces_cerevisiae_baker_s_yeast, Node1652*)",1173,0.5441475899074035,0.3476609260040595,c4,branch_to_yeast
"(Eukaryota_Opisthokonta_Nucletmycea_Fungi_Dikarya_Ascomycota_Saccharomycotina_Saccharomycetes_Saccharomycetales_Saccharomyces_cerevisiae_baker_s_yeast, Node1652*)",1174,1.637141532282841,0.3476609260040595,c4,branch_to_yeast
"(Eukaryota_Opisthokonta_Nucletmycea_Fungi_Dikarya_Ascomycota_Saccharomycotina_Saccharomycetes_Saccharomycetales_Saccharomyces_cerevisiae_baker_s_yeast, Node1652*)",1175,-9.403903269509672e-18,0.6069936118962173,c3,branch_to_yeast
"(Eukaryota_Opisthokonta_Nucletmycea_Fungi_Dikarya_Ascomycota_Saccharomycotina_Saccharomycetes_Saccharomycetales_Saccharomyces_cerevisiae_baker_s_yeast, Node1652*)",1176,1.637141537911306,0.6069936118962173,c3,branch_to_yeast
"(Eukaryota_Opisthokonta_Nucletmycea_Fungi_Dikarya_Ascomycota_Saccharomycotina_Saccharomycetes_Saccharomycetales_Saccharomyces_cerevisiae_baker_s_yeast, Node1652*)",1177,0.9586343548511712,0.6069936118962173,c3,branch_to_yeast
"(Eukaryota_Opisthokonta_Nucletmycea_Fungi_Dikarya_Ascomycota_Saccharomycotina_Saccharomycetes_Saccharomycetales_Saccharomyces_cerevisiae_baker_s_yeast, Node1652*)",1178,0.9586343552121765,0.6046363655715266,c2,branch_to_yeast
"(Eukaryota_Opisthokonta_Nucletmycea_Fungi_Dikarya_Ascomycota_Saccharomycotina_Saccharomycetes_Saccharomycetales_Saccharomyces_cerevisiae_baker_s_yeast, Node1652*)",1179,1.6371415384930377,0.6046363655715266,c2,branch_to_yeast
"(Eukaryota_Opisthokonta_Nucletmycea_Fungi_Dikarya_Ascomycota_Saccharomycotina_Saccharomycetes_Saccharomycetales_Saccharomyces_cerevisiae_baker_s_yeast, Node1652*)",1180,0.5441475913936314,0.6046363655715266,c2,branch_to_yeast
"(Eukaryota_Opisthokonta_Nucletmycea_Fungi_Dikarya_Ascomycota_Saccharomycotina_Saccharomycetes_Saccharomycetales_Saccharomyces_cerevisiae_baker_s_yeast, Node1652*)",1181,1.637141537911306,0.6069936118962173,c3,branch_to_yeast
"(Eukaryota_Opisthokonta_Nucletmycea_Fungi_Dikarya_Ascomycota_Saccharomycotina_Saccharomycetes_Saccharomycetales_Saccharomyces_cerevisiae_baker_s_yeast, Node1652*)",1182,1.6371415384930377,0.6046363655715266,c2,branch_to_yeast
"(Eukaryota_Opisthokonta_Nucletmycea_Fungi_Dikarya_Ascomycota_Saccharomycotina_Saccharomycetes_Saccharomycetales_Saccharomyces_cerevisiae_baker_s_yeast, Node1652*)",1183,-9.758991053278186e-18,0.6046363655715266,c2,branch_to_yeast
"(Eukaryota_Opisthokonta_Nucletmycea_Fungi_Dikarya_Ascomycota_Saccharomycotina_Saccharomycetes_Saccharomycetales_Saccharomyces_cerevisiae_baker_s_yeast, Node1652*)",1184,-8.150115783048016e-18,0.3476609260040595,c4,branch_to_yeast
"(Eukaryota_Opisthokonta_Nucletmycea_Fungi_Dikarya_Ascomycota_Saccharomycotina_Saccharomycetes_Saccharomycetales_Saccharomyces_cerevisiae_baker_s_yeast, Node1652*)",1185,0.5441475913936314,0.6046363655715266,c2,branch_to_yeast
"(Eukaryota_Opisthokonta_Nucletmycea_Fungi_Dikarya_Ascomycota_Saccharomycotina_Saccharomycetes_Saccharomycetales_Saccharomyces_cerevisiae_baker_s_yeast, Node1652*)",1186,1.637141537911306,0.6069936118962173,c3,branch_to_yeast
"(Eukaryota_Opisthokonta_Nucletmycea_Fungi_Dikarya_Ascomycota_Saccharomycotina_Saccharomycetes_Saccharomycetales_Saccharomyces_cerevisiae_baker_s_yeast, Node1652*)",1187,0.9586343552652508,0.6575751876162639,c1,branch_to_yeast
"(Eukaryota_Opisthokonta_Nucletmycea_Fungi_Dikarya_Ascomycota_Saccharomycotina_Saccharomycetes_Saccharomycetales_Saccharomyces_cerevisiae_baker_s_yeast, Node1652*)",1188,0.5441475912541518,0.6069936118962173,c3,branch_to_yeast
"(Eukaryota_Opisthokonta_Nucletmycea_Fungi_Dikarya_Ascomycota_Saccharomycotina_Saccharomycetes_Saccharomycetales_Saccharomyces_cerevisiae_baker_s_yeast, Node1652*)",1189,0.9586343552121765,0.6046363655715266,c2,branch_to_yeast
"(Eukaryota_Opisthokonta_Nucletmycea_Fungi_Dikarya_Ascomycota_Saccharomycotina_Saccharomycetes_Saccharomycetales_Saccharomyces_cerevisiae_baker_s_yeast, Node1652*)",1190,0.5441475914141404,0.6575751876162639,c1,branch_to_yeast
"(Eukaryota_Opisthokonta_Nucletmycea_Fungi_Dikarya_Ascomycota_Saccharomycotina_Saccharomycetes_Saccharomycetales_Saccharomyces_cerevisiae_baker_s_yeast, Node1652*)",1191,0.5441475914141404,0.6575751876162639,c1,branch_to_yeast
"(Eukaryota_Opisthokonta_Nucletmycea_Fungi_Dikarya_Ascomycota_Saccharomycotina_Saccharomycetes_Saccharomycetales_Saccharomyces_cerevisiae_baker_s_yeast, Node1652*)",1192,0.5441475914141404,0.6575751876162639,c1,branch_to_yeast
"(Eukaryota_Opisthokonta_Nucletmycea_Fungi_Dikarya_Ascomycota_Saccharomycotina_Saccharomycetes_Saccharomycetales_Saccharomyces_cerevisiae_baker_s_yeast, Node1652*)",1193,-6.39792714196589e-18,0.6046363655715266,c2,branch_to_yeast
"(Eukaryota_Opisthokonta_Nucletmycea_Fungi_Dikarya_Ascomycota_Saccharomycotina_Saccharomycetes_Saccharomycetales_Saccharomyces_cerevisiae_baker_s_yeast, Node1652*)",1194,1.6371415385785282,0.6575751876162639,c1,branch_to_yeast
"(Eukaryota_Opisthokonta_Nucletmycea_Fungi_Dikarya_Ascomycota_Saccharomycotina_Saccharomycetes_Saccharomycetales_Saccharomyces_cerevisiae_baker_s_yeast, Node1652*)",1195,9.443562443646494e-19,0.6069936118962173,c3,branch_to_yeast
"(Eukaryota_Opisthokonta_Nucletmycea_Fungi_Dikarya_Ascomycota_Saccharomycotina_Saccharomycetes_Saccharomycetales_Saccharomyces_cerevisiae_baker_s_yeast, Node1652*)",1196,-2.038008118702148e-18,0.6069936118962173,c3,branch_to_yeast
"(Eukaryota_Opisthokonta_Nucletmycea_Fungi_Dikarya_Ascomycota_Saccharomycotina_Saccharomycetes_Saccharomycetales_Saccharomyces_cerevisiae_baker_s_yeast, Node1652*)",1197,0.5441475914141404,0.6575751876162639,c1,branch_to_yeast
"(Eukaryota_Opisthokonta_Nucletmycea_Fungi_Dikarya_Ascomycota_Saccharomycotina_Saccharomycetes_Saccharomycetales_Saccharomyces_cerevisiae_baker_s_yeast, Node1652*)",1198,0.5441475914141404,0.6575751876162639,c1,branch_to_yeast
"(Eukaryota_Opisthokonta_Nucletmycea_Fungi_Dikarya_Ascomycota_Saccharomycotina_Saccharomycetes_Saccharomycetales_Saccharomyces_cerevisiae_baker_s_yeast, Node1652*)",1199,0.5441475914141404,0.6575751876162639,c1,branch_to_yeast
"(Eukaryota_Opisthokonta_Nucletmycea_Fungi_Dikarya_Ascomycota_Saccharomycotina_Saccharomycetes_Saccharomycetales_Saccharomyces_cerevisiae_baker_s_yeast, Node1652*)",1200,0.9586343552121765,0.6046363655715266,c2,branch_to_yeast
"(Eukaryota_Opisthokonta_Nucletmycea_Fungi_Dikarya_Ascomycota_Saccharomycotina_Saccharomycetes_Saccharomycetales_Saccharomyces_cerevisiae_baker_s_yeast, Node1652*)",1201,-9.56595493793628e-18,0.6046363655715266,c2,branch_to_yeast
"(Eukaryota_Opisthokonta_Nucletmycea_Fungi_Dikarya_Ascomycota_Saccharomycotina_Saccharomycetes_Saccharomycetales_Saccharomyces_cerevisiae_baker_s_yeast, Node1652*)",1202,1.6371415259228566,0.3476609260040595,c4,branch_to_yeast
"(Eukaryota_Opisthokonta_Nucletmycea_Fungi_Dikarya_Ascomycota_Saccharomycotina_Saccharomycetes_Saccharomycetales_Saccharomyces_cerevisiae_baker_s_yeast, Node1652*)",1203,-7.315751585421647e-18,0.6069936118962173,c3,branch_to_yeast
"(Eukaryota_Opisthokonta_Nucletmycea_Fungi_Dikarya_Ascomycota_Saccharomycotina_Saccharomycetes_Saccharomycetales_Saccharomyces_cerevisiae_baker_s_yeast, Node1652*)",1204,-1.0581775712304564e-17,0.6046363655715266,c2,branch_to_yeast
"(Eukaryota_Opisthokonta_Nucletmycea_Fungi_Dikarya_Ascomycota_Saccharomycotina_Saccharomycetes_Saccharomycetales_Saccharomyces_cerevisiae_baker_s_yeast, Node1652*)",1205,-1.0640201582113339e-17,0.6046363655715266,c2,branch_to_yeast
"(Eukaryota_Opisthokonta_Nucletmycea_Fungi_Dikarya_Ascomycota_Saccharomycotina_Saccharomycetes_Saccharomycetales_Saccharomyces_cerevisiae_baker_s_yeast, Node1652*)",1206,0.9586343552121765,0.6046363655715266,c2,branch_to_yeast
"(Eukaryota_Opisthokonta_Nucletmycea_Fungi_Dikarya_Ascomycota_Saccharomycotina_Saccharomycetes_Saccharomycetales_Saccharomyces_cerevisiae_baker_s_yeast, Node1652*)",1207,0.9586343548511712,0.6069936118962173,c3,branch_to_yeast
"(Eukaryota_Opisthokonta_Nucletmycea_Fungi_Dikarya_Ascomycota_Saccharomycotina_Saccharomycetes_Saccharomycetales_Saccharomyces_cerevisiae_baker_s_yeast, Node1652*)",1208,0.9586343548511712,0.6069936118962173,c3,branch_to_yeast
"(Eukaryota_Opisthokonta_Nucletmycea_Fungi_Dikarya_Ascomycota_Saccharomycotina_Saccharomycetes_Saccharomycetales_Saccharomyces_cerevisiae_baker_s_yeast, Node1652*)",1209,-1.0826122698901836e-17,0.6575751876162639,c1,branch_to_yeast
"(Eukaryota_Opisthokonta_Nucletmycea_Fungi_Dikarya_Ascomycota_Saccharomycotina_Saccharomycetes_Saccharomycetales_Saccharomyces_cerevisiae_baker_s_yeast, Node1652*)",1210,-9.494932185198896e-18,0.6575751876162639,c1,branch_to_yeast
"(Eukaryota_Opisthokonta_Nucletmycea_Fungi_Dikarya_Ascomycota_Saccharomycotina_Saccharomycetes_Saccharomycetales_Saccharomyces_cerevisiae_baker_s_yeast, Node1652*)",1211,1.6371415384930377,0.6046363655715266,c2,branch_to_yeast
"(Eukaryota_Opisthokonta_Nucletmycea_Fungi_Dikarya_Ascomycota_Saccharomycotina_Saccharomycetes_Saccharomycetales_Saccharomyces_cerevisiae_baker_s_yeast, Node1652*)",1212,-1.0831985816294782e-17,0.6575751876162639,c1,branch_to_yeast
"(Eukaryota_Opisthokonta_Nucletmycea_Fungi_Dikarya_Ascomycota_Saccharomycotina_Saccharomycetes_Saccharomycetales_Saccharomyces_cerevisiae_baker_s_yeast, Node1652*)",1213,0.9586343552652508,0.6575751876162639,c1,branch_to_yeast
"(Eukaryota_Opisthokonta_Nucletmycea_Fungi_Dikarya_Ascomycota_Saccharomycotina_Saccharomycetes_Saccharomycetales_Saccharomyces_cerevisiae_baker_s_yeast, Node1652*)",1214,0.9586343552652508,0.6575751876162639,c1,branch_to_yeast
"(Eukaryota_Opisthokonta_Nucletmycea_Fungi_Dikarya_Ascomycota_Saccharomycotina_Saccharomycetes_Saccharomycetales_Saccharomyces_cerevisiae_baker_s_yeast, Node1652*)",1215,0.9586343552652508,0.6575751876162639,c1,branch_to_yeast
"(Eukaryota_Opisthokonta_Nucletmycea_Fungi_Dikarya_Ascomycota_Saccharomycotina_Saccharomycetes_Saccharomycetales_Saccharomyces_cerevisiae_baker_s_yeast, Node1652*)",1216,0.9586343552652508,0.6575751876162639,c1,branch_to_yeast
"(Eukaryota_Opisthokonta_Nucletmycea_Fungi_Dikarya_Ascomycota_Saccharomycotina_Saccharomycetes_Saccharomycetales_Saccharomyces_cerevisiae_baker_s_yeast, Node1652*)",1217,0.9586343552652508,0.6575751876162639,c1,branch_to_yeast
"(Eukaryota_Opisthokonta_Nucletmycea_Fungi_Dikarya_Ascomycota_Saccharomycotina_Saccharomycetes_Saccharomycetales_Saccharomyces_cerevisiae_baker_s_yeast, Node1652*)",1218,0.9586343552121765,0.6046363655715266,c2,branch_to_yeast
"(Eukaryota_Opisthokonta_Nucletmycea_Fungi_Dikarya_Ascomycota_Saccharomycotina_Saccharomycetes_Saccharomycetales_Saccharomyces_cerevisiae_baker_s_yeast, Node1652*)",1219,0.5441475914141404,0.6575751876162639,c1,branch_to_yeast
"(Eukaryota_Opisthokonta_Nucletmycea_Fungi_Dikarya_Ascomycota_Saccharomycotina_Saccharomycetes_Saccharomycetales_Saccharomyces_cerevisiae_baker_s_yeast, Node1652*)",1220,0.9586343552121765,0.6046363655715266,c2,branch_to_yeast
"(Eukaryota_Opisthokonta_Nucletmycea_Fungi_Dikarya_Ascomycota_Saccharomycotina_Saccharomycetes_Saccharomycetales_Saccharomyces_cerevisiae_baker_s_yeast, Node1652*)",1221,6.016839746115468e-18,0.6575751876162639,c1,branch_to_yeast
"(Eukaryota_Opisthokonta_Nucletmycea_Fungi_Dikarya_Ascomycota_Saccharomycotina_Saccharomycetes_Saccharomycetales_Saccharomyces_cerevisiae_baker_s_yeast, Node1652*)",1222,0.5441475914141404,0.6575751876162639,c1,branch_to_yeast
"(Eukaryota_Opisthokonta_Nucletmycea_Fungi_Dikarya_Ascomycota_Saccharomycotina_Saccharomycetes_Saccharomycetales_Saccharomyces_cerevisiae_baker_s_yeast, Node1652*)",1223,-1.0629579591844654e-17,0.6575751876162639,c1,branch_to_yeast
"(Eukaryota_Opisthokonta_Nucletmycea_Fungi_Dikarya_Ascomycota_Saccharomycotina_Saccharomycetes_Saccharomycetales_Saccharomyces_cerevisiae_baker_s_yeast, Node1652*)",1224,0.9586343552652508,0.6575751876162639,c1,branch_to_yeast
"(Eukaryota_Opisthokonta_Nucletmycea_Fungi_Dikarya_Ascomycota_Saccharomycotina_Saccharomycetes_Saccharomycetales_Saccharomyces_cerevisiae_baker_s_yeast, Node1652*)",1225,0.9586343548511712,0.6069936118962173,c3,branch_to_yeast
"(Eukaryota_Opisthokonta_Nucletmycea_Fungi_Dikarya_Ascomycota_Saccharomycotina_Saccharomycetes_Saccharomycetales_Saccharomyces_cerevisiae_baker_s_yeast, Node1652*)",1226,2.81386140407525e-18,0.6069936118962173,c3,branch_to_yeast
"(Eukaryota_Opisthokonta_Nucletmycea_Fungi_Dikarya_Ascomycota_Saccharomycotina_Saccharomycetes_Saccharomycetales_Saccharomyces_cerevisiae_baker_s_yeast, Node1652*)",1227,1.6371415385785282,0.6575751876162639,c1,branch_to_yeast
"(Eukaryota_Opisthokonta_Nucletmycea_Fungi_Dikarya_Ascomycota_Saccharomycotina_Saccharomycetes_Saccharomycetales_Saccharomyces_cerevisiae_baker_s_yeast, Node1652*)",1228,0.9586343552652508,0.6575751876162639,c1,branch_to_yeast
"(Eukaryota_Opisthokonta_Nucletmycea_Fungi_Dikarya_Ascomycota_Saccharomycotina_Saccharomycetes_Saccharomycetales_Saccharomyces_cerevisiae_baker_s_yeast, Node1652*)",1229,1.6371415385785282,0.6575751876162639,c1,branch_to_yeast
"(Eukaryota_Opisthokonta_Nucletmycea_Fungi_Dikarya_Ascomycota_Saccharomycotina_Saccharomycetes_Saccharomycetales_Saccharomyces_cerevisiae_baker_s_yeast, Node1652*)",1230,0.5441475914141404,0.6575751876162639,c1,branch_to_yeast
"(Eukaryota_Opisthokonta_Nucletmycea_Fungi_Dikarya_Ascomycota_Saccharomycotina_Saccharomycetes_Saccharomycetales_Saccharomyces_cerevisiae_baker_s_yeast, Node1652*)",1231,0.5441475914141404,0.6575751876162639,c1,branch_to_yeast
"(Eukaryota_Opisthokonta_Nucletmycea_Fungi_Dikarya_Ascomycota_Saccharomycotina_Saccharomycetes_Saccharomycetales_Saccharomyces_cerevisiae_baker_s_yeast, Node1652*)",1232,0.9586343552652508,0.6575751876162639,c1,branch_to_yeast
"(Eukaryota_Opisthokonta_Nucletmycea_Fungi_Dikarya_Ascomycota_Saccharomycotina_Saccharomycetes_Saccharomycetales_Saccharomyces_cerevisiae_baker_s_yeast, Node1652*)",1233,0.9586343548511712,0.6069936118962173,c3,branch_to_yeast
"(Eukaryota_Opisthokonta_Nucletmycea_Fungi_Dikarya_Ascomycota_Saccharomycotina_Saccharomycetes_Saccharomycetales_Saccharomyces_cerevisiae_baker_s_yeast, Node1652*)",1234,1.637141537911306,0.6069936118962173,c3,branch_to_yeast
"(Eukaryota_Opisthokonta_Nucletmycea_Fungi_Dikarya_Ascomycota_Saccharomycotina_Saccharomycetes_Saccharomycetales_Saccharomyces_cerevisiae_baker_s_yeast, Node1652*)",1235,6.063361067727039e-18,0.6575751876162639,c1,branch_to_yeast
"(Eukaryota_Opisthokonta_Nucletmycea_Fungi_Dikarya_Ascomycota_Saccharomycotina_Saccharomycetes_Saccharomycetales_Saccharomyces_cerevisiae_baker_s_yeast, Node1652*)",1236,0.9586343552121765,0.6046363655715266,c2,branch_to_yeast
"(Eukaryota_Opisthokonta_Nucletmycea_Fungi_Dikarya_Ascomycota_Saccharomycotina_Saccharomycetes_Saccharomycetales_Saccharomyces_cerevisiae_baker_s_yeast, Node1652*)",1237,0.5441475914141404,0.6575751876162639,c1,branch_to_yeast
"(Eukaryota_Opisthokonta_Nucletmycea_Fungi_Dikarya_Ascomycota_Saccharomycotina_Saccharomycetes_Saccharomycetales_Saccharomyces_cerevisiae_baker_s_yeast, Node1652*)",1238,0.5441475914141404,0.6575751876162639,c1,branch_to_yeast
"(Eukaryota_Opisthokonta_Nucletmycea_Fungi_Dikarya_Ascomycota_Saccharomycotina_Saccharomycetes_Saccharomycetales_Saccharomyces_cerevisiae_baker_s_yeast, Node1652*)",1239,0.5441475914141404,0.6575751876162639,c1,branch_to_yeast
"(Eukaryota_Opisthokonta_Nucletmycea_Fungi_Dikarya_Ascomycota_Saccharomycotina_Saccharomycetes_Saccharomycetales_Saccharomyces_cerevisiae_baker_s_yeast, Node1652*)",1240,1.6371415385785282,0.6575751876162639,c1,branch_to_yeast
"(Eukaryota_Opisthokonta_Nucletmycea_Fungi_Dikarya_Ascomycota_Saccharomycotina_Saccharomycetes_Saccharomycetales_Saccharomyces_cerevisiae_baker_s_yeast, Node1652*)",1241,2.0949122422847856e-18,0.6575751876162639,c1,branch_to_yeast
"(Eukaryota_Opisthokonta_Nucletmycea_Fungi_Dikarya_Ascomycota_Saccharomycotina_Saccharomycetes_Saccharomycetales_Saccharomyces_cerevisiae_baker_s_yeast, Node1652*)",1242,-1.0819100081504766e-17,0.6575751876162639,c1,branch_to_yeast
"(Eukaryota_Opisthokonta_Nucletmycea_Fungi_Dikarya_Ascomycota_Saccharomycotina_Saccharomycetes_Saccharomycetales_Saccharomyces_cerevisiae_baker_s_yeast, Node1652*)",1243,0.5441475914141404,0.6575751876162639,c1,branch_to_yeast
"(Eukaryota_Opisthokonta_Nucletmycea_Fungi_Dikarya_Ascomycota_Saccharomycotina_Saccharomycetes_Saccharomycetales_Saccharomyces_cerevisiae_baker_s_yeast, Node1652*)",1244,0.5441475914141404,0.6575751876162639,c1,branch_to_yeast
"(Eukaryota_Opisthokonta_Nucletmycea_Fungi_Dikarya_Ascomycota_Saccharomycotina_Saccharomycetes_Saccharomycetales_Saccharomyces_cerevisiae_baker_s_yeast, Node1652*)",1245,0.5441475914141404,0.6575751876162639,c1,branch_to_yeast
"(Eukaryota_Opisthokonta_Nucletmycea_Fungi_Dikarya_Ascomycota_Saccharomycotina_Saccharomycetes_Saccharomycetales_Saccharomyces_cerevisiae_baker_s_yeast, Node1652*)",1246,0.9586343552652508,0.6575751876162639,c1,branch_to_yeast
"(Eukaryota_Opisthokonta_Nucletmycea_Fungi_Dikarya_Ascomycota_Saccharomycotina_Saccharomycetes_Saccharomycetales_Saccharomyces_cerevisiae_baker_s_yeast, Node1652*)",1247,0.9586343552121765,0.6046363655715266,c2,branch_to_yeast
"(Eukaryota_Opisthokonta_Nucletmycea_Fungi_Dikarya_Ascomycota_Saccharomycotina_Saccharomycetes_Saccharomycetales_Saccharomyces_cerevisiae_baker_s_yeast, Node1652*)",1248,0.5441475914141404,0.6575751876162639,c1,branch_to_yeast
"(Eukaryota_Opisthokonta_Nucletmycea_Fungi_Dikarya_Ascomycota_Saccharomycotina_Saccharomycetes_Saccharomycetales_Saccharomyces_cerevisiae_baker_s_yeast, Node1652*)",1249,0.5441475914141404,0.6575751876162639,c1,branch_to_yeast
"(Eukaryota_Opisthokonta_Nucletmycea_Fungi_Dikarya_Ascomycota_Saccharomycotina_Saccharomycetes_Saccharomycetales_Saccharomyces_cerevisiae_baker_s_yeast, Node1652*)",1250,6.81775359367891e-18,0.6575751876162639,c1,branch_to_yeast
"(Eukaryota_Opisthokonta_Nucletmycea_Fungi_Dikarya_Ascomycota_Saccharomycotina_Saccharomycetes_Saccharomycetales_Saccharomyces_cerevisiae_baker_s_yeast, Node1652*)",1251,5.4738528418704854e-18,0.6575751876162639,c1,branch_to_yeast
"(Eukaryota_Opisthokonta_Nucletmycea_Fungi_Dikarya_Ascomycota_Saccharomycotina_Saccharomycetes_Saccharomycetales_Saccharomyces_cerevisiae_baker_s_yeast, Node1652*)",1252,0.9586343552652508,0.6575751876162639,c1,branch_to_yeast
"(Eukaryota_Opisthokonta_Nucletmycea_Fungi_Dikarya_Ascomycota_Saccharomycotina_Saccharomycetes_Saccharomycetales_Saccharomyces_cerevisiae_baker_s_yeast, Node1652*)",1253,0.5441475914141404,0.6575751876162639,c1,branch_to_yeast
"(Eukaryota_Opisthokonta_Nucletmycea_Fungi_Dikarya_Ascomycota_Saccharomycotina_Saccharomycetes_Saccharomycetales_Saccharomyces_cerevisiae_baker_s_yeast, Node1652*)",1254,1.6371415385785282,0.6575751876162639,c1,branch_to_yeast
"(Eukaryota_Opisthokonta_Nucletmycea_Fungi_Dikarya_Ascomycota_Saccharomycotina_Saccharomycetes_Saccharomycetales_Saccharomyces_cerevisiae_baker_s_yeast, Node1652*)",1255,0.9586343552652508,0.6575751876162639,c1,branch_to_yeast
"(Eukaryota_Opisthokonta_Nucletmycea_Fungi_Dikarya_Ascomycota_Saccharomycotina_Saccharomycetes_Saccharomycetales_Saccharomyces_cerevisiae_baker_s_yeast, Node1652*)",1256,0.9586343552652508,0.6575751876162639,c1,branch_to_yeast
"(Eukaryota_Opisthokonta_Nucletmycea_Fungi_Dikarya_Ascomycota_Saccharomycotina_Saccharomycetes_Saccharomycetales_Saccharomyces_cerevisiae_baker_s_yeast, Node1652*)",1257,0.5441475914141404,0.6575751876162639,c1,branch_to_yeast
"(Eukaryota_Opisthokonta_Nucletmycea_Fungi_Dikarya_Ascomycota_Saccharomycotina_Saccharomycetes_Saccharomycetales_Saccharomyces_cerevisiae_baker_s_yeast, Node1652*)",1258,0.5441475914141404,0.6575751876162639,c1,branch_to_yeast
"(Eukaryota_Opisthokonta_Nucletmycea_Fungi_Dikarya_Ascomycota_Saccharomycotina_Saccharomycetes_Saccharomycetales_Saccharomyces_cerevisiae_baker_s_yeast, Node1652*)",1259,0.9586343552121765,0.6046363655715266,c2,branch_to_yeast
"(Eukaryota_Opisthokonta_Nucletmycea_Fungi_Dikarya_Ascomycota_Saccharomycotina_Saccharomycetes_Saccharomycetales_Saccharomyces_cerevisiae_baker_s_yeast, Node1652*)",1260,0.9586343552121765,0.6046363655715266,c2,branch_to_yeast
"(Eukaryota_Opisthokonta_Nucletmycea_Fungi_Dikarya_Ascomycota_Saccharomycotina_Saccharomycetes_Saccharomycetales_Saccharomyces_cerevisiae_baker_s_yeast, Node1652*)",1261,0.9586343552652508,0.6575751876162639,c1,branch_to_yeast
"(Eukaryota_Opisthokonta_Nucletmycea_Fungi_Dikarya_Ascomycota_Saccharomycotina_Saccharomycetes_Saccharomycetales_Saccharomyces_cerevisiae_baker_s_yeast, Node1652*)",1262,1.6371415385785282,0.6575751876162639,c1,branch_to_yeast
"(Eukaryota_Opisthokonta_Nucletmycea_Fungi_Dikarya_Ascomycota_Saccharomycotina_Saccharomycetes_Saccharomycetales_Saccharomyces_cerevisiae_baker_s_yeast, Node1652*)",1263,0.5441475914141404,0.6575751876162639,c1,branch_to_yeast
"(Eukaryota_Opisthokonta_Nucletmycea_Fungi_Dikarya_Ascomycota_Saccharomycotina_Saccharomycetes_Saccharomycetales_Saccharomyces_cerevisiae_baker_s_yeast, Node1652*)",1264,1.6371415385785282,0.6575751876162639,c1,branch_to_yeast
"(Eukaryota_Opisthokonta_Nucletmycea_Fungi_Dikarya_Ascomycota_Saccharomycotina_Saccharomycetes_Saccharomycetales_Saccharomyces_cerevisiae_baker_s_yeast, Node1652*)",1265,1.6371415385785282,0.6575751876162639,c1,branch_to_yeast
"(Eukaryota_Opisthokonta_Nucletmycea_Fungi_Dikarya_Ascomycota_Saccharomycotina_Saccharomycetes_Saccharomycetales_Saccharomyces_cerevisiae_baker_s_yeast, Node1652*)",1266,-1.1559620419122349e-18,0.6069936118962173,c3,branch_to_yeast
"(Eukaryota_Opisthokonta_Nucletmycea_Fungi_Dikarya_Ascomycota_Saccharomycotina_Saccharomycetes_Saccharomycetales_Saccharomyces_cerevisiae_baker_s_yeast, Node1652*)",1267,0.5441475914141404,0.6575751876162639,c1,branch_to_yeast
"(Eukaryota_Opisthokonta_Nucletmycea_Fungi_Dikarya_Ascomycota_Saccharomycotina_Saccharomycetes_Saccharomycetales_Saccharomyces_cerevisiae_baker_s_yeast, Node1652*)",1268,1.6371415385785282,0.6575751876162639,c1,branch_to_yeast
"(Eukaryota_Opisthokonta_Nucletmycea_Fungi_Dikarya_Ascomycota_Saccharomycotina_Saccharomycetes_Saccharomycetales_Saccharomyces_cerevisiae_baker_s_yeast, Node1652*)",1269,1.6371415385785282,0.6575751876162639,c1,branch_to_yeast
"(Eukaryota_Opisthokonta_Nucletmycea_Fungi_Dikarya_Ascomycota_Saccharomycotina_Saccharomycetes_Saccharomycetales_Saccharomyces_cerevisiae_baker_s_yeast, Node1652*)",1270,0.5441475914141404,0.6575751876162639,c1,branch_to_yeast
"(Eukaryota_Opisthokonta_Nucletmycea_Fungi_Dikarya_Ascomycota_Saccharomycotina_Saccharomycetes_Saccharomycetales_Saccharomyces_cerevisiae_baker_s_yeast, Node1652*)",1271,0.9586343552652508,0.6575751876162639,c1,branch_to_yeast
"(Eukaryota_Opisthokonta_Nucletmycea_Fungi_Dikarya_Ascomycota_Saccharomycotina_Saccharomycetes_Saccharomycetales_Saccharomyces_cerevisiae_baker_s_yeast, Node1652*)",1272,0.9586343552652508,0.6575751876162639,c1,branch_to_yeast
"(Eukaryota_Opisthokonta_Nucletmycea_Fungi_Dikarya_Ascomycota_Saccharomycotina_Saccharomycetes_Saccharomycetales_Saccharomyces_cerevisiae_baker_s_yeast, Node1652*)",1273,0.5441475913936314,0.6046363655715266,c2,branch_to_yeast
"(Eukaryota_Opisthokonta_Nucletmycea_Fungi_Dikarya_Ascomycota_Saccharomycotina_Saccharomycetes_Saccharomycetales_Saccharomyces_cerevisiae_baker_s_yeast, Node1652*)",1274,0.9586343552652508,0.6575751876162639,c1,branch_to_yeast
"(Eukaryota_Opisthokonta_Nucletmycea_Fungi_Dikarya_Ascomycota_Saccharomycotina_Saccharomycetes_Saccharomycetales_Saccharomyces_cerevisiae_baker_s_yeast, Node1652*)",1275,-1.0488366178407889e-17,0.6575751876162639,c1,branch_to_yeast
"(Eukaryota_Opisthokonta_Nucletmycea_Fungi_Dikarya_Ascomycota_Saccharomycotina_Saccharomycetes_Saccharomycetales_Saccharomyces_cerevisiae_baker_s_yeast, Node1652*)",1276,0.9586343552652508,0.6575751876162639,c1,branch_to_yeast
"(Eukaryota_Opisthokonta_Nucletmycea_Fungi_Dikarya_Ascomycota_Saccharomycotina_Saccharomycetes_Saccharomycetales_Saccharomyces_cerevisiae_baker_s_yeast, Node1652*)",1277,0.9586343552652508,0.6575751876162639,c1,branch_to_yeast
"(Eukaryota_Opisthokonta_Nucletmycea_Fungi_Dikarya_Ascomycota_Saccharomycotina_Saccharomycetes_Saccharomycetales_Saccharomyces_cerevisiae_baker_s_yeast, Node1652*)",1278,0.5441475914141404,0.6575751876162639,c1,branch_to_yeast
"(Eukaryota_Opisthokonta_Nucletmycea_Fungi_Dikarya_Ascomycota_Saccharomycotina_Saccharomycetes_Saccharomycetales_Saccharomyces_cerevisiae_baker_s_yeast, Node1652*)",1279,0.9586343552121765,0.6046363655715266,c2,branch_to_yeast
"(Eukaryota_Opisthokonta_Nucletmycea_Fungi_Dikarya_Ascomycota_Saccharomycotina_Saccharomycetes_Saccharomycetales_Saccharomyces_cerevisiae_baker_s_yeast, Node1652*)",1280,1.6371415384930377,0.6046363655715266,c2,branch_to_yeast
"(Eukaryota_Opisthokonta_Nucletmycea_Fungi_Dikarya_Ascomycota_Saccharomycotina_Saccharomycetes_Saccharomycetales_Saccharomyces_cerevisiae_baker_s_yeast, Node1652*)",1281,1.6371415384930377,0.6046363655715266,c2,branch_to_yeast
"(Eukaryota_Opisthokonta_Nucletmycea_Fungi_Dikarya_Ascomycota_Saccharomycotina_Saccharomycetes_Saccharomycetales_Saccharomyces_cerevisiae_baker_s_yeast, Node1652*)",1282,7.45834463274326e-18,0.6575751876162639,c1,branch_to_yeast
"(Eukaryota_Opisthokonta_Nucletmycea_Fungi_Dikarya_Ascomycota_Saccharomycotina_Saccharomycetes_Saccharomycetales_Saccharomyces_cerevisiae_baker_s_yeast, Node1652*)",1283,0.9586343552652508,0.6575751876162639,c1,branch_to_yeast
"(Eukaryota_Opisthokonta_Nucletmycea_Fungi_Dikarya_Ascomycota_Saccharomycotina_Saccharomycetes_Saccharomycetales_Saccharomyces_cerevisiae_baker_s_yeast, Node1652*)",1284,1.6371415385785282,0.6575751876162639,c1,branch_to_yeast
"(Eukaryota_Opisthokonta_Nucletmycea_Fungi_Dikarya_Ascomycota_Saccharomycotina_Saccharomycetes_Saccharomycetales_Saccharomyces_cerevisiae_baker_s_yeast, Node1652*)",1285,0.9586343552652508,0.6575751876162639,c1,branch_to_yeast
"(Eukaryota_Opisthokonta_Nucletmycea_Fungi_Dikarya_Ascomycota_Saccharomycotina_Saccharomycetes_Saccharomycetales_Saccharomyces_cerevisiae_baker_s_yeast, Node1652*)",1286,0.9586343552652508,0.6575751876162639,c1,branch_to_yeast
"(Eukaryota_Opisthokonta_Nucletmycea_Fungi_Dikarya_Ascomycota_Saccharomycotina_Saccharomycetes_Saccharomycetales_Saccharomyces_cerevisiae_baker_s_yeast, Node1652*)",1287,1.6371415385785282,0.6575751876162639,c1,branch_to_yeast
"(Eukaryota_Opisthokonta_Nucletmycea_Fungi_Dikarya_Ascomycota_Saccharomycotina_Saccharomycetes_Saccharomycetales_Saccharomyces_cerevisiae_baker_s_yeast, Node1652*)",1288,-1.0831624374459575e-17,0.6575751876162639,c1,branch_to_yeast
"(Eukaryota_Opisthokonta_Nucletmycea_Fungi_Dikarya_Ascomycota_Saccharomycotina_Saccharomycetes_Saccharomycetales_Saccharomyces_cerevisiae_baker_s_yeast, Node1652*)",1289,7.433673568603895e-18,0.6046363655715266,c2,branch_to_yeast
"(Eukaryota_Opisthokonta_Nucletmycea_Fungi_Dikarya_Ascomycota_Saccharomycotina_Saccharomycetes_Saccharomycetales_Saccharomyces_cerevisiae_baker_s_yeast, Node1652*)",1290,0.5441475914141404,0.6575751876162639,c1,branch_to_yeast
"(Eukaryota_Opisthokonta_Nucletmycea_Fungi_Dikarya_Ascomycota_Saccharomycotina_Saccharomycetes_Saccharomycetales_Saccharomyces_cerevisiae_baker_s_yeast, Node1652*)",1291,0.5441475914141404,0.6575751876162639,c1,branch_to_yeast
"(Eukaryota_Opisthokonta_Nucletmycea_Fungi_Dikarya_Ascomycota_Saccharomycotina_Saccharomycetes_Saccharomycetales_Saccharomyces_cerevisiae_baker_s_yeast, Node1652*)",1292,-6.299151059888363e-18,0.6575751876162639,c1,branch_to_yeast
"(Eukaryota_Opisthokonta_Nucletmycea_Fungi_Dikarya_Ascomycota_Saccharomycotina_Saccharomycetes_Saccharomycetales_Saccharomyces_cerevisiae_baker_s_yeast, Node1652*)",1293,-1.0626255519721373e-17,0.6575751876162639,c1,branch_to_yeast
"(Eukaryota_Opisthokonta_Nucletmycea_Fungi_Dikarya_Ascomycota_Saccharomycotina_Saccharomycetes_Saccharomycetales_Saccharomyces_cerevisiae_baker_s_yeast, Node1652*)",1294,-9.820086257630957e-18,0.6575751876162639,c1,branch_to_yeast
"(Eukaryota_Opisthokonta_Nucletmycea_Fungi_Dikarya_Ascomycota_Saccharomycotina_Saccharomycetes_Saccharomycetales_Saccharomyces_cerevisiae_baker_s_yeast, Node1652*)",1295,0.9586343552652508,0.6575751876162639,c1,branch_to_yeast
"(Eukaryota_Opisthokonta_Nucletmycea_Fungi_Dikarya_Ascomycota_Saccharomycotina_Saccharomycetes_Saccharomycetales_Saccharomyces_cerevisiae_baker_s_yeast, Node1652*)",1296,0.5441475914141404,0.6575751876162639,c1,branch_to_yeast
"(Eukaryota_Opisthokonta_Nucletmycea_Fungi_Dikarya_Ascomycota_Saccharomycotina_Saccharomycetes_Saccharomycetales_Saccharomyces_cerevisiae_baker_s_yeast, Node1652*)",1297,1.637141537911306,0.6069936118962173,c3,branch_to_yeast
"(Eukaryota_Opisthokonta_Nucletmycea_Fungi_Dikarya_Ascomycota_Saccharomycotina_Saccharomycetes_Saccharomycetales_Saccharomyces_cerevisiae_baker_s_yeast, Node1652*)",1298,-1.0575414750105481e-17,0.6046363655715266,c2,branch_to_yeast
"(Eukaryota_Opisthokonta_Nucletmycea_Fungi_Dikarya_Ascomycota_Saccharomycotina_Saccharomycetes_Saccharomycetales_Saccharomyces_cerevisiae_baker_s_yeast, Node1652*)",1299,1.6371415384930377,0.6046363655715266,c2,branch_to_yeast
"(Eukaryota_Opisthokonta_Nucletmycea_Fungi_Dikarya_Ascomycota_Saccharomycotina_Saccharomycetes_Saccharomycetales_Saccharomyces_cerevisiae_baker_s_yeast, Node1652*)",1300,0.5441475913936314,0.6046363655715266,c2,branch_to_yeast
"(Eukaryota_Opisthokonta_Nucletmycea_Fungi_Dikarya_Ascomycota_Saccharomycotina_Saccharomycetes_Saccharomycetales_Saccharomyces_cerevisiae_baker_s_yeast, Node1652*)",1301,0.5441475914141404,0.6575751876162639,c1,branch_to_yeast
"(Eukaryota_Opisthokonta_Nucletmycea_Fungi_Dikarya_Ascomycota_Saccharomycotina_Saccharomycetes_Saccharomycetales_Saccharomyces_cerevisiae_baker_s_yeast, Node1652*)",1302,1.6371415385785282,0.6575751876162639,c1,branch_to_yeast
"(Eukaryota_Opisthokonta_Nucletmycea_Fungi_Dikarya_Ascomycota_Saccharomycotina_Saccharomycetes_Saccharomycetales_Saccharomyces_cerevisiae_baker_s_yeast, Node1652*)",1303,0.5441475913936314,0.6046363655715266,c2,branch_to_yeast
"(Eukaryota_Opisthokonta_Nucletmycea_Fungi_Dikarya_Ascomycota_Saccharomycotina_Saccharomycetes_Saccharomycetales_Saccharomyces_cerevisiae_baker_s_yeast, Node1652*)",1304,1.6371415385785282,0.6575751876162639,c1,branch_to_yeast
"(Eukaryota_Opisthokonta_Nucletmycea_Fungi_Dikarya_Ascomycota_Saccharomycotina_Saccharomycetes_Saccharomycetales_Saccharomyces_cerevisiae_baker_s_yeast, Node1652*)",1305,0.9586343552652508,0.6575751876162639,c1,branch_to_yeast
"(Eukaryota_Opisthokonta_Nucletmycea_Fungi_Dikarya_Ascomycota_Saccharomycotina_Saccharomycetes_Saccharomycetales_Saccharomyces_cerevisiae_baker_s_yeast, Node1652*)",1306,0.9586343552121765,0.6046363655715266,c2,branch_to_yeast
"(Eukaryota_Opisthokonta_Nucletmycea_Fungi_Dikarya_Ascomycota_Saccharomycotina_Saccharomycetes_Saccharomycetales_Saccharomyces_cerevisiae_baker_s_yeast, Node1652*)",1307,0.9586343552121765,0.6046363655715266,c2,branch_to_yeast
"(Eukaryota_Opisthokonta_Nucletmycea_Fungi_Dikarya_Ascomycota_Saccharomycotina_Saccharomycetes_Saccharomycetales_Saccharomyces_cerevisiae_baker_s_yeast, Node1652*)",1308,0.9586343552121765,0.6046363655715266,c2,branch_to_yeast
"(Eukaryota_Opisthokonta_Nucletmycea_Fungi_Dikarya_Ascomycota_Saccharomycotina_Saccharomycetes_Saccharomycetales_Saccharomyces_cerevisiae_baker_s_yeast, Node1652*)",1309,0.5441475914141404,0.6575751876162639,c1,branch_to_yeast
"(Eukaryota_Opisthokonta_Nucletmycea_Fungi_Dikarya_Ascomycota_Saccharomycotina_Saccharomycetes_Saccharomycetales_Saccharomyces_cerevisiae_baker_s_yeast, Node1652*)",1310,0.5441475914141404,0.6575751876162639,c1,branch_to_yeast
"(Eukaryota_Opisthokonta_Nucletmycea_Fungi_Dikarya_Ascomycota_Saccharomycotina_Saccharomycetes_Saccharomycetales_Saccharomyces_cerevisiae_baker_s_yeast, Node1652*)",1311,0.5441475913936314,0.6046363655715266,c2,branch_to_yeast
"(Eukaryota_Opisthokonta_Nucletmycea_Fungi_Dikarya_Ascomycota_Saccharomycotina_Saccharomycetes_Saccharomycetales_Saccharomyces_cerevisiae_baker_s_yeast, Node1652*)",1312,1.6371415385785282,0.6575751876162639,c1,branch_to_yeast
"(Eukaryota_Opisthokonta_Nucletmycea_Fungi_Dikarya_Ascomycota_Saccharomycotina_Saccharomycetes_Saccharomycetales_Saccharomyces_cerevisiae_baker_s_yeast, Node1652*)",1313,6.485729601031973e-18,0.6575751876162639,c1,branch_to_yeast
"(Eukaryota_Opisthokonta_Nucletmycea_Fungi_Dikarya_Ascomycota_Saccharomycotina_Saccharomycetes_Saccharomycetales_Saccharomyces_cerevisiae_baker_s_yeast, Node1652*)",1314,1.6371415384930377,0.6046363655715266,c2,branch_to_yeast
"(Eukaryota_Opisthokonta_Nucletmycea_Fungi_Dikarya_Ascomycota_Saccharomycotina_Saccharomycetes_Saccharomycetales_Saccharomyces_cerevisiae_baker_s_yeast, Node1652*)",1315,0.5441475914141404,0.6575751876162639,c1,branch_to_yeast
"(Eukaryota_Opisthokonta_Nucletmycea_Fungi_Dikarya_Ascomycota_Saccharomycotina_Saccharomycetes_Saccharomycetales_Saccharomyces_cerevisiae_baker_s_yeast, Node1652*)",1316,1.6371415385785282,0.6575751876162639,c1,branch_to_yeast
"(Eukaryota_Opisthokonta_Nucletmycea_Fungi_Dikarya_Ascomycota_Saccharomycotina_Saccharomycetes_Saccharomycetales_Saccharomyces_cerevisiae_baker_s_yeast, Node1652*)",1317,1.6371415385785282,0.6575751876162639,c1,branch_to_yeast
"(Eukaryota_Opisthokonta_Nucletmycea_Fungi_Dikarya_Ascomycota_Saccharomycotina_Saccharomycetes_Saccharomycetales_Saccharomyces_cerevisiae_baker_s_yeast, Node1652*)",1318,0.5441475913936314,0.6046363655715266,c2,branch_to_yeast
"(Eukaryota_Opisthokonta_Nucletmycea_Fungi_Dikarya_Ascomycota_Saccharomycotina_Saccharomycetes_Saccharomycetales_Saccharomyces_cerevisiae_baker_s_yeast, Node1652*)",1319,0.9586343548511712,0.6069936118962173,c3,branch_to_yeast
"(Eukaryota_Opisthokonta_Nucletmycea_Fungi_Dikarya_Ascomycota_Saccharomycotina_Saccharomycetes_Saccharomycetales_Saccharomyces_cerevisiae_baker_s_yeast, Node1652*)",1320,0.9586343552121765,0.6046363655715266,c2,branch_to_yeast
"(Eukaryota_Opisthokonta_Nucletmycea_Fungi_Dikarya_Ascomycota_Saccharomycotina_Saccharomycetes_Saccharomycetales_Saccharomyces_cerevisiae_baker_s_yeast, Node1652*)",1321,-6.698318922314425e-18,0.6069936118962173,c3,branch_to_yeast
"(Eukaryota_Opisthokonta_Nucletmycea_Fungi_Dikarya_Ascomycota_Saccharomycotina_Saccharomycetes_Saccharomycetales_Saccharomyces_cerevisiae_baker_s_yeast, Node1652*)",1322,1.637141537911306,0.6069936118962173,c3,branch_to_yeast
"(Eukaryota_Opisthokonta_Nucletmycea_Fungi_Dikarya_Ascomycota_Saccharomycotina_Saccharomycetes_Saccharomycetales_Saccharomyces_cerevisiae_baker_s_yeast, Node1652*)",1323,1.6371415385785282,0.6575751876162639,c1,branch_to_yeast
"(Eukaryota_Opisthokonta_Nucletmycea_Fungi_Dikarya_Ascomycota_Saccharomycotina_Saccharomycetes_Saccharomycetales_Saccharomyces_cerevisiae_baker_s_yeast, Node1652*)",1324,0.5441475913936314,0.6046363655715266,c2,branch_to_yeast
"(Eukaryota_Opisthokonta_Nucletmycea_Fungi_Dikarya_Ascomycota_Saccharomycotina_Saccharomycetes_Saccharomycetales_Saccharomyces_cerevisiae_baker_s_yeast, Node1652*)",1325,0.9586343552652508,0.6575751876162639,c1,branch_to_yeast
"(Eukaryota_Opisthokonta_Nucletmycea_Fungi_Dikarya_Ascomycota_Saccharomycotina_Saccharomycetes_Saccharomycetales_Saccharomyces_cerevisiae_baker_s_yeast, Node1652*)",1326,0.5441475914141404,0.6575751876162639,c1,branch_to_yeast
"(Eukaryota_Opisthokonta_Nucletmycea_Fungi_Dikarya_Ascomycota_Saccharomycotina_Saccharomycetes_Saccharomycetales_Saccharomyces_cerevisiae_baker_s_yeast, Node1652*)",1327,1.6371415384930377,0.6046363655715266,c2,branch_to_yeast
"(Eukaryota_Opisthokonta_Nucletmycea_Fungi_Dikarya_Ascomycota_Saccharomycotina_Saccharomycetes_Saccharomycetales_Saccharomyces_cerevisiae_baker_s_yeast, Node1652*)",1328,0.5441475914141404,0.6575751876162639,c1,branch_to_yeast
"(Eukaryota_Opisthokonta_Nucletmycea_Fungi_Dikarya_Ascomycota_Saccharomycotina_Saccharomycetes_Saccharomycetales_Saccharomyces_cerevisiae_baker_s_yeast, Node1652*)",1329,1.6371415384930377,0.6046363655715266,c2,branch_to_yeast
"(Eukaryota_Opisthokonta_Nucletmycea_Fungi_Dikarya_Ascomycota_Saccharomycotina_Saccharomycetes_Saccharomycetales_Saccharomyces_cerevisiae_baker_s_yeast, Node1652*)",1330,6.948899494227904e-19,0.6069936118962173,c3,branch_to_yeast
"(Eukaryota_Opisthokonta_Nucletmycea_Fungi_Dikarya_Ascomycota_Saccharomycotina_Saccharomycetes_Saccharomycetales_Saccharomyces_cerevisiae_baker_s_yeast, Node1652*)",1331,0.5441475912541518,0.6069936118962173,c3,branch_to_yeast
"(Eukaryota_Opisthokonta_Nucletmycea_Fungi_Dikarya_Ascomycota_Saccharomycotina_Saccharomycetes_Saccharomycetales_Saccharomyces_cerevisiae_baker_s_yeast, Node1652*)",1332,0.5441475912541518,0.6069936118962173,c3,branch_to_yeast
"(Eukaryota_Opisthokonta_Nucletmycea_Fungi_Dikarya_Ascomycota_Saccharomycotina_Saccharomycetes_Saccharomycetales_Saccharomyces_cerevisiae_baker_s_yeast, Node1652*)",1333,6.372536341759572e-18,0.3476609260040595,c4,branch_to_yeast
"(Eukaryota_Opisthokonta_Nucletmycea_Fungi_Dikarya_Ascomycota_Saccharomycotina_Saccharomycetes_Saccharomycetales_Saccharomyces_cerevisiae_baker_s_yeast, Node1652*)",1334,0.5441475899074035,0.3476609260040595,c4,branch_to_yeast
"(Eukaryota_Opisthokonta_Nucletmycea_Fungi_Dikarya_Ascomycota_Saccharomycotina_Saccharomycetes_Saccharomycetales_Saccharomyces_cerevisiae_baker_s_yeast, Node1652*)",1335,0.5441475913936314,0.6046363655715266,c2,branch_to_yeast
"(Eukaryota_Opisthokonta_Nucletmycea_Fungi_Dikarya_Ascomycota_Saccharomycotina_Saccharomycetes_Saccharomycetales_Saccharomyces_cerevisiae_baker_s_yeast, Node1652*)",1336,0.9586343548511712,0.6069936118962173,c3,branch_to_yeast
"(Eukaryota_Opisthokonta_Nucletmycea_Fungi_Dikarya_Ascomycota_Saccharomycotina_Saccharomycetes_Saccharomycetales_Saccharomyces_cerevisiae_baker_s_yeast, Node1652*)",1337,0.9586343552121765,0.6046363655715266,c2,branch_to_yeast
"(Eukaryota_Opisthokonta_Nucletmycea_Fungi_Dikarya_Ascomycota_Saccharomycotina_Saccharomycetes_Saccharomycetales_Saccharomyces_cerevisiae_baker_s_yeast, Node1652*)",1338,0.5441475912541518,0.6069936118962173,c3,branch_to_yeast
"(Eukaryota_Opisthokonta_Nucletmycea_Fungi_Dikarya_Ascomycota_Saccharomycotina_Saccharomycetes_Saccharomycetales_Saccharomyces_cerevisiae_baker_s_yeast, Node1652*)",1339,1.6653897954700277e-18,0.3476609260040595,c4,branch_to_yeast
"(Eukaryota_Opisthokonta_Nucletmycea_Fungi_Dikarya_Ascomycota_Saccharomycotina_Saccharomycetes_Saccharomycetales_Saccharomyces_cerevisiae_baker_s_yeast, Node1652*)",1340,3.335521882462435e-18,0.3476609260040595,c4,branch_to_yeast
"(Eukaryota_Opisthokonta_Nucletmycea_Fungi_Dikarya_Ascomycota_Saccharomycotina_Saccharomycetes_Saccharomycetales_Saccharomyces_cerevisiae_baker_s_yeast, Node1652*)",1341,9.087298862355437e-19,0.6069936118962173,c3,branch_to_yeast
"(Eukaryota_Opisthokonta_Nucletmycea_Fungi_Dikarya_Ascomycota_Saccharomycotina_Saccharomycetes_Saccharomycetales_Saccharomyces_cerevisiae_baker_s_yeast, Node1652*)",1342,2.1765766658128977e-18,0.6046363655715266,c2,branch_to_yeast
"(Eukaryota_Opisthokonta_Nucletmycea_Fungi_Dikarya_Ascomycota_Saccharomycotina_Saccharomycetes_Saccharomycetales_Saccharomyces_cerevisiae_baker_s_yeast, Node1652*)",1343,0.9586343548511712,0.6069936118962173,c3,branch_to_yeast
"(Eukaryota_Opisthokonta_Nucletmycea_Fungi_Dikarya_Ascomycota_Saccharomycotina_Saccharomycetes_Saccharomycetales_Saccharomyces_cerevisiae_baker_s_yeast, Node1652*)",1344,0.5441475912541518,0.6069936118962173,c3,branch_to_yeast
"(Eukaryota_Opisthokonta_Nucletmycea_Fungi_Dikarya_Ascomycota_Saccharomycotina_Saccharomycetes_Saccharomycetales_Saccharomyces_cerevisiae_baker_s_yeast, Node1652*)",1345,-2.0317829138481842e-19,0.6069936118962173,c3,branch_to_yeast
"(Eukaryota_Opisthokonta_Nucletmycea_Fungi_Dikarya_Ascomycota_Saccharomycotina_Saccharomycetes_Saccharomycetales_Saccharomyces_cerevisiae_baker_s_yeast, Node1652*)",1346,7.519409453304529e-19,0.6069936118962173,c3,branch_to_yeast
"(Eukaryota_Opisthokonta_Nucletmycea_Fungi_Dikarya_Ascomycota_Saccharomycotina_Saccharomycetes_Saccharomycetales_Saccharomyces_cerevisiae_baker_s_yeast, Node1652*)",1347,4.341845261421677e-19,0.6069936118962173,c3,branch_to_yeast
"(Eukaryota_Opisthokonta_Nucletmycea_Fungi_Dikarya_Ascomycota_Saccharomycotina_Saccharomycetes_Saccharomycetales_Saccharomyces_cerevisiae_baker_s_yeast, Node1652*)",1348,7.401383880607591e-19,0.6069936118962173,c3,branch_to_yeast
"(Eukaryota_Opisthokonta_Nucletmycea_Fungi_Dikarya_Ascomycota_Saccharomycotina_Saccharomycetes_Saccharomycetales_Saccharomyces_cerevisiae_baker_s_yeast, Node1652*)",1349,8.822809328936105e-21,0.3476609260040595,c4,branch_to_yeast
"(Eukaryota_Opisthokonta_Nucletmycea_Fungi_Dikarya_Ascomycota_Saccharomycotina_Saccharomycetes_Saccharomycetales_Saccharomyces_cerevisiae_baker_s_yeast, Node1652*)",1350,6.127586451390375e-21,0.3476609260040595,c4,branch_to_yeast
"(Eukaryota_Opisthokonta_Nucletmycea_Fungi_Dikarya_Ascomycota_Saccharomycotina_Saccharomycetes_Saccharomycetales_Saccharomyces_cerevisiae_baker_s_yeast, Node1652*)",1351,-1.1771386633315194e-20,0.3476609260040595,c4,branch_to_yeast
"(Eukaryota_Opisthokonta_Nucletmycea_Fungi_Dikarya_Ascomycota_Saccharomycotina_Saccharomycetes_Saccharomycetales_Saccharomyces_cerevisiae_baker_s_yeast, Node1652*)",1352,-1.253489029604214e-18,0.6069936118962173,c3,branch_to_yeast
"(Eukaryota_Opisthokonta_Nucletmycea_Fungi_Dikarya_Ascomycota_Saccharomycotina_Saccharomycetes_Saccharomycetales_Saccharomyces_cerevisiae_baker_s_yeast, Node1652*)",1353,7.490867330824874e-21,0.3476609260040595,c4,branch_to_yeast
"(Eukaryota_Opisthokonta_Nucletmycea_Fungi_Dikarya_Ascomycota_Saccharomycotina_Saccharomycetes_Saccharomycetales_Saccharomyces_cerevisiae_baker_s_yeast, Node1652*)",1354,7.26797754250429e-21,0.3476609260040595,c4,branch_to_yeast
"(Eukaryota_Opisthokonta_Nucletmycea_Fungi_Dikarya_Ascomycota_Saccharomycotina_Saccharomycetes_Saccharomycetales_Saccharomyces_cerevisiae_baker_s_yeast, Node1652*)",1355,6.533528495034098e-21,0.3476609260040595,c4,branch_to_yeast
"(Eukaryota_Opisthokonta_Nucletmycea_Fungi_Dikarya_Ascomycota_Saccharomycotina_Saccharomycetes_Saccharomycetales_Saccharomyces_cerevisiae_baker_s_yeast, Node1652*)",1356,-1.155898530447618e-18,0.6069936118962173,c3,branch_to_yeast
"(Eukaryota_Opisthokonta_Nucletmycea_Fungi_Dikarya_Ascomycota_Saccharomycotina_Saccharomycetes_Saccharomycetales_Saccharomyces_cerevisiae_baker_s_yeast, Node1652*)",1357,-1.0202328992524212e-18,0.6069936118962173,c3,branch_to_yeast
"(Eukaryota_Opisthokonta_Nucletmycea_Fungi_Dikarya_Ascomycota_Saccharomycotina_Saccharomycetes_Saccharomycetales_Saccharomyces_cerevisiae_baker_s_yeast, Node1652*)",1358,3.847534589827087e-18,0.6046363655715266,c2,branch_to_yeast
"(Eukaryota_Opisthokonta_Nucletmycea_Fungi_Dikarya_Ascomycota_Saccharomycotina_Saccharomycetes_Saccharomycetales_Saccharomyces_cerevisiae_baker_s_yeast, Node1652*)",1359,5.474146123047012e-18,0.6575751876162639,c1,branch_to_yeast
"(Eukaryota_Opisthokonta_Nucletmycea_Fungi_Dikarya_Ascomycota_Saccharomycotina_Saccharomycetes_Saccharomycetales_Saccharomyces_cerevisiae_baker_s_yeast, Node1652*)",1360,2.9014639176940073e-18,0.6046363655715266,c2,branch_to_yeast
"(Eukaryota_Opisthokonta_Nucletmycea_Fungi_Dikarya_Ascomycota_Saccharomycotina_Saccharomycetes_Saccharomycetales_Saccharomyces_cerevisiae_baker_s_yeast, Node1652*)",1361,6.887625721936374e-18,0.6575751876162639,c1,branch_to_yeast
"(Eukaryota_Opisthokonta_Nucletmycea_Fungi_Dikarya_Ascomycota_Saccharomycotina_Saccharomycetes_Saccharomycetales_Saccharomyces_cerevisiae_baker_s_yeast, Node1652*)",1362,7.075926964758345e-19,0.6069936118962173,c3,branch_to_yeast
"(Eukaryota_Opisthokonta_Nucletmycea_Fungi_Dikarya_Ascomycota_Saccharomycotina_Saccharomycetes_Saccharomycetales_Saccharomyces_cerevisiae_baker_s_yeast, Node1652*)",1363,-9.148385142085854e-21,0.3476609260040595,c4,branch_to_yeast
"(Eukaryota_Opisthokonta_Nucletmycea_Fungi_Dikarya_Ascomycota_Saccharomycotina_Saccharomycetes_Saccharomycetales_Saccharomyces_cerevisiae_baker_s_yeast, Node1652*)",1364,-9.293210427304097e-21,0.3476609260040595,c4,branch_to_yeast
"(Eukaryota_Opisthokonta_Nucletmycea_Fungi_Dikarya_Ascomycota_Saccharomycotina_Saccharomycetes_Saccharomycetales_Saccharomyces_cerevisiae_baker_s_yeast, Node1652*)",1365,-8.980207965578083e-21,0.3476609260040595,c4,branch_to_yeast
"(Eukaryota_Opisthokonta_Nucletmycea_Fungi_Dikarya_Ascomycota_Saccharomycotina_Saccharomycetes_Saccharomycetales_Saccharomyces_cerevisiae_baker_s_yeast, Node1652*)",1366,1.3395884226878674e-19,0.6069936118962173,c3,branch_to_yeast
"(Eukaryota_Opisthokonta_Nucletmycea_Fungi_Dikarya_Ascomycota_Saccharomycotina_Saccharomycetes_Saccharomycetales_Saccharomyces_cerevisiae_baker_s_yeast, Node1652*)",1367,8.725812314579748e-21,0.3476609260040595,c4,branch_to_yeast
"(Eukaryota_Opisthokonta_Nucletmycea_Fungi_Dikarya_Ascomycota_Saccharomycotina_Saccharomycetes_Saccharomycetales_Saccharomyces_cerevisiae_baker_s_yeast, Node1652*)",1368,-8.902090614744231e-21,0.3476609260040595,c4,branch_to_yeast
"(Eukaryota_Opisthokonta_Nucletmycea_Fungi_Dikarya_Ascomycota_Saccharomycotina_Saccharomycetes_Saccharomycetales_Saccharomyces_cerevisiae_baker_s_yeast, Node1652*)",1369,-9.268458207881816e-21,0.3476609260040595,c4,branch_to_yeast
"(Eukaryota_Opisthokonta_Nucletmycea_Fungi_Dikarya_Ascomycota_Saccharomycotina_Saccharomycetes_Saccharomycetales_Saccharomyces_cerevisiae_baker_s_yeast, Node1652*)",1370,1.637141537911306,0.6069936118962173,c3,branch_to_yeast
"(Eukaryota_Opisthokonta_Nucletmycea_Fungi_Dikarya_Ascomycota_Saccharomycotina_Saccharomycetes_Saccharomycetales_Saccharomyces_cerevisiae_baker_s_yeast, Node1652*)",1371,0.5441475912541518,0.6069936118962173,c3,branch_to_yeast
"(Eukaryota_Opisthokonta_Nucletmycea_Fungi_Dikarya_Ascomycota_Saccharomycotina_Saccharomycetes_Saccharomycetales_Saccharomyces_cerevisiae_baker_s_yeast, Node1652*)",1372,5.85272767284412e-19,0.6069936118962173,c3,branch_to_yeast
"(Eukaryota_Opisthokonta_Nucletmycea_Fungi_Dikarya_Ascomycota_Saccharomycotina_Saccharomycetes_Saccharomycetales_Saccharomyces_cerevisiae_baker_s_yeast, Node1652*)",1373,-8.078838970464792e-19,0.6069936118962173,c3,branch_to_yeast
"(Eukaryota_Opisthokonta_Nucletmycea_Fungi_Dikarya_Ascomycota_Saccharomycotina_Saccharomycetes_Saccharomycetales_Saccharomyces_cerevisiae_baker_s_yeast, Node1652*)",1374,-3.646354969506266e-21,0.3476609260040595,c4,branch_to_yeast
"(Eukaryota_Opisthokonta_Nucletmycea_Fungi_Dikarya_Ascomycota_Saccharomycotina_Saccharomycetes_Saccharomycetales_Saccharomyces_cerevisiae_baker_s_yeast, Node1652*)",1375,1.5497551394291266e-21,0.3476609260040595,c4,branch_to_yeast
"(Eukaryota_Opisthokonta_Nucletmycea_Fungi_Dikarya_Ascomycota_Saccharomycotina_Saccharomycetes_Saccharomycetales_Saccharomyces_cerevisiae_baker_s_yeast, Node1652*)",1376,0.9586343548511712,0.6069936118962173,c3,branch_to_yeast
"(Eukaryota_Opisthokonta_Nucletmycea_Fungi_Dikarya_Ascomycota_Saccharomycotina_Saccharomycetes_Saccharomycetales_Saccharomyces_cerevisiae_baker_s_yeast, Node1652*)",1377,0.5441475912541518,0.6069936118962173,c3,branch_to_yeast
"(Eukaryota_Opisthokonta_Nucletmycea_Fungi_Dikarya_Ascomycota_Saccharomycotina_Saccharomycetes_Saccharomycetales_Saccharomyces_cerevisiae_baker_s_yeast, Node1652*)",1378,-7.223715490202365e-18,0.6046363655715266,c2,branch_to_yeast
"(Eukaryota_Opisthokonta_Nucletmycea_Fungi_Dikarya_Ascomycota_Saccharomycotina_Saccharomycetes_Saccharomycetales_Saccharomyces_cerevisiae_baker_s_yeast, Node1652*)",1379,-5.3238453865311675e-18,0.6069936118962173,c3,branch_to_yeast
"(Eukaryota_Opisthokonta_Nucletmycea_Fungi_Dikarya_Ascomycota_Saccharomycotina_Saccharomycetes_Saccharomycetales_Saccharomyces_cerevisiae_baker_s_yeast, Node1652*)",1380,0.9586343548511712,0.6069936118962173,c3,branch_to_yeast
"(Eukaryota_Opisthokonta_Nucletmycea_Fungi_Dikarya_Ascomycota_Saccharomycotina_Saccharomycetes_Saccharomycetales_Saccharomyces_cerevisiae_baker_s_yeast, Node1652*)",1381,0.5441475913936314,0.6046363655715266,c2,branch_to_yeast
"(Eukaryota_Opisthokonta_Nucletmycea_Fungi_Dikarya_Ascomycota_Saccharomycotina_Saccharomycetes_Saccharomycetales_Saccharomyces_cerevisiae_baker_s_yeast, Node1652*)",1382,0.9586343548511712,0.6069936118962173,c3,branch_to_yeast
"(Eukaryota_Opisthokonta_Nucletmycea_Fungi_Dikarya_Ascomycota_Saccharomycotina_Saccharomycetes_Saccharomycetales_Saccharomyces_cerevisiae_baker_s_yeast, Node1652*)",1383,0.5441475912541518,0.6069936118962173,c3,branch_to_yeast
"(Eukaryota_Opisthokonta_Nucletmycea_Fungi_Dikarya_Ascomycota_Saccharomycotina_Saccharomycetes_Saccharomycetales_Saccharomyces_cerevisiae_baker_s_yeast, Node1652*)",1384,0.9586343548511712,0.6069936118962173,c3,branch_to_yeast
"(Eukaryota_Opisthokonta_Nucletmycea_Fungi_Dikarya_Ascomycota_Saccharomycotina_Saccharomycetes_Saccharomycetales_Saccharomyces_cerevisiae_baker_s_yeast, Node1652*)",1385,1.6371415384930377,0.6046363655715266,c2,branch_to_yeast
"(Eukaryota_Opisthokonta_Nucletmycea_Fungi_Dikarya_Ascomycota_Saccharomycotina_Saccharomycetes_Saccharomycetales_Saccharomyces_cerevisiae_baker_s_yeast, Node1652*)",1386,-6.350067027902672e-18,0.6069936118962173,c3,branch_to_yeast
"(Eukaryota_Opisthokonta_Nucletmycea_Fungi_Dikarya_Ascomycota_Saccharomycotina_Saccharomycetes_Saccharomycetales_Saccharomyces_cerevisiae_baker_s_yeast, Node1652*)",1387,1.637141537911306,0.6069936118962173,c3,branch_to_yeast
"(Eukaryota_Opisthokonta_Nucletmycea_Fungi_Dikarya_Ascomycota_Saccharomycotina_Saccharomycetes_Saccharomycetales_Saccharomyces_cerevisiae_baker_s_yeast, Node1652*)",1388,1.8009729847652052e-22,0.3476609260040595,c4,branch_to_yeast
"(Eukaryota_Opisthokonta_Nucletmycea_Fungi_Dikarya_Ascomycota_Saccharomycotina_Saccharomycetes_Saccharomycetales_Saccharomyces_cerevisiae_baker_s_yeast, Node1652*)",1389,2.549215330312e-21,0.3476609260040595,c4,branch_to_yeast
"(Eukaryota_Opisthokonta_Nucletmycea_Fungi_Dikarya_Ascomycota_Saccharomycotina_Saccharomycetes_Saccharomycetales_Saccharomyces_cerevisiae_baker_s_yeast, Node1652*)",1390,6.176461270010769e-19,0.6069936118962173,c3,branch_to_yeast
"(Eukaryota_Opisthokonta_Nucletmycea_Fungi_Dikarya_Ascomycota_Saccharomycotina_Saccharomycetes_Saccharomycetales_Saccharomyces_cerevisiae_baker_s_yeast, Node1652*)",1391,-3.520912734850136e-19,0.6069936118962173,c3,branch_to_yeast
"(Eukaryota_Opisthokonta_Nucletmycea_Fungi_Dikarya_Ascomycota_Saccharomycotina_Saccharomycetes_Saccharomycetales_Saccharomyces_cerevisiae_baker_s_yeast, Node1652*)",1392,6.5934993163773046e-18,0.6069936118962173,c3,branch_to_yeast
"(Eukaryota_Opisthokonta_Nucletmycea_Fungi_Dikarya_Ascomycota_Saccharomycotina_Saccharomycetes_Saccharomycetales_Saccharomyces_cerevisiae_baker_s_yeast, Node1652*)",1393,-8.340403358300525e-18,0.6575751876162639,c1,branch_to_yeast
"(Eukaryota_Opisthokonta_Nucletmycea_Fungi_Dikarya_Ascomycota_Saccharomycotina_Saccharomycetes_Saccharomycetales_Saccharomyces_cerevisiae_baker_s_yeast, Node1652*)",1394,1.790134952045983e-18,0.6575751876162639,c1,branch_to_yeast
"(Eukaryota_Opisthokonta_Nucletmycea_Fungi_Dikarya_Ascomycota_Saccharomycotina_Saccharomycetes_Saccharomycetales_Saccharomyces_cerevisiae_baker_s_yeast, Node1652*)",1395,1.6371415385785282,0.6575751876162639,c1,branch_to_yeast
"(Eukaryota_Opisthokonta_Nucletmycea_Fungi_Dikarya_Ascomycota_Saccharomycotina_Saccharomycetes_Saccharomycetales_Saccharomyces_cerevisiae_baker_s_yeast, Node1652*)",1396,5.820753934801917e-18,0.6069936118962173,c3,branch_to_yeast
"(Eukaryota_Opisthokonta_Nucletmycea_Fungi_Dikarya_Ascomycota_Saccharomycotina_Saccharomycetes_Saccharomycetales_Saccharomyces_cerevisiae_baker_s_yeast, Node1652*)",1397,-8.702510031685006e-19,0.3476609260040595,c4,branch_to_yeast
"(Eukaryota_Opisthokonta_Nucletmycea_Fungi_Dikarya_Ascomycota_Saccharomycotina_Saccharomycetes_Saccharomycetales_Saccharomyces_cerevisiae_baker_s_yeast, Node1652*)",1398,0.9586343513631712,0.3476609260040595,c4,branch_to_yeast
"(Eukaryota_Opisthokonta_Nucletmycea_Fungi_Dikarya_Ascomycota_Saccharomycotina_Saccharomycetes_Saccharomycetales_Saccharomyces_cerevisiae_baker_s_yeast, Node1652*)",1399,0.5441475899074035,0.3476609260040595,c4,branch_to_yeast
"(Eukaryota_Opisthokonta_Nucletmycea_Fungi_Dikarya_Ascomycota_Saccharomycotina_Saccharomycetes_Saccharomycetales_Saccharomyces_cerevisiae_baker_s_yeast, Node1652*)",1400,5.421118017274529e-18,0.6069936118962173,c3,branch_to_yeast
"(Eukaryota_Opisthokonta_Nucletmycea_Fungi_Dikarya_Ascomycota_Saccharomycotina_Saccharomycetes_Saccharomycetales_Saccharomyces_cerevisiae_baker_s_yeast, Node1652*)",1401,-1.052355863923384e-17,0.6069936118962173,c3,branch_to_yeast
"(Eukaryota_Opisthokonta_Nucletmycea_Fungi_Dikarya_Ascomycota_Saccharomycotina_Saccharomycetes_Saccharomycetales_Saccharomyces_cerevisiae_baker_s_yeast, Node1652*)",1402,-9.505217428063089e-18,0.6069936118962173,c3,branch_to_yeast
"(Eukaryota_Opisthokonta_Nucletmycea_Fungi_Dikarya_Ascomycota_Saccharomycotina_Saccharomycetes_Saccharomycetales_Saccharomyces_cerevisiae_baker_s_yeast, Node1652*)",1403,6.920972724788909e-19,0.6069936118962173,c3,branch_to_yeast
"(Eukaryota_Opisthokonta_Nucletmycea_Fungi_Dikarya_Ascomycota_Saccharomycotina_Saccharomycetes_Saccharomycetales_Saccharomyces_cerevisiae_baker_s_yeast, Node1652*)",1404,0.9586343552121765,0.6046363655715266,c2,branch_to_yeast
"(Eukaryota_Opisthokonta_Nucletmycea_Fungi_Dikarya_Ascomycota_Saccharomycotina_Saccharomycetes_Saccharomycetales_Saccharomyces_cerevisiae_baker_s_yeast, Node1652*)",1405,-9.605492856315331e-18,0.6046363655715266,c2,branch_to_yeast
"(Eukaryota_Opisthokonta_Nucletmycea_Fungi_Dikarya_Ascomycota_Saccharomycotina_Saccharomycetes_Saccharomycetales_Saccharomyces_cerevisiae_baker_s_yeast, Node1652*)",1406,0.9586343552121765,0.6046363655715266,c2,branch_to_yeast
"(Eukaryota_Opisthokonta_Nucletmycea_Fungi_Dikarya_Ascomycota_Saccharomycotina_Saccharomycetes_Saccharomycetales_Saccharomyces_cerevisiae_baker_s_yeast, Node1652*)",1407,0.9586343552121765,0.6046363655715266,c2,branch_to_yeast
"(Eukaryota_Opisthokonta_Nucletmycea_Fungi_Dikarya_Ascomycota_Saccharomycotina_Saccharomycetes_Saccharomycetales_Saccharomyces_cerevisiae_baker_s_yeast, Node1652*)",1408,0.9586343548511712,0.6069936118962173,c3,branch_to_yeast
"(Eukaryota_Opisthokonta_Nucletmycea_Fungi_Dikarya_Ascomycota_Saccharomycotina_Saccharomycetes_Saccharomycetales_Saccharomyces_cerevisiae_baker_s_yeast, Node1652*)",1409,-9.20987026928936e-18,0.6575751876162639,c1,branch_to_yeast
"(Eukaryota_Opisthokonta_Nucletmycea_Fungi_Dikarya_Ascomycota_Saccharomycotina_Saccharomycetes_Saccharomycetales_Saccharomyces_cerevisiae_baker_s_yeast, Node1652*)",1410,6.54774994955667e-18,0.6575751876162639,c1,branch_to_yeast
"(Eukaryota_Opisthokonta_Nucletmycea_Fungi_Dikarya_Ascomycota_Saccharomycotina_Saccharomycetes_Saccharomycetales_Saccharomyces_cerevisiae_baker_s_yeast, Node1652*)",1411,0.9586343552652508,0.6575751876162639,c1,branch_to_yeast
"(Eukaryota_Opisthokonta_Nucletmycea_Fungi_Dikarya_Ascomycota_Saccharomycotina_Saccharomycetes_Saccharomycetales_Saccharomyces_cerevisiae_baker_s_yeast, Node1652*)",1412,0.9586343552652508,0.6575751876162639,c1,branch_to_yeast
"(Eukaryota_Opisthokonta_Nucletmycea_Fungi_Dikarya_Ascomycota_Saccharomycotina_Saccharomycetes_Saccharomycetales_Saccharomyces_cerevisiae_baker_s_yeast, Node1652*)",1413,-1.0257298599905419e-17,0.6575751876162639,c1,branch_to_yeast
"(Eukaryota_Opisthokonta_Nucletmycea_Fungi_Dikarya_Ascomycota_Saccharomycotina_Saccharomycetes_Saccharomycetales_Saccharomyces_cerevisiae_baker_s_yeast, Node1652*)",1414,0.9586343552652508,0.6575751876162639,c1,branch_to_yeast
"(Eukaryota_Opisthokonta_Nucletmycea_Fungi_Dikarya_Ascomycota_Saccharomycotina_Saccharomycetes_Saccharomycetales_Saccharomyces_cerevisiae_baker_s_yeast, Node1652*)",1415,0.9586343552121765,0.6046363655715266,c2,branch_to_yeast
"(Eukaryota_Opisthokonta_Nucletmycea_Fungi_Dikarya_Ascomycota_Saccharomycotina_Saccharomycetes_Saccharomycetales_Saccharomyces_cerevisiae_baker_s_yeast, Node1652*)",1416,-1.082975962751682e-17,0.6575751876162639,c1,branch_to_yeast
"(Eukaryota_Opisthokonta_Nucletmycea_Fungi_Dikarya_Ascomycota_Saccharomycotina_Saccharomycetes_Saccharomycetales_Saccharomyces_cerevisiae_baker_s_yeast, Node1652*)",1417,0.9586343552652508,0.6575751876162639,c1,branch_to_yeast
"(Eukaryota_Opisthokonta_Nucletmycea_Fungi_Dikarya_Ascomycota_Saccharomycotina_Saccharomycetes_Saccharomycetales_Saccharomyces_cerevisiae_baker_s_yeast, Node1652*)",1418,1.6371415385785282,0.6575751876162639,c1,branch_to_yeast
"(Eukaryota_Opisthokonta_Nucletmycea_Fungi_Dikarya_Ascomycota_Saccharomycotina_Saccharomycetes_Saccharomycetales_Saccharomyces_cerevisiae_baker_s_yeast, Node1652*)",1419,0.5441475914141404,0.6575751876162639,c1,branch_to_yeast
"(Eukaryota_Opisthokonta_Nucletmycea_Fungi_Dikarya_Ascomycota_Saccharomycotina_Saccharomycetes_Saccharomycetales_Saccharomyces_cerevisiae_baker_s_yeast, Node1652*)",1420,8.02975976972089e-18,0.6575751876162639,c1,branch_to_yeast
"(Eukaryota_Opisthokonta_Nucletmycea_Fungi_Dikarya_Ascomycota_Saccharomycotina_Saccharomycetes_Saccharomycetales_Saccharomyces_cerevisiae_baker_s_yeast, Node1652*)",1421,0.9586343552652508,0.6575751876162639,c1,branch_to_yeast
"(Eukaryota_Opisthokonta_Nucletmycea_Fungi_Dikarya_Ascomycota_Saccharomycotina_Saccharomycetes_Saccharomycetales_Saccharomyces_cerevisiae_baker_s_yeast, Node1652*)",1422,0.9586343552652508,0.6575751876162639,c1,branch_to_yeast
"(Eukaryota_Opisthokonta_Nucletmycea_Fungi_Dikarya_Ascomycota_Saccharomycotina_Saccharomycetes_Saccharomycetales_Saccharomyces_cerevisiae_baker_s_yeast, Node1652*)",1423,1.6371415384930377,0.6046363655715266,c2,branch_to_yeast
"(Eukaryota_Opisthokonta_Nucletmycea_Fungi_Dikarya_Ascomycota_Saccharomycotina_Saccharomycetes_Saccharomycetales_Saccharomyces_cerevisiae_baker_s_yeast, Node1652*)",1424,1.6371415385785282,0.6575751876162639,c1,branch_to_yeast
"(Eukaryota_Opisthokonta_Nucletmycea_Fungi_Dikarya_Ascomycota_Saccharomycotina_Saccharomycetes_Saccharomycetales_Saccharomyces_cerevisiae_baker_s_yeast, Node1652*)",1425,0.9586343552652508,0.6575751876162639,c1,branch_to_yeast
"(Eukaryota_Opisthokonta_Nucletmycea_Fungi_Dikarya_Ascomycota_Saccharomycotina_Saccharomycetes_Saccharomycetales_Saccharomyces_cerevisiae_baker_s_yeast, Node1652*)",1426,-2.930689013384123e-18,0.6575751876162639,c1,branch_to_yeast
"(Eukaryota_Opisthokonta_Nucletmycea_Fungi_Dikarya_Ascomycota_Saccharomycotina_Saccharomycetes_Saccharomycetales_Saccharomyces_cerevisiae_baker_s_yeast, Node1652*)",1427,-1.0286746548619792e-17,0.6575751876162639,c1,branch_to_yeast
"(Eukaryota_Opisthokonta_Nucletmycea_Fungi_Dikarya_Ascomycota_Saccharomycotina_Saccharomycetes_Saccharomycetales_Saccharomyces_cerevisiae_baker_s_yeast, Node1652*)",1428,1.6371415385785282,0.6575751876162639,c1,branch_to_yeast
"(Eukaryota_Opisthokonta_Nucletmycea_Fungi_Dikarya_Ascomycota_Saccharomycotina_Saccharomycetes_Saccharomycetales_Saccharomyces_cerevisiae_baker_s_yeast, Node1652*)",1429,-1.0359112547039982e-17,0.6575751876162639,c1,branch_to_yeast
"(Eukaryota_Opisthokonta_Nucletmycea_Fungi_Dikarya_Ascomycota_Saccharomycotina_Saccharomycetes_Saccharomycetales_Saccharomyces_cerevisiae_baker_s_yeast, Node1652*)",1430,-1.0764513711194937e-17,0.6575751876162639,c1,branch_to_yeast
"(Eukaryota_Opisthokonta_Nucletmycea_Fungi_Dikarya_Ascomycota_Saccharomycotina_Saccharomycetes_Saccharomycetales_Saccharomyces_cerevisiae_baker_s_yeast, Node1652*)",1431,0.5441475914141404,0.6575751876162639,c1,branch_to_yeast
"(Eukaryota_Opisthokonta_Nucletmycea_Fungi_Dikarya_Ascomycota_Saccharomycotina_Saccharomycetes_Saccharomycetales_Saccharomyces_cerevisiae_baker_s_yeast, Node1652*)",1432,0.9586343552652508,0.6575751876162639,c1,branch_to_yeast
"(Eukaryota_Opisthokonta_Nucletmycea_Fungi_Dikarya_Ascomycota_Saccharomycotina_Saccharomycetes_Saccharomycetales_Saccharomyces_cerevisiae_baker_s_yeast, Node1652*)",1433,-6.515837306730665e-18,0.6575751876162639,c1,branch_to_yeast
"(Eukaryota_Opisthokonta_Nucletmycea_Fungi_Dikarya_Ascomycota_Saccharomycotina_Saccharomycetes_Saccharomycetales_Saccharomyces_cerevisiae_baker_s_yeast, Node1652*)",1434,-1.0866114996776768e-17,0.6575751876162639,c1,branch_to_yeast
"(Eukaryota_Opisthokonta_Nucletmycea_Fungi_Dikarya_Ascomycota_Saccharomycotina_Saccharomycetes_Saccharomycetales_Saccharomyces_cerevisiae_baker_s_yeast, Node1652*)",1435,0.9586343552652508,0.6575751876162639,c1,branch_to_yeast
"(Eukaryota_Opisthokonta_Nucletmycea_Fungi_Dikarya_Ascomycota_Saccharomycotina_Saccharomycetes_Saccharomycetales_Saccharomyces_cerevisiae_baker_s_yeast, Node1652*)",1436,0.9586343552652508,0.6575751876162639,c1,branch_to_yeast
"(Eukaryota_Opisthokonta_Nucletmycea_Fungi_Dikarya_Ascomycota_Saccharomycotina_Saccharomycetes_Saccharomycetales_Saccharomyces_cerevisiae_baker_s_yeast, Node1652*)",1437,-1.0569152872114382e-17,0.6575751876162639,c1,branch_to_yeast
"(Eukaryota_Opisthokonta_Nucletmycea_Fungi_Dikarya_Ascomycota_Saccharomycotina_Saccharomycetes_Saccharomycetales_Saccharomyces_cerevisiae_baker_s_yeast, Node1652*)",1438,0.9586343552652508,0.6575751876162639,c1,branch_to_yeast
"(Eukaryota_Opisthokonta_Nucletmycea_Fungi_Dikarya_Ascomycota_Saccharomycotina_Saccharomycetes_Saccharomycetales_Saccharomyces_cerevisiae_baker_s_yeast, Node1652*)",1439,0.9586343552121765,0.6046363655715266,c2,branch_to_yeast
"(Eukaryota_Opisthokonta_Nucletmycea_Fungi_Dikarya_Ascomycota_Saccharomycotina_Saccharomycetes_Saccharomycetales_Saccharomyces_cerevisiae_baker_s_yeast, Node1652*)",1440,0.5441475913936314,0.6046363655715266,c2,branch_to_yeast
"(Eukaryota_Opisthokonta_Nucletmycea_Fungi_Dikarya_Ascomycota_Saccharomycotina_Saccharomycetes_Saccharomycetales_Saccharomyces_cerevisiae_baker_s_yeast, Node1652*)",1441,0.9586343552652508,0.6575751876162639,c1,branch_to_yeast
"(Eukaryota_Opisthokonta_Nucletmycea_Fungi_Dikarya_Ascomycota_Saccharomycotina_Saccharomycetes_Saccharomycetales_Saccharomyces_cerevisiae_baker_s_yeast, Node1652*)",1442,-7.795980072380798e-18,0.6575751876162639,c1,branch_to_yeast
"(Eukaryota_Opisthokonta_Nucletmycea_Fungi_Dikarya_Ascomycota_Saccharomycotina_Saccharomycetes_Saccharomycetales_Saccharomyces_cerevisiae_baker_s_yeast, Node1652*)",1443,0.9586343552652508,0.6575751876162639,c1,branch_to_yeast
"(Eukaryota_Opisthokonta_Nucletmycea_Fungi_Dikarya_Ascomycota_Saccharomycotina_Saccharomycetes_Saccharomycetales_Saccharomyces_cerevisiae_baker_s_yeast, Node1652*)",1444,0.5441475914141404,0.6575751876162639,c1,branch_to_yeast
"(Eukaryota_Opisthokonta_Nucletmycea_Fungi_Dikarya_Ascomycota_Saccharomycotina_Saccharomycetes_Saccharomycetales_Saccharomyces_cerevisiae_baker_s_yeast, Node1652*)",1445,-1.058117084669848e-17,0.6046363655715266,c2,branch_to_yeast
"(Eukaryota_Opisthokonta_Nucletmycea_Fungi_Dikarya_Ascomycota_Saccharomycotina_Saccharomycetes_Saccharomycetales_Saccharomyces_cerevisiae_baker_s_yeast, Node1652*)",1446,-1.0570331473260694e-17,0.6046363655715266,c2,branch_to_yeast
"(Eukaryota_Opisthokonta_Nucletmycea_Fungi_Dikarya_Ascomycota_Saccharomycotina_Saccharomycetes_Saccharomycetales_Saccharomyces_cerevisiae_baker_s_yeast, Node1652*)",1447,-1.0697210265624532e-17,0.6575751876162639,c1,branch_to_yeast
"(Eukaryota_Opisthokonta_Nucletmycea_Fungi_Dikarya_Ascomycota_Saccharomycotina_Saccharomycetes_Saccharomycetales_Saccharomyces_cerevisiae_baker_s_yeast, Node1652*)",1448,0.9586343552652508,0.6575751876162639,c1,branch_to_yeast
"(Eukaryota_Opisthokonta_Nucletmycea_Fungi_Dikarya_Ascomycota_Saccharomycotina_Saccharomycetes_Saccharomycetales_Saccharomyces_cerevisiae_baker_s_yeast, Node1652*)",1449,-1.0754579208296116e-17,0.6575751876162639,c1,branch_to_yeast
"(Eukaryota_Opisthokonta_Nucletmycea_Fungi_Dikarya_Ascomycota_Saccharomycotina_Saccharomycetes_Saccharomycetales_Saccharomyces_cerevisiae_baker_s_yeast, Node1652*)",1450,1.6371415384930377,0.6046363655715266,c2,branch_to_yeast
"(Eukaryota_Opisthokonta_Nucletmycea_Fungi_Dikarya_Ascomycota_Saccharomycotina_Saccharomycetes_Saccharomycetales_Saccharomyces_cerevisiae_baker_s_yeast, Node1652*)",1451,5.9633420431493765e-18,0.6046363655715266,c2,branch_to_yeast
"(Eukaryota_Opisthokonta_Nucletmycea_Fungi_Dikarya_Ascomycota_Saccharomycotina_Saccharomycetes_Saccharomycetales_Saccharomyces_cerevisiae_baker_s_yeast, Node1652*)",1452,0.9586343552121765,0.6046363655715266,c2,branch_to_yeast
"(Eukaryota_Opisthokonta_Nucletmycea_Fungi_Dikarya_Ascomycota_Saccharomycotina_Saccharomycetes_Saccharomycetales_Saccharomyces_cerevisiae_baker_s_yeast, Node1652*)",1453,1.6371415384930377,0.6046363655715266,c2,branch_to_yeast
"(Eukaryota_Opisthokonta_Nucletmycea_Fungi_Dikarya_Ascomycota_Saccharomycotina_Saccharomycetes_Saccharomycetales_Saccharomyces_cerevisiae_baker_s_yeast, Node1652*)",1454,-1.0828095368313633e-17,0.6575751876162639,c1,branch_to_yeast
"(Eukaryota_Opisthokonta_Nucletmycea_Fungi_Dikarya_Ascomycota_Saccharomycotina_Saccharomycetes_Saccharomycetales_Saccharomyces_cerevisiae_baker_s_yeast, Node1652*)",1455,-1.0803502538632177e-17,0.6575751876162639,c1,branch_to_yeast
"(Eukaryota_Opisthokonta_Nucletmycea_Fungi_Dikarya_Ascomycota_Saccharomycotina_Saccharomycetes_Saccharomycetales_Saccharomyces_cerevisiae_baker_s_yeast, Node1652*)",1456,0.5441475914141404,0.6575751876162639,c1,branch_to_yeast
"(Eukaryota_Opisthokonta_Nucletmycea_Fungi_Dikarya_Ascomycota_Saccharomycotina_Saccharomycetes_Saccharomycetales_Saccharomyces_cerevisiae_baker_s_yeast, Node1652*)",1457,0.5441475914141404,0.6575751876162639,c1,branch_to_yeast
"(Eukaryota_Opisthokonta_Nucletmycea_Fungi_Dikarya_Ascomycota_Saccharomycotina_Saccharomycetes_Saccharomycetales_Saccharomyces_cerevisiae_baker_s_yeast, Node1652*)",1458,8.230192044876243e-18,0.6575751876162639,c1,branch_to_yeast
"(Eukaryota_Opisthokonta_Nucletmycea_Fungi_Dikarya_Ascomycota_Saccharomycotina_Saccharomycetes_Saccharomycetales_Saccharomyces_cerevisiae_baker_s_yeast, Node1652*)",1459,5.747939838622064e-18,0.6575751876162639,c1,branch_to_yeast
"(Eukaryota_Opisthokonta_Nucletmycea_Fungi_Dikarya_Ascomycota_Saccharomycotina_Saccharomycetes_Saccharomycetales_Saccharomyces_cerevisiae_baker_s_yeast, Node1652*)",1460,0.9586343552652508,0.6575751876162639,c1,branch_to_yeast
"(Eukaryota_Opisthokonta_Nucletmycea_Fungi_Dikarya_Ascomycota_Saccharomycotina_Saccharomycetes_Saccharomycetales_Saccharomyces_cerevisiae_baker_s_yeast, Node1652*)",1461,1.6371415384930377,0.6046363655715266,c2,branch_to_yeast
"(Eukaryota_Opisthokonta_Nucletmycea_Fungi_Dikarya_Ascomycota_Saccharomycotina_Saccharomycetes_Saccharomycetales_Saccharomyces_cerevisiae_baker_s_yeast, Node1652*)",1462,0.9586343552121765,0.6046363655715266,c2,branch_to_yeast
"(Eukaryota_Opisthokonta_Nucletmycea_Fungi_Dikarya_Ascomycota_Saccharomycotina_Saccharomycetes_Saccharomycetales_Saccharomyces_cerevisiae_baker_s_yeast, Node1652*)",1463,0.5441475913936314,0.6046363655715266,c2,branch_to_yeast
"(Eukaryota_Opisthokonta_Nucletmycea_Fungi_Dikarya_Ascomycota_Saccharomycotina_Saccharomycetes_Saccharomycetales_Saccharomyces_cerevisiae_baker_s_yeast, Node1652*)",1464,-1.0553270624530746e-17,0.6046363655715266,c2,branch_to_yeast
"(Eukaryota_Opisthokonta_Nucletmycea_Fungi_Dikarya_Ascomycota_Saccharomycotina_Saccharomycetes_Saccharomycetales_Saccharomyces_cerevisiae_baker_s_yeast, Node1652*)",1465,0.5441475914141404,0.6575751876162639,c1,branch_to_yeast
"(Eukaryota_Opisthokonta_Nucletmycea_Fungi_Dikarya_Ascomycota_Saccharomycotina_Saccharomycetes_Saccharomycetales_Saccharomyces_cerevisiae_baker_s_yeast, Node1652*)",1466,0.5441475914141404,0.6575751876162639,c1,branch_to_yeast
"(Eukaryota_Opisthokonta_Nucletmycea_Fungi_Dikarya_Ascomycota_Saccharomycotina_Saccharomycetes_Saccharomycetales_Saccharomyces_cerevisiae_baker_s_yeast, Node1652*)",1467,1.6371415385785282,0.6575751876162639,c1,branch_to_yeast
"(Eukaryota_Opisthokonta_Nucletmycea_Fungi_Dikarya_Ascomycota_Saccharomycotina_Saccharomycetes_Saccharomycetales_Saccharomyces_cerevisiae_baker_s_yeast, Node1652*)",1468,0.9586343552652508,0.6575751876162639,c1,branch_to_yeast
"(Eukaryota_Opisthokonta_Nucletmycea_Fungi_Dikarya_Ascomycota_Saccharomycotina_Saccharomycetes_Saccharomycetales_Saccharomyces_cerevisiae_baker_s_yeast, Node1652*)",1469,0.5441475914141404,0.6575751876162639,c1,branch_to_yeast
"(Eukaryota_Opisthokonta_Nucletmycea_Fungi_Dikarya_Ascomycota_Saccharomycotina_Saccharomycetes_Saccharomycetales_Saccharomyces_cerevisiae_baker_s_yeast, Node1652*)",1470,0.5441475914141404,0.6575751876162639,c1,branch_to_yeast
"(Eukaryota_Opisthokonta_Nucletmycea_Fungi_Dikarya_Ascomycota_Saccharomycotina_Saccharomycetes_Saccharomycetales_Saccharomyces_cerevisiae_baker_s_yeast, Node1652*)",1471,1.6371415385785282,0.6575751876162639,c1,branch_to_yeast
"(Eukaryota_Opisthokonta_Nucletmycea_Fungi_Dikarya_Ascomycota_Saccharomycotina_Saccharomycetes_Saccharomycetales_Saccharomyces_cerevisiae_baker_s_yeast, Node1652*)",1472,0.9586343552652508,0.6575751876162639,c1,branch_to_yeast
"(Eukaryota_Opisthokonta_Nucletmycea_Fungi_Dikarya_Ascomycota_Saccharomycotina_Saccharomycetes_Saccharomycetales_Saccharomyces_cerevisiae_baker_s_yeast, Node1652*)",1473,0.5441475914141404,0.6575751876162639,c1,branch_to_yeast
"(Eukaryota_Opisthokonta_Nucletmycea_Fungi_Dikarya_Ascomycota_Saccharomycotina_Saccharomycetes_Saccharomycetales_Saccharomyces_cerevisiae_baker_s_yeast, Node1652*)",1474,0.9586343552652508,0.6575751876162639,c1,branch_to_yeast
"(Eukaryota_Opisthokonta_Nucletmycea_Fungi_Dikarya_Ascomycota_Saccharomycotina_Saccharomycetes_Saccharomycetales_Saccharomyces_cerevisiae_baker_s_yeast, Node1652*)",1475,0.5441475914141404,0.6575751876162639,c1,branch_to_yeast
"(Eukaryota_Opisthokonta_Nucletmycea_Fungi_Dikarya_Ascomycota_Saccharomycotina_Saccharomycetes_Saccharomycetales_Saccharomyces_cerevisiae_baker_s_yeast, Node1652*)",1476,1.6371415385785282,0.6575751876162639,c1,branch_to_yeast
"(Eukaryota_Opisthokonta_Nucletmycea_Fungi_Dikarya_Ascomycota_Saccharomycotina_Saccharomycetes_Saccharomycetales_Saccharomyces_cerevisiae_baker_s_yeast, Node1652*)",1477,1.6371415385785282,0.6575751876162639,c1,branch_to_yeast
"(Eukaryota_Opisthokonta_Nucletmycea_Fungi_Dikarya_Ascomycota_Saccharomycotina_Saccharomycetes_Saccharomycetales_Saccharomyces_cerevisiae_baker_s_yeast, Node1652*)",1478,-1.0813166617665053e-17,0.6575751876162639,c1,branch_to_yeast
"(Eukaryota_Opisthokonta_Nucletmycea_Fungi_Dikarya_Ascomycota_Saccharomycotina_Saccharomycetes_Saccharomycetales_Saccharomyces_cerevisiae_baker_s_yeast, Node1652*)",1479,-9.818839602746848e-18,0.6069936118962173,c3,branch_to_yeast
"(Eukaryota_Opisthokonta_Nucletmycea_Fungi_Dikarya_Ascomycota_Saccharomycotina_Saccharomycetes_Saccharomycetales_Saccharomyces_cerevisiae_baker_s_yeast, Node1652*)",1480,0.5441475913936314,0.6046363655715266,c2,branch_to_yeast
"(Eukaryota_Opisthokonta_Nucletmycea_Fungi_Dikarya_Ascomycota_Saccharomycotina_Saccharomycetes_Saccharomycetales_Saccharomyces_cerevisiae_baker_s_yeast, Node1652*)",1481,0.5441475912541518,0.6069936118962173,c3,branch_to_yeast
"(Eukaryota_Opisthokonta_Nucletmycea_Fungi_Dikarya_Ascomycota_Saccharomycotina_Saccharomycetes_Saccharomycetales_Saccharomyces_cerevisiae_baker_s_yeast, Node1652*)",1482,1.637141537911306,0.6069936118962173,c3,branch_to_yeast
"(Eukaryota_Opisthokonta_Nucletmycea_Fungi_Dikarya_Ascomycota_Saccharomycotina_Saccharomycetes_Saccharomycetales_Saccharomyces_cerevisiae_baker_s_yeast, Node1652*)",1483,1.637141537911306,0.6069936118962173,c3,branch_to_yeast
"(Eukaryota_Opisthokonta_Nucletmycea_Fungi_Dikarya_Ascomycota_Saccharomycotina_Saccharomycetes_Saccharomycetales_Saccharomyces_cerevisiae_baker_s_yeast, Node1652*)",1484,-9.527154096158342e-18,0.6069936118962173,c3,branch_to_yeast
"(Eukaryota_Opisthokonta_Nucletmycea_Fungi_Dikarya_Ascomycota_Saccharomycotina_Saccharomycetes_Saccharomycetales_Saccharomyces_cerevisiae_baker_s_yeast, Node1652*)",1485,0.5441475912541518,0.6069936118962173,c3,branch_to_yeast
"(Eukaryota_Opisthokonta_Nucletmycea_Fungi_Dikarya_Ascomycota_Saccharomycotina_Saccharomycetes_Saccharomycetales_Saccharomyces_cerevisiae_baker_s_yeast, Node1652*)",1486,1.637141537911306,0.6069936118962173,c3,branch_to_yeast
"(Eukaryota_Opisthokonta_Nucletmycea_Fungi_Dikarya_Ascomycota_Saccharomycotina_Saccharomycetes_Saccharomycetales_Saccharomyces_cerevisiae_baker_s_yeast, Node1652*)",1487,5.4888740603136645e-18,0.6069936118962173,c3,branch_to_yeast
"(Eukaryota_Opisthokonta_Nucletmycea_Fungi_Dikarya_Ascomycota_Saccharomycotina_Saccharomycetes_Saccharomycetales_Saccharomyces_cerevisiae_baker_s_yeast, Node1652*)",1488,0.5441475913936314,0.6046363655715266,c2,branch_to_yeast
"(Eukaryota_Opisthokonta_Nucletmycea_Fungi_Dikarya_Ascomycota_Saccharomycotina_Saccharomycetes_Saccharomycetales_Saccharomyces_cerevisiae_baker_s_yeast, Node1652*)",1489,0.5441475913936314,0.6046363655715266,c2,branch_to_yeast
"(Eukaryota_Opisthokonta_Nucletmycea_Fungi_Dikarya_Ascomycota_Saccharomycotina_Saccharomycetes_Saccharomycetales_Saccharomyces_cerevisiae_baker_s_yeast, Node1652*)",1490,0.5441475899074035,0.3476609260040595,c4,branch_to_yeast
"(Eukaryota_Opisthokonta_Nucletmycea_Fungi_Dikarya_Ascomycota_Saccharomycotina_Saccharomycetes_Saccharomycetales_Saccharomyces_cerevisiae_baker_s_yeast, Node1652*)",1491,8.24480746661608e-18,0.6575751876162639,c1,branch_to_yeast
"(Eukaryota_Opisthokonta_Nucletmycea_Fungi_Dikarya_Ascomycota_Saccharomycotina_Saccharomycetes_Saccharomycetales_Saccharomyces_cerevisiae_baker_s_yeast, Node1652*)",1492,0.5441475914141404,0.6575751876162639,c1,branch_to_yeast
"(Eukaryota_Opisthokonta_Nucletmycea_Fungi_Dikarya_Ascomycota_Saccharomycotina_Saccharomycetes_Saccharomycetales_Saccharomyces_cerevisiae_baker_s_yeast, Node1652*)",1493,0.9586343552121765,0.6046363655715266,c2,branch_to_yeast
"(Eukaryota_Opisthokonta_Nucletmycea_Fungi_Dikarya_Ascomycota_Saccharomycotina_Saccharomycetes_Saccharomycetales_Saccharomyces_cerevisiae_baker_s_yeast, Node1652*)",1494,-1.0653906958695409e-17,0.6046363655715266,c2,branch_to_yeast
"(Eukaryota_Opisthokonta_Nucletmycea_Fungi_Dikarya_Ascomycota_Saccharomycotina_Saccharomycetes_Saccharomycetales_Saccharomyces_cerevisiae_baker_s_yeast, Node1652*)",1495,0.958634320272278,0.6069936118962173,c3,branch_to_yeast
"(Eukaryota_Opisthokonta_Nucletmycea_Fungi_Dikarya_Ascomycota_Saccharomycotina_Saccharomycetes_Saccharomycetales_Saccharomyces_cerevisiae_baker_s_yeast, Node1652*)",1496,0.9586343513449362,0.3476609260040595,c4,branch_to_yeast
"(Eukaryota_Opisthokonta_Nucletmycea_Fungi_Dikarya_Ascomycota_Saccharomycotina_Saccharomycetes_Saccharomycetales_Saccharomyces_cerevisiae_baker_s_yeast, Node1652*)",1497,-8.931068062858889e-18,0.6046363655715266,c2,branch_to_yeast
"(Eukaryota_Opisthokonta_Nucletmycea_Fungi_Dikarya_Ascomycota_Saccharomycotina_Saccharomycetes_Saccharomycetales_Saccharomyces_cerevisiae_baker_s_yeast, Node1652*)",1498,-1.6117537780325765e-18,0.3476609260040595,c4,branch_to_yeast
"(Eukaryota_Opisthokonta_Nucletmycea_Fungi_Dikarya_Ascomycota_Saccharomycotina_Saccharomycetes_Saccharomycetales_Saccharomyces_cerevisiae_baker_s_yeast, Node1652*)",1499,7.794691292338532e-18,0.6046363655715266,c2,branch_to_yeast
"(Eukaryota_Opisthokonta_Nucletmycea_Fungi_Dikarya_Ascomycota_Saccharomycotina_Saccharomycetes_Saccharomycetales_Saccharomyces_cerevisiae_baker_s_yeast, Node1652*)",1500,1.637141532282841,0.3476609260040595,c4,branch_to_yeast
"(Eukaryota_Opisthokonta_Nucletmycea_Fungi_Dikarya_Ascomycota_Saccharomycotina_Saccharomycetes_Saccharomycetales_Saccharomyces_cerevisiae_baker_s_yeast, Node1652*)",1501,-4.224130178812615e-18,0.3476609260040595,c4,branch_to_yeast
"(Eukaryota_Opisthokonta_Nucletmycea_Fungi_Dikarya_Ascomycota_Saccharomycotina_Saccharomycetes_Saccharomycetales_Saccharomyces_cerevisiae_baker_s_yeast, Node1652*)",1502,0.5441475899074035,0.3476609260040595,c4,branch_to_yeast
"(Eukaryota_Opisthokonta_Nucletmycea_Fungi_Dikarya_Ascomycota_Saccharomycotina_Saccharomycetes_Saccharomycetales_Saccharomyces_cerevisiae_baker_s_yeast, Node1652*)",1503,0.9586343513631712,0.3476609260040595,c4,branch_to_yeast
"(Eukaryota_Opisthokonta_Nucletmycea_Fungi_Dikarya_Ascomycota_Saccharomycotina_Saccharomycetes_Saccharomycetales_Saccharomyces_cerevisiae_baker_s_yeast, Node1652*)",1504,1.637141532282841,0.3476609260040595,c4,branch_to_yeast
"(Eukaryota_Opisthokonta_Nucletmycea_Fungi_Dikarya_Ascomycota_Saccharomycotina_Saccharomycetes_Saccharomycetales_Saccharomyces_cerevisiae_baker_s_yeast, Node1652*)",1505,-6.870139836995075e-18,0.6069936118962173,c3,branch_to_yeast
"(Eukaryota_Opisthokonta_Nucletmycea_Fungi_Dikarya_Ascomycota_Saccharomycotina_Saccharomycetes_Saccharomycetales_Saccharomyces_cerevisiae_baker_s_yeast, Node1652*)",1506,0.5441475912619707,0.6069936118962173,c3,branch_to_yeast
"(Eukaryota_Opisthokonta_Nucletmycea_Fungi_Dikarya_Ascomycota_Saccharomycotina_Saccharomycetes_Saccharomycetales_Saccharomyces_cerevisiae_baker_s_yeast, Node1652*)",1507,-1.0302361746113852e-17,0.3476609260040595,c4,branch_to_yeast
"(Eukaryota_Opisthokonta_Nucletmycea_Fungi_Dikarya_Ascomycota_Saccharomycotina_Saccharomycetes_Saccharomycetales_Saccharomyces_cerevisiae_baker_s_yeast, Node1652*)",1508,-1.0287028216764632e-17,0.6069936118962173,c3,branch_to_yeast
"(Eukaryota_Opisthokonta_Nucletmycea_Fungi_Dikarya_Ascomycota_Saccharomycotina_Saccharomycetes_Saccharomycetales_Saccharomyces_cerevisiae_baker_s_yeast, Node1652*)",1509,7.84991128514899e-18,0.6069936118962173,c3,branch_to_yeast
"(Eukaryota_Opisthokonta_Nucletmycea_Fungi_Dikarya_Ascomycota_Saccharomycotina_Saccharomycetes_Saccharomycetales_Saccharomyces_cerevisiae_baker_s_yeast, Node1652*)",1510,7.472135361759717e-18,0.6069936118962173,c3,branch_to_yeast
"(Eukaryota_Opisthokonta_Nucletmycea_Fungi_Dikarya_Ascomycota_Saccharomycotina_Saccharomycetes_Saccharomycetales_Saccharomyces_cerevisiae_baker_s_yeast, Node1652*)",1511,0.9586343513631712,0.3476609260040595,c4,branch_to_yeast
"(Eukaryota_Opisthokonta_Nucletmycea_Fungi_Dikarya_Ascomycota_Saccharomycotina_Saccharomycetes_Saccharomycetales_Saccharomyces_cerevisiae_baker_s_yeast, Node1652*)",1512,1.637141532282841,0.3476609260040595,c4,branch_to_yeast
"(Eukaryota_Opisthokonta_Nucletmycea_Fungi_Dikarya_Ascomycota_Saccharomycotina_Saccharomycetes_Saccharomycetales_Saccharomyces_cerevisiae_baker_s_yeast, Node1652*)",1513,-5.255869083910323e-18,0.3476609260040595,c4,branch_to_yeast
"(Eukaryota_Opisthokonta_Nucletmycea_Fungi_Dikarya_Ascomycota_Saccharomycotina_Saccharomycetes_Saccharomycetales_Saccharomyces_cerevisiae_baker_s_yeast, Node1652*)",1514,1.0856311915625095e-18,0.6046363655715266,c2,branch_to_yeast
"(Eukaryota_Opisthokonta_Nucletmycea_Fungi_Dikarya_Ascomycota_Saccharomycotina_Saccharomycetes_Saccharomycetales_Saccharomyces_cerevisiae_baker_s_yeast, Node1652*)",1515,0.9586343513631712,0.3476609260040595,c4,branch_to_yeast
"(Eukaryota_Opisthokonta_Nucletmycea_Fungi_Dikarya_Ascomycota_Saccharomycotina_Saccharomycetes_Saccharomycetales_Saccharomyces_cerevisiae_baker_s_yeast, Node1652*)",1516,0.9586343548511712,0.6069936118962173,c3,branch_to_yeast
"(Eukaryota_Opisthokonta_Nucletmycea_Fungi_Dikarya_Ascomycota_Saccharomycotina_Saccharomycetes_Saccharomycetales_Saccharomyces_cerevisiae_baker_s_yeast, Node1652*)",1517,-6.248953417054244e-19,0.6046363655715266,c2,branch_to_yeast
"(Eukaryota_Opisthokonta_Nucletmycea_Fungi_Dikarya_Ascomycota_Saccharomycotina_Saccharomycetes_Saccharomycetales_Saccharomyces_cerevisiae_baker_s_yeast, Node1652*)",1518,-7.960263173565972e-18,0.3476609260040595,c4,branch_to_yeast
"(Eukaryota_Opisthokonta_Nucletmycea_Fungi_Dikarya_Ascomycota_Saccharomycotina_Saccharomycetes_Saccharomycetales_Saccharomyces_cerevisiae_baker_s_yeast, Node1652*)",1519,0.5441518040722924,0.3476609260040595,c4,branch_to_yeast
"(Eukaryota_Opisthokonta_Nucletmycea_Fungi_Dikarya_Ascomycota_Saccharomycotina_Saccharomycetes_Saccharomycetales_Saccharomyces_cerevisiae_baker_s_yeast, Node1652*)",1520,8.059805949840559e-18,0.3476609260040595,c4,branch_to_yeast
"(Eukaryota_Opisthokonta_Nucletmycea_Fungi_Dikarya_Ascomycota_Saccharomycotina_Saccharomycetes_Saccharomycetales_Saccharomyces_cerevisiae_baker_s_yeast, Node1652*)",1521,1.637141537911306,0.6069936118962173,c3,branch_to_yeast
"(Eukaryota_Opisthokonta_Nucletmycea_Fungi_Dikarya_Ascomycota_Saccharomycotina_Saccharomycetes_Saccharomycetales_Saccharomyces_cerevisiae_baker_s_yeast, Node1652*)",1522,0.5441475914764362,0.6046363655715266,c2,branch_to_yeast
"(Eukaryota_Opisthokonta_Nucletmycea_Fungi_Dikarya_Ascomycota_Saccharomycotina_Saccharomycetes_Saccharomycetales_Saccharomyces_cerevisiae_baker_s_yeast, Node1652*)",1523,1.637141537911306,0.6069936118962173,c3,branch_to_yeast
"(Eukaryota_Opisthokonta_Nucletmycea_Fungi_Dikarya_Ascomycota_Saccharomycotina_Saccharomycetes_Saccharomycetales_Saccharomyces_cerevisiae_baker_s_yeast, Node1652*)",1524,5.834941262296405e-18,0.6046363655715266,c2,branch_to_yeast
"(Eukaryota_Opisthokonta_Nucletmycea_Fungi_Dikarya_Ascomycota_Saccharomycotina_Saccharomycetes_Saccharomycetales_Saccharomyces_cerevisiae_baker_s_yeast, Node1652*)",1525,8.242724627232089e-18,0.6575751876162639,c1,branch_to_yeast
"(Eukaryota_Opisthokonta_Nucletmycea_Fungi_Dikarya_Ascomycota_Saccharomycotina_Saccharomycetes_Saccharomycetales_Saccharomyces_cerevisiae_baker_s_yeast, Node1652*)",1526,1.6371415385785282,0.6575751876162639,c1,branch_to_yeast
"(Eukaryota_Opisthokonta_Nucletmycea_Fungi_Dikarya_Ascomycota_Saccharomycotina_Saccharomycetes_Saccharomycetales_Saccharomyces_cerevisiae_baker_s_yeast, Node1652*)",1527,6.022004776536868e-18,0.6046363655715266,c2,branch_to_yeast
"(Eukaryota_Opisthokonta_Nucletmycea_Fungi_Dikarya_Ascomycota_Saccharomycotina_Saccharomycetes_Saccharomycetales_Saccharomyces_cerevisiae_baker_s_yeast, Node1652*)",1528,-3.122013879519885e-18,0.6046363655715266,c2,branch_to_yeast
"(Eukaryota_Opisthokonta_Nucletmycea_Fungi_Dikarya_Ascomycota_Saccharomycotina_Saccharomycetes_Saccharomycetales_Saccharomyces_cerevisiae_baker_s_yeast, Node1652*)",1529,0.5441475912541518,0.6069936118962173,c3,branch_to_yeast
"(Eukaryota_Opisthokonta_Nucletmycea_Fungi_Dikarya_Ascomycota_Saccharomycotina_Saccharomycetes_Saccharomycetales_Saccharomyces_cerevisiae_baker_s_yeast, Node1652*)",1530,0.9586343513631712,0.3476609260040595,c4,branch_to_yeast
"(Eukaryota_Opisthokonta_Nucletmycea_Fungi_Dikarya_Ascomycota_Saccharomycotina_Saccharomycetes_Saccharomycetales_Saccharomyces_cerevisiae_baker_s_yeast, Node1652*)",1531,0.5441475899074035,0.3476609260040595,c4,branch_to_yeast
"(Eukaryota_Opisthokonta_Nucletmycea_Fungi_Dikarya_Ascomycota_Saccharomycotina_Saccharomycetes_Saccharomycetales_Saccharomyces_cerevisiae_baker_s_yeast, Node1652*)",1532,0.9586343548511712,0.6069936118962173,c3,branch_to_yeast
"(Eukaryota_Opisthokonta_Nucletmycea_Fungi_Dikarya_Ascomycota_Saccharomycotina_Saccharomycetes_Saccharomycetales_Saccharomyces_cerevisiae_baker_s_yeast, Node1652*)",1533,0.9586343548511712,0.6069936118962173,c3,branch_to_yeast
"(Eukaryota_Opisthokonta_Nucletmycea_Fungi_Dikarya_Ascomycota_Saccharomycotina_Saccharomycetes_Saccharomycetales_Saccharomyces_cerevisiae_baker_s_yeast, Node1652*)",1534,0.9586343552121765,0.6046363655715266,c2,branch_to_yeast
"(Eukaryota_Opisthokonta_Nucletmycea_Fungi_Dikarya_Ascomycota_Saccharomycotina_Saccharomycetes_Saccharomycetales_Saccharomyces_cerevisiae_baker_s_yeast, Node1652*)",1535,0.5441475914141404,0.6575751876162639,c1,branch_to_yeast
"(Eukaryota_Opisthokonta_Nucletmycea_Fungi_Dikarya_Ascomycota_Saccharomycotina_Saccharomycetes_Saccharomycetales_Saccharomyces_cerevisiae_baker_s_yeast, Node1652*)",1536,1.6371415385785282,0.6575751876162639,c1,branch_to_yeast
"(Eukaryota_Opisthokonta_Nucletmycea_Fungi_Dikarya_Ascomycota_Saccharomycotina_Saccharomycetes_Saccharomycetales_Saccharomyces_cerevisiae_baker_s_yeast, Node1652*)",1537,6.099381442697019e-18,0.6046363655715266,c2,branch_to_yeast
"(Eukaryota_Opisthokonta_Nucletmycea_Fungi_Dikarya_Ascomycota_Saccharomycotina_Saccharomycetes_Saccharomycetales_Saccharomyces_cerevisiae_baker_s_yeast, Node1652*)",1538,0.5441475914141404,0.6575751876162639,c1,branch_to_yeast
"(Eukaryota_Opisthokonta_Nucletmycea_Fungi_Dikarya_Ascomycota_Saccharomycotina_Saccharomycetes_Saccharomycetales_Saccharomyces_cerevisiae_baker_s_yeast, Node1652*)",1539,-1.0322354048395392e-17,0.6046363655715266,c2,branch_to_yeast
"(Eukaryota_Opisthokonta_Nucletmycea_Fungi_Dikarya_Ascomycota_Saccharomycotina_Saccharomycetes_Saccharomycetales_Saccharomyces_cerevisiae_baker_s_yeast, Node1652*)",1540,1.6371415384930377,0.6046363655715266,c2,branch_to_yeast
"(Eukaryota_Opisthokonta_Nucletmycea_Fungi_Dikarya_Ascomycota_Saccharomycotina_Saccharomycetes_Saccharomycetales_Saccharomyces_cerevisiae_baker_s_yeast, Node1652*)",1541,0.9586343548505212,0.6069936118962173,c3,branch_to_yeast
"(Eukaryota_Opisthokonta_Nucletmycea_Fungi_Dikarya_Ascomycota_Saccharomycotina_Saccharomycetes_Saccharomycetales_Saccharomyces_cerevisiae_baker_s_yeast, Node1652*)",1542,0.9586342903909466,0.6069936118962173,c3,branch_to_yeast
"(Eukaryota_Opisthokonta_Nucletmycea_Fungi_Dikarya_Ascomycota_Saccharomycotina_Saccharomycetes_Saccharomycetales_Saccharomyces_cerevisiae_baker_s_yeast, Node1652*)",1543,-1.0496820788137693e-17,0.6069936118962173,c3,branch_to_yeast
"(Eukaryota_Opisthokonta_Nucletmycea_Fungi_Dikarya_Ascomycota_Saccharomycotina_Saccharomycetes_Saccharomycetales_Saccharomyces_cerevisiae_baker_s_yeast, Node1652*)",1544,6.234482309850078e-18,0.6046363655715266,c2,branch_to_yeast
"(Eukaryota_Opisthokonta_Nucletmycea_Fungi_Dikarya_Ascomycota_Saccharomycotina_Saccharomycetes_Saccharomycetales_Saccharomyces_cerevisiae_baker_s_yeast, Node1652*)",1545,6.1417232751837196e-18,0.6046363655715266,c2,branch_to_yeast
"(Eukaryota_Opisthokonta_Nucletmycea_Fungi_Dikarya_Ascomycota_Saccharomycotina_Saccharomycetes_Saccharomycetales_Saccharomyces_cerevisiae_baker_s_yeast, Node1652*)",1546,1.637141537911306,0.6069936118962173,c3,branch_to_yeast
"(Eukaryota_Opisthokonta_Nucletmycea_Fungi_Dikarya_Ascomycota_Saccharomycotina_Saccharomycetes_Saccharomycetales_Saccharomyces_cerevisiae_baker_s_yeast, Node1652*)",1547,0.5441475913936314,0.6046363655715266,c2,branch_to_yeast
"(Eukaryota_Opisthokonta_Nucletmycea_Fungi_Dikarya_Ascomycota_Saccharomycotina_Saccharomycetes_Saccharomycetales_Saccharomyces_cerevisiae_baker_s_yeast, Node1652*)",1548,0.5441475913936314,0.6046363655715266,c2,branch_to_yeast
"(Eukaryota_Opisthokonta_Nucletmycea_Fungi_Dikarya_Ascomycota_Saccharomycotina_Saccharomycetes_Saccharomycetales_Saccharomyces_cerevisiae_baker_s_yeast, Node1652*)",1549,0.9586343548511712,0.6069936118962173,c3,branch_to_yeast
"(Eukaryota_Opisthokonta_Nucletmycea_Fungi_Dikarya_Ascomycota_Saccharomycotina_Saccharomycetes_Saccharomycetales_Saccharomyces_cerevisiae_baker_s_yeast, Node1652*)",1550,1.637141537237366,0.6069936118962173,c3,branch_to_yeast
"(Eukaryota_Opisthokonta_Nucletmycea_Fungi_Dikarya_Ascomycota_Saccharomycotina_Saccharomycetes_Saccharomycetales_Saccharomyces_cerevisiae_baker_s_yeast, Node1652*)",1551,1.6371415378946037,0.6069936118962173,c3,branch_to_yeast
"(Eukaryota_Opisthokonta_Nucletmycea_Fungi_Dikarya_Ascomycota_Saccharomycotina_Saccharomycetes_Saccharomycetales_Saccharomyces_cerevisiae_baker_s_yeast, Node1652*)",1552,0.9586343552121765,0.6046363655715266,c2,branch_to_yeast
"(Eukaryota_Opisthokonta_Nucletmycea_Fungi_Dikarya_Ascomycota_Saccharomycotina_Saccharomycetes_Saccharomycetales_Saccharomyces_cerevisiae_baker_s_yeast, Node1652*)",1553,2.5457754748313408e-18,0.3476609260040595,c4,branch_to_yeast
"(Eukaryota_Opisthokonta_Nucletmycea_Fungi_Dikarya_Ascomycota_Saccharomycotina_Saccharomycetes_Saccharomycetales_Saccharomyces_cerevisiae_baker_s_yeast, Node1652*)",1554,0.5441475913936314,0.6046363655715266,c2,branch_to_yeast
"(Eukaryota_Opisthokonta_Nucletmycea_Fungi_Dikarya_Ascomycota_Saccharomycotina_Saccharomycetes_Saccharomycetales_Saccharomyces_cerevisiae_baker_s_yeast, Node1652*)",1555,-9.707934408773348e-18,0.6575751876162639,c1,branch_to_yeast
"(Eukaryota_Opisthokonta_Nucletmycea_Fungi_Dikarya_Ascomycota_Saccharomycotina_Saccharomycetes_Saccharomycetales_Saccharomyces_cerevisiae_baker_s_yeast, Node1652*)",1556,0.9586343552652508,0.6575751876162639,c1,branch_to_yeast
"(Eukaryota_Opisthokonta_Nucletmycea_Fungi_Dikarya_Ascomycota_Saccharomycotina_Saccharomycetes_Saccharomycetales_Saccharomyces_cerevisiae_baker_s_yeast, Node1652*)",1557,0.9586343552652508,0.6575751876162639,c1,branch_to_yeast
"(Eukaryota_Opisthokonta_Nucletmycea_Fungi_Dikarya_Ascomycota_Saccharomycotina_Saccharomycetes_Saccharomycetales_Saccharomyces_cerevisiae_baker_s_yeast, Node1652*)",1558,0.5441475914141404,0.6575751876162639,c1,branch_to_yeast
"(Eukaryota_Opisthokonta_Nucletmycea_Fungi_Dikarya_Ascomycota_Saccharomycotina_Saccharomycetes_Saccharomycetales_Saccharomyces_cerevisiae_baker_s_yeast, Node1652*)",1559,0.5441475914141404,0.6575751876162639,c1,branch_to_yeast
"(Eukaryota_Opisthokonta_Nucletmycea_Fungi_Dikarya_Ascomycota_Saccharomycotina_Saccharomycetes_Saccharomycetales_Saccharomyces_cerevisiae_baker_s_yeast, Node1652*)",1560,0.9586343552652508,0.6575751876162639,c1,branch_to_yeast
"(Eukaryota_Opisthokonta_Nucletmycea_Fungi_Dikarya_Ascomycota_Saccharomycotina_Saccharomycetes_Saccharomycetales_Saccharomyces_cerevisiae_baker_s_yeast, Node1652*)",1561,-7.279985425580414e-18,0.6575751876162639,c1,branch_to_yeast
"(Eukaryota_Opisthokonta_Nucletmycea_Fungi_Dikarya_Ascomycota_Saccharomycotina_Saccharomycetes_Saccharomycetales_Saccharomyces_cerevisiae_baker_s_yeast, Node1652*)",1562,7.566647771265194e-18,0.6069936118962173,c3,branch_to_yeast
"(Eukaryota_Opisthokonta_Nucletmycea_Fungi_Dikarya_Ascomycota_Saccharomycotina_Saccharomycetes_Saccharomycetales_Saccharomyces_cerevisiae_baker_s_yeast, Node1652*)",1563,-1.0547501834525228e-17,0.6046363655715266,c2,branch_to_yeast
"(Eukaryota_Opisthokonta_Nucletmycea_Fungi_Dikarya_Ascomycota_Saccharomycotina_Saccharomycetes_Saccharomycetales_Saccharomyces_cerevisiae_baker_s_yeast, Node1652*)",1564,0.9586343552121765,0.6046363655715266,c2,branch_to_yeast
"(Eukaryota_Opisthokonta_Nucletmycea_Fungi_Dikarya_Ascomycota_Saccharomycotina_Saccharomycetes_Saccharomycetales_Saccharomyces_cerevisiae_baker_s_yeast, Node1652*)",1565,0.5441475914141404,0.6575751876162639,c1,branch_to_yeast
"(Eukaryota_Opisthokonta_Nucletmycea_Fungi_Dikarya_Ascomycota_Saccharomycotina_Saccharomycetes_Saccharomycetales_Saccharomyces_cerevisiae_baker_s_yeast, Node1652*)",1566,0.9586343552652508,0.6575751876162639,c1,branch_to_yeast
"(Eukaryota_Opisthokonta_Nucletmycea_Fungi_Dikarya_Ascomycota_Saccharomycotina_Saccharomycetes_Saccharomycetales_Saccharomyces_cerevisiae_baker_s_yeast, Node1652*)",1567,0.9586343552652508,0.6575751876162639,c1,branch_to_yeast
"(Eukaryota_Opisthokonta_Nucletmycea_Fungi_Dikarya_Ascomycota_Saccharomycotina_Saccharomycetes_Saccharomycetales_Saccharomyces_cerevisiae_baker_s_yeast, Node1652*)",1568,1.6371415384930377,0.6046363655715266,c2,branch_to_yeast
"(Eukaryota_Opisthokonta_Nucletmycea_Fungi_Dikarya_Ascomycota_Saccharomycotina_Saccharomycetes_Saccharomycetales_Saccharomyces_cerevisiae_baker_s_yeast, Node1652*)",1569,0.5441475913936314,0.6046363655715266,c2,branch_to_yeast
"(Eukaryota_Opisthokonta_Nucletmycea_Fungi_Dikarya_Ascomycota_Saccharomycotina_Saccharomycetes_Saccharomycetales_Saccharomyces_cerevisiae_baker_s_yeast, Node1652*)",1570,0.5441475914141404,0.6575751876162639,c1,branch_to_yeast
"(Eukaryota_Opisthokonta_Nucletmycea_Fungi_Dikarya_Ascomycota_Saccharomycotina_Saccharomycetes_Saccharomycetales_Saccharomyces_cerevisiae_baker_s_yeast, Node1652*)",1571,-1.0767841928139488e-17,0.6046363655715266,c2,branch_to_yeast
"(Eukaryota_Opisthokonta_Nucletmycea_Fungi_Dikarya_Ascomycota_Saccharomycotina_Saccharomycetes_Saccharomycetales_Saccharomyces_cerevisiae_baker_s_yeast, Node1652*)",1572,0.5441475914141404,0.6575751876162639,c1,branch_to_yeast
"(Eukaryota_Opisthokonta_Nucletmycea_Fungi_Dikarya_Ascomycota_Saccharomycotina_Saccharomycetes_Saccharomycetales_Saccharomyces_cerevisiae_baker_s_yeast, Node1652*)",1573,0.5441475914141404,0.6575751876162639,c1,branch_to_yeast
"(Eukaryota_Opisthokonta_Nucletmycea_Fungi_Dikarya_Ascomycota_Saccharomycotina_Saccharomycetes_Saccharomycetales_Saccharomyces_cerevisiae_baker_s_yeast, Node1652*)",1574,1.6371415385785282,0.6575751876162639,c1,branch_to_yeast
"(Eukaryota_Opisthokonta_Nucletmycea_Fungi_Dikarya_Ascomycota_Saccharomycotina_Saccharomycetes_Saccharomycetales_Saccharomyces_cerevisiae_baker_s_yeast, Node1652*)",1575,0.5441475914141404,0.6575751876162639,c1,branch_to_yeast
"(Eukaryota_Opisthokonta_Nucletmycea_Fungi_Dikarya_Ascomycota_Saccharomycotina_Saccharomycetes_Saccharomycetales_Saccharomyces_cerevisiae_baker_s_yeast, Node1652*)",1576,0.9586343552652508,0.6575751876162639,c1,branch_to_yeast
"(Eukaryota_Opisthokonta_Nucletmycea_Fungi_Dikarya_Ascomycota_Saccharomycotina_Saccharomycetes_Saccharomycetales_Saccharomyces_cerevisiae_baker_s_yeast, Node1652*)",1577,0.9586343552121765,0.6046363655715266,c2,branch_to_yeast
"(Eukaryota_Opisthokonta_Nucletmycea_Fungi_Dikarya_Ascomycota_Saccharomycotina_Saccharomycetes_Saccharomycetales_Saccharomyces_cerevisiae_baker_s_yeast, Node1652*)",1578,-1.076278635383108e-17,0.6575751876162639,c1,branch_to_yeast
"(Eukaryota_Opisthokonta_Nucletmycea_Fungi_Dikarya_Ascomycota_Saccharomycotina_Saccharomycetes_Saccharomycetales_Saccharomyces_cerevisiae_baker_s_yeast, Node1652*)",1579,-1.0886554220968302e-17,0.6575751876162639,c1,branch_to_yeast
"(Eukaryota_Opisthokonta_Nucletmycea_Fungi_Dikarya_Ascomycota_Saccharomycotina_Saccharomycetes_Saccharomycetales_Saccharomyces_cerevisiae_baker_s_yeast, Node1652*)",1580,7.54931090297976e-18,0.6046363655715266,c2,branch_to_yeast
"(Eukaryota_Opisthokonta_Nucletmycea_Fungi_Dikarya_Ascomycota_Saccharomycotina_Saccharomycetes_Saccharomycetales_Saccharomyces_cerevisiae_baker_s_yeast, Node1652*)",1581,1.2642194837246737e-18,0.6046363655715266,c2,branch_to_yeast
"(Eukaryota_Opisthokonta_Nucletmycea_Fungi_Dikarya_Ascomycota_Saccharomycotina_Saccharomycetes_Saccharomycetales_Saccharomyces_cerevisiae_baker_s_yeast, Node1652*)",1582,0.9586343552652508,0.6575751876162639,c1,branch_to_yeast
"(Eukaryota_Opisthokonta_Nucletmycea_Fungi_Dikarya_Ascomycota_Saccharomycotina_Saccharomycetes_Saccharomycetales_Saccharomyces_cerevisiae_baker_s_yeast, Node1652*)",1583,6.210887776500834e-18,0.6575751876162639,c1,branch_to_yeast
"(Eukaryota_Opisthokonta_Nucletmycea_Fungi_Dikarya_Ascomycota_Saccharomycotina_Saccharomycetes_Saccharomycetales_Saccharomyces_cerevisiae_baker_s_yeast, Node1652*)",1584,0.7222455090939459,0.6046363655715266,c2,branch_to_yeast
"(Eukaryota_Opisthokonta_Nucletmycea_Fungi_Dikarya_Ascomycota_Saccharomycotina_Saccharomycetes_Saccharomycetales_Saccharomyces_cerevisiae_baker_s_yeast, Node1652*)",1585,0.5441475914141404,0.6575751876162639,c1,branch_to_yeast
"(Eukaryota_Opisthokonta_Nucletmycea_Fungi_Dikarya_Ascomycota_Saccharomycotina_Saccharomycetes_Saccharomycetales_Saccharomyces_cerevisiae_baker_s_yeast, Node1652*)",1586,-4.52863072079641e-18,0.6575751876162639,c1,branch_to_yeast
"(Eukaryota_Opisthokonta_Nucletmycea_Fungi_Dikarya_Ascomycota_Saccharomycotina_Saccharomycetes_Saccharomycetales_Saccharomyces_cerevisiae_baker_s_yeast, Node1652*)",1587,0.9586343552652508,0.6575751876162639,c1,branch_to_yeast
"(Eukaryota_Opisthokonta_Nucletmycea_Fungi_Dikarya_Ascomycota_Saccharomycotina_Saccharomycetes_Saccharomycetales_Saccharomyces_cerevisiae_baker_s_yeast, Node1652*)",1588,1.6371415384930377,0.6046363655715266,c2,branch_to_yeast
"(Eukaryota_Opisthokonta_Nucletmycea_Fungi_Dikarya_Ascomycota_Saccharomycotina_Saccharomycetes_Saccharomycetales_Saccharomyces_cerevisiae_baker_s_yeast, Node1652*)",1589,1.6371415385785282,0.6575751876162639,c1,branch_to_yeast
"(Eukaryota_Opisthokonta_Nucletmycea_Fungi_Dikarya_Ascomycota_Saccharomycotina_Saccharomycetes_Saccharomycetales_Saccharomyces_cerevisiae_baker_s_yeast, Node1652*)",1590,1.6371415385785282,0.6575751876162639,c1,branch_to_yeast
"(Eukaryota_Opisthokonta_Nucletmycea_Fungi_Dikarya_Ascomycota_Saccharomycotina_Saccharomycetes_Saccharomycetales_Saccharomyces_cerevisiae_baker_s_yeast, Node1652*)",1591,-1.0259202449537624e-17,0.6046363655715266,c2,branch_to_yeast
"(Eukaryota_Opisthokonta_Nucletmycea_Fungi_Dikarya_Ascomycota_Saccharomycotina_Saccharomycetes_Saccharomycetales_Saccharomyces_cerevisiae_baker_s_yeast, Node1652*)",1592,-5.4533643302087174e-18,0.6575751876162639,c1,branch_to_yeast
"(Eukaryota_Opisthokonta_Nucletmycea_Fungi_Dikarya_Ascomycota_Saccharomycotina_Saccharomycetes_Saccharomycetales_Saccharomyces_cerevisiae_baker_s_yeast, Node1652*)",1593,0.5441475914141404,0.6575751876162639,c1,branch_to_yeast
"(Eukaryota_Opisthokonta_Nucletmycea_Fungi_Dikarya_Ascomycota_Saccharomycotina_Saccharomycetes_Saccharomycetales_Saccharomyces_cerevisiae_baker_s_yeast, Node1652*)",1594,0.9586343552121765,0.6046363655715266,c2,branch_to_yeast
"(Eukaryota_Opisthokonta_Nucletmycea_Fungi_Dikarya_Ascomycota_Saccharomycotina_Saccharomycetes_Saccharomycetales_Saccharomyces_cerevisiae_baker_s_yeast, Node1652*)",1595,0.5441475914141404,0.6575751876162639,c1,branch_to_yeast
"(Eukaryota_Opisthokonta_Nucletmycea_Fungi_Dikarya_Ascomycota_Saccharomycotina_Saccharomycetes_Saccharomycetales_Saccharomyces_cerevisiae_baker_s_yeast, Node1652*)",1596,1.6371415384930377,0.6046363655715266,c2,branch_to_yeast
"(Eukaryota_Opisthokonta_Nucletmycea_Fungi_Dikarya_Ascomycota_Saccharomycotina_Saccharomycetes_Saccharomycetales_Saccharomyces_cerevisiae_baker_s_yeast, Node1652*)",1597,0.9586343552121765,0.6046363655715266,c2,branch_to_yeast
"(Eukaryota_Opisthokonta_Nucletmycea_Fungi_Dikarya_Ascomycota_Saccharomycotina_Saccharomycetes_Saccharomycetales_Saccharomyces_cerevisiae_baker_s_yeast, Node1652*)",1598,-5.171510066112535e-18,0.6069936118962173,c3,branch_to_yeast
"(Eukaryota_Opisthokonta_Nucletmycea_Fungi_Dikarya_Ascomycota_Saccharomycotina_Saccharomycetes_Saccharomycetales_Saccharomyces_cerevisiae_baker_s_yeast, Node1652*)",1599,-1.0271556199407557e-17,0.6046363655715266,c2,branch_to_yeast
"(Eukaryota_Opisthokonta_Nucletmycea_Fungi_Dikarya_Ascomycota_Saccharomycotina_Saccharomycetes_Saccharomycetales_Saccharomyces_cerevisiae_baker_s_yeast, Node1652*)",1600,-1.0886554216531453e-17,0.6069936118962173,c3,branch_to_yeast
"(Eukaryota_Opisthokonta_Nucletmycea_Fungi_Dikarya_Ascomycota_Saccharomycotina_Saccharomycetes_Saccharomycetales_Saccharomyces_cerevisiae_baker_s_yeast, Node1652*)",1601,-1.0449000083771969e-17,0.6046363655715266,c2,branch_to_yeast
"(Eukaryota_Opisthokonta_Nucletmycea_Fungi_Dikarya_Ascomycota_Saccharomycotina_Saccharomycetes_Saccharomycetales_Saccharomyces_cerevisiae_baker_s_yeast, Node1652*)",1602,0.9586343552652508,0.6575751876162639,c1,branch_to_yeast
"(Eukaryota_Opisthokonta_Nucletmycea_Fungi_Dikarya_Ascomycota_Saccharomycotina_Saccharomycetes_Saccharomycetales_Saccharomyces_cerevisiae_baker_s_yeast, Node1652*)",1603,0.9586343552652508,0.6575751876162639,c1,branch_to_yeast
"(Eukaryota_Opisthokonta_Nucletmycea_Fungi_Dikarya_Ascomycota_Saccharomycotina_Saccharomycetes_Saccharomycetales_Saccharomyces_cerevisiae_baker_s_yeast, Node1652*)",1604,0.9586343552652508,0.6575751876162639,c1,branch_to_yeast
"(Eukaryota_Opisthokonta_Nucletmycea_Fungi_Dikarya_Ascomycota_Saccharomycotina_Saccharomycetes_Saccharomycetales_Saccharomyces_cerevisiae_baker_s_yeast, Node1652*)",1605,1.6371415385785282,0.6575751876162639,c1,branch_to_yeast
"(Eukaryota_Opisthokonta_Nucletmycea_Fungi_Dikarya_Ascomycota_Saccharomycotina_Saccharomycetes_Saccharomycetales_Saccharomyces_cerevisiae_baker_s_yeast, Node1652*)",1606,1.6371415384930377,0.6046363655715266,c2,branch_to_yeast
"(Eukaryota_Opisthokonta_Nucletmycea_Fungi_Dikarya_Ascomycota_Saccharomycotina_Saccharomycetes_Saccharomycetales_Saccharomyces_cerevisiae_baker_s_yeast, Node1652*)",1607,0.9586343552652508,0.6575751876162639,c1,branch_to_yeast
"(Eukaryota_Opisthokonta_Nucletmycea_Fungi_Dikarya_Ascomycota_Saccharomycotina_Saccharomycetes_Saccharomycetales_Saccharomyces_cerevisiae_baker_s_yeast, Node1652*)",1608,1.6371415385785282,0.6575751876162639,c1,branch_to_yeast
"(Eukaryota_Opisthokonta_Nucletmycea_Fungi_Dikarya_Ascomycota_Saccharomycotina_Saccharomycetes_Saccharomycetales_Saccharomyces_cerevisiae_baker_s_yeast, Node1652*)",1609,0.5441475914141404,0.6575751876162639,c1,branch_to_yeast
"(Eukaryota_Opisthokonta_Nucletmycea_Fungi_Dikarya_Ascomycota_Saccharomycotina_Saccharomycetes_Saccharomycetales_Saccharomyces_cerevisiae_baker_s_yeast, Node1652*)",1610,1.6371415385785282,0.6575751876162639,c1,branch_to_yeast
"(Eukaryota_Opisthokonta_Nucletmycea_Fungi_Dikarya_Ascomycota_Saccharomycotina_Saccharomycetes_Saccharomycetales_Saccharomyces_cerevisiae_baker_s_yeast, Node1652*)",1611,0.9586343552652508,0.6575751876162639,c1,branch_to_yeast
"(Eukaryota_Opisthokonta_Nucletmycea_Fungi_Dikarya_Ascomycota_Saccharomycotina_Saccharomycetes_Saccharomycetales_Saccharomyces_cerevisiae_baker_s_yeast, Node1652*)",1612,1.6371415385785282,0.6575751876162639,c1,branch_to_yeast
"(Eukaryota_Opisthokonta_Nucletmycea_Fungi_Dikarya_Ascomycota_Saccharomycotina_Saccharomycetes_Saccharomycetales_Saccharomyces_cerevisiae_baker_s_yeast, Node1652*)",1613,0.9586343552121765,0.6046363655715266,c2,branch_to_yeast
"(Eukaryota_Opisthokonta_Nucletmycea_Fungi_Dikarya_Ascomycota_Saccharomycotina_Saccharomycetes_Saccharomycetales_Saccharomyces_cerevisiae_baker_s_yeast, Node1652*)",1614,1.6371415385785282,0.6575751876162639,c1,branch_to_yeast
"(Eukaryota_Opisthokonta_Nucletmycea_Fungi_Dikarya_Ascomycota_Saccharomycotina_Saccharomycetes_Saccharomycetales_Saccharomyces_cerevisiae_baker_s_yeast, Node1652*)",1615,0.9586343552121765,0.6046363655715266,c2,branch_to_yeast
"(Eukaryota_Opisthokonta_Nucletmycea_Fungi_Dikarya_Ascomycota_Saccharomycotina_Saccharomycetes_Saccharomycetales_Saccharomyces_cerevisiae_baker_s_yeast, Node1652*)",1616,-1.0886554220399813e-17,0.6046363655715266,c2,branch_to_yeast
"(Eukaryota_Opisthokonta_Nucletmycea_Fungi_Dikarya_Ascomycota_Saccharomycotina_Saccharomycetes_Saccharomycetales_Saccharomyces_cerevisiae_baker_s_yeast, Node1652*)",1617,-9.968414800086388e-18,0.6575751876162639,c1,branch_to_yeast
"(Eukaryota_Opisthokonta_Nucletmycea_Fungi_Dikarya_Ascomycota_Saccharomycotina_Saccharomycetes_Saccharomycetales_Saccharomyces_cerevisiae_baker_s_yeast, Node1652*)",1618,0.5441475914141404,0.6575751876162639,c1,branch_to_yeast
"(Eukaryota_Opisthokonta_Nucletmycea_Fungi_Dikarya_Ascomycota_Saccharomycotina_Saccharomycetes_Saccharomycetales_Saccharomyces_cerevisiae_baker_s_yeast, Node1652*)",1619,1.6371415385785282,0.6575751876162639,c1,branch_to_yeast
"(Eukaryota_Opisthokonta_Nucletmycea_Fungi_Dikarya_Ascomycota_Saccharomycotina_Saccharomycetes_Saccharomycetales_Saccharomyces_cerevisiae_baker_s_yeast, Node1652*)",1620,0.5441475914141404,0.6575751876162639,c1,branch_to_yeast
"(Eukaryota_Opisthokonta_Nucletmycea_Fungi_Dikarya_Ascomycota_Saccharomycotina_Saccharomycetes_Saccharomycetales_Saccharomyces_cerevisiae_baker_s_yeast, Node1652*)",1621,1.6371415385785282,0.6575751876162639,c1,branch_to_yeast
"(Eukaryota_Opisthokonta_Nucletmycea_Fungi_Dikarya_Ascomycota_Saccharomycotina_Saccharomycetes_Saccharomycetales_Saccharomyces_cerevisiae_baker_s_yeast, Node1652*)",1622,6.221777144118322e-18,0.6575751876162639,c1,branch_to_yeast
"(Eukaryota_Opisthokonta_Nucletmycea_Fungi_Dikarya_Ascomycota_Saccharomycotina_Saccharomycetes_Saccharomycetales_Saccharomyces_cerevisiae_baker_s_yeast, Node1652*)",1623,0.9586343552652508,0.6575751876162639,c1,branch_to_yeast
"(Eukaryota_Opisthokonta_Nucletmycea_Fungi_Dikarya_Ascomycota_Saccharomycotina_Saccharomycetes_Saccharomycetales_Saccharomyces_cerevisiae_baker_s_yeast, Node1652*)",1624,0.5441475913936314,0.6046363655715266,c2,branch_to_yeast
"(Eukaryota_Opisthokonta_Nucletmycea_Fungi_Dikarya_Ascomycota_Saccharomycotina_Saccharomycetes_Saccharomycetales_Saccharomyces_cerevisiae_baker_s_yeast, Node1652*)",1625,1.637141532282841,0.3476609260040595,c4,branch_to_yeast
"(Eukaryota_Opisthokonta_Nucletmycea_Fungi_Dikarya_Ascomycota_Saccharomycotina_Saccharomycetes_Saccharomycetales_Saccharomyces_cerevisiae_baker_s_yeast, Node1652*)",1626,0.9586343513631712,0.3476609260040595,c4,branch_to_yeast
"(Eukaryota_Opisthokonta_Nucletmycea_Fungi_Dikarya_Ascomycota_Saccharomycotina_Saccharomycetes_Saccharomycetales_Saccharomyces_cerevisiae_baker_s_yeast, Node1652*)",1627,0.9586343513631712,0.3476609260040595,c4,branch_to_yeast
"(Eukaryota_Opisthokonta_Nucletmycea_Fungi_Dikarya_Ascomycota_Saccharomycotina_Saccharomycetes_Saccharomycetales_Saccharomyces_cerevisiae_baker_s_yeast, Node1652*)",1628,0.5441475912541518,0.6069936118962173,c3,branch_to_yeast
"(Eukaryota_Opisthokonta_Nucletmycea_Fungi_Dikarya_Ascomycota_Saccharomycotina_Saccharomycetes_Saccharomycetales_Saccharomyces_cerevisiae_baker_s_yeast, Node1652*)",1629,0.9586343548511712,0.6069936118962173,c3,branch_to_yeast
"(Eukaryota_Opisthokonta_Nucletmycea_Fungi_Dikarya_Ascomycota_Saccharomycotina_Saccharomycetes_Saccharomycetales_Saccharomyces_cerevisiae_baker_s_yeast, Node1652*)",1630,1.6371415384930377,0.6046363655715266,c2,branch_to_yeast
"(Eukaryota_Opisthokonta_Nucletmycea_Fungi_Dikarya_Ascomycota_Saccharomycotina_Saccharomycetes_Saccharomycetales_Saccharomyces_cerevisiae_baker_s_yeast, Node1652*)",1631,1.6371415385785282,0.6575751876162639,c1,branch_to_yeast
"(Eukaryota_Opisthokonta_Nucletmycea_Fungi_Dikarya_Ascomycota_Saccharomycotina_Saccharomycetes_Saccharomycetales_Saccharomyces_cerevisiae_baker_s_yeast, Node1652*)",1632,0.5441475914141404,0.6575751876162639,c1,branch_to_yeast
"(Eukaryota_Opisthokonta_Nucletmycea_Fungi_Dikarya_Ascomycota_Saccharomycotina_Saccharomycetes_Saccharomycetales_Saccharomyces_cerevisiae_baker_s_yeast, Node1652*)",1633,0.9586343548511712,0.6069936118962173,c3,branch_to_yeast
"(Eukaryota_Opisthokonta_Nucletmycea_Fungi_Dikarya_Ascomycota_Saccharomycotina_Saccharomycetes_Saccharomycetales_Saccharomyces_cerevisiae_baker_s_yeast, Node1652*)",1634,1.637141537911306,0.6069936118962173,c3,branch_to_yeast
"(Eukaryota_Opisthokonta_Nucletmycea_Fungi_Dikarya_Ascomycota_Saccharomycotina_Saccharomycetes_Saccharomycetales_Saccharomyces_cerevisiae_baker_s_yeast, Node1652*)",1635,0.9586343552121765,0.6046363655715266,c2,branch_to_yeast
"(Eukaryota_Opisthokonta_Nucletmycea_Fungi_Dikarya_Ascomycota_Saccharomycotina_Saccharomycetes_Saccharomycetales_Saccharomyces_cerevisiae_baker_s_yeast, Node1652*)",1636,0.5441475912541518,0.6069936118962173,c3,branch_to_yeast
"(Eukaryota_Opisthokonta_Nucletmycea_Fungi_Dikarya_Ascomycota_Saccharomycotina_Saccharomycetes_Saccharomycetales_Saccharomyces_cerevisiae_baker_s_yeast, Node1652*)",1637,0.9586343552652508,0.6575751876162639,c1,branch_to_yeast
"(Eukaryota_Opisthokonta_Nucletmycea_Fungi_Dikarya_Ascomycota_Saccharomycotina_Saccharomycetes_Saccharomycetales_Saccharomyces_cerevisiae_baker_s_yeast, Node1652*)",1638,-6.293275979795093e-18,0.3476609260040595,c4,branch_to_yeast
"(Eukaryota_Opisthokonta_Nucletmycea_Fungi_Dikarya_Ascomycota_Saccharomycotina_Saccharomycetes_Saccharomycetales_Saccharomyces_cerevisiae_baker_s_yeast, Node1652*)",1639,1.6371415322828216,0.3476609260040595,c4,branch_to_yeast
"(Eukaryota_Opisthokonta_Nucletmycea_Fungi_Dikarya_Ascomycota_Saccharomycotina_Saccharomycetes_Saccharomycetales_Saccharomyces_cerevisiae_baker_s_yeast, Node1652*)",1640,-7.008824034784014e-18,0.3476609260040595,c4,branch_to_yeast
"(Eukaryota_Opisthokonta_Nucletmycea_Fungi_Dikarya_Ascomycota_Saccharomycotina_Saccharomycetes_Saccharomycetales_Saccharomyces_cerevisiae_baker_s_yeast, Node1652*)",1641,0.5441475899074035,0.3476609260040595,c4,branch_to_yeast
"(Eukaryota_Opisthokonta_Nucletmycea_Fungi_Dikarya_Ascomycota_Saccharomycotina_Saccharomycetes_Saccharomycetales_Saccharomyces_cerevisiae_baker_s_yeast, Node1652*)",1642,0.5441475899074035,0.3476609260040595,c4,branch_to_yeast
"(Eukaryota_Opisthokonta_Nucletmycea_Fungi_Dikarya_Ascomycota_Saccharomycotina_Saccharomycetes_Saccharomycetales_Saccharomyces_cerevisiae_baker_s_yeast, Node1652*)",1643,1.6371415384930377,0.6046363655715266,c2,branch_to_yeast
"(Eukaryota_Opisthokonta_Nucletmycea_Fungi_Dikarya_Ascomycota_Saccharomycotina_Saccharomycetes_Saccharomycetales_Saccharomyces_cerevisiae_baker_s_yeast, Node1652*)",1644,-1.0886554220968302e-17,0.6575751876162639,c1,branch_to_yeast
"(Eukaryota_Opisthokonta_Nucletmycea_Fungi_Dikarya_Ascomycota_Saccharomycotina_Saccharomycetes_Saccharomycetales_Saccharomyces_cerevisiae_baker_s_yeast, Node1652*)",1645,2.9602929219062585e-18,0.3476609260040595,c4,branch_to_yeast
"(Eukaryota_Opisthokonta_Nucletmycea_Fungi_Dikarya_Ascomycota_Saccharomycotina_Saccharomycetes_Saccharomycetales_Saccharomyces_cerevisiae_baker_s_yeast, Node1652*)",1646,2.6800935323998937e-19,0.6046363655715266,c2,branch_to_yeast
"(Eukaryota_Opisthokonta_Nucletmycea_Fungi_Dikarya_Ascomycota_Saccharomycotina_Saccharomycetes_Saccharomycetales_Saccharomyces_cerevisiae_baker_s_yeast, Node1652*)",1647,0.9586343513449362,0.3476609260040595,c4,branch_to_yeast
"(Eukaryota_Opisthokonta_Nucletmycea_Fungi_Dikarya_Ascomycota_Saccharomycotina_Saccharomycetes_Saccharomycetales_Saccharomyces_cerevisiae_baker_s_yeast, Node1652*)",1648,0.9586343513631712,0.3476609260040595,c4,branch_to_yeast
"(Eukaryota_Opisthokonta_Nucletmycea_Fungi_Dikarya_Ascomycota_Saccharomycotina_Saccharomycetes_Saccharomycetales_Saccharomyces_cerevisiae_baker_s_yeast, Node1652*)",1649,1.637141537911306,0.6069936118962173,c3,branch_to_yeast
"(Eukaryota_Opisthokonta_Nucletmycea_Fungi_Dikarya_Ascomycota_Saccharomycotina_Saccharomycetes_Saccharomycetales_Saccharomyces_cerevisiae_baker_s_yeast, Node1652*)",1650,1.637141537911306,0.6069936118962173,c3,branch_to_yeast
"(Eukaryota_Opisthokonta_Nucletmycea_Fungi_Dikarya_Ascomycota_Saccharomycotina_Saccharomycetes_Saccharomycetales_Saccharomyces_cerevisiae_baker_s_yeast, Node1652*)",1651,0.9586343552652508,0.6575751876162639,c1,branch_to_yeast
"(Eukaryota_Opisthokonta_Nucletmycea_Fungi_Dikarya_Ascomycota_Saccharomycotina_Saccharomycetes_Saccharomycetales_Saccharomyces_cerevisiae_baker_s_yeast, Node1652*)",1652,0.5441475912541518,0.6069936118962173,c3,branch_to_yeast
"(Eukaryota_Opisthokonta_Nucletmycea_Fungi_Dikarya_Ascomycota_Saccharomycotina_Saccharomycetes_Saccharomycetales_Saccharomyces_cerevisiae_baker_s_yeast, Node1652*)",1653,0.7222455088219604,0.6069936118962173,c3,branch_to_yeast
"(Eukaryota_Opisthokonta_Nucletmycea_Fungi_Dikarya_Ascomycota_Saccharomycotina_Saccharomycetes_Saccharomycetales_Saccharomyces_cerevisiae_baker_s_yeast, Node1652*)",1654,0.5441475914141404,0.6575751876162639,c1,branch_to_yeast
"(Eukaryota_Opisthokonta_Nucletmycea_Fungi_Dikarya_Ascomycota_Saccharomycotina_Saccharomycetes_Saccharomycetales_Saccharomyces_cerevisiae_baker_s_yeast, Node1652*)",1655,0.9586343548511712,0.6069936118962173,c3,branch_to_yeast
"(Eukaryota_Opisthokonta_Nucletmycea_Fungi_Dikarya_Ascomycota_Saccharomycotina_Saccharomycetes_Saccharomycetales_Saccharomyces_cerevisiae_baker_s_yeast, Node1652*)",1656,0.9586343548511712,0.6069936118962173,c3,branch_to_yeast
"(Eukaryota_Opisthokonta_Nucletmycea_Fungi_Dikarya_Ascomycota_Saccharomycotina_Saccharomycetes_Saccharomycetales_Saccharomyces_cerevisiae_baker_s_yeast, Node1652*)",1657,-9.69519751842346e-18,0.3476609260040595,c4,branch_to_yeast
"(Eukaryota_Opisthokonta_Nucletmycea_Fungi_Dikarya_Ascomycota_Saccharomycotina_Saccharomycetes_Saccharomycetales_Saccharomyces_cerevisiae_baker_s_yeast, Node1652*)",1658,1.6371415320929843,0.3476609260040595,c4,branch_to_yeast
"(Eukaryota_Opisthokonta_Nucletmycea_Fungi_Dikarya_Ascomycota_Saccharomycotina_Saccharomycetes_Saccharomycetales_Saccharomyces_cerevisiae_baker_s_yeast, Node1652*)",1659,-1.055623121582196e-17,0.6069936118962173,c3,branch_to_yeast
"(Eukaryota_Opisthokonta_Nucletmycea_Fungi_Dikarya_Ascomycota_Saccharomycotina_Saccharomycetes_Saccharomycetales_Saccharomyces_cerevisiae_baker_s_yeast, Node1652*)",1660,8.325427384709344e-18,0.6046363655715266,c2,branch_to_yeast
"(Eukaryota_Opisthokonta_Nucletmycea_Fungi_Dikarya_Ascomycota_Saccharomycotina_Saccharomycetes_Saccharomycetales_Saccharomyces_cerevisiae_baker_s_yeast, Node1652*)",1661,0.9586343552652508,0.6575751876162639,c1,branch_to_yeast
"(Eukaryota_Opisthokonta_Nucletmycea_Fungi_Dikarya_Ascomycota_Saccharomycotina_Saccharomycetes_Saccharomycetales_Saccharomyces_cerevisiae_baker_s_yeast, Node1652*)",1662,0.9586343552652508,0.6575751876162639,c1,branch_to_yeast
"(Eukaryota_Opisthokonta_Nucletmycea_Fungi_Dikarya_Ascomycota_Saccharomycotina_Saccharomycetes_Saccharomycetales_Saccharomyces_cerevisiae_baker_s_yeast, Node1652*)",1663,3.298418781852047e-19,0.6069936118962173,c3,branch_to_yeast
"(Eukaryota_Opisthokonta_Nucletmycea_Fungi_Dikarya_Ascomycota_Saccharomycotina_Saccharomycetes_Saccharomycetales_Saccharomyces_cerevisiae_baker_s_yeast, Node1652*)",1664,5.6223871689377326e-18,0.3476609260040595,c4,branch_to_yeast
"(Eukaryota_Opisthokonta_Nucletmycea_Fungi_Dikarya_Ascomycota_Saccharomycotina_Saccharomycetes_Saccharomycetales_Saccharomyces_cerevisiae_baker_s_yeast, Node1652*)",1665,0.5441475913936314,0.6046363655715266,c2,branch_to_yeast
"(Eukaryota_Opisthokonta_Nucletmycea_Fungi_Dikarya_Ascomycota_Saccharomycotina_Saccharomycetes_Saccharomycetales_Saccharomyces_cerevisiae_baker_s_yeast, Node1652*)",1666,0.5441475914141404,0.6575751876162639,c1,branch_to_yeast
"(Eukaryota_Opisthokonta_Nucletmycea_Fungi_Dikarya_Ascomycota_Saccharomycotina_Saccharomycetes_Saccharomycetales_Saccharomyces_cerevisiae_baker_s_yeast, Node1652*)",1667,-9.417097883845972e-18,0.6046363655715266,c2,branch_to_yeast
"(Eukaryota_Opisthokonta_Nucletmycea_Fungi_Dikarya_Ascomycota_Saccharomycotina_Saccharomycetes_Saccharomycetales_Saccharomyces_cerevisiae_baker_s_yeast, Node1652*)",1668,1.6371415385785282,0.6575751876162639,c1,branch_to_yeast
"(Eukaryota_Opisthokonta_Nucletmycea_Fungi_Dikarya_Ascomycota_Saccharomycotina_Saccharomycetes_Saccharomycetales_Saccharomyces_cerevisiae_baker_s_yeast, Node1652*)",1669,5.793668286277519e-18,0.6069936118962173,c3,branch_to_yeast
"(Eukaryota_Opisthokonta_Nucletmycea_Fungi_Dikarya_Ascomycota_Saccharomycotina_Saccharomycetes_Saccharomycetales_Saccharomyces_cerevisiae_baker_s_yeast, Node1652*)",1670,-8.794966146717977e-18,0.6069936118962173,c3,branch_to_yeast
"(Eukaryota_Opisthokonta_Nucletmycea_Fungi_Dikarya_Ascomycota_Saccharomycotina_Saccharomycetes_Saccharomycetales_Saccharomyces_cerevisiae_baker_s_yeast, Node1652*)",1671,7.638493497365584e-18,0.6069936118962173,c3,branch_to_yeast
"(Eukaryota_Opisthokonta_Nucletmycea_Fungi_Dikarya_Ascomycota_Saccharomycotina_Saccharomycetes_Saccharomycetales_Saccharomyces_cerevisiae_baker_s_yeast, Node1652*)",1672,0.9586343513631712,0.3476609260040595,c4,branch_to_yeast
"(Eukaryota_Opisthokonta_Nucletmycea_Fungi_Dikarya_Ascomycota_Saccharomycotina_Saccharomycetes_Saccharomycetales_Saccharomyces_cerevisiae_baker_s_yeast, Node1652*)",1673,0.5441475914141404,0.6575751876162639,c1,branch_to_yeast
"(Eukaryota_Opisthokonta_Nucletmycea_Fungi_Dikarya_Ascomycota_Saccharomycotina_Saccharomycetes_Saccharomycetales_Saccharomyces_cerevisiae_baker_s_yeast, Node1652*)",1674,0.5441475914141404,0.6575751876162639,c1,branch_to_yeast
"(Eukaryota_Opisthokonta_Nucletmycea_Fungi_Dikarya_Ascomycota_Saccharomycotina_Saccharomycetes_Saccharomycetales_Saccharomyces_cerevisiae_baker_s_yeast, Node1652*)",1675,0.5441475914141404,0.6575751876162639,c1,branch_to_yeast
"(Eukaryota_Opisthokonta_Nucletmycea_Fungi_Dikarya_Ascomycota_Saccharomycotina_Saccharomycetes_Saccharomycetales_Saccharomyces_cerevisiae_baker_s_yeast, Node1652*)",1676,1.637141537911306,0.6069936118962173,c3,branch_to_yeast
"(Eukaryota_Opisthokonta_Nucletmycea_Fungi_Dikarya_Ascomycota_Saccharomycotina_Saccharomycetes_Saccharomycetales_Saccharomyces_cerevisiae_baker_s_yeast, Node1652*)",1677,-1.0065041732903049e-17,0.6069936118962173,c3,branch_to_yeast
"(Eukaryota_Opisthokonta_Nucletmycea_Fungi_Dikarya_Ascomycota_Saccharomycotina_Saccharomycetes_Saccharomycetales_Saccharomyces_cerevisiae_baker_s_yeast, Node1652*)",1678,1.637141537911306,0.6069936118962173,c3,branch_to_yeast
"(Eukaryota_Opisthokonta_Nucletmycea_Fungi_Dikarya_Ascomycota_Saccharomycotina_Saccharomycetes_Saccharomycetales_Saccharomyces_cerevisiae_baker_s_yeast, Node1652*)",1679,1.637141532282841,0.3476609260040595,c4,branch_to_yeast
"(Eukaryota_Opisthokonta_Nucletmycea_Fungi_Dikarya_Ascomycota_Saccharomycotina_Saccharomycetes_Saccharomycetales_Saccharomyces_cerevisiae_baker_s_yeast, Node1652*)",1680,0.9586343513631712,0.3476609260040595,c4,branch_to_yeast
"(Eukaryota_Opisthokonta_Nucletmycea_Fungi_Dikarya_Ascomycota_Saccharomycotina_Saccharomycetes_Saccharomycetales_Saccharomyces_cerevisiae_baker_s_yeast, Node1652*)",1681,8.28363556604289e-18,0.6069936118962173,c3,branch_to_yeast
"(Eukaryota_Opisthokonta_Nucletmycea_Fungi_Dikarya_Ascomycota_Saccharomycotina_Saccharomycetes_Saccharomycetales_Saccharomyces_cerevisiae_baker_s_yeast, Node1652*)",1682,1.6371415385785282,0.6575751876162639,c1,branch_to_yeast
"(Eukaryota_Opisthokonta_Nucletmycea_Fungi_Dikarya_Ascomycota_Saccharomycotina_Saccharomycetes_Saccharomycetales_Saccharomyces_cerevisiae_baker_s_yeast, Node1652*)",1683,0.9586343548511712,0.6069936118962173,c3,branch_to_yeast
"(Eukaryota_Opisthokonta_Nucletmycea_Fungi_Dikarya_Ascomycota_Saccharomycotina_Saccharomycetes_Saccharomycetales_Saccharomyces_cerevisiae_baker_s_yeast, Node1652*)",1684,6.0988254932992076e-18,0.6046363655715266,c2,branch_to_yeast
"(Eukaryota_Opisthokonta_Nucletmycea_Fungi_Dikarya_Ascomycota_Saccharomycotina_Saccharomycetes_Saccharomycetales_Saccharomyces_cerevisiae_baker_s_yeast, Node1652*)",1685,0.9586343552652508,0.6575751876162639,c1,branch_to_yeast
"(Eukaryota_Opisthokonta_Nucletmycea_Fungi_Dikarya_Ascomycota_Saccharomycotina_Saccharomycetes_Saccharomycetales_Saccharomyces_cerevisiae_baker_s_yeast, Node1652*)",1686,1.6371415384930377,0.6046363655715266,c2,branch_to_yeast
"(Eukaryota_Opisthokonta_Nucletmycea_Fungi_Dikarya_Ascomycota_Saccharomycotina_Saccharomycetes_Saccharomycetales_Saccharomyces_cerevisiae_baker_s_yeast, Node1652*)",1687,6.628880972326368e-18,0.6575751876162639,c1,branch_to_yeast
"(Eukaryota_Opisthokonta_Nucletmycea_Fungi_Dikarya_Ascomycota_Saccharomycotina_Saccharomycetes_Saccharomycetales_Saccharomyces_cerevisiae_baker_s_yeast, Node1652*)",1688,0.9586343552121765,0.6046363655715266,c2,branch_to_yeast
"(Eukaryota_Opisthokonta_Nucletmycea_Fungi_Dikarya_Ascomycota_Saccharomycotina_Saccharomycetes_Saccharomycetales_Saccharomyces_cerevisiae_baker_s_yeast, Node1652*)",1689,0.9586343552652508,0.6575751876162639,c1,branch_to_yeast
"(Eukaryota_Opisthokonta_Nucletmycea_Fungi_Dikarya_Ascomycota_Saccharomycotina_Saccharomycetes_Saccharomycetales_Saccharomyces_cerevisiae_baker_s_yeast, Node1652*)",1690,0.9586343552121765,0.6046363655715266,c2,branch_to_yeast
"(Eukaryota_Opisthokonta_Nucletmycea_Fungi_Dikarya_Ascomycota_Saccharomycotina_Saccharomycetes_Saccharomycetales_Saccharomyces_cerevisiae_baker_s_yeast, Node1652*)",1691,0.9586343552652508,0.6575751876162639,c1,branch_to_yeast
"(Eukaryota_Opisthokonta_Nucletmycea_Fungi_Dikarya_Ascomycota_Saccharomycotina_Saccharomycetes_Saccharomycetales_Saccharomyces_cerevisiae_baker_s_yeast, Node1652*)",1692,0.5441475914141404,0.6575751876162639,c1,branch_to_yeast
"(Eukaryota_Opisthokonta_Nucletmycea_Fungi_Dikarya_Ascomycota_Saccharomycotina_Saccharomycetes_Saccharomycetales_Saccharomyces_cerevisiae_baker_s_yeast, Node1652*)",1693,-1.08314725743852e-17,0.6575751876162639,c1,branch_to_yeast
"(Eukaryota_Opisthokonta_Nucletmycea_Fungi_Dikarya_Ascomycota_Saccharomycotina_Saccharomycetes_Saccharomycetales_Saccharomyces_cerevisiae_baker_s_yeast, Node1652*)",1694,0.5441475912541518,0.6069936118962173,c3,branch_to_yeast
"(Eukaryota_Opisthokonta_Nucletmycea_Fungi_Dikarya_Ascomycota_Saccharomycotina_Saccharomycetes_Saccharomycetales_Saccharomyces_cerevisiae_baker_s_yeast, Node1652*)",1695,0.9586343552652508,0.6575751876162639,c1,branch_to_yeast
"(Eukaryota_Opisthokonta_Nucletmycea_Fungi_Dikarya_Ascomycota_Saccharomycotina_Saccharomycetes_Saccharomycetales_Saccharomyces_cerevisiae_baker_s_yeast, Node1652*)",1696,0.5441475899074035,0.3476609260040595,c4,branch_to_yeast
"(Eukaryota_Opisthokonta_Nucletmycea_Fungi_Dikarya_Ascomycota_Saccharomycotina_Saccharomycetes_Saccharomycetales_Saccharomyces_cerevisiae_baker_s_yeast, Node1652*)",1697,0.9586343548511712,0.6069936118962173,c3,branch_to_yeast
"(Eukaryota_Opisthokonta_Nucletmycea_Fungi_Dikarya_Ascomycota_Saccharomycotina_Saccharomycetes_Saccharomycetales_Saccharomyces_cerevisiae_baker_s_yeast, Node1652*)",1698,1.6371415384930377,0.6046363655715266,c2,branch_to_yeast
"(Eukaryota_Opisthokonta_Nucletmycea_Fungi_Dikarya_Ascomycota_Saccharomycotina_Saccharomycetes_Saccharomycetales_Saccharomyces_cerevisiae_baker_s_yeast, Node1652*)",1699,0.5441475913936314,0.6046363655715266,c2,branch_to_yeast
"(Eukaryota_Opisthokonta_Nucletmycea_Fungi_Dikarya_Ascomycota_Saccharomycotina_Saccharomycetes_Saccharomycetales_Saccharomyces_cerevisiae_baker_s_yeast, Node1652*)",1700,-1.0831170629816284e-17,0.6575751876162639,c1,branch_to_yeast
"(Eukaryota_Opisthokonta_Nucletmycea_Fungi_Dikarya_Ascomycota_Saccharomycotina_Saccharomycetes_Saccharomycetales_Saccharomyces_cerevisiae_baker_s_yeast, Node1652*)",1701,-1.0830280616433028e-17,0.6575751876162639,c1,branch_to_yeast
"(Eukaryota_Opisthokonta_Nucletmycea_Fungi_Dikarya_Ascomycota_Saccharomycotina_Saccharomycetes_Saccharomycetales_Saccharomyces_cerevisiae_baker_s_yeast, Node1652*)",1702,0.9586343552652508,0.6575751876162639,c1,branch_to_yeast
"(Eukaryota_Opisthokonta_Nucletmycea_Fungi_Dikarya_Ascomycota_Saccharomycotina_Saccharomycetes_Saccharomycetales_Saccharomyces_cerevisiae_baker_s_yeast, Node1652*)",1703,-1.0866136083945617e-17,0.6046363655715266,c2,branch_to_yeast
"(Eukaryota_Opisthokonta_Nucletmycea_Fungi_Dikarya_Ascomycota_Saccharomycotina_Saccharomycetes_Saccharomycetales_Saccharomyces_cerevisiae_baker_s_yeast, Node1652*)",1704,0.5441475914141404,0.6575751876162639,c1,branch_to_yeast
"(Eukaryota_Opisthokonta_Nucletmycea_Fungi_Dikarya_Ascomycota_Saccharomycotina_Saccharomycetes_Saccharomycetales_Saccharomyces_cerevisiae_baker_s_yeast, Node1652*)",1705,0.5441475914141404,0.6575751876162639,c1,branch_to_yeast
"(Eukaryota_Opisthokonta_Nucletmycea_Fungi_Dikarya_Ascomycota_Saccharomycotina_Saccharomycetes_Saccharomycetales_Saccharomyces_cerevisiae_baker_s_yeast, Node1652*)",1706,-7.146378626776877e-18,0.6046363655715266,c2,branch_to_yeast
"(Eukaryota_Opisthokonta_Nucletmycea_Fungi_Dikarya_Ascomycota_Saccharomycotina_Saccharomycetes_Saccharomycetales_Saccharomyces_cerevisiae_baker_s_yeast, Node1652*)",1707,-1.6650039458682784e-18,0.6046363655715266,c2,branch_to_yeast
"(Eukaryota_Opisthokonta_Nucletmycea_Fungi_Dikarya_Ascomycota_Saccharomycotina_Saccharomycetes_Saccharomycetales_Saccharomyces_cerevisiae_baker_s_yeast, Node1652*)",1708,0.5441475913936261,0.6046363655715266,c2,branch_to_yeast
"(Eukaryota_Opisthokonta_Nucletmycea_Fungi_Dikarya_Ascomycota_Saccharomycotina_Saccharomycetes_Saccharomycetales_Saccharomyces_cerevisiae_baker_s_yeast, Node1652*)",1709,8.007740373972685e-18,0.6575751876162639,c1,branch_to_yeast
"(Eukaryota_Opisthokonta_Nucletmycea_Fungi_Dikarya_Ascomycota_Saccharomycotina_Saccharomycetes_Saccharomycetales_Saccharomyces_cerevisiae_baker_s_yeast, Node1652*)",1710,2.067562177548721e-18,0.6069936118962173,c3,branch_to_yeast
"(Eukaryota_Opisthokonta_Nucletmycea_Fungi_Dikarya_Ascomycota_Saccharomycotina_Saccharomycetes_Saccharomycetales_Saccharomyces_cerevisiae_baker_s_yeast, Node1652*)",1711,0.9586343552121765,0.6046363655715266,c2,branch_to_yeast
"(Eukaryota_Opisthokonta_Nucletmycea_Fungi_Dikarya_Ascomycota_Saccharomycotina_Saccharomycetes_Saccharomycetales_Saccharomyces_cerevisiae_baker_s_yeast, Node1652*)",1712,1.637141537911306,0.6069936118962173,c3,branch_to_yeast
"(Eukaryota_Opisthokonta_Nucletmycea_Fungi_Dikarya_Ascomycota_Saccharomycotina_Saccharomycetes_Saccharomycetales_Saccharomyces_cerevisiae_baker_s_yeast, Node1652*)",1713,5.755081290390256e-18,0.6069936118962173,c3,branch_to_yeast
"(Eukaryota_Opisthokonta_Nucletmycea_Fungi_Dikarya_Ascomycota_Saccharomycotina_Saccharomycetes_Saccharomycetales_Saccharomyces_cerevisiae_baker_s_yeast, Node1652*)",1714,1.6371415385785282,0.6575751876162639,c1,branch_to_yeast
"(Eukaryota_Opisthokonta_Nucletmycea_Fungi_Dikarya_Ascomycota_Saccharomycotina_Saccharomycetes_Saccharomycetales_Saccharomyces_cerevisiae_baker_s_yeast, Node1652*)",1715,5.473891851810403e-18,0.6069936118962173,c3,branch_to_yeast
"(Eukaryota_Opisthokonta_Nucletmycea_Fungi_Dikarya_Ascomycota_Saccharomycotina_Saccharomycetes_Saccharomycetales_Saccharomyces_cerevisiae_baker_s_yeast, Node1652*)",1716,-1.0813076541001122e-17,0.6575751876162639,c1,branch_to_yeast
"(Eukaryota_Opisthokonta_Nucletmycea_Fungi_Dikarya_Ascomycota_Saccharomycotina_Saccharomycetes_Saccharomycetales_Saccharomyces_cerevisiae_baker_s_yeast, Node1652*)",1717,1.6371415385785282,0.6575751876162639,c1,branch_to_yeast
"(Eukaryota_Opisthokonta_Nucletmycea_Fungi_Dikarya_Ascomycota_Saccharomycotina_Saccharomycetes_Saccharomycetales_Saccharomyces_cerevisiae_baker_s_yeast, Node1652*)",1718,0.5441475914141404,0.6575751876162639,c1,branch_to_yeast
"(Eukaryota_Opisthokonta_Nucletmycea_Fungi_Dikarya_Ascomycota_Saccharomycotina_Saccharomycetes_Saccharomycetales_Saccharomyces_cerevisiae_baker_s_yeast, Node1652*)",1719,0.5441475914141404,0.6575751876162639,c1,branch_to_yeast
"(Eukaryota_Opisthokonta_Nucletmycea_Fungi_Dikarya_Ascomycota_Saccharomycotina_Saccharomycetes_Saccharomycetales_Saccharomyces_cerevisiae_baker_s_yeast, Node1652*)",1720,1.6371415385785282,0.6575751876162639,c1,branch_to_yeast
"(Eukaryota_Opisthokonta_Nucletmycea_Fungi_Dikarya_Ascomycota_Saccharomycotina_Saccharomycetes_Saccharomycetales_Saccharomyces_cerevisiae_baker_s_yeast, Node1652*)",1721,0.9586343548511712,0.6069936118962173,c3,branch_to_yeast
"(Eukaryota_Opisthokonta_Nucletmycea_Fungi_Dikarya_Ascomycota_Saccharomycotina_Saccharomycetes_Saccharomycetales_Saccharomyces_cerevisiae_baker_s_yeast, Node1652*)",1722,0.5441475912541518,0.6069936118962173,c3,branch_to_yeast
"(Eukaryota_Opisthokonta_Nucletmycea_Fungi_Dikarya_Ascomycota_Saccharomycotina_Saccharomycetes_Saccharomycetales_Saccharomyces_cerevisiae_baker_s_yeast, Node1652*)",1723,0.9586343552652508,0.6575751876162639,c1,branch_to_yeast
"(Eukaryota_Opisthokonta_Nucletmycea_Fungi_Dikarya_Ascomycota_Saccharomycotina_Saccharomycetes_Saccharomycetales_Saccharomyces_cerevisiae_baker_s_yeast, Node1652*)",1724,0.9586343552652508,0.6575751876162639,c1,branch_to_yeast
"(Eukaryota_Opisthokonta_Nucletmycea_Fungi_Dikarya_Ascomycota_Saccharomycotina_Saccharomycetes_Saccharomycetales_Saccharomyces_cerevisiae_baker_s_yeast, Node1652*)",1725,0.5441475914141404,0.6575751876162639,c1,branch_to_yeast
"(Eukaryota_Opisthokonta_Nucletmycea_Fungi_Dikarya_Ascomycota_Saccharomycotina_Saccharomycetes_Saccharomycetales_Saccharomyces_cerevisiae_baker_s_yeast, Node1652*)",1726,0.5441475914141404,0.6575751876162639,c1,branch_to_yeast
"(Eukaryota_Opisthokonta_Nucletmycea_Fungi_Dikarya_Ascomycota_Saccharomycotina_Saccharomycetes_Saccharomycetales_Saccharomyces_cerevisiae_baker_s_yeast, Node1652*)",1727,6.2329415509733405e-18,0.6575751876162639,c1,branch_to_yeast
"(Eukaryota_Opisthokonta_Nucletmycea_Fungi_Dikarya_Ascomycota_Saccharomycotina_Saccharomycetes_Saccharomycetales_Saccharomyces_cerevisiae_baker_s_yeast, Node1652*)",1728,8.081364388723702e-18,0.6046363655715266,c2,branch_to_yeast
"(Eukaryota_Opisthokonta_Nucletmycea_Fungi_Dikarya_Ascomycota_Saccharomycotina_Saccharomycetes_Saccharomycetales_Saccharomyces_cerevisiae_baker_s_yeast, Node1652*)",1729,1.6371415384930377,0.6046363655715266,c2,branch_to_yeast
"(Eukaryota_Opisthokonta_Nucletmycea_Fungi_Dikarya_Ascomycota_Saccharomycotina_Saccharomycetes_Saccharomycetales_Saccharomyces_cerevisiae_baker_s_yeast, Node1652*)",1730,1.6371415385785282,0.6575751876162639,c1,branch_to_yeast
"(Eukaryota_Opisthokonta_Nucletmycea_Fungi_Dikarya_Ascomycota_Saccharomycotina_Saccharomycetes_Saccharomycetales_Saccharomyces_cerevisiae_baker_s_yeast, Node1652*)",1731,-1.0624209213142673e-17,0.6575751876162639,c1,branch_to_yeast
"(Eukaryota_Opisthokonta_Nucletmycea_Fungi_Dikarya_Ascomycota_Saccharomycotina_Saccharomycetes_Saccharomycetales_Saccharomyces_cerevisiae_baker_s_yeast, Node1652*)",1732,0.5441475914141404,0.6575751876162639,c1,branch_to_yeast
"(Eukaryota_Opisthokonta_Nucletmycea_Fungi_Dikarya_Ascomycota_Saccharomycotina_Saccharomycetes_Saccharomycetales_Saccharomyces_cerevisiae_baker_s_yeast, Node1652*)",1733,0.9586343552652508,0.6575751876162639,c1,branch_to_yeast
"(Eukaryota_Opisthokonta_Nucletmycea_Fungi_Dikarya_Ascomycota_Saccharomycotina_Saccharomycetes_Saccharomycetales_Saccharomyces_cerevisiae_baker_s_yeast, Node1652*)",1734,-5.025481328924134e-18,0.6575751876162639,c1,branch_to_yeast
"(Eukaryota_Opisthokonta_Nucletmycea_Fungi_Dikarya_Ascomycota_Saccharomycotina_Saccharomycetes_Saccharomycetales_Saccharomyces_cerevisiae_baker_s_yeast, Node1652*)",1735,0.5441475914141404,0.6575751876162639,c1,branch_to_yeast
"(Eukaryota_Opisthokonta_Nucletmycea_Fungi_Dikarya_Ascomycota_Saccharomycotina_Saccharomycetes_Saccharomycetales_Saccharomyces_cerevisiae_baker_s_yeast, Node1652*)",1736,0.5441475914141404,0.6575751876162639,c1,branch_to_yeast
"(Eukaryota_Opisthokonta_Nucletmycea_Fungi_Dikarya_Ascomycota_Saccharomycotina_Saccharomycetes_Saccharomycetales_Saccharomyces_cerevisiae_baker_s_yeast, Node1652*)",1737,0.9586343552121765,0.6046363655715266,c2,branch_to_yeast
"(Eukaryota_Opisthokonta_Nucletmycea_Fungi_Dikarya_Ascomycota_Saccharomycotina_Saccharomycetes_Saccharomycetales_Saccharomyces_cerevisiae_baker_s_yeast, Node1652*)",1738,1.6371415385785282,0.6575751876162639,c1,branch_to_yeast
"(Eukaryota_Opisthokonta_Nucletmycea_Fungi_Dikarya_Ascomycota_Saccharomycotina_Saccharomycetes_Saccharomycetales_Saccharomyces_cerevisiae_baker_s_yeast, Node1652*)",1739,0.9586343552652508,0.6575751876162639,c1,branch_to_yeast
"(Eukaryota_Opisthokonta_Nucletmycea_Fungi_Dikarya_Ascomycota_Saccharomycotina_Saccharomycetes_Saccharomycetales_Saccharomyces_cerevisiae_baker_s_yeast, Node1652*)",1740,1.637141537911306,0.6069936118962173,c3,branch_to_yeast
"(Eukaryota_Opisthokonta_Nucletmycea_Fungi_Dikarya_Ascomycota_Saccharomycotina_Saccharomycetes_Saccharomycetales_Saccharomyces_cerevisiae_baker_s_yeast, Node1652*)",1741,0.5441475912541518,0.6069936118962173,c3,branch_to_yeast
"(Eukaryota_Opisthokonta_Nucletmycea_Fungi_Dikarya_Ascomycota_Saccharomycotina_Saccharomycetes_Saccharomycetales_Saccharomyces_cerevisiae_baker_s_yeast, Node1652*)",1742,0.5441475912541518,0.6069936118962173,c3,branch_to_yeast
"(Eukaryota_Opisthokonta_Nucletmycea_Fungi_Dikarya_Ascomycota_Saccharomycotina_Saccharomycetes_Saccharomycetales_Saccharomyces_cerevisiae_baker_s_yeast, Node1652*)",1743,0.9586343552121765,0.6046363655715266,c2,branch_to_yeast
"(Eukaryota_Opisthokonta_Nucletmycea_Fungi_Dikarya_Ascomycota_Saccharomycotina_Saccharomycetes_Saccharomycetales_Saccharomyces_cerevisiae_baker_s_yeast, Node1652*)",1744,1.5506391687430981e-18,0.6575751876162639,c1,branch_to_yeast
"(Eukaryota_Opisthokonta_Nucletmycea_Fungi_Dikarya_Ascomycota_Saccharomycotina_Saccharomycetes_Saccharomycetales_Saccharomyces_cerevisiae_baker_s_yeast, Node1652*)",1745,1.6371415385785282,0.6575751876162639,c1,branch_to_yeast
"(Eukaryota_Opisthokonta_Nucletmycea_Fungi_Dikarya_Ascomycota_Saccharomycotina_Saccharomycetes_Saccharomycetales_Saccharomyces_cerevisiae_baker_s_yeast, Node1652*)",1746,0.5441475914141404,0.6575751876162639,c1,branch_to_yeast
"(Eukaryota_Opisthokonta_Nucletmycea_Fungi_Dikarya_Ascomycota_Saccharomycotina_Saccharomycetes_Saccharomycetales_Saccharomyces_cerevisiae_baker_s_yeast, Node1652*)",1747,-1.0560245606340629e-17,0.6046363655715266,c2,branch_to_yeast
"(Eukaryota_Opisthokonta_Nucletmycea_Fungi_Dikarya_Ascomycota_Saccharomycotina_Saccharomycetes_Saccharomycetales_Saccharomyces_cerevisiae_baker_s_yeast, Node1652*)",1748,4.109494403226302e-18,0.6046363655715266,c2,branch_to_yeast
"(Eukaryota_Opisthokonta_Nucletmycea_Fungi_Dikarya_Ascomycota_Saccharomycotina_Saccharomycetes_Saccharomycetales_Saccharomyces_cerevisiae_baker_s_yeast, Node1652*)",1749,1.637141537911306,0.6069936118962173,c3,branch_to_yeast
"(Eukaryota_Opisthokonta_Nucletmycea_Fungi_Dikarya_Ascomycota_Saccharomycotina_Saccharomycetes_Saccharomycetales_Saccharomyces_cerevisiae_baker_s_yeast, Node1652*)",1750,0.5441475914141404,0.6575751876162639,c1,branch_to_yeast
"(Eukaryota_Opisthokonta_Nucletmycea_Fungi_Dikarya_Ascomycota_Saccharomycotina_Saccharomycetes_Saccharomycetales_Saccharomyces_cerevisiae_baker_s_yeast, Node1652*)",1751,0.9586343548511712,0.6069936118962173,c3,branch_to_yeast
"(Eukaryota_Opisthokonta_Nucletmycea_Fungi_Dikarya_Ascomycota_Saccharomycotina_Saccharomycetes_Saccharomycetales_Saccharomyces_cerevisiae_baker_s_yeast, Node1652*)",1752,1.6371415384930377,0.6046363655715266,c2,branch_to_yeast
"(Eukaryota_Opisthokonta_Nucletmycea_Fungi_Dikarya_Ascomycota_Saccharomycotina_Saccharomycetes_Saccharomycetales_Saccharomyces_cerevisiae_baker_s_yeast, Node1652*)",1753,5.895601938012651e-18,0.6069936118962173,c3,branch_to_yeast
"(Eukaryota_Opisthokonta_Nucletmycea_Fungi_Dikarya_Ascomycota_Saccharomycotina_Saccharomycetes_Saccharomycetales_Saccharomyces_cerevisiae_baker_s_yeast, Node1652*)",1754,-9.077714455152445e-18,0.6069936118962173,c3,branch_to_yeast
"(Eukaryota_Opisthokonta_Nucletmycea_Fungi_Dikarya_Ascomycota_Saccharomycotina_Saccharomycetes_Saccharomycetales_Saccharomyces_cerevisiae_baker_s_yeast, Node1652*)",1755,0.9586343548511712,0.6069936118962173,c3,branch_to_yeast
"(Eukaryota_Opisthokonta_Nucletmycea_Fungi_Dikarya_Ascomycota_Saccharomycotina_Saccharomycetes_Saccharomycetales_Saccharomyces_cerevisiae_baker_s_yeast, Node1652*)",1756,1.6371415385785282,0.6575751876162639,c1,branch_to_yeast
"(Eukaryota_Opisthokonta_Nucletmycea_Fungi_Dikarya_Ascomycota_Saccharomycotina_Saccharomycetes_Saccharomycetales_Saccharomyces_cerevisiae_baker_s_yeast, Node1652*)",1757,0.9586343552652508,0.6575751876162639,c1,branch_to_yeast
"(Eukaryota_Opisthokonta_Nucletmycea_Fungi_Dikarya_Ascomycota_Saccharomycotina_Saccharomycetes_Saccharomycetales_Saccharomyces_cerevisiae_baker_s_yeast, Node1652*)",1758,-1.0652396987752218e-17,0.6046363655715266,c2,branch_to_yeast
"(Eukaryota_Opisthokonta_Nucletmycea_Fungi_Dikarya_Ascomycota_Saccharomycotina_Saccharomycetes_Saccharomycetales_Saccharomyces_cerevisiae_baker_s_yeast, Node1652*)",1759,-9.734273661426409e-18,0.6575751876162639,c1,branch_to_yeast
"(Eukaryota_Opisthokonta_Nucletmycea_Fungi_Dikarya_Ascomycota_Saccharomycotina_Saccharomycetes_Saccharomycetales_Saccharomyces_cerevisiae_baker_s_yeast, Node1652*)",1760,0.9586343552652508,0.6575751876162639,c1,branch_to_yeast
"(Eukaryota_Opisthokonta_Nucletmycea_Fungi_Dikarya_Ascomycota_Saccharomycotina_Saccharomycetes_Saccharomycetales_Saccharomyces_cerevisiae_baker_s_yeast, Node1652*)",1761,0.5441475914141404,0.6575751876162639,c1,branch_to_yeast
"(Eukaryota_Opisthokonta_Nucletmycea_Fungi_Dikarya_Ascomycota_Saccharomycotina_Saccharomycetes_Saccharomycetales_Saccharomyces_cerevisiae_baker_s_yeast, Node1652*)",1762,-7.854691384766739e-18,0.6575751876162639,c1,branch_to_yeast
"(Eukaryota_Opisthokonta_Nucletmycea_Fungi_Dikarya_Ascomycota_Saccharomycotina_Saccharomycetes_Saccharomycetales_Saccharomyces_cerevisiae_baker_s_yeast, Node1652*)",1763,-1.0127568926765765e-17,0.6575751876162639,c1,branch_to_yeast
"(Eukaryota_Opisthokonta_Nucletmycea_Fungi_Dikarya_Ascomycota_Saccharomycotina_Saccharomycetes_Saccharomycetales_Saccharomyces_cerevisiae_baker_s_yeast, Node1652*)",1764,0.5441475913936314,0.6046363655715266,c2,branch_to_yeast
"(Eukaryota_Opisthokonta_Nucletmycea_Fungi_Dikarya_Ascomycota_Saccharomycotina_Saccharomycetes_Saccharomycetales_Saccharomyces_cerevisiae_baker_s_yeast, Node1652*)",1765,1.6371415385785282,0.6575751876162639,c1,branch_to_yeast
"(Eukaryota_Opisthokonta_Nucletmycea_Fungi_Dikarya_Ascomycota_Saccharomycotina_Saccharomycetes_Saccharomycetales_Saccharomyces_cerevisiae_baker_s_yeast, Node1652*)",1766,0.9586343552652508,0.6575751876162639,c1,branch_to_yeast
"(Eukaryota_Opisthokonta_Nucletmycea_Fungi_Dikarya_Ascomycota_Saccharomycotina_Saccharomycetes_Saccharomycetales_Saccharomyces_cerevisiae_baker_s_yeast, Node1652*)",1767,5.767930519922475e-18,0.6575751876162639,c1,branch_to_yeast
"(Eukaryota_Opisthokonta_Nucletmycea_Fungi_Dikarya_Ascomycota_Saccharomycotina_Saccharomycetes_Saccharomycetales_Saccharomyces_cerevisiae_baker_s_yeast, Node1652*)",1768,1.6371415385785282,0.6575751876162639,c1,branch_to_yeast
"(Eukaryota_Opisthokonta_Nucletmycea_Fungi_Dikarya_Ascomycota_Saccharomycotina_Saccharomycetes_Saccharomycetales_Saccharomyces_cerevisiae_baker_s_yeast, Node1652*)",1769,1.6371415385785282,0.6575751876162639,c1,branch_to_yeast
"(Eukaryota_Opisthokonta_Nucletmycea_Fungi_Dikarya_Ascomycota_Saccharomycotina_Saccharomycetes_Saccharomycetales_Saccharomyces_cerevisiae_baker_s_yeast, Node1652*)",1770,1.6371415385785282,0.6575751876162639,c1,branch_to_yeast
"(Eukaryota_Opisthokonta_Nucletmycea_Fungi_Dikarya_Ascomycota_Saccharomycotina_Saccharomycetes_Saccharomycetales_Saccharomyces_cerevisiae_baker_s_yeast, Node1652*)",1771,6.217895011833861e-18,0.6575751876162639,c1,branch_to_yeast
"(Eukaryota_Opisthokonta_Nucletmycea_Fungi_Dikarya_Ascomycota_Saccharomycotina_Saccharomycetes_Saccharomycetales_Saccharomyces_cerevisiae_baker_s_yeast, Node1652*)",1772,0.9586343552652508,0.6575751876162639,c1,branch_to_yeast
"(Eukaryota_Opisthokonta_Nucletmycea_Fungi_Dikarya_Ascomycota_Saccharomycotina_Saccharomycetes_Saccharomycetales_Saccharomyces_cerevisiae_baker_s_yeast, Node1652*)",1773,1.6371415385785282,0.6575751876162639,c1,branch_to_yeast
"(Eukaryota_Opisthokonta_Nucletmycea_Fungi_Dikarya_Ascomycota_Saccharomycotina_Saccharomycetes_Saccharomycetales_Saccharomyces_cerevisiae_baker_s_yeast, Node1652*)",1774,1.6371415384930377,0.6046363655715266,c2,branch_to_yeast
"(Eukaryota_Opisthokonta_Nucletmycea_Fungi_Dikarya_Ascomycota_Saccharomycotina_Saccharomycetes_Saccharomycetales_Saccharomyces_cerevisiae_baker_s_yeast, Node1652*)",1775,1.6371415384930377,0.6046363655715266,c2,branch_to_yeast
"(Eukaryota_Opisthokonta_Nucletmycea_Fungi_Dikarya_Ascomycota_Saccharomycotina_Saccharomycetes_Saccharomycetales_Saccharomyces_cerevisiae_baker_s_yeast, Node1652*)",1776,-5.811221622104156e-18,0.6575751876162639,c1,branch_to_yeast
"(Eukaryota_Opisthokonta_Nucletmycea_Fungi_Dikarya_Ascomycota_Saccharomycotina_Saccharomycetes_Saccharomycetales_Saccharomyces_cerevisiae_baker_s_yeast, Node1652*)",1777,4.083567309875312e-18,0.6575751876162639,c1,branch_to_yeast
"(Eukaryota_Opisthokonta_Nucletmycea_Fungi_Dikarya_Ascomycota_Saccharomycotina_Saccharomycetes_Saccharomycetales_Saccharomyces_cerevisiae_baker_s_yeast, Node1652*)",1778,5.495745792693413e-18,0.6575751876162639,c1,branch_to_yeast
"(Eukaryota_Opisthokonta_Nucletmycea_Fungi_Dikarya_Ascomycota_Saccharomycotina_Saccharomycetes_Saccharomycetales_Saccharomyces_cerevisiae_baker_s_yeast, Node1652*)",1779,0.9586343552652508,0.6575751876162639,c1,branch_to_yeast
"(Eukaryota_Opisthokonta_Nucletmycea_Fungi_Dikarya_Ascomycota_Saccharomycotina_Saccharomycetes_Saccharomycetales_Saccharomyces_cerevisiae_baker_s_yeast, Node1652*)",1780,6.7927434773129285e-18,0.6575751876162639,c1,branch_to_yeast
"(Eukaryota_Opisthokonta_Nucletmycea_Fungi_Dikarya_Ascomycota_Saccharomycotina_Saccharomycetes_Saccharomycetales_Saccharomyces_cerevisiae_baker_s_yeast, Node1652*)",1781,0.5441475914141404,0.6575751876162639,c1,branch_to_yeast
"(Eukaryota_Opisthokonta_Nucletmycea_Fungi_Dikarya_Ascomycota_Saccharomycotina_Saccharomycetes_Saccharomycetales_Saccharomyces_cerevisiae_baker_s_yeast, Node1652*)",1782,1.6371415385785282,0.6575751876162639,c1,branch_to_yeast
"(Eukaryota_Opisthokonta_Nucletmycea_Fungi_Dikarya_Ascomycota_Saccharomycotina_Saccharomycetes_Saccharomycetales_Saccharomyces_cerevisiae_baker_s_yeast, Node1652*)",1783,0.5441475914141404,0.6575751876162639,c1,branch_to_yeast
"(Eukaryota_Opisthokonta_Nucletmycea_Fungi_Dikarya_Ascomycota_Saccharomycotina_Saccharomycetes_Saccharomycetales_Saccharomyces_cerevisiae_baker_s_yeast, Node1652*)",1784,1.6371415385785282,0.6575751876162639,c1,branch_to_yeast
"(Eukaryota_Opisthokonta_Nucletmycea_Fungi_Dikarya_Ascomycota_Saccharomycotina_Saccharomycetes_Saccharomycetales_Saccharomyces_cerevisiae_baker_s_yeast, Node1652*)",1785,0.5441475914141404,0.6575751876162639,c1,branch_to_yeast
"(Eukaryota_Opisthokonta_Nucletmycea_Fungi_Dikarya_Ascomycota_Saccharomycotina_Saccharomycetes_Saccharomycetales_Saccharomyces_cerevisiae_baker_s_yeast, Node1652*)",1786,1.6371415385785282,0.6575751876162639,c1,branch_to_yeast
"(Eukaryota_Opisthokonta_Nucletmycea_Fungi_Dikarya_Ascomycota_Saccharomycotina_Saccharomycetes_Saccharomycetales_Saccharomyces_cerevisiae_baker_s_yeast, Node1652*)",1787,1.6371415385785282,0.6575751876162639,c1,branch_to_yeast
"(Eukaryota_Opisthokonta_Nucletmycea_Fungi_Dikarya_Ascomycota_Saccharomycotina_Saccharomycetes_Saccharomycetales_Saccharomyces_cerevisiae_baker_s_yeast, Node1652*)",1788,0.9586343552652508,0.6575751876162639,c1,branch_to_yeast
"(Eukaryota_Opisthokonta_Nucletmycea_Fungi_Dikarya_Ascomycota_Saccharomycotina_Saccharomycetes_Saccharomycetales_Saccharomyces_cerevisiae_baker_s_yeast, Node1652*)",1789,1.6371415385785282,0.6575751876162639,c1,branch_to_yeast
"(Eukaryota_Opisthokonta_Nucletmycea_Fungi_Dikarya_Ascomycota_Saccharomycotina_Saccharomycetes_Saccharomycetales_Saccharomyces_cerevisiae_baker_s_yeast, Node1652*)",1790,1.6371415385785282,0.6575751876162639,c1,branch_to_yeast
"(Eukaryota_Opisthokonta_Nucletmycea_Fungi_Dikarya_Ascomycota_Saccharomycotina_Saccharomycetes_Saccharomycetales_Saccharomyces_cerevisiae_baker_s_yeast, Node1652*)",1791,1.6371415385785282,0.6575751876162639,c1,branch_to_yeast
"(Eukaryota_Opisthokonta_Nucletmycea_Fungi_Dikarya_Ascomycota_Saccharomycotina_Saccharomycetes_Saccharomycetales_Saccharomyces_cerevisiae_baker_s_yeast, Node1652*)",1792,0.9586343552652508,0.6575751876162639,c1,branch_to_yeast
"(Eukaryota_Opisthokonta_Nucletmycea_Fungi_Dikarya_Ascomycota_Saccharomycotina_Saccharomycetes_Saccharomycetales_Saccharomyces_cerevisiae_baker_s_yeast, Node1652*)",1793,7.38200587878087e-18,0.6575751876162639,c1,branch_to_yeast
"(Eukaryota_Opisthokonta_Nucletmycea_Fungi_Dikarya_Ascomycota_Saccharomycotina_Saccharomycetes_Saccharomycetales_Saccharomyces_cerevisiae_baker_s_yeast, Node1652*)",1794,1.6371415385785282,0.6575751876162639,c1,branch_to_yeast
"(Eukaryota_Opisthokonta_Nucletmycea_Fungi_Dikarya_Ascomycota_Saccharomycotina_Saccharomycetes_Saccharomycetales_Saccharomyces_cerevisiae_baker_s_yeast, Node1652*)",1795,0.9586343552652508,0.6575751876162639,c1,branch_to_yeast
"(Eukaryota_Opisthokonta_Nucletmycea_Fungi_Dikarya_Ascomycota_Saccharomycotina_Saccharomycetes_Saccharomycetales_Saccharomyces_cerevisiae_baker_s_yeast, Node1652*)",1796,1.6371415384930377,0.6046363655715266,c2,branch_to_yeast
"(Eukaryota_Opisthokonta_Nucletmycea_Fungi_Dikarya_Ascomycota_Saccharomycotina_Saccharomycetes_Saccharomycetales_Saccharomyces_cerevisiae_baker_s_yeast, Node1652*)",1797,5.916619475453383e-18,0.6046363655715266,c2,branch_to_yeast
"(Eukaryota_Opisthokonta_Nucletmycea_Fungi_Dikarya_Ascomycota_Saccharomycotina_Saccharomycetes_Saccharomycetales_Saccharomyces_cerevisiae_baker_s_yeast, Node1652*)",1798,0.5441475913936314,0.6046363655715266,c2,branch_to_yeast
"(Eukaryota_Opisthokonta_Nucletmycea_Fungi_Dikarya_Ascomycota_Saccharomycotina_Saccharomycetes_Saccharomycetales_Saccharomyces_cerevisiae_baker_s_yeast, Node1652*)",1799,0.9586343552121765,0.6046363655715266,c2,branch_to_yeast
"(Eukaryota_Opisthokonta_Nucletmycea_Fungi_Dikarya_Ascomycota_Saccharomycotina_Saccharomycetes_Saccharomycetales_Saccharomyces_cerevisiae_baker_s_yeast, Node1652*)",1800,6.530213017472221e-18,0.6575751876162639,c1,branch_to_yeast
"(Eukaryota_Opisthokonta_Nucletmycea_Fungi_Dikarya_Ascomycota_Saccharomycotina_Saccharomycetes_Saccharomycetales_Saccharomyces_cerevisiae_baker_s_yeast, Node1652*)",1801,0.5441475913936314,0.6046363655715266,c2,branch_to_yeast
"(Eukaryota_Opisthokonta_Nucletmycea_Fungi_Dikarya_Ascomycota_Saccharomycotina_Saccharomycetes_Saccharomycetales_Saccharomyces_cerevisiae_baker_s_yeast, Node1652*)",1802,1.6371415384930377,0.6046363655715266,c2,branch_to_yeast
"(Eukaryota_Opisthokonta_Nucletmycea_Fungi_Dikarya_Ascomycota_Saccharomycotina_Saccharomycetes_Saccharomycetales_Saccharomyces_cerevisiae_baker_s_yeast, Node1652*)",1803,1.6371415384930377,0.6046363655715266,c2,branch_to_yeast
"(Eukaryota_Opisthokonta_Nucletmycea_Fungi_Dikarya_Ascomycota_Saccharomycotina_Saccharomycetes_Saccharomycetales_Saccharomyces_cerevisiae_baker_s_yeast, Node1652*)",1804,0.9586343548511712,0.6069936118962173,c3,branch_to_yeast
"(Eukaryota_Opisthokonta_Nucletmycea_Fungi_Dikarya_Ascomycota_Saccharomycotina_Saccharomycetes_Saccharomycetales_Saccharomyces_cerevisiae_baker_s_yeast, Node1652*)",1805,0.5441475914141404,0.6575751876162639,c1,branch_to_yeast
"(Eukaryota_Opisthokonta_Nucletmycea_Fungi_Dikarya_Ascomycota_Saccharomycotina_Saccharomycetes_Saccharomycetales_Saccharomyces_cerevisiae_baker_s_yeast, Node1652*)",1806,-8.374863699264152e-18,0.6575751876162639,c1,branch_to_yeast
"(Eukaryota_Opisthokonta_Nucletmycea_Fungi_Dikarya_Ascomycota_Saccharomycotina_Saccharomycetes_Saccharomycetales_Saccharomyces_cerevisiae_baker_s_yeast, Node1652*)",1807,-7.803218825127492e-18,0.6046363655715266,c2,branch_to_yeast
"(Eukaryota_Opisthokonta_Nucletmycea_Fungi_Dikarya_Ascomycota_Saccharomycotina_Saccharomycetes_Saccharomycetales_Saccharomyces_cerevisiae_baker_s_yeast, Node1652*)",1808,0.9586343552121765,0.6046363655715266,c2,branch_to_yeast
"(Eukaryota_Opisthokonta_Nucletmycea_Fungi_Dikarya_Ascomycota_Saccharomycotina_Saccharomycetes_Saccharomycetales_Saccharomyces_cerevisiae_baker_s_yeast, Node1652*)",1809,0.5441475912541518,0.6069936118962173,c3,branch_to_yeast
"(Eukaryota_Opisthokonta_Nucletmycea_Fungi_Dikarya_Ascomycota_Saccharomycotina_Saccharomycetes_Saccharomycetales_Saccharomyces_cerevisiae_baker_s_yeast, Node1652*)",1810,0.5441475912541518,0.6069936118962173,c3,branch_to_yeast
"(Eukaryota_Opisthokonta_Nucletmycea_Fungi_Dikarya_Ascomycota_Saccharomycotina_Saccharomycetes_Saccharomycetales_Saccharomyces_cerevisiae_baker_s_yeast, Node1652*)",1811,-2.535380951153985e-18,0.6069936118962173,c3,branch_to_yeast
"(Eukaryota_Opisthokonta_Nucletmycea_Fungi_Dikarya_Ascomycota_Saccharomycotina_Saccharomycetes_Saccharomycetales_Saccharomyces_cerevisiae_baker_s_yeast, Node1652*)",1812,0.9586343548511712,0.6069936118962173,c3,branch_to_yeast
"(Eukaryota_Opisthokonta_Nucletmycea_Fungi_Dikarya_Ascomycota_Saccharomycotina_Saccharomycetes_Saccharomycetales_Saccharomyces_cerevisiae_baker_s_yeast, Node1652*)",1813,0.9586343548511712,0.6069936118962173,c3,branch_to_yeast
"(Eukaryota_Opisthokonta_Nucletmycea_Fungi_Dikarya_Ascomycota_Saccharomycotina_Saccharomycetes_Saccharomycetales_Saccharomyces_cerevisiae_baker_s_yeast, Node1652*)",1814,1.637141537911306,0.6069936118962173,c3,branch_to_yeast
"(Eukaryota_Opisthokonta_Nucletmycea_Fungi_Dikarya_Ascomycota_Saccharomycotina_Saccharomycetes_Saccharomycetales_Saccharomyces_cerevisiae_baker_s_yeast, Node1652*)",1815,-3.195945379125735e-18,0.6069936118962173,c3,branch_to_yeast
"(Eukaryota_Opisthokonta_Nucletmycea_Fungi_Dikarya_Ascomycota_Saccharomycotina_Saccharomycetes_Saccharomycetales_Saccharomyces_cerevisiae_baker_s_yeast, Node1652*)",1816,-9.98031515702233e-18,0.6069936118962173,c3,branch_to_yeast
"(Eukaryota_Opisthokonta_Nucletmycea_Fungi_Dikarya_Ascomycota_Saccharomycotina_Saccharomycetes_Saccharomycetales_Saccharomyces_cerevisiae_baker_s_yeast, Node1652*)",1817,0.5441475913936314,0.6046363655715266,c2,branch_to_yeast
"(Eukaryota_Opisthokonta_Nucletmycea_Fungi_Dikarya_Ascomycota_Saccharomycotina_Saccharomycetes_Saccharomycetales_Saccharomyces_cerevisiae_baker_s_yeast, Node1652*)",1818,0.9586343552121765,0.6046363655715266,c2,branch_to_yeast
"(Eukaryota_Opisthokonta_Nucletmycea_Fungi_Dikarya_Ascomycota_Saccharomycotina_Saccharomycetes_Saccharomycetales_Saccharomyces_cerevisiae_baker_s_yeast, Node1652*)",1819,6.751703730069379e-18,0.6046363655715266,c2,branch_to_yeast
"(Eukaryota_Opisthokonta_Nucletmycea_Fungi_Dikarya_Ascomycota_Saccharomycotina_Saccharomycetes_Saccharomycetales_Saccharomyces_cerevisiae_baker_s_yeast, Node1652*)",1820,0.9586343552121765,0.6046363655715266,c2,branch_to_yeast
"(Eukaryota_Opisthokonta_Nucletmycea_Fungi_Dikarya_Ascomycota_Saccharomycotina_Saccharomycetes_Saccharomycetales_Saccharomyces_cerevisiae_baker_s_yeast, Node1652*)",1821,0.5441475914141404,0.6575751876162639,c1,branch_to_yeast
"(Eukaryota_Opisthokonta_Nucletmycea_Fungi_Dikarya_Ascomycota_Saccharomycotina_Saccharomycetes_Saccharomycetales_Saccharomyces_cerevisiae_baker_s_yeast, Node1652*)",1822,2.447154172198017e-18,0.6046363655715266,c2,branch_to_yeast
"(Eukaryota_Opisthokonta_Nucletmycea_Fungi_Dikarya_Ascomycota_Saccharomycotina_Saccharomycetes_Saccharomycetales_Saccharomyces_cerevisiae_baker_s_yeast, Node1652*)",1823,0.9586343552121765,0.6046363655715266,c2,branch_to_yeast
"(Eukaryota_Opisthokonta_Nucletmycea_Fungi_Dikarya_Ascomycota_Saccharomycotina_Saccharomycetes_Saccharomycetales_Saccharomyces_cerevisiae_baker_s_yeast, Node1652*)",1824,0.9586343548511712,0.6069936118962173,c3,branch_to_yeast
"(Eukaryota_Opisthokonta_Nucletmycea_Fungi_Dikarya_Ascomycota_Saccharomycotina_Saccharomycetes_Saccharomycetales_Saccharomyces_cerevisiae_baker_s_yeast, Node1652*)",1825,1.637141537911306,0.6069936118962173,c3,branch_to_yeast
"(Eukaryota_Opisthokonta_Nucletmycea_Fungi_Dikarya_Ascomycota_Saccharomycotina_Saccharomycetes_Saccharomycetales_Saccharomyces_cerevisiae_baker_s_yeast, Node1652*)",1826,1.637141537911306,0.6069936118962173,c3,branch_to_yeast
"(Eukaryota_Opisthokonta_Nucletmycea_Fungi_Dikarya_Ascomycota_Saccharomycotina_Saccharomycetes_Saccharomycetales_Saccharomyces_cerevisiae_baker_s_yeast, Node1652*)",1827,-6.123826846992724e-18,0.3476609260040595,c4,branch_to_yeast
"(Eukaryota_Opisthokonta_Nucletmycea_Fungi_Dikarya_Ascomycota_Saccharomycotina_Saccharomycetes_Saccharomycetales_Saccharomyces_cerevisiae_baker_s_yeast, Node1652*)",1828,1.637141537911306,0.6069936118962173,c3,branch_to_yeast
"(Eukaryota_Opisthokonta_Nucletmycea_Fungi_Dikarya_Ascomycota_Saccharomycotina_Saccharomycetes_Saccharomycetales_Saccharomyces_cerevisiae_baker_s_yeast, Node1652*)",1829,5.832120992501577e-19,0.6069936118962173,c3,branch_to_yeast
"(Eukaryota_Opisthokonta_Nucletmycea_Fungi_Dikarya_Ascomycota_Saccharomycotina_Saccharomycetes_Saccharomycetales_Saccharomyces_cerevisiae_baker_s_yeast, Node1652*)",1830,0.5441475899074035,0.3476609260040595,c4,branch_to_yeast
"(Eukaryota_Opisthokonta_Nucletmycea_Fungi_Dikarya_Ascomycota_Saccharomycotina_Saccharomycetes_Saccharomycetales_Saccharomyces_cerevisiae_baker_s_yeast, Node1652*)",1831,0.9586343548511712,0.6069936118962173,c3,branch_to_yeast
"(Eukaryota_Opisthokonta_Nucletmycea_Fungi_Dikarya_Ascomycota_Saccharomycotina_Saccharomycetes_Saccharomycetales_Saccharomyces_cerevisiae_baker_s_yeast, Node1652*)",1832,0.9586343548511712,0.6069936118962173,c3,branch_to_yeast
"(Eukaryota_Opisthokonta_Nucletmycea_Fungi_Dikarya_Ascomycota_Saccharomycotina_Saccharomycetes_Saccharomycetales_Saccharomyces_cerevisiae_baker_s_yeast, Node1652*)",1833,0.5441475912541518,0.6069936118962173,c3,branch_to_yeast
"(Eukaryota_Opisthokonta_Nucletmycea_Fungi_Dikarya_Ascomycota_Saccharomycotina_Saccharomycetes_Saccharomycetales_Saccharomyces_cerevisiae_baker_s_yeast, Node1652*)",1834,2.352550192090127e-18,0.6046363655715266,c2,branch_to_yeast
"(Eukaryota_Opisthokonta_Nucletmycea_Fungi_Dikarya_Ascomycota_Saccharomycotina_Saccharomycetes_Saccharomycetales_Saccharomyces_cerevisiae_baker_s_yeast, Node1652*)",1835,5.82911096852219e-18,0.6046363655715266,c2,branch_to_yeast
"(Eukaryota_Opisthokonta_Nucletmycea_Fungi_Dikarya_Ascomycota_Saccharomycotina_Saccharomycetes_Saccharomycetales_Saccharomyces_cerevisiae_baker_s_yeast, Node1652*)",1836,-9.175923451434385e-18,0.6046363655715266,c2,branch_to_yeast
"(Eukaryota_Opisthokonta_Nucletmycea_Fungi_Dikarya_Ascomycota_Saccharomycotina_Saccharomycetes_Saccharomycetales_Saccharomyces_cerevisiae_baker_s_yeast, Node1652*)",1837,1.6371415379099197,0.6069936118962173,c3,branch_to_yeast
"(Eukaryota_Opisthokonta_Nucletmycea_Fungi_Dikarya_Ascomycota_Saccharomycotina_Saccharomycetes_Saccharomycetales_Saccharomyces_cerevisiae_baker_s_yeast, Node1652*)",1838,7.474660651437885e-18,0.3476609260040595,c4,branch_to_yeast
"(Eukaryota_Opisthokonta_Nucletmycea_Fungi_Dikarya_Ascomycota_Saccharomycotina_Saccharomycetes_Saccharomycetales_Saccharomyces_cerevisiae_baker_s_yeast, Node1652*)",1839,0.9586343513631712,0.3476609260040595,c4,branch_to_yeast
"(Eukaryota_Opisthokonta_Nucletmycea_Fungi_Dikarya_Ascomycota_Saccharomycotina_Saccharomycetes_Saccharomycetales_Saccharomyces_cerevisiae_baker_s_yeast, Node1652*)",1840,1.637141532282841,0.3476609260040595,c4,branch_to_yeast
"(Eukaryota_Opisthokonta_Nucletmycea_Fungi_Dikarya_Ascomycota_Saccharomycotina_Saccharomycetes_Saccharomycetales_Saccharomyces_cerevisiae_baker_s_yeast, Node1652*)",1841,-7.276080685704606e-18,0.3476609260040595,c4,branch_to_yeast
"(Eukaryota_Opisthokonta_Nucletmycea_Fungi_Dikarya_Ascomycota_Saccharomycotina_Saccharomycetes_Saccharomycetales_Saccharomyces_cerevisiae_baker_s_yeast, Node1652*)",1842,-8.610301737061647e-18,0.3476609260040595,c4,branch_to_yeast
"(Eukaryota_Opisthokonta_Nucletmycea_Fungi_Dikarya_Ascomycota_Saccharomycotina_Saccharomycetes_Saccharomycetales_Saccharomyces_cerevisiae_baker_s_yeast, Node1652*)",1843,0.5441475899074035,0.3476609260040595,c4,branch_to_yeast
"(Eukaryota_Opisthokonta_Nucletmycea_Fungi_Dikarya_Ascomycota_Saccharomycotina_Saccharomycetes_Saccharomycetales_Saccharomyces_cerevisiae_baker_s_yeast, Node1652*)",1844,0.9586343513631712,0.3476609260040595,c4,branch_to_yeast
"(Eukaryota_Opisthokonta_Nucletmycea_Fungi_Dikarya_Ascomycota_Saccharomycotina_Saccharomycetes_Saccharomycetales_Saccharomyces_cerevisiae_baker_s_yeast, Node1652*)",1845,0.5441475899074035,0.3476609260040595,c4,branch_to_yeast
"(Eukaryota_Opisthokonta_Nucletmycea_Fungi_Dikarya_Ascomycota_Saccharomycotina_Saccharomycetes_Saccharomycetales_Saccharomyces_cerevisiae_baker_s_yeast, Node1652*)",1846,0.95863435111229,0.3476609260040595,c4,branch_to_yeast
"(Eukaryota_Opisthokonta_Nucletmycea_Fungi_Dikarya_Ascomycota_Saccharomycotina_Saccharomycetes_Saccharomycetales_Saccharomyces_cerevisiae_baker_s_yeast, Node1652*)",1847,0.5441475919335844,0.3476609260040595,c4,branch_to_yeast
"(Eukaryota_Opisthokonta_Nucletmycea_Fungi_Dikarya_Ascomycota_Saccharomycotina_Saccharomycetes_Saccharomycetales_Saccharomyces_cerevisiae_baker_s_yeast, Node1652*)",1848,0.5441475899074035,0.3476609260040595,c4,branch_to_yeast
"(Eukaryota_Opisthokonta_Nucletmycea_Fungi_Dikarya_Ascomycota_Saccharomycotina_Saccharomycetes_Saccharomycetales_Saccharomyces_cerevisiae_baker_s_yeast, Node1652*)",1849,0.9586343513631712,0.3476609260040595,c4,branch_to_yeast
"(Eukaryota_Opisthokonta_Nucletmycea_Fungi_Dikarya_Ascomycota_Saccharomycotina_Saccharomycetes_Saccharomycetales_Saccharomyces_cerevisiae_baker_s_yeast, Node1652*)",1850,0.9586343512056728,0.3476609260040595,c4,branch_to_yeast
"(Eukaryota_Opisthokonta_Nucletmycea_Fungi_Dikarya_Ascomycota_Saccharomycotina_Saccharomycetes_Saccharomycetales_Saccharomyces_cerevisiae_baker_s_yeast, Node1652*)",1851,0.9586343513631712,0.3476609260040595,c4,branch_to_yeast
"(Eukaryota_Opisthokonta_Nucletmycea_Fungi_Dikarya_Ascomycota_Saccharomycotina_Saccharomycetes_Saccharomycetales_Saccharomyces_cerevisiae_baker_s_yeast, Node1652*)",1852,0.9586343513631712,0.3476609260040595,c4,branch_to_yeast
"(Eukaryota_Opisthokonta_Nucletmycea_Fungi_Dikarya_Ascomycota_Saccharomycotina_Saccharomycetes_Saccharomycetales_Saccharomyces_cerevisiae_baker_s_yeast, Node1652*)",1853,0.9586343513631712,0.3476609260040595,c4,branch_to_yeast
"(Eukaryota_Opisthokonta_Nucletmycea_Fungi_Dikarya_Ascomycota_Saccharomycotina_Saccharomycetes_Saccharomycetales_Saccharomyces_cerevisiae_baker_s_yeast, Node1652*)",1854,1.637141532282841,0.3476609260040595,c4,branch_to_yeast
"(Eukaryota_Opisthokonta_Nucletmycea_Fungi_Dikarya_Ascomycota_Saccharomycotina_Saccharomycetes_Saccharomycetales_Saccharomyces_cerevisiae_baker_s_yeast, Node1652*)",1855,0.5441475919335844,0.3476609260040595,c4,branch_to_yeast
"(Eukaryota_Opisthokonta_Nucletmycea_Fungi_Dikarya_Ascomycota_Saccharomycotina_Saccharomycetes_Saccharomycetales_Saccharomyces_cerevisiae_baker_s_yeast, Node1652*)",1856,0.5441475899074035,0.3476609260040595,c4,branch_to_yeast
"(Eukaryota_Opisthokonta_Nucletmycea_Fungi_Dikarya_Ascomycota_Saccharomycotina_Saccharomycetes_Saccharomycetales_Saccharomyces_cerevisiae_baker_s_yeast, Node1652*)",1857,1.637141532282841,0.3476609260040595,c4,branch_to_yeast
"(Eukaryota_Opisthokonta_Nucletmycea_Fungi_Dikarya_Ascomycota_Saccharomycotina_Saccharomycetes_Saccharomycetales_Saccharomyces_cerevisiae_baker_s_yeast, Node1652*)",1858,-4.0626530683817094e-18,0.3476609260040595,c4,branch_to_yeast
"(Eukaryota_Opisthokonta_Nucletmycea_Fungi_Dikarya_Ascomycota_Saccharomycotina_Saccharomycetes_Saccharomycetales_Saccharomyces_cerevisiae_baker_s_yeast, Node1652*)",1859,1.6371415322446972,0.3476609260040595,c4,branch_to_yeast
"(Eukaryota_Opisthokonta_Nucletmycea_Fungi_Dikarya_Ascomycota_Saccharomycotina_Saccharomycetes_Saccharomycetales_Saccharomyces_cerevisiae_baker_s_yeast, Node1652*)",1860,1.637141532282841,0.3476609260040595,c4,branch_to_yeast
"(Eukaryota_Opisthokonta_Nucletmycea_Fungi_Dikarya_Ascomycota_Saccharomycotina_Saccharomycetes_Saccharomycetales_Saccharomyces_cerevisiae_baker_s_yeast, Node1652*)",1861,0.5441475899074035,0.3476609260040595,c4,branch_to_yeast
"(Eukaryota_Opisthokonta_Nucletmycea_Fungi_Dikarya_Ascomycota_Saccharomycotina_Saccharomycetes_Saccharomycetales_Saccharomyces_cerevisiae_baker_s_yeast, Node1652*)",1862,-1.0825454300263101e-17,0.3476609260040595,c4,branch_to_yeast
"(Eukaryota_Opisthokonta_Nucletmycea_Fungi_Dikarya_Ascomycota_Saccharomycotina_Saccharomycetes_Saccharomycetales_Saccharomyces_cerevisiae_baker_s_yeast, Node1652*)",1863,1.6371415322595886,0.3476609260040595,c4,branch_to_yeast
"(Eukaryota_Opisthokonta_Nucletmycea_Fungi_Dikarya_Ascomycota_Saccharomycotina_Saccharomycetes_Saccharomycetales_Saccharomyces_cerevisiae_baker_s_yeast, Node1652*)",1864,-9.76747988000424e-18,0.3476609260040595,c4,branch_to_yeast
"(Eukaryota_Opisthokonta_Nucletmycea_Fungi_Dikarya_Ascomycota_Saccharomycotina_Saccharomycetes_Saccharomycetales_Saccharomyces_cerevisiae_baker_s_yeast, Node1652*)",1865,1.6371415322446972,0.3476609260040595,c4,branch_to_yeast
"(Eukaryota_Opisthokonta_Nucletmycea_Fungi_Dikarya_Ascomycota_Saccharomycotina_Saccharomycetes_Saccharomycetales_Saccharomyces_cerevisiae_baker_s_yeast, Node1652*)",1866,0.5441475899780214,0.3476609260040595,c4,branch_to_yeast
"(Eukaryota_Opisthokonta_Nucletmycea_Fungi_Dikarya_Ascomycota_Saccharomycotina_Saccharomycetes_Saccharomycetales_Saccharomyces_cerevisiae_baker_s_yeast, Node1652*)",1867,0.9586343513631712,0.3476609260040595,c4,branch_to_yeast
"(Eukaryota_Opisthokonta_Nucletmycea_Fungi_Dikarya_Ascomycota_Saccharomycotina_Saccharomycetes_Saccharomycetales_Saccharomyces_cerevisiae_baker_s_yeast, Node1652*)",1868,0.5441475899074035,0.3476609260040595,c4,branch_to_yeast
"(Eukaryota_Opisthokonta_Nucletmycea_Fungi_Dikarya_Ascomycota_Saccharomycotina_Saccharomycetes_Saccharomycetales_Saccharomyces_cerevisiae_baker_s_yeast, Node1652*)",1869,0.9586343513631712,0.3476609260040595,c4,branch_to_yeast
"(Eukaryota_Opisthokonta_Nucletmycea_Fungi_Dikarya_Ascomycota_Saccharomycotina_Saccharomycetes_Saccharomycetales_Saccharomyces_cerevisiae_baker_s_yeast, Node1652*)",1870,1.637141532282841,0.3476609260040595,c4,branch_to_yeast
"(Eukaryota_Opisthokonta_Nucletmycea_Fungi_Dikarya_Ascomycota_Saccharomycotina_Saccharomycetes_Saccharomycetales_Saccharomyces_cerevisiae_baker_s_yeast, Node1652*)",1871,0.9586343513631712,0.3476609260040595,c4,branch_to_yeast
"(Eukaryota_Opisthokonta_Nucletmycea_Fungi_Dikarya_Ascomycota_Saccharomycotina_Saccharomycetes_Saccharomycetales_Saccharomyces_cerevisiae_baker_s_yeast, Node1652*)",1872,0.9586343548347264,0.6069936118962173,c3,branch_to_yeast
"(Eukaryota_Opisthokonta_Nucletmycea_Fungi_Dikarya_Ascomycota_Saccharomycotina_Saccharomycetes_Saccharomycetales_Saccharomyces_cerevisiae_baker_s_yeast, Node1652*)",1873,0.5441475913936314,0.6046363655715266,c2,branch_to_yeast
"(Eukaryota_Opisthokonta_Nucletmycea_Fungi_Dikarya_Ascomycota_Saccharomycotina_Saccharomycetes_Saccharomycetales_Saccharomyces_cerevisiae_baker_s_yeast, Node1652*)",1874,6.15905577905764e-19,0.6069936118962173,c3,branch_to_yeast
"(Eukaryota_Opisthokonta_Nucletmycea_Fungi_Dikarya_Ascomycota_Saccharomycotina_Saccharomycetes_Saccharomycetales_Saccharomyces_cerevisiae_baker_s_yeast, Node1652*)",1875,0.9586343548511712,0.6069936118962173,c3,branch_to_yeast
"(Eukaryota_Opisthokonta_Nucletmycea_Fungi_Dikarya_Ascomycota_Saccharomycotina_Saccharomycetes_Saccharomycetales_Saccharomyces_cerevisiae_baker_s_yeast, Node1652*)",1876,0.5441475912541518,0.6069936118962173,c3,branch_to_yeast
"(Eukaryota_Opisthokonta_Nucletmycea_Fungi_Dikarya_Ascomycota_Saccharomycotina_Saccharomycetes_Saccharomycetales_Saccharomyces_cerevisiae_baker_s_yeast, Node1652*)",1877,0.5441475912541518,0.6069936118962173,c3,branch_to_yeast
"(Eukaryota_Opisthokonta_Nucletmycea_Fungi_Dikarya_Ascomycota_Saccharomycotina_Saccharomycetes_Saccharomycetales_Saccharomyces_cerevisiae_baker_s_yeast, Node1652*)",1878,8.041851227530462e-18,0.6069936118962173,c3,branch_to_yeast
"(Eukaryota_Opisthokonta_Nucletmycea_Fungi_Dikarya_Ascomycota_Saccharomycotina_Saccharomycetes_Saccharomycetales_Saccharomyces_cerevisiae_baker_s_yeast, Node1652*)",1879,-1.0868121195861813e-17,0.6069936118962173,c3,branch_to_yeast
"(Eukaryota_Opisthokonta_Nucletmycea_Fungi_Dikarya_Ascomycota_Saccharomycotina_Saccharomycetes_Saccharomycetales_Saccharomyces_cerevisiae_baker_s_yeast, Node1652*)",1880,-8.609524261863295e-18,0.3476609260040595,c4,branch_to_yeast
"(Eukaryota_Opisthokonta_Nucletmycea_Fungi_Dikarya_Ascomycota_Saccharomycotina_Saccharomycetes_Saccharomycetales_Saccharomyces_cerevisiae_baker_s_yeast, Node1652*)",1881,0.9586343548511712,0.6069936118962173,c3,branch_to_yeast
"(Eukaryota_Opisthokonta_Nucletmycea_Fungi_Dikarya_Ascomycota_Saccharomycotina_Saccharomycetes_Saccharomycetales_Saccharomyces_cerevisiae_baker_s_yeast, Node1652*)",1882,0.9586343548511712,0.6069936118962173,c3,branch_to_yeast
"(Eukaryota_Opisthokonta_Nucletmycea_Fungi_Dikarya_Ascomycota_Saccharomycotina_Saccharomycetes_Saccharomycetales_Saccharomyces_cerevisiae_baker_s_yeast, Node1652*)",1883,0.544147591146882,0.6069936118962173,c3,branch_to_yeast
"(Eukaryota_Opisthokonta_Nucletmycea_Fungi_Dikarya_Ascomycota_Saccharomycotina_Saccharomycetes_Saccharomycetales_Saccharomyces_cerevisiae_baker_s_yeast, Node1652*)",1884,1.6371415384930377,0.6046363655715266,c2,branch_to_yeast
"(Eukaryota_Opisthokonta_Nucletmycea_Fungi_Dikarya_Ascomycota_Saccharomycotina_Saccharomycetes_Saccharomycetales_Saccharomyces_cerevisiae_baker_s_yeast, Node1652*)",1885,0.5441475912541518,0.6069936118962173,c3,branch_to_yeast
"(Eukaryota_Opisthokonta_Nucletmycea_Fungi_Dikarya_Ascomycota_Saccharomycotina_Saccharomycetes_Saccharomycetales_Saccharomyces_cerevisiae_baker_s_yeast, Node1652*)",1886,0.5441475914141404,0.6575751876162639,c1,branch_to_yeast
"(Eukaryota_Opisthokonta_Nucletmycea_Fungi_Dikarya_Ascomycota_Saccharomycotina_Saccharomycetes_Saccharomycetales_Saccharomyces_cerevisiae_baker_s_yeast, Node1652*)",1887,0.5441475913936314,0.6046363655715266,c2,branch_to_yeast
"(Eukaryota_Opisthokonta_Nucletmycea_Fungi_Dikarya_Ascomycota_Saccharomycotina_Saccharomycetes_Saccharomycetales_Saccharomyces_cerevisiae_baker_s_yeast, Node1652*)",1888,1.6371415384930377,0.6046363655715266,c2,branch_to_yeast
"(Eukaryota_Opisthokonta_Nucletmycea_Fungi_Dikarya_Ascomycota_Saccharomycotina_Saccharomycetes_Saccharomycetales_Saccharomyces_cerevisiae_baker_s_yeast, Node1652*)",1889,-9.3068139984144e-18,0.6046363655715266,c2,branch_to_yeast
"(Eukaryota_Opisthokonta_Nucletmycea_Fungi_Dikarya_Ascomycota_Saccharomycotina_Saccharomycetes_Saccharomycetales_Saccharomyces_cerevisiae_baker_s_yeast, Node1652*)",1890,-1.0581998643801833e-17,0.6046363655715266,c2,branch_to_yeast
"(Eukaryota_Opisthokonta_Nucletmycea_Fungi_Dikarya_Ascomycota_Saccharomycotina_Saccharomycetes_Saccharomycetales_Saccharomyces_cerevisiae_baker_s_yeast, Node1652*)",1891,0.9586343548511712,0.6069936118962173,c3,branch_to_yeast
"(Eukaryota_Opisthokonta_Nucletmycea_Fungi_Dikarya_Ascomycota_Saccharomycotina_Saccharomycetes_Saccharomycetales_Saccharomyces_cerevisiae_baker_s_yeast, Node1652*)",1892,0.9586343548511712,0.6069936118962173,c3,branch_to_yeast
"(Eukaryota_Opisthokonta_Nucletmycea_Fungi_Dikarya_Ascomycota_Saccharomycotina_Saccharomycetes_Saccharomycetales_Saccharomyces_cerevisiae_baker_s_yeast, Node1652*)",1893,-1.5619523130474885e-18,0.6069936118962173,c3,branch_to_yeast
"(Eukaryota_Opisthokonta_Nucletmycea_Fungi_Dikarya_Ascomycota_Saccharomycotina_Saccharomycetes_Saccharomycetales_Saccharomyces_cerevisiae_baker_s_yeast, Node1652*)",1894,1.637141537911306,0.6069936118962173,c3,branch_to_yeast
"(Eukaryota_Opisthokonta_Nucletmycea_Fungi_Dikarya_Ascomycota_Saccharomycotina_Saccharomycetes_Saccharomycetales_Saccharomyces_cerevisiae_baker_s_yeast, Node1652*)",1895,0.5441475912541518,0.6069936118962173,c3,branch_to_yeast
"(Eukaryota_Opisthokonta_Nucletmycea_Fungi_Dikarya_Ascomycota_Saccharomycotina_Saccharomycetes_Saccharomycetales_Saccharomyces_cerevisiae_baker_s_yeast, Node1652*)",1896,-7.236373336430159e-18,0.6069936118962173,c3,branch_to_yeast
"(Eukaryota_Opisthokonta_Nucletmycea_Fungi_Dikarya_Ascomycota_Saccharomycotina_Saccharomycetes_Saccharomycetales_Saccharomyces_cerevisiae_baker_s_yeast, Node1652*)",1897,-9.977350358565699e-18,0.6069936118962173,c3,branch_to_yeast
"(Eukaryota_Opisthokonta_Nucletmycea_Fungi_Dikarya_Ascomycota_Saccharomycotina_Saccharomycetes_Saccharomycetales_Saccharomyces_cerevisiae_baker_s_yeast, Node1652*)",1898,-6.3359152966364454e-18,0.6069936118962173,c3,branch_to_yeast
"(Eukaryota_Opisthokonta_Nucletmycea_Fungi_Dikarya_Ascomycota_Saccharomycotina_Saccharomycetes_Saccharomycetales_Saccharomyces_cerevisiae_baker_s_yeast, Node1652*)",1899,0.5441475913936314,0.6046363655715266,c2,branch_to_yeast
"(Eukaryota_Opisthokonta_Nucletmycea_Fungi_Dikarya_Ascomycota_Saccharomycotina_Saccharomycetes_Saccharomycetales_Saccharomyces_cerevisiae_baker_s_yeast, Node1652*)",1900,0.9586343548511712,0.6069936118962173,c3,branch_to_yeast
"(Eukaryota_Opisthokonta_Nucletmycea_Fungi_Dikarya_Ascomycota_Saccharomycotina_Saccharomycetes_Saccharomycetales_Saccharomyces_cerevisiae_baker_s_yeast, Node1652*)",1901,0.5441475914141404,0.6575751876162639,c1,branch_to_yeast
"(Eukaryota_Opisthokonta_Nucletmycea_Fungi_Dikarya_Ascomycota_Saccharomycotina_Saccharomycetes_Saccharomycetales_Saccharomyces_cerevisiae_baker_s_yeast, Node1652*)",1902,0.9586343552121765,0.6046363655715266,c2,branch_to_yeast
"(Eukaryota_Opisthokonta_Nucletmycea_Fungi_Dikarya_Ascomycota_Saccharomycotina_Saccharomycetes_Saccharomycetales_Saccharomyces_cerevisiae_baker_s_yeast, Node1652*)",1903,0.9586343552121765,0.6046363655715266,c2,branch_to_yeast
"(Eukaryota_Opisthokonta_Nucletmycea_Fungi_Dikarya_Ascomycota_Saccharomycotina_Saccharomycetes_Saccharomycetales_Saccharomyces_cerevisiae_baker_s_yeast, Node1652*)",1904,0.5441475913936314,0.6046363655715266,c2,branch_to_yeast
"(Eukaryota_Opisthokonta_Nucletmycea_Fungi_Dikarya_Ascomycota_Saccharomycotina_Saccharomycetes_Saccharomycetales_Saccharomyces_cerevisiae_baker_s_yeast, Node1652*)",1905,0.5441475913936314,0.6046363655715266,c2,branch_to_yeast
"(Eukaryota_Opisthokonta_Nucletmycea_Fungi_Dikarya_Ascomycota_Saccharomycotina_Saccharomycetes_Saccharomycetales_Saccharomyces_cerevisiae_baker_s_yeast, Node1652*)",1906,1.6371415384930377,0.6046363655715266,c2,branch_to_yeast
"(Eukaryota_Opisthokonta_Nucletmycea_Fungi_Dikarya_Ascomycota_Saccharomycotina_Saccharomycetes_Saccharomycetales_Saccharomyces_cerevisiae_baker_s_yeast, Node1652*)",1907,8.096250807879074e-18,0.6046363655715266,c2,branch_to_yeast
"(Eukaryota_Opisthokonta_Nucletmycea_Fungi_Dikarya_Ascomycota_Saccharomycotina_Saccharomycetes_Saccharomycetales_Saccharomyces_cerevisiae_baker_s_yeast, Node1652*)",1908,0.5441475913936314,0.6046363655715266,c2,branch_to_yeast
"(Eukaryota_Opisthokonta_Nucletmycea_Fungi_Dikarya_Ascomycota_Saccharomycotina_Saccharomycetes_Saccharomycetales_Saccharomyces_cerevisiae_baker_s_yeast, Node1652*)",1909,0.5441475913936314,0.6046363655715266,c2,branch_to_yeast
"(Eukaryota_Opisthokonta_Nucletmycea_Fungi_Dikarya_Ascomycota_Saccharomycotina_Saccharomycetes_Saccharomycetales_Saccharomyces_cerevisiae_baker_s_yeast, Node1652*)",1910,0.5441475914141404,0.6575751876162639,c1,branch_to_yeast
"(Eukaryota_Opisthokonta_Nucletmycea_Fungi_Dikarya_Ascomycota_Saccharomycotina_Saccharomycetes_Saccharomycetales_Saccharomyces_cerevisiae_baker_s_yeast, Node1652*)",1911,0.5441475914141404,0.6575751876162639,c1,branch_to_yeast
"(Eukaryota_Opisthokonta_Nucletmycea_Fungi_Dikarya_Ascomycota_Saccharomycotina_Saccharomycetes_Saccharomycetales_Saccharomyces_cerevisiae_baker_s_yeast, Node1652*)",1912,0.9586343552652508,0.6575751876162639,c1,branch_to_yeast
"(Eukaryota_Opisthokonta_Nucletmycea_Fungi_Dikarya_Ascomycota_Saccharomycotina_Saccharomycetes_Saccharomycetales_Saccharomyces_cerevisiae_baker_s_yeast, Node1652*)",1913,6.3029802972238634e-18,0.6575751876162639,c1,branch_to_yeast
"(Eukaryota_Opisthokonta_Nucletmycea_Fungi_Dikarya_Ascomycota_Saccharomycotina_Saccharomycetes_Saccharomycetales_Saccharomyces_cerevisiae_baker_s_yeast, Node1652*)",1914,1.6371415385785282,0.6575751876162639,c1,branch_to_yeast
"(Eukaryota_Opisthokonta_Nucletmycea_Fungi_Dikarya_Ascomycota_Saccharomycotina_Saccharomycetes_Saccharomycetales_Saccharomyces_cerevisiae_baker_s_yeast, Node1652*)",1915,0.9586343552652508,0.6575751876162639,c1,branch_to_yeast
"(Eukaryota_Opisthokonta_Nucletmycea_Fungi_Dikarya_Ascomycota_Saccharomycotina_Saccharomycetes_Saccharomycetales_Saccharomyces_cerevisiae_baker_s_yeast, Node1652*)",1916,6.113981857857284e-18,0.6575751876162639,c1,branch_to_yeast
"(Eukaryota_Opisthokonta_Nucletmycea_Fungi_Dikarya_Ascomycota_Saccharomycotina_Saccharomycetes_Saccharomycetales_Saccharomyces_cerevisiae_baker_s_yeast, Node1652*)",1917,0.5441475914141404,0.6575751876162639,c1,branch_to_yeast
"(Eukaryota_Opisthokonta_Nucletmycea_Fungi_Dikarya_Ascomycota_Saccharomycotina_Saccharomycetes_Saccharomycetales_Saccharomyces_cerevisiae_baker_s_yeast, Node1652*)",1918,0.5441475914141404,0.6575751876162639,c1,branch_to_yeast
"(Eukaryota_Opisthokonta_Nucletmycea_Fungi_Dikarya_Ascomycota_Saccharomycotina_Saccharomycetes_Saccharomycetales_Saccharomyces_cerevisiae_baker_s_yeast, Node1652*)",1919,1.6371415385785282,0.6575751876162639,c1,branch_to_yeast
"(Eukaryota_Opisthokonta_Nucletmycea_Fungi_Dikarya_Ascomycota_Saccharomycotina_Saccharomycetes_Saccharomycetales_Saccharomyces_cerevisiae_baker_s_yeast, Node1652*)",1920,0.5441475914141404,0.6575751876162639,c1,branch_to_yeast
"(Eukaryota_Opisthokonta_Nucletmycea_Fungi_Dikarya_Ascomycota_Saccharomycotina_Saccharomycetes_Saccharomycetales_Saccharomyces_cerevisiae_baker_s_yeast, Node1652*)",1921,0.5441475914141404,0.6575751876162639,c1,branch_to_yeast
"(Eukaryota_Opisthokonta_Nucletmycea_Fungi_Dikarya_Ascomycota_Saccharomycotina_Saccharomycetes_Saccharomycetales_Saccharomyces_cerevisiae_baker_s_yeast, Node1652*)",1922,0.9586343552652508,0.6575751876162639,c1,branch_to_yeast
"(Eukaryota_Opisthokonta_Nucletmycea_Fungi_Dikarya_Ascomycota_Saccharomycotina_Saccharomycetes_Saccharomycetales_Saccharomyces_cerevisiae_baker_s_yeast, Node1652*)",1923,0.9586343552652508,0.6575751876162639,c1,branch_to_yeast
"(Eukaryota_Opisthokonta_Nucletmycea_Fungi_Dikarya_Ascomycota_Saccharomycotina_Saccharomycetes_Saccharomycetales_Saccharomyces_cerevisiae_baker_s_yeast, Node1652*)",1924,2.244978490595698e-18,0.6575751876162639,c1,branch_to_yeast
"(Eukaryota_Opisthokonta_Nucletmycea_Fungi_Dikarya_Ascomycota_Saccharomycotina_Saccharomycetes_Saccharomycetales_Saccharomyces_cerevisiae_baker_s_yeast, Node1652*)",1925,-1.0551117672272969e-17,0.6046363655715266,c2,branch_to_yeast
"(Eukaryota_Opisthokonta_Nucletmycea_Fungi_Dikarya_Ascomycota_Saccharomycotina_Saccharomycetes_Saccharomycetales_Saccharomyces_cerevisiae_baker_s_yeast, Node1652*)",1926,7.077832990156162e-18,0.6046363655715266,c2,branch_to_yeast
"(Eukaryota_Opisthokonta_Nucletmycea_Fungi_Dikarya_Ascomycota_Saccharomycotina_Saccharomycetes_Saccharomycetales_Saccharomyces_cerevisiae_baker_s_yeast, Node1652*)",1927,1.6371415385785282,0.6575751876162639,c1,branch_to_yeast
"(Eukaryota_Opisthokonta_Nucletmycea_Fungi_Dikarya_Ascomycota_Saccharomycotina_Saccharomycetes_Saccharomycetales_Saccharomyces_cerevisiae_baker_s_yeast, Node1652*)",1928,1.6371415384930377,0.6046363655715266,c2,branch_to_yeast
"(Eukaryota_Opisthokonta_Nucletmycea_Fungi_Dikarya_Ascomycota_Saccharomycotina_Saccharomycetes_Saccharomycetales_Saccharomyces_cerevisiae_baker_s_yeast, Node1652*)",1929,0.9586343552121768,0.6046363655715266,c2,branch_to_yeast
"(Eukaryota_Opisthokonta_Nucletmycea_Fungi_Dikarya_Ascomycota_Saccharomycotina_Saccharomycetes_Saccharomycetales_Saccharomyces_cerevisiae_baker_s_yeast, Node1652*)",1930,7.380696135070729e-18,0.6575751876162639,c1,branch_to_yeast
"(Eukaryota_Opisthokonta_Nucletmycea_Fungi_Dikarya_Ascomycota_Saccharomycotina_Saccharomycetes_Saccharomycetales_Saccharomyces_cerevisiae_baker_s_yeast, Node1652*)",1931,0.5441475914141404,0.6575751876162639,c1,branch_to_yeast
"(Eukaryota_Opisthokonta_Nucletmycea_Fungi_Dikarya_Ascomycota_Saccharomycotina_Saccharomycetes_Saccharomycetales_Saccharomyces_cerevisiae_baker_s_yeast, Node1652*)",1932,0.9586343552121768,0.6046363655715266,c2,branch_to_yeast
"(Eukaryota_Opisthokonta_Nucletmycea_Fungi_Dikarya_Ascomycota_Saccharomycotina_Saccharomycetes_Saccharomycetales_Saccharomyces_cerevisiae_baker_s_yeast, Node1652*)",1933,0.9586343552121768,0.6046363655715266,c2,branch_to_yeast
"(Eukaryota_Opisthokonta_Nucletmycea_Fungi_Dikarya_Ascomycota_Saccharomycotina_Saccharomycetes_Saccharomycetales_Saccharomyces_cerevisiae_baker_s_yeast, Node1652*)",1934,6.1537450487252374e-18,0.6046363655715266,c2,branch_to_yeast
"(Eukaryota_Opisthokonta_Nucletmycea_Fungi_Dikarya_Ascomycota_Saccharomycotina_Saccharomycetes_Saccharomycetales_Saccharomyces_cerevisiae_baker_s_yeast, Node1652*)",1935,0.9586343552652508,0.6575751876162639,c1,branch_to_yeast
"(Eukaryota_Opisthokonta_Nucletmycea_Fungi_Dikarya_Ascomycota_Saccharomycotina_Saccharomycetes_Saccharomycetales_Saccharomyces_cerevisiae_baker_s_yeast, Node1652*)",1936,0.5441475914141404,0.6575751876162639,c1,branch_to_yeast
"(Eukaryota_Opisthokonta_Nucletmycea_Fungi_Dikarya_Ascomycota_Saccharomycotina_Saccharomycetes_Saccharomycetales_Saccharomyces_cerevisiae_baker_s_yeast, Node1652*)",1937,0.5441475914141404,0.6575751876162639,c1,branch_to_yeast
"(Eukaryota_Opisthokonta_Nucletmycea_Fungi_Dikarya_Ascomycota_Saccharomycotina_Saccharomycetes_Saccharomycetales_Saccharomyces_cerevisiae_baker_s_yeast, Node1652*)",1938,1.6371415384930377,0.6046363655715266,c2,branch_to_yeast
"(Eukaryota_Opisthokonta_Nucletmycea_Fungi_Dikarya_Ascomycota_Saccharomycotina_Saccharomycetes_Saccharomycetales_Saccharomyces_cerevisiae_baker_s_yeast, Node1652*)",1939,1.6371415384930377,0.6046363655715266,c2,branch_to_yeast
"(Eukaryota_Opisthokonta_Nucletmycea_Fungi_Dikarya_Ascomycota_Saccharomycotina_Saccharomycetes_Saccharomycetales_Saccharomyces_cerevisiae_baker_s_yeast, Node1652*)",1940,6.233464712144253e-18,0.6575751876162639,c1,branch_to_yeast
"(Eukaryota_Opisthokonta_Nucletmycea_Fungi_Dikarya_Ascomycota_Saccharomycotina_Saccharomycetes_Saccharomycetales_Saccharomyces_cerevisiae_baker_s_yeast, Node1652*)",1941,0.9586343552652508,0.6575751876162639,c1,branch_to_yeast
"(Eukaryota_Opisthokonta_Nucletmycea_Fungi_Dikarya_Ascomycota_Saccharomycotina_Saccharomycetes_Saccharomycetales_Saccharomyces_cerevisiae_baker_s_yeast, Node1652*)",1942,1.6371415384930377,0.6046363655715266,c2,branch_to_yeast
"(Eukaryota_Opisthokonta_Nucletmycea_Fungi_Dikarya_Ascomycota_Saccharomycotina_Saccharomycetes_Saccharomycetales_Saccharomyces_cerevisiae_baker_s_yeast, Node1652*)",1943,0.9586343552121768,0.6046363655715266,c2,branch_to_yeast
"(Eukaryota_Opisthokonta_Nucletmycea_Fungi_Dikarya_Ascomycota_Saccharomycotina_Saccharomycetes_Saccharomycetales_Saccharomyces_cerevisiae_baker_s_yeast, Node1652*)",1944,0.9586343552121768,0.6046363655715266,c2,branch_to_yeast
"(Eukaryota_Opisthokonta_Nucletmycea_Fungi_Dikarya_Ascomycota_Saccharomycotina_Saccharomycetes_Saccharomycetales_Saccharomyces_cerevisiae_baker_s_yeast, Node1652*)",1945,0.5441475913936314,0.6046363655715266,c2,branch_to_yeast
"(Eukaryota_Opisthokonta_Nucletmycea_Fungi_Dikarya_Ascomycota_Saccharomycotina_Saccharomycetes_Saccharomycetales_Saccharomyces_cerevisiae_baker_s_yeast, Node1652*)",1946,0.5441475913936314,0.6046363655715266,c2,branch_to_yeast
"(Eukaryota_Opisthokonta_Nucletmycea_Fungi_Dikarya_Ascomycota_Saccharomycotina_Saccharomycetes_Saccharomycetales_Saccharomyces_cerevisiae_baker_s_yeast, Node1652*)",1947,0.9586343552121768,0.6046363655715266,c2,branch_to_yeast
"(Node1612*, Node77*)",1,-0.7665111600274149,0.56849665204281,c2,branch_to_eukaryota
"(Node1612*, Node77*)",2,0.9373446329271424,0.7769996714209672,c1,branch_to_eukaryota
"(Node1612*, Node77*)",3,-0.0425369226621707,0.56849665204281,c2,branch_to_eukaryota
"(Node1612*, Node77*)",4,0.9579236446365648,0.7769996714209672,c1,branch_to_eukaryota
"(Node1612*, Node77*)",5,0.586779759408461,0.7769996714209672,c1,branch_to_eukaryota
"(Node1612*, Node77*)",6,0.5723142706340842,0.7769996714209672,c1,branch_to_eukaryota
"(Node1612*, Node77*)",7,1.4276593768714203,0.7769996714209672,c1,branch_to_eukaryota
"(Node1612*, Node77*)",8,0.957924070466228,0.7769996714209672,c1,branch_to_eukaryota
"(Node1612*, Node77*)",9,0.543867249984733,0.7769996714209672,c1,branch_to_eukaryota
"(Node1612*, Node77*)",10,0.5298834175387473,0.7769996714209672,c1,branch_to_eukaryota
"(Node1612*, Node77*)",11,1.5931426707133565,0.56849665204281,c2,branch_to_eukaryota
"(Node1612*, Node77*)",12,1.593957662360954,0.56849665204281,c2,branch_to_eukaryota
"(Node1612*, Node77*)",13,-0.884518031394223,0.7769996714209672,c1,branch_to_eukaryota
"(Node1612*, Node77*)",14,0.9329963052789648,0.56849665204281,c2,branch_to_eukaryota
"(Node1612*, Node77*)",15,0.8215747572884816,0.7769996714209672,c1,branch_to_eukaryota
"(Node1612*, Node77*)",16,1.6360356904077746,0.7769996714209672,c1,branch_to_eukaryota
"(Node1612*, Node77*)",17,0.7613123505100005,0.7769996714209672,c1,branch_to_eukaryota
"(Node1612*, Node77*)",18,0.512524087015506,0.7769996714209672,c1,branch_to_eukaryota
"(Node1612*, Node77*)",19,0.3072390674174045,0.7769996714209672,c1,branch_to_eukaryota
"(Node1612*, Node77*)",20,0.9173615514669888,0.7769996714209672,c1,branch_to_eukaryota
"(Node1612*, Node77*)",21,0.3240387961519095,0.56849665204281,c2,branch_to_eukaryota
"(Node1612*, Node77*)",22,0.2415285218744059,0.56849665204281,c2,branch_to_eukaryota
"(Node1612*, Node77*)",23,1.8373312310517257e-13,0.56849665204281,c2,branch_to_eukaryota
"(Node1612*, Node77*)",24,-0.2894704461232024,0.56849665204281,c2,branch_to_eukaryota
"(Node1612*, Node77*)",25,-1.4544791185121947e-14,0.56849665204281,c2,branch_to_eukaryota
"(Node1612*, Node77*)",26,-0.0648493682501534,0.7769996714209672,c1,branch_to_eukaryota
"(Node1612*, Node77*)",27,-0.644455254542536,0.7769996714209672,c1,branch_to_eukaryota
"(Node1612*, Node77*)",28,1.636086459456226,0.7769996714209672,c1,branch_to_eukaryota
"(Node1612*, Node77*)",29,0.9496689418871532,0.7769996714209672,c1,branch_to_eukaryota
"(Node1612*, Node77*)",30,1.6361074922911671,0.7769996714209672,c1,branch_to_eukaryota
"(Node1612*, Node77*)",31,-0.8165505017921906,0.7769996714209672,c1,branch_to_eukaryota
"(Node1612*, Node77*)",32,-1.3942560654268356e-14,0.56849665204281,c2,branch_to_eukaryota
"(Node1612*, Node77*)",33,-1.2512581250190642,0.7769996714209672,c1,branch_to_eukaryota
"(Node1612*, Node77*)",34,-1.0166017091516355,0.56849665204281,c2,branch_to_eukaryota
"(Node1612*, Node77*)",35,-0.6216217337381412,0.56849665204281,c2,branch_to_eukaryota
"(Node1612*, Node77*)",36,-1.153360373410255,0.56849665204281,c2,branch_to_eukaryota
"(Node1612*, Node77*)",37,-0.6073913019028032,0.56849665204281,c2,branch_to_eukaryota
"(Node1612*, Node77*)",38,-1.1794729429707749,0.56849665204281,c2,branch_to_eukaryota
"(Node1612*, Node77*)",39,-2.2529916262285632e-14,0.7769996714209672,c1,branch_to_eukaryota
"(Node1612*, Node77*)",40,-0.9129962182779934,0.56849665204281,c2,branch_to_eukaryota
"(Node1612*, Node77*)",41,0.7216643984832569,0.7769996714209672,c1,branch_to_eukaryota
"(Node1612*, Node77*)",42,-0.707371924591767,0.56849665204281,c2,branch_to_eukaryota
"(Node1612*, Node77*)",43,0.532751076252533,0.56849665204281,c2,branch_to_eukaryota
"(Node1612*, Node77*)",44,1.165687402777549,0.2499926772809477,c3,branch_to_eukaryota
"(Node1612*, Node77*)",45,0.7409182896351725,0.7769996714209672,c1,branch_to_eukaryota
"(Node1612*, Node77*)",46,0.5333405540990962,0.56849665204281,c2,branch_to_eukaryota
"(Node1612*, Node77*)",47,0.5438962749620884,0.7769996714209672,c1,branch_to_eukaryota
"(Node1612*, Node77*)",48,0.8783404370040789,0.56849665204281,c2,branch_to_eukaryota
"(Node1612*, Node77*)",49,1.5847612957081196,0.56849665204281,c2,branch_to_eukaryota
"(Node1612*, Node77*)",50,1.6361074922911667,0.7769996714209672,c1,branch_to_eukaryota
"(Node1612*, Node77*)",51,0.5438962749620884,0.7769996714209672,c1,branch_to_eukaryota
"(Node1612*, Node77*)",52,0.6734239447706049,0.7769996714209672,c1,branch_to_eukaryota
"(Node1612*, Node77*)",53,0.9579974725965956,0.7769996714209672,c1,branch_to_eukaryota
"(Node1612*, Node77*)",54,1.6361074913756108,0.7769996714209672,c1,branch_to_eukaryota
"(Node1612*, Node77*)",55,0.544861886197013,0.7769996714209672,c1,branch_to_eukaryota
"(Node1612*, Node77*)",56,0.4779445857511852,0.7769996714209672,c1,branch_to_eukaryota
"(Node1612*, Node77*)",57,0.9579974725965956,0.7769996714209672,c1,branch_to_eukaryota
"(Node1612*, Node77*)",58,1.4544305299185258,0.7769996714209672,c1,branch_to_eukaryota
"(Node1612*, Node77*)",59,1.507530826232624,0.56849665204281,c2,branch_to_eukaryota
"(Node1612*, Node77*)",60,-0.9314909451385632,0.56849665204281,c2,branch_to_eukaryota
"(Node1612*, Node77*)",61,0.0652681434833947,0.2499926772809477,c3,branch_to_eukaryota
"(Node1612*, Node77*)",62,0.5870601504301501,0.2499926772809477,c3,branch_to_eukaryota
"(Node1612*, Node77*)",63,-0.5659384648570603,0.56849665204281,c2,branch_to_eukaryota
"(Node1612*, Node77*)",64,0.561557472692839,0.56849665204281,c2,branch_to_eukaryota
"(Node1612*, Node77*)",65,-1.3068556819284866e-16,0.0020431064014698,c4,branch_to_eukaryota
"(Node1612*, Node77*)",66,-0.0282494259884625,0.0020431064014698,c4,branch_to_eukaryota
"(Node1612*, Node77*)",67,0.058852810567126,0.0020431064014698,c4,branch_to_eukaryota
"(Node1612*, Node77*)",68,0.2073658420072338,0.2499926772809477,c3,branch_to_eukaryota
"(Node1612*, Node77*)",69,0.0149598077410538,0.0020431064014698,c4,branch_to_eukaryota
"(Node1612*, Node77*)",70,-0.0446067182441755,0.0020431064014698,c4,branch_to_eukaryota
"(Node1612*, Node77*)",71,0.0446335219496492,0.0020431064014698,c4,branch_to_eukaryota
"(Node1612*, Node77*)",72,-0.0116687197464089,0.0020431064014698,c4,branch_to_eukaryota
"(Node1612*, Node77*)",73,-3.6975415922577215e-18,0.0020431064014698,c4,branch_to_eukaryota
"(Node1612*, Node77*)",74,-2.062283288955716e-16,0.0020431064014698,c4,branch_to_eukaryota
"(Node1612*, Node77*)",75,-1.1581825369102594e-16,0.0020431064014698,c4,branch_to_eukaryota
"(Node1612*, Node77*)",76,-2.217800898307932e-16,0.0020431064014698,c4,branch_to_eukaryota
"(Node1612*, Node77*)",77,-2.243715814547247e-16,0.0020431064014698,c4,branch_to_eukaryota
"(Node1612*, Node77*)",78,4.2665674699874487e-16,0.0020431064014698,c4,branch_to_eukaryota
"(Node1612*, Node77*)",79,9.47164447566232e-16,0.0020431064014698,c4,branch_to_eukaryota
"(Node1612*, Node77*)",80,-3.284086375728665e-16,0.0020431064014698,c4,branch_to_eukaryota
"(Node1612*, Node77*)",81,-8.299681105460857e-16,0.0020431064014698,c4,branch_to_eukaryota
"(Node1612*, Node77*)",82,2.68099108136753e-16,0.0020431064014698,c4,branch_to_eukaryota
"(Node1612*, Node77*)",83,4.92347471475795e-16,0.0020431064014698,c4,branch_to_eukaryota
"(Node1612*, Node77*)",84,-3.6888177291080845e-16,0.0020431064014698,c4,branch_to_eukaryota
"(Node1612*, Node77*)",85,8.74559585692279e-16,0.0020431064014698,c4,branch_to_eukaryota
"(Node1612*, Node77*)",86,-0.0060352646527212,0.0020431064014698,c4,branch_to_eukaryota
"(Node1612*, Node77*)",87,-0.0613934096859453,0.0020431064014698,c4,branch_to_eukaryota
"(Node1612*, Node77*)",88,0.0032622189249327,0.0020431064014698,c4,branch_to_eukaryota
"(Node1612*, Node77*)",89,0.3166454351402729,0.2499926772809477,c3,branch_to_eukaryota
"(Node1612*, Node77*)",90,0.0021727447322445,0.0020431064014698,c4,branch_to_eukaryota
"(Node1612*, Node77*)",91,0.443471663931696,0.2499926772809477,c3,branch_to_eukaryota
"(Node1612*, Node77*)",92,-0.3835148376976569,0.2499926772809477,c3,branch_to_eukaryota
"(Node1612*, Node77*)",93,-5.176013886186296e-16,0.0020431064014698,c4,branch_to_eukaryota
"(Node1612*, Node77*)",94,4.20506824756188e-16,0.0020431064014698,c4,branch_to_eukaryota
"(Node1612*, Node77*)",95,-6.08694313828539e-16,0.0020431064014698,c4,branch_to_eukaryota
"(Node1612*, Node77*)",96,-7.095446005082407e-16,0.0020431064014698,c4,branch_to_eukaryota
"(Node1612*, Node77*)",97,4.8025546390086e-16,0.0020431064014698,c4,branch_to_eukaryota
"(Node1612*, Node77*)",98,-2.815889187785865e-16,0.0020431064014698,c4,branch_to_eukaryota
"(Node1612*, Node77*)",99,-1.0101029752939588e-15,0.0020431064014698,c4,branch_to_eukaryota
"(Node1612*, Node77*)",100,-3.703672180691435e-16,0.0020431064014698,c4,branch_to_eukaryota
"(Node1612*, Node77*)",101,-2.959666926348814e-16,0.0020431064014698,c4,branch_to_eukaryota
"(Node1612*, Node77*)",102,-2.0526052550655903e-16,0.0020431064014698,c4,branch_to_eukaryota
"(Node1612*, Node77*)",103,-6.816643503600427e-17,0.0020431064014698,c4,branch_to_eukaryota
"(Node1612*, Node77*)",104,-1.780533163556706e-16,0.0020431064014698,c4,branch_to_eukaryota
"(Node1612*, Node77*)",105,-1.9864631992922286e-16,0.0020431064014698,c4,branch_to_eukaryota
"(Node1612*, Node77*)",106,0.0997383501428987,0.2499926772809477,c3,branch_to_eukaryota
"(Node1612*, Node77*)",107,0.0800808488241506,0.0020431064014698,c4,branch_to_eukaryota
"(Node1612*, Node77*)",108,0.0192536198002748,0.0020431064014698,c4,branch_to_eukaryota
"(Node1612*, Node77*)",109,-0.0479621702987014,0.0020431064014698,c4,branch_to_eukaryota
"(Node1612*, Node77*)",110,0.025586491175823,0.0020431064014698,c4,branch_to_eukaryota
"(Node1612*, Node77*)",111,0.0469903692923787,0.0020431064014698,c4,branch_to_eukaryota
"(Node1612*, Node77*)",112,0.0067076509945938,0.0020431064014698,c4,branch_to_eukaryota
"(Node1612*, Node77*)",113,-0.019584692240651,0.56849665204281,c2,branch_to_eukaryota
"(Node1612*, Node77*)",114,0.731151970512492,0.56849665204281,c2,branch_to_eukaryota
"(Node1612*, Node77*)",115,1.2986528785156422,0.2499926772809477,c3,branch_to_eukaryota
"(Node1612*, Node77*)",116,-0.3165884465056059,0.56849665204281,c2,branch_to_eukaryota
"(Node1612*, Node77*)",117,0.9579974712245712,0.7769996714209672,c1,branch_to_eukaryota
"(Node1612*, Node77*)",118,1.6361074905899682,0.7769996714209672,c1,branch_to_eukaryota
"(Node1612*, Node77*)",119,0.9344389588465292,0.56849665204281,c2,branch_to_eukaryota
"(Node1612*, Node77*)",120,0.1292907951964636,0.2499926772809477,c3,branch_to_eukaryota
"(Node1612*, Node77*)",121,0.5438962749620884,0.7769996714209672,c1,branch_to_eukaryota
"(Node1612*, Node77*)",122,1.5658205441505313,0.56849665204281,c2,branch_to_eukaryota
"(Node1612*, Node77*)",123,0.9143853195195428,0.56849665204281,c2,branch_to_eukaryota
"(Node1612*, Node77*)",124,0.9579974725965956,0.7769996714209672,c1,branch_to_eukaryota
"(Node1612*, Node77*)",125,1.626235291417672,0.7769996714209672,c1,branch_to_eukaryota
"(Node1612*, Node77*)",126,-0.4720932305888632,0.7769996714209672,c1,branch_to_eukaryota
"(Node1612*, Node77*)",127,1.05534565514212,0.7769996714209672,c1,branch_to_eukaryota
"(Node1612*, Node77*)",128,0.5132968017899138,0.56849665204281,c2,branch_to_eukaryota
"(Node1612*, Node77*)",129,0.8838154293588792,0.7769996714209672,c1,branch_to_eukaryota
"(Node1612*, Node77*)",130,0.9097320776902096,0.7769996714209672,c1,branch_to_eukaryota
"(Node1612*, Node77*)",131,0.5438962749620884,0.7769996714209672,c1,branch_to_eukaryota
"(Node1612*, Node77*)",132,-0.8447878776670135,0.56849665204281,c2,branch_to_eukaryota
"(Node1612*, Node77*)",133,-0.9129227157806242,0.56849665204281,c2,branch_to_eukaryota
"(Node1612*, Node77*)",134,0.3555559208321356,0.2499926772809477,c3,branch_to_eukaryota
"(Node1612*, Node77*)",135,1.5970900023354686,0.56849665204281,c2,branch_to_eukaryota
"(Node1612*, Node77*)",136,0.7993095744422786,0.56849665204281,c2,branch_to_eukaryota
"(Node1612*, Node77*)",137,-1.2372185824909765,0.7769996714209672,c1,branch_to_eukaryota
"(Node1612*, Node77*)",138,-0.1401268055966617,0.2499926772809477,c3,branch_to_eukaryota
"(Node1612*, Node77*)",139,0.1287135269025438,0.56849665204281,c2,branch_to_eukaryota
"(Node1612*, Node77*)",140,0.3166540450396747,0.2499926772809477,c3,branch_to_eukaryota
"(Node1612*, Node77*)",141,0.0519166746572848,0.56849665204281,c2,branch_to_eukaryota
"(Node1612*, Node77*)",142,-0.7328196994798409,0.2499926772809477,c3,branch_to_eukaryota
"(Node1612*, Node77*)",143,-1.3289303596496852e-14,0.56849665204281,c2,branch_to_eukaryota
"(Node1612*, Node77*)",144,0.2097527912233853,0.7769996714209672,c1,branch_to_eukaryota
"(Node1612*, Node77*)",145,0.098230857582268,0.2499926772809477,c3,branch_to_eukaryota
"(Node1612*, Node77*)",146,1.2985961340710723,0.2499926772809477,c3,branch_to_eukaryota
"(Node1612*, Node77*)",147,0.2013332726838331,0.7769996714209672,c1,branch_to_eukaryota
"(Node1612*, Node77*)",148,0.0503528696772191,0.0020431064014698,c4,branch_to_eukaryota
"(Node1612*, Node77*)",149,1.5665972828248176,0.56849665204281,c2,branch_to_eukaryota
"(Node1612*, Node77*)",150,-1.1809214477177443,0.7769996714209672,c1,branch_to_eukaryota
"(Node1612*, Node77*)",151,0.1542705503839113,0.2499926772809477,c3,branch_to_eukaryota
"(Node1612*, Node77*)",152,0.0122484381969323,0.0020431064014698,c4,branch_to_eukaryota
"(Node1612*, Node77*)",153,-0.04753552033661,0.0020431064014698,c4,branch_to_eukaryota
"(Node1612*, Node77*)",154,-0.0789086367165094,0.0020431064014698,c4,branch_to_eukaryota
"(Node1612*, Node77*)",155,0.7496149842469322,0.2499926772809477,c3,branch_to_eukaryota
"(Node1612*, Node77*)",156,0.7479212881242194,0.2499926772809477,c3,branch_to_eukaryota
"(Node1612*, Node77*)",157,-3.847427250912504e-14,0.56849665204281,c2,branch_to_eukaryota
"(Node1612*, Node77*)",158,-1.6234310595671805e-15,0.0020431064014698,c4,branch_to_eukaryota
"(Node1612*, Node77*)",159,-1.8384537902740736e-14,0.2499926772809477,c3,branch_to_eukaryota
"(Node1612*, Node77*)",160,1.873888161488892e-16,0.0020431064014698,c4,branch_to_eukaryota
"(Node1612*, Node77*)",161,8.588330472585944e-14,0.2499926772809477,c3,branch_to_eukaryota
"(Node1612*, Node77*)",162,-4.2336331684226903e-14,0.56849665204281,c2,branch_to_eukaryota
"(Node1612*, Node77*)",163,-1.0883406831866419e-13,0.56849665204281,c2,branch_to_eukaryota
"(Node1612*, Node77*)",164,0.1115268836969698,0.2499926772809477,c3,branch_to_eukaryota
"(Node1612*, Node77*)",165,0.2590322585911075,0.2499926772809477,c3,branch_to_eukaryota
"(Node1612*, Node77*)",166,0.0627087572065116,0.0020431064014698,c4,branch_to_eukaryota
"(Node1612*, Node77*)",167,-0.707526499927359,0.2499926772809477,c3,branch_to_eukaryota
"(Node1612*, Node77*)",168,0.9344431480250136,0.56849665204281,c2,branch_to_eukaryota
"(Node1612*, Node77*)",169,0.7532476594604646,0.2499926772809477,c3,branch_to_eukaryota
"(Node1612*, Node77*)",170,0.5438962749620884,0.7769996714209672,c1,branch_to_eukaryota
"(Node1612*, Node77*)",171,1.5349789723572675,0.56849665204281,c2,branch_to_eukaryota
"(Node1612*, Node77*)",172,0.5438962749620884,0.7769996714209672,c1,branch_to_eukaryota
"(Node1612*, Node77*)",173,-0.0116516565592402,0.2499926772809477,c3,branch_to_eukaryota
"(Node1612*, Node77*)",174,1.5970900023136398,0.56849665204281,c2,branch_to_eukaryota
"(Node1612*, Node77*)",175,0.1439443560807721,0.0020431064014698,c4,branch_to_eukaryota
"(Node1612*, Node77*)",176,-0.1083300150976817,0.0020431064014698,c4,branch_to_eukaryota
"(Node1612*, Node77*)",177,0.1124449545550754,0.0020431064014698,c4,branch_to_eukaryota
"(Node1612*, Node77*)",178,0.1117390062590953,0.0020431064014698,c4,branch_to_eukaryota
"(Node1612*, Node77*)",179,0.7513137185111676,0.2499926772809477,c3,branch_to_eukaryota
"(Node1612*, Node77*)",180,-1.2189649655784291,0.7769996714209672,c1,branch_to_eukaryota
"(Node1612*, Node77*)",181,0.5438962749620884,0.7769996714209672,c1,branch_to_eukaryota
"(Node1612*, Node77*)",182,0.5438962749620884,0.7769996714209672,c1,branch_to_eukaryota
"(Node1612*, Node77*)",183,-0.9432687306522936,0.7769996714209672,c1,branch_to_eukaryota
"(Node1612*, Node77*)",184,-2.361919299632212e-14,0.56849665204281,c2,branch_to_eukaryota
"(Node1612*, Node77*)",185,1.295905021058969,0.2499926772809477,c3,branch_to_eukaryota
"(Node1612*, Node77*)",186,-0.0187308150715907,0.0020431064014698,c4,branch_to_eukaryota
"(Node1612*, Node77*)",187,0.1113301073817896,0.0020431064014698,c4,branch_to_eukaryota
"(Node1612*, Node77*)",188,0.1099472268816408,0.0020431064014698,c4,branch_to_eukaryota
"(Node1612*, Node77*)",189,0.0604022622006294,0.0020431064014698,c4,branch_to_eukaryota
"(Node1612*, Node77*)",190,0.7532476629392422,0.2499926772809477,c3,branch_to_eukaryota
"(Node1612*, Node77*)",191,1.2757114377322576,0.2499926772809477,c3,branch_to_eukaryota
"(Node1612*, Node77*)",192,1.5195269968808274,0.7769996714209672,c1,branch_to_eukaryota
"(Node1612*, Node77*)",193,0.5438962749620884,0.7769996714209672,c1,branch_to_eukaryota
"(Node1612*, Node77*)",194,0.5438962749620884,0.7769996714209672,c1,branch_to_eukaryota
"(Node1612*, Node77*)",195,0.4660001014501939,0.56849665204281,c2,branch_to_eukaryota
"(Node1612*, Node77*)",196,-0.2463318715886359,0.2499926772809477,c3,branch_to_eukaryota
"(Node1612*, Node77*)",197,1.5970900022002892,0.56849665204281,c2,branch_to_eukaryota
"(Node1612*, Node77*)",198,-0.7944757147900691,0.2499926772809477,c3,branch_to_eukaryota
"(Node1612*, Node77*)",199,0.6515228798242247,0.2499926772809477,c3,branch_to_eukaryota
"(Node1612*, Node77*)",200,0.4297479770058733,0.2499926772809477,c3,branch_to_eukaryota
"(Node1612*, Node77*)",201,-0.9212947073531396,0.56849665204281,c2,branch_to_eukaryota
"(Node1612*, Node77*)",202,-1.2474992372308138,0.7769996714209672,c1,branch_to_eukaryota
"(Node1612*, Node77*)",203,-0.5734579332086167,0.2499926772809477,c3,branch_to_eukaryota
"(Node1612*, Node77*)",204,0.0008473564628793,0.0020431064014698,c4,branch_to_eukaryota
"(Node1612*, Node77*)",205,-1.2573145870499202e-15,0.0020431064014698,c4,branch_to_eukaryota
"(Node1612*, Node77*)",206,0.017739803766491,0.0020431064014698,c4,branch_to_eukaryota
"(Node1612*, Node77*)",207,-0.0325042845915501,0.0020431064014698,c4,branch_to_eukaryota
"(Node1612*, Node77*)",208,0.0037678624373982,0.0020431064014698,c4,branch_to_eukaryota
"(Node1612*, Node77*)",209,0.0106402889088831,0.0020431064014698,c4,branch_to_eukaryota
"(Node1612*, Node77*)",210,0.1278494793755228,0.0020431064014698,c4,branch_to_eukaryota
"(Node1612*, Node77*)",211,-0.1072861517340793,0.0020431064014698,c4,branch_to_eukaryota
"(Node1612*, Node77*)",212,-0.0391274784092449,0.0020431064014698,c4,branch_to_eukaryota
"(Node1612*, Node77*)",213,0.0434498763158919,0.0020431064014698,c4,branch_to_eukaryota
"(Node1612*, Node77*)",214,0.1977207454575474,0.2499926772809477,c3,branch_to_eukaryota
"(Node1612*, Node77*)",215,-0.0001971103013639,0.0020431064014698,c4,branch_to_eukaryota
"(Node1612*, Node77*)",216,-0.0018251833300493,0.0020431064014698,c4,branch_to_eukaryota
"(Node1612*, Node77*)",217,-0.3473513922229846,0.2499926772809477,c3,branch_to_eukaryota
"(Node1612*, Node77*)",218,-0.035102867934054,0.0020431064014698,c4,branch_to_eukaryota
"(Node1612*, Node77*)",219,-0.0074372984789166,0.0020431064014698,c4,branch_to_eukaryota
"(Node1612*, Node77*)",220,0.1581611259676309,0.0020431064014698,c4,branch_to_eukaryota
"(Node1612*, Node77*)",221,-0.1633586112946678,0.2499926772809477,c3,branch_to_eukaryota
"(Node1612*, Node77*)",222,0.3720504446727552,0.56849665204281,c2,branch_to_eukaryota
"(Node1612*, Node77*)",223,0.5873503422112006,0.2499926772809477,c3,branch_to_eukaryota
"(Node1612*, Node77*)",224,-0.1163940646747526,0.0020431064014698,c4,branch_to_eukaryota
"(Node1612*, Node77*)",225,0.0127763880698622,0.2499926772809477,c3,branch_to_eukaryota
"(Node1612*, Node77*)",226,0.5322101698499586,0.2499926772809477,c3,branch_to_eukaryota
"(Node1612*, Node77*)",227,-0.0561068465301294,0.0020431064014698,c4,branch_to_eukaryota
"(Node1612*, Node77*)",228,0.3524569017367752,0.2499926772809477,c3,branch_to_eukaryota
"(Node1612*, Node77*)",229,0.1044436404451241,0.0020431064014698,c4,branch_to_eukaryota
"(Node1612*, Node77*)",230,-0.0375896049650166,0.0020431064014698,c4,branch_to_eukaryota
"(Node1612*, Node77*)",231,-0.0009604529133876,0.0020431064014698,c4,branch_to_eukaryota
"(Node1612*, Node77*)",232,0.0126602884229189,0.0020431064014698,c4,branch_to_eukaryota
"(Node1612*, Node77*)",233,-0.0877682545637659,0.2499926772809477,c3,branch_to_eukaryota
"(Node1612*, Node77*)",234,0.0725187055985032,0.2499926772809477,c3,branch_to_eukaryota
"(Node1612*, Node77*)",235,-0.0296357365653176,0.0020431064014698,c4,branch_to_eukaryota
"(Node1612*, Node77*)",236,0.07741495256561,0.0020431064014698,c4,branch_to_eukaryota
"(Node1612*, Node77*)",237,-0.092146364866806,0.0020431064014698,c4,branch_to_eukaryota
"(Node1612*, Node77*)",238,0.0687644805994641,0.0020431064014698,c4,branch_to_eukaryota
"(Node1612*, Node77*)",239,-0.0815730822877879,0.0020431064014698,c4,branch_to_eukaryota
"(Node1612*, Node77*)",240,-0.0135023524307519,0.0020431064014698,c4,branch_to_eukaryota
"(Node1612*, Node77*)",241,-1.4430055016526993e-13,0.56849665204281,c2,branch_to_eukaryota
"(Node1612*, Node77*)",242,3.4852988681817166e-14,0.2499926772809477,c3,branch_to_eukaryota
"(Node1612*, Node77*)",243,-3.814563162003874e-14,0.2499926772809477,c3,branch_to_eukaryota
"(Node1612*, Node77*)",244,-1.4634358965703317e-13,0.56849665204281,c2,branch_to_eukaryota
"(Node1612*, Node77*)",245,-1.2813427629384336e-13,0.56849665204281,c2,branch_to_eukaryota
"(Node1612*, Node77*)",246,-1.3078870206123268e-13,0.56849665204281,c2,branch_to_eukaryota
"(Node1612*, Node77*)",247,-1.0844431510093835e-13,0.56849665204281,c2,branch_to_eukaryota
"(Node1612*, Node77*)",248,4.370764989367224e-14,0.56849665204281,c2,branch_to_eukaryota
"(Node1612*, Node77*)",249,-9.637004907912177e-14,0.56849665204281,c2,branch_to_eukaryota
"(Node1612*, Node77*)",250,-1.0887325973347693e-13,0.56849665204281,c2,branch_to_eukaryota
"(Node1612*, Node77*)",251,-1.4439741769697365e-13,0.56849665204281,c2,branch_to_eukaryota
"(Node1612*, Node77*)",252,-3.4755165477665907e-14,0.2499926772809477,c3,branch_to_eukaryota
"(Node1612*, Node77*)",253,2.0188650965955592e-15,0.2499926772809477,c3,branch_to_eukaryota
"(Node1612*, Node77*)",254,-1.4310454033357876e-15,0.0020431064014698,c4,branch_to_eukaryota
"(Node1612*, Node77*)",255,-1.4237447708826473e-15,0.0020431064014698,c4,branch_to_eukaryota
"(Node1612*, Node77*)",256,-3.278059491254523e-14,0.2499926772809477,c3,branch_to_eukaryota
"(Node1612*, Node77*)",257,-3.2120983145350026e-14,0.2499926772809477,c3,branch_to_eukaryota
"(Node1612*, Node77*)",258,-3.549252261808832e-14,0.2499926772809477,c3,branch_to_eukaryota
"(Node1612*, Node77*)",259,-3.862450364270608e-14,0.2499926772809477,c3,branch_to_eukaryota
"(Node1612*, Node77*)",260,1.1569367747604572e-13,0.56849665204281,c2,branch_to_eukaryota
"(Node1612*, Node77*)",261,1.888505047578821e-13,0.56849665204281,c2,branch_to_eukaryota
"(Node1612*, Node77*)",262,-1.146179790698628e-13,0.56849665204281,c2,branch_to_eukaryota
"(Node1612*, Node77*)",263,-1.6657591355030533e-14,0.2499926772809477,c3,branch_to_eukaryota
"(Node1612*, Node77*)",264,2.010795356453953e-15,0.0020431064014698,c4,branch_to_eukaryota
"(Node1612*, Node77*)",265,2.5866791000193435e-15,0.0020431064014698,c4,branch_to_eukaryota
"(Node1612*, Node77*)",266,1.7680860116209049e-15,0.0020431064014698,c4,branch_to_eukaryota
"(Node1612*, Node77*)",267,-2.725211958681748e-16,0.0020431064014698,c4,branch_to_eukaryota
"(Node1612*, Node77*)",268,-1.964989659300225e-15,0.0020431064014698,c4,branch_to_eukaryota
"(Node1612*, Node77*)",269,7.843800113017451e-16,0.0020431064014698,c4,branch_to_eukaryota
"(Node1612*, Node77*)",270,1.7247562096557529e-15,0.0020431064014698,c4,branch_to_eukaryota
"(Node1612*, Node77*)",271,1.6405142212170973e-15,0.0020431064014698,c4,branch_to_eukaryota
"(Node1612*, Node77*)",272,-1.9101861013753035e-15,0.0020431064014698,c4,branch_to_eukaryota
"(Node1612*, Node77*)",273,1.3285285132977086e-15,0.0020431064014698,c4,branch_to_eukaryota
"(Node1612*, Node77*)",274,-4.1953756498135957e-16,0.0020431064014698,c4,branch_to_eukaryota
"(Node1612*, Node77*)",275,-1.7371858705404834e-15,0.0020431064014698,c4,branch_to_eukaryota
"(Node1612*, Node77*)",276,-1.6496115823677133e-15,0.0020431064014698,c4,branch_to_eukaryota
"(Node1612*, Node77*)",277,-3.312649446835793e-14,0.2499926772809477,c3,branch_to_eukaryota
"(Node1612*, Node77*)",278,7.642974396580964e-16,0.0020431064014698,c4,branch_to_eukaryota
"(Node1612*, Node77*)",279,2.370042470625788e-15,0.0020431064014698,c4,branch_to_eukaryota
"(Node1612*, Node77*)",280,-1.7987089105925475e-15,0.0020431064014698,c4,branch_to_eukaryota
"(Node1612*, Node77*)",281,-3.4491217412761114e-14,0.2499926772809477,c3,branch_to_eukaryota
"(Node1612*, Node77*)",282,-1.4450293550125284e-13,0.56849665204281,c2,branch_to_eukaryota
"(Node1612*, Node77*)",283,-4.535495807203212e-14,0.2499926772809477,c3,branch_to_eukaryota
"(Node1612*, Node77*)",284,1.1467885801523144e-13,0.7769996714209672,c1,branch_to_eukaryota
"(Node1612*, Node77*)",285,-2.490236101789743e-13,0.7769996714209672,c1,branch_to_eukaryota
"(Node1612*, Node77*)",286,-1.876192847521921e-13,0.7769996714209672,c1,branch_to_eukaryota
"(Node1612*, Node77*)",287,-1.436095670257285e-15,0.0020431064014698,c4,branch_to_eukaryota
"(Node1612*, Node77*)",288,3.157849271774025e-13,0.7769996714209672,c1,branch_to_eukaryota
"(Node1612*, Node77*)",289,1.88850026360363e-13,0.56849665204281,c2,branch_to_eukaryota
"(Node1612*, Node77*)",290,-1.0894946503473625e-13,0.56849665204281,c2,branch_to_eukaryota
"(Node1612*, Node77*)",291,-2.108767536885571e-14,0.2499926772809477,c3,branch_to_eukaryota
"(Node1612*, Node77*)",292,-3.8051872316178256e-14,0.2499926772809477,c3,branch_to_eukaryota
"(Node1612*, Node77*)",293,-3.797405063129631e-14,0.2499926772809477,c3,branch_to_eukaryota
"(Node1612*, Node77*)",294,-2.3811441585819295e-14,0.56849665204281,c2,branch_to_eukaryota
"(Node1612*, Node77*)",295,-1.0898339865620247e-13,0.56849665204281,c2,branch_to_eukaryota
"(Node1612*, Node77*)",296,-1.0834335203091953e-13,0.56849665204281,c2,branch_to_eukaryota
"(Node1612*, Node77*)",297,1.8884888561455846e-13,0.56849665204281,c2,branch_to_eukaryota
"(Node1612*, Node77*)",298,5.623771692913438e-14,0.2499926772809477,c3,branch_to_eukaryota
"(Node1612*, Node77*)",299,-5.0779888764168575e-14,0.2499926772809477,c3,branch_to_eukaryota
"(Node1612*, Node77*)",300,1.0772823606269133e-15,0.0020431064014698,c4,branch_to_eukaryota
"(Node1612*, Node77*)",301,-1.6346280788337434e-15,0.0020431064014698,c4,branch_to_eukaryota
"(Node1612*, Node77*)",302,-0.5139337134781449,0.2499926772809477,c3,branch_to_eukaryota
"(Node1612*, Node77*)",303,0.6963217452248253,0.7769996714209672,c1,branch_to_eukaryota
"(Node1612*, Node77*)",304,0.5246408078075006,0.7769996714209672,c1,branch_to_eukaryota
"(Node1612*, Node77*)",305,-0.9045724423576637,0.7769996714209672,c1,branch_to_eukaryota
"(Node1612*, Node77*)",306,-1.445393413707472e-15,0.0020431064014698,c4,branch_to_eukaryota
"(Node1612*, Node77*)",307,0.5711618618264727,0.2499926772809477,c3,branch_to_eukaryota
"(Node1612*, Node77*)",308,-0.0865477682941844,0.0020431064014698,c4,branch_to_eukaryota
"(Node1612*, Node77*)",309,0.0568725476069267,0.0020431064014698,c4,branch_to_eukaryota
"(Node1612*, Node77*)",310,0.1378835414754218,0.2499926772809477,c3,branch_to_eukaryota
"(Node1612*, Node77*)",311,0.5933504654085096,0.2499926772809477,c3,branch_to_eukaryota
"(Node1612*, Node77*)",312,0.0809706363063486,0.56849665204281,c2,branch_to_eukaryota
"(Node1612*, Node77*)",313,-0.0950179713298606,0.2499926772809477,c3,branch_to_eukaryota
"(Node1612*, Node77*)",314,0.1622414770140986,0.2499926772809477,c3,branch_to_eukaryota
"(Node1612*, Node77*)",315,0.2520415903641568,0.2499926772809477,c3,branch_to_eukaryota
"(Node1612*, Node77*)",316,0.0968834092456734,0.0020431064014698,c4,branch_to_eukaryota
"(Node1612*, Node77*)",317,2.2497090950174875e-14,0.56849665204281,c2,branch_to_eukaryota
"(Node1612*, Node77*)",318,0.5080893332066966,0.2499926772809477,c3,branch_to_eukaryota
"(Node1612*, Node77*)",319,-0.128160323265706,0.0020431064014698,c4,branch_to_eukaryota
"(Node1612*, Node77*)",320,-0.0330413785052744,0.0020431064014698,c4,branch_to_eukaryota
"(Node1612*, Node77*)",321,-0.041148820119519,0.2499926772809477,c3,branch_to_eukaryota
"(Node1612*, Node77*)",322,-0.4650403187825001,0.2499926772809477,c3,branch_to_eukaryota
"(Node1612*, Node77*)",323,-0.0093427026266754,0.0020431064014698,c4,branch_to_eukaryota
"(Node1612*, Node77*)",324,0.0565421896359288,0.0020431064014698,c4,branch_to_eukaryota
"(Node1612*, Node77*)",325,-0.0089289437273561,0.0020431064014698,c4,branch_to_eukaryota
"(Node1612*, Node77*)",326,-0.0081418599241371,0.0020431064014698,c4,branch_to_eukaryota
"(Node1612*, Node77*)",327,-0.1218657682702935,0.0020431064014698,c4,branch_to_eukaryota
"(Node1612*, Node77*)",328,0.4861830281192152,0.2499926772809477,c3,branch_to_eukaryota
"(Node1612*, Node77*)",329,0.0916078634424235,0.0020431064014698,c4,branch_to_eukaryota
"(Node1612*, Node77*)",330,-0.2445731245161025,0.2499926772809477,c3,branch_to_eukaryota
"(Node1612*, Node77*)",331,0.3994237524523244,0.2499926772809477,c3,branch_to_eukaryota
"(Node1612*, Node77*)",332,0.0403957937923135,0.2499926772809477,c3,branch_to_eukaryota
"(Node1612*, Node77*)",333,0.1040645378064416,0.0020431064014698,c4,branch_to_eukaryota
"(Node1612*, Node77*)",334,-0.1053347292989659,0.0020431064014698,c4,branch_to_eukaryota
"(Node1612*, Node77*)",335,1.185340818682772,0.2499926772809477,c3,branch_to_eukaryota
"(Node1612*, Node77*)",336,0.5667594209319838,0.56849665204281,c2,branch_to_eukaryota
"(Node1612*, Node77*)",337,-0.9317940589608528,0.2499926772809477,c3,branch_to_eukaryota
"(Node1612*, Node77*)",338,-0.0943935267239844,0.2499926772809477,c3,branch_to_eukaryota
"(Node1612*, Node77*)",339,-0.0654136800493442,0.0020431064014698,c4,branch_to_eukaryota
"(Node1612*, Node77*)",340,-0.0872780851544542,0.0020431064014698,c4,branch_to_eukaryota
"(Node1612*, Node77*)",341,-0.1429600926574356,0.0020431064014698,c4,branch_to_eukaryota
"(Node1612*, Node77*)",342,0.1099439107654643,0.0020431064014698,c4,branch_to_eukaryota
"(Node1612*, Node77*)",343,0.073247026471025,0.7769996714209672,c1,branch_to_eukaryota
"(Node1612*, Node77*)",344,0.0127715323288314,0.7769996714209672,c1,branch_to_eukaryota
"(Node1612*, Node77*)",345,0.1164878299200562,0.2499926772809477,c3,branch_to_eukaryota
"(Node1612*, Node77*)",346,0.6335177124459827,0.2499926772809477,c3,branch_to_eukaryota
"(Node1612*, Node77*)",347,0.5881895191706169,0.2499926772809477,c3,branch_to_eukaryota
"(Node1612*, Node77*)",348,0.4538085735913077,0.2499926772809477,c3,branch_to_eukaryota
"(Node1612*, Node77*)",349,-0.0270286044262494,0.2499926772809477,c3,branch_to_eukaryota
"(Node1612*, Node77*)",350,-0.4217592507689434,0.56849665204281,c2,branch_to_eukaryota
"(Node1612*, Node77*)",351,-0.7902393613867273,0.56849665204281,c2,branch_to_eukaryota
"(Node1612*, Node77*)",352,-1.153864975350833,0.56849665204281,c2,branch_to_eukaryota
"(Node1612*, Node77*)",353,1.5437170759991208,0.56849665204281,c2,branch_to_eukaryota
"(Node1612*, Node77*)",354,0.9344431480355184,0.56849665204281,c2,branch_to_eukaryota
"(Node1612*, Node77*)",355,-0.2576495965074811,0.2499926772809477,c3,branch_to_eukaryota
"(Node1612*, Node77*)",356,0.7374726944410664,0.2499926772809477,c3,branch_to_eukaryota
"(Node1612*, Node77*)",357,0.7374726911274659,0.2499926772809477,c3,branch_to_eukaryota
"(Node1612*, Node77*)",358,-0.0823195360394159,0.56849665204281,c2,branch_to_eukaryota
"(Node1612*, Node77*)",359,0.5438962749620884,0.7769996714209672,c1,branch_to_eukaryota
"(Node1612*, Node77*)",360,0.1466615748875391,0.7769996714209672,c1,branch_to_eukaryota
"(Node1612*, Node77*)",361,1.597089424259729,0.56849665204281,c2,branch_to_eukaryota
"(Node1612*, Node77*)",362,0.5438962749620884,0.7769996714209672,c1,branch_to_eukaryota
"(Node1612*, Node77*)",363,0.4600691960383668,0.7769996714209672,c1,branch_to_eukaryota
"(Node1612*, Node77*)",364,-0.9918630933097659,0.2499926772809477,c3,branch_to_eukaryota
"(Node1612*, Node77*)",365,1.5639176346150057,0.7769996714209672,c1,branch_to_eukaryota
"(Node1612*, Node77*)",366,0.4846929559146586,0.2499926772809477,c3,branch_to_eukaryota
"(Node1612*, Node77*)",367,-1.44418434325657e-13,0.56849665204281,c2,branch_to_eukaryota
"(Node1612*, Node77*)",368,6.641022238708083e-14,0.2499926772809477,c3,branch_to_eukaryota
"(Node1612*, Node77*)",369,0.9579974725965956,0.7769996714209672,c1,branch_to_eukaryota
"(Node1612*, Node77*)",370,0.427643331503733,0.56849665204281,c2,branch_to_eukaryota
"(Node1612*, Node77*)",371,-0.8281123497494852,0.56849665204281,c2,branch_to_eukaryota
"(Node1612*, Node77*)",372,0.946744003338785,0.7769996714209672,c1,branch_to_eukaryota
"(Node1612*, Node77*)",373,0.9576152222396888,0.7769996714209672,c1,branch_to_eukaryota
"(Node1612*, Node77*)",374,1.5637396820279268,0.56849665204281,c2,branch_to_eukaryota
"(Node1612*, Node77*)",375,0.5876834848509029,0.2499926772809477,c3,branch_to_eukaryota
"(Node1612*, Node77*)",376,0.0855955255091899,0.0020431064014698,c4,branch_to_eukaryota
"(Node1612*, Node77*)",377,0.934417572861148,0.56849665204281,c2,branch_to_eukaryota
"(Node1612*, Node77*)",378,0.9344415973934668,0.56849665204281,c2,branch_to_eukaryota
"(Node1612*, Node77*)",379,-1.166405467599403,0.7769996714209672,c1,branch_to_eukaryota
"(Node1612*, Node77*)",380,-0.8467498809205388,0.7769996714209672,c1,branch_to_eukaryota
"(Node1612*, Node77*)",381,0.6953839184548604,0.56849665204281,c2,branch_to_eukaryota
"(Node1612*, Node77*)",382,-0.0227232425139118,0.0020431064014698,c4,branch_to_eukaryota
"(Node1612*, Node77*)",383,0.702173597025404,0.2499926772809477,c3,branch_to_eukaryota
"(Node1612*, Node77*)",384,0.9548152693870228,0.7769996714209672,c1,branch_to_eukaryota
"(Node1612*, Node77*)",385,1.5968603945558013,0.56849665204281,c2,branch_to_eukaryota
"(Node1612*, Node77*)",386,0.737458174838823,0.2499926772809477,c3,branch_to_eukaryota
"(Node1612*, Node77*)",387,0.1878287390209826,0.2499926772809477,c3,branch_to_eukaryota
"(Node1612*, Node77*)",388,0.5797317185302868,0.7769996714209672,c1,branch_to_eukaryota
"(Node1612*, Node77*)",389,1.6247458014279668,0.7769996714209672,c1,branch_to_eukaryota
"(Node1612*, Node77*)",390,1.6247451767613408,0.7769996714209672,c1,branch_to_eukaryota
"(Node1612*, Node77*)",391,0.5517745446017279,0.56849665204281,c2,branch_to_eukaryota
"(Node1612*, Node77*)",392,0.5335527227105777,0.56849665204281,c2,branch_to_eukaryota
"(Node1612*, Node77*)",393,0.9578703347915596,0.7769996714209672,c1,branch_to_eukaryota
"(Node1612*, Node77*)",394,-0.984775318572019,0.2499926772809477,c3,branch_to_eukaryota
"(Node1612*, Node77*)",395,0.9645108646107164,0.7769996714209672,c1,branch_to_eukaryota
"(Node1612*, Node77*)",396,0.0480784632520305,0.0020431064014698,c4,branch_to_eukaryota
"(Node1612*, Node77*)",397,0.1821666870981214,0.2499926772809477,c3,branch_to_eukaryota
"(Node1612*, Node77*)",398,-0.2879914298757561,0.2499926772809477,c3,branch_to_eukaryota
"(Node1612*, Node77*)",399,0.7934164021520584,0.56849665204281,c2,branch_to_eukaryota
"(Node1612*, Node77*)",400,0.5438962749620884,0.7769996714209672,c1,branch_to_eukaryota
"(Node1612*, Node77*)",401,1.597089424259729,0.56849665204281,c2,branch_to_eukaryota
"(Node1612*, Node77*)",402,0.7678328542680651,0.56849665204281,c2,branch_to_eukaryota
"(Node1612*, Node77*)",403,0.3528944469602319,0.2499926772809477,c3,branch_to_eukaryota
"(Node1612*, Node77*)",404,0.3528944475059622,0.2499926772809477,c3,branch_to_eukaryota
"(Node1612*, Node77*)",405,0.3224574983234546,0.7769996714209672,c1,branch_to_eukaryota
"(Node1612*, Node77*)",406,-5.715630013765978e-14,0.2499926772809477,c3,branch_to_eukaryota
"(Node1612*, Node77*)",407,0.5797311025558908,0.7769996714209672,c1,branch_to_eukaryota
"(Node1612*, Node77*)",408,1.025659370301838,0.56849665204281,c2,branch_to_eukaryota
"(Node1612*, Node77*)",409,0.5016942373238643,0.56849665204281,c2,branch_to_eukaryota
"(Node1612*, Node77*)",410,0.5016945378686761,0.56849665204281,c2,branch_to_eukaryota
"(Node1612*, Node77*)",411,0.8968914117823445,0.7769996714209672,c1,branch_to_eukaryota
"(Node1612*, Node77*)",412,-0.4977019451029595,0.2499926772809477,c3,branch_to_eukaryota
"(Node1612*, Node77*)",413,-0.7479596625835508,0.2499926772809477,c3,branch_to_eukaryota
"(Node1612*, Node77*)",414,-0.3365352126596028,0.56849665204281,c2,branch_to_eukaryota
"(Node1612*, Node77*)",415,2.6793635440230982e-14,0.7769996714209672,c1,branch_to_eukaryota
"(Node1612*, Node77*)",416,-1.1962682811063985,0.56849665204281,c2,branch_to_eukaryota
"(Node1612*, Node77*)",417,0.5439546807772885,0.7769996714209672,c1,branch_to_eukaryota
"(Node1612*, Node77*)",418,0.9467441313881751,0.7769996714209672,c1,branch_to_eukaryota
"(Node1612*, Node77*)",419,0.296472747848417,0.7769996714209672,c1,branch_to_eukaryota
"(Node1612*, Node77*)",420,0.9579974725965956,0.7769996714209672,c1,branch_to_eukaryota
"(Node1612*, Node77*)",421,0.0164829788396723,0.56849665204281,c2,branch_to_eukaryota
"(Node1612*, Node77*)",422,-0.4707860099539887,0.2499926772809477,c3,branch_to_eukaryota
"(Node1612*, Node77*)",423,-0.5365701647237832,0.2499926772809477,c3,branch_to_eukaryota
"(Node1612*, Node77*)",424,0.9344430099090144,0.56849665204281,c2,branch_to_eukaryota
"(Node1612*, Node77*)",425,0.4478515675609878,0.2499926772809477,c3,branch_to_eukaryota
"(Node1612*, Node77*)",426,-0.5119483945659635,0.2499926772809477,c3,branch_to_eukaryota
"(Node1612*, Node77*)",427,1.5657794945410546,0.7769996714209672,c1,branch_to_eukaryota
"(Node1612*, Node77*)",428,1.0257280195265157,0.56849665204281,c2,branch_to_eukaryota
"(Node1612*, Node77*)",429,1.0257195168287354,0.56849665204281,c2,branch_to_eukaryota
"(Node1612*, Node77*)",430,0.5015455822391035,0.56849665204281,c2,branch_to_eukaryota
"(Node1612*, Node77*)",431,0.5142155147220814,0.7769996714209672,c1,branch_to_eukaryota
"(Node1612*, Node77*)",432,0.5431362199338855,0.7769996714209672,c1,branch_to_eukaryota
"(Node1612*, Node77*)",433,0.9456737518016702,0.7769996714209672,c1,branch_to_eukaryota
"(Node1612*, Node77*)",434,0.5438962749618103,0.7769996714209672,c1,branch_to_eukaryota
"(Node1612*, Node77*)",435,-0.879290022222732,0.2499926772809477,c3,branch_to_eukaryota
"(Node1612*, Node77*)",436,0.4160789195721559,0.56849665204281,c2,branch_to_eukaryota
"(Node1612*, Node77*)",437,0.9579974725985768,0.7769996714209672,c1,branch_to_eukaryota
"(Node1612*, Node77*)",438,0.5967380248168302,0.56849665204281,c2,branch_to_eukaryota
"(Node1612*, Node77*)",439,-0.941269286532684,0.2499926772809477,c3,branch_to_eukaryota
"(Node1612*, Node77*)",440,-0.943270716538448,0.7769996714209672,c1,branch_to_eukaryota
"(Node1612*, Node77*)",441,1.6361074923004402,0.7769996714209672,c1,branch_to_eukaryota
"(Node1612*, Node77*)",442,6.538957933706568e-27,0.7769996714209672,c1,branch_to_eukaryota
"(Node1612*, Node77*)",443,0.9579974725985768,0.7769996714209672,c1,branch_to_eukaryota
"(Node1612*, Node77*)",444,0.2097527911717712,0.7769996714209672,c1,branch_to_eukaryota
"(Node1612*, Node77*)",445,0.9579974725985768,0.7769996714209672,c1,branch_to_eukaryota
"(Node1612*, Node77*)",446,0.5438962749618103,0.7769996714209672,c1,branch_to_eukaryota
"(Node1612*, Node77*)",447,-1.1738080973574614,0.56849665204281,c2,branch_to_eukaryota
"(Node1612*, Node77*)",448,0.5438962749618103,0.7769996714209672,c1,branch_to_eukaryota
"(Node1612*, Node77*)",449,-0.424959741595674,0.7769996714209672,c1,branch_to_eukaryota
"(Node1612*, Node77*)",450,0.9548019260843454,0.7769996714209672,c1,branch_to_eukaryota
"(Node1612*, Node77*)",451,0.9579974725976604,0.7769996714209672,c1,branch_to_eukaryota
"(Node1612*, Node77*)",452,-0.911678239086385,0.2499926772809477,c3,branch_to_eukaryota
"(Node1612*, Node77*)",453,-0.5285495417439982,0.56849665204281,c2,branch_to_eukaryota
"(Node1612*, Node77*)",454,-0.3638171963512728,0.7769996714209672,c1,branch_to_eukaryota
"(Node1612*, Node77*)",455,0.9072423302669678,0.56849665204281,c2,branch_to_eukaryota
"(Node1612*, Node77*)",456,-0.8985406729231763,0.56849665204281,c2,branch_to_eukaryota
"(Node1612*, Node77*)",457,0.684335766527964,0.7769996714209672,c1,branch_to_eukaryota
"(Node1612*, Node77*)",458,-0.6717768924568601,0.7769996714209672,c1,branch_to_eukaryota
"(Node1612*, Node77*)",459,-0.943357822503729,0.7769996714209672,c1,branch_to_eukaryota
"(Node1612*, Node77*)",460,-0.9052373764115996,0.7769996714209672,c1,branch_to_eukaryota
"(Node1612*, Node77*)",461,1.6361074922911667,0.7769996714209672,c1,branch_to_eukaryota
"(Node1612*, Node77*)",462,1.6352691248078712,0.7769996714209672,c1,branch_to_eukaryota
"(Node1612*, Node77*)",463,0.5438962749618103,0.7769996714209672,c1,branch_to_eukaryota
"(Node1612*, Node77*)",464,-0.9315938764822996,0.7769996714209672,c1,branch_to_eukaryota
"(Node1612*, Node77*)",465,0.9579974725985768,0.7769996714209672,c1,branch_to_eukaryota
"(Node1612*, Node77*)",466,0.9579974724785356,0.7769996714209672,c1,branch_to_eukaryota
"(Node1612*, Node77*)",467,0.7241491938492525,0.7769996714209672,c1,branch_to_eukaryota
"(Node1612*, Node77*)",468,0.0805239526919534,0.56849665204281,c2,branch_to_eukaryota
"(Node1612*, Node77*)",469,-0.8048677607689859,0.7769996714209672,c1,branch_to_eukaryota
"(Node1612*, Node77*)",470,0.9579974725985768,0.7769996714209672,c1,branch_to_eukaryota
"(Node1612*, Node77*)",471,1.6361074923004402,0.7769996714209672,c1,branch_to_eukaryota
"(Node1612*, Node77*)",472,0.5438962749618103,0.7769996714209672,c1,branch_to_eukaryota
"(Node1612*, Node77*)",473,0.9579974712264192,0.7769996714209672,c1,branch_to_eukaryota
"(Node1612*, Node77*)",474,1.6361074923004402,0.7769996714209672,c1,branch_to_eukaryota
"(Node1612*, Node77*)",475,0.5438962749618103,0.7769996714209672,c1,branch_to_eukaryota
"(Node1612*, Node77*)",476,0.9579974725985768,0.7769996714209672,c1,branch_to_eukaryota
"(Node1612*, Node77*)",477,0.9578664429141216,0.7769996714209672,c1,branch_to_eukaryota
"(Node1612*, Node77*)",478,1.5493490666224476,0.56849665204281,c2,branch_to_eukaryota
"(Node1612*, Node77*)",479,0.9340692596659326,0.56849665204281,c2,branch_to_eukaryota
"(Node1612*, Node77*)",480,-1.1234833537296385,0.7769996714209672,c1,branch_to_eukaryota
"(Node1612*, Node77*)",481,0.9579974725985768,0.7769996714209672,c1,branch_to_eukaryota
"(Node1612*, Node77*)",482,0.0184726573208217,0.7769996714209672,c1,branch_to_eukaryota
"(Node1612*, Node77*)",483,0.5438962749618103,0.7769996714209672,c1,branch_to_eukaryota
"(Node1612*, Node77*)",484,0.5439147769135305,0.7769996714209672,c1,branch_to_eukaryota
"(Node1612*, Node77*)",485,0.6741704181813036,0.2499926772809477,c3,branch_to_eukaryota
"(Node1612*, Node77*)",486,-0.66534139860662,0.7769996714209672,c1,branch_to_eukaryota
"(Node1612*, Node77*)",487,0.5470890637335386,0.7769996714209672,c1,branch_to_eukaryota
"(Node1612*, Node77*)",488,-0.6176806870323791,0.56849665204281,c2,branch_to_eukaryota
"(Node1612*, Node77*)",489,1.0257242507820217,0.56849665204281,c2,branch_to_eukaryota
"(Node1612*, Node77*)",490,-0.8851342024876807,0.2499926772809477,c3,branch_to_eukaryota
"(Node1612*, Node77*)",491,1.6361074923004402,0.7769996714209672,c1,branch_to_eukaryota
"(Node1612*, Node77*)",492,0.5438962737808879,0.7769996714209672,c1,branch_to_eukaryota
"(Node1612*, Node77*)",493,0.5371247300967774,0.7769996714209672,c1,branch_to_eukaryota
"(Node1612*, Node77*)",494,-2.2707132796562e-14,0.7769996714209672,c1,branch_to_eukaryota
"(Node1612*, Node77*)",495,-0.7536253901188426,0.7769996714209672,c1,branch_to_eukaryota
"(Node1612*, Node77*)",496,0.9700472387621744,0.56849665204281,c2,branch_to_eukaryota
"(Node1612*, Node77*)",497,-0.1559067224152454,0.2499926772809477,c3,branch_to_eukaryota
"(Node1612*, Node77*)",498,-0.4089501891686911,0.2499926772809477,c3,branch_to_eukaryota
"(Node1612*, Node77*)",499,0.7694529839643222,0.7769996714209672,c1,branch_to_eukaryota
"(Node1612*, Node77*)",500,-0.0591504501971588,0.0020431064014698,c4,branch_to_eukaryota
"(Node1612*, Node77*)",501,0.0711138185628425,0.56849665204281,c2,branch_to_eukaryota
"(Node1612*, Node77*)",502,0.4940224898265461,0.7769996714209672,c1,branch_to_eukaryota
"(Node1612*, Node77*)",503,-0.4041188803071221,0.2499926772809477,c3,branch_to_eukaryota
"(Node1612*, Node77*)",504,-0.163070279541188,0.2499926772809477,c3,branch_to_eukaryota
"(Node1612*, Node77*)",505,0.4612525028728336,0.56849665204281,c2,branch_to_eukaryota
"(Node1612*, Node77*)",506,-0.6018361335196609,0.7769996714209672,c1,branch_to_eukaryota
"(Node1612*, Node77*)",507,0.9579974725985768,0.7769996714209672,c1,branch_to_eukaryota
"(Node1612*, Node77*)",508,0.5438962749618103,0.7769996714209672,c1,branch_to_eukaryota
"(Node1612*, Node77*)",509,-0.9121104440198318,0.2499926772809477,c3,branch_to_eukaryota
"(Node1612*, Node77*)",510,0.5016890239585254,0.56849665204281,c2,branch_to_eukaryota
"(Node1612*, Node77*)",511,-0.6074568186559844,0.56849665204281,c2,branch_to_eukaryota
"(Node1612*, Node77*)",512,0.5554437446270964,0.7769996714209672,c1,branch_to_eukaryota
"(Node1612*, Node77*)",513,0.9579974725985768,0.7769996714209672,c1,branch_to_eukaryota
"(Node1612*, Node77*)",514,1.6280338725445924,0.7769996714209672,c1,branch_to_eukaryota
"(Node1612*, Node77*)",515,0.6934015076463838,0.2499926772809477,c3,branch_to_eukaryota
"(Node1612*, Node77*)",516,0.5438962749618103,0.7769996714209672,c1,branch_to_eukaryota
"(Node1612*, Node77*)",517,2.243056597711361e-13,0.56849665204281,c2,branch_to_eukaryota
"(Node1612*, Node77*)",518,-1.1485457251895603,0.56849665204281,c2,branch_to_eukaryota
"(Node1612*, Node77*)",519,-0.6151152135172288,0.56849665204281,c2,branch_to_eukaryota
"(Node1612*, Node77*)",520,-1.059323800459829,0.56849665204281,c2,branch_to_eukaryota
"(Node1612*, Node77*)",521,-0.8747226263312333,0.7769996714209672,c1,branch_to_eukaryota
"(Node1612*, Node77*)",522,0.7004992423221212,0.56849665204281,c2,branch_to_eukaryota
"(Node1612*, Node77*)",523,0.3479719283423822,0.7769996714209672,c1,branch_to_eukaryota
"(Node1612*, Node77*)",524,-2.4268393786023176e-14,0.7769996714209672,c1,branch_to_eukaryota
"(Node1612*, Node77*)",525,-0.7584447518888555,0.7769996714209672,c1,branch_to_eukaryota
"(Node1612*, Node77*)",526,-1.8761928474317994e-13,0.7769996714209672,c1,branch_to_eukaryota
"(Node1612*, Node77*)",527,-1.156094537848414,0.7769996714209672,c1,branch_to_eukaryota
"(Node1612*, Node77*)",528,0.4712320663996186,0.2499926772809477,c3,branch_to_eukaryota
"(Node1612*, Node77*)",529,0.438297056794501,0.2499926772809477,c3,branch_to_eukaryota
"(Node1612*, Node77*)",530,0.5703579238874076,0.2499926772809477,c3,branch_to_eukaryota
"(Node1612*, Node77*)",531,0.4900155655064371,0.56849665204281,c2,branch_to_eukaryota
"(Node1612*, Node77*)",532,0.6724285790303095,0.7769996714209672,c1,branch_to_eukaryota
"(Node1612*, Node77*)",533,-0.2032528677113617,0.2499926772809477,c3,branch_to_eukaryota
"(Node1612*, Node77*)",534,-0.6657068369359486,0.7769996714209672,c1,branch_to_eukaryota
"(Node1612*, Node77*)",535,-9.797596526862536e-16,0.0020431064014698,c4,branch_to_eukaryota
"(Node1612*, Node77*)",536,0.0235380731677911,0.7769996714209672,c1,branch_to_eukaryota
"(Node1612*, Node77*)",537,-0.5027810203219494,0.2499926772809477,c3,branch_to_eukaryota
"(Node1612*, Node77*)",538,-0.1873782199255995,0.56849665204281,c2,branch_to_eukaryota
"(Node1612*, Node77*)",539,-0.5556824446953946,0.56849665204281,c2,branch_to_eukaryota
"(Node1612*, Node77*)",540,-0.0972395939981769,0.2499926772809477,c3,branch_to_eukaryota
"(Node1612*, Node77*)",541,0.82655913861558,0.2499926772809477,c3,branch_to_eukaryota
"(Node1612*, Node77*)",542,1.7016813663702846e-14,0.56849665204281,c2,branch_to_eukaryota
"(Node1612*, Node77*)",543,0.3401925674310671,0.2499926772809477,c3,branch_to_eukaryota
"(Node1612*, Node77*)",544,0.506939333654377,0.56849665204281,c2,branch_to_eukaryota
"(Node1612*, Node77*)",545,0.1884786379563832,0.2499926772809477,c3,branch_to_eukaryota
"(Node1612*, Node77*)",546,0.2979244709573777,0.56849665204281,c2,branch_to_eukaryota
"(Node1612*, Node77*)",547,0.7687776794399839,0.56849665204281,c2,branch_to_eukaryota
"(Node1612*, Node77*)",548,-0.127626309883625,0.2499926772809477,c3,branch_to_eukaryota
"(Node1612*, Node77*)",549,0.7173492709021325,0.56849665204281,c2,branch_to_eukaryota
"(Node1612*, Node77*)",550,-0.0955831875236125,0.2499926772809477,c3,branch_to_eukaryota
"(Node1612*, Node77*)",551,-0.2342958056119452,0.56849665204281,c2,branch_to_eukaryota
"(Node1612*, Node77*)",552,0.0906900581156328,0.7769996714209672,c1,branch_to_eukaryota
"(Node1612*, Node77*)",553,-1.7901056103233078e-15,0.0020431064014698,c4,branch_to_eukaryota
"(Node1612*, Node77*)",554,0.6720611805668655,0.7769996714209672,c1,branch_to_eukaryota
"(Node1612*, Node77*)",555,3.8695609745734236e-14,0.2499926772809477,c3,branch_to_eukaryota
"(Node1612*, Node77*)",556,0.6269785186539104,0.56849665204281,c2,branch_to_eukaryota
"(Node1612*, Node77*)",557,0.4446323807527987,0.7769996714209672,c1,branch_to_eukaryota
"(Node1612*, Node77*)",558,0.029122514821155,0.2499926772809477,c3,branch_to_eukaryota
"(Node1612*, Node77*)",559,0.3277413522428687,0.2499926772809477,c3,branch_to_eukaryota
"(Node1612*, Node77*)",560,0.3691729582523652,0.2499926772809477,c3,branch_to_eukaryota
"(Node1612*, Node77*)",561,-1.2476885750642774,0.7769996714209672,c1,branch_to_eukaryota
"(Node1612*, Node77*)",562,0.4718605230823027,0.7769996714209672,c1,branch_to_eukaryota
"(Node1612*, Node77*)",563,0.4999887825864903,0.7769996714209672,c1,branch_to_eukaryota
"(Node1612*, Node77*)",564,0.4573990187147165,0.56849665204281,c2,branch_to_eukaryota
"(Node1612*, Node77*)",565,0.333795465681482,0.7769996714209672,c1,branch_to_eukaryota
"(Node1612*, Node77*)",566,-0.999117528274206,0.56849665204281,c2,branch_to_eukaryota
"(Node1612*, Node77*)",567,0.1628654854712327,0.2499926772809477,c3,branch_to_eukaryota
"(Node1612*, Node77*)",568,-0.5068018339180718,0.2499926772809477,c3,branch_to_eukaryota
"(Node1612*, Node77*)",569,-0.0328536139478424,0.0020431064014698,c4,branch_to_eukaryota
"(Node1612*, Node77*)",570,0.0010864149444642,0.0020431064014698,c4,branch_to_eukaryota
"(Node1612*, Node77*)",571,0.36721396915836,0.2499926772809477,c3,branch_to_eukaryota
"(Node1612*, Node77*)",572,0.4622971754319168,0.2499926772809477,c3,branch_to_eukaryota
"(Node1612*, Node77*)",573,0.52366996635243,0.56849665204281,c2,branch_to_eukaryota
"(Node1612*, Node77*)",574,-0.5256283680483455,0.56849665204281,c2,branch_to_eukaryota
"(Node1612*, Node77*)",575,0.512589141729342,0.2499926772809477,c3,branch_to_eukaryota
"(Node1612*, Node77*)",576,0.4395713384877566,0.56849665204281,c2,branch_to_eukaryota
"(Node1612*, Node77*)",577,0.6189153163446186,0.7769996714209672,c1,branch_to_eukaryota
"(Node1612*, Node77*)",578,0.2559603267712647,0.56849665204281,c2,branch_to_eukaryota
"(Node1612*, Node77*)",579,-0.000137667554478,0.0020431064014698,c4,branch_to_eukaryota
"(Node1612*, Node77*)",580,8.131209949854853e-05,0.0020431064014698,c4,branch_to_eukaryota
"(Node1612*, Node77*)",581,0.0001047917792913,0.0020431064014698,c4,branch_to_eukaryota
"(Node1612*, Node77*)",582,-1.1093374326543527e-05,0.0020431064014698,c4,branch_to_eukaryota
"(Node1612*, Node77*)",583,1.4948492639238916e-16,0.0020431064014698,c4,branch_to_eukaryota
"(Node1612*, Node77*)",584,0.0001897225155296,0.0020431064014698,c4,branch_to_eukaryota
"(Node1612*, Node77*)",585,0.0001207191245787,0.0020431064014698,c4,branch_to_eukaryota
"(Node1612*, Node77*)",586,-2.752731767081688e-16,0.0020431064014698,c4,branch_to_eukaryota
"(Node1612*, Node77*)",587,-1.1084449036806974e-16,0.0020431064014698,c4,branch_to_eukaryota
"(Node1612*, Node77*)",588,-3.3567546919571616e-16,0.0020431064014698,c4,branch_to_eukaryota
"(Node1612*, Node77*)",589,-4.2402569922244036e-16,0.0020431064014698,c4,branch_to_eukaryota
"(Node1612*, Node77*)",590,0.0425309556608948,0.0020431064014698,c4,branch_to_eukaryota
"(Node1612*, Node77*)",591,-0.3616923328947115,0.2499926772809477,c3,branch_to_eukaryota
"(Node1612*, Node77*)",592,0.4046570973559355,0.2499926772809477,c3,branch_to_eukaryota
"(Node1612*, Node77*)",593,-0.3816267082498067,0.2499926772809477,c3,branch_to_eukaryota
"(Node1612*, Node77*)",594,-0.7485253787547882,0.2499926772809477,c3,branch_to_eukaryota
"(Node1612*, Node77*)",595,-0.0293445208394974,0.2499926772809477,c3,branch_to_eukaryota
"(Node1612*, Node77*)",596,-1.1501325196393113e-15,0.0020431064014698,c4,branch_to_eukaryota
"(Node1612*, Node77*)",597,5.559355494018407e-16,0.0020431064014698,c4,branch_to_eukaryota
"(Node1612*, Node77*)",598,5.537748497523192e-16,0.0020431064014698,c4,branch_to_eukaryota
"(Node1612*, Node77*)",599,1.650098134084359e-16,0.0020431064014698,c4,branch_to_eukaryota
"(Node1612*, Node77*)",600,-2.268655809678129e-16,0.0020431064014698,c4,branch_to_eukaryota
"(Node1612*, Node77*)",601,-1.508783865235108e-17,0.0020431064014698,c4,branch_to_eukaryota
"(Node1612*, Node77*)",602,-3.109960520625333e-16,0.0020431064014698,c4,branch_to_eukaryota
"(Node1612*, Node77*)",603,-3.0297368889318274e-16,0.0020431064014698,c4,branch_to_eukaryota
"(Node1612*, Node77*)",604,-3.7236891819432783e-16,0.0020431064014698,c4,branch_to_eukaryota
"(Node1612*, Node77*)",605,-8.852142918516027e-18,0.0020431064014698,c4,branch_to_eukaryota
"(Node1612*, Node77*)",606,-3.1606228725038206e-16,0.0020431064014698,c4,branch_to_eukaryota
"(Node1612*, Node77*)",607,0.3525165051667038,0.56849665204281,c2,branch_to_eukaryota
"(Node1612*, Node77*)",608,-2.3539870798296087e-14,0.7769996714209672,c1,branch_to_eukaryota
"(Node1612*, Node77*)",609,-1.7735321599462838e-14,0.7769996714209672,c1,branch_to_eukaryota
"(Node1612*, Node77*)",610,0.457656780244271,0.56849665204281,c2,branch_to_eukaryota
"(Node1612*, Node77*)",611,-0.1034839768215867,0.2499926772809477,c3,branch_to_eukaryota
"(Node1612*, Node77*)",612,-0.5195128284140466,0.56849665204281,c2,branch_to_eukaryota
"(Node1612*, Node77*)",613,0.5729679943795302,0.7769996714209672,c1,branch_to_eukaryota
"(Node1612*, Node77*)",614,1.170466815860696e-13,0.56849665204281,c2,branch_to_eukaryota
"(Node1612*, Node77*)",615,0.2567680239670772,0.56849665204281,c2,branch_to_eukaryota
"(Node1612*, Node77*)",616,-0.5360871555493913,0.2499926772809477,c3,branch_to_eukaryota
"(Node1612*, Node77*)",617,-0.5416749345164505,0.2499926772809477,c3,branch_to_eukaryota
"(Node1612*, Node77*)",618,0.0311797478284777,0.0020431064014698,c4,branch_to_eukaryota
"(Node1612*, Node77*)",619,0.0320493959567059,0.0020431064014698,c4,branch_to_eukaryota
"(Node1612*, Node77*)",620,0.1101866939172195,0.2499926772809477,c3,branch_to_eukaryota
"(Node1612*, Node77*)",621,0.3362245434391365,0.2499926772809477,c3,branch_to_eukaryota
"(Node1612*, Node77*)",622,0.2681305265373422,0.2499926772809477,c3,branch_to_eukaryota
"(Node1612*, Node77*)",623,0.5797292039579266,0.7769996714209672,c1,branch_to_eukaryota
"(Node1612*, Node77*)",624,-1.0453786577975137,0.56849665204281,c2,branch_to_eukaryota
"(Node1612*, Node77*)",625,-0.6741286756439564,0.56849665204281,c2,branch_to_eukaryota
"(Node1612*, Node77*)",626,0.6036282962643773,0.56849665204281,c2,branch_to_eukaryota
"(Node1612*, Node77*)",627,0.5438962749618103,0.7769996714209672,c1,branch_to_eukaryota
"(Node1612*, Node77*)",628,0.8301470118283573,0.7769996714209672,c1,branch_to_eukaryota
"(Node1612*, Node77*)",629,-0.290068160801266,0.2499926772809477,c3,branch_to_eukaryota
"(Node1612*, Node77*)",630,0.1665559352889995,0.2499926772809477,c3,branch_to_eukaryota
"(Node1612*, Node77*)",631,0.5079560130563276,0.56849665204281,c2,branch_to_eukaryota
"(Node1612*, Node77*)",632,0.1510715298474071,0.56849665204281,c2,branch_to_eukaryota
"(Node1612*, Node77*)",633,-2.074419405244593e-14,0.7769996714209672,c1,branch_to_eukaryota
"(Node1612*, Node77*)",634,0.9579974725985768,0.7769996714209672,c1,branch_to_eukaryota
"(Node1612*, Node77*)",635,0.9579974725985768,0.7769996714209672,c1,branch_to_eukaryota
"(Node1612*, Node77*)",636,-1.7363904699658847e-13,0.56849665204281,c2,branch_to_eukaryota
"(Node1612*, Node77*)",637,1.6360359493950625,0.7769996714209672,c1,branch_to_eukaryota
"(Node1612*, Node77*)",638,1.8310886930094865e-14,0.56849665204281,c2,branch_to_eukaryota
"(Node1612*, Node77*)",639,0.537124730227699,0.7769996714209672,c1,branch_to_eukaryota
"(Node1612*, Node77*)",640,0.5438962749618103,0.7769996714209672,c1,branch_to_eukaryota
"(Node1612*, Node77*)",641,0.5016949105433686,0.56849665204281,c2,branch_to_eukaryota
"(Node1612*, Node77*)",642,0.4002458694594281,0.56849665204281,c2,branch_to_eukaryota
"(Node1612*, Node77*)",643,1.6361068984055993,0.7769996714209672,c1,branch_to_eukaryota
"(Node1612*, Node77*)",644,1.8243041424233527e-14,0.56849665204281,c2,branch_to_eukaryota
"(Node1612*, Node77*)",645,0.5016949105433699,0.56849665204281,c2,branch_to_eukaryota
"(Node1612*, Node77*)",646,0.9579974725792912,0.7769996714209672,c1,branch_to_eukaryota
"(Node1612*, Node77*)",647,0.6235988700948965,0.7769996714209672,c1,branch_to_eukaryota
"(Node1612*, Node77*)",648,0.9579974725985768,0.7769996714209672,c1,branch_to_eukaryota
"(Node1612*, Node77*)",649,1.6361074841967436,0.7769996714209672,c1,branch_to_eukaryota
"(Node1612*, Node77*)",650,1.6361074923004402,0.7769996714209672,c1,branch_to_eukaryota
"(Node1612*, Node77*)",651,0.5438962749618103,0.7769996714209672,c1,branch_to_eukaryota
"(Node1612*, Node77*)",652,0.9579974725985768,0.7769996714209672,c1,branch_to_eukaryota
"(Node1612*, Node77*)",653,1.6361074923004402,0.7769996714209672,c1,branch_to_eukaryota
"(Node1612*, Node77*)",654,-0.6444552552925303,0.7769996714209672,c1,branch_to_eukaryota
"(Node1612*, Node77*)",655,0.9579974662689946,0.7769996714209672,c1,branch_to_eukaryota
"(Node1612*, Node77*)",656,1.6361074923004402,0.7769996714209672,c1,branch_to_eukaryota
"(Node1612*, Node77*)",657,1.6354930265574916,0.7769996714209672,c1,branch_to_eukaryota
"(Node1612*, Node77*)",658,0.9579974725985768,0.7769996714209672,c1,branch_to_eukaryota
"(Node1612*, Node77*)",659,1.6361074923004402,0.7769996714209672,c1,branch_to_eukaryota
"(Node1612*, Node77*)",660,0.9579974725985768,0.7769996714209672,c1,branch_to_eukaryota
"(Node1612*, Node77*)",661,0.9579974725985768,0.7769996714209672,c1,branch_to_eukaryota
"(Node1612*, Node77*)",662,-1.006160698317622e-15,0.7769996714209672,c1,branch_to_eukaryota
"(Node1612*, Node77*)",663,0.5438962749618103,0.7769996714209672,c1,branch_to_eukaryota
"(Node1612*, Node77*)",664,0.5438962749618103,0.7769996714209672,c1,branch_to_eukaryota
"(Node1612*, Node77*)",665,-0.6906386723116341,0.56849665204281,c2,branch_to_eukaryota
"(Node1612*, Node77*)",666,0.5246205902895428,0.7769996714209672,c1,branch_to_eukaryota
"(Node1612*, Node77*)",667,1.6361074922887204,0.7769996714209672,c1,branch_to_eukaryota
"(Node1612*, Node77*)",668,1.02572712775523,0.56849665204281,c2,branch_to_eukaryota
"(Node1612*, Node77*)",669,0.5715260941006224,0.56849665204281,c2,branch_to_eukaryota
"(Node1612*, Node77*)",670,0.912418319533962,0.56849665204281,c2,branch_to_eukaryota
"(Node1612*, Node77*)",671,1.025727127754636,0.56849665204281,c2,branch_to_eukaryota
"(Node1612*, Node77*)",672,-0.6186098890005604,0.56849665204281,c2,branch_to_eukaryota
"(Node1612*, Node77*)",673,1.0256186495235835,0.56849665204281,c2,branch_to_eukaryota
"(Node1612*, Node77*)",674,0.4764552500636082,0.56849665204281,c2,branch_to_eukaryota
"(Node1612*, Node77*)",675,-0.3642100619871538,0.2499926772809477,c3,branch_to_eukaryota
"(Node1612*, Node77*)",676,1.4686916510833794,0.7769996714209672,c1,branch_to_eukaryota
"(Node1612*, Node77*)",677,0.6335612492250307,0.2499926772809477,c3,branch_to_eukaryota
"(Node1612*, Node77*)",678,0.5438962790220585,0.7769996714209672,c1,branch_to_eukaryota
"(Node1612*, Node77*)",679,0.9579974725985768,0.7769996714209672,c1,branch_to_eukaryota
"(Node1612*, Node77*)",680,1.6303558120604844,0.7769996714209672,c1,branch_to_eukaryota
"(Node1612*, Node77*)",681,0.9506703197344976,0.7769996714209672,c1,branch_to_eukaryota
"(Node1612*, Node77*)",682,0.5195410551487933,0.7769996714209672,c1,branch_to_eukaryota
"(Node1612*, Node77*)",683,0.174261194570332,0.7769996714209672,c1,branch_to_eukaryota
"(Node1612*, Node77*)",684,0.1142724979388366,0.56849665204281,c2,branch_to_eukaryota
"(Node1612*, Node77*)",685,-0.0872973221288143,0.56849665204281,c2,branch_to_eukaryota
"(Node1612*, Node77*)",686,0.915710887197868,0.56849665204281,c2,branch_to_eukaryota
"(Node1612*, Node77*)",687,1.6354676416600162,0.7769996714209672,c1,branch_to_eukaryota
"(Node1612*, Node77*)",688,0.4786403098942627,0.56849665204281,c2,branch_to_eukaryota
"(Node1612*, Node77*)",689,-0.6345490262159686,0.56849665204281,c2,branch_to_eukaryota
"(Node1612*, Node77*)",690,-0.7407381445287338,0.7769996714209672,c1,branch_to_eukaryota
"(Node1612*, Node77*)",691,0.4714242188957884,0.2499926772809477,c3,branch_to_eukaryota
"(Node1612*, Node77*)",692,-0.9182000729038396,0.7769996714209672,c1,branch_to_eukaryota
"(Node1612*, Node77*)",693,-0.535832225122332,0.56849665204281,c2,branch_to_eukaryota
"(Node1612*, Node77*)",694,0.7217843369634896,0.7769996714209672,c1,branch_to_eukaryota
"(Node1612*, Node77*)",695,1.5683456708877794,0.56849665204281,c2,branch_to_eukaryota
"(Node1612*, Node77*)",696,2.894474815911641e-13,0.7769996714209672,c1,branch_to_eukaryota
"(Node1612*, Node77*)",697,0.9579974725961912,0.7769996714209672,c1,branch_to_eukaryota
"(Node1612*, Node77*)",698,-1.2519680964838429,0.7769996714209672,c1,branch_to_eukaryota
"(Node1612*, Node77*)",699,0.7220272666713236,0.7769996714209672,c1,branch_to_eukaryota
"(Node1612*, Node77*)",700,-1.2519383256726695,0.7769996714209672,c1,branch_to_eukaryota
"(Node1612*, Node77*)",701,1.0326721455884365,0.7769996714209672,c1,branch_to_eukaryota
"(Node1612*, Node77*)",702,2.894474815911641e-13,0.7769996714209672,c1,branch_to_eukaryota
"(Node1612*, Node77*)",703,0.5797292036155338,0.7769996714209672,c1,branch_to_eukaryota
"(Node1612*, Node77*)",704,0.5438962749618103,0.7769996714209672,c1,branch_to_eukaryota
"(Node1612*, Node77*)",705,0.5438962749618103,0.7769996714209672,c1,branch_to_eukaryota
"(Node1612*, Node77*)",706,0.7218932805658647,0.7769996714209672,c1,branch_to_eukaryota
"(Node1612*, Node77*)",707,0.5427062091605556,0.2499926772809477,c3,branch_to_eukaryota
"(Node1612*, Node77*)",708,0.9579974593172328,0.7769996714209672,c1,branch_to_eukaryota
"(Node1612*, Node77*)",709,1.016320747073238,0.56849665204281,c2,branch_to_eukaryota
"(Node1612*, Node77*)",710,1.1276526242259333,0.2499926772809477,c3,branch_to_eukaryota
"(Node1612*, Node77*)",711,1.294366000298517,0.2499926772809477,c3,branch_to_eukaryota
"(Node1612*, Node77*)",712,0.9579974725985768,0.7769996714209672,c1,branch_to_eukaryota
"(Node1612*, Node77*)",713,-0.4493637143147177,0.56849665204281,c2,branch_to_eukaryota
"(Node1612*, Node77*)",714,0.5438962749618103,0.7769996714209672,c1,branch_to_eukaryota
"(Node1612*, Node77*)",715,0.9579974725985768,0.7769996714209672,c1,branch_to_eukaryota
"(Node1612*, Node77*)",716,-0.577610636830084,0.7769996714209672,c1,branch_to_eukaryota
"(Node1612*, Node77*)",717,1.0403188569823647,0.2499926772809477,c3,branch_to_eukaryota
"(Node1612*, Node77*)",718,0.922343457074325,0.56849665204281,c2,branch_to_eukaryota
"(Node1612*, Node77*)",719,-4.144896992191061e-14,0.2499926772809477,c3,branch_to_eukaryota
"(Node1612*, Node77*)",720,0.2924340011248871,0.56849665204281,c2,branch_to_eukaryota
"(Node1612*, Node77*)",721,4.198139959534257e-14,0.2499926772809477,c3,branch_to_eukaryota
"(Node1612*, Node77*)",722,0.0722023784764625,0.2499926772809477,c3,branch_to_eukaryota
"(Node1612*, Node77*)",723,0.2946667167810919,0.56849665204281,c2,branch_to_eukaryota
"(Node1612*, Node77*)",724,-0.0001097077611433,0.0020431064014698,c4,branch_to_eukaryota
"(Node1612*, Node77*)",725,0.8226988159978946,0.56849665204281,c2,branch_to_eukaryota
"(Node1612*, Node77*)",726,-0.1366219676544069,0.0020431064014698,c4,branch_to_eukaryota
"(Node1612*, Node77*)",727,-0.136057836320659,0.0020431064014698,c4,branch_to_eukaryota
"(Node1612*, Node77*)",728,0.0879105047934111,0.0020431064014698,c4,branch_to_eukaryota
"(Node1612*, Node77*)",729,0.0273859795392856,0.0020431064014698,c4,branch_to_eukaryota
"(Node1612*, Node77*)",730,0.018786674639543,0.0020431064014698,c4,branch_to_eukaryota
"(Node1612*, Node77*)",731,-0.2086665573288623,0.2499926772809477,c3,branch_to_eukaryota
"(Node1612*, Node77*)",732,0.3820253732899006,0.56849665204281,c2,branch_to_eukaryota
"(Node1612*, Node77*)",733,-0.0011253320967783,0.56849665204281,c2,branch_to_eukaryota
"(Node1612*, Node77*)",734,0.2541260549689667,0.56849665204281,c2,branch_to_eukaryota
"(Node1612*, Node77*)",735,-0.6233431757779865,0.56849665204281,c2,branch_to_eukaryota
"(Node1612*, Node77*)",736,0.1554031712521889,0.2499926772809477,c3,branch_to_eukaryota
"(Node1612*, Node77*)",737,-0.105975105828813,0.0020431064014698,c4,branch_to_eukaryota
"(Node1612*, Node77*)",738,0.4057044839623232,0.2499926772809477,c3,branch_to_eukaryota
"(Node1612*, Node77*)",739,0.086161514714505,0.0020431064014698,c4,branch_to_eukaryota
"(Node1612*, Node77*)",740,-0.0243613351226647,0.2499926772809477,c3,branch_to_eukaryota
"(Node1612*, Node77*)",741,0.7542326096647414,0.56849665204281,c2,branch_to_eukaryota
"(Node1612*, Node77*)",742,0.9034447390377456,0.7769996714209672,c1,branch_to_eukaryota
"(Node1612*, Node77*)",743,-9.958033029940771e-15,0.2499926772809477,c3,branch_to_eukaryota
"(Node1612*, Node77*)",744,0.5097403434893812,0.7769996714209672,c1,branch_to_eukaryota
"(Node1612*, Node77*)",745,0.6891107512836467,0.7769996714209672,c1,branch_to_eukaryota
"(Node1612*, Node77*)",746,0.5663073544979195,0.7769996714209672,c1,branch_to_eukaryota
"(Node1612*, Node77*)",747,-0.509504859616733,0.2499926772809477,c3,branch_to_eukaryota
"(Node1612*, Node77*)",748,0.3455933767520862,0.2499926772809477,c3,branch_to_eukaryota
"(Node1612*, Node77*)",749,-0.4154667688559668,0.2499926772809477,c3,branch_to_eukaryota
"(Node1612*, Node77*)",750,-0.1011755907079962,0.2499926772809477,c3,branch_to_eukaryota
"(Node1612*, Node77*)",751,0.0206689515767371,0.0020431064014698,c4,branch_to_eukaryota
"(Node1612*, Node77*)",752,0.0775432192214472,0.0020431064014698,c4,branch_to_eukaryota
"(Node1612*, Node77*)",753,-0.0864873025612557,0.0020431064014698,c4,branch_to_eukaryota
"(Node1612*, Node77*)",754,0.225133557061353,0.7769996714209672,c1,branch_to_eukaryota
"(Node1612*, Node77*)",755,1.1594846753646135,0.7769996714209672,c1,branch_to_eukaryota
"(Node1612*, Node77*)",756,-0.8657265280522158,0.56849665204281,c2,branch_to_eukaryota
"(Node1612*, Node77*)",757,0.8798704560543886,0.2499926772809477,c3,branch_to_eukaryota
"(Node1612*, Node77*)",758,0.522847982512454,0.7769996714209672,c1,branch_to_eukaryota
"(Node1612*, Node77*)",759,0.2553371705190351,0.7769996714209672,c1,branch_to_eukaryota
"(Node1612*, Node77*)",760,-0.4214840507272033,0.7769996714209672,c1,branch_to_eukaryota
"(Node1612*, Node77*)",761,-0.0761648255378913,0.0020431064014698,c4,branch_to_eukaryota
"(Node1612*, Node77*)",762,0.0998913663448391,0.0020431064014698,c4,branch_to_eukaryota
"(Node1612*, Node77*)",763,0.0544257670661579,0.0020431064014698,c4,branch_to_eukaryota
"(Node1612*, Node77*)",764,0.001963849939838,0.2499926772809477,c3,branch_to_eukaryota
"(Node1612*, Node77*)",765,0.4489376294310638,0.2499926772809477,c3,branch_to_eukaryota
"(Node1612*, Node77*)",766,0.4853361911399098,0.2499926772809477,c3,branch_to_eukaryota
"(Node1612*, Node77*)",767,0.1470474943300814,0.2499926772809477,c3,branch_to_eukaryota
"(Node1612*, Node77*)",768,0.1076840509341159,0.0020431064014698,c4,branch_to_eukaryota
"(Node1612*, Node77*)",769,-0.2542802082155555,0.2499926772809477,c3,branch_to_eukaryota
"(Node1612*, Node77*)",770,8.819328475043773e-15,0.2499926772809477,c3,branch_to_eukaryota
"(Node1612*, Node77*)",771,0.2933945196902562,0.56849665204281,c2,branch_to_eukaryota
"(Node1612*, Node77*)",772,0.9803897286455588,0.56849665204281,c2,branch_to_eukaryota
"(Node1612*, Node77*)",773,0.0301943546803684,0.0020431064014698,c4,branch_to_eukaryota
"(Node1612*, Node77*)",774,0.5116611440662872,0.2499926772809477,c3,branch_to_eukaryota
"(Node1612*, Node77*)",775,0.2642740422129432,0.2499926772809477,c3,branch_to_eukaryota
"(Node1612*, Node77*)",776,-0.058628177503185,0.0020431064014698,c4,branch_to_eukaryota
"(Node1612*, Node77*)",777,-0.0108938199908768,0.2499926772809477,c3,branch_to_eukaryota
"(Node1612*, Node77*)",778,-0.5668153717423344,0.56849665204281,c2,branch_to_eukaryota
"(Node1612*, Node77*)",779,0.0191024186124838,0.2499926772809477,c3,branch_to_eukaryota
"(Node1612*, Node77*)",780,-0.9427875104563946,0.7769996714209672,c1,branch_to_eukaryota
"(Node1612*, Node77*)",781,-0.5692405972152456,0.56849665204281,c2,branch_to_eukaryota
"(Node1612*, Node77*)",782,-0.0979855558447754,0.56849665204281,c2,branch_to_eukaryota
"(Node1612*, Node77*)",783,-0.3335986885528666,0.2499926772809477,c3,branch_to_eukaryota
"(Node1612*, Node77*)",784,0.0172056043074213,0.0020431064014698,c4,branch_to_eukaryota
"(Node1612*, Node77*)",785,-0.0819894536585,0.0020431064014698,c4,branch_to_eukaryota
"(Node1612*, Node77*)",786,0.0298457744308394,0.0020431064014698,c4,branch_to_eukaryota
"(Node1612*, Node77*)",787,-0.1120032542810406,0.0020431064014698,c4,branch_to_eukaryota
"(Node1612*, Node77*)",788,-0.073299673292112,0.0020431064014698,c4,branch_to_eukaryota
"(Node1612*, Node77*)",789,1.4229916990208775,0.56849665204281,c2,branch_to_eukaryota
"(Node1612*, Node77*)",790,5.372370509319933e-14,0.2499926772809477,c3,branch_to_eukaryota
"(Node1612*, Node77*)",791,2.5767737577340357e-15,0.0020431064014698,c4,branch_to_eukaryota
"(Node1612*, Node77*)",792,2.6620142769960588e-15,0.0020431064014698,c4,branch_to_eukaryota
"(Node1612*, Node77*)",793,7.889577723945764e-16,0.0020431064014698,c4,branch_to_eukaryota
"(Node1612*, Node77*)",794,-8.744076740972678e-16,0.0020431064014698,c4,branch_to_eukaryota
"(Node1612*, Node77*)",795,2.2059381128281507e-16,0.0020431064014698,c4,branch_to_eukaryota
"(Node1612*, Node77*)",796,1.2105537519549484e-15,0.0020431064014698,c4,branch_to_eukaryota
"(Node1612*, Node77*)",797,-2.0284502341419813e-15,0.0020431064014698,c4,branch_to_eukaryota
"(Node1612*, Node77*)",798,-5.099744809258124e-14,0.2499926772809477,c3,branch_to_eukaryota
"(Node1612*, Node77*)",799,-1.5783771577259185e-15,0.0020431064014698,c4,branch_to_eukaryota
"(Node1612*, Node77*)",800,-8.314196743253957e-16,0.0020431064014698,c4,branch_to_eukaryota
"(Node1612*, Node77*)",801,-1.4368443388872601e-15,0.0020431064014698,c4,branch_to_eukaryota
"(Node1612*, Node77*)",802,-3.6233267624517895e-16,0.0020431064014698,c4,branch_to_eukaryota
"(Node1612*, Node77*)",803,-1.3269650642305242e-15,0.0020431064014698,c4,branch_to_eukaryota
"(Node1612*, Node77*)",804,1.4671620688794777e-15,0.0020431064014698,c4,branch_to_eukaryota
"(Node1612*, Node77*)",805,2.0089513995843817e-15,0.0020431064014698,c4,branch_to_eukaryota
"(Node1612*, Node77*)",806,-1.677882634350953e-16,0.0020431064014698,c4,branch_to_eukaryota
"(Node1612*, Node77*)",807,-1.7681714262055274e-15,0.0020431064014698,c4,branch_to_eukaryota
"(Node1612*, Node77*)",808,1.0787822075370697e-15,0.0020431064014698,c4,branch_to_eukaryota
"(Node1612*, Node77*)",809,2.0158110711392687e-15,0.0020431064014698,c4,branch_to_eukaryota
"(Node1612*, Node77*)",810,3.045909264888508e-14,0.2499926772809477,c3,branch_to_eukaryota
"(Node1612*, Node77*)",811,-1.5491657761115954e-15,0.0020431064014698,c4,branch_to_eukaryota
"(Node1612*, Node77*)",812,4.0576679170968766e-16,0.0020431064014698,c4,branch_to_eukaryota
"(Node1612*, Node77*)",813,2.200696960922032e-16,0.0020431064014698,c4,branch_to_eukaryota
"(Node1612*, Node77*)",814,2.5464752998339576e-14,0.2499926772809477,c3,branch_to_eukaryota
"(Node1612*, Node77*)",815,1.2362369762755404e-13,0.56849665204281,c2,branch_to_eukaryota
"(Node1612*, Node77*)",816,-1.2751687953082715e-14,0.56849665204281,c2,branch_to_eukaryota
"(Node1612*, Node77*)",817,6.721585723154206e-16,0.0020431064014698,c4,branch_to_eukaryota
"(Node1612*, Node77*)",818,-3.984541885173628e-14,0.2499926772809477,c3,branch_to_eukaryota
"(Node1612*, Node77*)",819,2.5946142776175345e-15,0.0020431064014698,c4,branch_to_eukaryota
"(Node1612*, Node77*)",820,5.970482582972166e-14,0.2499926772809477,c3,branch_to_eukaryota
"(Node1612*, Node77*)",821,-4.599967131278896e-14,0.2499926772809477,c3,branch_to_eukaryota
"(Node1612*, Node77*)",822,-1.6488775883287305e-15,0.0020431064014698,c4,branch_to_eukaryota
"(Node1612*, Node77*)",823,-6.976214051041414e-16,0.0020431064014698,c4,branch_to_eukaryota
"(Node1612*, Node77*)",824,1.3108915297920324e-15,0.0020431064014698,c4,branch_to_eukaryota
"(Node1612*, Node77*)",825,-5.083071602529034e-14,0.2499926772809477,c3,branch_to_eukaryota
"(Node1612*, Node77*)",826,-1.4780565955797793e-15,0.0020431064014698,c4,branch_to_eukaryota
"(Node1612*, Node77*)",827,-1.848125595149297e-15,0.0020431064014698,c4,branch_to_eukaryota
"(Node1612*, Node77*)",828,-9.501236283090272e-16,0.0020431064014698,c4,branch_to_eukaryota
"(Node1612*, Node77*)",829,-1.0969289348032785e-15,0.0020431064014698,c4,branch_to_eukaryota
"(Node1612*, Node77*)",830,-1.6542936997050514e-15,0.0020431064014698,c4,branch_to_eukaryota
"(Node1612*, Node77*)",831,-3.821111358812641e-16,0.0020431064014698,c4,branch_to_eukaryota
"(Node1612*, Node77*)",832,-1.5556974244387993e-15,0.0020431064014698,c4,branch_to_eukaryota
"(Node1612*, Node77*)",833,-1.1065018352938637e-15,0.0020431064014698,c4,branch_to_eukaryota
"(Node1612*, Node77*)",834,2.291279988012256e-15,0.0020431064014698,c4,branch_to_eukaryota
"(Node1612*, Node77*)",835,1.3907651157761433e-15,0.0020431064014698,c4,branch_to_eukaryota
"(Node1612*, Node77*)",836,4.035449655506068e-17,0.0020431064014698,c4,branch_to_eukaryota
"(Node1612*, Node77*)",837,-2.307492651684704e-14,0.2499926772809477,c3,branch_to_eukaryota
"(Node1612*, Node77*)",838,-5.656231929384343e-16,0.0020431064014698,c4,branch_to_eukaryota
"(Node1612*, Node77*)",839,1.2990390707501997e-15,0.0020431064014698,c4,branch_to_eukaryota
"(Node1612*, Node77*)",840,3.5615547538550117e-16,0.0020431064014698,c4,branch_to_eukaryota
"(Node1612*, Node77*)",841,-3.2741673513326957e-16,0.0020431064014698,c4,branch_to_eukaryota
"(Node1612*, Node77*)",842,-6.810238897586555e-14,0.2499926772809477,c3,branch_to_eukaryota
"(Node1612*, Node77*)",843,3.343419184924437e-13,0.7769996714209672,c1,branch_to_eukaryota
"(Node1612*, Node77*)",844,2.2284542973037654e-13,0.56849665204281,c2,branch_to_eukaryota
"(Node1612*, Node77*)",845,-2.1297664607639529e-13,0.7769996714209672,c1,branch_to_eukaryota
"(Node1612*, Node77*)",846,3.372078254058389e-13,0.7769996714209672,c1,branch_to_eukaryota
"(Node1612*, Node77*)",847,2.2431167271609797e-13,0.56849665204281,c2,branch_to_eukaryota
"(Node1612*, Node77*)",848,-5.644187961845406e-14,0.2499926772809477,c3,branch_to_eukaryota
"(Node1612*, Node77*)",849,3.133260734150272e-13,0.7769996714209672,c1,branch_to_eukaryota
"(Node1612*, Node77*)",850,-2.580230776756921e-13,0.7769996714209672,c1,branch_to_eukaryota
"(Node1612*, Node77*)",851,-1.944535748626535e-13,0.7769996714209672,c1,branch_to_eukaryota
"(Node1612*, Node77*)",852,-3.188134507279557e-14,0.2499926772809477,c3,branch_to_eukaryota
"(Node1612*, Node77*)",853,-5.79227298597158e-14,0.2499926772809477,c3,branch_to_eukaryota
"(Node1612*, Node77*)",854,-1.9511717518017938e-13,0.7769996714209672,c1,branch_to_eukaryota
"(Node1612*, Node77*)",855,-1.9511717518017938e-13,0.7769996714209672,c1,branch_to_eukaryota
"(Node1612*, Node77*)",856,-1.945093593886917e-13,0.7769996714209672,c1,branch_to_eukaryota
"(Node1612*, Node77*)",857,1.110545066501606e-14,0.56849665204281,c2,branch_to_eukaryota
"(Node1612*, Node77*)",858,7.818729082920979e-14,0.56849665204281,c2,branch_to_eukaryota
"(Node1612*, Node77*)",859,-1.5422144315136226e-13,0.56849665204281,c2,branch_to_eukaryota
"(Node1612*, Node77*)",860,-1.7052671636534553e-13,0.56849665204281,c2,branch_to_eukaryota
"(Node1612*, Node77*)",861,-1.3261960336037685e-13,0.56849665204281,c2,branch_to_eukaryota
"(Node1612*, Node77*)",862,-2.580230776756921e-13,0.7769996714209672,c1,branch_to_eukaryota
"(Node1612*, Node77*)",863,2.2293814079690374e-13,0.56849665204281,c2,branch_to_eukaryota
"(Node1612*, Node77*)",864,-2.580230776756921e-13,0.7769996714209672,c1,branch_to_eukaryota
"(Node1612*, Node77*)",865,2.265051759456922e-13,0.56849665204281,c2,branch_to_eukaryota
"(Node1612*, Node77*)",866,3.3024726668987964e-13,0.7769996714209672,c1,branch_to_eukaryota
"(Node1612*, Node77*)",867,9.015137835961599e-14,0.2499926772809477,c3,branch_to_eukaryota
"(Node1612*, Node77*)",868,-1.5870110274995822e-14,0.56849665204281,c2,branch_to_eukaryota
"(Node1612*, Node77*)",869,-1.945091325372213e-13,0.7769996714209672,c1,branch_to_eukaryota
"(Node1612*, Node77*)",870,-1.3607701953799137e-13,0.56849665204281,c2,branch_to_eukaryota
"(Node1612*, Node77*)",871,-2.580230776756921e-13,0.7769996714209672,c1,branch_to_eukaryota
"(Node1612*, Node77*)",872,3.372078254058389e-13,0.7769996714209672,c1,branch_to_eukaryota
"(Node1612*, Node77*)",873,-1.944535342522241e-13,0.7769996714209672,c1,branch_to_eukaryota
"(Node1612*, Node77*)",874,-1.677238446018916e-13,0.56849665204281,c2,branch_to_eukaryota
"(Node1612*, Node77*)",875,-1.7128965489943196e-13,0.56849665204281,c2,branch_to_eukaryota
"(Node1612*, Node77*)",876,2.2326073942738977e-13,0.56849665204281,c2,branch_to_eukaryota
"(Node1612*, Node77*)",877,-1.1276621199298796e-15,0.0020431064014698,c4,branch_to_eukaryota
"(Node1612*, Node77*)",878,-7.793206601310181e-16,0.0020431064014698,c4,branch_to_eukaryota
"(Node1612*, Node77*)",879,-1.9101207206447185e-15,0.0020431064014698,c4,branch_to_eukaryota
"(Node1612*, Node77*)",880,1.4019118373341453e-15,0.0020431064014698,c4,branch_to_eukaryota
"(Node1612*, Node77*)",881,-1.361577572095826e-13,0.56849665204281,c2,branch_to_eukaryota
"(Node1612*, Node77*)",882,1.8796328709572274e-13,0.56849665204281,c2,branch_to_eukaryota
"(Node1612*, Node77*)",883,6.10365067262787e-14,0.2499926772809477,c3,branch_to_eukaryota
"(Node1612*, Node77*)",884,1.605868964770042e-13,0.56849665204281,c2,branch_to_eukaryota
"(Node1612*, Node77*)",885,-2.57216295800891e-13,0.7769996714209672,c1,branch_to_eukaryota
"(Node1612*, Node77*)",886,-5.340204462697775e-14,0.2499926772809477,c3,branch_to_eukaryota
"(Node1612*, Node77*)",887,-1.9503264545719945e-13,0.7769996714209672,c1,branch_to_eukaryota
"(Node1612*, Node77*)",888,2.242837833977672e-13,0.56849665204281,c2,branch_to_eukaryota
"(Node1612*, Node77*)",889,-1.486914853076592e-14,0.2499926772809477,c3,branch_to_eukaryota
"(Node1612*, Node77*)",890,1.7745537359465981e-15,0.0020431064014698,c4,branch_to_eukaryota
"(Node1612*, Node77*)",891,-1.4481515036561701e-15,0.0020431064014698,c4,branch_to_eukaryota
"(Node1612*, Node77*)",892,-5.839477881227148e-14,0.2499926772809477,c3,branch_to_eukaryota
"(Node1612*, Node77*)",893,5.0073854603512736e-14,0.2499926772809477,c3,branch_to_eukaryota
"(Node1612*, Node77*)",894,-1.5859839771711156e-14,0.56849665204281,c2,branch_to_eukaryota
"(Node1612*, Node77*)",895,-2.5812607164842066e-13,0.7769996714209672,c1,branch_to_eukaryota
"(Node1612*, Node77*)",896,3.350922930769596e-13,0.7769996714209672,c1,branch_to_eukaryota
"(Node1612*, Node77*)",897,-2.471773451541925e-13,0.7769996714209672,c1,branch_to_eukaryota
"(Node1612*, Node77*)",898,-1.802612557135089e-13,0.7769996714209672,c1,branch_to_eukaryota
"(Node1612*, Node77*)",899,-2.572686489285153e-13,0.7769996714209672,c1,branch_to_eukaryota
"(Node1612*, Node77*)",900,-2.580230776756921e-13,0.7769996714209672,c1,branch_to_eukaryota
"(Node1612*, Node77*)",901,-5.941969847887418e-14,0.2499926772809477,c3,branch_to_eukaryota
"(Node1612*, Node77*)",902,-1.9511717518017938e-13,0.7769996714209672,c1,branch_to_eukaryota
"(Node1612*, Node77*)",903,3.373321888161106e-13,0.7769996714209672,c1,branch_to_eukaryota
"(Node1612*, Node77*)",904,1.0583674619939373e-13,0.56849665204281,c2,branch_to_eukaryota
"(Node1612*, Node77*)",905,-2.0732402123699075e-13,0.7769996714209672,c1,branch_to_eukaryota
"(Node1612*, Node77*)",906,2.270717505448461e-13,0.56849665204281,c2,branch_to_eukaryota
"(Node1612*, Node77*)",907,-1.831585170374599e-15,0.0020431064014698,c4,branch_to_eukaryota
"(Node1612*, Node77*)",908,-1.6079904503792157e-15,0.0020431064014698,c4,branch_to_eukaryota
"(Node1612*, Node77*)",909,-1.8158751909830427e-14,0.2499926772809477,c3,branch_to_eukaryota
"(Node1612*, Node77*)",910,-1.3244048014113204e-13,0.56849665204281,c2,branch_to_eukaryota
"(Node1612*, Node77*)",911,1.8884430932824526e-13,0.56849665204281,c2,branch_to_eukaryota
"(Node1612*, Node77*)",912,-1.3608383676090845e-13,0.56849665204281,c2,branch_to_eukaryota
"(Node1612*, Node77*)",913,-2.1920591833958714e-14,0.2499926772809477,c3,branch_to_eukaryota
"(Node1612*, Node77*)",914,-1.500127979929901e-13,0.56849665204281,c2,branch_to_eukaryota
"(Node1612*, Node77*)",915,-1.361224124788303e-13,0.56849665204281,c2,branch_to_eukaryota
"(Node1612*, Node77*)",916,2.1508575172350446e-13,0.56849665204281,c2,branch_to_eukaryota
"(Node1612*, Node77*)",917,2.59162392112096e-14,0.2499926772809477,c3,branch_to_eukaryota
"(Node1612*, Node77*)",918,3.689043584080942e-14,0.2499926772809477,c3,branch_to_eukaryota
"(Node1612*, Node77*)",919,3.573386671571565e-14,0.2499926772809477,c3,branch_to_eukaryota
"(Node1612*, Node77*)",920,-3.270074298858107e-14,0.2499926772809477,c3,branch_to_eukaryota
"(Node1612*, Node77*)",921,-6.345027164517996e-14,0.2499926772809477,c3,branch_to_eukaryota
"(Node1612*, Node77*)",922,2.270498586132557e-13,0.56849665204281,c2,branch_to_eukaryota
"(Node1612*, Node77*)",923,4.0456350975455375e-14,0.2499926772809477,c3,branch_to_eukaryota
"(Node1612*, Node77*)",924,3.048719911679561e-14,0.2499926772809477,c3,branch_to_eukaryota
"(Node1612*, Node77*)",925,4.706055775682576e-14,0.56849665204281,c2,branch_to_eukaryota
"(Node1612*, Node77*)",926,-3.8094281787228516e-14,0.2499926772809477,c3,branch_to_eukaryota
"(Node1612*, Node77*)",927,9.682133311536167e-14,0.56849665204281,c2,branch_to_eukaryota
"(Node1612*, Node77*)",928,-1.5133584213313078e-13,0.56849665204281,c2,branch_to_eukaryota
"(Node1612*, Node77*)",929,1.9684245554870299e-13,0.56849665204281,c2,branch_to_eukaryota
"(Node1612*, Node77*)",930,-3.342786164098815e-14,0.56849665204281,c2,branch_to_eukaryota
"(Node1612*, Node77*)",931,-5.892247182975718e-14,0.2499926772809477,c3,branch_to_eukaryota
"(Node1612*, Node77*)",932,-9.973651962109645e-15,0.56849665204281,c2,branch_to_eukaryota
"(Node1612*, Node77*)",933,-4.0914973423706425e-14,0.56849665204281,c2,branch_to_eukaryota
"(Node1612*, Node77*)",934,-1.6793665343530173e-13,0.56849665204281,c2,branch_to_eukaryota
"(Node1612*, Node77*)",935,-8.121678754079795e-14,0.56849665204281,c2,branch_to_eukaryota
"(Node1612*, Node77*)",936,2.1500317036866112e-13,0.56849665204281,c2,branch_to_eukaryota
"(Node1612*, Node77*)",937,-1.697937402565343e-13,0.56849665204281,c2,branch_to_eukaryota
"(Node1612*, Node77*)",938,-1.1962538715579338e-13,0.56849665204281,c2,branch_to_eukaryota
"(Node1612*, Node77*)",939,-5.239210525294917e-15,0.2499926772809477,c3,branch_to_eukaryota
"(Node1612*, Node77*)",940,-1.6044484706664383e-14,0.2499926772809477,c3,branch_to_eukaryota
"(Node1612*, Node77*)",941,-9.214431734160329e-15,0.2499926772809477,c3,branch_to_eukaryota
"(Node1612*, Node77*)",942,-6.784840445519157e-14,0.2499926772809477,c3,branch_to_eukaryota
"(Node1612*, Node77*)",943,-1.6831459139001929e-15,0.0020431064014698,c4,branch_to_eukaryota
"(Node1612*, Node77*)",944,-4.2901664842067935e-14,0.2499926772809477,c3,branch_to_eukaryota
"(Node1612*, Node77*)",945,5.951321727792751e-14,0.2499926772809477,c3,branch_to_eukaryota
"(Node1612*, Node77*)",946,6.163015158947379e-14,0.2499926772809477,c3,branch_to_eukaryota
"(Node1612*, Node77*)",947,-1.7476241372337045e-15,0.0020431064014698,c4,branch_to_eukaryota
"(Node1612*, Node77*)",948,-1.6399005641189725e-15,0.0020431064014698,c4,branch_to_eukaryota
"(Node1612*, Node77*)",949,-2.320406872581415e-14,0.2499926772809477,c3,branch_to_eukaryota
"(Node1612*, Node77*)",950,-1.556559655951973e-13,0.56849665204281,c2,branch_to_eukaryota
"(Node1612*, Node77*)",951,-1.430940732344301e-13,0.56849665204281,c2,branch_to_eukaryota
"(Node1612*, Node77*)",952,-1.3149601987665288e-13,0.56849665204281,c2,branch_to_eukaryota
"(Node1612*, Node77*)",953,-1.904332893227018e-13,0.7769996714209672,c1,branch_to_eukaryota
"(Node1612*, Node77*)",954,-1.6150236895113168e-13,0.56849665204281,c2,branch_to_eukaryota
"(Node1612*, Node77*)",955,-8.107335552938899e-14,0.56849665204281,c2,branch_to_eukaryota
"(Node1612*, Node77*)",956,1.0580997425898193e-13,0.56849665204281,c2,branch_to_eukaryota
"(Node1612*, Node77*)",957,1.7074578404843299e-13,0.7769996714209672,c1,branch_to_eukaryota
"(Node1612*, Node77*)",958,-0.0880010945328644,0.2499926772809477,c3,branch_to_eukaryota
"(Node1612*, Node77*)",959,-2.4268393786023176e-14,0.7769996714209672,c1,branch_to_eukaryota
"(Node1612*, Node77*)",960,0.729457493508472,0.7769996714209672,c1,branch_to_eukaryota
"(Node1612*, Node77*)",961,0.7076292642404072,0.56849665204281,c2,branch_to_eukaryota
"(Node1612*, Node77*)",962,-0.1359069860908083,0.2499926772809477,c3,branch_to_eukaryota
"(Node1612*, Node77*)",963,-1.511305644121156e-13,0.56849665204281,c2,branch_to_eukaryota
"(Node1612*, Node77*)",964,0.0854839042693235,0.0020431064014698,c4,branch_to_eukaryota
"(Node1612*, Node77*)",965,-0.985162126566262,0.2499926772809477,c3,branch_to_eukaryota
"(Node1612*, Node77*)",966,0.6117210448720144,0.2499926772809477,c3,branch_to_eukaryota
"(Node1612*, Node77*)",967,0.6514396596397029,0.2499926772809477,c3,branch_to_eukaryota
"(Node1612*, Node77*)",968,-0.8880206651257861,0.2499926772809477,c3,branch_to_eukaryota
"(Node1612*, Node77*)",969,0.4541582397481133,0.56849665204281,c2,branch_to_eukaryota
"(Node1612*, Node77*)",970,0.9143541102225742,0.56849665204281,c2,branch_to_eukaryota
"(Node1612*, Node77*)",971,0.5665938974338997,0.56849665204281,c2,branch_to_eukaryota
"(Node1612*, Node77*)",972,-1.2219632509337264,0.56849665204281,c2,branch_to_eukaryota
"(Node1612*, Node77*)",973,0.9579974725985748,0.7769996714209672,c1,branch_to_eukaryota
"(Node1612*, Node77*)",974,-0.9395177888860688,0.2499926772809477,c3,branch_to_eukaryota
"(Node1612*, Node77*)",975,-0.6986767631532756,0.2499926772809477,c3,branch_to_eukaryota
"(Node1612*, Node77*)",976,-2.581260725020494e-13,0.7769996714209672,c1,branch_to_eukaryota
"(Node1612*, Node77*)",977,0.7042227073488757,0.2499926772809477,c3,branch_to_eukaryota
"(Node1612*, Node77*)",978,-0.8872536198634408,0.2499926772809477,c3,branch_to_eukaryota
"(Node1612*, Node77*)",979,-0.0081048970719852,0.2499926772809477,c3,branch_to_eukaryota
"(Node1612*, Node77*)",980,-3.02777919809717e-14,0.56849665204281,c2,branch_to_eukaryota
"(Node1612*, Node77*)",981,1.6797820486067913e-13,0.56849665204281,c2,branch_to_eukaryota
"(Node1612*, Node77*)",982,-0.500409261237019,0.56849665204281,c2,branch_to_eukaryota
"(Node1612*, Node77*)",983,0.9467415243521636,0.7769996714209672,c1,branch_to_eukaryota
"(Node1612*, Node77*)",984,0.5189885116376303,0.7769996714209672,c1,branch_to_eukaryota
"(Node1612*, Node77*)",985,0.5438962749618103,0.7769996714209672,c1,branch_to_eukaryota
"(Node1612*, Node77*)",986,1.5673798559750571,0.56849665204281,c2,branch_to_eukaryota
"(Node1612*, Node77*)",987,0.8163225057482784,0.56849665204281,c2,branch_to_eukaryota
"(Node1612*, Node77*)",988,0.35270746236748,0.2499926772809477,c3,branch_to_eukaryota
"(Node1612*, Node77*)",989,0.9178497099071982,0.56849665204281,c2,branch_to_eukaryota
"(Node1612*, Node77*)",990,-0.2673096742931621,0.2499926772809477,c3,branch_to_eukaryota
"(Node1612*, Node77*)",991,0.1225925620480252,0.2499926772809477,c3,branch_to_eukaryota
"(Node1612*, Node77*)",992,0.8767734835055875,0.56849665204281,c2,branch_to_eukaryota
"(Node1612*, Node77*)",993,0.948504360343135,0.7769996714209672,c1,branch_to_eukaryota
"(Node1612*, Node77*)",994,-0.7541824703047894,0.7769996714209672,c1,branch_to_eukaryota
"(Node1612*, Node77*)",995,0.3607567174686753,0.56849665204281,c2,branch_to_eukaryota
"(Node1612*, Node77*)",996,0.5438962749618103,0.7769996714209672,c1,branch_to_eukaryota
"(Node1612*, Node77*)",997,0.461635798502168,0.7769996714209672,c1,branch_to_eukaryota
"(Node1612*, Node77*)",998,-0.75198653801195,0.56849665204281,c2,branch_to_eukaryota
"(Node1612*, Node77*)",999,0.9344431595458508,0.56849665204281,c2,branch_to_eukaryota
"(Node1612*, Node77*)",1000,0.9579974725985768,0.7769996714209672,c1,branch_to_eukaryota
"(Node1612*, Node77*)",1001,3.133819620888423e-14,0.7769996714209672,c1,branch_to_eukaryota
"(Node1612*, Node77*)",1002,0.9224354169736108,0.56849665204281,c2,branch_to_eukaryota
"(Node1612*, Node77*)",1003,0.5388226183950893,0.56849665204281,c2,branch_to_eukaryota
"(Node1612*, Node77*)",1004,0.5438962749618103,0.7769996714209672,c1,branch_to_eukaryota
"(Node1612*, Node77*)",1005,0.5438962749618103,0.7769996714209672,c1,branch_to_eukaryota
"(Node1612*, Node77*)",1006,0.374129691717025,0.7769996714209672,c1,branch_to_eukaryota
"(Node1612*, Node77*)",1007,0.466481332660658,0.56849665204281,c2,branch_to_eukaryota
"(Node1612*, Node77*)",1008,0.985587161954308,0.7769996714209672,c1,branch_to_eukaryota
"(Node1612*, Node77*)",1009,0.9218774374466626,0.56849665204281,c2,branch_to_eukaryota
"(Node1612*, Node77*)",1010,0.196800190304981,0.7769996714209672,c1,branch_to_eukaryota
"(Node1612*, Node77*)",1011,0.6588416282754479,0.7769996714209672,c1,branch_to_eukaryota
"(Node1612*, Node77*)",1012,0.9418237197190484,0.7769996714209672,c1,branch_to_eukaryota
"(Node1612*, Node77*)",1013,0.5438962749618103,0.7769996714209672,c1,branch_to_eukaryota
"(Node1612*, Node77*)",1014,-0.9111716984798572,0.56849665204281,c2,branch_to_eukaryota
"(Node1612*, Node77*)",1015,1.1172488326461132,0.7769996714209672,c1,branch_to_eukaryota
"(Node1612*, Node77*)",1016,1.6035610142987156,0.7769996714209672,c1,branch_to_eukaryota
"(Node1612*, Node77*)",1017,-0.1504044966292373,0.2499926772809477,c3,branch_to_eukaryota
"(Node1612*, Node77*)",1018,0.0364317737415658,0.2499926772809477,c3,branch_to_eukaryota
"(Node1612*, Node77*)",1019,0.4368244307161583,0.56849665204281,c2,branch_to_eukaryota
"(Node1612*, Node77*)",1020,0.1284090536108545,0.2499926772809477,c3,branch_to_eukaryota
"(Node1612*, Node77*)",1021,0.6091703718826572,0.56849665204281,c2,branch_to_eukaryota
"(Node1612*, Node77*)",1022,0.5823853450527267,0.2499926772809477,c3,branch_to_eukaryota
"(Node1612*, Node77*)",1023,0.9579974725985768,0.7769996714209672,c1,branch_to_eukaryota
"(Node1612*, Node77*)",1024,0.5438962749621921,0.7769996714209672,c1,branch_to_eukaryota
"(Node1612*, Node77*)",1025,1.1099070121116104,0.7769996714209672,c1,branch_to_eukaryota
"(Node1612*, Node77*)",1026,-0.4255495348584834,0.56849665204281,c2,branch_to_eukaryota
"(Node1612*, Node77*)",1027,0.5537014486623912,0.56849665204281,c2,branch_to_eukaryota
"(Node1612*, Node77*)",1028,-0.296496155863358,0.56849665204281,c2,branch_to_eukaryota
"(Node1612*, Node77*)",1029,1.6361074923004402,0.7769996714209672,c1,branch_to_eukaryota
"(Node1612*, Node77*)",1030,-0.2594636615303198,0.2499926772809477,c3,branch_to_eukaryota
"(Node1612*, Node77*)",1031,0.4190691925128674,0.2499926772809477,c3,branch_to_eukaryota
"(Node1612*, Node77*)",1032,0.6082085116578729,0.2499926772809477,c3,branch_to_eukaryota
"(Node1612*, Node77*)",1033,0.462654623495769,0.56849665204281,c2,branch_to_eukaryota
"(Node1612*, Node77*)",1034,0.2303918054971191,0.56849665204281,c2,branch_to_eukaryota
"(Node1612*, Node77*)",1035,0.957997461153118,0.7769996714209672,c1,branch_to_eukaryota
"(Node1612*, Node77*)",1036,1.6349921108794838,0.7769996714209672,c1,branch_to_eukaryota
"(Node1612*, Node77*)",1037,0.9579974725985768,0.7769996714209672,c1,branch_to_eukaryota
"(Node1612*, Node77*)",1038,0.2097527911170156,0.7769996714209672,c1,branch_to_eukaryota
"(Node1612*, Node77*)",1039,0.5438962749618103,0.7769996714209672,c1,branch_to_eukaryota
"(Node1612*, Node77*)",1040,0.8132893309762793,0.56849665204281,c2,branch_to_eukaryota
"(Node1612*, Node77*)",1041,0.9568601583677042,0.7769996714209672,c1,branch_to_eukaryota
"(Node1612*, Node77*)",1042,1.6361074849642143,0.7769996714209672,c1,branch_to_eukaryota
"(Node1612*, Node77*)",1043,-1.500005782380864e-13,0.56849665204281,c2,branch_to_eukaryota
"(Node1612*, Node77*)",1044,0.0053601128485639,0.56849665204281,c2,branch_to_eukaryota
"(Node1612*, Node77*)",1045,2.270499366430999e-13,0.56849665204281,c2,branch_to_eukaryota
"(Node1612*, Node77*)",1046,-0.196679931423404,0.2499926772809477,c3,branch_to_eukaryota
"(Node1612*, Node77*)",1047,-0.9159564190165314,0.2499926772809477,c3,branch_to_eukaryota
"(Node1612*, Node77*)",1048,1.252045298890196,0.2499926772809477,c3,branch_to_eukaryota
"(Node1612*, Node77*)",1049,-0.7777070503662286,0.2499926772809477,c3,branch_to_eukaryota
"(Node1612*, Node77*)",1050,0.3345638736203305,0.2499926772809477,c3,branch_to_eukaryota
"(Node1612*, Node77*)",1051,-0.9433906458633822,0.7769996714209672,c1,branch_to_eukaryota
"(Node1612*, Node77*)",1052,-1.2172222080147048,0.56849665204281,c2,branch_to_eukaryota
"(Node1612*, Node77*)",1053,0.7710780616973854,0.56849665204281,c2,branch_to_eukaryota
"(Node1612*, Node77*)",1054,-4.2230591596334246e-14,0.56849665204281,c2,branch_to_eukaryota
"(Node1612*, Node77*)",1055,-1.130158538674661,0.56849665204281,c2,branch_to_eukaryota
"(Node1612*, Node77*)",1056,0.574652041175513,0.2499926772809477,c3,branch_to_eukaryota
"(Node1612*, Node77*)",1057,-0.6119645533381151,0.2499926772809477,c3,branch_to_eukaryota
"(Node1612*, Node77*)",1058,0.974996359414429,0.2499926772809477,c3,branch_to_eukaryota
"(Node1612*, Node77*)",1059,-0.030404301869908,0.0020431064014698,c4,branch_to_eukaryota
"(Node1612*, Node77*)",1060,-0.1449882690954494,0.0020431064014698,c4,branch_to_eukaryota
"(Node1612*, Node77*)",1061,0.863559170668589,0.2499926772809477,c3,branch_to_eukaryota
"(Node1612*, Node77*)",1062,-9.124734869434497e-15,0.2499926772809477,c3,branch_to_eukaryota
"(Node1612*, Node77*)",1063,-0.7853823495646375,0.2499926772809477,c3,branch_to_eukaryota
"(Node1612*, Node77*)",1064,1.201882015196376,0.56849665204281,c2,branch_to_eukaryota
"(Node1612*, Node77*)",1065,1.6360832895506583,0.7769996714209672,c1,branch_to_eukaryota
"(Node1612*, Node77*)",1066,-2.4268393786023176e-14,0.7769996714209672,c1,branch_to_eukaryota
"(Node1612*, Node77*)",1067,-1.8284543559911305e-14,0.7769996714209672,c1,branch_to_eukaryota
"(Node1612*, Node77*)",1068,-1.1735154728857484,0.7769996714209672,c1,branch_to_eukaryota
"(Node1612*, Node77*)",1069,0.5773164665642855,0.2499926772809477,c3,branch_to_eukaryota
"(Node1612*, Node77*)",1070,-1.3026746795712716e-14,0.7769996714209672,c1,branch_to_eukaryota
"(Node1612*, Node77*)",1071,1.6047419376916316,0.7769996714209672,c1,branch_to_eukaryota
"(Node1612*, Node77*)",1072,0.5773227501496336,0.2499926772809477,c3,branch_to_eukaryota
"(Node1612*, Node77*)",1073,0.5439546801696442,0.7769996714209672,c1,branch_to_eukaryota
"(Node1612*, Node77*)",1074,0.341029753140605,0.2499926772809477,c3,branch_to_eukaryota
"(Node1612*, Node77*)",1075,0.7532546182661392,0.2499926772809477,c3,branch_to_eukaryota
"(Node1612*, Node77*)",1076,0.4898961058657318,0.2499926772809477,c3,branch_to_eukaryota
"(Node1612*, Node77*)",1077,0.4448418669660487,0.2499926772809477,c3,branch_to_eukaryota
"(Node1612*, Node77*)",1078,1.6361074905992414,0.7769996714209672,c1,branch_to_eukaryota
"(Node1612*, Node77*)",1079,0.957997467742661,0.7769996714209672,c1,branch_to_eukaryota
"(Node1612*, Node77*)",1080,0.5438962749618103,0.7769996714209672,c1,branch_to_eukaryota
"(Node1612*, Node77*)",1081,0.5455986078217256,0.7769996714209672,c1,branch_to_eukaryota
"(Node1612*, Node77*)",1082,0.5797292211164133,0.7769996714209672,c1,branch_to_eukaryota
"(Node1612*, Node77*)",1083,0.9579974725985768,0.7769996714209672,c1,branch_to_eukaryota
"(Node1612*, Node77*)",1084,1.63437300639402,0.7769996714209672,c1,branch_to_eukaryota
"(Node1612*, Node77*)",1085,0.4674128191101724,0.56849665204281,c2,branch_to_eukaryota
"(Node1612*, Node77*)",1086,0.806884093165885,0.56849665204281,c2,branch_to_eukaryota
"(Node1612*, Node77*)",1087,0.9579974725234432,0.7769996714209672,c1,branch_to_eukaryota
"(Node1612*, Node77*)",1088,0.9548152693889974,0.7769996714209672,c1,branch_to_eukaryota
"(Node1612*, Node77*)",1089,0.9579974714854148,0.7769996714209672,c1,branch_to_eukaryota
"(Node1612*, Node77*)",1090,0.702173850973936,0.2499926772809477,c3,branch_to_eukaryota
"(Node1612*, Node77*)",1091,0.2097527906609004,0.7769996714209672,c1,branch_to_eukaryota
"(Node1612*, Node77*)",1092,0.7773460109372903,0.56849665204281,c2,branch_to_eukaryota
"(Node1612*, Node77*)",1093,1.0555016900281982,0.7769996714209672,c1,branch_to_eukaryota
"(Node1612*, Node77*)",1094,0.4962565419908457,0.2499926772809477,c3,branch_to_eukaryota
"(Node1612*, Node77*)",1095,0.5438962749618103,0.7769996714209672,c1,branch_to_eukaryota
"(Node1612*, Node77*)",1096,0.5438962749893899,0.7769996714209672,c1,branch_to_eukaryota
"(Node1612*, Node77*)",1097,-0.4860149709944206,0.56849665204281,c2,branch_to_eukaryota
"(Node1612*, Node77*)",1098,-0.9533089351651836,0.56849665204281,c2,branch_to_eukaryota
"(Node1612*, Node77*)",1099,-1.243265658129974,0.7769996714209672,c1,branch_to_eukaryota
"(Node1612*, Node77*)",1100,0.9579974725985768,0.7769996714209672,c1,branch_to_eukaryota
"(Node1612*, Node77*)",1101,0.5438962749618103,0.7769996714209672,c1,branch_to_eukaryota
"(Node1612*, Node77*)",1102,6.538957933706568e-27,0.7769996714209672,c1,branch_to_eukaryota
"(Node1612*, Node77*)",1103,1.518558345722204,0.7769996714209672,c1,branch_to_eukaryota
"(Node1612*, Node77*)",1104,0.5438962749618103,0.7769996714209672,c1,branch_to_eukaryota
"(Node1612*, Node77*)",1105,0.9579974725985768,0.7769996714209672,c1,branch_to_eukaryota
"(Node1612*, Node77*)",1106,0.5439546801696442,0.7769996714209672,c1,branch_to_eukaryota
"(Node1612*, Node77*)",1107,-1.2431758954102767,0.7769996714209672,c1,branch_to_eukaryota
"(Node1612*, Node77*)",1108,0.5438962749618103,0.7769996714209672,c1,branch_to_eukaryota
"(Node1612*, Node77*)",1109,1.6361074923004402,0.7769996714209672,c1,branch_to_eukaryota
"(Node1612*, Node77*)",1110,1.6361074923004402,0.7769996714209672,c1,branch_to_eukaryota
"(Node1612*, Node77*)",1111,-0.9583701884771773,0.7769996714209672,c1,branch_to_eukaryota
"(Node1612*, Node77*)",1112,-1.1859149293912372,0.56849665204281,c2,branch_to_eukaryota
"(Node1612*, Node77*)",1113,-0.7625155855362983,0.56849665204281,c2,branch_to_eukaryota
"(Node1612*, Node77*)",1114,0.9579974725890538,0.7769996714209672,c1,branch_to_eukaryota
"(Node1612*, Node77*)",1115,6.538957933706568e-27,0.7769996714209672,c1,branch_to_eukaryota
"(Node1612*, Node77*)",1116,0.5438962749618103,0.7769996714209672,c1,branch_to_eukaryota
"(Node1612*, Node77*)",1117,0.9379775590968736,0.7769996714209672,c1,branch_to_eukaryota
"(Node1612*, Node77*)",1118,0.459267001341463,0.7769996714209672,c1,branch_to_eukaryota
"(Node1612*, Node77*)",1119,1.6354930606366878,0.7769996714209672,c1,branch_to_eukaryota
"(Node1612*, Node77*)",1120,1.6361074922872183,0.7769996714209672,c1,branch_to_eukaryota
"(Node1612*, Node77*)",1121,1.3154821523338278,0.56849665204281,c2,branch_to_eukaryota
"(Node1612*, Node77*)",1122,0.5499919912137711,0.56849665204281,c2,branch_to_eukaryota
"(Node1612*, Node77*)",1123,0.7502206498105968,0.56849665204281,c2,branch_to_eukaryota
"(Node1612*, Node77*)",1124,1.6361074923004402,0.7769996714209672,c1,branch_to_eukaryota
"(Node1612*, Node77*)",1125,1.2899077293114725,0.2499926772809477,c3,branch_to_eukaryota
"(Node1612*, Node77*)",1126,0.8825811226108986,0.56849665204281,c2,branch_to_eukaryota
"(Node1612*, Node77*)",1127,1.4422866293044063,0.7769996714209672,c1,branch_to_eukaryota
"(Node1612*, Node77*)",1128,0.5438962693630417,0.7769996714209672,c1,branch_to_eukaryota
"(Node1612*, Node77*)",1129,0.5438962749618103,0.7769996714209672,c1,branch_to_eukaryota
"(Node1612*, Node77*)",1130,0.5438962749618103,0.7769996714209672,c1,branch_to_eukaryota
"(Node1612*, Node77*)",1131,1.6361074922872196,0.7769996714209672,c1,branch_to_eukaryota
"(Node1612*, Node77*)",1132,0.9344425827505296,0.56849665204281,c2,branch_to_eukaryota
"(Node1612*, Node77*)",1133,0.5525624054615145,0.56849665204281,c2,branch_to_eukaryota
"(Node1612*, Node77*)",1134,-5.2446488462133854e-14,0.7769996714209672,c1,branch_to_eukaryota
"(Node1612*, Node77*)",1135,0.957870334793547,0.7769996714209672,c1,branch_to_eukaryota
"(Node1612*, Node77*)",1136,1.0929445848194166,0.2499926772809477,c3,branch_to_eukaryota
"(Node1612*, Node77*)",1137,-0.8849912769636411,0.2499926772809477,c3,branch_to_eukaryota
"(Node1612*, Node77*)",1138,0.5940617030639965,0.2499926772809477,c3,branch_to_eukaryota
"(Node1612*, Node77*)",1139,0.2602958714357068,0.56849665204281,c2,branch_to_eukaryota
"(Node1612*, Node77*)",1140,1.5970900507500818,0.56849665204281,c2,branch_to_eukaryota
"(Node1612*, Node77*)",1141,1.6214766205769349,0.7769996714209672,c1,branch_to_eukaryota
"(Node1612*, Node77*)",1142,0.1710542466618581,0.56849665204281,c2,branch_to_eukaryota
"(Node1612*, Node77*)",1143,0.934439783820967,0.56849665204281,c2,branch_to_eukaryota
"(Node1612*, Node77*)",1144,0.2807536288319393,0.2499926772809477,c3,branch_to_eukaryota
"(Node1612*, Node77*)",1145,-1.2187568696708528,0.56849665204281,c2,branch_to_eukaryota
"(Node1612*, Node77*)",1146,0.8027308067412284,0.56849665204281,c2,branch_to_eukaryota
"(Node1612*, Node77*)",1147,1.0216108125486143,0.56849665204281,c2,branch_to_eukaryota
"(Node1612*, Node77*)",1148,0.7475556424125133,0.2499926772809477,c3,branch_to_eukaryota
"(Node1612*, Node77*)",1149,0.753250233404571,0.2499926772809477,c3,branch_to_eukaryota
"(Node1612*, Node77*)",1150,0.9223555550203671,0.56849665204281,c2,branch_to_eukaryota
"(Node1612*, Node77*)",1151,0.0096379064608295,0.0020431064014698,c4,branch_to_eukaryota
"(Node1612*, Node77*)",1152,0.0164478986236418,0.0020431064014698,c4,branch_to_eukaryota
"(Node1612*, Node77*)",1153,0.067025009835275,0.0020431064014698,c4,branch_to_eukaryota
"(Node1612*, Node77*)",1154,0.0458559034838141,0.0020431064014698,c4,branch_to_eukaryota
"(Node1612*, Node77*)",1155,-0.0036322551956922,0.0020431064014698,c4,branch_to_eukaryota
"(Node1612*, Node77*)",1156,0.5048201171073557,0.2499926772809477,c3,branch_to_eukaryota
"(Node1612*, Node77*)",1157,0.1045123937862056,0.2499926772809477,c3,branch_to_eukaryota
"(Node1612*, Node77*)",1158,-0.0308672925918664,0.2499926772809477,c3,branch_to_eukaryota
"(Node1612*, Node77*)",1159,-0.3772054694703334,0.2499926772809477,c3,branch_to_eukaryota
"(Node1612*, Node77*)",1160,-0.5079312620341727,0.2499926772809477,c3,branch_to_eukaryota
"(Node1612*, Node77*)",1161,0.0436546943726273,0.2499926772809477,c3,branch_to_eukaryota
"(Node1612*, Node77*)",1162,0.1934040240990866,0.2499926772809477,c3,branch_to_eukaryota
"(Node1612*, Node77*)",1163,0.0383836720075479,0.0020431064014698,c4,branch_to_eukaryota
"(Node1612*, Node77*)",1164,0.2115993590126895,0.2499926772809477,c3,branch_to_eukaryota
"(Node1612*, Node77*)",1165,-0.0009625910776244,0.2499926772809477,c3,branch_to_eukaryota
"(Node1612*, Node77*)",1166,0.655540179974556,0.2499926772809477,c3,branch_to_eukaryota
"(Node1612*, Node77*)",1167,0.1960095563562471,0.2499926772809477,c3,branch_to_eukaryota
"(Node1612*, Node77*)",1168,0.2704450429151991,0.2499926772809477,c3,branch_to_eukaryota
"(Node1612*, Node77*)",1169,0.0602415963010424,0.2499926772809477,c3,branch_to_eukaryota
"(Node1612*, Node77*)",1170,0.8470737104728481,0.2499926772809477,c3,branch_to_eukaryota
"(Node1612*, Node77*)",1171,0.0539979860552487,0.0020431064014698,c4,branch_to_eukaryota
"(Node1612*, Node77*)",1172,0.1157818033102977,0.0020431064014698,c4,branch_to_eukaryota
"(Node1612*, Node77*)",1173,-0.0678339396312225,0.0020431064014698,c4,branch_to_eukaryota
"(Node1612*, Node77*)",1174,-0.0973259486607644,0.0020431064014698,c4,branch_to_eukaryota
"(Node1612*, Node77*)",1175,0.9448081472654636,0.2499926772809477,c3,branch_to_eukaryota
"(Node1612*, Node77*)",1176,1.298177174866504,0.2499926772809477,c3,branch_to_eukaryota
"(Node1612*, Node77*)",1177,0.3496010299736859,0.2499926772809477,c3,branch_to_eukaryota
"(Node1612*, Node77*)",1178,0.9344222416324244,0.56849665204281,c2,branch_to_eukaryota
"(Node1612*, Node77*)",1179,-0.9834900037389296,0.56849665204281,c2,branch_to_eukaryota
"(Node1612*, Node77*)",1180,0.2619054049060902,0.56849665204281,c2,branch_to_eukaryota
"(Node1612*, Node77*)",1181,0.5253860334173078,0.2499926772809477,c3,branch_to_eukaryota
"(Node1612*, Node77*)",1182,1.5970801652359508,0.56849665204281,c2,branch_to_eukaryota
"(Node1612*, Node77*)",1183,-1.1914076894984702,0.56849665204281,c2,branch_to_eukaryota
"(Node1612*, Node77*)",1184,0.0113942406311835,0.0020431064014698,c4,branch_to_eukaryota
"(Node1612*, Node77*)",1185,0.5268306146648629,0.56849665204281,c2,branch_to_eukaryota
"(Node1612*, Node77*)",1186,-0.0929280934798853,0.2499926772809477,c3,branch_to_eukaryota
"(Node1612*, Node77*)",1187,0.9579974725968872,0.7769996714209672,c1,branch_to_eukaryota
"(Node1612*, Node77*)",1188,0.0653395783241011,0.2499926772809477,c3,branch_to_eukaryota
"(Node1612*, Node77*)",1189,0.9335053846287024,0.56849665204281,c2,branch_to_eukaryota
"(Node1612*, Node77*)",1190,0.5438962749620472,0.7769996714209672,c1,branch_to_eukaryota
"(Node1612*, Node77*)",1191,0.5438962749620472,0.7769996714209672,c1,branch_to_eukaryota
"(Node1612*, Node77*)",1192,0.5708663952451705,0.7769996714209672,c1,branch_to_eukaryota
"(Node1612*, Node77*)",1193,0.7633799833397266,0.56849665204281,c2,branch_to_eukaryota
"(Node1612*, Node77*)",1194,1.6361074922924972,0.7769996714209672,c1,branch_to_eukaryota
"(Node1612*, Node77*)",1195,-9.744137046439544e-15,0.2499926772809477,c3,branch_to_eukaryota
"(Node1612*, Node77*)",1196,-0.1841036036223721,0.2499926772809477,c3,branch_to_eukaryota
"(Node1612*, Node77*)",1197,0.7896262304834653,0.7769996714209672,c1,branch_to_eukaryota
"(Node1612*, Node77*)",1198,0.5860953352274275,0.7769996714209672,c1,branch_to_eukaryota
"(Node1612*, Node77*)",1199,0.5955768027095572,0.7769996714209672,c1,branch_to_eukaryota
"(Node1612*, Node77*)",1200,0.9344431498633784,0.56849665204281,c2,branch_to_eukaryota
"(Node1612*, Node77*)",1201,0.5748825995072141,0.56849665204281,c2,branch_to_eukaryota
"(Node1612*, Node77*)",1202,2.381644756582751e-15,0.0020431064014698,c4,branch_to_eukaryota
"(Node1612*, Node77*)",1203,0.738743558091114,0.2499926772809477,c3,branch_to_eukaryota
"(Node1612*, Node77*)",1204,1.4526614663275194e-13,0.56849665204281,c2,branch_to_eukaryota
"(Node1612*, Node77*)",1205,2.242863724492312e-13,0.56849665204281,c2,branch_to_eukaryota
"(Node1612*, Node77*)",1206,-1.7363031607614684e-13,0.56849665204281,c2,branch_to_eukaryota
"(Node1612*, Node77*)",1207,-0.9124462912130626,0.2499926772809477,c3,branch_to_eukaryota
"(Node1612*, Node77*)",1208,0.5904047964759191,0.2499926772809477,c3,branch_to_eukaryota
"(Node1612*, Node77*)",1209,1.6361002542773002,0.7769996714209672,c1,branch_to_eukaryota
"(Node1612*, Node77*)",1210,3.171462676303434e-14,0.7769996714209672,c1,branch_to_eukaryota
"(Node1612*, Node77*)",1211,-1.221964567007759,0.56849665204281,c2,branch_to_eukaryota
"(Node1612*, Node77*)",1212,1.5768611630786888,0.7769996714209672,c1,branch_to_eukaryota
"(Node1612*, Node77*)",1213,-1.2519383256790428,0.7769996714209672,c1,branch_to_eukaryota
"(Node1612*, Node77*)",1214,-0.1871674211461484,0.7769996714209672,c1,branch_to_eukaryota
"(Node1612*, Node77*)",1215,0.9579974725968872,0.7769996714209672,c1,branch_to_eukaryota
"(Node1612*, Node77*)",1216,0.956520306527533,0.7769996714209672,c1,branch_to_eukaryota
"(Node1612*, Node77*)",1217,0.9579974725968872,0.7769996714209672,c1,branch_to_eukaryota
"(Node1612*, Node77*)",1218,0.914384546049372,0.56849665204281,c2,branch_to_eukaryota
"(Node1612*, Node77*)",1219,0.5438962749620472,0.7769996714209672,c1,branch_to_eukaryota
"(Node1612*, Node77*)",1220,0.8583774797825546,0.56849665204281,c2,branch_to_eukaryota
"(Node1612*, Node77*)",1221,-1.793468035164725e-13,0.7769996714209672,c1,branch_to_eukaryota
"(Node1612*, Node77*)",1222,0.5438962749620472,0.7769996714209672,c1,branch_to_eukaryota
"(Node1612*, Node77*)",1223,1.6018909172530094,0.7769996714209672,c1,branch_to_eukaryota
"(Node1612*, Node77*)",1224,0.9565203061488056,0.7769996714209672,c1,branch_to_eukaryota
"(Node1612*, Node77*)",1225,0.6978658586213374,0.2499926772809477,c3,branch_to_eukaryota
"(Node1612*, Node77*)",1226,0.4779168390791653,0.2499926772809477,c3,branch_to_eukaryota
"(Node1612*, Node77*)",1227,1.6361074922925345,0.7769996714209672,c1,branch_to_eukaryota
"(Node1612*, Node77*)",1228,0.9579974725968872,0.7769996714209672,c1,branch_to_eukaryota
"(Node1612*, Node77*)",1229,1.6361074922925345,0.7769996714209672,c1,branch_to_eukaryota
"(Node1612*, Node77*)",1230,0.5438962749620472,0.7769996714209672,c1,branch_to_eukaryota
"(Node1612*, Node77*)",1231,0.5438962749620472,0.7769996714209672,c1,branch_to_eukaryota
"(Node1612*, Node77*)",1232,0.9579974725968872,0.7769996714209672,c1,branch_to_eukaryota
"(Node1612*, Node77*)",1233,0.7521987552613586,0.2499926772809477,c3,branch_to_eukaryota
"(Node1612*, Node77*)",1234,1.2756454955134828,0.2499926772809477,c3,branch_to_eukaryota
"(Node1612*, Node77*)",1235,-0.7317424533040708,0.7769996714209672,c1,branch_to_eukaryota
"(Node1612*, Node77*)",1236,0.934442238352829,0.56849665204281,c2,branch_to_eukaryota
"(Node1612*, Node77*)",1237,0.5438962749620472,0.7769996714209672,c1,branch_to_eukaryota
"(Node1612*, Node77*)",1238,0.5438962749620472,0.7769996714209672,c1,branch_to_eukaryota
"(Node1612*, Node77*)",1239,0.5438962749620472,0.7769996714209672,c1,branch_to_eukaryota
"(Node1612*, Node77*)",1240,1.6361074922925345,0.7769996714209672,c1,branch_to_eukaryota
"(Node1612*, Node77*)",1241,-0.3674103887255684,0.7769996714209672,c1,branch_to_eukaryota
"(Node1612*, Node77*)",1242,1.4826964968363543,0.7769996714209672,c1,branch_to_eukaryota
"(Node1612*, Node77*)",1243,0.6911689875232409,0.7769996714209672,c1,branch_to_eukaryota
"(Node1612*, Node77*)",1244,0.5438962749620472,0.7769996714209672,c1,branch_to_eukaryota
"(Node1612*, Node77*)",1245,0.5438962749620472,0.7769996714209672,c1,branch_to_eukaryota
"(Node1612*, Node77*)",1246,0.9579786733582794,0.7769996714209672,c1,branch_to_eukaryota
"(Node1612*, Node77*)",1247,0.9344178292929733,0.56849665204281,c2,branch_to_eukaryota
"(Node1612*, Node77*)",1248,0.2097527911718626,0.7769996714209672,c1,branch_to_eukaryota
"(Node1612*, Node77*)",1249,0.5438962749620472,0.7769996714209672,c1,branch_to_eukaryota
"(Node1612*, Node77*)",1250,0.5858097041802208,0.7769996714209672,c1,branch_to_eukaryota
"(Node1612*, Node77*)",1251,-1.828356395281216e-14,0.7769996714209672,c1,branch_to_eukaryota
"(Node1612*, Node77*)",1252,0.9579974725968872,0.7769996714209672,c1,branch_to_eukaryota
"(Node1612*, Node77*)",1253,0.5537728604142524,0.7769996714209672,c1,branch_to_eukaryota
"(Node1612*, Node77*)",1254,1.6361074922925345,0.7769996714209672,c1,branch_to_eukaryota
"(Node1612*, Node77*)",1255,0.9579974725968872,0.7769996714209672,c1,branch_to_eukaryota
"(Node1612*, Node77*)",1256,0.9579974725968872,0.7769996714209672,c1,branch_to_eukaryota
"(Node1612*, Node77*)",1257,0.7218932721099384,0.7769996714209672,c1,branch_to_eukaryota
"(Node1612*, Node77*)",1258,0.7694529839634456,0.7769996714209672,c1,branch_to_eukaryota
"(Node1612*, Node77*)",1259,0.9344152941831508,0.56849665204281,c2,branch_to_eukaryota
"(Node1612*, Node77*)",1260,0.6168736131551196,0.56849665204281,c2,branch_to_eukaryota
"(Node1612*, Node77*)",1261,0.9408281718885873,0.7769996714209672,c1,branch_to_eukaryota
"(Node1612*, Node77*)",1262,1.6018996201108122,0.7769996714209672,c1,branch_to_eukaryota
"(Node1612*, Node77*)",1263,0.5780067987679954,0.7769996714209672,c1,branch_to_eukaryota
"(Node1612*, Node77*)",1264,3.372078254058389e-13,0.7769996714209672,c1,branch_to_eukaryota
"(Node1612*, Node77*)",1265,1.6361074811795708,0.7769996714209672,c1,branch_to_eukaryota
"(Node1612*, Node77*)",1266,1.1927546012521254e-14,0.2499926772809477,c3,branch_to_eukaryota
"(Node1612*, Node77*)",1267,0.5438962749631967,0.7769996714209672,c1,branch_to_eukaryota
"(Node1612*, Node77*)",1268,1.6361074922925338,0.7769996714209672,c1,branch_to_eukaryota
"(Node1612*, Node77*)",1269,-0.8493800898189448,0.7769996714209672,c1,branch_to_eukaryota
"(Node1612*, Node77*)",1270,0.5438962749620472,0.7769996714209672,c1,branch_to_eukaryota
"(Node1612*, Node77*)",1271,0.957997116668194,0.7769996714209672,c1,branch_to_eukaryota
"(Node1612*, Node77*)",1272,0.4820477487038362,0.7769996714209672,c1,branch_to_eukaryota
"(Node1612*, Node77*)",1273,-1.0105182040411351,0.56849665204281,c2,branch_to_eukaryota
"(Node1612*, Node77*)",1274,0.9579974725968872,0.7769996714209672,c1,branch_to_eukaryota
"(Node1612*, Node77*)",1275,0.0506046537129322,0.7769996714209672,c1,branch_to_eukaryota
"(Node1612*, Node77*)",1276,0.9579974725968872,0.7769996714209672,c1,branch_to_eukaryota
"(Node1612*, Node77*)",1277,0.9535054801317951,0.7769996714209672,c1,branch_to_eukaryota
"(Node1612*, Node77*)",1278,0.5438962760315336,0.7769996714209672,c1,branch_to_eukaryota
"(Node1612*, Node77*)",1279,0.934442641631124,0.56849665204281,c2,branch_to_eukaryota
"(Node1612*, Node77*)",1280,1.431370357971018,0.56849665204281,c2,branch_to_eukaryota
"(Node1612*, Node77*)",1281,1.0885859879867867,0.56849665204281,c2,branch_to_eukaryota
"(Node1612*, Node77*)",1282,-1.0269305717349522,0.7769996714209672,c1,branch_to_eukaryota
"(Node1612*, Node77*)",1283,0.9579974722162878,0.7769996714209672,c1,branch_to_eukaryota
"(Node1612*, Node77*)",1284,1.6354013232955549,0.7769996714209672,c1,branch_to_eukaryota
"(Node1612*, Node77*)",1285,0.9579974725968872,0.7769996714209672,c1,branch_to_eukaryota
"(Node1612*, Node77*)",1286,0.9579974725968872,0.7769996714209672,c1,branch_to_eukaryota
"(Node1612*, Node77*)",1287,1.6360892523131467,0.7769996714209672,c1,branch_to_eukaryota
"(Node1612*, Node77*)",1288,-1.0016707975154189,0.7769996714209672,c1,branch_to_eukaryota
"(Node1612*, Node77*)",1289,0.0436561161132752,0.56849665204281,c2,branch_to_eukaryota
"(Node1612*, Node77*)",1290,0.5438962749620472,0.7769996714209672,c1,branch_to_eukaryota
"(Node1612*, Node77*)",1291,0.5438962749620472,0.7769996714209672,c1,branch_to_eukaryota
"(Node1612*, Node77*)",1292,0.0671882666312494,0.7769996714209672,c1,branch_to_eukaryota
"(Node1612*, Node77*)",1293,1.0848183379930585,0.7769996714209672,c1,branch_to_eukaryota
"(Node1612*, Node77*)",1294,-0.6416188222773961,0.7769996714209672,c1,branch_to_eukaryota
"(Node1612*, Node77*)",1295,0.9579974725090497,0.7769996714209672,c1,branch_to_eukaryota
"(Node1612*, Node77*)",1296,0.5438962749620472,0.7769996714209672,c1,branch_to_eukaryota
"(Node1612*, Node77*)",1297,1.05295613739468,0.2499926772809477,c3,branch_to_eukaryota
"(Node1612*, Node77*)",1298,-0.3261828520583648,0.56849665204281,c2,branch_to_eukaryota
"(Node1612*, Node77*)",1299,1.5970900100395748,0.56849665204281,c2,branch_to_eukaryota
"(Node1612*, Node77*)",1300,0.5333909950308936,0.56849665204281,c2,branch_to_eukaryota
"(Node1612*, Node77*)",1301,0.5438962834744099,0.7769996714209672,c1,branch_to_eukaryota
"(Node1612*, Node77*)",1302,1.6347300953615678,0.7769996714209672,c1,branch_to_eukaryota
"(Node1612*, Node77*)",1303,0.7492514409918349,0.56849665204281,c2,branch_to_eukaryota
"(Node1612*, Node77*)",1304,1.6361074922925338,0.7769996714209672,c1,branch_to_eukaryota
"(Node1612*, Node77*)",1305,-0.8074430480837204,0.7769996714209672,c1,branch_to_eukaryota
"(Node1612*, Node77*)",1306,0.4098075095973072,0.56849665204281,c2,branch_to_eukaryota
"(Node1612*, Node77*)",1307,0.875789397647521,0.56849665204281,c2,branch_to_eukaryota
"(Node1612*, Node77*)",1308,0.3723249547615392,0.56849665204281,c2,branch_to_eukaryota
"(Node1612*, Node77*)",1309,0.5438962749619827,0.7769996714209672,c1,branch_to_eukaryota
"(Node1612*, Node77*)",1310,0.2097527911718626,0.7769996714209672,c1,branch_to_eukaryota
"(Node1612*, Node77*)",1311,-0.8253613283219366,0.56849665204281,c2,branch_to_eukaryota
"(Node1612*, Node77*)",1312,1.6361073085179434,0.7769996714209672,c1,branch_to_eukaryota
"(Node1612*, Node77*)",1313,-0.8332224540954188,0.7769996714209672,c1,branch_to_eukaryota
"(Node1612*, Node77*)",1314,1.5588260975774422,0.56849665204281,c2,branch_to_eukaryota
"(Node1612*, Node77*)",1315,0.5438962749620472,0.7769996714209672,c1,branch_to_eukaryota
"(Node1612*, Node77*)",1316,1.6361074922925338,0.7769996714209672,c1,branch_to_eukaryota
"(Node1612*, Node77*)",1317,1.6361074922925338,0.7769996714209672,c1,branch_to_eukaryota
"(Node1612*, Node77*)",1318,0.6249649249962826,0.56849665204281,c2,branch_to_eukaryota
"(Node1612*, Node77*)",1319,0.7528452887949728,0.2499926772809477,c3,branch_to_eukaryota
"(Node1612*, Node77*)",1320,0.9344228185862468,0.56849665204281,c2,branch_to_eukaryota
"(Node1612*, Node77*)",1321,-0.7290892351331338,0.2499926772809477,c3,branch_to_eukaryota
"(Node1612*, Node77*)",1322,-0.5388401175476494,0.2499926772809477,c3,branch_to_eukaryota
"(Node1612*, Node77*)",1323,3.3733450811449036e-13,0.7769996714209672,c1,branch_to_eukaryota
"(Node1612*, Node77*)",1324,0.3512555571445172,0.56849665204281,c2,branch_to_eukaryota
"(Node1612*, Node77*)",1325,0.9292358137376217,0.7769996714209672,c1,branch_to_eukaryota
"(Node1612*, Node77*)",1326,-0.6444395372036213,0.7769996714209672,c1,branch_to_eukaryota
"(Node1612*, Node77*)",1327,-0.648104466134786,0.56849665204281,c2,branch_to_eukaryota
"(Node1612*, Node77*)",1328,0.6912061063721971,0.7769996714209672,c1,branch_to_eukaryota
"(Node1612*, Node77*)",1329,1.523837397264729,0.56849665204281,c2,branch_to_eukaryota
"(Node1612*, Node77*)",1330,-7.170072670959937e-15,0.2499926772809477,c3,branch_to_eukaryota
"(Node1612*, Node77*)",1331,0.5515085596112262,0.2499926772809477,c3,branch_to_eukaryota
"(Node1612*, Node77*)",1332,-5.078603867989173e-14,0.2499926772809477,c3,branch_to_eukaryota
"(Node1612*, Node77*)",1333,0.0013818461081826,0.0020431064014698,c4,branch_to_eukaryota
"(Node1612*, Node77*)",1334,0.0016971000030497,0.0020431064014698,c4,branch_to_eukaryota
"(Node1612*, Node77*)",1335,-0.5444044689224731,0.56849665204281,c2,branch_to_eukaryota
"(Node1612*, Node77*)",1336,-0.5824909774043632,0.2499926772809477,c3,branch_to_eukaryota
"(Node1612*, Node77*)",1337,-0.815298148697256,0.56849665204281,c2,branch_to_eukaryota
"(Node1612*, Node77*)",1338,-0.7550164473366534,0.2499926772809477,c3,branch_to_eukaryota
"(Node1612*, Node77*)",1339,-0.0181806231101919,0.0020431064014698,c4,branch_to_eukaryota
"(Node1612*, Node77*)",1340,0.0344631613218765,0.0020431064014698,c4,branch_to_eukaryota
"(Node1612*, Node77*)",1341,-9.376534123128552e-15,0.2499926772809477,c3,branch_to_eukaryota
"(Node1612*, Node77*)",1342,-9.96826080127276e-15,0.56849665204281,c2,branch_to_eukaryota
"(Node1612*, Node77*)",1343,-0.28629375200197,0.2499926772809477,c3,branch_to_eukaryota
"(Node1612*, Node77*)",1344,0.5693362978524674,0.2499926772809477,c3,branch_to_eukaryota
"(Node1612*, Node77*)",1345,2.0964515540901906e-15,0.2499926772809477,c3,branch_to_eukaryota
"(Node1612*, Node77*)",1346,-7.758741116874697e-15,0.2499926772809477,c3,branch_to_eukaryota
"(Node1612*, Node77*)",1347,-4.480039764040446e-15,0.2499926772809477,c3,branch_to_eukaryota
"(Node1612*, Node77*)",1348,-7.636958965043061e-15,0.2499926772809477,c3,branch_to_eukaryota
"(Node1612*, Node77*)",1349,-1.3926871386965228e-15,0.0020431064014698,c4,branch_to_eukaryota
"(Node1612*, Node77*)",1350,-9.672441649811967e-16,0.0020431064014698,c4,branch_to_eukaryota
"(Node1612*, Node77*)",1351,1.858122300645547e-15,0.0020431064014698,c4,branch_to_eukaryota
"(Node1612*, Node77*)",1352,1.2933857284848632e-14,0.2499926772809477,c3,branch_to_eukaryota
"(Node1612*, Node77*)",1353,-1.1824390849224689e-15,0.0020431064014698,c4,branch_to_eukaryota
"(Node1612*, Node77*)",1354,-1.1472557629251102e-15,0.0020431064014698,c4,branch_to_eukaryota
"(Node1612*, Node77*)",1355,-1.031322424201855e-15,0.0020431064014698,c4,branch_to_eukaryota
"(Node1612*, Node77*)",1356,1.1926890683116755e-14,0.2499926772809477,c3,branch_to_eukaryota
"(Node1612*, Node77*)",1357,1.0527054010519906e-14,0.2499926772809477,c3,branch_to_eukaryota
"(Node1612*, Node77*)",1358,-1.7620894699333903e-14,0.56849665204281,c2,branch_to_eukaryota
"(Node1612*, Node77*)",1359,-1.8284543559919263e-14,0.7769996714209672,c1,branch_to_eukaryota
"(Node1612*, Node77*)",1360,-1.3288091107167403e-14,0.56849665204281,c2,branch_to_eukaryota
"(Node1612*, Node77*)",1361,-2.3005796649627846e-14,0.7769996714209672,c1,branch_to_eukaryota
"(Node1612*, Node77*)",1362,-7.301143237697595e-15,0.2499926772809477,c3,branch_to_eukaryota
"(Node1612*, Node77*)",1363,1.4440795274906562e-15,0.0020431064014698,c4,branch_to_eukaryota
"(Node1612*, Node77*)",1364,1.4669403085143192e-15,0.0020431064014698,c4,branch_to_eukaryota
"(Node1612*, Node77*)",1365,1.4175326327308593e-15,0.0020431064014698,c4,branch_to_eukaryota
"(Node1612*, Node77*)",1366,-1.3822255377038557e-15,0.2499926772809477,c3,branch_to_eukaryota
"(Node1612*, Node77*)",1367,-1.3773760864739016e-15,0.0020431064014698,c4,branch_to_eukaryota
"(Node1612*, Node77*)",1368,1.405201749702988e-15,0.0020431064014698,c4,branch_to_eukaryota
"(Node1612*, Node77*)",1369,1.463033151920477e-15,0.0020431064014698,c4,branch_to_eukaryota
"(Node1612*, Node77*)",1370,-0.8366735259573806,0.2499926772809477,c3,branch_to_eukaryota
"(Node1612*, Node77*)",1371,0.3440903004914308,0.2499926772809477,c3,branch_to_eukaryota
"(Node1612*, Node77*)",1372,-6.039011324381881e-15,0.2499926772809477,c3,branch_to_eukaryota
"(Node1612*, Node77*)",1373,8.335976446818184e-15,0.2499926772809477,c3,branch_to_eukaryota
"(Node1612*, Node77*)",1374,5.755798951997372e-16,0.0020431064014698,c4,branch_to_eukaryota
"(Node1612*, Node77*)",1375,-2.446300232147872e-16,0.0020431064014698,c4,branch_to_eukaryota
"(Node1612*, Node77*)",1376,-0.5614323422371646,0.2499926772809477,c3,branch_to_eukaryota
"(Node1612*, Node77*)",1377,-0.0842290188825219,0.2499926772809477,c3,branch_to_eukaryota
"(Node1612*, Node77*)",1378,2.0231597572754873e-13,0.56849665204281,c2,branch_to_eukaryota
"(Node1612*, Node77*)",1379,-0.5539530042177045,0.2499926772809477,c3,branch_to_eukaryota
"(Node1612*, Node77*)",1380,0.4585791028970869,0.2499926772809477,c3,branch_to_eukaryota
"(Node1612*, Node77*)",1381,0.0373731161737028,0.56849665204281,c2,branch_to_eukaryota
"(Node1612*, Node77*)",1382,0.3043677410477088,0.2499926772809477,c3,branch_to_eukaryota
"(Node1612*, Node77*)",1383,-0.2640955034395742,0.2499926772809477,c3,branch_to_eukaryota
"(Node1612*, Node77*)",1384,0.7342801782180208,0.2499926772809477,c3,branch_to_eukaryota
"(Node1612*, Node77*)",1385,0.0867029437345512,0.56849665204281,c2,branch_to_eukaryota
"(Node1612*, Node77*)",1386,-0.0979357814657339,0.2499926772809477,c3,branch_to_eukaryota
"(Node1612*, Node77*)",1387,-0.4981086145209743,0.2499926772809477,c3,branch_to_eukaryota
"(Node1612*, Node77*)",1388,-2.842849506585403e-17,0.0020431064014698,c4,branch_to_eukaryota
"(Node1612*, Node77*)",1389,-4.023955717571256e-16,0.0020431064014698,c4,branch_to_eukaryota
"(Node1612*, Node77*)",1390,-6.373048882364131e-15,0.2499926772809477,c3,branch_to_eukaryota
"(Node1612*, Node77*)",1391,3.632978171282528e-15,0.2499926772809477,c3,branch_to_eukaryota
"(Node1612*, Node77*)",1392,-0.1901914873330307,0.2499926772809477,c3,branch_to_eukaryota
"(Node1612*, Node77*)",1393,-0.0290857806076115,0.7769996714209672,c1,branch_to_eukaryota
"(Node1612*, Node77*)",1394,0.5292156379071264,0.7769996714209672,c1,branch_to_eukaryota
"(Node1612*, Node77*)",1395,-1.1917927609585437,0.7769996714209672,c1,branch_to_eukaryota
"(Node1612*, Node77*)",1396,0.3688331113251135,0.2499926772809477,c3,branch_to_eukaryota
"(Node1612*, Node77*)",1397,-0.0569168735421825,0.0020431064014698,c4,branch_to_eukaryota
"(Node1612*, Node77*)",1398,-0.1856337194174819,0.0020431064014698,c4,branch_to_eukaryota
"(Node1612*, Node77*)",1399,-0.1227946236044537,0.0020431064014698,c4,branch_to_eukaryota
"(Node1612*, Node77*)",1400,0.3157021823450612,0.2499926772809477,c3,branch_to_eukaryota
"(Node1612*, Node77*)",1401,-0.2627552575810119,0.2499926772809477,c3,branch_to_eukaryota
"(Node1612*, Node77*)",1402,-0.2642401209077218,0.2499926772809477,c3,branch_to_eukaryota
"(Node1612*, Node77*)",1403,-0.121415653211817,0.2499926772809477,c3,branch_to_eukaryota
"(Node1612*, Node77*)",1404,0.7590209711530966,0.56849665204281,c2,branch_to_eukaryota
"(Node1612*, Node77*)",1405,-0.0452410109658267,0.56849665204281,c2,branch_to_eukaryota
"(Node1612*, Node77*)",1406,-1.7137073281637998e-13,0.56849665204281,c2,branch_to_eukaryota
"(Node1612*, Node77*)",1407,-1.710368807302885e-13,0.56849665204281,c2,branch_to_eukaryota
"(Node1612*, Node77*)",1408,-6.79422074901804e-14,0.2499926772809477,c3,branch_to_eukaryota
"(Node1612*, Node77*)",1409,3.0762473330962594e-14,0.7769996714209672,c1,branch_to_eukaryota
"(Node1612*, Node77*)",1410,0.0261453524757732,0.7769996714209672,c1,branch_to_eukaryota
"(Node1612*, Node77*)",1411,0.9579974725968872,0.7769996714209672,c1,branch_to_eukaryota
"(Node1612*, Node77*)",1412,0.9579974725968872,0.7769996714209672,c1,branch_to_eukaryota
"(Node1612*, Node77*)",1413,-0.5671366027870308,0.7769996714209672,c1,branch_to_eukaryota
"(Node1612*, Node77*)",1414,0.9579974725968872,0.7769996714209672,c1,branch_to_eukaryota
"(Node1612*, Node77*)",1415,0.5578526666811952,0.56849665204281,c2,branch_to_eukaryota
"(Node1612*, Node77*)",1416,3.2046290551456085e-13,0.7769996714209672,c1,branch_to_eukaryota
"(Node1612*, Node77*)",1417,0.9579974123011272,0.7769996714209672,c1,branch_to_eukaryota
"(Node1612*, Node77*)",1418,1.6361074922925338,0.7769996714209672,c1,branch_to_eukaryota
"(Node1612*, Node77*)",1419,0.5438962749620472,0.7769996714209672,c1,branch_to_eukaryota
"(Node1612*, Node77*)",1420,-1.1770983119177132,0.7769996714209672,c1,branch_to_eukaryota
"(Node1612*, Node77*)",1421,0.9579974725968872,0.7769996714209672,c1,branch_to_eukaryota
"(Node1612*, Node77*)",1422,0.9579974725968872,0.7769996714209672,c1,branch_to_eukaryota
"(Node1612*, Node77*)",1423,1.597084091825289,0.56849665204281,c2,branch_to_eukaryota
"(Node1612*, Node77*)",1424,1.6360774457062122,0.7769996714209672,c1,branch_to_eukaryota
"(Node1612*, Node77*)",1425,0.9579974725968872,0.7769996714209672,c1,branch_to_eukaryota
"(Node1612*, Node77*)",1426,1.594802886775068,0.7769996714209672,c1,branch_to_eukaryota
"(Node1612*, Node77*)",1427,0.1701123610302558,0.7769996714209672,c1,branch_to_eukaryota
"(Node1612*, Node77*)",1428,-1.2403883600624983,0.7769996714209672,c1,branch_to_eukaryota
"(Node1612*, Node77*)",1429,1.40140721929639,0.7769996714209672,c1,branch_to_eukaryota
"(Node1612*, Node77*)",1430,1.6343697076750634,0.7769996714209672,c1,branch_to_eukaryota
"(Node1612*, Node77*)",1431,0.5458616083326314,0.7769996714209672,c1,branch_to_eukaryota
"(Node1612*, Node77*)",1432,0.9579974593155473,0.7769996714209672,c1,branch_to_eukaryota
"(Node1612*, Node77*)",1433,1.591108973139837,0.7769996714209672,c1,branch_to_eukaryota
"(Node1612*, Node77*)",1434,0.3858165262775577,0.7769996714209672,c1,branch_to_eukaryota
"(Node1612*, Node77*)",1435,1.6336700526278831,0.7769996714209672,c1,branch_to_eukaryota
"(Node1612*, Node77*)",1436,0.9579974725968872,0.7769996714209672,c1,branch_to_eukaryota
"(Node1612*, Node77*)",1437,3.100888271503733e-13,0.7769996714209672,c1,branch_to_eukaryota
"(Node1612*, Node77*)",1438,0.9579974675871336,0.7769996714209672,c1,branch_to_eukaryota
"(Node1612*, Node77*)",1439,-1.2154625224724769,0.56849665204281,c2,branch_to_eukaryota
"(Node1612*, Node77*)",1440,-0.4058327429497841,0.56849665204281,c2,branch_to_eukaryota
"(Node1612*, Node77*)",1441,0.957486806683432,0.7769996714209672,c1,branch_to_eukaryota
"(Node1612*, Node77*)",1442,1.6340354064233311,0.7769996714209672,c1,branch_to_eukaryota
"(Node1612*, Node77*)",1443,0.9579974725968872,0.7769996714209672,c1,branch_to_eukaryota
"(Node1612*, Node77*)",1444,0.5438962749620472,0.7769996714209672,c1,branch_to_eukaryota
"(Node1612*, Node77*)",1445,-0.711945956004907,0.56849665204281,c2,branch_to_eukaryota
"(Node1612*, Node77*)",1446,-1.2188111685336287,0.56849665204281,c2,branch_to_eukaryota
"(Node1612*, Node77*)",1447,1.6003914093549707,0.7769996714209672,c1,branch_to_eukaryota
"(Node1612*, Node77*)",1448,0.9579974678024812,0.7769996714209672,c1,branch_to_eukaryota
"(Node1612*, Node77*)",1449,1.4663128339536544,0.7769996714209672,c1,branch_to_eukaryota
"(Node1612*, Node77*)",1450,1.5964901687779145,0.56849665204281,c2,branch_to_eukaryota
"(Node1612*, Node77*)",1451,-0.5321098065331908,0.56849665204281,c2,branch_to_eukaryota
"(Node1612*, Node77*)",1452,0.9249567789519904,0.56849665204281,c2,branch_to_eukaryota
"(Node1612*, Node77*)",1453,0.4372533142725201,0.56849665204281,c2,branch_to_eukaryota
"(Node1612*, Node77*)",1454,-0.6337235707784595,0.7769996714209672,c1,branch_to_eukaryota
"(Node1612*, Node77*)",1455,-0.221059273492409,0.7769996714209672,c1,branch_to_eukaryota
"(Node1612*, Node77*)",1456,0.1856279277279721,0.7769996714209672,c1,branch_to_eukaryota
"(Node1612*, Node77*)",1457,0.5438962749620472,0.7769996714209672,c1,branch_to_eukaryota
"(Node1612*, Node77*)",1458,0.8730504467170723,0.7769996714209672,c1,branch_to_eukaryota
"(Node1612*, Node77*)",1459,-0.7386022911954109,0.7769996714209672,c1,branch_to_eukaryota
"(Node1612*, Node77*)",1460,0.9855871619551316,0.7769996714209672,c1,branch_to_eukaryota
"(Node1612*, Node77*)",1461,-0.3930876745461269,0.56849665204281,c2,branch_to_eukaryota
"(Node1612*, Node77*)",1462,0.5023664225393952,0.56849665204281,c2,branch_to_eukaryota
"(Node1612*, Node77*)",1463,0.6333871101944514,0.56849665204281,c2,branch_to_eukaryota
"(Node1612*, Node77*)",1464,1.5671760090765745,0.56849665204281,c2,branch_to_eukaryota
"(Node1612*, Node77*)",1465,0.5438962749620472,0.7769996714209672,c1,branch_to_eukaryota
"(Node1612*, Node77*)",1466,0.5438962749620472,0.7769996714209672,c1,branch_to_eukaryota
"(Node1612*, Node77*)",1467,1.6361074922925338,0.7769996714209672,c1,branch_to_eukaryota
"(Node1612*, Node77*)",1468,0.9579974698126548,0.7769996714209672,c1,branch_to_eukaryota
"(Node1612*, Node77*)",1469,0.5438962951574337,0.7769996714209672,c1,branch_to_eukaryota
"(Node1612*, Node77*)",1470,0.9564690900819244,0.7769996714209672,c1,branch_to_eukaryota
"(Node1612*, Node77*)",1471,1.636107490591335,0.7769996714209672,c1,branch_to_eukaryota
"(Node1612*, Node77*)",1472,0.9579974725968872,0.7769996714209672,c1,branch_to_eukaryota
"(Node1612*, Node77*)",1473,0.2451267370919384,0.7769996714209672,c1,branch_to_eukaryota
"(Node1612*, Node77*)",1474,0.9081563139194464,0.7769996714209672,c1,branch_to_eukaryota
"(Node1612*, Node77*)",1475,0.5438962749620472,0.7769996714209672,c1,branch_to_eukaryota
"(Node1612*, Node77*)",1476,1.6354930172164708,0.7769996714209672,c1,branch_to_eukaryota
"(Node1612*, Node77*)",1477,1.6354929079617897,0.7769996714209672,c1,branch_to_eukaryota
"(Node1612*, Node77*)",1478,1.6211757400641609,0.7769996714209672,c1,branch_to_eukaryota
"(Node1612*, Node77*)",1479,1.170208868600495,0.2499926772809477,c3,branch_to_eukaryota
"(Node1612*, Node77*)",1480,-0.7817529044235677,0.56849665204281,c2,branch_to_eukaryota
"(Node1612*, Node77*)",1481,0.620140349384993,0.2499926772809477,c3,branch_to_eukaryota
"(Node1612*, Node77*)",1482,1.2986669294175484,0.2499926772809477,c3,branch_to_eukaryota
"(Node1612*, Node77*)",1483,1.275784343848618,0.2499926772809477,c3,branch_to_eukaryota
"(Node1612*, Node77*)",1484,0.1234858256018928,0.2499926772809477,c3,branch_to_eukaryota
"(Node1612*, Node77*)",1485,-4.5095048375596556e-14,0.2499926772809477,c3,branch_to_eukaryota
"(Node1612*, Node77*)",1486,1.0813636530812707,0.2499926772809477,c3,branch_to_eukaryota
"(Node1612*, Node77*)",1487,-0.4504766356070723,0.2499926772809477,c3,branch_to_eukaryota
"(Node1612*, Node77*)",1488,0.5503736297278621,0.56849665204281,c2,branch_to_eukaryota
"(Node1612*, Node77*)",1489,0.640346620058814,0.56849665204281,c2,branch_to_eukaryota
"(Node1612*, Node77*)",1490,1.0816496737475776e-15,0.0020431064014698,c4,branch_to_eukaryota
"(Node1612*, Node77*)",1491,0.887768391589204,0.7769996714209672,c1,branch_to_eukaryota
"(Node1612*, Node77*)",1492,-0.0762914677590441,0.7769996714209672,c1,branch_to_eukaryota
"(Node1612*, Node77*)",1493,0.4609164488701567,0.56849665204281,c2,branch_to_eukaryota
"(Node1612*, Node77*)",1494,1.3255177655746124,0.56849665204281,c2,branch_to_eukaryota
"(Node1612*, Node77*)",1495,-0.5611157773822003,0.2499926772809477,c3,branch_to_eukaryota
"(Node1612*, Node77*)",1496,0.0002570512358484,0.0020431064014698,c4,branch_to_eukaryota
"(Node1612*, Node77*)",1497,0.5705039533732074,0.56849665204281,c2,branch_to_eukaryota
"(Node1612*, Node77*)",1498,-0.0082237443329021,0.0020431064014698,c4,branch_to_eukaryota
"(Node1612*, Node77*)",1499,-0.5405933916210913,0.56849665204281,c2,branch_to_eukaryota
"(Node1612*, Node77*)",1500,-0.0985654720362676,0.0020431064014698,c4,branch_to_eukaryota
"(Node1612*, Node77*)",1501,0.0968352376679858,0.0020431064014698,c4,branch_to_eukaryota
"(Node1612*, Node77*)",1502,0.0119650033770517,0.0020431064014698,c4,branch_to_eukaryota
"(Node1612*, Node77*)",1503,-0.0034040000528887,0.0020431064014698,c4,branch_to_eukaryota
"(Node1612*, Node77*)",1504,0.0631043100782945,0.0020431064014698,c4,branch_to_eukaryota
"(Node1612*, Node77*)",1505,-0.5753931169128927,0.2499926772809477,c3,branch_to_eukaryota
"(Node1612*, Node77*)",1506,-0.0856728765129744,0.2499926772809477,c3,branch_to_eukaryota
"(Node1612*, Node77*)",1507,-0.0330363762748003,0.0020431064014698,c4,branch_to_eukaryota
"(Node1612*, Node77*)",1508,0.1811304119538289,0.2499926772809477,c3,branch_to_eukaryota
"(Node1612*, Node77*)",1509,0.2201758825887303,0.2499926772809477,c3,branch_to_eukaryota
"(Node1612*, Node77*)",1510,0.4752774736490123,0.2499926772809477,c3,branch_to_eukaryota
"(Node1612*, Node77*)",1511,0.0655805073283467,0.0020431064014698,c4,branch_to_eukaryota
"(Node1612*, Node77*)",1512,-0.0055468689902875,0.0020431064014698,c4,branch_to_eukaryota
"(Node1612*, Node77*)",1513,-0.0285862728934169,0.0020431064014698,c4,branch_to_eukaryota
"(Node1612*, Node77*)",1514,-0.5195953239758742,0.56849665204281,c2,branch_to_eukaryota
"(Node1612*, Node77*)",1515,-0.0030436618603114,0.0020431064014698,c4,branch_to_eukaryota
"(Node1612*, Node77*)",1516,-0.5067017481733049,0.2499926772809477,c3,branch_to_eukaryota
"(Node1612*, Node77*)",1517,0.6540271907376528,0.56849665204281,c2,branch_to_eukaryota
"(Node1612*, Node77*)",1518,-1.544958567961833e-15,0.0020431064014698,c4,branch_to_eukaryota
"(Node1612*, Node77*)",1519,-2.0964092227403977e-15,0.0020431064014698,c4,branch_to_eukaryota
"(Node1612*, Node77*)",1520,-5.572268376283387e-16,0.0020431064014698,c4,branch_to_eukaryota
"(Node1612*, Node77*)",1521,0.459858737549835,0.2499926772809477,c3,branch_to_eukaryota
"(Node1612*, Node77*)",1522,0.6705275542449327,0.56849665204281,c2,branch_to_eukaryota
"(Node1612*, Node77*)",1523,0.6888104658458094,0.2499926772809477,c3,branch_to_eukaryota
"(Node1612*, Node77*)",1524,0.441076879979586,0.56849665204281,c2,branch_to_eukaryota
"(Node1612*, Node77*)",1525,-1.1850447441180876,0.7769996714209672,c1,branch_to_eukaryota
"(Node1612*, Node77*)",1526,-0.919172214195407,0.7769996714209672,c1,branch_to_eukaryota
"(Node1612*, Node77*)",1527,0.1107206324559441,0.56849665204281,c2,branch_to_eukaryota
"(Node1612*, Node77*)",1528,-0.6972798332331696,0.56849665204281,c2,branch_to_eukaryota
"(Node1612*, Node77*)",1529,0.1783372916785642,0.2499926772809477,c3,branch_to_eukaryota
"(Node1612*, Node77*)",1530,0.1251858817956055,0.0020431064014698,c4,branch_to_eukaryota
"(Node1612*, Node77*)",1531,0.0549891863120195,0.0020431064014698,c4,branch_to_eukaryota
"(Node1612*, Node77*)",1532,0.7297006335296033,0.2499926772809477,c3,branch_to_eukaryota
"(Node1612*, Node77*)",1533,0.7530657095007132,0.2499926772809477,c3,branch_to_eukaryota
"(Node1612*, Node77*)",1534,0.9344407595816796,0.56849665204281,c2,branch_to_eukaryota
"(Node1612*, Node77*)",1535,0.5438962790222953,0.7769996714209672,c1,branch_to_eukaryota
"(Node1612*, Node77*)",1536,1.6361074900764097,0.7769996714209672,c1,branch_to_eukaryota
"(Node1612*, Node77*)",1537,-1.1991963314011913,0.56849665204281,c2,branch_to_eukaryota
"(Node1612*, Node77*)",1538,-0.7340986054183315,0.7769996714209672,c1,branch_to_eukaryota
"(Node1612*, Node77*)",1539,1.5957147043165678,0.56849665204281,c2,branch_to_eukaryota
"(Node1612*, Node77*)",1540,1.5103875699284548,0.56849665204281,c2,branch_to_eukaryota
"(Node1612*, Node77*)",1541,0.2133013038315995,0.2499926772809477,c3,branch_to_eukaryota
"(Node1612*, Node77*)",1542,0.7289390502894566,0.2499926772809477,c3,branch_to_eukaryota
"(Node1612*, Node77*)",1543,1.27906126085381,0.2499926772809477,c3,branch_to_eukaryota
"(Node1612*, Node77*)",1544,0.9344183979000764,0.56849665204281,c2,branch_to_eukaryota
"(Node1612*, Node77*)",1545,0.0170890606905741,0.56849665204281,c2,branch_to_eukaryota
"(Node1612*, Node77*)",1546,0.1350782828142465,0.2499926772809477,c3,branch_to_eukaryota
"(Node1612*, Node77*)",1547,0.5712517171281967,0.56849665204281,c2,branch_to_eukaryota
"(Node1612*, Node77*)",1548,0.5335533171148718,0.56849665204281,c2,branch_to_eukaryota
"(Node1612*, Node77*)",1549,0.724791680043113,0.2499926772809477,c3,branch_to_eukaryota
"(Node1612*, Node77*)",1550,1.271391743740889,0.2499926772809477,c3,branch_to_eukaryota
"(Node1612*, Node77*)",1551,-0.285924043082361,0.2499926772809477,c3,branch_to_eukaryota
"(Node1612*, Node77*)",1552,0.9175152168388884,0.56849665204281,c2,branch_to_eukaryota
"(Node1612*, Node77*)",1553,0.0023844095207071,0.0020431064014698,c4,branch_to_eukaryota
"(Node1612*, Node77*)",1554,0.8145699569331579,0.56849665204281,c2,branch_to_eukaryota
"(Node1612*, Node77*)",1555,0.6551089338310405,0.7769996714209672,c1,branch_to_eukaryota
"(Node1612*, Node77*)",1556,0.95799747210699,0.7769996714209672,c1,branch_to_eukaryota
"(Node1612*, Node77*)",1557,0.957997469428768,0.7769996714209672,c1,branch_to_eukaryota
"(Node1612*, Node77*)",1558,0.5324892741383225,0.7769996714209672,c1,branch_to_eukaryota
"(Node1612*, Node77*)",1559,0.5439672770452509,0.7769996714209672,c1,branch_to_eukaryota
"(Node1612*, Node77*)",1560,0.4616165081799615,0.7769996714209672,c1,branch_to_eukaryota
"(Node1612*, Node77*)",1561,0.0262048419920388,0.7769996714209672,c1,branch_to_eukaryota
"(Node1612*, Node77*)",1562,0.5193763677806885,0.2499926772809477,c3,branch_to_eukaryota
"(Node1612*, Node77*)",1563,-0.1411657027846026,0.56849665204281,c2,branch_to_eukaryota
"(Node1612*, Node77*)",1564,0.9038427174019456,0.56849665204281,c2,branch_to_eukaryota
"(Node1612*, Node77*)",1565,0.7904996540178436,0.7769996714209672,c1,branch_to_eukaryota
"(Node1612*, Node77*)",1566,0.9548152693873136,0.7769996714209672,c1,branch_to_eukaryota
"(Node1612*, Node77*)",1567,0.9081563108967486,0.7769996714209672,c1,branch_to_eukaryota
"(Node1612*, Node77*)",1568,1.5964757900248965,0.56849665204281,c2,branch_to_eukaryota
"(Node1612*, Node77*)",1569,0.6957501876031205,0.56849665204281,c2,branch_to_eukaryota
"(Node1612*, Node77*)",1570,0.5438962749620472,0.7769996714209672,c1,branch_to_eukaryota
"(Node1612*, Node77*)",1571,1.2318104756769397,0.56849665204281,c2,branch_to_eukaryota
"(Node1612*, Node77*)",1572,0.7218932721099384,0.7769996714209672,c1,branch_to_eukaryota
"(Node1612*, Node77*)",1573,0.7743218419743102,0.7769996714209672,c1,branch_to_eukaryota
"(Node1612*, Node77*)",1574,1.636107492292499,0.7769996714209672,c1,branch_to_eukaryota
"(Node1612*, Node77*)",1575,0.5438962749620472,0.7769996714209672,c1,branch_to_eukaryota
"(Node1612*, Node77*)",1576,0.9081708514018704,0.7769996714209672,c1,branch_to_eukaryota
"(Node1612*, Node77*)",1577,0.9344431498543944,0.56849665204281,c2,branch_to_eukaryota
"(Node1612*, Node77*)",1578,0.679047125368734,0.7769996714209672,c1,branch_to_eukaryota
"(Node1612*, Node77*)",1579,1.6361074912761886,0.7769996714209672,c1,branch_to_eukaryota
"(Node1612*, Node77*)",1580,-3.089304785436227e-14,0.56849665204281,c2,branch_to_eukaryota
"(Node1612*, Node77*)",1581,-5.78985786338526e-15,0.56849665204281,c2,branch_to_eukaryota
"(Node1612*, Node77*)",1582,0.9579974725968872,0.7769996714209672,c1,branch_to_eukaryota
"(Node1612*, Node77*)",1583,-0.9011014384718262,0.7769996714209672,c1,branch_to_eukaryota
"(Node1612*, Node77*)",1584,-1.7364400604934561e-13,0.56849665204281,c2,branch_to_eukaryota
"(Node1612*, Node77*)",1585,0.5442296258872344,0.7769996714209672,c1,branch_to_eukaryota
"(Node1612*, Node77*)",1586,-0.5940256220049805,0.7769996714209672,c1,branch_to_eukaryota
"(Node1612*, Node77*)",1587,0.9579974725968872,0.7769996714209672,c1,branch_to_eukaryota
"(Node1612*, Node77*)",1588,1.196852493671129,0.56849665204281,c2,branch_to_eukaryota
"(Node1612*, Node77*)",1589,1.636107429361647,0.7769996714209672,c1,branch_to_eukaryota
"(Node1612*, Node77*)",1590,1.6354930606287843,0.7769996714209672,c1,branch_to_eukaryota
"(Node1612*, Node77*)",1591,1.288970585841524,0.56849665204281,c2,branch_to_eukaryota
"(Node1612*, Node77*)",1592,-1.1795178378969835,0.7769996714209672,c1,branch_to_eukaryota
"(Node1612*, Node77*)",1593,0.5744694440301537,0.7769996714209672,c1,branch_to_eukaryota
"(Node1612*, Node77*)",1594,-1.736402577590563e-13,0.56849665204281,c2,branch_to_eukaryota
"(Node1612*, Node77*)",1595,0.5438962749620472,0.7769996714209672,c1,branch_to_eukaryota
"(Node1612*, Node77*)",1596,-0.7077193537542299,0.56849665204281,c2,branch_to_eukaryota
"(Node1612*, Node77*)",1597,-0.7843371756085432,0.56849665204281,c2,branch_to_eukaryota
"(Node1612*, Node77*)",1598,1.1741575391159205,0.2499926772809477,c3,branch_to_eukaryota
"(Node1612*, Node77*)",1599,1.5697430217991406,0.56849665204281,c2,branch_to_eukaryota
"(Node1612*, Node77*)",1600,1.2984536170509835,0.2499926772809477,c3,branch_to_eukaryota
"(Node1612*, Node77*)",1601,0.7614543444536905,0.56849665204281,c2,branch_to_eukaryota
"(Node1612*, Node77*)",1602,0.9579974725968872,0.7769996714209672,c1,branch_to_eukaryota
"(Node1612*, Node77*)",1603,0.9579974725968872,0.7769996714209672,c1,branch_to_eukaryota
"(Node1612*, Node77*)",1604,0.9579974725968872,0.7769996714209672,c1,branch_to_eukaryota
"(Node1612*, Node77*)",1605,1.6361074922925338,0.7769996714209672,c1,branch_to_eukaryota
"(Node1612*, Node77*)",1606,1.4771978240249943,0.56849665204281,c2,branch_to_eukaryota
"(Node1612*, Node77*)",1607,0.7229446705643993,0.7769996714209672,c1,branch_to_eukaryota
"(Node1612*, Node77*)",1608,1.6361074922925338,0.7769996714209672,c1,branch_to_eukaryota
"(Node1612*, Node77*)",1609,0.5438962749620472,0.7769996714209672,c1,branch_to_eukaryota
"(Node1612*, Node77*)",1610,1.6361074922925338,0.7769996714209672,c1,branch_to_eukaryota
"(Node1612*, Node77*)",1611,0.9081563139194414,0.7769996714209672,c1,branch_to_eukaryota
"(Node1612*, Node77*)",1612,1.6361074840430707,0.7769996714209672,c1,branch_to_eukaryota
"(Node1612*, Node77*)",1613,0.9344325582232288,0.56849665204281,c2,branch_to_eukaryota
"(Node1612*, Node77*)",1614,-0.6719019571103022,0.7769996714209672,c1,branch_to_eukaryota
"(Node1612*, Node77*)",1615,0.9342649863645756,0.56849665204281,c2,branch_to_eukaryota
"(Node1612*, Node77*)",1616,1.5970896388775313,0.56849665204281,c2,branch_to_eukaryota
"(Node1612*, Node77*)",1617,-0.6353350886947091,0.7769996714209672,c1,branch_to_eukaryota
"(Node1612*, Node77*)",1618,0.6675012103472144,0.7769996714209672,c1,branch_to_eukaryota
"(Node1612*, Node77*)",1619,1.6361074922925338,0.7769996714209672,c1,branch_to_eukaryota
"(Node1612*, Node77*)",1620,0.5438962749620472,0.7769996714209672,c1,branch_to_eukaryota
"(Node1612*, Node77*)",1621,0.2095628457666994,0.7769996714209672,c1,branch_to_eukaryota
"(Node1612*, Node77*)",1622,0.0374627982900784,0.7769996714209672,c1,branch_to_eukaryota
"(Node1612*, Node77*)",1623,0.9579974725968872,0.7769996714209672,c1,branch_to_eukaryota
"(Node1612*, Node77*)",1624,0.871631832400147,0.56849665204281,c2,branch_to_eukaryota
"(Node1612*, Node77*)",1625,0.1126675931683324,0.0020431064014698,c4,branch_to_eukaryota
"(Node1612*, Node77*)",1626,-0.0989176628873025,0.0020431064014698,c4,branch_to_eukaryota
"(Node1612*, Node77*)",1627,-0.0138945184550816,0.0020431064014698,c4,branch_to_eukaryota
"(Node1612*, Node77*)",1628,0.6571255667987806,0.2499926772809477,c3,branch_to_eukaryota
"(Node1612*, Node77*)",1629,0.6166647445044575,0.2499926772809477,c3,branch_to_eukaryota
"(Node1612*, Node77*)",1630,0.1655843896698674,0.56849665204281,c2,branch_to_eukaryota
"(Node1612*, Node77*)",1631,1.6361071016264974,0.7769996714209672,c1,branch_to_eukaryota
"(Node1612*, Node77*)",1632,0.5438962749620472,0.7769996714209672,c1,branch_to_eukaryota
"(Node1612*, Node77*)",1633,0.5206856222771427,0.2499926772809477,c3,branch_to_eukaryota
"(Node1612*, Node77*)",1634,0.5301356315651194,0.2499926772809477,c3,branch_to_eukaryota
"(Node1612*, Node77*)",1635,0.3154253313573269,0.56849665204281,c2,branch_to_eukaryota
"(Node1612*, Node77*)",1636,0.2031938730292264,0.2499926772809477,c3,branch_to_eukaryota
"(Node1612*, Node77*)",1637,0.9579974725968872,0.7769996714209672,c1,branch_to_eukaryota
"(Node1612*, Node77*)",1638,-0.0383702265833173,0.0020431064014698,c4,branch_to_eukaryota
"(Node1612*, Node77*)",1639,-1.2030864651010813e-15,0.0020431064014698,c4,branch_to_eukaryota
"(Node1612*, Node77*)",1640,4.607912053069851e-16,0.0020431064014698,c4,branch_to_eukaryota
"(Node1612*, Node77*)",1641,-1.605922289947927e-15,0.0020431064014698,c4,branch_to_eukaryota
"(Node1612*, Node77*)",1642,0.0463823302106335,0.0020431064014698,c4,branch_to_eukaryota
"(Node1612*, Node77*)",1643,-0.5842602993827446,0.56849665204281,c2,branch_to_eukaryota
"(Node1612*, Node77*)",1644,0.9855870912849902,0.7769996714209672,c1,branch_to_eukaryota
"(Node1612*, Node77*)",1645,0.0014536427279119,0.0020431064014698,c4,branch_to_eukaryota
"(Node1612*, Node77*)",1646,0.2458796262304242,0.56849665204281,c2,branch_to_eukaryota
"(Node1612*, Node77*)",1647,-0.1139634096747631,0.0020431064014698,c4,branch_to_eukaryota
"(Node1612*, Node77*)",1648,-0.0833189973946629,0.0020431064014698,c4,branch_to_eukaryota
"(Node1612*, Node77*)",1649,1.0408326070717453,0.2499926772809477,c3,branch_to_eukaryota
"(Node1612*, Node77*)",1650,0.8975377390598068,0.2499926772809477,c3,branch_to_eukaryota
"(Node1612*, Node77*)",1651,0.9379771707989372,0.7769996714209672,c1,branch_to_eukaryota
"(Node1612*, Node77*)",1652,0.0748748218149962,0.2499926772809477,c3,branch_to_eukaryota
"(Node1612*, Node77*)",1653,0.4085995165038183,0.2499926772809477,c3,branch_to_eukaryota
"(Node1612*, Node77*)",1654,0.5324893683542756,0.7769996714209672,c1,branch_to_eukaryota
"(Node1612*, Node77*)",1655,0.6067096482985501,0.2499926772809477,c3,branch_to_eukaryota
"(Node1612*, Node77*)",1656,0.6064623482607328,0.2499926772809477,c3,branch_to_eukaryota
"(Node1612*, Node77*)",1657,-0.0538707938461637,0.0020431064014698,c4,branch_to_eukaryota
"(Node1612*, Node77*)",1658,-0.1017531855967087,0.0020431064014698,c4,branch_to_eukaryota
"(Node1612*, Node77*)",1659,-0.0761797890069597,0.2499926772809477,c3,branch_to_eukaryota
"(Node1612*, Node77*)",1660,0.6472230880274686,0.56849665204281,c2,branch_to_eukaryota
"(Node1612*, Node77*)",1661,0.4616357961974745,0.7769996714209672,c1,branch_to_eukaryota
"(Node1612*, Node77*)",1662,-0.5123619162482479,0.7769996714209672,c1,branch_to_eukaryota
"(Node1612*, Node77*)",1663,-3.403402565368723e-15,0.2499926772809477,c3,branch_to_eukaryota
"(Node1612*, Node77*)",1664,0.0482146076260639,0.0020431064014698,c4,branch_to_eukaryota
"(Node1612*, Node77*)",1665,0.3747451255017268,0.56849665204281,c2,branch_to_eukaryota
"(Node1612*, Node77*)",1666,0.2462692972197229,0.7769996714209672,c1,branch_to_eukaryota
"(Node1612*, Node77*)",1667,1.2639853767489768,0.56849665204281,c2,branch_to_eukaryota
"(Node1612*, Node77*)",1668,1.6361074922925338,0.7769996714209672,c1,branch_to_eukaryota
"(Node1612*, Node77*)",1669,-0.6619874627901846,0.2499926772809477,c3,branch_to_eukaryota
"(Node1612*, Node77*)",1670,-0.641306613722848,0.2499926772809477,c3,branch_to_eukaryota
"(Node1612*, Node77*)",1671,0.1497471330962673,0.2499926772809477,c3,branch_to_eukaryota
"(Node1612*, Node77*)",1672,0.020202909122119,0.0020431064014698,c4,branch_to_eukaryota
"(Node1612*, Node77*)",1673,0.5438920599514414,0.7769996714209672,c1,branch_to_eukaryota
"(Node1612*, Node77*)",1674,0.5797711200778372,0.7769996714209672,c1,branch_to_eukaryota
"(Node1612*, Node77*)",1675,0.0551454302808133,0.7769996714209672,c1,branch_to_eukaryota
"(Node1612*, Node77*)",1676,1.2948005572524368,0.2499926772809477,c3,branch_to_eukaryota
"(Node1612*, Node77*)",1677,1.2946060062757825,0.2499926772809477,c3,branch_to_eukaryota
"(Node1612*, Node77*)",1678,0.1064374999095691,0.2499926772809477,c3,branch_to_eukaryota
"(Node1612*, Node77*)",1679,-0.0650287679116489,0.0020431064014698,c4,branch_to_eukaryota
"(Node1612*, Node77*)",1680,0.0581566294898377,0.0020431064014698,c4,branch_to_eukaryota
"(Node1612*, Node77*)",1681,1.046510804481931,0.2499926772809477,c3,branch_to_eukaryota
"(Node1612*, Node77*)",1682,1.6361074922793133,0.7769996714209672,c1,branch_to_eukaryota
"(Node1612*, Node77*)",1683,0.274499518850891,0.2499926772809477,c3,branch_to_eukaryota
"(Node1612*, Node77*)",1684,-0.4242351884601502,0.56849665204281,c2,branch_to_eukaryota
"(Node1612*, Node77*)",1685,0.7185331939511421,0.7769996714209672,c1,branch_to_eukaryota
"(Node1612*, Node77*)",1686,0.4790798627058798,0.56849665204281,c2,branch_to_eukaryota
"(Node1612*, Node77*)",1687,1.2114153991273957,0.7769996714209672,c1,branch_to_eukaryota
"(Node1612*, Node77*)",1688,-0.0915051493166815,0.56849665204281,c2,branch_to_eukaryota
"(Node1612*, Node77*)",1689,0.2040317492132218,0.7769996714209672,c1,branch_to_eukaryota
"(Node1612*, Node77*)",1690,0.9344425634533238,0.56849665204281,c2,branch_to_eukaryota
"(Node1612*, Node77*)",1691,0.9579974616566616,0.7769996714209672,c1,branch_to_eukaryota
"(Node1612*, Node77*)",1692,0.5438962749452105,0.7769996714209672,c1,branch_to_eukaryota
"(Node1612*, Node77*)",1693,1.6350639033176284,0.7769996714209672,c1,branch_to_eukaryota
"(Node1612*, Node77*)",1694,-0.1393418859861199,0.2499926772809477,c3,branch_to_eukaryota
"(Node1612*, Node77*)",1695,0.9579974725968872,0.7769996714209672,c1,branch_to_eukaryota
"(Node1612*, Node77*)",1696,0.0374464365018081,0.0020431064014698,c4,branch_to_eukaryota
"(Node1612*, Node77*)",1697,-0.4461850380086262,0.2499926772809477,c3,branch_to_eukaryota
"(Node1612*, Node77*)",1698,0.2257250738154136,0.56849665204281,c2,branch_to_eukaryota
"(Node1612*, Node77*)",1699,0.732429833980127,0.56849665204281,c2,branch_to_eukaryota
"(Node1612*, Node77*)",1700,1.6345457395192635,0.7769996714209672,c1,branch_to_eukaryota
"(Node1612*, Node77*)",1701,0.3226027344088961,0.7769996714209672,c1,branch_to_eukaryota
"(Node1612*, Node77*)",1702,0.9579974725968872,0.7769996714209672,c1,branch_to_eukaryota
"(Node1612*, Node77*)",1703,0.6547422774398244,0.56849665204281,c2,branch_to_eukaryota
"(Node1612*, Node77*)",1704,0.5438962749620472,0.7769996714209672,c1,branch_to_eukaryota
"(Node1612*, Node77*)",1705,0.5438962749620472,0.7769996714209672,c1,branch_to_eukaryota
"(Node1612*, Node77*)",1706,1.5680620448061773,0.56849665204281,c2,branch_to_eukaryota
"(Node1612*, Node77*)",1707,0.8749690711896208,0.56849665204281,c2,branch_to_eukaryota
"(Node1612*, Node77*)",1708,-0.8203511102335692,0.56849665204281,c2,branch_to_eukaryota
"(Node1612*, Node77*)",1709,0.8702098374139638,0.7769996714209672,c1,branch_to_eukaryota
"(Node1612*, Node77*)",1710,-0.0694949126363958,0.2499926772809477,c3,branch_to_eukaryota
"(Node1612*, Node77*)",1711,0.6735411622783296,0.56849665204281,c2,branch_to_eukaryota
"(Node1612*, Node77*)",1712,-0.3230593655403618,0.2499926772809477,c3,branch_to_eukaryota
"(Node1612*, Node77*)",1713,-0.0970166536134581,0.2499926772809477,c3,branch_to_eukaryota
"(Node1612*, Node77*)",1714,1.6361074922925338,0.7769996714209672,c1,branch_to_eukaryota
"(Node1612*, Node77*)",1715,0.5886803763082141,0.2499926772809477,c3,branch_to_eukaryota
"(Node1612*, Node77*)",1716,1.6350643936559837,0.7769996714209672,c1,branch_to_eukaryota
"(Node1612*, Node77*)",1717,0.9579824783811616,0.7769996714209672,c1,branch_to_eukaryota
"(Node1612*, Node77*)",1718,0.2097527911718626,0.7769996714209672,c1,branch_to_eukaryota
"(Node1612*, Node77*)",1719,0.5438962743661643,0.7769996714209672,c1,branch_to_eukaryota
"(Node1612*, Node77*)",1720,0.8126724680684231,0.7769996714209672,c1,branch_to_eukaryota
"(Node1612*, Node77*)",1721,0.0090161066558672,0.2499926772809477,c3,branch_to_eukaryota
"(Node1612*, Node77*)",1722,-0.7549177014763943,0.2499926772809477,c3,branch_to_eukaryota
"(Node1612*, Node77*)",1723,0.9579974725968872,0.7769996714209672,c1,branch_to_eukaryota
"(Node1612*, Node77*)",1724,0.9579974725968872,0.7769996714209672,c1,branch_to_eukaryota
"(Node1612*, Node77*)",1725,0.5438962749620472,0.7769996714209672,c1,branch_to_eukaryota
"(Node1612*, Node77*)",1726,0.5439026953079565,0.7769996714209672,c1,branch_to_eukaryota
"(Node1612*, Node77*)",1727,-0.1402004462861502,0.7769996714209672,c1,branch_to_eukaryota
"(Node1612*, Node77*)",1728,-1.1218086025827356,0.56849665204281,c2,branch_to_eukaryota
"(Node1612*, Node77*)",1729,0.9191781207660144,0.56849665204281,c2,branch_to_eukaryota
"(Node1612*, Node77*)",1730,1.6361072974548485,0.7769996714209672,c1,branch_to_eukaryota
"(Node1612*, Node77*)",1731,-0.331920601502432,0.7769996714209672,c1,branch_to_eukaryota
"(Node1612*, Node77*)",1732,0.5246235440209291,0.7769996714209672,c1,branch_to_eukaryota
"(Node1612*, Node77*)",1733,0.9579974725968872,0.7769996714209672,c1,branch_to_eukaryota
"(Node1612*, Node77*)",1734,-0.567022808279036,0.7769996714209672,c1,branch_to_eukaryota
"(Node1612*, Node77*)",1735,0.5438962749620472,0.7769996714209672,c1,branch_to_eukaryota
"(Node1612*, Node77*)",1736,0.5797776215533678,0.7769996714209672,c1,branch_to_eukaryota
"(Node1612*, Node77*)",1737,-1.1946336419188428,0.56849665204281,c2,branch_to_eukaryota
"(Node1612*, Node77*)",1738,1.6354930565629722,0.7769996714209672,c1,branch_to_eukaryota
"(Node1612*, Node77*)",1739,0.9578679177739686,0.7769996714209672,c1,branch_to_eukaryota
"(Node1612*, Node77*)",1740,1.212527474473448,0.2499926772809477,c3,branch_to_eukaryota
"(Node1612*, Node77*)",1741,0.2789584002663125,0.2499926772809477,c3,branch_to_eukaryota
"(Node1612*, Node77*)",1742,0.0222512048329159,0.2499926772809477,c3,branch_to_eukaryota
"(Node1612*, Node77*)",1743,0.9324400996283212,0.56849665204281,c2,branch_to_eukaryota
"(Node1612*, Node77*)",1744,0.687943302534261,0.7769996714209672,c1,branch_to_eukaryota
"(Node1612*, Node77*)",1745,1.6361074922924224,0.7769996714209672,c1,branch_to_eukaryota
"(Node1612*, Node77*)",1746,0.2097460428186317,0.7769996714209672,c1,branch_to_eukaryota
"(Node1612*, Node77*)",1747,-0.1965296262489134,0.56849665204281,c2,branch_to_eukaryota
"(Node1612*, Node77*)",1748,-0.7769051788088354,0.56849665204281,c2,branch_to_eukaryota
"(Node1612*, Node77*)",1749,-0.5893901745897125,0.2499926772809477,c3,branch_to_eukaryota
"(Node1612*, Node77*)",1750,0.5438962749620472,0.7769996714209672,c1,branch_to_eukaryota
"(Node1612*, Node77*)",1751,-0.289737725597788,0.2499926772809477,c3,branch_to_eukaryota
"(Node1612*, Node77*)",1752,-0.5632801979069749,0.56849665204281,c2,branch_to_eukaryota
"(Node1612*, Node77*)",1753,0.0290124144968633,0.2499926772809477,c3,branch_to_eukaryota
"(Node1612*, Node77*)",1754,1.0856364879990434,0.2499926772809477,c3,branch_to_eukaryota
"(Node1612*, Node77*)",1755,0.7130203043909344,0.2499926772809477,c3,branch_to_eukaryota
"(Node1612*, Node77*)",1756,1.63607021778223,0.7769996714209672,c1,branch_to_eukaryota
"(Node1612*, Node77*)",1757,0.9579974519754968,0.7769996714209672,c1,branch_to_eukaryota
"(Node1612*, Node77*)",1758,-1.2071582171268582,0.56849665204281,c2,branch_to_eukaryota
"(Node1612*, Node77*)",1759,1.609311590561666,0.7769996714209672,c1,branch_to_eukaryota
"(Node1612*, Node77*)",1760,0.9579974725968872,0.7769996714209672,c1,branch_to_eukaryota
"(Node1612*, Node77*)",1761,0.5797292036157862,0.7769996714209672,c1,branch_to_eukaryota
"(Node1612*, Node77*)",1762,0.5438962697666009,0.7769996714209672,c1,branch_to_eukaryota
"(Node1612*, Node77*)",1763,1.125094001433928,0.7769996714209672,c1,branch_to_eukaryota
"(Node1612*, Node77*)",1764,0.5526150977338877,0.56849665204281,c2,branch_to_eukaryota
"(Node1612*, Node77*)",1765,1.6361074904960904,0.7769996714209672,c1,branch_to_eukaryota
"(Node1612*, Node77*)",1766,0.957997472596887,0.7769996714209672,c1,branch_to_eukaryota
"(Node1612*, Node77*)",1767,-0.5606425516768182,0.7769996714209672,c1,branch_to_eukaryota
"(Node1612*, Node77*)",1768,1.5079136863195295,0.7769996714209672,c1,branch_to_eukaryota
"(Node1612*, Node77*)",1769,1.6361074919035412,0.7769996714209672,c1,branch_to_eukaryota
"(Node1612*, Node77*)",1770,1.636107492292518,0.7769996714209672,c1,branch_to_eukaryota
"(Node1612*, Node77*)",1771,-0.8954251990190185,0.7769996714209672,c1,branch_to_eukaryota
"(Node1612*, Node77*)",1772,0.957997472596887,0.7769996714209672,c1,branch_to_eukaryota
"(Node1612*, Node77*)",1773,1.6191142292831813,0.7769996714209672,c1,branch_to_eukaryota
"(Node1612*, Node77*)",1774,1.4886302519618726,0.56849665204281,c2,branch_to_eukaryota
"(Node1612*, Node77*)",1775,1.5968993701838796,0.56849665204281,c2,branch_to_eukaryota
"(Node1612*, Node77*)",1776,1.6221345584866194,0.7769996714209672,c1,branch_to_eukaryota
"(Node1612*, Node77*)",1777,-0.8375181614931609,0.7769996714209672,c1,branch_to_eukaryota
"(Node1612*, Node77*)",1778,-1.8356689990002115e-14,0.7769996714209672,c1,branch_to_eukaryota
"(Node1612*, Node77*)",1779,0.957997472596886,0.7769996714209672,c1,branch_to_eukaryota
"(Node1612*, Node77*)",1780,-1.0344422485704712,0.7769996714209672,c1,branch_to_eukaryota
"(Node1612*, Node77*)",1781,0.5438962749620472,0.7769996714209672,c1,branch_to_eukaryota
"(Node1612*, Node77*)",1782,1.6361074922925336,0.7769996714209672,c1,branch_to_eukaryota
"(Node1612*, Node77*)",1783,0.5438962749631843,0.7769996714209672,c1,branch_to_eukaryota
"(Node1612*, Node77*)",1784,1.6361074922925336,0.7769996714209672,c1,branch_to_eukaryota
"(Node1612*, Node77*)",1785,0.5438962749620472,0.7769996714209672,c1,branch_to_eukaryota
"(Node1612*, Node77*)",1786,1.6361074922925336,0.7769996714209672,c1,branch_to_eukaryota
"(Node1612*, Node77*)",1787,1.63610749229242,0.7769996714209672,c1,branch_to_eukaryota
"(Node1612*, Node77*)",1788,0.957997472596887,0.7769996714209672,c1,branch_to_eukaryota
"(Node1612*, Node77*)",1789,1.6361074922925336,0.7769996714209672,c1,branch_to_eukaryota
"(Node1612*, Node77*)",1790,1.6361074922925345,0.7769996714209672,c1,branch_to_eukaryota
"(Node1612*, Node77*)",1791,1.6361074922925336,0.7769996714209672,c1,branch_to_eukaryota
"(Node1612*, Node77*)",1792,0.957997472596887,0.7769996714209672,c1,branch_to_eukaryota
"(Node1612*, Node77*)",1793,-0.96325043570909,0.7769996714209672,c1,branch_to_eukaryota
"(Node1612*, Node77*)",1794,1.6361074922925336,0.7769996714209672,c1,branch_to_eukaryota
"(Node1612*, Node77*)",1795,0.7218652353815787,0.7769996714209672,c1,branch_to_eukaryota
"(Node1612*, Node77*)",1796,1.564686937503572,0.56849665204281,c2,branch_to_eukaryota
"(Node1612*, Node77*)",1797,0.5175581415448883,0.56849665204281,c2,branch_to_eukaryota
"(Node1612*, Node77*)",1798,1.5969001724664986,0.56849665204281,c2,branch_to_eukaryota
"(Node1612*, Node77*)",1799,1.5970805515853808,0.56849665204281,c2,branch_to_eukaryota
"(Node1612*, Node77*)",1800,0.5163892569998066,0.7769996714209672,c1,branch_to_eukaryota
"(Node1612*, Node77*)",1801,-0.9272673378043184,0.56849665204281,c2,branch_to_eukaryota
"(Node1612*, Node77*)",1802,1.0257266836740715,0.56849665204281,c2,branch_to_eukaryota
"(Node1612*, Node77*)",1803,1.0257432183406197,0.56849665204281,c2,branch_to_eukaryota
"(Node1612*, Node77*)",1804,0.6940726373785947,0.2499926772809477,c3,branch_to_eukaryota
"(Node1612*, Node77*)",1805,0.5438962749620472,0.7769996714209672,c1,branch_to_eukaryota
"(Node1612*, Node77*)",1806,-1.2269877531522126,0.7769996714209672,c1,branch_to_eukaryota
"(Node1612*, Node77*)",1807,1.7292825111786992e-13,0.56849665204281,c2,branch_to_eukaryota
"(Node1612*, Node77*)",1808,-1.2195108014347895,0.56849665204281,c2,branch_to_eukaryota
"(Node1612*, Node77*)",1809,0.3932377446733255,0.2499926772809477,c3,branch_to_eukaryota
"(Node1612*, Node77*)",1810,0.5809038505764692,0.2499926772809477,c3,branch_to_eukaryota
"(Node1612*, Node77*)",1811,-0.0079129219330001,0.2499926772809477,c3,branch_to_eukaryota
"(Node1612*, Node77*)",1812,-0.6384503331913334,0.2499926772809477,c3,branch_to_eukaryota
"(Node1612*, Node77*)",1813,-0.2626036788244133,0.2499926772809477,c3,branch_to_eukaryota
"(Node1612*, Node77*)",1814,0.0115203774390573,0.2499926772809477,c3,branch_to_eukaryota
"(Node1612*, Node77*)",1815,0.4203509051490813,0.2499926772809477,c3,branch_to_eukaryota
"(Node1612*, Node77*)",1816,-0.8784000004077824,0.2499926772809477,c3,branch_to_eukaryota
"(Node1612*, Node77*)",1817,0.5014142222313962,0.56849665204281,c2,branch_to_eukaryota
"(Node1612*, Node77*)",1818,0.5017478710156233,0.56849665204281,c2,branch_to_eukaryota
"(Node1612*, Node77*)",1819,-0.1048335901686926,0.56849665204281,c2,branch_to_eukaryota
"(Node1612*, Node77*)",1820,0.9343843530620604,0.56849665204281,c2,branch_to_eukaryota
"(Node1612*, Node77*)",1821,0.5438962749620472,0.7769996714209672,c1,branch_to_eukaryota
"(Node1612*, Node77*)",1822,-1.1207448555588765e-14,0.56849665204281,c2,branch_to_eukaryota
"(Node1612*, Node77*)",1823,0.823539234475047,0.56849665204281,c2,branch_to_eukaryota
"(Node1612*, Node77*)",1824,0.1315546566766076,0.2499926772809477,c3,branch_to_eukaryota
"(Node1612*, Node77*)",1825,0.0013719518161547,0.2499926772809477,c3,branch_to_eukaryota
"(Node1612*, Node77*)",1826,1.2757764979540684,0.2499926772809477,c3,branch_to_eukaryota
"(Node1612*, Node77*)",1827,0.0493690874414152,0.0020431064014698,c4,branch_to_eukaryota
"(Node1612*, Node77*)",1828,0.9248520238291544,0.2499926772809477,c3,branch_to_eukaryota
"(Node1612*, Node77*)",1829,-6.017748763931003e-15,0.2499926772809477,c3,branch_to_eukaryota
"(Node1612*, Node77*)",1830,-0.1173301106692096,0.0020431064014698,c4,branch_to_eukaryota
"(Node1612*, Node77*)",1831,-0.4157274321950991,0.2499926772809477,c3,branch_to_eukaryota
"(Node1612*, Node77*)",1832,-0.965424726101783,0.2499926772809477,c3,branch_to_eukaryota
"(Node1612*, Node77*)",1833,-0.7379827450280585,0.2499926772809477,c3,branch_to_eukaryota
"(Node1612*, Node77*)",1834,-1.0774182334662151e-14,0.56849665204281,c2,branch_to_eukaryota
"(Node1612*, Node77*)",1835,0.3026911530401035,0.56849665204281,c2,branch_to_eukaryota
"(Node1612*, Node77*)",1836,1.2245184033735006,0.56849665204281,c2,branch_to_eukaryota
"(Node1612*, Node77*)",1837,0.4501912286436848,0.2499926772809477,c3,branch_to_eukaryota
"(Node1612*, Node77*)",1838,-0.0090835236231503,0.0020431064014698,c4,branch_to_eukaryota
"(Node1612*, Node77*)",1839,0.0367450290821273,0.0020431064014698,c4,branch_to_eukaryota
"(Node1612*, Node77*)",1840,0.0246881762056748,0.0020431064014698,c4,branch_to_eukaryota
"(Node1612*, Node77*)",1841,-0.001760498904238,0.0020431064014698,c4,branch_to_eukaryota
"(Node1612*, Node77*)",1842,0.0180124900041687,0.0020431064014698,c4,branch_to_eukaryota
"(Node1612*, Node77*)",1843,-0.0057688822946717,0.0020431064014698,c4,branch_to_eukaryota
"(Node1612*, Node77*)",1844,0.0006252145815376,0.0020431064014698,c4,branch_to_eukaryota
"(Node1612*, Node77*)",1845,6.100818687502543e-05,0.0020431064014698,c4,branch_to_eukaryota
"(Node1612*, Node77*)",1846,0.0035007944386819,0.0020431064014698,c4,branch_to_eukaryota
"(Node1612*, Node77*)",1847,-0.0005680984398754,0.0020431064014698,c4,branch_to_eukaryota
"(Node1612*, Node77*)",1848,0.0001959982325077,0.0020431064014698,c4,branch_to_eukaryota
"(Node1612*, Node77*)",1849,0.0002446965544698,0.0020431064014698,c4,branch_to_eukaryota
"(Node1612*, Node77*)",1850,-0.0005889811591315,0.0020431064014698,c4,branch_to_eukaryota
"(Node1612*, Node77*)",1851,-0.000340556103229,0.0020431064014698,c4,branch_to_eukaryota
"(Node1612*, Node77*)",1852,0.0013797968350243,0.0020431064014698,c4,branch_to_eukaryota
"(Node1612*, Node77*)",1853,0.0313856573604371,0.0020431064014698,c4,branch_to_eukaryota
"(Node1612*, Node77*)",1854,0.0627200407638812,0.0020431064014698,c4,branch_to_eukaryota
"(Node1612*, Node77*)",1855,-0.0030505946149274,0.0020431064014698,c4,branch_to_eukaryota
"(Node1612*, Node77*)",1856,0.0139749664811807,0.0020431064014698,c4,branch_to_eukaryota
"(Node1612*, Node77*)",1857,1.7394419292134104e-15,0.0020431064014698,c4,branch_to_eukaryota
"(Node1612*, Node77*)",1858,-0.0025953027453127,0.0020431064014698,c4,branch_to_eukaryota
"(Node1612*, Node77*)",1859,-1.4512964972474598e-15,0.0020431064014698,c4,branch_to_eukaryota
"(Node1612*, Node77*)",1860,0.0014090939867757,0.0020431064014698,c4,branch_to_eukaryota
"(Node1612*, Node77*)",1861,-0.002033870001563,0.0020431064014698,c4,branch_to_eukaryota
"(Node1612*, Node77*)",1862,0.0003534770829383,0.0020431064014698,c4,branch_to_eukaryota
"(Node1612*, Node77*)",1863,2.417468126650079e-15,0.0020431064014698,c4,branch_to_eukaryota
"(Node1612*, Node77*)",1864,-0.0006822780504629,0.0020431064014698,c4,branch_to_eukaryota
"(Node1612*, Node77*)",1865,-0.0002268001835605,0.0020431064014698,c4,branch_to_eukaryota
"(Node1612*, Node77*)",1866,0.0046296667737847,0.0020431064014698,c4,branch_to_eukaryota
"(Node1612*, Node77*)",1867,0.0129567577810303,0.0020431064014698,c4,branch_to_eukaryota
"(Node1612*, Node77*)",1868,-0.0110268757321218,0.0020431064014698,c4,branch_to_eukaryota
"(Node1612*, Node77*)",1869,0.0389625034170692,0.0020431064014698,c4,branch_to_eukaryota
"(Node1612*, Node77*)",1870,-0.0534870236484955,0.0020431064014698,c4,branch_to_eukaryota
"(Node1612*, Node77*)",1871,0.0060647582174119,0.0020431064014698,c4,branch_to_eukaryota
"(Node1612*, Node77*)",1872,-0.1651437664373807,0.2499926772809477,c3,branch_to_eukaryota
"(Node1612*, Node77*)",1873,0.6412272289812218,0.56849665204281,c2,branch_to_eukaryota
"(Node1612*, Node77*)",1874,-6.355089400418425e-15,0.2499926772809477,c3,branch_to_eukaryota
"(Node1612*, Node77*)",1875,0.7327297550770628,0.2499926772809477,c3,branch_to_eukaryota
"(Node1612*, Node77*)",1876,0.5739891242978811,0.2499926772809477,c3,branch_to_eukaryota
"(Node1612*, Node77*)",1877,0.311621794801046,0.2499926772809477,c3,branch_to_eukaryota
"(Node1612*, Node77*)",1878,-0.5674056730339163,0.2499926772809477,c3,branch_to_eukaryota
"(Node1612*, Node77*)",1879,0.0302436781267827,0.2499926772809477,c3,branch_to_eukaryota
"(Node1612*, Node77*)",1880,-0.0880982407505265,0.0020431064014698,c4,branch_to_eukaryota
"(Node1612*, Node77*)",1881,-0.0309144116874883,0.2499926772809477,c3,branch_to_eukaryota
"(Node1612*, Node77*)",1882,0.0191836273425532,0.2499926772809477,c3,branch_to_eukaryota
"(Node1612*, Node77*)",1883,-0.0344155357603885,0.2499926772809477,c3,branch_to_eukaryota
"(Node1612*, Node77*)",1884,1.5766179199799908,0.56849665204281,c2,branch_to_eukaryota
"(Node1612*, Node77*)",1885,0.627561888029959,0.2499926772809477,c3,branch_to_eukaryota
"(Node1612*, Node77*)",1886,0.5438889074737876,0.7769996714209672,c1,branch_to_eukaryota
"(Node1612*, Node77*)",1887,0.5731004024064206,0.56849665204281,c2,branch_to_eukaryota
"(Node1612*, Node77*)",1888,1.0985413100299368,0.56849665204281,c2,branch_to_eukaryota
"(Node1612*, Node77*)",1889,0.910373850243464,0.56849665204281,c2,branch_to_eukaryota
"(Node1612*, Node77*)",1890,1.1252173139320831,0.56849665204281,c2,branch_to_eukaryota
"(Node1612*, Node77*)",1891,-0.8491669618780604,0.2499926772809477,c3,branch_to_eukaryota
"(Node1612*, Node77*)",1892,-0.0929453683732218,0.2499926772809477,c3,branch_to_eukaryota
"(Node1612*, Node77*)",1893,0.0444391457768371,0.2499926772809477,c3,branch_to_eukaryota
"(Node1612*, Node77*)",1894,-0.3218105449483112,0.2499926772809477,c3,branch_to_eukaryota
"(Node1612*, Node77*)",1895,-0.7508095406637889,0.2499926772809477,c3,branch_to_eukaryota
"(Node1612*, Node77*)",1896,1.0119144515891123,0.2499926772809477,c3,branch_to_eukaryota
"(Node1612*, Node77*)",1897,0.7360779318454646,0.2499926772809477,c3,branch_to_eukaryota
"(Node1612*, Node77*)",1898,-0.3515403798531496,0.2499926772809477,c3,branch_to_eukaryota
"(Node1612*, Node77*)",1899,-0.9571590775367608,0.56849665204281,c2,branch_to_eukaryota
"(Node1612*, Node77*)",1900,0.7256722583505373,0.2499926772809477,c3,branch_to_eukaryota
"(Node1612*, Node77*)",1901,0.5438889074736555,0.7769996714209672,c1,branch_to_eukaryota
"(Node1612*, Node77*)",1902,0.5692667115942219,0.56849665204281,c2,branch_to_eukaryota
"(Node1612*, Node77*)",1903,0.933010317078702,0.56849665204281,c2,branch_to_eukaryota
"(Node1612*, Node77*)",1904,0.7071452246782726,0.56849665204281,c2,branch_to_eukaryota
"(Node1612*, Node77*)",1905,0.7071452365689643,0.56849665204281,c2,branch_to_eukaryota
"(Node1612*, Node77*)",1906,0.9338039303984312,0.56849665204281,c2,branch_to_eukaryota
"(Node1612*, Node77*)",1907,0.9335908195667112,0.56849665204281,c2,branch_to_eukaryota
"(Node1612*, Node77*)",1908,-0.4863407994384568,0.56849665204281,c2,branch_to_eukaryota
"(Node1612*, Node77*)",1909,0.9318365097512716,0.56849665204281,c2,branch_to_eukaryota
"(Node1612*, Node77*)",1910,0.5438889074736555,0.7769996714209672,c1,branch_to_eukaryota
"(Node1612*, Node77*)",1911,0.5438889074736555,0.7769996714209672,c1,branch_to_eukaryota
"(Node1612*, Node77*)",1912,0.957978879461376,0.7769996714209672,c1,branch_to_eukaryota
"(Node1612*, Node77*)",1913,0.6622639513921855,0.7769996714209672,c1,branch_to_eukaryota
"(Node1612*, Node77*)",1914,1.6359891557306867,0.7769996714209672,c1,branch_to_eukaryota
"(Node1612*, Node77*)",1915,0.9579240705086028,0.7769996714209672,c1,branch_to_eukaryota
"(Node1612*, Node77*)",1916,0.3124002703382146,0.7769996714209672,c1,branch_to_eukaryota
"(Node1612*, Node77*)",1917,0.5438670341765808,0.7769996714209672,c1,branch_to_eukaryota
"(Node1612*, Node77*)",1918,0.5438672499840786,0.7769996714209672,c1,branch_to_eukaryota
"(Node1612*, Node77*)",1919,1.6359891557306427,0.7769996714209672,c1,branch_to_eukaryota
"(Node1612*, Node77*)",1920,0.5438672499840786,0.7769996714209672,c1,branch_to_eukaryota
"(Node1612*, Node77*)",1921,0.5438672499840786,0.7769996714209672,c1,branch_to_eukaryota
"(Node1612*, Node77*)",1922,0.9579240705085976,0.7769996714209672,c1,branch_to_eukaryota
"(Node1612*, Node77*)",1923,0.9579240705085976,0.7769996714209672,c1,branch_to_eukaryota
"(Node1612*, Node77*)",1924,-7.49859541190355e-15,0.7769996714209672,c1,branch_to_eukaryota
"(Node1612*, Node77*)",1925,0.5322681004970025,0.56849665204281,c2,branch_to_eukaryota
"(Node1612*, Node77*)",1926,0.6456051085433125,0.56849665204281,c2,branch_to_eukaryota
"(Node1612*, Node77*)",1927,1.6359891557168422,0.7769996714209672,c1,branch_to_eukaryota
"(Node1612*, Node77*)",1928,1.5036818810040236,0.56849665204281,c2,branch_to_eukaryota
"(Node1612*, Node77*)",1929,0.9320077297230446,0.56849665204281,c2,branch_to_eukaryota
"(Node1612*, Node77*)",1930,-1.1768558627636792,0.7769996714209672,c1,branch_to_eukaryota
"(Node1612*, Node77*)",1931,0.543867246337391,0.7769996714209672,c1,branch_to_eukaryota
"(Node1612*, Node77*)",1932,0.9298751079789288,0.56849665204281,c2,branch_to_eukaryota
"(Node1612*, Node77*)",1933,0.85475574581923,0.56849665204281,c2,branch_to_eukaryota
"(Node1612*, Node77*)",1934,0.5342227785037142,0.56849665204281,c2,branch_to_eukaryota
"(Node1612*, Node77*)",1935,0.9579240501101454,0.7769996714209672,c1,branch_to_eukaryota
"(Node1612*, Node77*)",1936,0.543867246337391,0.7769996714209672,c1,branch_to_eukaryota
"(Node1612*, Node77*)",1937,0.543867246337391,0.7769996714209672,c1,branch_to_eukaryota
"(Node1612*, Node77*)",1938,1.5097267169597568,0.56849665204281,c2,branch_to_eukaryota
"(Node1612*, Node77*)",1939,1.5914809660760223,0.56849665204281,c2,branch_to_eukaryota
"(Node1612*, Node77*)",1940,0.5035138313347938,0.7769996714209672,c1,branch_to_eukaryota
"(Node1612*, Node77*)",1941,0.957924050110134,0.7769996714209672,c1,branch_to_eukaryota
"(Node1612*, Node77*)",1942,1.5931428253805828,0.56849665204281,c2,branch_to_eukaryota
"(Node1612*, Node77*)",1943,0.676144340024675,0.56849665204281,c2,branch_to_eukaryota
"(Node1612*, Node77*)",1944,0.9320076825814532,0.56849665204281,c2,branch_to_eukaryota
"(Node1612*, Node77*)",1945,-0.9105163745886578,0.56849665204281,c2,branch_to_eukaryota
"(Node1612*, Node77*)",1946,-0.4298588825764916,0.56849665204281,c2,branch_to_eukaryota
"(Node1612*, Node77*)",1947,0.9320077628885448,0.56849665204281,c2,branch_to_eukaryota
