branch,site,coherence,category_variance,rate_category
"(Eukaryota_Opisthokonta_Nucletmycea_Fungi_Dikarya_Ascomycota_Saccharomycotina_Saccharomycetes_Saccharomycetales_Saccharomyces_cerevisiae_baker_s_yeast, Node1652*)",2,3.3477171110772046,2.3475971722292814,c1
"(Eukaryota_Opisthokonta_Nucletmycea_Fungi_Dikarya_Ascomycota_Saccharomycotina_Saccharomycetes_Saccharomycetales_Saccharomyces_cerevisiae_baker_s_yeast, Node1652*)",4,2.2044151602585562,2.3475971722292814,c1
"(Eukaryota_Opisthokonta_Nucletmycea_Fungi_Dikarya_Ascomycota_Saccharomycotina_Saccharomycetes_Saccharomycetales_Saccharomyces_cerevisiae_baker_s_yeast, Node1652*)",5,2.2044151602585562,2.3475971722292814,c1
"(Eukaryota_Opisthokonta_Nucletmycea_Fungi_Dikarya_Ascomycota_Saccharomycotina_Saccharomycetes_Saccharomycetales_Saccharomyces_cerevisiae_baker_s_yeast, Node1652*)",6,3.0887625899932756e-16,2.3475971722292814,c1
"(Eukaryota_Opisthokonta_Nucletmycea_Fungi_Dikarya_Ascomycota_Saccharomycotina_Saccharomycetes_Saccharomycetales_Saccharomyces_cerevisiae_baker_s_yeast, Node1652*)",7,1.1558400894283004e-16,2.3475971722292814,c1
"(Eukaryota_Opisthokonta_Nucletmycea_Fungi_Dikarya_Ascomycota_Saccharomycotina_Saccharomycetes_Saccharomycetales_Saccharomyces_cerevisiae_baker_s_yeast, Node1652*)",8,2.2044151602585562,2.3475971722292814,c1
"(Eukaryota_Opisthokonta_Nucletmycea_Fungi_Dikarya_Ascomycota_Saccharomycotina_Saccharomycetes_Saccharomycetales_Saccharomyces_cerevisiae_baker_s_yeast, Node1652*)",9,2.9762532674017042,2.3475971722292814,c1
"(Eukaryota_Opisthokonta_Nucletmycea_Fungi_Dikarya_Ascomycota_Saccharomycotina_Saccharomycetes_Saccharomycetales_Saccharomyces_cerevisiae_baker_s_yeast, Node1652*)",10,2.8443681331352728e-16,2.3475971722292814,c1
"(Eukaryota_Opisthokonta_Nucletmycea_Fungi_Dikarya_Ascomycota_Saccharomycotina_Saccharomycetes_Saccharomycetales_Saccharomyces_cerevisiae_baker_s_yeast, Node1652*)",13,3.1271955055927858e-16,2.3475971722292814,c1
"(Eukaryota_Opisthokonta_Nucletmycea_Fungi_Dikarya_Ascomycota_Saccharomycotina_Saccharomycetes_Saccharomycetales_Saccharomyces_cerevisiae_baker_s_yeast, Node1652*)",15,3.3477171110772046,2.3475971722292814,c1
"(Eukaryota_Opisthokonta_Nucletmycea_Fungi_Dikarya_Ascomycota_Saccharomycotina_Saccharomycetes_Saccharomycetales_Saccharomyces_cerevisiae_baker_s_yeast, Node1652*)",16,3.3477171110772046,2.3475971722292814,c1
"(Eukaryota_Opisthokonta_Nucletmycea_Fungi_Dikarya_Ascomycota_Saccharomycotina_Saccharomycetes_Saccharomycetales_Saccharomyces_cerevisiae_baker_s_yeast, Node1652*)",17,2.9762532674017042,2.3475971722292814,c1
"(Eukaryota_Opisthokonta_Nucletmycea_Fungi_Dikarya_Ascomycota_Saccharomycotina_Saccharomycetes_Saccharomycetales_Saccharomyces_cerevisiae_baker_s_yeast, Node1652*)",18,2.2044151602585562,2.3475971722292814,c1
"(Eukaryota_Opisthokonta_Nucletmycea_Fungi_Dikarya_Ascomycota_Saccharomycotina_Saccharomycetes_Saccharomycetales_Saccharomyces_cerevisiae_baker_s_yeast, Node1652*)",19,1.5113519477429573e-16,2.3475971722292814,c1
"(Eukaryota_Opisthokonta_Nucletmycea_Fungi_Dikarya_Ascomycota_Saccharomycotina_Saccharomycetes_Saccharomycetales_Saccharomyces_cerevisiae_baker_s_yeast, Node1652*)",20,2.9762532674017042,2.3475971722292814,c1
"(Eukaryota_Opisthokonta_Nucletmycea_Fungi_Dikarya_Ascomycota_Saccharomycotina_Saccharomycetes_Saccharomycetales_Saccharomyces_cerevisiae_baker_s_yeast, Node1652*)",26,-4.0479642609686699e-17,2.3475971722292814,c1
"(Eukaryota_Opisthokonta_Nucletmycea_Fungi_Dikarya_Ascomycota_Saccharomycotina_Saccharomycetes_Saccharomycetales_Saccharomyces_cerevisiae_baker_s_yeast, Node1652*)",27,2.9762532674017042,2.3475971722292814,c1
"(Eukaryota_Opisthokonta_Nucletmycea_Fungi_Dikarya_Ascomycota_Saccharomycotina_Saccharomycetes_Saccharomycetales_Saccharomyces_cerevisiae_baker_s_yeast, Node1652*)",28,-2.3609105014746859e-16,2.3475971722292814,c1
"(Eukaryota_Opisthokonta_Nucletmycea_Fungi_Dikarya_Ascomycota_Saccharomycotina_Saccharomycetes_Saccharomycetales_Saccharomyces_cerevisiae_baker_s_yeast, Node1652*)",29,2.2044151602585562,2.3475971722292814,c1
"(Eukaryota_Opisthokonta_Nucletmycea_Fungi_Dikarya_Ascomycota_Saccharomycotina_Saccharomycetes_Saccharomycetales_Saccharomyces_cerevisiae_baker_s_yeast, Node1652*)",30,3.3477171110772046,2.3475971722292814,c1
"(Eukaryota_Opisthokonta_Nucletmycea_Fungi_Dikarya_Ascomycota_Saccharomycotina_Saccharomycetes_Saccharomycetales_Saccharomyces_cerevisiae_baker_s_yeast, Node1652*)",31,-2.2420841974278997e-16,2.3475971722292814,c1
"(Eukaryota_Opisthokonta_Nucletmycea_Fungi_Dikarya_Ascomycota_Saccharomycotina_Saccharomycetes_Saccharomycetales_Saccharomyces_cerevisiae_baker_s_yeast, Node1652*)",33,-2.3610229252627973e-16,2.3475971722292814,c1
"(Eukaryota_Opisthokonta_Nucletmycea_Fungi_Dikarya_Ascomycota_Saccharomycotina_Saccharomycetes_Saccharomycetales_Saccharomyces_cerevisiae_baker_s_yeast, Node1652*)",39,-8.4034208467868607e-17,2.3475971722292814,c1
"(Eukaryota_Opisthokonta_Nucletmycea_Fungi_Dikarya_Ascomycota_Saccharomycotina_Saccharomycetes_Saccharomycetales_Saccharomyces_cerevisiae_baker_s_yeast, Node1652*)",41,2.9762532674017042,2.3475971722292814,c1
"(Eukaryota_Opisthokonta_Nucletmycea_Fungi_Dikarya_Ascomycota_Saccharomycotina_Saccharomycetes_Saccharomycetales_Saccharomyces_cerevisiae_baker_s_yeast, Node1652*)",45,-2.0520885970459118e-16,2.3475971722292814,c1
"(Eukaryota_Opisthokonta_Nucletmycea_Fungi_Dikarya_Ascomycota_Saccharomycotina_Saccharomycetes_Saccharomycetales_Saccharomyces_cerevisiae_baker_s_yeast, Node1652*)",47,2.9762532674017042,2.3475971722292814,c1
"(Eukaryota_Opisthokonta_Nucletmycea_Fungi_Dikarya_Ascomycota_Saccharomycotina_Saccharomycetes_Saccharomycetales_Saccharomyces_cerevisiae_baker_s_yeast, Node1652*)",50,3.3477171110772046,2.3475971722292814,c1
"(Eukaryota_Opisthokonta_Nucletmycea_Fungi_Dikarya_Ascomycota_Saccharomycotina_Saccharomycetes_Saccharomycetales_Saccharomyces_cerevisiae_baker_s_yeast, Node1652*)",51,2.9762532674017042,2.3475971722292814,c1
"(Eukaryota_Opisthokonta_Nucletmycea_Fungi_Dikarya_Ascomycota_Saccharomycotina_Saccharomycetes_Saccharomycetales_Saccharomyces_cerevisiae_baker_s_yeast, Node1652*)",52,-2.3190996180489631e-16,2.3475971722292814,c1
"(Eukaryota_Opisthokonta_Nucletmycea_Fungi_Dikarya_Ascomycota_Saccharomycotina_Saccharomycetes_Saccharomycetales_Saccharomyces_cerevisiae_baker_s_yeast, Node1652*)",53,2.2044151602585562,2.3475971722292814,c1
"(Eukaryota_Opisthokonta_Nucletmycea_Fungi_Dikarya_Ascomycota_Saccharomycotina_Saccharomycetes_Saccharomycetales_Saccharomyces_cerevisiae_baker_s_yeast, Node1652*)",54,3.3477171110772046,2.3475971722292814,c1
"(Eukaryota_Opisthokonta_Nucletmycea_Fungi_Dikarya_Ascomycota_Saccharomycotina_Saccharomycetes_Saccharomycetales_Saccharomyces_cerevisiae_baker_s_yeast, Node1652*)",55,2.9762532674017042,2.3475971722292814,c1
"(Eukaryota_Opisthokonta_Nucletmycea_Fungi_Dikarya_Ascomycota_Saccharomycotina_Saccharomycetes_Saccharomycetales_Saccharomyces_cerevisiae_baker_s_yeast, Node1652*)",56,3.3499608603914752e-16,2.3475971722292814,c1
"(Eukaryota_Opisthokonta_Nucletmycea_Fungi_Dikarya_Ascomycota_Saccharomycotina_Saccharomycetes_Saccharomycetales_Saccharomyces_cerevisiae_baker_s_yeast, Node1652*)",57,2.2044151602585562,2.3475971722292814,c1
"(Eukaryota_Opisthokonta_Nucletmycea_Fungi_Dikarya_Ascomycota_Saccharomycotina_Saccharomycetes_Saccharomycetales_Saccharomyces_cerevisiae_baker_s_yeast, Node1652*)",58,-2.3553743849429561e-16,2.3475971722292814,c1
"(Eukaryota_Opisthokonta_Nucletmycea_Fungi_Dikarya_Ascomycota_Saccharomycotina_Saccharomycetes_Saccharomycetales_Saccharomyces_cerevisiae_baker_s_yeast, Node1652*)",117,2.2044151602585562,2.3475971722292814,c1
"(Eukaryota_Opisthokonta_Nucletmycea_Fungi_Dikarya_Ascomycota_Saccharomycotina_Saccharomycetes_Saccharomycetales_Saccharomyces_cerevisiae_baker_s_yeast, Node1652*)",118,3.3477171110772046,2.3475971722292814,c1
"(Eukaryota_Opisthokonta_Nucletmycea_Fungi_Dikarya_Ascomycota_Saccharomycotina_Saccharomycetes_Saccharomycetales_Saccharomyces_cerevisiae_baker_s_yeast, Node1652*)",121,2.9762532674017042,2.3475971722292814,c1
"(Eukaryota_Opisthokonta_Nucletmycea_Fungi_Dikarya_Ascomycota_Saccharomycotina_Saccharomycetes_Saccharomycetales_Saccharomyces_cerevisiae_baker_s_yeast, Node1652*)",124,2.2044151602585562,2.3475971722292814,c1
"(Eukaryota_Opisthokonta_Nucletmycea_Fungi_Dikarya_Ascomycota_Saccharomycotina_Saccharomycetes_Saccharomycetales_Saccharomyces_cerevisiae_baker_s_yeast, Node1652*)",125,3.3477171110772046,2.3475971722292814,c1
"(Eukaryota_Opisthokonta_Nucletmycea_Fungi_Dikarya_Ascomycota_Saccharomycotina_Saccharomycetes_Saccharomycetales_Saccharomyces_cerevisiae_baker_s_yeast, Node1652*)",126,2.7332400761080265e-16,2.3475971722292814,c1
"(Eukaryota_Opisthokonta_Nucletmycea_Fungi_Dikarya_Ascomycota_Saccharomycotina_Saccharomycetes_Saccharomycetales_Saccharomyces_cerevisiae_baker_s_yeast, Node1652*)",127,3.3477171110772046,2.3475971722292814,c1
"(Eukaryota_Opisthokonta_Nucletmycea_Fungi_Dikarya_Ascomycota_Saccharomycotina_Saccharomycetes_Saccharomycetales_Saccharomyces_cerevisiae_baker_s_yeast, Node1652*)",129,3.3445848369966948e-16,2.3475971722292814,c1
"(Eukaryota_Opisthokonta_Nucletmycea_Fungi_Dikarya_Ascomycota_Saccharomycotina_Saccharomycetes_Saccharomycetales_Saccharomyces_cerevisiae_baker_s_yeast, Node1652*)",130,-2.5148065616932608e-16,2.3475971722292814,c1
"(Eukaryota_Opisthokonta_Nucletmycea_Fungi_Dikarya_Ascomycota_Saccharomycotina_Saccharomycetes_Saccharomycetales_Saccharomyces_cerevisiae_baker_s_yeast, Node1652*)",131,2.9762532674017042,2.3475971722292814,c1
"(Eukaryota_Opisthokonta_Nucletmycea_Fungi_Dikarya_Ascomycota_Saccharomycotina_Saccharomycetes_Saccharomycetales_Saccharomyces_cerevisiae_baker_s_yeast, Node1652*)",137,2.2044151602585562,2.3475971722292814,c1
"(Eukaryota_Opisthokonta_Nucletmycea_Fungi_Dikarya_Ascomycota_Saccharomycotina_Saccharomycetes_Saccharomycetales_Saccharomyces_cerevisiae_baker_s_yeast, Node1652*)",144,2.2044151602585562,2.3475971722292814,c1
"(Eukaryota_Opisthokonta_Nucletmycea_Fungi_Dikarya_Ascomycota_Saccharomycotina_Saccharomycetes_Saccharomycetales_Saccharomyces_cerevisiae_baker_s_yeast, Node1652*)",147,-2.3612823852106983e-16,2.3475971722292814,c1
"(Eukaryota_Opisthokonta_Nucletmycea_Fungi_Dikarya_Ascomycota_Saccharomycotina_Saccharomycetes_Saccharomycetales_Saccharomyces_cerevisiae_baker_s_yeast, Node1652*)",150,2.9188641275652499e-16,2.3475971722292814,c1
"(Eukaryota_Opisthokonta_Nucletmycea_Fungi_Dikarya_Ascomycota_Saccharomycotina_Saccharomycetes_Saccharomycetales_Saccharomyces_cerevisiae_baker_s_yeast, Node1652*)",170,2.9762532674017042,2.3475971722292814,c1
"(Eukaryota_Opisthokonta_Nucletmycea_Fungi_Dikarya_Ascomycota_Saccharomycotina_Saccharomycetes_Saccharomycetales_Saccharomyces_cerevisiae_baker_s_yeast, Node1652*)",172,2.9762532674017042,2.3475971722292814,c1
"(Eukaryota_Opisthokonta_Nucletmycea_Fungi_Dikarya_Ascomycota_Saccharomycotina_Saccharomycetes_Saccharomycetales_Saccharomyces_cerevisiae_baker_s_yeast, Node1652*)",180,-2.4008922043043911e-16,2.3475971722292814,c1
"(Eukaryota_Opisthokonta_Nucletmycea_Fungi_Dikarya_Ascomycota_Saccharomycotina_Saccharomycetes_Saccharomycetales_Saccharomyces_cerevisiae_baker_s_yeast, Node1652*)",181,2.9762532674017042,2.3475971722292814,c1
"(Eukaryota_Opisthokonta_Nucletmycea_Fungi_Dikarya_Ascomycota_Saccharomycotina_Saccharomycetes_Saccharomycetales_Saccharomyces_cerevisiae_baker_s_yeast, Node1652*)",182,2.9762532674017042,2.3475971722292814,c1
"(Eukaryota_Opisthokonta_Nucletmycea_Fungi_Dikarya_Ascomycota_Saccharomycotina_Saccharomycetes_Saccharomycetales_Saccharomyces_cerevisiae_baker_s_yeast, Node1652*)",183,1.8164638152840061e-16,2.3475971722292814,c1
"(Eukaryota_Opisthokonta_Nucletmycea_Fungi_Dikarya_Ascomycota_Saccharomycotina_Saccharomycetes_Saccharomycetales_Saccharomyces_cerevisiae_baker_s_yeast, Node1652*)",192,-2.0924807198149257e-16,2.3475971722292814,c1
"(Eukaryota_Opisthokonta_Nucletmycea_Fungi_Dikarya_Ascomycota_Saccharomycotina_Saccharomycetes_Saccharomycetales_Saccharomyces_cerevisiae_baker_s_yeast, Node1652*)",193,2.9762532674017042,2.3475971722292814,c1
"(Eukaryota_Opisthokonta_Nucletmycea_Fungi_Dikarya_Ascomycota_Saccharomycotina_Saccharomycetes_Saccharomycetales_Saccharomyces_cerevisiae_baker_s_yeast, Node1652*)",194,2.9762532674017042,2.3475971722292814,c1
"(Eukaryota_Opisthokonta_Nucletmycea_Fungi_Dikarya_Ascomycota_Saccharomycotina_Saccharomycetes_Saccharomycetales_Saccharomyces_cerevisiae_baker_s_yeast, Node1652*)",202,-2.5233744968123338e-16,2.3475971722292814,c1
"(Eukaryota_Opisthokonta_Nucletmycea_Fungi_Dikarya_Ascomycota_Saccharomycotina_Saccharomycetes_Saccharomycetales_Saccharomyces_cerevisiae_baker_s_yeast, Node1652*)",284,-2.3396668580277487e-16,2.3475971722292814,c1
"(Eukaryota_Opisthokonta_Nucletmycea_Fungi_Dikarya_Ascomycota_Saccharomycotina_Saccharomycetes_Saccharomycetales_Saccharomyces_cerevisiae_baker_s_yeast, Node1652*)",285,2.2044151602585562,2.3475971722292814,c1
"(Eukaryota_Opisthokonta_Nucletmycea_Fungi_Dikarya_Ascomycota_Saccharomycotina_Saccharomycetes_Saccharomycetales_Saccharomyces_cerevisiae_baker_s_yeast, Node1652*)",286,2.9762532674017042,2.3475971722292814,c1
"(Eukaryota_Opisthokonta_Nucletmycea_Fungi_Dikarya_Ascomycota_Saccharomycotina_Saccharomycetes_Saccharomycetales_Saccharomyces_cerevisiae_baker_s_yeast, Node1652*)",288,-2.3077490698456687e-16,2.3475971722292814,c1
"(Eukaryota_Opisthokonta_Nucletmycea_Fungi_Dikarya_Ascomycota_Saccharomycotina_Saccharomycetes_Saccharomycetales_Saccharomyces_cerevisiae_baker_s_yeast, Node1652*)",303,2.2044151602585562,2.3475971722292814,c1
"(Eukaryota_Opisthokonta_Nucletmycea_Fungi_Dikarya_Ascomycota_Saccharomycotina_Saccharomycetes_Saccharomycetales_Saccharomyces_cerevisiae_baker_s_yeast, Node1652*)",304,2.9762532674017042,2.3475971722292814,c1
"(Eukaryota_Opisthokonta_Nucletmycea_Fungi_Dikarya_Ascomycota_Saccharomycotina_Saccharomycetes_Saccharomycetales_Saccharomyces_cerevisiae_baker_s_yeast, Node1652*)",305,-2.3079566909097824e-16,2.3475971722292814,c1
"(Eukaryota_Opisthokonta_Nucletmycea_Fungi_Dikarya_Ascomycota_Saccharomycotina_Saccharomycetes_Saccharomycetales_Saccharomyces_cerevisiae_baker_s_yeast, Node1652*)",343,3.3595962413158805e-16,2.3475971722292814,c1
"(Eukaryota_Opisthokonta_Nucletmycea_Fungi_Dikarya_Ascomycota_Saccharomycotina_Saccharomycetes_Saccharomycetales_Saccharomyces_cerevisiae_baker_s_yeast, Node1652*)",344,3.3328854225241719e-16,2.3475971722292814,c1
"(Eukaryota_Opisthokonta_Nucletmycea_Fungi_Dikarya_Ascomycota_Saccharomycotina_Saccharomycetes_Saccharomycetales_Saccharomyces_cerevisiae_baker_s_yeast, Node1652*)",359,2.9762532674017042,2.3475971722292814,c1
"(Eukaryota_Opisthokonta_Nucletmycea_Fungi_Dikarya_Ascomycota_Saccharomycotina_Saccharomycetes_Saccharomycetales_Saccharomyces_cerevisiae_baker_s_yeast, Node1652*)",360,-3.9191092109827254e-17,2.3475971722292814,c1
"(Eukaryota_Opisthokonta_Nucletmycea_Fungi_Dikarya_Ascomycota_Saccharomycotina_Saccharomycetes_Saccharomycetales_Saccharomyces_cerevisiae_baker_s_yeast, Node1652*)",362,2.9762532674017042,2.3475971722292814,c1
"(Eukaryota_Opisthokonta_Nucletmycea_Fungi_Dikarya_Ascomycota_Saccharomycotina_Saccharomycetes_Saccharomycetales_Saccharomyces_cerevisiae_baker_s_yeast, Node1652*)",363,2.9762532674017042,2.3475971722292814,c1
"(Eukaryota_Opisthokonta_Nucletmycea_Fungi_Dikarya_Ascomycota_Saccharomycotina_Saccharomycetes_Saccharomycetales_Saccharomyces_cerevisiae_baker_s_yeast, Node1652*)",365,7.4872542479657417e-17,2.3475971722292814,c1
"(Eukaryota_Opisthokonta_Nucletmycea_Fungi_Dikarya_Ascomycota_Saccharomycotina_Saccharomycetes_Saccharomycetales_Saccharomyces_cerevisiae_baker_s_yeast, Node1652*)",369,2.2044151602585562,2.3475971722292814,c1
"(Eukaryota_Opisthokonta_Nucletmycea_Fungi_Dikarya_Ascomycota_Saccharomycotina_Saccharomycetes_Saccharomycetales_Saccharomyces_cerevisiae_baker_s_yeast, Node1652*)",372,2.2044151602585562,2.3475971722292814,c1
"(Eukaryota_Opisthokonta_Nucletmycea_Fungi_Dikarya_Ascomycota_Saccharomycotina_Saccharomycetes_Saccharomycetales_Saccharomyces_cerevisiae_baker_s_yeast, Node1652*)",373,2.2044151602585562,2.3475971722292814,c1
"(Eukaryota_Opisthokonta_Nucletmycea_Fungi_Dikarya_Ascomycota_Saccharomycotina_Saccharomycetes_Saccharomycetales_Saccharomyces_cerevisiae_baker_s_yeast, Node1652*)",379,-2.4101660332939661e-16,2.3475971722292814,c1
"(Eukaryota_Opisthokonta_Nucletmycea_Fungi_Dikarya_Ascomycota_Saccharomycotina_Saccharomycetes_Saccharomycetales_Saccharomyces_cerevisiae_baker_s_yeast, Node1652*)",380,2.9762532674017042,2.3475971722292814,c1
"(Eukaryota_Opisthokonta_Nucletmycea_Fungi_Dikarya_Ascomycota_Saccharomycotina_Saccharomycetes_Saccharomycetales_Saccharomyces_cerevisiae_baker_s_yeast, Node1652*)",384,2.2044151602585562,2.3475971722292814,c1
"(Eukaryota_Opisthokonta_Nucletmycea_Fungi_Dikarya_Ascomycota_Saccharomycotina_Saccharomycetes_Saccharomycetales_Saccharomyces_cerevisiae_baker_s_yeast, Node1652*)",388,2.9762532674017042,2.3475971722292814,c1
"(Eukaryota_Opisthokonta_Nucletmycea_Fungi_Dikarya_Ascomycota_Saccharomycotina_Saccharomycetes_Saccharomycetales_Saccharomyces_cerevisiae_baker_s_yeast, Node1652*)",389,3.3477171110772046,2.3475971722292814,c1
"(Eukaryota_Opisthokonta_Nucletmycea_Fungi_Dikarya_Ascomycota_Saccharomycotina_Saccharomycetes_Saccharomycetales_Saccharomyces_cerevisiae_baker_s_yeast, Node1652*)",390,3.3477171110772046,2.3475971722292814,c1
"(Eukaryota_Opisthokonta_Nucletmycea_Fungi_Dikarya_Ascomycota_Saccharomycotina_Saccharomycetes_Saccharomycetales_Saccharomyces_cerevisiae_baker_s_yeast, Node1652*)",393,2.2044151602585562,2.3475971722292814,c1
"(Eukaryota_Opisthokonta_Nucletmycea_Fungi_Dikarya_Ascomycota_Saccharomycotina_Saccharomycetes_Saccharomycetales_Saccharomyces_cerevisiae_baker_s_yeast, Node1652*)",395,-2.3658019286695946e-16,2.3475971722292814,c1
"(Eukaryota_Opisthokonta_Nucletmycea_Fungi_Dikarya_Ascomycota_Saccharomycotina_Saccharomycetes_Saccharomycetales_Saccharomyces_cerevisiae_baker_s_yeast, Node1652*)",400,2.9762532674017042,2.3475971722292814,c1
"(Eukaryota_Opisthokonta_Nucletmycea_Fungi_Dikarya_Ascomycota_Saccharomycotina_Saccharomycetes_Saccharomycetales_Saccharomyces_cerevisiae_baker_s_yeast, Node1652*)",405,-2.2651328418539113e-16,2.3475971722292814,c1
"(Eukaryota_Opisthokonta_Nucletmycea_Fungi_Dikarya_Ascomycota_Saccharomycotina_Saccharomycetes_Saccharomycetales_Saccharomyces_cerevisiae_baker_s_yeast, Node1652*)",407,2.9762532674017042,2.3475971722292814,c1
"(Eukaryota_Opisthokonta_Nucletmycea_Fungi_Dikarya_Ascomycota_Saccharomycotina_Saccharomycetes_Saccharomycetales_Saccharomyces_cerevisiae_baker_s_yeast, Node1652*)",411,2.2044151602585562,2.3475971722292814,c1
"(Eukaryota_Opisthokonta_Nucletmycea_Fungi_Dikarya_Ascomycota_Saccharomycotina_Saccharomycetes_Saccharomycetales_Saccharomyces_cerevisiae_baker_s_yeast, Node1652*)",415,-1.3488905216493703e-16,2.3475971722292814,c1
"(Eukaryota_Opisthokonta_Nucletmycea_Fungi_Dikarya_Ascomycota_Saccharomycotina_Saccharomycetes_Saccharomycetales_Saccharomyces_cerevisiae_baker_s_yeast, Node1652*)",417,2.9762532674017042,2.3475971722292814,c1
"(Eukaryota_Opisthokonta_Nucletmycea_Fungi_Dikarya_Ascomycota_Saccharomycotina_Saccharomycetes_Saccharomycetales_Saccharomyces_cerevisiae_baker_s_yeast, Node1652*)",418,2.2044151602585562,2.3475971722292814,c1
"(Eukaryota_Opisthokonta_Nucletmycea_Fungi_Dikarya_Ascomycota_Saccharomycotina_Saccharomycetes_Saccharomycetales_Saccharomyces_cerevisiae_baker_s_yeast, Node1652*)",419,2.2044151602585562,2.3475971722292814,c1
"(Eukaryota_Opisthokonta_Nucletmycea_Fungi_Dikarya_Ascomycota_Saccharomycotina_Saccharomycetes_Saccharomycetales_Saccharomyces_cerevisiae_baker_s_yeast, Node1652*)",420,2.2044151602585562,2.3475971722292814,c1
"(Eukaryota_Opisthokonta_Nucletmycea_Fungi_Dikarya_Ascomycota_Saccharomycotina_Saccharomycetes_Saccharomycetales_Saccharomyces_cerevisiae_baker_s_yeast, Node1652*)",427,-2.3873806512834433e-16,2.3475971722292814,c1
"(Eukaryota_Opisthokonta_Nucletmycea_Fungi_Dikarya_Ascomycota_Saccharomycotina_Saccharomycetes_Saccharomycetales_Saccharomyces_cerevisiae_baker_s_yeast, Node1652*)",431,2.2044151602585562,2.3475971722292814,c1
"(Eukaryota_Opisthokonta_Nucletmycea_Fungi_Dikarya_Ascomycota_Saccharomycotina_Saccharomycetes_Saccharomycetales_Saccharomyces_cerevisiae_baker_s_yeast, Node1652*)",432,2.9762532674017042,2.3475971722292814,c1
"(Eukaryota_Opisthokonta_Nucletmycea_Fungi_Dikarya_Ascomycota_Saccharomycotina_Saccharomycetes_Saccharomycetales_Saccharomyces_cerevisiae_baker_s_yeast, Node1652*)",433,2.2044151602585562,2.3475971722292814,c1
"(Eukaryota_Opisthokonta_Nucletmycea_Fungi_Dikarya_Ascomycota_Saccharomycotina_Saccharomycetes_Saccharomycetales_Saccharomyces_cerevisiae_baker_s_yeast, Node1652*)",434,2.9762532674017042,2.3475971722292814,c1
"(Eukaryota_Opisthokonta_Nucletmycea_Fungi_Dikarya_Ascomycota_Saccharomycotina_Saccharomycetes_Saccharomycetales_Saccharomyces_cerevisiae_baker_s_yeast, Node1652*)",437,2.2044151602585562,2.3475971722292814,c1
"(Eukaryota_Opisthokonta_Nucletmycea_Fungi_Dikarya_Ascomycota_Saccharomycotina_Saccharomycetes_Saccharomycetales_Saccharomyces_cerevisiae_baker_s_yeast, Node1652*)",440,3.3477171110772046,2.3475971722292814,c1
"(Eukaryota_Opisthokonta_Nucletmycea_Fungi_Dikarya_Ascomycota_Saccharomycotina_Saccharomycetes_Saccharomycetales_Saccharomyces_cerevisiae_baker_s_yeast, Node1652*)",441,3.3477171110772046,2.3475971722292814,c1
"(Eukaryota_Opisthokonta_Nucletmycea_Fungi_Dikarya_Ascomycota_Saccharomycotina_Saccharomycetes_Saccharomycetales_Saccharomyces_cerevisiae_baker_s_yeast, Node1652*)",442,3.6867310652174559e-28,2.3475971722292814,c1
"(Eukaryota_Opisthokonta_Nucletmycea_Fungi_Dikarya_Ascomycota_Saccharomycotina_Saccharomycetes_Saccharomycetales_Saccharomyces_cerevisiae_baker_s_yeast, Node1652*)",443,2.2044151602585562,2.3475971722292814,c1
"(Eukaryota_Opisthokonta_Nucletmycea_Fungi_Dikarya_Ascomycota_Saccharomycotina_Saccharomycetes_Saccharomycetales_Saccharomyces_cerevisiae_baker_s_yeast, Node1652*)",444,2.9762532674017042,2.3475971722292814,c1
"(Eukaryota_Opisthokonta_Nucletmycea_Fungi_Dikarya_Ascomycota_Saccharomycotina_Saccharomycetes_Saccharomycetales_Saccharomyces_cerevisiae_baker_s_yeast, Node1652*)",445,2.2044151602585562,2.3475971722292814,c1
"(Eukaryota_Opisthokonta_Nucletmycea_Fungi_Dikarya_Ascomycota_Saccharomycotina_Saccharomycetes_Saccharomycetales_Saccharomyces_cerevisiae_baker_s_yeast, Node1652*)",446,2.9762532674017042,2.3475971722292814,c1
"(Eukaryota_Opisthokonta_Nucletmycea_Fungi_Dikarya_Ascomycota_Saccharomycotina_Saccharomycetes_Saccharomycetales_Saccharomyces_cerevisiae_baker_s_yeast, Node1652*)",448,2.9762532674017042,2.3475971722292814,c1
"(Eukaryota_Opisthokonta_Nucletmycea_Fungi_Dikarya_Ascomycota_Saccharomycotina_Saccharomycetes_Saccharomycetales_Saccharomyces_cerevisiae_baker_s_yeast, Node1652*)",449,3.3477171110772046,2.3475971722292814,c1
"(Eukaryota_Opisthokonta_Nucletmycea_Fungi_Dikarya_Ascomycota_Saccharomycotina_Saccharomycetes_Saccharomycetales_Saccharomyces_cerevisiae_baker_s_yeast, Node1652*)",450,2.2044151602585562,2.3475971722292814,c1
"(Eukaryota_Opisthokonta_Nucletmycea_Fungi_Dikarya_Ascomycota_Saccharomycotina_Saccharomycetes_Saccharomycetales_Saccharomyces_cerevisiae_baker_s_yeast, Node1652*)",451,2.2044151602585562,2.3475971722292814,c1
"(Eukaryota_Opisthokonta_Nucletmycea_Fungi_Dikarya_Ascomycota_Saccharomycotina_Saccharomycetes_Saccharomycetales_Saccharomyces_cerevisiae_baker_s_yeast, Node1652*)",454,2.9762532674017042,2.3475971722292814,c1
"(Eukaryota_Opisthokonta_Nucletmycea_Fungi_Dikarya_Ascomycota_Saccharomycotina_Saccharomycetes_Saccharomycetales_Saccharomyces_cerevisiae_baker_s_yeast, Node1652*)",457,2.9762532674017042,2.3475971722292814,c1
"(Eukaryota_Opisthokonta_Nucletmycea_Fungi_Dikarya_Ascomycota_Saccharomycotina_Saccharomycetes_Saccharomycetales_Saccharomyces_cerevisiae_baker_s_yeast, Node1652*)",458,3.3477171110772046,2.3475971722292814,c1
"(Eukaryota_Opisthokonta_Nucletmycea_Fungi_Dikarya_Ascomycota_Saccharomycotina_Saccharomycetes_Saccharomycetales_Saccharomyces_cerevisiae_baker_s_yeast, Node1652*)",459,2.9762532674017042,2.3475971722292814,c1
"(Eukaryota_Opisthokonta_Nucletmycea_Fungi_Dikarya_Ascomycota_Saccharomycotina_Saccharomycetes_Saccharomycetales_Saccharomyces_cerevisiae_baker_s_yeast, Node1652*)",460,3.3284266008784288e-16,2.3475971722292814,c1
"(Eukaryota_Opisthokonta_Nucletmycea_Fungi_Dikarya_Ascomycota_Saccharomycotina_Saccharomycetes_Saccharomycetales_Saccharomyces_cerevisiae_baker_s_yeast, Node1652*)",461,3.3477171110772046,2.3475971722292814,c1
"(Eukaryota_Opisthokonta_Nucletmycea_Fungi_Dikarya_Ascomycota_Saccharomycotina_Saccharomycetes_Saccharomycetales_Saccharomyces_cerevisiae_baker_s_yeast, Node1652*)",462,3.3477171110772046,2.3475971722292814,c1
"(Eukaryota_Opisthokonta_Nucletmycea_Fungi_Dikarya_Ascomycota_Saccharomycotina_Saccharomycetes_Saccharomycetales_Saccharomyces_cerevisiae_baker_s_yeast, Node1652*)",463,2.9762532674017042,2.3475971722292814,c1
"(Eukaryota_Opisthokonta_Nucletmycea_Fungi_Dikarya_Ascomycota_Saccharomycotina_Saccharomycetes_Saccharomycetales_Saccharomyces_cerevisiae_baker_s_yeast, Node1652*)",464,2.9762532674017042,2.3475971722292814,c1
"(Eukaryota_Opisthokonta_Nucletmycea_Fungi_Dikarya_Ascomycota_Saccharomycotina_Saccharomycetes_Saccharomycetales_Saccharomyces_cerevisiae_baker_s_yeast, Node1652*)",465,2.2044151602585562,2.3475971722292814,c1
"(Eukaryota_Opisthokonta_Nucletmycea_Fungi_Dikarya_Ascomycota_Saccharomycotina_Saccharomycetes_Saccharomycetales_Saccharomyces_cerevisiae_baker_s_yeast, Node1652*)",466,2.2044151602585562,2.3475971722292814,c1
"(Eukaryota_Opisthokonta_Nucletmycea_Fungi_Dikarya_Ascomycota_Saccharomycotina_Saccharomycetes_Saccharomycetales_Saccharomyces_cerevisiae_baker_s_yeast, Node1652*)",467,2.9762532674017042,2.3475971722292814,c1
"(Eukaryota_Opisthokonta_Nucletmycea_Fungi_Dikarya_Ascomycota_Saccharomycotina_Saccharomycetes_Saccharomycetales_Saccharomyces_cerevisiae_baker_s_yeast, Node1652*)",469,2.2044151602585562,2.3475971722292814,c1
"(Eukaryota_Opisthokonta_Nucletmycea_Fungi_Dikarya_Ascomycota_Saccharomycotina_Saccharomycetes_Saccharomycetales_Saccharomyces_cerevisiae_baker_s_yeast, Node1652*)",470,2.2044151602585562,2.3475971722292814,c1
"(Eukaryota_Opisthokonta_Nucletmycea_Fungi_Dikarya_Ascomycota_Saccharomycotina_Saccharomycetes_Saccharomycetales_Saccharomyces_cerevisiae_baker_s_yeast, Node1652*)",471,3.3477171110772046,2.3475971722292814,c1
"(Eukaryota_Opisthokonta_Nucletmycea_Fungi_Dikarya_Ascomycota_Saccharomycotina_Saccharomycetes_Saccharomycetales_Saccharomyces_cerevisiae_baker_s_yeast, Node1652*)",472,2.9762532674017042,2.3475971722292814,c1
"(Eukaryota_Opisthokonta_Nucletmycea_Fungi_Dikarya_Ascomycota_Saccharomycotina_Saccharomycetes_Saccharomycetales_Saccharomyces_cerevisiae_baker_s_yeast, Node1652*)",473,2.2044151602585562,2.3475971722292814,c1
"(Eukaryota_Opisthokonta_Nucletmycea_Fungi_Dikarya_Ascomycota_Saccharomycotina_Saccharomycetes_Saccharomycetales_Saccharomyces_cerevisiae_baker_s_yeast, Node1652*)",474,3.3477171110772046,2.3475971722292814,c1
"(Eukaryota_Opisthokonta_Nucletmycea_Fungi_Dikarya_Ascomycota_Saccharomycotina_Saccharomycetes_Saccharomycetales_Saccharomyces_cerevisiae_baker_s_yeast, Node1652*)",475,2.9762532674017042,2.3475971722292814,c1
"(Eukaryota_Opisthokonta_Nucletmycea_Fungi_Dikarya_Ascomycota_Saccharomycotina_Saccharomycetes_Saccharomycetales_Saccharomyces_cerevisiae_baker_s_yeast, Node1652*)",476,2.2044151602585562,2.3475971722292814,c1
"(Eukaryota_Opisthokonta_Nucletmycea_Fungi_Dikarya_Ascomycota_Saccharomycotina_Saccharomycetes_Saccharomycetales_Saccharomyces_cerevisiae_baker_s_yeast, Node1652*)",477,2.2044151602585562,2.3475971722292814,c1
"(Eukaryota_Opisthokonta_Nucletmycea_Fungi_Dikarya_Ascomycota_Saccharomycotina_Saccharomycetes_Saccharomycetales_Saccharomyces_cerevisiae_baker_s_yeast, Node1652*)",480,3.3477171110772046,2.3475971722292814,c1
"(Eukaryota_Opisthokonta_Nucletmycea_Fungi_Dikarya_Ascomycota_Saccharomycotina_Saccharomycetes_Saccharomycetales_Saccharomyces_cerevisiae_baker_s_yeast, Node1652*)",481,2.2044151602585562,2.3475971722292814,c1
"(Eukaryota_Opisthokonta_Nucletmycea_Fungi_Dikarya_Ascomycota_Saccharomycotina_Saccharomycetes_Saccharomycetales_Saccharomyces_cerevisiae_baker_s_yeast, Node1652*)",482,3.3477171110772046,2.3475971722292814,c1
"(Eukaryota_Opisthokonta_Nucletmycea_Fungi_Dikarya_Ascomycota_Saccharomycotina_Saccharomycetes_Saccharomycetales_Saccharomyces_cerevisiae_baker_s_yeast, Node1652*)",483,2.9762532674017042,2.3475971722292814,c1
"(Eukaryota_Opisthokonta_Nucletmycea_Fungi_Dikarya_Ascomycota_Saccharomycotina_Saccharomycetes_Saccharomycetales_Saccharomyces_cerevisiae_baker_s_yeast, Node1652*)",484,2.9762532674017042,2.3475971722292814,c1
"(Eukaryota_Opisthokonta_Nucletmycea_Fungi_Dikarya_Ascomycota_Saccharomycotina_Saccharomycetes_Saccharomycetales_Saccharomyces_cerevisiae_baker_s_yeast, Node1652*)",486,-2.3672786141865673e-16,2.3475971722292814,c1
"(Eukaryota_Opisthokonta_Nucletmycea_Fungi_Dikarya_Ascomycota_Saccharomycotina_Saccharomycetes_Saccharomycetales_Saccharomyces_cerevisiae_baker_s_yeast, Node1652*)",487,3.2563695521969959e-16,2.3475971722292814,c1
"(Eukaryota_Opisthokonta_Nucletmycea_Fungi_Dikarya_Ascomycota_Saccharomycotina_Saccharomycetes_Saccharomycetales_Saccharomyces_cerevisiae_baker_s_yeast, Node1652*)",491,3.3477171110772046,2.3475971722292814,c1
"(Eukaryota_Opisthokonta_Nucletmycea_Fungi_Dikarya_Ascomycota_Saccharomycotina_Saccharomycetes_Saccharomycetales_Saccharomyces_cerevisiae_baker_s_yeast, Node1652*)",492,2.9762532674017042,2.3475971722292814,c1
"(Eukaryota_Opisthokonta_Nucletmycea_Fungi_Dikarya_Ascomycota_Saccharomycotina_Saccharomycetes_Saccharomycetales_Saccharomyces_cerevisiae_baker_s_yeast, Node1652*)",493,2.9762532674017042,2.3475971722292814,c1
"(Eukaryota_Opisthokonta_Nucletmycea_Fungi_Dikarya_Ascomycota_Saccharomycotina_Saccharomycetes_Saccharomycetales_Saccharomyces_cerevisiae_baker_s_yeast, Node1652*)",494,-1.9966285512483934e-16,2.3475971722292814,c1
"(Eukaryota_Opisthokonta_Nucletmycea_Fungi_Dikarya_Ascomycota_Saccharomycotina_Saccharomycetes_Saccharomycetales_Saccharomyces_cerevisiae_baker_s_yeast, Node1652*)",495,3.3477171110772046,2.3475971722292814,c1
"(Eukaryota_Opisthokonta_Nucletmycea_Fungi_Dikarya_Ascomycota_Saccharomycotina_Saccharomycetes_Saccharomycetales_Saccharomyces_cerevisiae_baker_s_yeast, Node1652*)",499,2.9762532674017042,2.3475971722292814,c1
"(Eukaryota_Opisthokonta_Nucletmycea_Fungi_Dikarya_Ascomycota_Saccharomycotina_Saccharomycetes_Saccharomycetales_Saccharomyces_cerevisiae_baker_s_yeast, Node1652*)",502,3.2631294362981106e-16,2.3475971722292814,c1
"(Eukaryota_Opisthokonta_Nucletmycea_Fungi_Dikarya_Ascomycota_Saccharomycotina_Saccharomycetes_Saccharomycetales_Saccharomyces_cerevisiae_baker_s_yeast, Node1652*)",506,2.2044151602585562,2.3475971722292814,c1
"(Eukaryota_Opisthokonta_Nucletmycea_Fungi_Dikarya_Ascomycota_Saccharomycotina_Saccharomycetes_Saccharomycetales_Saccharomyces_cerevisiae_baker_s_yeast, Node1652*)",507,2.2044151602585562,2.3475971722292814,c1
"(Eukaryota_Opisthokonta_Nucletmycea_Fungi_Dikarya_Ascomycota_Saccharomycotina_Saccharomycetes_Saccharomycetales_Saccharomyces_cerevisiae_baker_s_yeast, Node1652*)",508,2.9762532674017042,2.3475971722292814,c1
"(Eukaryota_Opisthokonta_Nucletmycea_Fungi_Dikarya_Ascomycota_Saccharomycotina_Saccharomycetes_Saccharomycetales_Saccharomyces_cerevisiae_baker_s_yeast, Node1652*)",512,2.9762532674017042,2.3475971722292814,c1
"(Eukaryota_Opisthokonta_Nucletmycea_Fungi_Dikarya_Ascomycota_Saccharomycotina_Saccharomycetes_Saccharomycetales_Saccharomyces_cerevisiae_baker_s_yeast, Node1652*)",513,2.2044151602585562,2.3475971722292814,c1
"(Eukaryota_Opisthokonta_Nucletmycea_Fungi_Dikarya_Ascomycota_Saccharomycotina_Saccharomycetes_Saccharomycetales_Saccharomyces_cerevisiae_baker_s_yeast, Node1652*)",514,-2.3516821141444886e-16,2.3475971722292814,c1
"(Eukaryota_Opisthokonta_Nucletmycea_Fungi_Dikarya_Ascomycota_Saccharomycotina_Saccharomycetes_Saccharomycetales_Saccharomyces_cerevisiae_baker_s_yeast, Node1652*)",516,2.9762532674017042,2.3475971722292814,c1
"(Eukaryota_Opisthokonta_Nucletmycea_Fungi_Dikarya_Ascomycota_Saccharomycotina_Saccharomycetes_Saccharomycetales_Saccharomyces_cerevisiae_baker_s_yeast, Node1652*)",521,2.9762532674017042,2.3475971722292814,c1
"(Eukaryota_Opisthokonta_Nucletmycea_Fungi_Dikarya_Ascomycota_Saccharomycotina_Saccharomycetes_Saccharomycetales_Saccharomyces_cerevisiae_baker_s_yeast, Node1652*)",523,2.9762532674017042,2.3475971722292814,c1
"(Eukaryota_Opisthokonta_Nucletmycea_Fungi_Dikarya_Ascomycota_Saccharomycotina_Saccharomycetes_Saccharomycetales_Saccharomyces_cerevisiae_baker_s_yeast, Node1652*)",524,-2.0216566198667818e-16,2.3475971722292814,c1
"(Eukaryota_Opisthokonta_Nucletmycea_Fungi_Dikarya_Ascomycota_Saccharomycotina_Saccharomycetes_Saccharomycetales_Saccharomyces_cerevisiae_baker_s_yeast, Node1652*)",525,2.9498076940917545e-16,2.3475971722292814,c1
"(Eukaryota_Opisthokonta_Nucletmycea_Fungi_Dikarya_Ascomycota_Saccharomycotina_Saccharomycetes_Saccharomycetales_Saccharomyces_cerevisiae_baker_s_yeast, Node1652*)",526,2.9762532674017042,2.3475971722292814,c1
"(Eukaryota_Opisthokonta_Nucletmycea_Fungi_Dikarya_Ascomycota_Saccharomycotina_Saccharomycetes_Saccharomycetales_Saccharomyces_cerevisiae_baker_s_yeast, Node1652*)",527,2.9762532674017042,2.3475971722292814,c1
"(Eukaryota_Opisthokonta_Nucletmycea_Fungi_Dikarya_Ascomycota_Saccharomycotina_Saccharomycetes_Saccharomycetales_Saccharomyces_cerevisiae_baker_s_yeast, Node1652*)",532,2.9762532674017042,2.3475971722292814,c1
"(Eukaryota_Opisthokonta_Nucletmycea_Fungi_Dikarya_Ascomycota_Saccharomycotina_Saccharomycetes_Saccharomycetales_Saccharomyces_cerevisiae_baker_s_yeast, Node1652*)",534,3.3477171110772046,2.3475971722292814,c1
"(Eukaryota_Opisthokonta_Nucletmycea_Fungi_Dikarya_Ascomycota_Saccharomycotina_Saccharomycetes_Saccharomycetales_Saccharomyces_cerevisiae_baker_s_yeast, Node1652*)",536,2.2044151602585562,2.3475971722292814,c1
"(Eukaryota_Opisthokonta_Nucletmycea_Fungi_Dikarya_Ascomycota_Saccharomycotina_Saccharomycetes_Saccharomycetales_Saccharomyces_cerevisiae_baker_s_yeast, Node1652*)",552,-2.3933202135482262e-16,2.3475971722292814,c1
"(Eukaryota_Opisthokonta_Nucletmycea_Fungi_Dikarya_Ascomycota_Saccharomycotina_Saccharomycetes_Saccharomycetales_Saccharomyces_cerevisiae_baker_s_yeast, Node1652*)",554,2.2044151602585562,2.3475971722292814,c1
"(Eukaryota_Opisthokonta_Nucletmycea_Fungi_Dikarya_Ascomycota_Saccharomycotina_Saccharomycetes_Saccharomycetales_Saccharomyces_cerevisiae_baker_s_yeast, Node1652*)",557,2.9762532674017042,2.3475971722292814,c1
"(Eukaryota_Opisthokonta_Nucletmycea_Fungi_Dikarya_Ascomycota_Saccharomycotina_Saccharomycetes_Saccharomycetales_Saccharomyces_cerevisiae_baker_s_yeast, Node1652*)",561,2.2044151602585562,2.3475971722292814,c1
"(Eukaryota_Opisthokonta_Nucletmycea_Fungi_Dikarya_Ascomycota_Saccharomycotina_Saccharomycetes_Saccharomycetales_Saccharomyces_cerevisiae_baker_s_yeast, Node1652*)",562,2.9762532674017042,2.3475971722292814,c1
"(Eukaryota_Opisthokonta_Nucletmycea_Fungi_Dikarya_Ascomycota_Saccharomycotina_Saccharomycetes_Saccharomycetales_Saccharomyces_cerevisiae_baker_s_yeast, Node1652*)",563,2.9762532674017042,2.3475971722292814,c1
"(Eukaryota_Opisthokonta_Nucletmycea_Fungi_Dikarya_Ascomycota_Saccharomycotina_Saccharomycetes_Saccharomycetales_Saccharomyces_cerevisiae_baker_s_yeast, Node1652*)",565,2.2044151602585562,2.3475971722292814,c1
"(Eukaryota_Opisthokonta_Nucletmycea_Fungi_Dikarya_Ascomycota_Saccharomycotina_Saccharomycetes_Saccharomycetales_Saccharomyces_cerevisiae_baker_s_yeast, Node1652*)",577,-6.6469147139560717e-17,2.3475971722292814,c1
"(Eukaryota_Opisthokonta_Nucletmycea_Fungi_Dikarya_Ascomycota_Saccharomycotina_Saccharomycetes_Saccharomycetales_Saccharomyces_cerevisiae_baker_s_yeast, Node1652*)",608,-1.9171975531979162e-16,2.3475971722292814,c1
"(Eukaryota_Opisthokonta_Nucletmycea_Fungi_Dikarya_Ascomycota_Saccharomycotina_Saccharomycetes_Saccharomycetales_Saccharomyces_cerevisiae_baker_s_yeast, Node1652*)",609,2.586067326284109e-16,2.3475971722292814,c1
"(Eukaryota_Opisthokonta_Nucletmycea_Fungi_Dikarya_Ascomycota_Saccharomycotina_Saccharomycetes_Saccharomycetales_Saccharomyces_cerevisiae_baker_s_yeast, Node1652*)",613,3.3477171110772046,2.3475971722292814,c1
"(Eukaryota_Opisthokonta_Nucletmycea_Fungi_Dikarya_Ascomycota_Saccharomycotina_Saccharomycetes_Saccharomycetales_Saccharomyces_cerevisiae_baker_s_yeast, Node1652*)",623,2.9762532674017042,2.3475971722292814,c1
"(Eukaryota_Opisthokonta_Nucletmycea_Fungi_Dikarya_Ascomycota_Saccharomycotina_Saccharomycetes_Saccharomycetales_Saccharomyces_cerevisiae_baker_s_yeast, Node1652*)",627,2.9762532674017042,2.3475971722292814,c1
"(Eukaryota_Opisthokonta_Nucletmycea_Fungi_Dikarya_Ascomycota_Saccharomycotina_Saccharomycetes_Saccharomycetales_Saccharomyces_cerevisiae_baker_s_yeast, Node1652*)",628,-2.4102929034743251e-16,2.3475971722292814,c1
"(Eukaryota_Opisthokonta_Nucletmycea_Fungi_Dikarya_Ascomycota_Saccharomycotina_Saccharomycetes_Saccharomycetales_Saccharomyces_cerevisiae_baker_s_yeast, Node1652*)",633,-1.9661752114367166e-16,2.3475971722292814,c1
"(Eukaryota_Opisthokonta_Nucletmycea_Fungi_Dikarya_Ascomycota_Saccharomycotina_Saccharomycetes_Saccharomycetales_Saccharomyces_cerevisiae_baker_s_yeast, Node1652*)",634,2.2044151602585562,2.3475971722292814,c1
"(Eukaryota_Opisthokonta_Nucletmycea_Fungi_Dikarya_Ascomycota_Saccharomycotina_Saccharomycetes_Saccharomycetales_Saccharomyces_cerevisiae_baker_s_yeast, Node1652*)",635,2.2044151602585562,2.3475971722292814,c1
"(Eukaryota_Opisthokonta_Nucletmycea_Fungi_Dikarya_Ascomycota_Saccharomycotina_Saccharomycetes_Saccharomycetales_Saccharomyces_cerevisiae_baker_s_yeast, Node1652*)",637,3.3477171110772046,2.3475971722292814,c1
"(Eukaryota_Opisthokonta_Nucletmycea_Fungi_Dikarya_Ascomycota_Saccharomycotina_Saccharomycetes_Saccharomycetales_Saccharomyces_cerevisiae_baker_s_yeast, Node1652*)",639,2.9762532674017042,2.3475971722292814,c1
"(Eukaryota_Opisthokonta_Nucletmycea_Fungi_Dikarya_Ascomycota_Saccharomycotina_Saccharomycetes_Saccharomycetales_Saccharomyces_cerevisiae_baker_s_yeast, Node1652*)",640,2.9762532674017042,2.3475971722292814,c1
"(Eukaryota_Opisthokonta_Nucletmycea_Fungi_Dikarya_Ascomycota_Saccharomycotina_Saccharomycetes_Saccharomycetales_Saccharomyces_cerevisiae_baker_s_yeast, Node1652*)",643,3.3477171110772046,2.3475971722292814,c1
"(Eukaryota_Opisthokonta_Nucletmycea_Fungi_Dikarya_Ascomycota_Saccharomycotina_Saccharomycetes_Saccharomycetales_Saccharomyces_cerevisiae_baker_s_yeast, Node1652*)",646,2.2044151602585562,2.3475971722292814,c1
"(Eukaryota_Opisthokonta_Nucletmycea_Fungi_Dikarya_Ascomycota_Saccharomycotina_Saccharomycetes_Saccharomycetales_Saccharomyces_cerevisiae_baker_s_yeast, Node1652*)",647,2.8069768659519673e-16,2.3475971722292814,c1
"(Eukaryota_Opisthokonta_Nucletmycea_Fungi_Dikarya_Ascomycota_Saccharomycotina_Saccharomycetes_Saccharomycetales_Saccharomyces_cerevisiae_baker_s_yeast, Node1652*)",648,2.2044151602585562,2.3475971722292814,c1
"(Eukaryota_Opisthokonta_Nucletmycea_Fungi_Dikarya_Ascomycota_Saccharomycotina_Saccharomycetes_Saccharomycetales_Saccharomyces_cerevisiae_baker_s_yeast, Node1652*)",649,3.3477171110772046,2.3475971722292814,c1
"(Eukaryota_Opisthokonta_Nucletmycea_Fungi_Dikarya_Ascomycota_Saccharomycotina_Saccharomycetes_Saccharomycetales_Saccharomyces_cerevisiae_baker_s_yeast, Node1652*)",650,3.3477171110772046,2.3475971722292814,c1
"(Eukaryota_Opisthokonta_Nucletmycea_Fungi_Dikarya_Ascomycota_Saccharomycotina_Saccharomycetes_Saccharomycetales_Saccharomyces_cerevisiae_baker_s_yeast, Node1652*)",651,2.9762532674017042,2.3475971722292814,c1
"(Eukaryota_Opisthokonta_Nucletmycea_Fungi_Dikarya_Ascomycota_Saccharomycotina_Saccharomycetes_Saccharomycetales_Saccharomyces_cerevisiae_baker_s_yeast, Node1652*)",652,2.2044151602585562,2.3475971722292814,c1
"(Eukaryota_Opisthokonta_Nucletmycea_Fungi_Dikarya_Ascomycota_Saccharomycotina_Saccharomycetes_Saccharomycetales_Saccharomyces_cerevisiae_baker_s_yeast, Node1652*)",653,3.3477171110772046,2.3475971722292814,c1
"(Eukaryota_Opisthokonta_Nucletmycea_Fungi_Dikarya_Ascomycota_Saccharomycotina_Saccharomycetes_Saccharomycetales_Saccharomyces_cerevisiae_baker_s_yeast, Node1652*)",654,2.9762532674017042,2.3475971722292814,c1
"(Eukaryota_Opisthokonta_Nucletmycea_Fungi_Dikarya_Ascomycota_Saccharomycotina_Saccharomycetes_Saccharomycetales_Saccharomyces_cerevisiae_baker_s_yeast, Node1652*)",655,2.2044151602585562,2.3475971722292814,c1
"(Eukaryota_Opisthokonta_Nucletmycea_Fungi_Dikarya_Ascomycota_Saccharomycotina_Saccharomycetes_Saccharomycetales_Saccharomyces_cerevisiae_baker_s_yeast, Node1652*)",656,3.3477171110772046,2.3475971722292814,c1
"(Eukaryota_Opisthokonta_Nucletmycea_Fungi_Dikarya_Ascomycota_Saccharomycotina_Saccharomycetes_Saccharomycetales_Saccharomyces_cerevisiae_baker_s_yeast, Node1652*)",657,3.3477171110772046,2.3475971722292814,c1
"(Eukaryota_Opisthokonta_Nucletmycea_Fungi_Dikarya_Ascomycota_Saccharomycotina_Saccharomycetes_Saccharomycetales_Saccharomyces_cerevisiae_baker_s_yeast, Node1652*)",658,2.2044151602585562,2.3475971722292814,c1
"(Eukaryota_Opisthokonta_Nucletmycea_Fungi_Dikarya_Ascomycota_Saccharomycotina_Saccharomycetes_Saccharomycetales_Saccharomyces_cerevisiae_baker_s_yeast, Node1652*)",659,3.3477171110772046,2.3475971722292814,c1
"(Eukaryota_Opisthokonta_Nucletmycea_Fungi_Dikarya_Ascomycota_Saccharomycotina_Saccharomycetes_Saccharomycetales_Saccharomyces_cerevisiae_baker_s_yeast, Node1652*)",660,2.2044151602585562,2.3475971722292814,c1
"(Eukaryota_Opisthokonta_Nucletmycea_Fungi_Dikarya_Ascomycota_Saccharomycotina_Saccharomycetes_Saccharomycetales_Saccharomyces_cerevisiae_baker_s_yeast, Node1652*)",661,2.2044151602585562,2.3475971722292814,c1
"(Eukaryota_Opisthokonta_Nucletmycea_Fungi_Dikarya_Ascomycota_Saccharomycotina_Saccharomycetes_Saccharomycetales_Saccharomyces_cerevisiae_baker_s_yeast, Node1652*)",662,-1.802853169200866e-16,2.3475971722292814,c1
"(Eukaryota_Opisthokonta_Nucletmycea_Fungi_Dikarya_Ascomycota_Saccharomycotina_Saccharomycetes_Saccharomycetales_Saccharomyces_cerevisiae_baker_s_yeast, Node1652*)",663,2.9762532674017042,2.3475971722292814,c1
"(Eukaryota_Opisthokonta_Nucletmycea_Fungi_Dikarya_Ascomycota_Saccharomycotina_Saccharomycetes_Saccharomycetales_Saccharomyces_cerevisiae_baker_s_yeast, Node1652*)",664,2.9762532674017042,2.3475971722292814,c1
"(Eukaryota_Opisthokonta_Nucletmycea_Fungi_Dikarya_Ascomycota_Saccharomycotina_Saccharomycetes_Saccharomycetales_Saccharomyces_cerevisiae_baker_s_yeast, Node1652*)",666,2.2754608126984551e-16,2.3475971722292814,c1
"(Eukaryota_Opisthokonta_Nucletmycea_Fungi_Dikarya_Ascomycota_Saccharomycotina_Saccharomycetes_Saccharomycetales_Saccharomyces_cerevisiae_baker_s_yeast, Node1652*)",667,3.3477171110772046,2.3475971722292814,c1
"(Eukaryota_Opisthokonta_Nucletmycea_Fungi_Dikarya_Ascomycota_Saccharomycotina_Saccharomycetes_Saccharomycetales_Saccharomyces_cerevisiae_baker_s_yeast, Node1652*)",676,2.9762532674017042,2.3475971722292814,c1
"(Eukaryota_Opisthokonta_Nucletmycea_Fungi_Dikarya_Ascomycota_Saccharomycotina_Saccharomycetes_Saccharomycetales_Saccharomyces_cerevisiae_baker_s_yeast, Node1652*)",678,2.9762532674017042,2.3475971722292814,c1
"(Eukaryota_Opisthokonta_Nucletmycea_Fungi_Dikarya_Ascomycota_Saccharomycotina_Saccharomycetes_Saccharomycetales_Saccharomyces_cerevisiae_baker_s_yeast, Node1652*)",679,2.2044151602585562,2.3475971722292814,c1
"(Eukaryota_Opisthokonta_Nucletmycea_Fungi_Dikarya_Ascomycota_Saccharomycotina_Saccharomycetes_Saccharomycetales_Saccharomyces_cerevisiae_baker_s_yeast, Node1652*)",680,3.3477171110772046,2.3475971722292814,c1
"(Eukaryota_Opisthokonta_Nucletmycea_Fungi_Dikarya_Ascomycota_Saccharomycotina_Saccharomycetes_Saccharomycetales_Saccharomyces_cerevisiae_baker_s_yeast, Node1652*)",681,2.2044151602585562,2.3475971722292814,c1
"(Eukaryota_Opisthokonta_Nucletmycea_Fungi_Dikarya_Ascomycota_Saccharomycotina_Saccharomycetes_Saccharomycetales_Saccharomyces_cerevisiae_baker_s_yeast, Node1652*)",682,7.5320412069205953e-17,2.3475971722292814,c1
"(Eukaryota_Opisthokonta_Nucletmycea_Fungi_Dikarya_Ascomycota_Saccharomycotina_Saccharomycetes_Saccharomycetales_Saccharomyces_cerevisiae_baker_s_yeast, Node1652*)",683,2.9762532674017042,2.3475971722292814,c1
"(Eukaryota_Opisthokonta_Nucletmycea_Fungi_Dikarya_Ascomycota_Saccharomycotina_Saccharomycetes_Saccharomycetales_Saccharomyces_cerevisiae_baker_s_yeast, Node1652*)",687,-2.3195795162565231e-16,2.3475971722292814,c1
"(Eukaryota_Opisthokonta_Nucletmycea_Fungi_Dikarya_Ascomycota_Saccharomycotina_Saccharomycetes_Saccharomycetales_Saccharomyces_cerevisiae_baker_s_yeast, Node1652*)",690,2.9762532674017042,2.3475971722292814,c1
"(Eukaryota_Opisthokonta_Nucletmycea_Fungi_Dikarya_Ascomycota_Saccharomycotina_Saccharomycetes_Saccharomycetales_Saccharomyces_cerevisiae_baker_s_yeast, Node1652*)",692,-2.3557696535864331e-16,2.3475971722292814,c1
"(Eukaryota_Opisthokonta_Nucletmycea_Fungi_Dikarya_Ascomycota_Saccharomycotina_Saccharomycetes_Saccharomycetales_Saccharomyces_cerevisiae_baker_s_yeast, Node1652*)",694,2.2044151602585562,2.3475971722292814,c1
"(Eukaryota_Opisthokonta_Nucletmycea_Fungi_Dikarya_Ascomycota_Saccharomycotina_Saccharomycetes_Saccharomycetales_Saccharomyces_cerevisiae_baker_s_yeast, Node1652*)",696,-1.9013176098599426e-16,2.3475971722292814,c1
"(Eukaryota_Opisthokonta_Nucletmycea_Fungi_Dikarya_Ascomycota_Saccharomycotina_Saccharomycetes_Saccharomycetales_Saccharomyces_cerevisiae_baker_s_yeast, Node1652*)",697,2.2044151602585562,2.3475971722292814,c1
"(Eukaryota_Opisthokonta_Nucletmycea_Fungi_Dikarya_Ascomycota_Saccharomycotina_Saccharomycetes_Saccharomycetales_Saccharomyces_cerevisiae_baker_s_yeast, Node1652*)",698,3.3477171110772046,2.3475971722292814,c1
"(Eukaryota_Opisthokonta_Nucletmycea_Fungi_Dikarya_Ascomycota_Saccharomycotina_Saccharomycetes_Saccharomycetales_Saccharomyces_cerevisiae_baker_s_yeast, Node1652*)",699,2.9762532674017042,2.3475971722292814,c1
"(Eukaryota_Opisthokonta_Nucletmycea_Fungi_Dikarya_Ascomycota_Saccharomycotina_Saccharomycetes_Saccharomycetales_Saccharomyces_cerevisiae_baker_s_yeast, Node1652*)",700,2.2044151602585562,2.3475971722292814,c1
"(Eukaryota_Opisthokonta_Nucletmycea_Fungi_Dikarya_Ascomycota_Saccharomycotina_Saccharomycetes_Saccharomycetales_Saccharomyces_cerevisiae_baker_s_yeast, Node1652*)",701,-1.8957966731656198e-16,2.3475971722292814,c1
"(Eukaryota_Opisthokonta_Nucletmycea_Fungi_Dikarya_Ascomycota_Saccharomycotina_Saccharomycetes_Saccharomycetales_Saccharomyces_cerevisiae_baker_s_yeast, Node1652*)",702,-1.9013176098599426e-16,2.3475971722292814,c1
"(Eukaryota_Opisthokonta_Nucletmycea_Fungi_Dikarya_Ascomycota_Saccharomycotina_Saccharomycetes_Saccharomycetales_Saccharomyces_cerevisiae_baker_s_yeast, Node1652*)",703,2.9762532674017042,2.3475971722292814,c1
"(Eukaryota_Opisthokonta_Nucletmycea_Fungi_Dikarya_Ascomycota_Saccharomycotina_Saccharomycetes_Saccharomycetales_Saccharomyces_cerevisiae_baker_s_yeast, Node1652*)",704,2.9762532674017042,2.3475971722292814,c1
"(Eukaryota_Opisthokonta_Nucletmycea_Fungi_Dikarya_Ascomycota_Saccharomycotina_Saccharomycetes_Saccharomycetales_Saccharomyces_cerevisiae_baker_s_yeast, Node1652*)",705,2.9762532674017042,2.3475971722292814,c1
"(Eukaryota_Opisthokonta_Nucletmycea_Fungi_Dikarya_Ascomycota_Saccharomycotina_Saccharomycetes_Saccharomycetales_Saccharomyces_cerevisiae_baker_s_yeast, Node1652*)",706,2.9762532674017042,2.3475971722292814,c1
"(Eukaryota_Opisthokonta_Nucletmycea_Fungi_Dikarya_Ascomycota_Saccharomycotina_Saccharomycetes_Saccharomycetales_Saccharomyces_cerevisiae_baker_s_yeast, Node1652*)",708,2.2044151602585562,2.3475971722292814,c1
"(Eukaryota_Opisthokonta_Nucletmycea_Fungi_Dikarya_Ascomycota_Saccharomycotina_Saccharomycetes_Saccharomycetales_Saccharomyces_cerevisiae_baker_s_yeast, Node1652*)",712,2.2044151602585562,2.3475971722292814,c1
"(Eukaryota_Opisthokonta_Nucletmycea_Fungi_Dikarya_Ascomycota_Saccharomycotina_Saccharomycetes_Saccharomycetales_Saccharomyces_cerevisiae_baker_s_yeast, Node1652*)",714,2.9762532674017042,2.3475971722292814,c1
"(Eukaryota_Opisthokonta_Nucletmycea_Fungi_Dikarya_Ascomycota_Saccharomycotina_Saccharomycetes_Saccharomycetales_Saccharomyces_cerevisiae_baker_s_yeast, Node1652*)",715,2.2044151602585562,2.3475971722292814,c1
"(Eukaryota_Opisthokonta_Nucletmycea_Fungi_Dikarya_Ascomycota_Saccharomycotina_Saccharomycetes_Saccharomycetales_Saccharomyces_cerevisiae_baker_s_yeast, Node1652*)",716,3.2857096814816924e-16,2.3475971722292814,c1
"(Eukaryota_Opisthokonta_Nucletmycea_Fungi_Dikarya_Ascomycota_Saccharomycotina_Saccharomycetes_Saccharomycetales_Saccharomyces_cerevisiae_baker_s_yeast, Node1652*)",742,-2.3659591014909667e-16,2.3475971722292814,c1
"(Eukaryota_Opisthokonta_Nucletmycea_Fungi_Dikarya_Ascomycota_Saccharomycotina_Saccharomycetes_Saccharomycetales_Saccharomyces_cerevisiae_baker_s_yeast, Node1652*)",744,3.356278253864662e-16,2.3475971722292814,c1
"(Eukaryota_Opisthokonta_Nucletmycea_Fungi_Dikarya_Ascomycota_Saccharomycotina_Saccharomycetes_Saccharomycetales_Saccharomyces_cerevisiae_baker_s_yeast, Node1652*)",745,-2.4811559699750293e-16,2.3475971722292814,c1
"(Eukaryota_Opisthokonta_Nucletmycea_Fungi_Dikarya_Ascomycota_Saccharomycotina_Saccharomycetes_Saccharomycetales_Saccharomyces_cerevisiae_baker_s_yeast, Node1652*)",746,3.1939276039817981e-16,2.3475971722292814,c1
"(Eukaryota_Opisthokonta_Nucletmycea_Fungi_Dikarya_Ascomycota_Saccharomycotina_Saccharomycetes_Saccharomycetales_Saccharomyces_cerevisiae_baker_s_yeast, Node1652*)",754,-2.5185226171865859e-16,2.3475971722292814,c1
"(Eukaryota_Opisthokonta_Nucletmycea_Fungi_Dikarya_Ascomycota_Saccharomycotina_Saccharomycetes_Saccharomycetales_Saccharomyces_cerevisiae_baker_s_yeast, Node1652*)",755,-2.3745434069757298e-16,2.3475971722292814,c1
"(Eukaryota_Opisthokonta_Nucletmycea_Fungi_Dikarya_Ascomycota_Saccharomycotina_Saccharomycetes_Saccharomycetales_Saccharomyces_cerevisiae_baker_s_yeast, Node1652*)",758,3.4104504107503775e-16,2.3475971722292814,c1
"(Eukaryota_Opisthokonta_Nucletmycea_Fungi_Dikarya_Ascomycota_Saccharomycotina_Saccharomycetes_Saccharomycetales_Saccharomyces_cerevisiae_baker_s_yeast, Node1652*)",759,-2.409809053298303e-16,2.3475971722292814,c1
"(Eukaryota_Opisthokonta_Nucletmycea_Fungi_Dikarya_Ascomycota_Saccharomycotina_Saccharomycetes_Saccharomycetales_Saccharomyces_cerevisiae_baker_s_yeast, Node1652*)",760,-1.0425030736634127e-16,2.3475971722292814,c1
"(Eukaryota_Opisthokonta_Nucletmycea_Fungi_Dikarya_Ascomycota_Saccharomycotina_Saccharomycetes_Saccharomycetales_Saccharomyces_cerevisiae_baker_s_yeast, Node1652*)",780,2.9762532674015896,2.3475971722292814,c1
"(Eukaryota_Opisthokonta_Nucletmycea_Fungi_Dikarya_Ascomycota_Saccharomycotina_Saccharomycetes_Saccharomycetales_Saccharomyces_cerevisiae_baker_s_yeast, Node1652*)",843,-2.3264020445506572e-16,2.3475971722292814,c1
"(Eukaryota_Opisthokonta_Nucletmycea_Fungi_Dikarya_Ascomycota_Saccharomycotina_Saccharomycetes_Saccharomycetales_Saccharomyces_cerevisiae_baker_s_yeast, Node1652*)",845,2.9762532674017042,2.3475971722292814,c1
"(Eukaryota_Opisthokonta_Nucletmycea_Fungi_Dikarya_Ascomycota_Saccharomycotina_Saccharomycetes_Saccharomycetales_Saccharomyces_cerevisiae_baker_s_yeast, Node1652*)",846,3.3477171110772046,2.3475971722292814,c1
"(Eukaryota_Opisthokonta_Nucletmycea_Fungi_Dikarya_Ascomycota_Saccharomycotina_Saccharomycetes_Saccharomycetales_Saccharomyces_cerevisiae_baker_s_yeast, Node1652*)",849,-1.8095874145634887e-16,2.3475971722292814,c1
"(Eukaryota_Opisthokonta_Nucletmycea_Fungi_Dikarya_Ascomycota_Saccharomycotina_Saccharomycetes_Saccharomycetales_Saccharomyces_cerevisiae_baker_s_yeast, Node1652*)",850,2.2044151602585562,2.3475971722292814,c1
"(Eukaryota_Opisthokonta_Nucletmycea_Fungi_Dikarya_Ascomycota_Saccharomycotina_Saccharomycetes_Saccharomycetales_Saccharomyces_cerevisiae_baker_s_yeast, Node1652*)",851,2.9762532674017042,2.3475971722292814,c1
"(Eukaryota_Opisthokonta_Nucletmycea_Fungi_Dikarya_Ascomycota_Saccharomycotina_Saccharomycetes_Saccharomycetales_Saccharomyces_cerevisiae_baker_s_yeast, Node1652*)",854,2.9762532674017042,2.3475971722292814,c1
"(Eukaryota_Opisthokonta_Nucletmycea_Fungi_Dikarya_Ascomycota_Saccharomycotina_Saccharomycetes_Saccharomycetales_Saccharomyces_cerevisiae_baker_s_yeast, Node1652*)",855,2.9762532674017042,2.3475971722292814,c1
"(Eukaryota_Opisthokonta_Nucletmycea_Fungi_Dikarya_Ascomycota_Saccharomycotina_Saccharomycetes_Saccharomycetales_Saccharomyces_cerevisiae_baker_s_yeast, Node1652*)",856,2.9762532674017042,2.3475971722292814,c1
"(Eukaryota_Opisthokonta_Nucletmycea_Fungi_Dikarya_Ascomycota_Saccharomycotina_Saccharomycetes_Saccharomycetales_Saccharomyces_cerevisiae_baker_s_yeast, Node1652*)",862,2.2044151602585562,2.3475971722292814,c1
"(Eukaryota_Opisthokonta_Nucletmycea_Fungi_Dikarya_Ascomycota_Saccharomycotina_Saccharomycetes_Saccharomycetales_Saccharomyces_cerevisiae_baker_s_yeast, Node1652*)",864,2.2044151602585562,2.3475971722292814,c1
"(Eukaryota_Opisthokonta_Nucletmycea_Fungi_Dikarya_Ascomycota_Saccharomycotina_Saccharomycetes_Saccharomycetales_Saccharomyces_cerevisiae_baker_s_yeast, Node1652*)",866,-2.3557713489210281e-16,2.3475971722292814,c1
"(Eukaryota_Opisthokonta_Nucletmycea_Fungi_Dikarya_Ascomycota_Saccharomycotina_Saccharomycetes_Saccharomycetales_Saccharomyces_cerevisiae_baker_s_yeast, Node1652*)",869,2.9762532674017042,2.3475971722292814,c1
"(Eukaryota_Opisthokonta_Nucletmycea_Fungi_Dikarya_Ascomycota_Saccharomycotina_Saccharomycetes_Saccharomycetales_Saccharomyces_cerevisiae_baker_s_yeast, Node1652*)",871,2.2044151602585562,2.3475971722292814,c1
"(Eukaryota_Opisthokonta_Nucletmycea_Fungi_Dikarya_Ascomycota_Saccharomycotina_Saccharomycetes_Saccharomycetales_Saccharomyces_cerevisiae_baker_s_yeast, Node1652*)",872,3.3477171110772046,2.3475971722292814,c1
"(Eukaryota_Opisthokonta_Nucletmycea_Fungi_Dikarya_Ascomycota_Saccharomycotina_Saccharomycetes_Saccharomycetales_Saccharomyces_cerevisiae_baker_s_yeast, Node1652*)",873,2.9762532674017042,2.3475971722292814,c1
"(Eukaryota_Opisthokonta_Nucletmycea_Fungi_Dikarya_Ascomycota_Saccharomycotina_Saccharomycetes_Saccharomycetales_Saccharomyces_cerevisiae_baker_s_yeast, Node1652*)",885,2.2044151602585562,2.3475971722292814,c1
"(Eukaryota_Opisthokonta_Nucletmycea_Fungi_Dikarya_Ascomycota_Saccharomycotina_Saccharomycetes_Saccharomycetales_Saccharomyces_cerevisiae_baker_s_yeast, Node1652*)",887,2.9762532674017042,2.3475971722292814,c1
"(Eukaryota_Opisthokonta_Nucletmycea_Fungi_Dikarya_Ascomycota_Saccharomycotina_Saccharomycetes_Saccharomycetales_Saccharomyces_cerevisiae_baker_s_yeast, Node1652*)",895,2.2044151602585562,2.3475971722292814,c1
"(Eukaryota_Opisthokonta_Nucletmycea_Fungi_Dikarya_Ascomycota_Saccharomycotina_Saccharomycetes_Saccharomycetales_Saccharomyces_cerevisiae_baker_s_yeast, Node1652*)",896,3.3477171110772046,2.3475971722292814,c1
"(Eukaryota_Opisthokonta_Nucletmycea_Fungi_Dikarya_Ascomycota_Saccharomycotina_Saccharomycetes_Saccharomycetales_Saccharomyces_cerevisiae_baker_s_yeast, Node1652*)",897,2.9762532674017042,2.3475971722292814,c1
"(Eukaryota_Opisthokonta_Nucletmycea_Fungi_Dikarya_Ascomycota_Saccharomycotina_Saccharomycetes_Saccharomycetales_Saccharomyces_cerevisiae_baker_s_yeast, Node1652*)",898,3.2366791657499671e-16,2.3475971722292814,c1
"(Eukaryota_Opisthokonta_Nucletmycea_Fungi_Dikarya_Ascomycota_Saccharomycotina_Saccharomycetes_Saccharomycetales_Saccharomyces_cerevisiae_baker_s_yeast, Node1652*)",899,2.2044151602585562,2.3475971722292814,c1
"(Eukaryota_Opisthokonta_Nucletmycea_Fungi_Dikarya_Ascomycota_Saccharomycotina_Saccharomycetes_Saccharomycetales_Saccharomyces_cerevisiae_baker_s_yeast, Node1652*)",900,2.2044151602585562,2.3475971722292814,c1
"(Eukaryota_Opisthokonta_Nucletmycea_Fungi_Dikarya_Ascomycota_Saccharomycotina_Saccharomycetes_Saccharomycetales_Saccharomyces_cerevisiae_baker_s_yeast, Node1652*)",902,2.9762532674017042,2.3475971722292814,c1
"(Eukaryota_Opisthokonta_Nucletmycea_Fungi_Dikarya_Ascomycota_Saccharomycotina_Saccharomycetes_Saccharomycetales_Saccharomyces_cerevisiae_baker_s_yeast, Node1652*)",903,-2.3485980896423926e-16,2.3475971722292814,c1
"(Eukaryota_Opisthokonta_Nucletmycea_Fungi_Dikarya_Ascomycota_Saccharomycotina_Saccharomycetes_Saccharomycetales_Saccharomyces_cerevisiae_baker_s_yeast, Node1652*)",905,2.9762532674017042,2.3475971722292814,c1
"(Eukaryota_Opisthokonta_Nucletmycea_Fungi_Dikarya_Ascomycota_Saccharomycotina_Saccharomycetes_Saccharomycetales_Saccharomyces_cerevisiae_baker_s_yeast, Node1652*)",953,2.9762532674017042,2.3475971722292814,c1
"(Eukaryota_Opisthokonta_Nucletmycea_Fungi_Dikarya_Ascomycota_Saccharomycotina_Saccharomycetes_Saccharomycetales_Saccharomyces_cerevisiae_baker_s_yeast, Node1652*)",957,2.0451653719397492e-16,2.3475971722292814,c1
"(Eukaryota_Opisthokonta_Nucletmycea_Fungi_Dikarya_Ascomycota_Saccharomycotina_Saccharomycetes_Saccharomycetales_Saccharomyces_cerevisiae_baker_s_yeast, Node1652*)",959,-2.0216566198667818e-16,2.3475971722292814,c1
"(Eukaryota_Opisthokonta_Nucletmycea_Fungi_Dikarya_Ascomycota_Saccharomycotina_Saccharomycetes_Saccharomycetales_Saccharomyces_cerevisiae_baker_s_yeast, Node1652*)",960,2.9762532674017042,2.3475971722292814,c1
"(Eukaryota_Opisthokonta_Nucletmycea_Fungi_Dikarya_Ascomycota_Saccharomycotina_Saccharomycetes_Saccharomycetales_Saccharomyces_cerevisiae_baker_s_yeast, Node1652*)",973,2.2044151602585562,2.3475971722292814,c1
"(Eukaryota_Opisthokonta_Nucletmycea_Fungi_Dikarya_Ascomycota_Saccharomycotina_Saccharomycetes_Saccharomycetales_Saccharomyces_cerevisiae_baker_s_yeast, Node1652*)",976,2.2044151602585562,2.3475971722292814,c1
"(Eukaryota_Opisthokonta_Nucletmycea_Fungi_Dikarya_Ascomycota_Saccharomycotina_Saccharomycetes_Saccharomycetales_Saccharomyces_cerevisiae_baker_s_yeast, Node1652*)",983,2.2044151602585562,2.3475971722292814,c1
"(Eukaryota_Opisthokonta_Nucletmycea_Fungi_Dikarya_Ascomycota_Saccharomycotina_Saccharomycetes_Saccharomycetales_Saccharomyces_cerevisiae_baker_s_yeast, Node1652*)",984,3.3587827266914757e-16,2.3475971722292814,c1
"(Eukaryota_Opisthokonta_Nucletmycea_Fungi_Dikarya_Ascomycota_Saccharomycotina_Saccharomycetes_Saccharomycetales_Saccharomyces_cerevisiae_baker_s_yeast, Node1652*)",985,2.9762532674017042,2.3475971722292814,c1
"(Eukaryota_Opisthokonta_Nucletmycea_Fungi_Dikarya_Ascomycota_Saccharomycotina_Saccharomycetes_Saccharomycetales_Saccharomyces_cerevisiae_baker_s_yeast, Node1652*)",993,2.2044151602585562,2.3475971722292814,c1
"(Eukaryota_Opisthokonta_Nucletmycea_Fungi_Dikarya_Ascomycota_Saccharomycotina_Saccharomycetes_Saccharomycetales_Saccharomyces_cerevisiae_baker_s_yeast, Node1652*)",994,-2.3798863889973955e-16,2.3475971722292814,c1
"(Eukaryota_Opisthokonta_Nucletmycea_Fungi_Dikarya_Ascomycota_Saccharomycotina_Saccharomycetes_Saccharomycetales_Saccharomyces_cerevisiae_baker_s_yeast, Node1652*)",996,2.9762532674017042,2.3475971722292814,c1
"(Eukaryota_Opisthokonta_Nucletmycea_Fungi_Dikarya_Ascomycota_Saccharomycotina_Saccharomycetes_Saccharomycetales_Saccharomyces_cerevisiae_baker_s_yeast, Node1652*)",997,2.2044151602585562,2.3475971722292814,c1
"(Eukaryota_Opisthokonta_Nucletmycea_Fungi_Dikarya_Ascomycota_Saccharomycotina_Saccharomycetes_Saccharomycetales_Saccharomyces_cerevisiae_baker_s_yeast, Node1652*)",1000,2.2044151602585562,2.3475971722292814,c1
"(Eukaryota_Opisthokonta_Nucletmycea_Fungi_Dikarya_Ascomycota_Saccharomycotina_Saccharomycetes_Saccharomycetales_Saccharomyces_cerevisiae_baker_s_yeast, Node1652*)",1001,-1.775983636035526e-16,2.3475971722292814,c1
"(Eukaryota_Opisthokonta_Nucletmycea_Fungi_Dikarya_Ascomycota_Saccharomycotina_Saccharomycetes_Saccharomycetales_Saccharomyces_cerevisiae_baker_s_yeast, Node1652*)",1004,2.9762532674017042,2.3475971722292814,c1
"(Eukaryota_Opisthokonta_Nucletmycea_Fungi_Dikarya_Ascomycota_Saccharomycotina_Saccharomycetes_Saccharomycetales_Saccharomyces_cerevisiae_baker_s_yeast, Node1652*)",1005,2.9762532674017042,2.3475971722292814,c1
"(Eukaryota_Opisthokonta_Nucletmycea_Fungi_Dikarya_Ascomycota_Saccharomycotina_Saccharomycetes_Saccharomycetales_Saccharomyces_cerevisiae_baker_s_yeast, Node1652*)",1006,-1.990178314055204e-16,2.3475971722292814,c1
"(Eukaryota_Opisthokonta_Nucletmycea_Fungi_Dikarya_Ascomycota_Saccharomycotina_Saccharomycetes_Saccharomycetales_Saccharomyces_cerevisiae_baker_s_yeast, Node1652*)",1008,3.3477171110772046,2.3475971722292814,c1
"(Eukaryota_Opisthokonta_Nucletmycea_Fungi_Dikarya_Ascomycota_Saccharomycotina_Saccharomycetes_Saccharomycetales_Saccharomyces_cerevisiae_baker_s_yeast, Node1652*)",1010,3.3346744093821085e-16,2.3475971722292814,c1
"(Eukaryota_Opisthokonta_Nucletmycea_Fungi_Dikarya_Ascomycota_Saccharomycotina_Saccharomycetes_Saccharomycetales_Saccharomyces_cerevisiae_baker_s_yeast, Node1652*)",1011,2.2044151602585562,2.3475971722292814,c1
"(Eukaryota_Opisthokonta_Nucletmycea_Fungi_Dikarya_Ascomycota_Saccharomycotina_Saccharomycetes_Saccharomycetales_Saccharomyces_cerevisiae_baker_s_yeast, Node1652*)",1012,2.2044151602585562,2.3475971722292814,c1
"(Eukaryota_Opisthokonta_Nucletmycea_Fungi_Dikarya_Ascomycota_Saccharomycotina_Saccharomycetes_Saccharomycetales_Saccharomyces_cerevisiae_baker_s_yeast, Node1652*)",1013,2.9762532674017042,2.3475971722292814,c1
"(Eukaryota_Opisthokonta_Nucletmycea_Fungi_Dikarya_Ascomycota_Saccharomycotina_Saccharomycetes_Saccharomycetales_Saccharomyces_cerevisiae_baker_s_yeast, Node1652*)",1015,-2.4010530640676976e-16,2.3475971722292814,c1
"(Eukaryota_Opisthokonta_Nucletmycea_Fungi_Dikarya_Ascomycota_Saccharomycotina_Saccharomycetes_Saccharomycetales_Saccharomyces_cerevisiae_baker_s_yeast, Node1652*)",1016,-2.5572464401542714e-16,2.3475971722292814,c1
"(Eukaryota_Opisthokonta_Nucletmycea_Fungi_Dikarya_Ascomycota_Saccharomycotina_Saccharomycetes_Saccharomycetales_Saccharomyces_cerevisiae_baker_s_yeast, Node1652*)",1023,2.2044151602585562,2.3475971722292814,c1
"(Eukaryota_Opisthokonta_Nucletmycea_Fungi_Dikarya_Ascomycota_Saccharomycotina_Saccharomycetes_Saccharomycetales_Saccharomyces_cerevisiae_baker_s_yeast, Node1652*)",1024,2.9762532674017042,2.3475971722292814,c1
"(Eukaryota_Opisthokonta_Nucletmycea_Fungi_Dikarya_Ascomycota_Saccharomycotina_Saccharomycetes_Saccharomycetales_Saccharomyces_cerevisiae_baker_s_yeast, Node1652*)",1025,3.3477171110772046,2.3475971722292814,c1
"(Eukaryota_Opisthokonta_Nucletmycea_Fungi_Dikarya_Ascomycota_Saccharomycotina_Saccharomycetes_Saccharomycetales_Saccharomyces_cerevisiae_baker_s_yeast, Node1652*)",1029,3.3477171110772046,2.3475971722292814,c1
"(Eukaryota_Opisthokonta_Nucletmycea_Fungi_Dikarya_Ascomycota_Saccharomycotina_Saccharomycetes_Saccharomycetales_Saccharomyces_cerevisiae_baker_s_yeast, Node1652*)",1035,2.2044151602585562,2.3475971722292814,c1
"(Eukaryota_Opisthokonta_Nucletmycea_Fungi_Dikarya_Ascomycota_Saccharomycotina_Saccharomycetes_Saccharomycetales_Saccharomyces_cerevisiae_baker_s_yeast, Node1652*)",1036,3.3477171110772046,2.3475971722292814,c1
"(Eukaryota_Opisthokonta_Nucletmycea_Fungi_Dikarya_Ascomycota_Saccharomycotina_Saccharomycetes_Saccharomycetales_Saccharomyces_cerevisiae_baker_s_yeast, Node1652*)",1037,2.2044151602585562,2.3475971722292814,c1
"(Eukaryota_Opisthokonta_Nucletmycea_Fungi_Dikarya_Ascomycota_Saccharomycotina_Saccharomycetes_Saccharomycetales_Saccharomyces_cerevisiae_baker_s_yeast, Node1652*)",1038,2.9762532674017042,2.3475971722292814,c1
"(Eukaryota_Opisthokonta_Nucletmycea_Fungi_Dikarya_Ascomycota_Saccharomycotina_Saccharomycetes_Saccharomycetales_Saccharomyces_cerevisiae_baker_s_yeast, Node1652*)",1039,2.9762532674017042,2.3475971722292814,c1
"(Eukaryota_Opisthokonta_Nucletmycea_Fungi_Dikarya_Ascomycota_Saccharomycotina_Saccharomycetes_Saccharomycetales_Saccharomyces_cerevisiae_baker_s_yeast, Node1652*)",1041,2.2044151602585562,2.3475971722292814,c1
"(Eukaryota_Opisthokonta_Nucletmycea_Fungi_Dikarya_Ascomycota_Saccharomycotina_Saccharomycetes_Saccharomycetales_Saccharomyces_cerevisiae_baker_s_yeast, Node1652*)",1042,3.3477171110772046,2.3475971722292814,c1
"(Eukaryota_Opisthokonta_Nucletmycea_Fungi_Dikarya_Ascomycota_Saccharomycotina_Saccharomycetes_Saccharomycetales_Saccharomyces_cerevisiae_baker_s_yeast, Node1652*)",1051,2.9762532674017042,2.3475971722292814,c1
"(Eukaryota_Opisthokonta_Nucletmycea_Fungi_Dikarya_Ascomycota_Saccharomycotina_Saccharomycetes_Saccharomycetales_Saccharomyces_cerevisiae_baker_s_yeast, Node1652*)",1065,-2.3613917105048641e-16,2.3475971722292814,c1
"(Eukaryota_Opisthokonta_Nucletmycea_Fungi_Dikarya_Ascomycota_Saccharomycotina_Saccharomycetes_Saccharomycetales_Saccharomyces_cerevisiae_baker_s_yeast, Node1652*)",1066,-2.0216566198667818e-16,2.3475971722292814,c1
"(Eukaryota_Opisthokonta_Nucletmycea_Fungi_Dikarya_Ascomycota_Saccharomycotina_Saccharomycetes_Saccharomycetales_Saccharomyces_cerevisiae_baker_s_yeast, Node1652*)",1067,2.720078401871253e-16,2.3475971722292814,c1
"(Eukaryota_Opisthokonta_Nucletmycea_Fungi_Dikarya_Ascomycota_Saccharomycotina_Saccharomycetes_Saccharomycetales_Saccharomyces_cerevisiae_baker_s_yeast, Node1652*)",1068,2.9762532674017042,2.3475971722292814,c1
"(Eukaryota_Opisthokonta_Nucletmycea_Fungi_Dikarya_Ascomycota_Saccharomycotina_Saccharomycetes_Saccharomycetales_Saccharomyces_cerevisiae_baker_s_yeast, Node1652*)",1070,-1.9431309570829982e-16,2.3475971722292814,c1
"(Eukaryota_Opisthokonta_Nucletmycea_Fungi_Dikarya_Ascomycota_Saccharomycotina_Saccharomycetes_Saccharomycetales_Saccharomyces_cerevisiae_baker_s_yeast, Node1652*)",1071,3.3477171110772046,2.3475971722292814,c1
"(Eukaryota_Opisthokonta_Nucletmycea_Fungi_Dikarya_Ascomycota_Saccharomycotina_Saccharomycetes_Saccharomycetales_Saccharomyces_cerevisiae_baker_s_yeast, Node1652*)",1073,2.9762532674017042,2.3475971722292814,c1
"(Eukaryota_Opisthokonta_Nucletmycea_Fungi_Dikarya_Ascomycota_Saccharomycotina_Saccharomycetes_Saccharomycetales_Saccharomyces_cerevisiae_baker_s_yeast, Node1652*)",1078,3.3477171110772046,2.3475971722292814,c1
"(Eukaryota_Opisthokonta_Nucletmycea_Fungi_Dikarya_Ascomycota_Saccharomycotina_Saccharomycetes_Saccharomycetales_Saccharomyces_cerevisiae_baker_s_yeast, Node1652*)",1079,2.2044151602585562,2.3475971722292814,c1
"(Eukaryota_Opisthokonta_Nucletmycea_Fungi_Dikarya_Ascomycota_Saccharomycotina_Saccharomycetes_Saccharomycetales_Saccharomyces_cerevisiae_baker_s_yeast, Node1652*)",1080,2.9762532674017042,2.3475971722292814,c1
"(Eukaryota_Opisthokonta_Nucletmycea_Fungi_Dikarya_Ascomycota_Saccharomycotina_Saccharomycetes_Saccharomycetales_Saccharomyces_cerevisiae_baker_s_yeast, Node1652*)",1081,2.9762532674017042,2.3475971722292814,c1
"(Eukaryota_Opisthokonta_Nucletmycea_Fungi_Dikarya_Ascomycota_Saccharomycotina_Saccharomycetes_Saccharomycetales_Saccharomyces_cerevisiae_baker_s_yeast, Node1652*)",1082,2.9762532674017042,2.3475971722292814,c1
"(Eukaryota_Opisthokonta_Nucletmycea_Fungi_Dikarya_Ascomycota_Saccharomycotina_Saccharomycetes_Saccharomycetales_Saccharomyces_cerevisiae_baker_s_yeast, Node1652*)",1083,2.2044151602585562,2.3475971722292814,c1
"(Eukaryota_Opisthokonta_Nucletmycea_Fungi_Dikarya_Ascomycota_Saccharomycotina_Saccharomycetes_Saccharomycetales_Saccharomyces_cerevisiae_baker_s_yeast, Node1652*)",1084,-2.3656631181597012e-16,2.3475971722292814,c1
"(Eukaryota_Opisthokonta_Nucletmycea_Fungi_Dikarya_Ascomycota_Saccharomycotina_Saccharomycetes_Saccharomycetales_Saccharomyces_cerevisiae_baker_s_yeast, Node1652*)",1087,2.2044151602585562,2.3475971722292814,c1
"(Eukaryota_Opisthokonta_Nucletmycea_Fungi_Dikarya_Ascomycota_Saccharomycotina_Saccharomycetes_Saccharomycetales_Saccharomyces_cerevisiae_baker_s_yeast, Node1652*)",1088,2.2044151602585562,2.3475971722292814,c1
"(Eukaryota_Opisthokonta_Nucletmycea_Fungi_Dikarya_Ascomycota_Saccharomycotina_Saccharomycetes_Saccharomycetales_Saccharomyces_cerevisiae_baker_s_yeast, Node1652*)",1089,2.2044151602585562,2.3475971722292814,c1
"(Eukaryota_Opisthokonta_Nucletmycea_Fungi_Dikarya_Ascomycota_Saccharomycotina_Saccharomycetes_Saccharomycetales_Saccharomyces_cerevisiae_baker_s_yeast, Node1652*)",1091,2.9762532674017042,2.3475971722292814,c1
"(Eukaryota_Opisthokonta_Nucletmycea_Fungi_Dikarya_Ascomycota_Saccharomycotina_Saccharomycetes_Saccharomycetales_Saccharomyces_cerevisiae_baker_s_yeast, Node1652*)",1093,3.3477171110772046,2.3475971722292814,c1
"(Eukaryota_Opisthokonta_Nucletmycea_Fungi_Dikarya_Ascomycota_Saccharomycotina_Saccharomycetes_Saccharomycetales_Saccharomyces_cerevisiae_baker_s_yeast, Node1652*)",1095,2.9762532674017042,2.3475971722292814,c1
"(Eukaryota_Opisthokonta_Nucletmycea_Fungi_Dikarya_Ascomycota_Saccharomycotina_Saccharomycetes_Saccharomycetales_Saccharomyces_cerevisiae_baker_s_yeast, Node1652*)",1096,2.9762532674017042,2.3475971722292814,c1
"(Eukaryota_Opisthokonta_Nucletmycea_Fungi_Dikarya_Ascomycota_Saccharomycotina_Saccharomycetes_Saccharomycetales_Saccharomyces_cerevisiae_baker_s_yeast, Node1652*)",1099,-2.3933842974807209e-16,2.3475971722292814,c1
"(Eukaryota_Opisthokonta_Nucletmycea_Fungi_Dikarya_Ascomycota_Saccharomycotina_Saccharomycetes_Saccharomycetales_Saccharomyces_cerevisiae_baker_s_yeast, Node1652*)",1100,2.2044151602585562,2.3475971722292814,c1
"(Eukaryota_Opisthokonta_Nucletmycea_Fungi_Dikarya_Ascomycota_Saccharomycotina_Saccharomycetes_Saccharomycetales_Saccharomyces_cerevisiae_baker_s_yeast, Node1652*)",1101,2.9762532674017042,2.3475971722292814,c1
"(Eukaryota_Opisthokonta_Nucletmycea_Fungi_Dikarya_Ascomycota_Saccharomycotina_Saccharomycetes_Saccharomycetales_Saccharomyces_cerevisiae_baker_s_yeast, Node1652*)",1102,3.6867310652174559e-28,2.3475971722292814,c1
"(Eukaryota_Opisthokonta_Nucletmycea_Fungi_Dikarya_Ascomycota_Saccharomycotina_Saccharomycetes_Saccharomycetales_Saccharomyces_cerevisiae_baker_s_yeast, Node1652*)",1103,3.3477171110772046,2.3475971722292814,c1
"(Eukaryota_Opisthokonta_Nucletmycea_Fungi_Dikarya_Ascomycota_Saccharomycotina_Saccharomycetes_Saccharomycetales_Saccharomyces_cerevisiae_baker_s_yeast, Node1652*)",1104,2.9762532674017042,2.3475971722292814,c1
"(Eukaryota_Opisthokonta_Nucletmycea_Fungi_Dikarya_Ascomycota_Saccharomycotina_Saccharomycetes_Saccharomycetales_Saccharomyces_cerevisiae_baker_s_yeast, Node1652*)",1105,2.2044151602585562,2.3475971722292814,c1
"(Eukaryota_Opisthokonta_Nucletmycea_Fungi_Dikarya_Ascomycota_Saccharomycotina_Saccharomycetes_Saccharomycetales_Saccharomyces_cerevisiae_baker_s_yeast, Node1652*)",1106,2.9762532674017042,2.3475971722292814,c1
"(Eukaryota_Opisthokonta_Nucletmycea_Fungi_Dikarya_Ascomycota_Saccharomycotina_Saccharomycetes_Saccharomycetales_Saccharomyces_cerevisiae_baker_s_yeast, Node1652*)",1107,-2.3545916888355419e-16,2.3475971722292814,c1
"(Eukaryota_Opisthokonta_Nucletmycea_Fungi_Dikarya_Ascomycota_Saccharomycotina_Saccharomycetes_Saccharomycetales_Saccharomyces_cerevisiae_baker_s_yeast, Node1652*)",1108,2.9762532674017042,2.3475971722292814,c1
"(Eukaryota_Opisthokonta_Nucletmycea_Fungi_Dikarya_Ascomycota_Saccharomycotina_Saccharomycetes_Saccharomycetales_Saccharomyces_cerevisiae_baker_s_yeast, Node1652*)",1109,3.3477171110772046,2.3475971722292814,c1
"(Eukaryota_Opisthokonta_Nucletmycea_Fungi_Dikarya_Ascomycota_Saccharomycotina_Saccharomycetes_Saccharomycetales_Saccharomyces_cerevisiae_baker_s_yeast, Node1652*)",1110,3.3477171110772046,2.3475971722292814,c1
"(Eukaryota_Opisthokonta_Nucletmycea_Fungi_Dikarya_Ascomycota_Saccharomycotina_Saccharomycetes_Saccharomycetales_Saccharomyces_cerevisiae_baker_s_yeast, Node1652*)",1111,2.2044151602585562,2.3475971722292814,c1
"(Eukaryota_Opisthokonta_Nucletmycea_Fungi_Dikarya_Ascomycota_Saccharomycotina_Saccharomycetes_Saccharomycetales_Saccharomyces_cerevisiae_baker_s_yeast, Node1652*)",1114,2.2044151602585562,2.3475971722292814,c1
"(Eukaryota_Opisthokonta_Nucletmycea_Fungi_Dikarya_Ascomycota_Saccharomycotina_Saccharomycetes_Saccharomycetales_Saccharomyces_cerevisiae_baker_s_yeast, Node1652*)",1115,3.6867310652174559e-28,2.3475971722292814,c1
"(Eukaryota_Opisthokonta_Nucletmycea_Fungi_Dikarya_Ascomycota_Saccharomycotina_Saccharomycetes_Saccharomycetales_Saccharomyces_cerevisiae_baker_s_yeast, Node1652*)",1116,2.9762532674017042,2.3475971722292814,c1
"(Eukaryota_Opisthokonta_Nucletmycea_Fungi_Dikarya_Ascomycota_Saccharomycotina_Saccharomycetes_Saccharomycetales_Saccharomyces_cerevisiae_baker_s_yeast, Node1652*)",1117,2.2044151602585562,2.3475971722292814,c1
"(Eukaryota_Opisthokonta_Nucletmycea_Fungi_Dikarya_Ascomycota_Saccharomycotina_Saccharomycetes_Saccharomycetales_Saccharomyces_cerevisiae_baker_s_yeast, Node1652*)",1118,3.3689908639307258e-16,2.3475971722292814,c1
"(Eukaryota_Opisthokonta_Nucletmycea_Fungi_Dikarya_Ascomycota_Saccharomycotina_Saccharomycetes_Saccharomycetales_Saccharomyces_cerevisiae_baker_s_yeast, Node1652*)",1119,3.3477171110772046,2.3475971722292814,c1
"(Eukaryota_Opisthokonta_Nucletmycea_Fungi_Dikarya_Ascomycota_Saccharomycotina_Saccharomycetes_Saccharomycetales_Saccharomyces_cerevisiae_baker_s_yeast, Node1652*)",1120,-2.3797761167401679e-16,2.3475971722292814,c1
"(Eukaryota_Opisthokonta_Nucletmycea_Fungi_Dikarya_Ascomycota_Saccharomycotina_Saccharomycetes_Saccharomycetales_Saccharomyces_cerevisiae_baker_s_yeast, Node1652*)",1124,3.3477171110772046,2.3475971722292814,c1
"(Eukaryota_Opisthokonta_Nucletmycea_Fungi_Dikarya_Ascomycota_Saccharomycotina_Saccharomycetes_Saccharomycetales_Saccharomyces_cerevisiae_baker_s_yeast, Node1652*)",1127,-2.3517824262865925e-16,2.3475971722292814,c1
"(Eukaryota_Opisthokonta_Nucletmycea_Fungi_Dikarya_Ascomycota_Saccharomycotina_Saccharomycetes_Saccharomycetales_Saccharomyces_cerevisiae_baker_s_yeast, Node1652*)",1128,2.9762532674017042,2.3475971722292814,c1
"(Eukaryota_Opisthokonta_Nucletmycea_Fungi_Dikarya_Ascomycota_Saccharomycotina_Saccharomycetes_Saccharomycetales_Saccharomyces_cerevisiae_baker_s_yeast, Node1652*)",1129,2.9762532674017042,2.3475971722292814,c1
"(Eukaryota_Opisthokonta_Nucletmycea_Fungi_Dikarya_Ascomycota_Saccharomycotina_Saccharomycetes_Saccharomycetales_Saccharomyces_cerevisiae_baker_s_yeast, Node1652*)",1130,2.9762532674017042,2.3475971722292814,c1
"(Eukaryota_Opisthokonta_Nucletmycea_Fungi_Dikarya_Ascomycota_Saccharomycotina_Saccharomycetes_Saccharomycetales_Saccharomyces_cerevisiae_baker_s_yeast, Node1652*)",1131,3.3477171110772046,2.3475971722292814,c1
"(Eukaryota_Opisthokonta_Nucletmycea_Fungi_Dikarya_Ascomycota_Saccharomycotina_Saccharomycetes_Saccharomycetales_Saccharomyces_cerevisiae_baker_s_yeast, Node1652*)",1134,-2.438901364372694e-16,2.3475971722292814,c1
"(Eukaryota_Opisthokonta_Nucletmycea_Fungi_Dikarya_Ascomycota_Saccharomycotina_Saccharomycetes_Saccharomycetales_Saccharomyces_cerevisiae_baker_s_yeast, Node1652*)",1135,2.2044151602585562,2.3475971722292814,c1
"(Eukaryota_Opisthokonta_Nucletmycea_Fungi_Dikarya_Ascomycota_Saccharomycotina_Saccharomycetes_Saccharomycetales_Saccharomyces_cerevisiae_baker_s_yeast, Node1652*)",1141,-2.3811230561243568e-16,2.3475971722292814,c1
"(Eukaryota_Opisthokonta_Nucletmycea_Fungi_Dikarya_Ascomycota_Saccharomycotina_Saccharomycetes_Saccharomycetales_Saccharomyces_cerevisiae_baker_s_yeast, Node1652*)",1187,2.2044151602585562,2.3475971722292814,c1
"(Eukaryota_Opisthokonta_Nucletmycea_Fungi_Dikarya_Ascomycota_Saccharomycotina_Saccharomycetes_Saccharomycetales_Saccharomyces_cerevisiae_baker_s_yeast, Node1652*)",1190,2.9762532674017042,2.3475971722292814,c1
"(Eukaryota_Opisthokonta_Nucletmycea_Fungi_Dikarya_Ascomycota_Saccharomycotina_Saccharomycetes_Saccharomycetales_Saccharomyces_cerevisiae_baker_s_yeast, Node1652*)",1191,2.9762532674017042,2.3475971722292814,c1
"(Eukaryota_Opisthokonta_Nucletmycea_Fungi_Dikarya_Ascomycota_Saccharomycotina_Saccharomycetes_Saccharomycetales_Saccharomyces_cerevisiae_baker_s_yeast, Node1652*)",1192,2.9762532674017042,2.3475971722292814,c1
"(Eukaryota_Opisthokonta_Nucletmycea_Fungi_Dikarya_Ascomycota_Saccharomycotina_Saccharomycetes_Saccharomycetales_Saccharomyces_cerevisiae_baker_s_yeast, Node1652*)",1194,3.3477171110772046,2.3475971722292814,c1
"(Eukaryota_Opisthokonta_Nucletmycea_Fungi_Dikarya_Ascomycota_Saccharomycotina_Saccharomycetes_Saccharomycetales_Saccharomyces_cerevisiae_baker_s_yeast, Node1652*)",1197,2.9762532674017042,2.3475971722292814,c1
"(Eukaryota_Opisthokonta_Nucletmycea_Fungi_Dikarya_Ascomycota_Saccharomycotina_Saccharomycetes_Saccharomycetales_Saccharomyces_cerevisiae_baker_s_yeast, Node1652*)",1198,2.9762532674017042,2.3475971722292814,c1
"(Eukaryota_Opisthokonta_Nucletmycea_Fungi_Dikarya_Ascomycota_Saccharomycotina_Saccharomycetes_Saccharomycetales_Saccharomyces_cerevisiae_baker_s_yeast, Node1652*)",1199,2.9762532674017042,2.3475971722292814,c1
"(Eukaryota_Opisthokonta_Nucletmycea_Fungi_Dikarya_Ascomycota_Saccharomycotina_Saccharomycetes_Saccharomycetales_Saccharomyces_cerevisiae_baker_s_yeast, Node1652*)",1209,-2.3853920771193258e-16,2.3475971722292814,c1
"(Eukaryota_Opisthokonta_Nucletmycea_Fungi_Dikarya_Ascomycota_Saccharomycotina_Saccharomycetes_Saccharomycetales_Saccharomyces_cerevisiae_baker_s_yeast, Node1652*)",1210,-1.8198507676061394e-16,2.3475971722292814,c1
"(Eukaryota_Opisthokonta_Nucletmycea_Fungi_Dikarya_Ascomycota_Saccharomycotina_Saccharomycetes_Saccharomycetales_Saccharomyces_cerevisiae_baker_s_yeast, Node1652*)",1212,-2.3874383533070657e-16,2.3475971722292814,c1
"(Eukaryota_Opisthokonta_Nucletmycea_Fungi_Dikarya_Ascomycota_Saccharomycotina_Saccharomycetes_Saccharomycetales_Saccharomyces_cerevisiae_baker_s_yeast, Node1652*)",1213,2.2044151602585562,2.3475971722292814,c1
"(Eukaryota_Opisthokonta_Nucletmycea_Fungi_Dikarya_Ascomycota_Saccharomycotina_Saccharomycetes_Saccharomycetales_Saccharomyces_cerevisiae_baker_s_yeast, Node1652*)",1214,2.2044151602585562,2.3475971722292814,c1
"(Eukaryota_Opisthokonta_Nucletmycea_Fungi_Dikarya_Ascomycota_Saccharomycotina_Saccharomycetes_Saccharomycetales_Saccharomyces_cerevisiae_baker_s_yeast, Node1652*)",1215,2.2044151602585562,2.3475971722292814,c1
"(Eukaryota_Opisthokonta_Nucletmycea_Fungi_Dikarya_Ascomycota_Saccharomycotina_Saccharomycetes_Saccharomycetales_Saccharomyces_cerevisiae_baker_s_yeast, Node1652*)",1216,2.2044151602585562,2.3475971722292814,c1
"(Eukaryota_Opisthokonta_Nucletmycea_Fungi_Dikarya_Ascomycota_Saccharomycotina_Saccharomycetes_Saccharomycetales_Saccharomyces_cerevisiae_baker_s_yeast, Node1652*)",1217,2.2044151602585562,2.3475971722292814,c1
"(Eukaryota_Opisthokonta_Nucletmycea_Fungi_Dikarya_Ascomycota_Saccharomycotina_Saccharomycetes_Saccharomycetales_Saccharomyces_cerevisiae_baker_s_yeast, Node1652*)",1219,2.9762532674017042,2.3475971722292814,c1
"(Eukaryota_Opisthokonta_Nucletmycea_Fungi_Dikarya_Ascomycota_Saccharomycotina_Saccharomycetes_Saccharomycetales_Saccharomyces_cerevisiae_baker_s_yeast, Node1652*)",1221,3.1818197541390296e-16,2.3475971722292814,c1
"(Eukaryota_Opisthokonta_Nucletmycea_Fungi_Dikarya_Ascomycota_Saccharomycotina_Saccharomycetes_Saccharomycetales_Saccharomyces_cerevisiae_baker_s_yeast, Node1652*)",1222,2.9762532674017042,2.3475971722292814,c1
"(Eukaryota_Opisthokonta_Nucletmycea_Fungi_Dikarya_Ascomycota_Saccharomycotina_Saccharomycetes_Saccharomycetales_Saccharomyces_cerevisiae_baker_s_yeast, Node1652*)",1223,-2.2960113384558161e-16,2.3475971722292814,c1
"(Eukaryota_Opisthokonta_Nucletmycea_Fungi_Dikarya_Ascomycota_Saccharomycotina_Saccharomycetes_Saccharomycetales_Saccharomyces_cerevisiae_baker_s_yeast, Node1652*)",1224,2.2044151602585562,2.3475971722292814,c1
"(Eukaryota_Opisthokonta_Nucletmycea_Fungi_Dikarya_Ascomycota_Saccharomycotina_Saccharomycetes_Saccharomycetales_Saccharomyces_cerevisiae_baker_s_yeast, Node1652*)",1227,3.3477171110772046,2.3475971722292814,c1
"(Eukaryota_Opisthokonta_Nucletmycea_Fungi_Dikarya_Ascomycota_Saccharomycotina_Saccharomycetes_Saccharomycetales_Saccharomyces_cerevisiae_baker_s_yeast, Node1652*)",1228,2.2044151602585562,2.3475971722292814,c1
"(Eukaryota_Opisthokonta_Nucletmycea_Fungi_Dikarya_Ascomycota_Saccharomycotina_Saccharomycetes_Saccharomycetales_Saccharomyces_cerevisiae_baker_s_yeast, Node1652*)",1229,3.3477171110772046,2.3475971722292814,c1
"(Eukaryota_Opisthokonta_Nucletmycea_Fungi_Dikarya_Ascomycota_Saccharomycotina_Saccharomycetes_Saccharomycetales_Saccharomyces_cerevisiae_baker_s_yeast, Node1652*)",1230,2.9762532674017042,2.3475971722292814,c1
"(Eukaryota_Opisthokonta_Nucletmycea_Fungi_Dikarya_Ascomycota_Saccharomycotina_Saccharomycetes_Saccharomycetales_Saccharomyces_cerevisiae_baker_s_yeast, Node1652*)",1231,2.9762532674017042,2.3475971722292814,c1
"(Eukaryota_Opisthokonta_Nucletmycea_Fungi_Dikarya_Ascomycota_Saccharomycotina_Saccharomycetes_Saccharomycetales_Saccharomyces_cerevisiae_baker_s_yeast, Node1652*)",1232,2.2044151602585562,2.3475971722292814,c1
"(Eukaryota_Opisthokonta_Nucletmycea_Fungi_Dikarya_Ascomycota_Saccharomycotina_Saccharomycetes_Saccharomycetales_Saccharomyces_cerevisiae_baker_s_yeast, Node1652*)",1235,3.3225181627916162e-16,2.3475971722292814,c1
"(Eukaryota_Opisthokonta_Nucletmycea_Fungi_Dikarya_Ascomycota_Saccharomycotina_Saccharomycetes_Saccharomycetales_Saccharomyces_cerevisiae_baker_s_yeast, Node1652*)",1237,2.9762532674017042,2.3475971722292814,c1
"(Eukaryota_Opisthokonta_Nucletmycea_Fungi_Dikarya_Ascomycota_Saccharomycotina_Saccharomycetes_Saccharomycetales_Saccharomyces_cerevisiae_baker_s_yeast, Node1652*)",1238,2.9762532674017042,2.3475971722292814,c1
"(Eukaryota_Opisthokonta_Nucletmycea_Fungi_Dikarya_Ascomycota_Saccharomycotina_Saccharomycetes_Saccharomycetales_Saccharomyces_cerevisiae_baker_s_yeast, Node1652*)",1239,2.9762532674017042,2.3475971722292814,c1
"(Eukaryota_Opisthokonta_Nucletmycea_Fungi_Dikarya_Ascomycota_Saccharomycotina_Saccharomycetes_Saccharomycetales_Saccharomyces_cerevisiae_baker_s_yeast, Node1652*)",1240,3.3477171110772046,2.3475971722292814,c1
"(Eukaryota_Opisthokonta_Nucletmycea_Fungi_Dikarya_Ascomycota_Saccharomycotina_Saccharomycetes_Saccharomycetales_Saccharomyces_cerevisiae_baker_s_yeast, Node1652*)",1241,1.9803818756485829e-16,2.3475971722292814,c1
"(Eukaryota_Opisthokonta_Nucletmycea_Fungi_Dikarya_Ascomycota_Saccharomycotina_Saccharomycetes_Saccharomycetales_Saccharomyces_cerevisiae_baker_s_yeast, Node1652*)",1242,-2.3763872481219833e-16,2.3475971722292814,c1
"(Eukaryota_Opisthokonta_Nucletmycea_Fungi_Dikarya_Ascomycota_Saccharomycotina_Saccharomycetes_Saccharomycetales_Saccharomyces_cerevisiae_baker_s_yeast, Node1652*)",1243,2.9762532674017042,2.3475971722292814,c1
"(Eukaryota_Opisthokonta_Nucletmycea_Fungi_Dikarya_Ascomycota_Saccharomycotina_Saccharomycetes_Saccharomycetales_Saccharomyces_cerevisiae_baker_s_yeast, Node1652*)",1244,2.9762532674017042,2.3475971722292814,c1
"(Eukaryota_Opisthokonta_Nucletmycea_Fungi_Dikarya_Ascomycota_Saccharomycotina_Saccharomycetes_Saccharomycetales_Saccharomyces_cerevisiae_baker_s_yeast, Node1652*)",1245,2.9762532674017042,2.3475971722292814,c1
"(Eukaryota_Opisthokonta_Nucletmycea_Fungi_Dikarya_Ascomycota_Saccharomycotina_Saccharomycetes_Saccharomycetales_Saccharomyces_cerevisiae_baker_s_yeast, Node1652*)",1246,2.2044151602585562,2.3475971722292814,c1
"(Eukaryota_Opisthokonta_Nucletmycea_Fungi_Dikarya_Ascomycota_Saccharomycotina_Saccharomycetes_Saccharomycetales_Saccharomyces_cerevisiae_baker_s_yeast, Node1652*)",1248,2.9762532674017042,2.3475971722292814,c1
"(Eukaryota_Opisthokonta_Nucletmycea_Fungi_Dikarya_Ascomycota_Saccharomycotina_Saccharomycetes_Saccharomycetales_Saccharomyces_cerevisiae_baker_s_yeast, Node1652*)",1249,2.9762532674017042,2.3475971722292814,c1
"(Eukaryota_Opisthokonta_Nucletmycea_Fungi_Dikarya_Ascomycota_Saccharomycotina_Saccharomycetes_Saccharomycetales_Saccharomyces_cerevisiae_baker_s_yeast, Node1652*)",1250,-2.2689119814759205e-16,2.3475971722292814,c1
"(Eukaryota_Opisthokonta_Nucletmycea_Fungi_Dikarya_Ascomycota_Saccharomycotina_Saccharomycetes_Saccharomycetales_Saccharomyces_cerevisiae_baker_s_yeast, Node1652*)",1251,2.7195973053278397e-16,2.3475971722292814,c1
"(Eukaryota_Opisthokonta_Nucletmycea_Fungi_Dikarya_Ascomycota_Saccharomycotina_Saccharomycetes_Saccharomycetales_Saccharomyces_cerevisiae_baker_s_yeast, Node1652*)",1252,2.2044151602585562,2.3475971722292814,c1
"(Eukaryota_Opisthokonta_Nucletmycea_Fungi_Dikarya_Ascomycota_Saccharomycotina_Saccharomycetes_Saccharomycetales_Saccharomyces_cerevisiae_baker_s_yeast, Node1652*)",1253,2.9762532674017042,2.3475971722292814,c1
"(Eukaryota_Opisthokonta_Nucletmycea_Fungi_Dikarya_Ascomycota_Saccharomycotina_Saccharomycetes_Saccharomycetales_Saccharomyces_cerevisiae_baker_s_yeast, Node1652*)",1254,3.3477171110772046,2.3475971722292814,c1
"(Eukaryota_Opisthokonta_Nucletmycea_Fungi_Dikarya_Ascomycota_Saccharomycotina_Saccharomycetes_Saccharomycetales_Saccharomyces_cerevisiae_baker_s_yeast, Node1652*)",1255,2.2044151602585562,2.3475971722292814,c1
"(Eukaryota_Opisthokonta_Nucletmycea_Fungi_Dikarya_Ascomycota_Saccharomycotina_Saccharomycetes_Saccharomycetales_Saccharomyces_cerevisiae_baker_s_yeast, Node1652*)",1256,2.2044151602585562,2.3475971722292814,c1
"(Eukaryota_Opisthokonta_Nucletmycea_Fungi_Dikarya_Ascomycota_Saccharomycotina_Saccharomycetes_Saccharomycetales_Saccharomyces_cerevisiae_baker_s_yeast, Node1652*)",1257,2.9762532674017042,2.3475971722292814,c1
"(Eukaryota_Opisthokonta_Nucletmycea_Fungi_Dikarya_Ascomycota_Saccharomycotina_Saccharomycetes_Saccharomycetales_Saccharomyces_cerevisiae_baker_s_yeast, Node1652*)",1258,2.9762532674017042,2.3475971722292814,c1
"(Eukaryota_Opisthokonta_Nucletmycea_Fungi_Dikarya_Ascomycota_Saccharomycotina_Saccharomycetes_Saccharomycetales_Saccharomyces_cerevisiae_baker_s_yeast, Node1652*)",1261,2.2044151602585562,2.3475971722292814,c1
"(Eukaryota_Opisthokonta_Nucletmycea_Fungi_Dikarya_Ascomycota_Saccharomycotina_Saccharomycetes_Saccharomycetales_Saccharomyces_cerevisiae_baker_s_yeast, Node1652*)",1262,3.3477171110772046,2.3475971722292814,c1
"(Eukaryota_Opisthokonta_Nucletmycea_Fungi_Dikarya_Ascomycota_Saccharomycotina_Saccharomycetes_Saccharomycetales_Saccharomyces_cerevisiae_baker_s_yeast, Node1652*)",1263,2.9762532674017042,2.3475971722292814,c1
"(Eukaryota_Opisthokonta_Nucletmycea_Fungi_Dikarya_Ascomycota_Saccharomycotina_Saccharomycetes_Saccharomycetales_Saccharomyces_cerevisiae_baker_s_yeast, Node1652*)",1264,3.3477171110772046,2.3475971722292814,c1
"(Eukaryota_Opisthokonta_Nucletmycea_Fungi_Dikarya_Ascomycota_Saccharomycotina_Saccharomycetes_Saccharomycetales_Saccharomyces_cerevisiae_baker_s_yeast, Node1652*)",1265,3.3477171110772046,2.3475971722292814,c1
"(Eukaryota_Opisthokonta_Nucletmycea_Fungi_Dikarya_Ascomycota_Saccharomycotina_Saccharomycetes_Saccharomycetales_Saccharomyces_cerevisiae_baker_s_yeast, Node1652*)",1267,2.9762532674017042,2.3475971722292814,c1
"(Eukaryota_Opisthokonta_Nucletmycea_Fungi_Dikarya_Ascomycota_Saccharomycotina_Saccharomycetes_Saccharomycetales_Saccharomyces_cerevisiae_baker_s_yeast, Node1652*)",1268,3.3477171110772046,2.3475971722292814,c1
"(Eukaryota_Opisthokonta_Nucletmycea_Fungi_Dikarya_Ascomycota_Saccharomycotina_Saccharomycetes_Saccharomycetales_Saccharomyces_cerevisiae_baker_s_yeast, Node1652*)",1269,3.3477171110772046,2.3475971722292814,c1
"(Eukaryota_Opisthokonta_Nucletmycea_Fungi_Dikarya_Ascomycota_Saccharomycotina_Saccharomycetes_Saccharomycetales_Saccharomyces_cerevisiae_baker_s_yeast, Node1652*)",1270,2.9762532674017042,2.3475971722292814,c1
"(Eukaryota_Opisthokonta_Nucletmycea_Fungi_Dikarya_Ascomycota_Saccharomycotina_Saccharomycetes_Saccharomycetales_Saccharomyces_cerevisiae_baker_s_yeast, Node1652*)",1271,2.2044151602585562,2.3475971722292814,c1
"(Eukaryota_Opisthokonta_Nucletmycea_Fungi_Dikarya_Ascomycota_Saccharomycotina_Saccharomycetes_Saccharomycetales_Saccharomyces_cerevisiae_baker_s_yeast, Node1652*)",1272,2.2044151602585562,2.3475971722292814,c1
"(Eukaryota_Opisthokonta_Nucletmycea_Fungi_Dikarya_Ascomycota_Saccharomycotina_Saccharomycetes_Saccharomycetales_Saccharomyces_cerevisiae_baker_s_yeast, Node1652*)",1274,2.2044151602585562,2.3475971722292814,c1
"(Eukaryota_Opisthokonta_Nucletmycea_Fungi_Dikarya_Ascomycota_Saccharomycotina_Saccharomycetes_Saccharomycetales_Saccharomyces_cerevisiae_baker_s_yeast, Node1652*)",1275,-2.2744639542543036e-16,2.3475971722292814,c1
"(Eukaryota_Opisthokonta_Nucletmycea_Fungi_Dikarya_Ascomycota_Saccharomycotina_Saccharomycetes_Saccharomycetales_Saccharomyces_cerevisiae_baker_s_yeast, Node1652*)",1276,2.2044151602585562,2.3475971722292814,c1
"(Eukaryota_Opisthokonta_Nucletmycea_Fungi_Dikarya_Ascomycota_Saccharomycotina_Saccharomycetes_Saccharomycetales_Saccharomyces_cerevisiae_baker_s_yeast, Node1652*)",1277,2.2044151602585562,2.3475971722292814,c1
"(Eukaryota_Opisthokonta_Nucletmycea_Fungi_Dikarya_Ascomycota_Saccharomycotina_Saccharomycetes_Saccharomycetales_Saccharomyces_cerevisiae_baker_s_yeast, Node1652*)",1278,2.9762532674017042,2.3475971722292814,c1
"(Eukaryota_Opisthokonta_Nucletmycea_Fungi_Dikarya_Ascomycota_Saccharomycotina_Saccharomycetes_Saccharomycetales_Saccharomyces_cerevisiae_baker_s_yeast, Node1652*)",1282,-1.0059493708395446e-16,2.3475971722292814,c1
"(Eukaryota_Opisthokonta_Nucletmycea_Fungi_Dikarya_Ascomycota_Saccharomycotina_Saccharomycetes_Saccharomycetales_Saccharomyces_cerevisiae_baker_s_yeast, Node1652*)",1283,2.2044151602585562,2.3475971722292814,c1
"(Eukaryota_Opisthokonta_Nucletmycea_Fungi_Dikarya_Ascomycota_Saccharomycotina_Saccharomycetes_Saccharomycetales_Saccharomyces_cerevisiae_baker_s_yeast, Node1652*)",1284,3.3477171110772046,2.3475971722292814,c1
"(Eukaryota_Opisthokonta_Nucletmycea_Fungi_Dikarya_Ascomycota_Saccharomycotina_Saccharomycetes_Saccharomycetales_Saccharomyces_cerevisiae_baker_s_yeast, Node1652*)",1285,2.2044151602585562,2.3475971722292814,c1
"(Eukaryota_Opisthokonta_Nucletmycea_Fungi_Dikarya_Ascomycota_Saccharomycotina_Saccharomycetes_Saccharomycetales_Saccharomyces_cerevisiae_baker_s_yeast, Node1652*)",1286,2.2044151602585562,2.3475971722292814,c1
"(Eukaryota_Opisthokonta_Nucletmycea_Fungi_Dikarya_Ascomycota_Saccharomycotina_Saccharomycetes_Saccharomycetales_Saccharomyces_cerevisiae_baker_s_yeast, Node1652*)",1287,3.3477171110772046,2.3475971722292814,c1
"(Eukaryota_Opisthokonta_Nucletmycea_Fungi_Dikarya_Ascomycota_Saccharomycotina_Saccharomycetes_Saccharomycetales_Saccharomyces_cerevisiae_baker_s_yeast, Node1652*)",1288,-2.3873128243746014e-16,2.3475971722292814,c1
"(Eukaryota_Opisthokonta_Nucletmycea_Fungi_Dikarya_Ascomycota_Saccharomycotina_Saccharomycetes_Saccharomycetales_Saccharomyces_cerevisiae_baker_s_yeast, Node1652*)",1290,2.9762532674017042,2.3475971722292814,c1
"(Eukaryota_Opisthokonta_Nucletmycea_Fungi_Dikarya_Ascomycota_Saccharomycotina_Saccharomycetes_Saccharomycetales_Saccharomyces_cerevisiae_baker_s_yeast, Node1652*)",1291,2.9762532674017042,2.3475971722292814,c1
"(Eukaryota_Opisthokonta_Nucletmycea_Fungi_Dikarya_Ascomycota_Saccharomycotina_Saccharomycetes_Saccharomycetales_Saccharomyces_cerevisiae_baker_s_yeast, Node1652*)",1292,-1.6332492487765227e-16,2.3475971722292814,c1
"(Eukaryota_Opisthokonta_Nucletmycea_Fungi_Dikarya_Ascomycota_Saccharomycotina_Saccharomycetes_Saccharomycetales_Saccharomyces_cerevisiae_baker_s_yeast, Node1652*)",1293,-2.3409734847997467e-16,2.3475971722292814,c1
"(Eukaryota_Opisthokonta_Nucletmycea_Fungi_Dikarya_Ascomycota_Saccharomycotina_Saccharomycetes_Saccharomycetales_Saccharomyces_cerevisiae_baker_s_yeast, Node1652*)",1294,-2.0445037452452866e-16,2.3475971722292814,c1
"(Eukaryota_Opisthokonta_Nucletmycea_Fungi_Dikarya_Ascomycota_Saccharomycotina_Saccharomycetes_Saccharomycetales_Saccharomyces_cerevisiae_baker_s_yeast, Node1652*)",1295,2.2044151602585562,2.3475971722292814,c1
"(Eukaryota_Opisthokonta_Nucletmycea_Fungi_Dikarya_Ascomycota_Saccharomycotina_Saccharomycetes_Saccharomycetales_Saccharomyces_cerevisiae_baker_s_yeast, Node1652*)",1296,2.9762532674017042,2.3475971722292814,c1
"(Eukaryota_Opisthokonta_Nucletmycea_Fungi_Dikarya_Ascomycota_Saccharomycotina_Saccharomycetes_Saccharomycetales_Saccharomyces_cerevisiae_baker_s_yeast, Node1652*)",1301,2.9762532674017042,2.3475971722292814,c1
"(Eukaryota_Opisthokonta_Nucletmycea_Fungi_Dikarya_Ascomycota_Saccharomycotina_Saccharomycetes_Saccharomycetales_Saccharomyces_cerevisiae_baker_s_yeast, Node1652*)",1302,3.3477171110772046,2.3475971722292814,c1
"(Eukaryota_Opisthokonta_Nucletmycea_Fungi_Dikarya_Ascomycota_Saccharomycotina_Saccharomycetes_Saccharomycetales_Saccharomyces_cerevisiae_baker_s_yeast, Node1652*)",1304,3.3477171110772046,2.3475971722292814,c1
"(Eukaryota_Opisthokonta_Nucletmycea_Fungi_Dikarya_Ascomycota_Saccharomycotina_Saccharomycetes_Saccharomycetales_Saccharomyces_cerevisiae_baker_s_yeast, Node1652*)",1305,2.2044151602585562,2.3475971722292814,c1
"(Eukaryota_Opisthokonta_Nucletmycea_Fungi_Dikarya_Ascomycota_Saccharomycotina_Saccharomycetes_Saccharomycetales_Saccharomyces_cerevisiae_baker_s_yeast, Node1652*)",1309,2.9762532674017042,2.3475971722292814,c1
"(Eukaryota_Opisthokonta_Nucletmycea_Fungi_Dikarya_Ascomycota_Saccharomycotina_Saccharomycetes_Saccharomycetales_Saccharomyces_cerevisiae_baker_s_yeast, Node1652*)",1310,2.9762532674017042,2.3475971722292814,c1
"(Eukaryota_Opisthokonta_Nucletmycea_Fungi_Dikarya_Ascomycota_Saccharomycotina_Saccharomycetes_Saccharomycetales_Saccharomyces_cerevisiae_baker_s_yeast, Node1652*)",1312,3.3477171110772046,2.3475971722292814,c1
"(Eukaryota_Opisthokonta_Nucletmycea_Fungi_Dikarya_Ascomycota_Saccharomycotina_Saccharomycetes_Saccharomycetales_Saccharomyces_cerevisiae_baker_s_yeast, Node1652*)",1313,-2.1801719393790948e-16,2.3475971722292814,c1
"(Eukaryota_Opisthokonta_Nucletmycea_Fungi_Dikarya_Ascomycota_Saccharomycotina_Saccharomycetes_Saccharomycetales_Saccharomyces_cerevisiae_baker_s_yeast, Node1652*)",1315,2.9762532674017042,2.3475971722292814,c1
"(Eukaryota_Opisthokonta_Nucletmycea_Fungi_Dikarya_Ascomycota_Saccharomycotina_Saccharomycetes_Saccharomycetales_Saccharomyces_cerevisiae_baker_s_yeast, Node1652*)",1316,3.3477171110772046,2.3475971722292814,c1
"(Eukaryota_Opisthokonta_Nucletmycea_Fungi_Dikarya_Ascomycota_Saccharomycotina_Saccharomycetes_Saccharomycetales_Saccharomyces_cerevisiae_baker_s_yeast, Node1652*)",1317,3.3477171110772046,2.3475971722292814,c1
"(Eukaryota_Opisthokonta_Nucletmycea_Fungi_Dikarya_Ascomycota_Saccharomycotina_Saccharomycetes_Saccharomycetales_Saccharomyces_cerevisiae_baker_s_yeast, Node1652*)",1323,3.3477171110772046,2.3475971722292814,c1
"(Eukaryota_Opisthokonta_Nucletmycea_Fungi_Dikarya_Ascomycota_Saccharomycotina_Saccharomycetes_Saccharomycetales_Saccharomyces_cerevisiae_baker_s_yeast, Node1652*)",1325,2.2044151602585562,2.3475971722292814,c1
"(Eukaryota_Opisthokonta_Nucletmycea_Fungi_Dikarya_Ascomycota_Saccharomycotina_Saccharomycetes_Saccharomycetales_Saccharomyces_cerevisiae_baker_s_yeast, Node1652*)",1326,2.9762532674017042,2.3475971722292814,c1
"(Eukaryota_Opisthokonta_Nucletmycea_Fungi_Dikarya_Ascomycota_Saccharomycotina_Saccharomycetes_Saccharomycetales_Saccharomyces_cerevisiae_baker_s_yeast, Node1652*)",1328,2.9762532674017042,2.3475971722292814,c1
"(Eukaryota_Opisthokonta_Nucletmycea_Fungi_Dikarya_Ascomycota_Saccharomycotina_Saccharomycetes_Saccharomycetales_Saccharomyces_cerevisiae_baker_s_yeast, Node1652*)",1359,2.7200784018560645e-16,2.3475971722292814,c1
"(Eukaryota_Opisthokonta_Nucletmycea_Fungi_Dikarya_Ascomycota_Saccharomycotina_Saccharomycetes_Saccharomycetales_Saccharomyces_cerevisiae_baker_s_yeast, Node1652*)",1361,-1.0696346955862693e-16,2.3475971722292814,c1
"(Eukaryota_Opisthokonta_Nucletmycea_Fungi_Dikarya_Ascomycota_Saccharomycotina_Saccharomycetes_Saccharomycetales_Saccharomyces_cerevisiae_baker_s_yeast, Node1652*)",1393,-1.7223745658375677e-16,2.3475971722292814,c1
"(Eukaryota_Opisthokonta_Nucletmycea_Fungi_Dikarya_Ascomycota_Saccharomycotina_Saccharomycetes_Saccharomycetales_Saccharomyces_cerevisiae_baker_s_yeast, Node1652*)",1394,1.8803503653047511e-16,2.3475971722292814,c1
"(Eukaryota_Opisthokonta_Nucletmycea_Fungi_Dikarya_Ascomycota_Saccharomycotina_Saccharomycetes_Saccharomycetales_Saccharomyces_cerevisiae_baker_s_yeast, Node1652*)",1395,3.3477171110772046,2.3475971722292814,c1
"(Eukaryota_Opisthokonta_Nucletmycea_Fungi_Dikarya_Ascomycota_Saccharomycotina_Saccharomycetes_Saccharomycetales_Saccharomyces_cerevisiae_baker_s_yeast, Node1652*)",1409,-1.7098090537272367e-16,2.3475971722292814,c1
"(Eukaryota_Opisthokonta_Nucletmycea_Fungi_Dikarya_Ascomycota_Saccharomycotina_Saccharomycetes_Saccharomycetales_Saccharomyces_cerevisiae_baker_s_yeast, Node1652*)",1410,2.4682188807418596e-16,2.3475971722292814,c1
"(Eukaryota_Opisthokonta_Nucletmycea_Fungi_Dikarya_Ascomycota_Saccharomycotina_Saccharomycetes_Saccharomycetales_Saccharomyces_cerevisiae_baker_s_yeast, Node1652*)",1411,2.2044151602585562,2.3475971722292814,c1
"(Eukaryota_Opisthokonta_Nucletmycea_Fungi_Dikarya_Ascomycota_Saccharomycotina_Saccharomycetes_Saccharomycetales_Saccharomyces_cerevisiae_baker_s_yeast, Node1652*)",1412,2.2044151602585562,2.3475971722292814,c1
"(Eukaryota_Opisthokonta_Nucletmycea_Fungi_Dikarya_Ascomycota_Saccharomycotina_Saccharomycetes_Saccharomycetales_Saccharomyces_cerevisiae_baker_s_yeast, Node1652*)",1413,-2.1813032323434295e-16,2.3475971722292814,c1
"(Eukaryota_Opisthokonta_Nucletmycea_Fungi_Dikarya_Ascomycota_Saccharomycotina_Saccharomycetes_Saccharomycetales_Saccharomyces_cerevisiae_baker_s_yeast, Node1652*)",1414,2.2044151602585562,2.3475971722292814,c1
"(Eukaryota_Opisthokonta_Nucletmycea_Fungi_Dikarya_Ascomycota_Saccharomycotina_Saccharomycetes_Saccharomycetales_Saccharomyces_cerevisiae_baker_s_yeast, Node1652*)",1416,-2.3853200477960714e-16,2.3475971722292814,c1
"(Eukaryota_Opisthokonta_Nucletmycea_Fungi_Dikarya_Ascomycota_Saccharomycotina_Saccharomycetes_Saccharomycetales_Saccharomyces_cerevisiae_baker_s_yeast, Node1652*)",1417,2.2044151602585562,2.3475971722292814,c1
"(Eukaryota_Opisthokonta_Nucletmycea_Fungi_Dikarya_Ascomycota_Saccharomycotina_Saccharomycetes_Saccharomycetales_Saccharomyces_cerevisiae_baker_s_yeast, Node1652*)",1418,3.3477171110772046,2.3475971722292814,c1
"(Eukaryota_Opisthokonta_Nucletmycea_Fungi_Dikarya_Ascomycota_Saccharomycotina_Saccharomycetes_Saccharomycetales_Saccharomyces_cerevisiae_baker_s_yeast, Node1652*)",1419,2.9762532674017042,2.3475971722292814,c1
"(Eukaryota_Opisthokonta_Nucletmycea_Fungi_Dikarya_Ascomycota_Saccharomycotina_Saccharomycetes_Saccharomycetales_Saccharomyces_cerevisiae_baker_s_yeast, Node1652*)",1420,-2.5265174802319045e-16,2.3475971722292814,c1
"(Eukaryota_Opisthokonta_Nucletmycea_Fungi_Dikarya_Ascomycota_Saccharomycotina_Saccharomycetes_Saccharomycetales_Saccharomyces_cerevisiae_baker_s_yeast, Node1652*)",1421,2.2044151602585562,2.3475971722292814,c1
"(Eukaryota_Opisthokonta_Nucletmycea_Fungi_Dikarya_Ascomycota_Saccharomycotina_Saccharomycetes_Saccharomycetales_Saccharomyces_cerevisiae_baker_s_yeast, Node1652*)",1422,2.2044151602585562,2.3475971722292814,c1
"(Eukaryota_Opisthokonta_Nucletmycea_Fungi_Dikarya_Ascomycota_Saccharomycotina_Saccharomycetes_Saccharomycetales_Saccharomyces_cerevisiae_baker_s_yeast, Node1652*)",1424,3.3477171110772046,2.3475971722292814,c1
"(Eukaryota_Opisthokonta_Nucletmycea_Fungi_Dikarya_Ascomycota_Saccharomycotina_Saccharomycetes_Saccharomycetales_Saccharomyces_cerevisiae_baker_s_yeast, Node1652*)",1425,2.2044151602585562,2.3475971722292814,c1
"(Eukaryota_Opisthokonta_Nucletmycea_Fungi_Dikarya_Ascomycota_Saccharomycotina_Saccharomycetes_Saccharomycetales_Saccharomyces_cerevisiae_baker_s_yeast, Node1652*)",1426,2.3759172593215016e-17,2.3475971722292814,c1
"(Eukaryota_Opisthokonta_Nucletmycea_Fungi_Dikarya_Ascomycota_Saccharomycotina_Saccharomycetes_Saccharomycetales_Saccharomyces_cerevisiae_baker_s_yeast, Node1652*)",1427,-2.376788180308857e-16,2.3475971722292814,c1
"(Eukaryota_Opisthokonta_Nucletmycea_Fungi_Dikarya_Ascomycota_Saccharomycotina_Saccharomycetes_Saccharomycetales_Saccharomyces_cerevisiae_baker_s_yeast, Node1652*)",1428,3.3477171110772046,2.3475971722292814,c1
"(Eukaryota_Opisthokonta_Nucletmycea_Fungi_Dikarya_Ascomycota_Saccharomycotina_Saccharomycetes_Saccharomycetales_Saccharomyces_cerevisiae_baker_s_yeast, Node1652*)",1429,-2.2172268429372035e-16,2.3475971722292814,c1
"(Eukaryota_Opisthokonta_Nucletmycea_Fungi_Dikarya_Ascomycota_Saccharomycotina_Saccharomycetes_Saccharomycetales_Saccharomyces_cerevisiae_baker_s_yeast, Node1652*)",1430,-2.3706246906464284e-16,2.3475971722292814,c1
"(Eukaryota_Opisthokonta_Nucletmycea_Fungi_Dikarya_Ascomycota_Saccharomycotina_Saccharomycetes_Saccharomycetales_Saccharomyces_cerevisiae_baker_s_yeast, Node1652*)",1431,2.9762532674017042,2.3475971722292814,c1
"(Eukaryota_Opisthokonta_Nucletmycea_Fungi_Dikarya_Ascomycota_Saccharomycotina_Saccharomycetes_Saccharomycetales_Saccharomyces_cerevisiae_baker_s_yeast, Node1652*)",1432,2.2044151602585562,2.3475971722292814,c1
"(Eukaryota_Opisthokonta_Nucletmycea_Fungi_Dikarya_Ascomycota_Saccharomycotina_Saccharomycetes_Saccharomycetales_Saccharomyces_cerevisiae_baker_s_yeast, Node1652*)",1433,-9.2157866047696712e-17,2.3475971722292814,c1
"(Eukaryota_Opisthokonta_Nucletmycea_Fungi_Dikarya_Ascomycota_Saccharomycotina_Saccharomycetes_Saccharomycetales_Saccharomyces_cerevisiae_baker_s_yeast, Node1652*)",1434,-2.4029746185887469e-16,2.3475971722292814,c1
"(Eukaryota_Opisthokonta_Nucletmycea_Fungi_Dikarya_Ascomycota_Saccharomycotina_Saccharomycetes_Saccharomycetales_Saccharomyces_cerevisiae_baker_s_yeast, Node1652*)",1435,2.2044151602585562,2.3475971722292814,c1
"(Eukaryota_Opisthokonta_Nucletmycea_Fungi_Dikarya_Ascomycota_Saccharomycotina_Saccharomycetes_Saccharomycetales_Saccharomyces_cerevisiae_baker_s_yeast, Node1652*)",1436,2.2044151602585562,2.3475971722292814,c1
"(Eukaryota_Opisthokonta_Nucletmycea_Fungi_Dikarya_Ascomycota_Saccharomycotina_Saccharomycetes_Saccharomycetales_Saccharomyces_cerevisiae_baker_s_yeast, Node1652*)",1437,-2.2693689837487279e-16,2.3475971722292814,c1
"(Eukaryota_Opisthokonta_Nucletmycea_Fungi_Dikarya_Ascomycota_Saccharomycotina_Saccharomycetes_Saccharomycetales_Saccharomyces_cerevisiae_baker_s_yeast, Node1652*)",1438,2.2044151602585562,2.3475971722292814,c1
"(Eukaryota_Opisthokonta_Nucletmycea_Fungi_Dikarya_Ascomycota_Saccharomycotina_Saccharomycetes_Saccharomycetales_Saccharomyces_cerevisiae_baker_s_yeast, Node1652*)",1441,2.2044151602585562,2.3475971722292814,c1
"(Eukaryota_Opisthokonta_Nucletmycea_Fungi_Dikarya_Ascomycota_Saccharomycotina_Saccharomycetes_Saccharomycetales_Saccharomyces_cerevisiae_baker_s_yeast, Node1652*)",1442,-1.3591888640277485e-16,2.3475971722292814,c1
"(Eukaryota_Opisthokonta_Nucletmycea_Fungi_Dikarya_Ascomycota_Saccharomycotina_Saccharomycetes_Saccharomycetales_Saccharomyces_cerevisiae_baker_s_yeast, Node1652*)",1443,2.2044151602585562,2.3475971722292814,c1
"(Eukaryota_Opisthokonta_Nucletmycea_Fungi_Dikarya_Ascomycota_Saccharomycotina_Saccharomycetes_Saccharomycetales_Saccharomyces_cerevisiae_baker_s_yeast, Node1652*)",1444,2.9762532674017042,2.3475971722292814,c1
"(Eukaryota_Opisthokonta_Nucletmycea_Fungi_Dikarya_Ascomycota_Saccharomycotina_Saccharomycetes_Saccharomycetales_Saccharomyces_cerevisiae_baker_s_yeast, Node1652*)",1447,-2.3369787369829931e-16,2.3475971722292814,c1
"(Eukaryota_Opisthokonta_Nucletmycea_Fungi_Dikarya_Ascomycota_Saccharomycotina_Saccharomycetes_Saccharomycetales_Saccharomyces_cerevisiae_baker_s_yeast, Node1652*)",1448,2.2044151602585562,2.3475971722292814,c1
"(Eukaryota_Opisthokonta_Nucletmycea_Fungi_Dikarya_Ascomycota_Saccharomycotina_Saccharomycetes_Saccharomycetales_Saccharomyces_cerevisiae_baker_s_yeast, Node1652*)",1449,-2.344032720441142e-16,2.3475971722292814,c1
"(Eukaryota_Opisthokonta_Nucletmycea_Fungi_Dikarya_Ascomycota_Saccharomycotina_Saccharomycetes_Saccharomycetales_Saccharomyces_cerevisiae_baker_s_yeast, Node1652*)",1454,-2.3853554846767348e-16,2.3475971722292814,c1
"(Eukaryota_Opisthokonta_Nucletmycea_Fungi_Dikarya_Ascomycota_Saccharomycotina_Saccharomycetes_Saccharomycetales_Saccharomyces_cerevisiae_baker_s_yeast, Node1652*)",1455,-2.3766365691137668e-16,2.3475971722292814,c1
"(Eukaryota_Opisthokonta_Nucletmycea_Fungi_Dikarya_Ascomycota_Saccharomycotina_Saccharomycetes_Saccharomycetales_Saccharomyces_cerevisiae_baker_s_yeast, Node1652*)",1456,2.9762532674017042,2.3475971722292814,c1
"(Eukaryota_Opisthokonta_Nucletmycea_Fungi_Dikarya_Ascomycota_Saccharomycotina_Saccharomycetes_Saccharomycetales_Saccharomyces_cerevisiae_baker_s_yeast, Node1652*)",1457,2.9762532674017042,2.3475971722292814,c1
"(Eukaryota_Opisthokonta_Nucletmycea_Fungi_Dikarya_Ascomycota_Saccharomycotina_Saccharomycetes_Saccharomycetales_Saccharomyces_cerevisiae_baker_s_yeast, Node1652*)",1458,-2.5069352647950842e-16,2.3475971722292814,c1
"(Eukaryota_Opisthokonta_Nucletmycea_Fungi_Dikarya_Ascomycota_Saccharomycotina_Saccharomycetes_Saccharomycetales_Saccharomyces_cerevisiae_baker_s_yeast, Node1652*)",1459,-2.4575600404015848e-16,2.3475971722292814,c1
"(Eukaryota_Opisthokonta_Nucletmycea_Fungi_Dikarya_Ascomycota_Saccharomycotina_Saccharomycetes_Saccharomycetales_Saccharomyces_cerevisiae_baker_s_yeast, Node1652*)",1460,2.2044151602585562,2.3475971722292814,c1
"(Eukaryota_Opisthokonta_Nucletmycea_Fungi_Dikarya_Ascomycota_Saccharomycotina_Saccharomycetes_Saccharomycetales_Saccharomyces_cerevisiae_baker_s_yeast, Node1652*)",1465,2.9762532674017042,2.3475971722292814,c1
"(Eukaryota_Opisthokonta_Nucletmycea_Fungi_Dikarya_Ascomycota_Saccharomycotina_Saccharomycetes_Saccharomycetales_Saccharomyces_cerevisiae_baker_s_yeast, Node1652*)",1466,2.9762532674017042,2.3475971722292814,c1
"(Eukaryota_Opisthokonta_Nucletmycea_Fungi_Dikarya_Ascomycota_Saccharomycotina_Saccharomycetes_Saccharomycetales_Saccharomyces_cerevisiae_baker_s_yeast, Node1652*)",1467,3.3477171110772046,2.3475971722292814,c1
"(Eukaryota_Opisthokonta_Nucletmycea_Fungi_Dikarya_Ascomycota_Saccharomycotina_Saccharomycetes_Saccharomycetales_Saccharomyces_cerevisiae_baker_s_yeast, Node1652*)",1468,2.2044151602585562,2.3475971722292814,c1
"(Eukaryota_Opisthokonta_Nucletmycea_Fungi_Dikarya_Ascomycota_Saccharomycotina_Saccharomycetes_Saccharomycetales_Saccharomyces_cerevisiae_baker_s_yeast, Node1652*)",1469,2.9762532674017042,2.3475971722292814,c1
"(Eukaryota_Opisthokonta_Nucletmycea_Fungi_Dikarya_Ascomycota_Saccharomycotina_Saccharomycetes_Saccharomycetales_Saccharomyces_cerevisiae_baker_s_yeast, Node1652*)",1470,2.9762532674017042,2.3475971722292814,c1
"(Eukaryota_Opisthokonta_Nucletmycea_Fungi_Dikarya_Ascomycota_Saccharomycotina_Saccharomycetes_Saccharomycetales_Saccharomyces_cerevisiae_baker_s_yeast, Node1652*)",1471,3.3477171110772046,2.3475971722292814,c1
"(Eukaryota_Opisthokonta_Nucletmycea_Fungi_Dikarya_Ascomycota_Saccharomycotina_Saccharomycetes_Saccharomycetales_Saccharomyces_cerevisiae_baker_s_yeast, Node1652*)",1472,2.2044151602585562,2.3475971722292814,c1
"(Eukaryota_Opisthokonta_Nucletmycea_Fungi_Dikarya_Ascomycota_Saccharomycotina_Saccharomycetes_Saccharomycetales_Saccharomyces_cerevisiae_baker_s_yeast, Node1652*)",1473,2.9762532674017042,2.3475971722292814,c1
"(Eukaryota_Opisthokonta_Nucletmycea_Fungi_Dikarya_Ascomycota_Saccharomycotina_Saccharomycetes_Saccharomycetales_Saccharomyces_cerevisiae_baker_s_yeast, Node1652*)",1474,2.2044151602585562,2.3475971722292814,c1
"(Eukaryota_Opisthokonta_Nucletmycea_Fungi_Dikarya_Ascomycota_Saccharomycotina_Saccharomycetes_Saccharomycetales_Saccharomyces_cerevisiae_baker_s_yeast, Node1652*)",1475,2.9762532674017042,2.3475971722292814,c1
"(Eukaryota_Opisthokonta_Nucletmycea_Fungi_Dikarya_Ascomycota_Saccharomycotina_Saccharomycetes_Saccharomycetales_Saccharomyces_cerevisiae_baker_s_yeast, Node1652*)",1476,3.3477171110772046,2.3475971722292814,c1
"(Eukaryota_Opisthokonta_Nucletmycea_Fungi_Dikarya_Ascomycota_Saccharomycotina_Saccharomycetes_Saccharomycetales_Saccharomyces_cerevisiae_baker_s_yeast, Node1652*)",1477,3.3477171110772046,2.3475971722292814,c1
"(Eukaryota_Opisthokonta_Nucletmycea_Fungi_Dikarya_Ascomycota_Saccharomycotina_Saccharomycetes_Saccharomycetales_Saccharomyces_cerevisiae_baker_s_yeast, Node1652*)",1478,-2.3806720845781682e-16,2.3475971722292814,c1
"(Eukaryota_Opisthokonta_Nucletmycea_Fungi_Dikarya_Ascomycota_Saccharomycotina_Saccharomycetes_Saccharomycetales_Saccharomyces_cerevisiae_baker_s_yeast, Node1652*)",1491,-2.5198213107797849e-16,2.3475971722292814,c1
"(Eukaryota_Opisthokonta_Nucletmycea_Fungi_Dikarya_Ascomycota_Saccharomycotina_Saccharomycetes_Saccharomycetales_Saccharomyces_cerevisiae_baker_s_yeast, Node1652*)",1492,2.9762532674017042,2.3475971722292814,c1
"(Eukaryota_Opisthokonta_Nucletmycea_Fungi_Dikarya_Ascomycota_Saccharomycotina_Saccharomycetes_Saccharomycetales_Saccharomyces_cerevisiae_baker_s_yeast, Node1652*)",1525,-2.5423692856482829e-16,2.3475971722292814,c1
"(Eukaryota_Opisthokonta_Nucletmycea_Fungi_Dikarya_Ascomycota_Saccharomycotina_Saccharomycetes_Saccharomycetales_Saccharomyces_cerevisiae_baker_s_yeast, Node1652*)",1526,3.3477171110772046,2.3475971722292814,c1
"(Eukaryota_Opisthokonta_Nucletmycea_Fungi_Dikarya_Ascomycota_Saccharomycotina_Saccharomycetes_Saccharomycetales_Saccharomyces_cerevisiae_baker_s_yeast, Node1652*)",1535,2.9762532674017042,2.3475971722292814,c1
"(Eukaryota_Opisthokonta_Nucletmycea_Fungi_Dikarya_Ascomycota_Saccharomycotina_Saccharomycetes_Saccharomycetales_Saccharomyces_cerevisiae_baker_s_yeast, Node1652*)",1536,3.3477171110772046,2.3475971722292814,c1
"(Eukaryota_Opisthokonta_Nucletmycea_Fungi_Dikarya_Ascomycota_Saccharomycotina_Saccharomycetes_Saccharomycetales_Saccharomyces_cerevisiae_baker_s_yeast, Node1652*)",1538,2.9762532674017042,2.3475971722292814,c1
"(Eukaryota_Opisthokonta_Nucletmycea_Fungi_Dikarya_Ascomycota_Saccharomycotina_Saccharomycetes_Saccharomycetales_Saccharomyces_cerevisiae_baker_s_yeast, Node1652*)",1555,-2.3848184789874068e-16,2.3475971722292814,c1
"(Eukaryota_Opisthokonta_Nucletmycea_Fungi_Dikarya_Ascomycota_Saccharomycotina_Saccharomycetes_Saccharomycetales_Saccharomyces_cerevisiae_baker_s_yeast, Node1652*)",1556,2.2044151602585562,2.3475971722292814,c1
"(Eukaryota_Opisthokonta_Nucletmycea_Fungi_Dikarya_Ascomycota_Saccharomycotina_Saccharomycetes_Saccharomycetales_Saccharomyces_cerevisiae_baker_s_yeast, Node1652*)",1557,2.2044151602585562,2.3475971722292814,c1
"(Eukaryota_Opisthokonta_Nucletmycea_Fungi_Dikarya_Ascomycota_Saccharomycotina_Saccharomycetes_Saccharomycetales_Saccharomyces_cerevisiae_baker_s_yeast, Node1652*)",1558,2.9762532674017042,2.3475971722292814,c1
"(Eukaryota_Opisthokonta_Nucletmycea_Fungi_Dikarya_Ascomycota_Saccharomycotina_Saccharomycetes_Saccharomycetales_Saccharomyces_cerevisiae_baker_s_yeast, Node1652*)",1559,2.9762532674017042,2.3475971722292814,c1
"(Eukaryota_Opisthokonta_Nucletmycea_Fungi_Dikarya_Ascomycota_Saccharomycotina_Saccharomycetes_Saccharomycetales_Saccharomyces_cerevisiae_baker_s_yeast, Node1652*)",1560,2.2044151602585562,2.3475971722292814,c1
"(Eukaryota_Opisthokonta_Nucletmycea_Fungi_Dikarya_Ascomycota_Saccharomycotina_Saccharomycetes_Saccharomycetales_Saccharomyces_cerevisiae_baker_s_yeast, Node1652*)",1561,-1.7072809185196047e-16,2.3475971722292814,c1
"(Eukaryota_Opisthokonta_Nucletmycea_Fungi_Dikarya_Ascomycota_Saccharomycotina_Saccharomycetes_Saccharomycetales_Saccharomyces_cerevisiae_baker_s_yeast, Node1652*)",1565,2.9762532674017042,2.3475971722292814,c1
"(Eukaryota_Opisthokonta_Nucletmycea_Fungi_Dikarya_Ascomycota_Saccharomycotina_Saccharomycetes_Saccharomycetales_Saccharomyces_cerevisiae_baker_s_yeast, Node1652*)",1566,2.2044151602585562,2.3475971722292814,c1
"(Eukaryota_Opisthokonta_Nucletmycea_Fungi_Dikarya_Ascomycota_Saccharomycotina_Saccharomycetes_Saccharomycetales_Saccharomyces_cerevisiae_baker_s_yeast, Node1652*)",1567,2.2044151602585562,2.3475971722292814,c1
"(Eukaryota_Opisthokonta_Nucletmycea_Fungi_Dikarya_Ascomycota_Saccharomycotina_Saccharomycetes_Saccharomycetales_Saccharomyces_cerevisiae_baker_s_yeast, Node1652*)",1570,2.9762532674017042,2.3475971722292814,c1
"(Eukaryota_Opisthokonta_Nucletmycea_Fungi_Dikarya_Ascomycota_Saccharomycotina_Saccharomycetes_Saccharomycetales_Saccharomyces_cerevisiae_baker_s_yeast, Node1652*)",1572,2.9762532674017042,2.3475971722292814,c1
"(Eukaryota_Opisthokonta_Nucletmycea_Fungi_Dikarya_Ascomycota_Saccharomycotina_Saccharomycetes_Saccharomycetales_Saccharomyces_cerevisiae_baker_s_yeast, Node1652*)",1573,2.9762532674017042,2.3475971722292814,c1
"(Eukaryota_Opisthokonta_Nucletmycea_Fungi_Dikarya_Ascomycota_Saccharomycotina_Saccharomycetes_Saccharomycetales_Saccharomyces_cerevisiae_baker_s_yeast, Node1652*)",1574,3.3477171110772046,2.3475971722292814,c1
"(Eukaryota_Opisthokonta_Nucletmycea_Fungi_Dikarya_Ascomycota_Saccharomycotina_Saccharomycetes_Saccharomycetales_Saccharomyces_cerevisiae_baker_s_yeast, Node1652*)",1575,2.9762532674017042,2.3475971722292814,c1
"(Eukaryota_Opisthokonta_Nucletmycea_Fungi_Dikarya_Ascomycota_Saccharomycotina_Saccharomycetes_Saccharomycetales_Saccharomyces_cerevisiae_baker_s_yeast, Node1652*)",1576,2.2044151602585562,2.3475971722292814,c1
"(Eukaryota_Opisthokonta_Nucletmycea_Fungi_Dikarya_Ascomycota_Saccharomycotina_Saccharomycetes_Saccharomycetales_Saccharomyces_cerevisiae_baker_s_yeast, Node1652*)",1578,-2.3599533644961296e-16,2.3475971722292814,c1
"(Eukaryota_Opisthokonta_Nucletmycea_Fungi_Dikarya_Ascomycota_Saccharomycotina_Saccharomycetes_Saccharomycetales_Saccharomyces_cerevisiae_baker_s_yeast, Node1652*)",1579,-2.4123661258873785e-16,2.3475971722292814,c1
"(Eukaryota_Opisthokonta_Nucletmycea_Fungi_Dikarya_Ascomycota_Saccharomycotina_Saccharomycetes_Saccharomycetales_Saccharomyces_cerevisiae_baker_s_yeast, Node1652*)",1582,2.2044151602585562,2.3475971722292814,c1
"(Eukaryota_Opisthokonta_Nucletmycea_Fungi_Dikarya_Ascomycota_Saccharomycotina_Saccharomycetes_Saccharomycetales_Saccharomyces_cerevisiae_baker_s_yeast, Node1652*)",1583,3.2414967308423114e-16,2.3475971722292814,c1
"(Eukaryota_Opisthokonta_Nucletmycea_Fungi_Dikarya_Ascomycota_Saccharomycotina_Saccharomycetes_Saccharomycetales_Saccharomyces_cerevisiae_baker_s_yeast, Node1652*)",1585,2.9762532674017042,2.3475971722292814,c1
"(Eukaryota_Opisthokonta_Nucletmycea_Fungi_Dikarya_Ascomycota_Saccharomycotina_Saccharomycetes_Saccharomycetales_Saccharomyces_cerevisiae_baker_s_yeast, Node1652*)",1586,-2.1300527863467206e-16,2.3475971722292814,c1
"(Eukaryota_Opisthokonta_Nucletmycea_Fungi_Dikarya_Ascomycota_Saccharomycotina_Saccharomycetes_Saccharomycetales_Saccharomyces_cerevisiae_baker_s_yeast, Node1652*)",1587,2.2044151602585562,2.3475971722292814,c1
"(Eukaryota_Opisthokonta_Nucletmycea_Fungi_Dikarya_Ascomycota_Saccharomycotina_Saccharomycetes_Saccharomycetales_Saccharomyces_cerevisiae_baker_s_yeast, Node1652*)",1589,3.3477171110772046,2.3475971722292814,c1
"(Eukaryota_Opisthokonta_Nucletmycea_Fungi_Dikarya_Ascomycota_Saccharomycotina_Saccharomycetes_Saccharomycetales_Saccharomyces_cerevisiae_baker_s_yeast, Node1652*)",1590,3.3477171110772046,2.3475971722292814,c1
"(Eukaryota_Opisthokonta_Nucletmycea_Fungi_Dikarya_Ascomycota_Saccharomycotina_Saccharomycetes_Saccharomycetales_Saccharomyces_cerevisiae_baker_s_yeast, Node1652*)",1592,-2.3745580732271074e-16,2.3475971722292814,c1
"(Eukaryota_Opisthokonta_Nucletmycea_Fungi_Dikarya_Ascomycota_Saccharomycotina_Saccharomycetes_Saccharomycetales_Saccharomyces_cerevisiae_baker_s_yeast, Node1652*)",1593,2.9762532674017042,2.3475971722292814,c1
"(Eukaryota_Opisthokonta_Nucletmycea_Fungi_Dikarya_Ascomycota_Saccharomycotina_Saccharomycetes_Saccharomycetales_Saccharomyces_cerevisiae_baker_s_yeast, Node1652*)",1595,2.9762532674017042,2.3475971722292814,c1
"(Eukaryota_Opisthokonta_Nucletmycea_Fungi_Dikarya_Ascomycota_Saccharomycotina_Saccharomycetes_Saccharomycetales_Saccharomyces_cerevisiae_baker_s_yeast, Node1652*)",1602,2.2044151602585562,2.3475971722292814,c1
"(Eukaryota_Opisthokonta_Nucletmycea_Fungi_Dikarya_Ascomycota_Saccharomycotina_Saccharomycetes_Saccharomycetales_Saccharomyces_cerevisiae_baker_s_yeast, Node1652*)",1603,2.2044151602585562,2.3475971722292814,c1
"(Eukaryota_Opisthokonta_Nucletmycea_Fungi_Dikarya_Ascomycota_Saccharomycotina_Saccharomycetes_Saccharomycetales_Saccharomyces_cerevisiae_baker_s_yeast, Node1652*)",1604,2.2044151602585562,2.3475971722292814,c1
"(Eukaryota_Opisthokonta_Nucletmycea_Fungi_Dikarya_Ascomycota_Saccharomycotina_Saccharomycetes_Saccharomycetales_Saccharomyces_cerevisiae_baker_s_yeast, Node1652*)",1605,3.3477171110772046,2.3475971722292814,c1
"(Eukaryota_Opisthokonta_Nucletmycea_Fungi_Dikarya_Ascomycota_Saccharomycotina_Saccharomycetes_Saccharomycetales_Saccharomyces_cerevisiae_baker_s_yeast, Node1652*)",1607,2.2044151602585562,2.3475971722292814,c1
"(Eukaryota_Opisthokonta_Nucletmycea_Fungi_Dikarya_Ascomycota_Saccharomycotina_Saccharomycetes_Saccharomycetales_Saccharomyces_cerevisiae_baker_s_yeast, Node1652*)",1608,3.3477171110772046,2.3475971722292814,c1
"(Eukaryota_Opisthokonta_Nucletmycea_Fungi_Dikarya_Ascomycota_Saccharomycotina_Saccharomycetes_Saccharomycetales_Saccharomyces_cerevisiae_baker_s_yeast, Node1652*)",1609,2.9762532674017042,2.3475971722292814,c1
"(Eukaryota_Opisthokonta_Nucletmycea_Fungi_Dikarya_Ascomycota_Saccharomycotina_Saccharomycetes_Saccharomycetales_Saccharomyces_cerevisiae_baker_s_yeast, Node1652*)",1610,3.3477171110772046,2.3475971722292814,c1
"(Eukaryota_Opisthokonta_Nucletmycea_Fungi_Dikarya_Ascomycota_Saccharomycotina_Saccharomycetes_Saccharomycetales_Saccharomyces_cerevisiae_baker_s_yeast, Node1652*)",1611,2.2044151602585562,2.3475971722292814,c1
"(Eukaryota_Opisthokonta_Nucletmycea_Fungi_Dikarya_Ascomycota_Saccharomycotina_Saccharomycetes_Saccharomycetales_Saccharomyces_cerevisiae_baker_s_yeast, Node1652*)",1612,3.3477171110772046,2.3475971722292814,c1
"(Eukaryota_Opisthokonta_Nucletmycea_Fungi_Dikarya_Ascomycota_Saccharomycotina_Saccharomycetes_Saccharomycetales_Saccharomyces_cerevisiae_baker_s_yeast, Node1652*)",1614,3.3477171110772046,2.3475971722292814,c1
"(Eukaryota_Opisthokonta_Nucletmycea_Fungi_Dikarya_Ascomycota_Saccharomycotina_Saccharomycetes_Saccharomycetales_Saccharomyces_cerevisiae_baker_s_yeast, Node1652*)",1617,-2.1248772965425552e-16,2.3475971722292814,c1
"(Eukaryota_Opisthokonta_Nucletmycea_Fungi_Dikarya_Ascomycota_Saccharomycotina_Saccharomycetes_Saccharomycetales_Saccharomyces_cerevisiae_baker_s_yeast, Node1652*)",1618,2.9762532674017042,2.3475971722292814,c1
"(Eukaryota_Opisthokonta_Nucletmycea_Fungi_Dikarya_Ascomycota_Saccharomycotina_Saccharomycetes_Saccharomycetales_Saccharomyces_cerevisiae_baker_s_yeast, Node1652*)",1619,3.3477171110772046,2.3475971722292814,c1
"(Eukaryota_Opisthokonta_Nucletmycea_Fungi_Dikarya_Ascomycota_Saccharomycotina_Saccharomycetes_Saccharomycetales_Saccharomyces_cerevisiae_baker_s_yeast, Node1652*)",1620,2.9762532674017042,2.3475971722292814,c1
"(Eukaryota_Opisthokonta_Nucletmycea_Fungi_Dikarya_Ascomycota_Saccharomycotina_Saccharomycetes_Saccharomycetales_Saccharomyces_cerevisiae_baker_s_yeast, Node1652*)",1621,3.3477171110772046,2.3475971722292814,c1
"(Eukaryota_Opisthokonta_Nucletmycea_Fungi_Dikarya_Ascomycota_Saccharomycotina_Saccharomycetes_Saccharomycetales_Saccharomyces_cerevisiae_baker_s_yeast, Node1652*)",1622,3.3557158757249001e-16,2.3475971722292814,c1
"(Eukaryota_Opisthokonta_Nucletmycea_Fungi_Dikarya_Ascomycota_Saccharomycotina_Saccharomycetes_Saccharomycetales_Saccharomyces_cerevisiae_baker_s_yeast, Node1652*)",1623,2.2044151602585562,2.3475971722292814,c1
"(Eukaryota_Opisthokonta_Nucletmycea_Fungi_Dikarya_Ascomycota_Saccharomycotina_Saccharomycetes_Saccharomycetales_Saccharomyces_cerevisiae_baker_s_yeast, Node1652*)",1631,3.3477171110772046,2.3475971722292814,c1
"(Eukaryota_Opisthokonta_Nucletmycea_Fungi_Dikarya_Ascomycota_Saccharomycotina_Saccharomycetes_Saccharomycetales_Saccharomyces_cerevisiae_baker_s_yeast, Node1652*)",1632,2.9762532674017042,2.3475971722292814,c1
"(Eukaryota_Opisthokonta_Nucletmycea_Fungi_Dikarya_Ascomycota_Saccharomycotina_Saccharomycetes_Saccharomycetales_Saccharomyces_cerevisiae_baker_s_yeast, Node1652*)",1637,2.2044151602585562,2.3475971722292814,c1
"(Eukaryota_Opisthokonta_Nucletmycea_Fungi_Dikarya_Ascomycota_Saccharomycotina_Saccharomycetes_Saccharomycetales_Saccharomyces_cerevisiae_baker_s_yeast, Node1652*)",1644,-2.4123661258873785e-16,2.3475971722292814,c1
"(Eukaryota_Opisthokonta_Nucletmycea_Fungi_Dikarya_Ascomycota_Saccharomycotina_Saccharomycetes_Saccharomycetales_Saccharomyces_cerevisiae_baker_s_yeast, Node1652*)",1651,2.2044151602585562,2.3475971722292814,c1
"(Eukaryota_Opisthokonta_Nucletmycea_Fungi_Dikarya_Ascomycota_Saccharomycotina_Saccharomycetes_Saccharomycetales_Saccharomyces_cerevisiae_baker_s_yeast, Node1652*)",1654,2.9762532674017042,2.3475971722292814,c1
"(Eukaryota_Opisthokonta_Nucletmycea_Fungi_Dikarya_Ascomycota_Saccharomycotina_Saccharomycetes_Saccharomycetales_Saccharomyces_cerevisiae_baker_s_yeast, Node1652*)",1661,2.2044151602585562,2.3475971722292814,c1
"(Eukaryota_Opisthokonta_Nucletmycea_Fungi_Dikarya_Ascomycota_Saccharomycotina_Saccharomycetes_Saccharomycetales_Saccharomyces_cerevisiae_baker_s_yeast, Node1652*)",1662,2.2044151602585562,2.3475971722292814,c1
"(Eukaryota_Opisthokonta_Nucletmycea_Fungi_Dikarya_Ascomycota_Saccharomycotina_Saccharomycetes_Saccharomycetales_Saccharomyces_cerevisiae_baker_s_yeast, Node1652*)",1666,2.9762532674017042,2.3475971722292814,c1
"(Eukaryota_Opisthokonta_Nucletmycea_Fungi_Dikarya_Ascomycota_Saccharomycotina_Saccharomycetes_Saccharomycetales_Saccharomyces_cerevisiae_baker_s_yeast, Node1652*)",1668,3.3477171110772046,2.3475971722292814,c1
"(Eukaryota_Opisthokonta_Nucletmycea_Fungi_Dikarya_Ascomycota_Saccharomycotina_Saccharomycetes_Saccharomycetales_Saccharomyces_cerevisiae_baker_s_yeast, Node1652*)",1673,2.9762532674017042,2.3475971722292814,c1
"(Eukaryota_Opisthokonta_Nucletmycea_Fungi_Dikarya_Ascomycota_Saccharomycotina_Saccharomycetes_Saccharomycetales_Saccharomyces_cerevisiae_baker_s_yeast, Node1652*)",1674,2.9762532674017042,2.3475971722292814,c1
"(Eukaryota_Opisthokonta_Nucletmycea_Fungi_Dikarya_Ascomycota_Saccharomycotina_Saccharomycetes_Saccharomycetales_Saccharomyces_cerevisiae_baker_s_yeast, Node1652*)",1675,2.9762532674017042,2.3475971722292814,c1
"(Eukaryota_Opisthokonta_Nucletmycea_Fungi_Dikarya_Ascomycota_Saccharomycotina_Saccharomycetes_Saccharomycetales_Saccharomyces_cerevisiae_baker_s_yeast, Node1652*)",1682,3.3477171110772046,2.3475971722292814,c1
"(Eukaryota_Opisthokonta_Nucletmycea_Fungi_Dikarya_Ascomycota_Saccharomycotina_Saccharomycetes_Saccharomycetales_Saccharomyces_cerevisiae_baker_s_yeast, Node1652*)",1685,2.2044151602585562,2.3475971722292814,c1
"(Eukaryota_Opisthokonta_Nucletmycea_Fungi_Dikarya_Ascomycota_Saccharomycotina_Saccharomycetes_Saccharomycetales_Saccharomyces_cerevisiae_baker_s_yeast, Node1652*)",1687,-2.5223159932395243e-16,2.3475971722292814,c1
"(Eukaryota_Opisthokonta_Nucletmycea_Fungi_Dikarya_Ascomycota_Saccharomycotina_Saccharomycetes_Saccharomycetales_Saccharomyces_cerevisiae_baker_s_yeast, Node1652*)",1689,2.2044151602585562,2.3475971722292814,c1
"(Eukaryota_Opisthokonta_Nucletmycea_Fungi_Dikarya_Ascomycota_Saccharomycotina_Saccharomycetes_Saccharomycetales_Saccharomyces_cerevisiae_baker_s_yeast, Node1652*)",1691,2.2044151602585562,2.3475971722292814,c1
"(Eukaryota_Opisthokonta_Nucletmycea_Fungi_Dikarya_Ascomycota_Saccharomycotina_Saccharomycetes_Saccharomycetales_Saccharomyces_cerevisiae_baker_s_yeast, Node1652*)",1692,2.9762532674017042,2.3475971722292814,c1
"(Eukaryota_Opisthokonta_Nucletmycea_Fungi_Dikarya_Ascomycota_Saccharomycotina_Saccharomycetes_Saccharomycetales_Saccharomyces_cerevisiae_baker_s_yeast, Node1652*)",1693,-2.3869924521005399e-16,2.3475971722292814,c1
"(Eukaryota_Opisthokonta_Nucletmycea_Fungi_Dikarya_Ascomycota_Saccharomycotina_Saccharomycetes_Saccharomycetales_Saccharomyces_cerevisiae_baker_s_yeast, Node1652*)",1695,2.2044151602585562,2.3475971722292814,c1
"(Eukaryota_Opisthokonta_Nucletmycea_Fungi_Dikarya_Ascomycota_Saccharomycotina_Saccharomycetes_Saccharomycetales_Saccharomyces_cerevisiae_baker_s_yeast, Node1652*)",1700,-2.3868144178515441e-16,2.3475971722292814,c1
"(Eukaryota_Opisthokonta_Nucletmycea_Fungi_Dikarya_Ascomycota_Saccharomycotina_Saccharomycetes_Saccharomycetales_Saccharomyces_cerevisiae_baker_s_yeast, Node1652*)",1701,-2.386002659551536e-16,2.3475971722292814,c1
"(Eukaryota_Opisthokonta_Nucletmycea_Fungi_Dikarya_Ascomycota_Saccharomycotina_Saccharomycetes_Saccharomycetales_Saccharomyces_cerevisiae_baker_s_yeast, Node1652*)",1702,2.2044151602585562,2.3475971722292814,c1
"(Eukaryota_Opisthokonta_Nucletmycea_Fungi_Dikarya_Ascomycota_Saccharomycotina_Saccharomycetes_Saccharomycetales_Saccharomyces_cerevisiae_baker_s_yeast, Node1652*)",1704,2.9762532674017042,2.3475971722292814,c1
"(Eukaryota_Opisthokonta_Nucletmycea_Fungi_Dikarya_Ascomycota_Saccharomycotina_Saccharomycetes_Saccharomycetales_Saccharomyces_cerevisiae_baker_s_yeast, Node1652*)",1705,2.9762532674017042,2.3475971722292814,c1
"(Eukaryota_Opisthokonta_Nucletmycea_Fungi_Dikarya_Ascomycota_Saccharomycotina_Saccharomycetes_Saccharomycetales_Saccharomyces_cerevisiae_baker_s_yeast, Node1652*)",1709,-1.7362273521915586e-16,2.3475971722292814,c1
"(Eukaryota_Opisthokonta_Nucletmycea_Fungi_Dikarya_Ascomycota_Saccharomycotina_Saccharomycetes_Saccharomycetales_Saccharomyces_cerevisiae_baker_s_yeast, Node1652*)",1714,3.3477171110772046,2.3475971722292814,c1
"(Eukaryota_Opisthokonta_Nucletmycea_Fungi_Dikarya_Ascomycota_Saccharomycotina_Saccharomycetes_Saccharomycetales_Saccharomyces_cerevisiae_baker_s_yeast, Node1652*)",1716,-2.3806323030842433e-16,2.3475971722292814,c1
"(Eukaryota_Opisthokonta_Nucletmycea_Fungi_Dikarya_Ascomycota_Saccharomycotina_Saccharomycetes_Saccharomycetales_Saccharomyces_cerevisiae_baker_s_yeast, Node1652*)",1717,3.3477171110772046,2.3475971722292814,c1
"(Eukaryota_Opisthokonta_Nucletmycea_Fungi_Dikarya_Ascomycota_Saccharomycotina_Saccharomycetes_Saccharomycetales_Saccharomyces_cerevisiae_baker_s_yeast, Node1652*)",1718,2.9762532674017042,2.3475971722292814,c1
"(Eukaryota_Opisthokonta_Nucletmycea_Fungi_Dikarya_Ascomycota_Saccharomycotina_Saccharomycetes_Saccharomycetales_Saccharomyces_cerevisiae_baker_s_yeast, Node1652*)",1719,2.9762532674017042,2.3475971722292814,c1
"(Eukaryota_Opisthokonta_Nucletmycea_Fungi_Dikarya_Ascomycota_Saccharomycotina_Saccharomycetes_Saccharomycetales_Saccharomyces_cerevisiae_baker_s_yeast, Node1652*)",1720,3.3477171110772046,2.3475971722292814,c1
"(Eukaryota_Opisthokonta_Nucletmycea_Fungi_Dikarya_Ascomycota_Saccharomycotina_Saccharomycetes_Saccharomycetales_Saccharomyces_cerevisiae_baker_s_yeast, Node1652*)",1723,2.2044151602585562,2.3475971722292814,c1
"(Eukaryota_Opisthokonta_Nucletmycea_Fungi_Dikarya_Ascomycota_Saccharomycotina_Saccharomycetes_Saccharomycetales_Saccharomyces_cerevisiae_baker_s_yeast, Node1652*)",1724,2.2044151602585562,2.3475971722292814,c1
"(Eukaryota_Opisthokonta_Nucletmycea_Fungi_Dikarya_Ascomycota_Saccharomycotina_Saccharomycetes_Saccharomycetales_Saccharomyces_cerevisiae_baker_s_yeast, Node1652*)",1725,2.9762532674017042,2.3475971722292814,c1
"(Eukaryota_Opisthokonta_Nucletmycea_Fungi_Dikarya_Ascomycota_Saccharomycotina_Saccharomycetes_Saccharomycetales_Saccharomyces_cerevisiae_baker_s_yeast, Node1652*)",1726,2.9762532674017042,2.3475971722292814,c1
"(Eukaryota_Opisthokonta_Nucletmycea_Fungi_Dikarya_Ascomycota_Saccharomycotina_Saccharomycetes_Saccharomycetales_Saccharomyces_cerevisiae_baker_s_yeast, Node1652*)",1727,-7.6382113343806975e-17,2.3475971722292814,c1
"(Eukaryota_Opisthokonta_Nucletmycea_Fungi_Dikarya_Ascomycota_Saccharomycotina_Saccharomycetes_Saccharomycetales_Saccharomyces_cerevisiae_baker_s_yeast, Node1652*)",1730,3.3477171110772046,2.3475971722292814,c1
"(Eukaryota_Opisthokonta_Nucletmycea_Fungi_Dikarya_Ascomycota_Saccharomycotina_Saccharomycetes_Saccharomycetales_Saccharomyces_cerevisiae_baker_s_yeast, Node1652*)",1731,-2.3268328179498374e-16,2.3475971722292814,c1
"(Eukaryota_Opisthokonta_Nucletmycea_Fungi_Dikarya_Ascomycota_Saccharomycotina_Saccharomycetes_Saccharomycetales_Saccharomyces_cerevisiae_baker_s_yeast, Node1652*)",1732,2.9762532674017042,2.3475971722292814,c1
"(Eukaryota_Opisthokonta_Nucletmycea_Fungi_Dikarya_Ascomycota_Saccharomycotina_Saccharomycetes_Saccharomycetales_Saccharomyces_cerevisiae_baker_s_yeast, Node1652*)",1733,2.2044151602585562,2.3475971722292814,c1
"(Eukaryota_Opisthokonta_Nucletmycea_Fungi_Dikarya_Ascomycota_Saccharomycotina_Saccharomycetes_Saccharomycetales_Saccharomyces_cerevisiae_baker_s_yeast, Node1652*)",1734,-1.9330793046028516e-16,2.3475971722292814,c1
"(Eukaryota_Opisthokonta_Nucletmycea_Fungi_Dikarya_Ascomycota_Saccharomycotina_Saccharomycetes_Saccharomycetales_Saccharomyces_cerevisiae_baker_s_yeast, Node1652*)",1735,2.9762532674017042,2.3475971722292814,c1
"(Eukaryota_Opisthokonta_Nucletmycea_Fungi_Dikarya_Ascomycota_Saccharomycotina_Saccharomycetes_Saccharomycetales_Saccharomyces_cerevisiae_baker_s_yeast, Node1652*)",1736,2.9762532674017042,2.3475971722292814,c1
"(Eukaryota_Opisthokonta_Nucletmycea_Fungi_Dikarya_Ascomycota_Saccharomycotina_Saccharomycetes_Saccharomycetales_Saccharomyces_cerevisiae_baker_s_yeast, Node1652*)",1738,3.3477171110772046,2.3475971722292814,c1
"(Eukaryota_Opisthokonta_Nucletmycea_Fungi_Dikarya_Ascomycota_Saccharomycotina_Saccharomycetes_Saccharomycetales_Saccharomyces_cerevisiae_baker_s_yeast, Node1652*)",1739,2.2044151602585562,2.3475971722292814,c1
"(Eukaryota_Opisthokonta_Nucletmycea_Fungi_Dikarya_Ascomycota_Saccharomycotina_Saccharomycetes_Saccharomycetales_Saccharomyces_cerevisiae_baker_s_yeast, Node1652*)",1744,-8.8240041983505991e-17,2.3475971722292814,c1
"(Eukaryota_Opisthokonta_Nucletmycea_Fungi_Dikarya_Ascomycota_Saccharomycotina_Saccharomycetes_Saccharomycetales_Saccharomyces_cerevisiae_baker_s_yeast, Node1652*)",1745,3.3477171110772046,2.3475971722292814,c1
"(Eukaryota_Opisthokonta_Nucletmycea_Fungi_Dikarya_Ascomycota_Saccharomycotina_Saccharomycetes_Saccharomycetales_Saccharomyces_cerevisiae_baker_s_yeast, Node1652*)",1746,2.9762532674017042,2.3475971722292814,c1
"(Eukaryota_Opisthokonta_Nucletmycea_Fungi_Dikarya_Ascomycota_Saccharomycotina_Saccharomycetes_Saccharomycetales_Saccharomyces_cerevisiae_baker_s_yeast, Node1652*)",1750,2.9762532674017042,2.3475971722292814,c1
"(Eukaryota_Opisthokonta_Nucletmycea_Fungi_Dikarya_Ascomycota_Saccharomycotina_Saccharomycetes_Saccharomycetales_Saccharomyces_cerevisiae_baker_s_yeast, Node1652*)",1756,3.3477171110772046,2.3475971722292814,c1
"(Eukaryota_Opisthokonta_Nucletmycea_Fungi_Dikarya_Ascomycota_Saccharomycotina_Saccharomycetes_Saccharomycetales_Saccharomyces_cerevisiae_baker_s_yeast, Node1652*)",1757,2.2044151602585562,2.3475971722292814,c1
"(Eukaryota_Opisthokonta_Nucletmycea_Fungi_Dikarya_Ascomycota_Saccharomycotina_Saccharomycetes_Saccharomycetales_Saccharomyces_cerevisiae_baker_s_yeast, Node1652*)",1759,-2.0169906638579937e-16,2.3475971722292814,c1
"(Eukaryota_Opisthokonta_Nucletmycea_Fungi_Dikarya_Ascomycota_Saccharomycotina_Saccharomycetes_Saccharomycetales_Saccharomyces_cerevisiae_baker_s_yeast, Node1652*)",1760,2.2044151602585562,2.3475971722292814,c1
"(Eukaryota_Opisthokonta_Nucletmycea_Fungi_Dikarya_Ascomycota_Saccharomycotina_Saccharomycetes_Saccharomycetales_Saccharomyces_cerevisiae_baker_s_yeast, Node1652*)",1761,2.9762532674017042,2.3475971722292814,c1
"(Eukaryota_Opisthokonta_Nucletmycea_Fungi_Dikarya_Ascomycota_Saccharomycotina_Saccharomycetes_Saccharomycetales_Saccharomyces_cerevisiae_baker_s_yeast, Node1652*)",1762,-1.3810896046784708e-16,2.3475971722292814,c1
"(Eukaryota_Opisthokonta_Nucletmycea_Fungi_Dikarya_Ascomycota_Saccharomycotina_Saccharomycetes_Saccharomycetales_Saccharomyces_cerevisiae_baker_s_yeast, Node1652*)",1763,-2.2371219296523658e-16,2.3475971722292814,c1
"(Eukaryota_Opisthokonta_Nucletmycea_Fungi_Dikarya_Ascomycota_Saccharomycotina_Saccharomycetes_Saccharomycetales_Saccharomyces_cerevisiae_baker_s_yeast, Node1652*)",1765,3.3477171110772046,2.3475971722292814,c1
"(Eukaryota_Opisthokonta_Nucletmycea_Fungi_Dikarya_Ascomycota_Saccharomycotina_Saccharomycetes_Saccharomycetales_Saccharomyces_cerevisiae_baker_s_yeast, Node1652*)",1766,2.2044151602585562,2.3475971722292814,c1
"(Eukaryota_Opisthokonta_Nucletmycea_Fungi_Dikarya_Ascomycota_Saccharomycotina_Saccharomycetes_Saccharomycetales_Saccharomyces_cerevisiae_baker_s_yeast, Node1652*)",1767,3.2269015788307608e-16,2.3475971722292814,c1
"(Eukaryota_Opisthokonta_Nucletmycea_Fungi_Dikarya_Ascomycota_Saccharomycotina_Saccharomycetes_Saccharomycetales_Saccharomyces_cerevisiae_baker_s_yeast, Node1652*)",1768,3.3477171110772046,2.3475971722292814,c1
"(Eukaryota_Opisthokonta_Nucletmycea_Fungi_Dikarya_Ascomycota_Saccharomycotina_Saccharomycetes_Saccharomycetales_Saccharomyces_cerevisiae_baker_s_yeast, Node1652*)",1769,3.3477171110772046,2.3475971722292814,c1
"(Eukaryota_Opisthokonta_Nucletmycea_Fungi_Dikarya_Ascomycota_Saccharomycotina_Saccharomycetes_Saccharomycetales_Saccharomyces_cerevisiae_baker_s_yeast, Node1652*)",1770,3.3477171110772046,2.3475971722292814,c1
"(Eukaryota_Opisthokonta_Nucletmycea_Fungi_Dikarya_Ascomycota_Saccharomycotina_Saccharomycetes_Saccharomycetales_Saccharomyces_cerevisiae_baker_s_yeast, Node1652*)",1771,3.3737832924417805e-16,2.3475971722292814,c1
"(Eukaryota_Opisthokonta_Nucletmycea_Fungi_Dikarya_Ascomycota_Saccharomycotina_Saccharomycetes_Saccharomycetales_Saccharomyces_cerevisiae_baker_s_yeast, Node1652*)",1772,2.2044151602585562,2.3475971722292814,c1
"(Eukaryota_Opisthokonta_Nucletmycea_Fungi_Dikarya_Ascomycota_Saccharomycotina_Saccharomycetes_Saccharomycetales_Saccharomyces_cerevisiae_baker_s_yeast, Node1652*)",1773,3.3477171110772046,2.3475971722292814,c1
"(Eukaryota_Opisthokonta_Nucletmycea_Fungi_Dikarya_Ascomycota_Saccharomycotina_Saccharomycetes_Saccharomycetales_Saccharomyces_cerevisiae_baker_s_yeast, Node1652*)",1776,-2.3755599193879912e-16,2.3475971722292814,c1
"(Eukaryota_Opisthokonta_Nucletmycea_Fungi_Dikarya_Ascomycota_Saccharomycotina_Saccharomycetes_Saccharomycetales_Saccharomyces_cerevisiae_baker_s_yeast, Node1652*)",1777,2.6497061608700485e-16,2.3475971722292814,c1
"(Eukaryota_Opisthokonta_Nucletmycea_Fungi_Dikarya_Ascomycota_Saccharomycotina_Saccharomycetes_Saccharomycetales_Saccharomyces_cerevisiae_baker_s_yeast, Node1652*)",1778,2.6130140116245835e-16,2.3475971722292814,c1
"(Eukaryota_Opisthokonta_Nucletmycea_Fungi_Dikarya_Ascomycota_Saccharomycotina_Saccharomycetes_Saccharomycetales_Saccharomyces_cerevisiae_baker_s_yeast, Node1652*)",1779,2.2044151602585562,2.3475971722292814,c1
"(Eukaryota_Opisthokonta_Nucletmycea_Fungi_Dikarya_Ascomycota_Saccharomycotina_Saccharomycetes_Saccharomycetales_Saccharomyces_cerevisiae_baker_s_yeast, Node1652*)",1780,-3.2247599059580421e-17,2.3475971722292814,c1
"(Eukaryota_Opisthokonta_Nucletmycea_Fungi_Dikarya_Ascomycota_Saccharomycotina_Saccharomycetes_Saccharomycetales_Saccharomyces_cerevisiae_baker_s_yeast, Node1652*)",1781,2.9762532674017042,2.3475971722292814,c1
"(Eukaryota_Opisthokonta_Nucletmycea_Fungi_Dikarya_Ascomycota_Saccharomycotina_Saccharomycetes_Saccharomycetales_Saccharomyces_cerevisiae_baker_s_yeast, Node1652*)",1782,3.3477171110772046,2.3475971722292814,c1
"(Eukaryota_Opisthokonta_Nucletmycea_Fungi_Dikarya_Ascomycota_Saccharomycotina_Saccharomycetes_Saccharomycetales_Saccharomyces_cerevisiae_baker_s_yeast, Node1652*)",1783,2.9762532674017042,2.3475971722292814,c1
"(Eukaryota_Opisthokonta_Nucletmycea_Fungi_Dikarya_Ascomycota_Saccharomycotina_Saccharomycetes_Saccharomycetales_Saccharomyces_cerevisiae_baker_s_yeast, Node1652*)",1784,3.3477171110772046,2.3475971722292814,c1
"(Eukaryota_Opisthokonta_Nucletmycea_Fungi_Dikarya_Ascomycota_Saccharomycotina_Saccharomycetes_Saccharomycetales_Saccharomyces_cerevisiae_baker_s_yeast, Node1652*)",1785,2.9762532674017042,2.3475971722292814,c1
"(Eukaryota_Opisthokonta_Nucletmycea_Fungi_Dikarya_Ascomycota_Saccharomycotina_Saccharomycetes_Saccharomycetales_Saccharomyces_cerevisiae_baker_s_yeast, Node1652*)",1786,3.3477171110772046,2.3475971722292814,c1
"(Eukaryota_Opisthokonta_Nucletmycea_Fungi_Dikarya_Ascomycota_Saccharomycotina_Saccharomycetes_Saccharomycetales_Saccharomyces_cerevisiae_baker_s_yeast, Node1652*)",1787,3.3477171110772046,2.3475971722292814,c1
"(Eukaryota_Opisthokonta_Nucletmycea_Fungi_Dikarya_Ascomycota_Saccharomycotina_Saccharomycetes_Saccharomycetales_Saccharomyces_cerevisiae_baker_s_yeast, Node1652*)",1788,2.2044151602585562,2.3475971722292814,c1
"(Eukaryota_Opisthokonta_Nucletmycea_Fungi_Dikarya_Ascomycota_Saccharomycotina_Saccharomycetes_Saccharomycetales_Saccharomyces_cerevisiae_baker_s_yeast, Node1652*)",1789,3.3477171110772046,2.3475971722292814,c1
"(Eukaryota_Opisthokonta_Nucletmycea_Fungi_Dikarya_Ascomycota_Saccharomycotina_Saccharomycetes_Saccharomycetales_Saccharomyces_cerevisiae_baker_s_yeast, Node1652*)",1790,3.3477171110772046,2.3475971722292814,c1
"(Eukaryota_Opisthokonta_Nucletmycea_Fungi_Dikarya_Ascomycota_Saccharomycotina_Saccharomycetes_Saccharomycetales_Saccharomyces_cerevisiae_baker_s_yeast, Node1652*)",1791,3.3477171110772046,2.3475971722292814,c1
"(Eukaryota_Opisthokonta_Nucletmycea_Fungi_Dikarya_Ascomycota_Saccharomycotina_Saccharomycetes_Saccharomycetales_Saccharomyces_cerevisiae_baker_s_yeast, Node1652*)",1792,2.2044151602585562,2.3475971722292814,c1
"(Eukaryota_Opisthokonta_Nucletmycea_Fungi_Dikarya_Ascomycota_Saccharomycotina_Saccharomycetes_Saccharomycetales_Saccharomyces_cerevisiae_baker_s_yeast, Node1652*)",1793,-5.1816203469266519e-17,2.3475971722292814,c1
"(Eukaryota_Opisthokonta_Nucletmycea_Fungi_Dikarya_Ascomycota_Saccharomycotina_Saccharomycetes_Saccharomycetales_Saccharomyces_cerevisiae_baker_s_yeast, Node1652*)",1794,3.3477171110772046,2.3475971722292814,c1
"(Eukaryota_Opisthokonta_Nucletmycea_Fungi_Dikarya_Ascomycota_Saccharomycotina_Saccharomycetes_Saccharomycetales_Saccharomyces_cerevisiae_baker_s_yeast, Node1652*)",1795,2.2044151602585562,2.3475971722292814,c1
"(Eukaryota_Opisthokonta_Nucletmycea_Fungi_Dikarya_Ascomycota_Saccharomycotina_Saccharomycetes_Saccharomycetales_Saccharomyces_cerevisiae_baker_s_yeast, Node1652*)",1800,2.5206072864145423e-16,2.3475971722292814,c1
"(Eukaryota_Opisthokonta_Nucletmycea_Fungi_Dikarya_Ascomycota_Saccharomycotina_Saccharomycetes_Saccharomycetales_Saccharomyces_cerevisiae_baker_s_yeast, Node1652*)",1805,2.9762532674017042,2.3475971722292814,c1
"(Eukaryota_Opisthokonta_Nucletmycea_Fungi_Dikarya_Ascomycota_Saccharomycotina_Saccharomycetes_Saccharomycetales_Saccharomyces_cerevisiae_baker_s_yeast, Node1652*)",1806,-1.6226833837902191e-16,2.3475971722292814,c1
"(Eukaryota_Opisthokonta_Nucletmycea_Fungi_Dikarya_Ascomycota_Saccharomycotina_Saccharomycetes_Saccharomycetales_Saccharomyces_cerevisiae_baker_s_yeast, Node1652*)",1821,2.9762532674017042,2.3475971722292814,c1
"(Eukaryota_Opisthokonta_Nucletmycea_Fungi_Dikarya_Ascomycota_Saccharomycotina_Saccharomycetes_Saccharomycetales_Saccharomyces_cerevisiae_baker_s_yeast, Node1652*)",1886,2.9762532674017042,2.3475971722292814,c1
"(Eukaryota_Opisthokonta_Nucletmycea_Fungi_Dikarya_Ascomycota_Saccharomycotina_Saccharomycetes_Saccharomycetales_Saccharomyces_cerevisiae_baker_s_yeast, Node1652*)",1901,2.9762532674017042,2.3475971722292814,c1
"(Eukaryota_Opisthokonta_Nucletmycea_Fungi_Dikarya_Ascomycota_Saccharomycotina_Saccharomycetes_Saccharomycetales_Saccharomyces_cerevisiae_baker_s_yeast, Node1652*)",1910,2.9762532674017042,2.3475971722292814,c1
"(Eukaryota_Opisthokonta_Nucletmycea_Fungi_Dikarya_Ascomycota_Saccharomycotina_Saccharomycetes_Saccharomycetales_Saccharomyces_cerevisiae_baker_s_yeast, Node1652*)",1911,2.9762532674017042,2.3475971722292814,c1
"(Eukaryota_Opisthokonta_Nucletmycea_Fungi_Dikarya_Ascomycota_Saccharomycotina_Saccharomycetes_Saccharomycetales_Saccharomyces_cerevisiae_baker_s_yeast, Node1652*)",1912,2.2044151602585562,2.3475971722292814,c1
"(Eukaryota_Opisthokonta_Nucletmycea_Fungi_Dikarya_Ascomycota_Saccharomycotina_Saccharomycetes_Saccharomycetales_Saccharomyces_cerevisiae_baker_s_yeast, Node1652*)",1913,3.1536435847768489e-16,2.3475971722292814,c1
"(Eukaryota_Opisthokonta_Nucletmycea_Fungi_Dikarya_Ascomycota_Saccharomycotina_Saccharomycetes_Saccharomycetales_Saccharomyces_cerevisiae_baker_s_yeast, Node1652*)",1914,3.3477171110772046,2.3475971722292814,c1
"(Eukaryota_Opisthokonta_Nucletmycea_Fungi_Dikarya_Ascomycota_Saccharomycotina_Saccharomycetes_Saccharomycetales_Saccharomyces_cerevisiae_baker_s_yeast, Node1652*)",1915,2.2044151602585562,2.3475971722292814,c1
"(Eukaryota_Opisthokonta_Nucletmycea_Fungi_Dikarya_Ascomycota_Saccharomycotina_Saccharomycetes_Saccharomycetales_Saccharomyces_cerevisiae_baker_s_yeast, Node1652*)",1916,3.3382243758614201e-16,2.3475971722292814,c1
"(Eukaryota_Opisthokonta_Nucletmycea_Fungi_Dikarya_Ascomycota_Saccharomycotina_Saccharomycetes_Saccharomycetales_Saccharomyces_cerevisiae_baker_s_yeast, Node1652*)",1917,2.9762532674017042,2.3475971722292814,c1
"(Eukaryota_Opisthokonta_Nucletmycea_Fungi_Dikarya_Ascomycota_Saccharomycotina_Saccharomycetes_Saccharomycetales_Saccharomyces_cerevisiae_baker_s_yeast, Node1652*)",1918,2.9762532674017042,2.3475971722292814,c1
"(Eukaryota_Opisthokonta_Nucletmycea_Fungi_Dikarya_Ascomycota_Saccharomycotina_Saccharomycetes_Saccharomycetales_Saccharomyces_cerevisiae_baker_s_yeast, Node1652*)",1919,3.3477171110772046,2.3475971722292814,c1
"(Eukaryota_Opisthokonta_Nucletmycea_Fungi_Dikarya_Ascomycota_Saccharomycotina_Saccharomycetes_Saccharomycetales_Saccharomyces_cerevisiae_baker_s_yeast, Node1652*)",1920,2.9762532674017042,2.3475971722292814,c1
"(Eukaryota_Opisthokonta_Nucletmycea_Fungi_Dikarya_Ascomycota_Saccharomycotina_Saccharomycetes_Saccharomycetales_Saccharomyces_cerevisiae_baker_s_yeast, Node1652*)",1921,2.9762532674017042,2.3475971722292814,c1
"(Eukaryota_Opisthokonta_Nucletmycea_Fungi_Dikarya_Ascomycota_Saccharomycotina_Saccharomycetes_Saccharomycetales_Saccharomyces_cerevisiae_baker_s_yeast, Node1652*)",1922,2.2044151602585562,2.3475971722292814,c1
"(Eukaryota_Opisthokonta_Nucletmycea_Fungi_Dikarya_Ascomycota_Saccharomycotina_Saccharomycetes_Saccharomycetales_Saccharomyces_cerevisiae_baker_s_yeast, Node1652*)",1923,2.2044151602585562,2.3475971722292814,c1
"(Eukaryota_Opisthokonta_Nucletmycea_Fungi_Dikarya_Ascomycota_Saccharomycotina_Saccharomycetes_Saccharomycetales_Saccharomyces_cerevisiae_baker_s_yeast, Node1652*)",1924,1.740518594080866e-16,2.3475971722292814,c1
"(Eukaryota_Opisthokonta_Nucletmycea_Fungi_Dikarya_Ascomycota_Saccharomycotina_Saccharomycetes_Saccharomycetales_Saccharomyces_cerevisiae_baker_s_yeast, Node1652*)",1927,3.3477171110772046,2.3475971722292814,c1
"(Eukaryota_Opisthokonta_Nucletmycea_Fungi_Dikarya_Ascomycota_Saccharomycotina_Saccharomycetes_Saccharomycetales_Saccharomyces_cerevisiae_baker_s_yeast, Node1652*)",1930,-2.4727312687683474e-16,2.3475971722292814,c1
"(Eukaryota_Opisthokonta_Nucletmycea_Fungi_Dikarya_Ascomycota_Saccharomycotina_Saccharomycetes_Saccharomycetales_Saccharomyces_cerevisiae_baker_s_yeast, Node1652*)",1931,2.9762532674017042,2.3475971722292814,c1
"(Eukaryota_Opisthokonta_Nucletmycea_Fungi_Dikarya_Ascomycota_Saccharomycotina_Saccharomycetes_Saccharomycetales_Saccharomyces_cerevisiae_baker_s_yeast, Node1652*)",1935,2.2044151602585562,2.3475971722292814,c1
"(Eukaryota_Opisthokonta_Nucletmycea_Fungi_Dikarya_Ascomycota_Saccharomycotina_Saccharomycetes_Saccharomycetales_Saccharomyces_cerevisiae_baker_s_yeast, Node1652*)",1936,2.9762532674017042,2.3475971722292814,c1
"(Eukaryota_Opisthokonta_Nucletmycea_Fungi_Dikarya_Ascomycota_Saccharomycotina_Saccharomycetes_Saccharomycetales_Saccharomyces_cerevisiae_baker_s_yeast, Node1652*)",1937,2.9762532674017042,2.3475971722292814,c1
"(Eukaryota_Opisthokonta_Nucletmycea_Fungi_Dikarya_Ascomycota_Saccharomycotina_Saccharomycetes_Saccharomycetales_Saccharomyces_cerevisiae_baker_s_yeast, Node1652*)",1940,3.3801300845970722e-16,2.3475971722292814,c1
"(Eukaryota_Opisthokonta_Nucletmycea_Fungi_Dikarya_Ascomycota_Saccharomycotina_Saccharomycetes_Saccharomycetales_Saccharomyces_cerevisiae_baker_s_yeast, Node1652*)",1941,2.2044151602585562,2.3475971722292814,c1
