model	branch_length	nsites	sample	rule	replicates	refined_fraction	legacy_fraction	refined_minus_legacy	paired_bootstrap_ci_low	paired_bootstrap_ci_high	refined_only	legacy_only	agreement	mean_delta_z	mean_delta_z_ci_low	mean_delta_z_ci_high	median_delta_z	delta_z_q10	delta_z_q90	mean_delta_decision_margin	mean_delta_decision_margin_ci_low	mean_delta_decision_margin_ci_high	median_delta_decision_margin
+I+G4	0.5	100	null_heldout	nominal	10000	0.0478	0.5093	-0.46149999999999997	-0.47110250000000004	-0.4518	0	4615	0.5385	-1.689638998164569	-1.6917271645913978	-1.6875508317377401	-1.6854071736705911	-1.8268450474841293	-1.5584258416466978	-1.689638998164569	-1.6917271645913978	-1.6875508317377401	-1.6854071736705911
+I+G4	0.5	100	alternative	nominal	20000	1.0	1.0	0.0	0.0	0.0	0	0	1.0	-0.9538820238487918	-0.9566905374017219	-0.9510735102958617	-0.9778368860231357	-1.1891779696091376	-0.6897721919439446	-0.9538820238487915	-0.9566905374017216	-0.9510735102958614	-0.9778368860231359
+I+G4	0.5	100	null_heldout	calibrated	10000	0.0576	0.0572	0.0003999999999999976	-0.0012	0.0019	34	30	0.9936	-1.689638998164569	-1.6917271645913978	-1.6875508317377401	-1.6854071736705911	-1.8268450474841293	-1.5584258416466978	-0.11803121576768859	-0.12011938219451747	-0.11594304934085971	-0.11379939127371053
+I+G4	0.5	100	alternative	calibrated	20000	1.0	1.0	0.0	0.0	0.0	0	0	1.0	-0.9538820238487918	-0.9566905374017219	-0.9510735102958617	-0.9778368860231357	-1.1891779696091376	-0.6897721919439446	0.6177257585480884	0.6149172449951583	0.6205342721010185	0.5937708963737447
+I+G4	0.5	500	null_heldout	nominal	10000	0.0491	0.9882	-0.9390999999999999	-0.9435	-0.9343	0	9391	0.0609	-3.7854786741949735	-3.7875353603845747	-3.7834219880053723	-3.783434043822039	-3.920214686874112	-3.652623996122114	-3.7854786741949735	-3.7875353603845747	-3.7834219880053723	-3.7834340438220386
+I+G4	0.5	500	alternative	nominal	20000	1.0	1.0	0.0	0.0	0.0	0	0	1.0	-2.1814942280174603	-2.184103981830253	-2.1788844742046676	-2.191651510903535	-2.416818259255737	-1.9361363239872595	-2.1814942280174603	-2.184103981830253	-2.1788844742046676	-2.1916515109035357
+I+G4	0.5	500	null_heldout	calibrated	10000	0.0504	0.0488	0.0015999999999999973	0.0002	0.003	34	18	0.9948	-3.7854786741949735	-3.7875353603845747	-3.7834219880053723	-3.783434043822039	-3.920214686874112	-3.652623996122114	-0.12908387560025064	-0.13114056178985165	-0.12702718941064964	-0.1270392452273157
+I+G4	0.5	500	alternative	calibrated	20000	1.0	1.0	0.0	0.0	0.0	0	0	1.0	-2.1814942280174603	-2.184103981830253	-2.1788844742046676	-2.191651510903535	-2.416818259255737	-1.9361363239872595	1.4749005705772642	1.4722908167644713	1.4775103243900571	1.4647432876911894
+I+G4	0.5	1000	null_heldout	nominal	10000	0.0486	1.0	-0.9514	-0.9556	-0.947	0	9514	0.0486	-5.352113566051569	-5.354158262309099	-5.35006886979404	-5.350651809256772	-5.48571998655884	-5.219048831831395	-5.352113566051569	-5.354158262309099	-5.35006886979404	-5.350651809256771
+I+G4	0.5	1000	alternative	nominal	20000	1.0	1.0	0.0	0.0	0.0	0	0	1.0	-3.0916987204288073	-3.0943102207320567	-3.089087220125558	-3.0973938770186553	-3.3273362634345705	-2.844764391282058	-3.0916987204288073	-3.0943102207320567	-3.089087220125558	-3.097393877018656
+I+G4	0.5	1000	null_heldout	calibrated	10000	0.0516	0.0498	0.001800000000000003	0.0004	0.0034	38	20	0.9942	-5.352113566051569	-5.354158262309099	-5.35006886979404	-5.350651809256772	-5.48571998655884	-5.219048831831395	-0.12411962902640639	-0.12616432528393576	-0.12207493276887701	-0.12265787223160896
+I+G4	0.5	1000	alternative	calibrated	20000	1.0	1.0	0.0	0.0	0.0	0	0	1.0	-3.0916987204288073	-3.0943102207320567	-3.089087220125558	-3.0973938770186553	-3.3273362634345705	-2.844764391282058	2.1362952165963556	2.133683716293106	2.138906716899605	2.1306000600065076
+I+G4	0.5	5000	null_heldout	nominal	10000	0.045	1.0	-0.955	-0.959	-0.9509	0	9550	0.045	-11.972120028277908	-11.974129024037662	-11.970111032518155	-11.97073388973608	-12.103948098033221	-11.84209418916364	-11.97212002827791	-11.974129024037664	-11.970111032518156	-11.970733889736081
+I+G4	0.5	5000	alternative	nominal	20000	1.0	1.0	0.0	0.0	0.0	0	0	1.0	-6.926100152212834	-6.928721178878243	-6.923479125547425	-6.928091832801698	-7.166987350312678	-6.679761653487587	-6.926100152212834	-6.928721178878243	-6.923479125547425	-6.928091832801699
+I+G4	0.5	5000	null_heldout	calibrated	10000	0.0423	0.0421	0.0001999999999999988	-0.0012	0.0016	27	25	0.9948	-11.972120028277908	-11.974129024037662	-11.970111032518155	-11.97073388973608	-12.103948098033221	-11.84209418916364	-0.13439264307932516	-0.13640163883907938	-0.13238364731957095	-0.13300650453749618
+I+G4	0.5	5000	alternative	calibrated	20000	1.0	1.0	0.0	0.0	0.0	0	0	1.0	-6.926100152212834	-6.928721178878243	-6.923479125547425	-6.928091832801698	-7.166987350312678	-6.679761653487587	4.911627232985754	4.9090062063203455	4.914248259651163	4.909635552396889
+I+G4	0.5	10000	null_heldout	nominal	10000	0.0514	1.0	-0.9486	-0.9528	-0.9442	0	9486	0.0514	-16.927406492037726	-16.92941445919435	-16.9253985248811	-16.92713834397688	-17.059240666711293	-16.79731242160113	-16.927406492037722	-16.929414459194348	-16.925398524881096	-16.92713834397688
+I+G4	0.5	10000	alternative	nominal	20000	1.0	1.0	0.0	0.0	0.0	0	0	1.0	-9.796471196074648	-9.799084581464843	-9.793857810684454	-9.79915445711557	-10.037046955575835	-9.55292415884741	-9.79647119607465	-9.799084581464845	-9.793857810684456	-9.799154457115572
+I+G4	0.5	10000	null_heldout	calibrated	10000	0.0505	0.0506	-9.999999999999593e-05	-0.0014	0.0012	23	24	0.9953	-16.927406492037726	-16.92941445919435	-16.9253985248811	-16.92713834397688	-17.059240666711293	-16.79731242160113	-0.13099298820298952	-0.13300095535961673	-0.1289850210463623	-0.13072484014214503
+I+G4	0.5	10000	alternative	calibrated	20000	1.0	1.0	0.0	0.0	0.0	0	0	1.0	-9.796471196074648	-9.799084581464843	-9.793857810684454	-9.79915445711557	-10.037046955575835	-9.55292415884741	6.99994230776008	6.997328922369887	7.002555693150274	6.9972590467191615
+I+G4	1.0	100	null_heldout	nominal	10000	0.0511	0.5204	-0.4693	-0.4789	-0.4594	0	4693	0.5307	-1.6921237702051366	-1.6942179409910818	-1.6900295994191914	-1.6861850522161528	-1.830288163948398	-1.5615099442285696	-1.6921237702051366	-1.6942179409910818	-1.6900295994191914	-1.686185052216153
+I+G4	1.0	100	alternative	nominal	20000	1.0	1.0	0.0	0.0	0.0	0	0	1.0	-1.1791929635881186	-1.1810410165631302	-1.177344910613107	-1.1913887929530729	-1.3369035300133134	-1.0041016605622077	-1.1791929635881189	-1.1810410165631304	-1.1773449106131073	-1.191388792953073
+I+G4	1.0	100	null_heldout	calibrated	10000	0.0571	0.0565	0.0005999999999999964	-0.0007	0.002	28	22	0.995	-1.6921237702051366	-1.6942179409910818	-1.6900295994191914	-1.6861850522161528	-1.830288163948398	-1.5615099442285696	-0.12338836463303501	-0.1254825354189802	-0.12129419384708982	-0.11744964664405133
+I+G4	1.0	100	alternative	calibrated	20000	1.0	1.0	0.0	0.0	0.0	0	0	1.0	-1.1791929635881186	-1.1810410165631302	-1.177344910613107	-1.1913887929530729	-1.3369035300133134	-1.0041016605622077	0.3895424419839829	0.38769438900897146	0.39139049495899436	0.3773466126190286
+I+G4	1.0	500	null_heldout	nominal	10000	0.0465	0.9893	-0.9428	-0.9473	-0.9381	0	9428	0.0572	-3.792245435357889	-3.794247890399845	-3.7902429803159334	-3.7887516627749536	-3.924889010309719	-3.6643871504553283	-3.7922454353578883	-3.794247890399844	-3.7902429803159325	-3.7887516627749527
+I+G4	1.0	500	alternative	nominal	20000	1.0	1.0	0.0	0.0	0.0	0	0	1.0	-2.6640317982010324	-2.6658053717003716	-2.6622582247016933	-2.669388507038299	-2.8247192167295436	-2.497396315927183	-2.664031798201032	-2.665805371700371	-2.662258224701693	-2.669388507038298
+I+G4	1.0	500	null_heldout	calibrated	10000	0.0503	0.0506	-0.00030000000000000165	-0.0015024999999999993	0.0009	19	22	0.9959	-3.792245435357889	-3.794247890399845	-3.7902429803159334	-3.7887516627749536	-3.924889010309719	-3.6643871504553283	-0.13089925942425953	-0.13290171446621507	-0.128896804382304	-0.1274054868413237
+I+G4	1.0	500	alternative	calibrated	20000	1.0	1.0	0.0	0.0	0.0	0	0	1.0	-2.6640317982010324	-2.6658053717003716	-2.6622582247016933	-2.669388507038299	-2.8247192167295436	-2.497396315927183	0.9973143777325965	0.9955408042332572	0.9990879512319357	0.9919576688953295
+I+G4	1.0	1000	null_heldout	nominal	10000	0.0496	1.0	-0.9504	-0.9547	-0.946	0	9504	0.0496	-5.362467790955973	-5.364510603659089	-5.3604249782528575	-5.360460235044666	-5.4982321038835735	-5.231356919611287	-5.362467790955973	-5.364510603659089	-5.3604249782528575	-5.360460235044666
+I+G4	1.0	1000	alternative	nominal	20000	1.0	1.0	0.0	0.0	0.0	0	0	1.0	-3.7732628274206754	-3.7750269125217186	-3.7714987423196322	-3.77655029233979	-3.9329659295418664	-3.608157928287176	-3.7732628274206754	-3.7750269125217186	-3.7714987423196322	-3.776550292339791
+I+G4	1.0	1000	null_heldout	calibrated	10000	0.0526	0.0554	-0.002799999999999997	-0.0043	-0.0014	13	41	0.9946	-5.362467790955973	-5.364510603659089	-5.3604249782528575	-5.360460235044666	-5.4982321038835735	-5.231356919611287	-0.1304846865281138	-0.13252749923122992	-0.12844187382499767	-0.12847713061680732
+I+G4	1.0	1000	alternative	calibrated	20000	1.0	1.0	0.0	0.0	0.0	0	0	1.0	-3.7732628274206754	-3.7750269125217186	-3.7714987423196322	-3.77655029233979	-3.9329659295418664	-3.608157928287176	1.4587202770071834	1.4569561919061402	1.4604843621082266	1.4554328120880689
+I+G4	1.0	5000	null_heldout	nominal	10000	0.0484	1.0	-0.9516	-0.9558	-0.9473	0	9516	0.0484	-11.994378965776807	-11.996385350326891	-11.992372581226723	-11.993184694359222	-12.126039381814255	-11.863764526283644	-11.994378965776809	-11.996385350326893	-11.992372581226725	-11.993184694359222
+I+G4	1.0	5000	alternative	nominal	20000	1.0	1.0	0.0	0.0	0.0	0	0	1.0	-8.443833244407209	-8.445604613245406	-8.442061875569012	-8.446148625953931	-8.60607746424559	-8.27759382688801	-8.443833244407212	-8.44560461324541	-8.442061875569015	-8.446148625953933
+I+G4	1.0	5000	null_heldout	calibrated	10000	0.0481	0.0487	-0.0006000000000000033	-0.0019	0.0007	19	25	0.9956	-11.994378965776807	-11.996385350326891	-11.992372581226723	-11.993184694359222	-12.126039381814255	-11.863764526283644	-0.13623992088976705	-0.13824630543985036	-0.13423353633968374	-0.13504564947218078
+I+G4	1.0	5000	alternative	calibrated	20000	1.0	1.0	0.0	0.0	0.0	0	0	1.0	-8.443833244407209	-8.445604613245406	-8.442061875569012	-8.446148625953931	-8.60607746424559	-8.27759382688801	3.41430580047983	3.4125344316416335	3.4160771693180267	3.41199041893311
+I+G4	1.0	10000	null_heldout	nominal	10000	0.0499	1.0	-0.9501	-0.9545	-0.9457	0	9501	0.0499	-16.96333005515793	-16.965361559506356	-16.961298550809502	-16.963635357628874	-17.096783680373818	-16.83182926348345	-16.963330055157925	-16.965361559506352	-16.9612985508095	-16.963635357628867
+I+G4	1.0	10000	alternative	nominal	20000	1.0	1.0	0.0	0.0	0.0	0	0	1.0	-11.944636611896309	-11.946384030311597	-11.94288919348102	-11.945783659154714	-12.106014078909002	-11.78115001846954	-11.94463661189631	-11.946384030311599	-11.942889193481022	-11.945783659154715
+I+G4	1.0	10000	null_heldout	calibrated	10000	0.0511	0.0497	0.0013999999999999985	0.0001	0.0027	29	15	0.9956	-16.96333005515793	-16.965361559506356	-16.961298550809502	-16.963635357628874	-17.096783680373818	-16.83182926348345	-0.13186957198228502	-0.13390107633071077	-0.12983806763385927	-0.13217487445322895
+I+G4	1.0	10000	alternative	calibrated	20000	1.0	1.0	0.0	0.0	0.0	0	0	1.0	-11.944636611896309	-11.946384030311597	-11.94288919348102	-11.945783659154714	-12.106014078909002	-11.78115001846954	4.88682387127933	4.885076452864042	4.888571289694618	4.885676824020926
+I+G4	2.0	100	null_heldout	nominal	10000	0.0442	0.5058	-0.4616	-0.4715	-0.4518975	0	4616	0.5384	-1.6956140644984585	-1.6977232577813144	-1.6935048712156027	-1.6897194357932908	-1.8350964451273684	-1.5638641633159502	-1.695614064498458	-1.697723257781314	-1.6935048712156022	-1.6897194357932908
+I+G4	2.0	100	alternative	nominal	20000	0.99985	1.0	-0.00014999999999998348	-0.00035	0.0	0	3	0.99985	-1.315159284813793	-1.3166313626845163	-1.3136872069430696	-1.3232425631442029	-1.4437146042484015	-1.175796684627852	-1.3151592848137934	-1.3166313626845167	-1.31368720694307	-1.323242563144203
+I+G4	2.0	100	null_heldout	calibrated	10000	0.048	0.0475	0.0005000000000000004	-0.0009	0.0019	28	23	0.9949	-1.6956140644984585	-1.6977232577813144	-1.6935048712156027	-1.6897194357932908	-1.8350964451273684	-1.5638641633159502	-0.11976613186073584	-0.12187532514359165	-0.11765693857788004	-0.11387150315556815
+I+G4	2.0	100	alternative	calibrated	20000	0.99985	0.99985	0.0	0.0	0.0	0	0	1.0	-1.315159284813793	-1.3166313626845163	-1.3136872069430696	-1.3232425631442029	-1.4437146042484015	-1.175796684627852	0.2606886478239295	0.2592165699532062	0.26216072569465276	0.25260536949351975
+I+G4	2.0	500	null_heldout	nominal	10000	0.0459	0.9866	-0.9407	-0.9454	-0.9359	0	9407	0.0593	-3.796020174509475	-3.798092212542601	-3.7939481364763488	-3.7928416374116125	-3.9316184243668157	-3.6632276013572165	-3.796020174509473	-3.798092212542599	-3.793948136476347	-3.7928416374116125
+I+G4	2.0	500	alternative	nominal	20000	1.0	1.0	0.0	0.0	0.0	0	0	1.0	-2.9549977208922122	-2.9564116759588135	-2.953583765825611	-2.957660280035171	-3.0828531719292296	-2.823073652260714	-2.9549977208922114	-2.9564116759588126	-2.95358376582561	-2.95766028003517
+I+G4	2.0	500	null_heldout	calibrated	10000	0.0476	0.0478	-0.0001999999999999988	-0.0014	0.0011	20	22	0.9958	-3.796020174509475	-3.798092212542601	-3.7939481364763488	-3.7928416374116125	-3.9316184243668157	-3.6632276013572165	-0.12802898873142213	-0.1301010267645481	-0.12595695069829616	-0.12485045163356112
+I+G4	2.0	500	alternative	calibrated	20000	1.0	1.0	0.0	0.0	0.0	0	0	1.0	-2.9549977208922122	-2.9564116759588135	-2.953583765825611	-2.957660280035171	-3.0828531719292296	-2.823073652260714	0.7129934648858389	0.7115795098192377	0.7144074199524402	0.7103309057428806
+I+G4	2.0	1000	null_heldout	nominal	10000	0.0465	1.0	-0.9535	-0.9576	-0.9494	0	9535	0.0465	-5.365740603225504	-5.367783239749179	-5.363697966701829	-5.363626453975814	-5.502550061257112	-5.230758991966495	-5.365740603225503	-5.367783239749178	-5.363697966701828	-5.363626453975814
+I+G4	2.0	1000	alternative	nominal	20000	1.0	1.0	0.0	0.0	0.0	0	0	1.0	-4.183083492435885	-4.184515673879245	-4.181651310992525	-4.185900362211218	-4.3124941504131105	-4.049879851088482	-4.183083492435885	-4.184515673879245	-4.181651310992525	-4.185900362211217
+I+G4	2.0	1000	null_heldout	calibrated	10000	0.0496	0.05	-0.0004000000000000045	-0.0018	0.0011	25	29	0.9946	-5.365740603225504	-5.367783239749179	-5.363697966701829	-5.363626453975814	-5.502550061257112	-5.230758991966495	-0.12759001238853532	-0.12963264891221046	-0.12554737586486017	-0.1254758631388464
+I+G4	2.0	1000	alternative	calibrated	20000	1.0	1.0	0.0	0.0	0.0	0	0	1.0	-4.183083492435885	-4.184515673879245	-4.181651310992525	-4.185900362211218	-4.3124941504131105	-4.049879851088482	1.0550670984010817	1.0536349169577215	1.056499279844442	1.0522502286257494
+I+G4	2.0	5000	null_heldout	nominal	10000	0.0455	1.0	-0.9545	-0.9585	-0.9503	0	9545	0.0455	-12.003131925923281	-12.005166269166626	-12.001097582679936	-12.00190054242217	-12.138095677705575	-11.872009892283488	-12.003131925923283	-12.005166269166628	-12.001097582679938	-12.00190054242217
+I+G4	2.0	5000	alternative	nominal	20000	1.0	1.0	0.0	0.0	0.0	0	0	1.0	-9.359576624101884	-9.361005325722871	-9.358147922480896	-9.360704174994186	-9.489179349019095	-9.226698318840409	-9.359576624101887	-9.361005325722875	-9.3581479224809	-9.360704174994188
+I+G4	2.0	5000	null_heldout	calibrated	10000	0.0458	0.045	0.0008000000000000021	-0.0008	0.002302500000000009	36	28	0.9936	-12.003131925923281	-12.005166269166626	-12.001097582679936	-12.00190054242217	-12.138095677705575	-11.872009892283488	-0.13798756738603762	-0.14002191062938185	-0.1359532241426934	-0.13675618388492605
+I+G4	2.0	5000	alternative	calibrated	20000	1.0	1.0	0.0	0.0	0.0	0	0	1.0	-9.359576624101884	-9.361005325722871	-9.358147922480896	-9.360704174994186	-9.489179349019095	-9.226698318840409	2.50556773443536	2.5041390328143733	2.506996436056347	2.5044401835430588
+I+G4	2.0	10000	null_heldout	nominal	10000	0.0501	1.0	-0.9499	-0.9541	-0.9456	0	9499	0.0501	-16.977312611549355	-16.979358142946165	-16.975267080152545	-16.978419009378484	-17.111917892807423	-16.843238836211526	-16.977312611549355	-16.979358142946165	-16.975267080152545	-16.978419009378477
+I+G4	2.0	10000	alternative	nominal	20000	1.0	1.0	0.0	0.0	0.0	0	0	1.0	-13.236895334137392	-13.238321204444707	-13.235469463830077	-13.237705564147902	-13.368053811487977	-13.105139702153707	-13.236895334137394	-13.23832120444471	-13.235469463830078	-13.237705564147904
+I+G4	2.0	10000	null_heldout	calibrated	10000	0.0508	0.049	0.001799999999999996	0.0004	0.0033	37	19	0.9944	-16.977312611549355	-16.979358142946165	-16.975267080152545	-16.978419009378484	-17.111917892807423	-16.843238836211526	-0.12274069248946166	-0.12478622388627282	-0.12069516109265051	-0.12384709031858954
+I+G4	2.0	10000	alternative	calibrated	20000	1.0	1.0	0.0	0.0	0.0	0	0	1.0	-13.236895334137392	-13.238321204444707	-13.235469463830077	-13.237705564147902	-13.368053811487977	-13.105139702153707	3.617676584922499	3.616250714615184	3.6191024552298146	3.6168663549119877
+I+G4	3.0	100	null_heldout	nominal	10000	0.0431	0.5134	-0.47029999999999994	-0.4803	-0.4601975	0	4703	0.5297	-1.6937710902974628	-1.6958644333709223	-1.6916777472240032	-1.6885331379076851	-1.831789774656257	-1.5616031938165686	-1.6937710902974628	-1.6958644333709223	-1.6916777472240032	-1.6885331379076853
+I+G4	3.0	100	alternative	nominal	20000	0.99695	1.0	-0.003049999999999997	-0.00385	-0.0023	0	61	0.99695	-1.3747074778139825	-1.3761021182622932	-1.3733128373656718	-1.3797822277669893	-1.4987942094503086	-1.2433350458303714	-1.3747074778139825	-1.3761021182622932	-1.3733128373656718	-1.3797822277669896
+I+G4	3.0	100	null_heldout	calibrated	10000	0.048	0.0486	-0.0005999999999999964	-0.002	0.0009	26	32	0.9942	-1.6937710902974628	-1.6958644333709223	-1.6916777472240032	-1.6885331379076851	-1.831789774656257	-1.5616031938165686	-0.12406200906031668	-0.12615535213377627	-0.1219686659868571	-0.11882405667053941
+I+G4	3.0	100	alternative	calibrated	20000	0.9972	0.99695	0.00024999999999997247	0.0	0.0005	6	1	0.99965	-1.3747074778139825	-1.3761021182622932	-1.3733128373656718	-1.3797822277669893	-1.4987942094503086	-1.2433350458303714	0.1950016034231635	0.19360696297485286	0.19639624387147414	0.1899268534701566
+I+G4	3.0	500	null_heldout	nominal	10000	0.0485	0.9891	-0.9406	-0.9455	-0.9358	0	9406	0.0594	-3.7950913823202614	-3.797197530940316	-3.792985233700207	-3.7933152595077555	-3.9350912072460646	-3.6587751676881775	-3.795091382320261	-3.7971975309403154	-3.7929852337002066	-3.793315259507755
+I+G4	3.0	500	alternative	nominal	20000	1.0	1.0	0.0	0.0	0.0	0	0	1.0	-3.0870424440256605	-3.0884145184761618	-3.0856703695751593	-3.0896568792677472	-3.2114089386609797	-2.9572598260915517	-3.0870424440256605	-3.0884145184761618	-3.0856703695751593	-3.089656879267747
+I+G4	3.0	500	null_heldout	calibrated	10000	0.0515	0.0515	0.0	-0.0014	0.0014	27	27	0.9946	-3.7950913823202614	-3.797197530940316	-3.792985233700207	-3.7933152595077555	-3.9350912072460646	-3.6587751676881775	-0.12344287407483887	-0.12554902269489351	-0.12133672545478422	-0.12166675126233306
+I+G4	3.0	500	alternative	calibrated	20000	1.0	1.0	0.0	0.0	0.0	0	0	1.0	-3.0870424440256605	-3.0884145184761618	-3.0856703695751593	-3.0896568792677472	-3.2114089386609797	-2.9572598260915517	0.5846060642197618	0.5832339897692604	0.5859781386702632	0.5819916289776752
+I+G4	3.0	1000	null_heldout	nominal	10000	0.0454	1.0	-0.9546	-0.9588	-0.9504	0	9546	0.0454	-5.367996485413801	-5.370058120838387	-5.365934849989216	-5.3669739712885205	-5.503697866612118	-5.232727430938104	-5.367996485413801	-5.370058120838387	-5.365934849989216	-5.36697397128852
+I+G4	3.0	1000	alternative	nominal	20000	1.0	1.0	0.0	0.0	0.0	0	0	1.0	-4.367187680954201	-4.368547875290564	-4.365827486617838	-4.369404830813095	-4.491256827128638	-4.241142317840559	-4.367187680954201	-4.368547875290564	-4.365827486617838	-4.369404830813094
+I+G4	3.0	1000	null_heldout	calibrated	10000	0.0494	0.0504	-0.0010000000000000009	-0.0026	0.0005	25	35	0.994	-5.367996485413801	-5.370058120838387	-5.365934849989216	-5.3669739712885205	-5.503697866612118	-5.232727430938104	-0.1359858739095084	-0.1380475093340939	-0.13392423848492288	-0.13496335978422724
+I+G4	3.0	1000	alternative	calibrated	20000	1.0	1.0	0.0	0.0	0.0	0	0	1.0	-4.367187680954201	-4.368547875290564	-4.365827486617838	-4.369404830813095	-4.491256827128638	-4.241142317840559	0.8648229305500916	0.8634627362137283	0.866183124886455	0.8626057806911982
+I+G4	3.0	5000	null_heldout	nominal	10000	0.0506	1.0	-0.9494	-0.9536	-0.9450975	0	9494	0.0506	-12.006534638389208	-12.008622455829444	-12.004446820948973	-12.006097731316327	-12.14215148269997	-11.869863496754952	-12.006534638389208	-12.008622455829444	-12.004446820948973	-12.006097731316327
+I+G4	3.0	5000	alternative	nominal	20000	1.0	1.0	0.0	0.0	0.0	0	0	1.0	-9.76677271925568	-9.768132408798616	-9.765413029712745	-9.768003134376897	-9.892248027757173	-9.639792389846093	-9.766772719255684	-9.76813240879862	-9.765413029712748	-9.7680031343769
+I+G4	3.0	5000	null_heldout	calibrated	10000	0.0549	0.0536	0.0012999999999999956	-0.0003	0.0029	41	28	0.9931	-12.006534638389208	-12.008622455829444	-12.004446820948973	-12.006097731316327	-12.14215148269997	-11.869863496754952	-0.1310372526819694	-0.133125070122206	-0.12894943524173277	-0.1306003456090874
+I+G4	3.0	5000	alternative	calibrated	20000	1.0	1.0	0.0	0.0	0.0	0	0	1.0	-9.76677271925568	-9.768132408798616	-9.765413029712745	-9.768003134376897	-9.892248027757173	-9.639792389846093	2.108724666451559	2.1073649769086242	2.1100843559944935	2.1074942513303423
+I+G4	3.0	10000	null_heldout	nominal	10000	0.0512	1.0	-0.9488	-0.953	-0.9444	0	9488	0.0512	-16.97812552544564	-16.980188727086247	-16.976062323805035	-16.976485187714296	-17.112125023302195	-16.84330306588203	-16.978125525445638	-16.980188727086244	-16.97606232380503	-16.976485187714296
+I+G4	3.0	10000	alternative	nominal	20000	1.0	1.0	0.0	0.0	0.0	0	0	1.0	-13.814151113940785	-13.815506656879595	-13.812795571001974	-13.815266139534383	-13.938785363948599	-13.686825854335826	-13.814151113940786	-13.815506656879597	-13.812795571001976	-13.815266139534385
+I+G4	3.0	10000	null_heldout	calibrated	10000	0.0543	0.055	-0.0006999999999999992	-0.0022	0.0008025000000000092	26	33	0.9941	-16.97812552544564	-16.980188727086247	-16.976062323805035	-16.976485187714296	-17.112125023302195	-16.84330306588203	-0.1322639558839342	-0.13432715752453972	-0.13020075424332866	-0.13062361815259038
+I+G4	3.0	10000	alternative	calibrated	20000	1.0	1.0	0.0	0.0	0.0	0	0	1.0	-13.814151113940785	-13.815506656879595	-13.812795571001974	-13.815266139534383	-13.938785363948599	-13.686825854335826	3.031710455620922	3.030354912682111	3.0330659985597324	3.030595430027322
+I+G4	4.0	100	null_heldout	nominal	10000	0.046	0.5133	-0.4673	-0.4771	-0.4575975	0	4673	0.5327	-1.6951148994314797	-1.697248742706245	-1.6929810561567145	-1.69114250190643	-1.8354590100363146	-1.5614893186443415	-1.6951148994314797	-1.697248742706245	-1.6929810561567145	-1.69114250190643
+I+G4	4.0	100	alternative	nominal	20000	0.98635	1.0	-0.013650000000000051	-0.01525125	-0.0121	0	273	0.98635	-1.4110442304684934	-1.4124139931979502	-1.4096744677390365	-1.4156300622126217	-1.534628087788845	-1.2826837885506277	-1.4110442304684936	-1.4124139931979505	-1.4096744677390367	-1.4156300622126217
+I+G4	4.0	100	null_heldout	calibrated	10000	0.0519	0.054	-0.0020999999999999977	-0.0037	-0.0006	23	44	0.9933	-1.6951148994314797	-1.697248742706245	-1.6929810561567145	-1.69114250190643	-1.8354590100363146	-1.5614893186443415	-0.1293675799974574	-0.13150142327222258	-0.12723373672269223	-0.12539518247240733
+I+G4	4.0	100	alternative	calibrated	20000	0.9881	0.9881	0.0	-0.00055	0.00055	15	15	0.9985	-1.4110442304684934	-1.4124139931979502	-1.4096744677390365	-1.4156300622126217	-1.534628087788845	-1.2826837885506277	0.1547030889655294	0.15333332623607251	0.15607285169498628	0.1501172572214009
+I+G4	4.0	500	null_heldout	nominal	10000	0.0426	0.9884	-0.9458	-0.9502	-0.9413	0	9458	0.0542	-3.7942634328149354	-3.7963702419729204	-3.7921566236569504	-3.793699452358537	-3.932277754037799	-3.659405288599014	-3.7942634328149354	-3.7963702419729204	-3.7921566236569504	-3.7936994523585366
+I+G4	4.0	500	alternative	nominal	20000	1.0	1.0	0.0	0.0	0.0	0	0	1.0	-3.1645620616714916	-3.1659239533102124	-3.1632001700327708	-3.1662527033410828	-3.2890090080448573	-3.0367441069575034	-3.1645620616714916	-3.1659239533102124	-3.1632001700327708	-3.1662527033410828
+I+G4	4.0	500	null_heldout	calibrated	10000	0.0476	0.0477	-9.999999999999593e-05	-0.0019	0.0017	39	40	0.9921	-3.7942634328149354	-3.7963702419729204	-3.7921566236569504	-3.793699452358537	-3.932277754037799	-3.659405288599014	-0.1329295816305828	-0.13503639078856775	-0.13082277247259785	-0.13236560117418428
+I+G4	4.0	500	alternative	calibrated	20000	1.0	1.0	0.0	0.0	0.0	0	0	1.0	-3.1645620616714916	-3.1659239533102124	-3.1632001700327708	-3.1662527033410828	-3.2890090080448573	-3.0367441069575034	0.49677178951286105	0.4954098978741402	0.4981336811515819	0.49508114784326995
+I+G4	4.0	1000	null_heldout	nominal	10000	0.0469	1.0	-0.9531000000000001	-0.9572	-0.9489974999999999	0	9531	0.0469	-5.3690218586549285	-5.37112325552947	-5.366920461780387	-5.3680882306427815	-5.5051305423933075	-5.232580683003063	-5.369021858654928	-5.3711232555294695	-5.366920461780386	-5.36808823064278
+I+G4	4.0	1000	alternative	nominal	20000	1.0	1.0	0.0	0.0	0.0	0	0	1.0	-4.479534146809439	-4.480883350624336	-4.478184942994543	-4.480005728151967	-4.602955307352663	-4.354278163639111	-4.4795341468094385	-4.480883350624335	-4.478184942994542	-4.4800057281519665
+I+G4	4.0	1000	null_heldout	calibrated	10000	0.044	0.0426	0.0013999999999999985	0.0	0.003	36	22	0.9942	-5.3690218586549285	-5.37112325552947	-5.366920461780387	-5.3680882306427815	-5.5051305423933075	-5.232580683003063	-0.12648696784754537	-0.12858836472208704	-0.1243855709730037	-0.12555333983539763
+I+G4	4.0	1000	alternative	calibrated	20000	1.0	1.0	0.0	0.0	0.0	0	0	1.0	-4.479534146809439	-4.480883350624336	-4.478184942994543	-4.480005728151967	-4.602955307352663	-4.354278163639111	0.7630007439979447	0.7616515401830479	0.7643499478128415	0.762529162655416
+I+G4	4.0	5000	null_heldout	nominal	10000	0.0516	1.0	-0.9484	-0.9527	-0.944	0	9484	0.0516	-12.004282109295774	-12.006370589212477	-12.002193629379072	-12.004502828006773	-12.139428542031117	-11.868337574749848	-12.004282109295776	-12.006370589212478	-12.002193629379073	-12.004502828006775
+I+G4	4.0	5000	alternative	nominal	20000	1.0	1.0	0.0	0.0	0.0	0	0	1.0	-10.019756411024638	-10.021116992872761	-10.018395829176514	-10.0199221604453	-10.145214875450307	-9.894256482233027	-10.01975641102464	-10.021116992872763	-10.018395829176516	-10.019922160445303
+I+G4	4.0	5000	null_heldout	calibrated	10000	0.0534	0.0546	-0.0011999999999999997	-0.0027	0.0003	24	36	0.994	-12.004282109295774	-12.006370589212477	-12.002193629379072	-12.004502828006773	-12.139428542031117	-11.868337574749848	-0.13736970631158438	-0.1394581862282875	-0.13528122639488124	-0.13759042502258367
+I+G4	4.0	5000	alternative	calibrated	20000	1.0	1.0	0.0	0.0	0.0	0	0	1.0	-10.019756411024638	-10.021116992872761	-10.018395829176514	-10.0199221604453	-10.145214875450307	-9.894256482233027	1.8471559919595522	1.8457954101114287	1.8485165738076756	1.8469902425388884
+I+G4	4.0	10000	null_heldout	nominal	10000	0.0513	1.0	-0.9487	-0.9529	-0.9444	0	9487	0.0513	-16.979520534164436	-16.981622510749187	-16.977418557579686	-16.978054062455545	-17.11874753603796	-16.842057861890808	-16.979520534164436	-16.981622510749187	-16.977418557579686	-16.978054062455545
+I+G4	4.0	10000	alternative	nominal	20000	1.0	1.0	0.0	0.0	0.0	0	0	1.0	-14.172018001197774	-14.173366441698255	-14.170669560697293	-14.172321530530809	-14.29694770277797	-14.04708760276673	-14.172018001197776	-14.173366441698256	-14.170669560697295	-14.17232153053081
+I+G4	4.0	10000	null_heldout	calibrated	10000	0.0522	0.0523	-9.999999999999593e-05	-0.0017	0.0014	30	31	0.9939	-16.979520534164436	-16.981622510749187	-16.977418557579686	-16.978054062455545	-17.11874753603796	-16.842057861890808	-0.13910373813272447	-0.14120571471747603	-0.13700176154797292	-0.1376372664238339
+I+G4	4.0	10000	alternative	calibrated	20000	1.0	1.0	0.0	0.0	0.0	0	0	1.0	-14.172018001197774	-14.173366441698255	-14.170669560697293	-14.172321530530809	-14.29694770277797	-14.04708760276673	2.66839879483394	2.667050354333459	2.6697472353344205	2.668095265500906
+I+G4	5.0	100	null_heldout	nominal	10000	0.0449	0.5099	-0.465	-0.4748	-0.4551	0	4650	0.535	-1.6937379474696892	-1.6959080689748331	-1.6915678259645452	-1.6898972307832407	-1.8365263549453172	-1.5553785108608686	-1.6937379474696892	-1.6959080689748331	-1.6915678259645452	-1.6898972307832407
+I+G4	5.0	100	alternative	nominal	20000	0.96305	0.9998	-0.03675000000000006	-0.0393	-0.03415	0	735	0.96325	-1.4329730238122191	-1.4343743503486215	-1.4315716972758168	-1.4380752591446915	-1.5569926160448877	-1.3017355270112496	-1.4329730238122194	-1.4343743503486217	-1.431571697275817	-1.4380752591446917
+I+G4	5.0	100	null_heldout	calibrated	10000	0.0513	0.0517	-0.0004000000000000045	-0.002	0.0012	30	34	0.9936	-1.6937379474696892	-1.6959080689748331	-1.6915678259645452	-1.6898972307832407	-1.8365263549453172	-1.5553785108608686	-0.12995881299820192	-0.13212893450334587	-0.12778869149305797	-0.12611809631175297
+I+G4	5.0	100	alternative	calibrated	20000	0.96915	0.96705	0.0020999999999999908	0.00115	0.00305	69	27	0.9952	-1.4329730238122191	-1.4343743503486215	-1.4315716972758168	-1.4380752591446915	-1.5569926160448877	-1.3017355270112496	0.13080611065926848	0.12940478412286618	0.13220743719567077	0.12570387532679606
+I+G4	5.0	500	null_heldout	nominal	10000	0.0485	0.9898	-0.9413	-0.9458	-0.9367	0	9413	0.0587	-3.7936340958481516	-3.7957620840319093	-3.791506107664394	-3.7929008281229426	-3.9328827531187915	-3.6548002099794643	-3.7936340958481516	-3.7957620840319093	-3.791506107664394	-3.792900828122942
+I+G4	5.0	500	alternative	nominal	20000	1.0	1.0	0.0	0.0	0.0	0	0	1.0	-3.224166402100553	-3.225530055412355	-3.222802748788751	-3.225199344251815	-3.34905569727019	-3.0978771235909317	-3.224166402100553	-3.225530055412355	-3.222802748788751	-3.225199344251815
+I+G4	5.0	500	null_heldout	calibrated	10000	0.0524	0.0515	0.000900000000000005	-0.0006	0.0025	37	28	0.9935	-3.7936340958481516	-3.7957620840319093	-3.791506107664394	-3.7929008281229426	-3.9328827531187915	-3.6548002099794643	-0.11767850890816356	-0.11980649709192108	-0.11555052072440604	-0.11694524118295435
+I+G4	5.0	500	alternative	calibrated	20000	1.0	1.0	0.0	0.0	0.0	0	0	1.0	-3.224166402100553	-3.225530055412355	-3.222802748788751	-3.225199344251815	-3.34905569727019	-3.0978771235909317	0.45178918483943525	0.45042553152763337	0.45315283815123714	0.45075624268817327
+I+G4	5.0	1000	null_heldout	nominal	10000	0.0451	0.9999	-0.9548	-0.9587	-0.9506	0	9548	0.0452	-5.369114808976379	-5.3712364530598045	-5.366993164892953	-5.36702157670924	-5.506134584824877	-5.230580290431334	-5.369114808976378	-5.371236453059804	-5.3669931648929525	-5.36702157670924
+I+G4	5.0	1000	alternative	nominal	20000	1.0	1.0	0.0	0.0	0.0	0	0	1.0	-4.560057612776911	-4.561428419316529	-4.558686806237292	-4.561193979008158	-4.686762185121025	-4.433037444472598	-4.560057612776909	-4.5614284193165275	-4.55868680623729	-4.5611939790081575
+I+G4	5.0	1000	null_heldout	calibrated	10000	0.0461	0.0465	-0.0003999999999999976	-0.002	0.0012	32	36	0.9932	-5.369114808976379	-5.3712364530598045	-5.366993164892953	-5.36702157670924	-5.506134584824877	-5.230580290431334	-0.133071000615407	-0.13519264469883274	-0.13094935653198125	-0.1309777683482669
+I+G4	5.0	1000	alternative	calibrated	20000	1.0	1.0	0.0	0.0	0.0	0	0	1.0	-4.560057612776911	-4.561428419316529	-4.558686806237292	-4.561193979008158	-4.686762185121025	-4.433037444472598	0.6759861955840611	0.6746153890444427	0.6773570021236796	0.6748498293528131
+I+G4	5.0	5000	null_heldout	nominal	10000	0.0471	1.0	-0.9529	-0.957	-0.9487	0	9529	0.0471	-12.006923325379258	-12.00904993956319	-12.004796711195327	-12.005732721269531	-12.145536276885387	-11.869854626960922	-12.006923325379258	-12.00904993956319	-12.004796711195327	-12.005732721269533
+I+G4	5.0	5000	alternative	nominal	20000	1.0	1.0	0.0	0.0	0.0	0	0	1.0	-10.201082005390848	-10.202432152390895	-10.199731858390802	-10.201517494125245	-10.325187489352452	-10.077196159693242	-10.201082005390848	-10.202432152390895	-10.199731858390802	-10.201517494125246
+I+G4	5.0	5000	null_heldout	calibrated	10000	0.0522	0.052	0.00020000000000000573	-0.0013	0.0017	30	28	0.9942	-12.006923325379258	-12.00904993956319	-12.004796711195327	-12.005732721269531	-12.145536276885387	-11.869854626960922	-0.13160225039141918	-0.13372886457535002	-0.12947563620748834	-0.13041164628169266
+I+G4	5.0	5000	alternative	calibrated	20000	1.0	1.0	0.0	0.0	0.0	0	0	1.0	-10.201082005390848	-10.202432152390895	-10.199731858390802	-10.201517494125245	-10.325187489352452	-10.077196159693242	1.6742390695969944	1.6728889225969477	1.6755892165970412	1.6738035808625966
+I+G4	5.0	10000	null_heldout	nominal	10000	0.0503	1.0	-0.9497	-0.954	-0.9453	0	9497	0.0503	-16.980292737732768	-16.98240523424701	-16.978180241218524	-16.980810540104315	-17.118410934117982	-16.84254366953024	-16.980292737732768	-16.98240523424701	-16.978180241218524	-16.980810540104315
+I+G4	5.0	10000	alternative	nominal	20000	1.0	1.0	0.0	0.0	0.0	0	0	1.0	-14.4273511751474	-14.42871018605766	-14.42599216423714	-14.427641027780165	-14.55206637177468	-14.301144667481784	-14.427351175147406	-14.428710186057666	-14.425992164237146	-14.427641027780167
+I+G4	5.0	10000	null_heldout	calibrated	10000	0.0515	0.0523	-0.0008000000000000021	-0.0022	0.0006	23	31	0.9946	-16.980292737732768	-16.98240523424701	-16.978180241218524	-16.980810540104315	-17.118410934117982	-16.84254366953024	-0.13421200428628316	-0.13632450080052735	-0.13209950777203897	-0.13472980665782863
+I+G4	5.0	10000	alternative	calibrated	20000	1.0	1.0	0.0	0.0	0.0	0	0	1.0	-14.4273511751474	-14.42871018605766	-14.42599216423714	-14.427641027780165	-14.55206637177468	-14.301144667481784	2.4187295582990833	2.4173705473888227	2.420088569209344	2.4184397056663176
+I+G4	7.5	100	null_heldout	nominal	10000	0.0457	0.5115	-0.46579999999999994	-0.4758	-0.4563	0	4658	0.5342	-1.6939223213537584	-1.6961925037461354	-1.6916521389613814	-1.6925090572007568	-1.839957436515106	-1.5500849115556612	-1.6939223213537584	-1.6961925037461354	-1.6916521389613814	-1.6925090572007568
+I+G4	7.5	100	alternative	nominal	20000	0.86395	0.99685	-0.13290000000000002	-0.13775	-0.1282	0	2658	0.8671	-1.4794071250384933	-1.480854213444008	-1.4779600366329786	-1.4828538522605923	-1.6099039969101305	-1.343585067098054	-1.4794071250384935	-1.4808542134440081	-1.4779600366329788	-1.482853852260592
+I+G4	7.5	100	null_heldout	calibrated	10000	0.0529	0.0509	0.0020000000000000018	0.0003	0.0037	47	27	0.9926	-1.6939223213537584	-1.6961925037461354	-1.6916521389613814	-1.6925090572007568	-1.839957436515106	-1.5500849115556612	-0.11185816203970998	-0.11412834443208696	-0.10958797964733301	-0.11044489788670853
+I+G4	7.5	100	alternative	calibrated	20000	0.8772	0.8696	0.00759999999999994	0.0059	0.00935	231	79	0.9845	-1.4794071250384933	-1.480854213444008	-1.4779600366329786	-1.4828538522605923	-1.6099039969101305	-1.343585067098054	0.10265703427555486	0.1012099458700403	0.10410412268106943	0.09921030705345624
+I+G4	7.5	500	null_heldout	nominal	10000	0.044	0.9883	-0.9442999999999999	-0.9488	-0.9398	0	9443	0.0557	-3.7970007440727307	-3.7992172883514552	-3.794784199794006	-3.7957967480656034	-3.942211925250322	-3.6518247991364565	-3.7970007440727307	-3.7992172883514552	-3.794784199794006	-3.7957967480656034
+I+G4	7.5	500	alternative	nominal	20000	1.0	1.0	0.0	0.0	0.0	0	0	1.0	-3.3173973110840467	-3.3188329483969974	-3.315961673771096	-3.317145964440135	-3.4496952365241214	-3.185318974392074	-3.3173973110840467	-3.3188329483969974	-3.315961673771096	-3.317145964440135
+I+G4	7.5	500	null_heldout	calibrated	10000	0.0482	0.048	0.0001999999999999988	-0.0012	0.0017	28	26	0.9946	-3.7970007440727307	-3.7992172883514552	-3.794784199794006	-3.7957967480656034	-3.942211925250322	-3.6518247991364565	-0.13747565119299637	-0.13969219547172088	-0.13525910691427187	-0.13627165518586892
+I+G4	7.5	500	alternative	calibrated	20000	1.0	1.0	0.0	0.0	0.0	0	0	1.0	-3.3173973110840467	-3.3188329483969974	-3.315961673771096	-3.317145964440135	-3.4496952365241214	-3.185318974392074	0.3421277817956878	0.34069214448273727	0.34356341910863836	0.3423791284395996
+I+G4	7.5	1000	null_heldout	nominal	10000	0.0506	0.9998	-0.9492	-0.9534	-0.9448	0	9492	0.0508	-5.36962528016447	-5.3718413192445125	-5.367409241084428	-5.369056497454679	-5.515536143149521	-5.225302541846057	-5.36962528016447	-5.3718413192445125	-5.367409241084428	-5.369056497454679
+I+G4	7.5	1000	alternative	nominal	20000	1.0	1.0	0.0	0.0	0.0	0	0	1.0	-4.6953516773340915	-4.696786251233922	-4.693917103434261	-4.696285344062436	-4.827600463940707	-4.563224556987724	-4.695351677334091	-4.696786251233921	-4.69391710343426	-4.696285344062436
+I+G4	7.5	1000	null_heldout	calibrated	10000	0.0564	0.0559	0.0005000000000000004	-0.0011	0.0022	39	34	0.9927	-5.36962528016447	-5.3718413192445125	-5.367409241084428	-5.369056497454679	-5.515536143149521	-5.225302541846057	-0.135292487333682	-0.1375085264137237	-0.1330764482536403	-0.13472370462389005
+I+G4	7.5	1000	alternative	calibrated	20000	1.0	1.0	0.0	0.0	0.0	0	0	1.0	-4.6953516773340915	-4.696786251233922	-4.693917103434261	-4.696285344062436	-4.827600463940707	-4.563224556987724	0.5389811154966963	0.5375465415968654	0.5404156893965271	0.538047448768352
+I+G4	7.5	5000	null_heldout	nominal	10000	0.0479	1.0	-0.9521	-0.9562	-0.9479	0	9521	0.0479	-12.007385009853481	-12.009634215485116	-12.005135804221846	-12.00875793112977	-12.153308808756245	-11.861047199317387	-12.007385009853484	-12.00963421548512	-12.00513580422185	-12.008757931129772
+I+G4	7.5	5000	alternative	nominal	20000	1.0	1.0	0.0	0.0	0.0	0	0	1.0	-10.49998684154319	-10.501412192767766	-10.498561490318615	-10.49986860528109	-10.631847566132722	-10.366645503183866	-10.499986841543192	-10.501412192767768	-10.498561490318616	-10.499868605281092
+I+G4	7.5	5000	null_heldout	calibrated	10000	0.0505	0.049	0.0015000000000000013	-0.0003	0.0033	50	35	0.9915	-12.007385009853481	-12.009634215485116	-12.005135804221846	-12.00875793112977	-12.153308808756245	-11.861047199317387	-0.1280891276833946	-0.1303383333150304	-0.12583992205175878	-0.1294620489596836
+I+G4	7.5	5000	alternative	calibrated	20000	1.0	1.0	0.0	0.0	0.0	0	0	1.0	-10.49998684154319	-10.501412192767766	-10.498561490318615	-10.49986860528109	-10.631847566132722	-10.366645503183866	1.3793090406268964	1.3778836894023196	1.3807343918514732	1.3794272768889968
+I+G4	7.5	10000	null_heldout	nominal	10000	0.0469	1.0	-0.9531000000000001	-0.9572	-0.949	0	9531	0.0469	-16.981151486005622	-16.983365241665965	-16.97893773034528	-16.981463835610832	-17.12534591971691	-16.836911135046858	-16.981151486005622	-16.983365241665965	-16.97893773034528	-16.981463835610832
+I+G4	7.5	10000	alternative	nominal	20000	1.0	1.0	0.0	0.0	0.0	0	0	1.0	-14.85027115758324	-14.851698650605766	-14.848843664560714	-14.850458839913832	-14.98168221695585	-14.717884046901935	-14.850271157583242	-14.851698650605767	-14.848843664560716	-14.850458839913834
+I+G4	7.5	10000	null_heldout	calibrated	10000	0.0454	0.0445	0.000900000000000005	-0.0008	0.002602500000000009	43	34	0.9923	-16.981151486005622	-16.983365241665965	-16.97893773034528	-16.981463835610832	-17.12534591971691	-16.836911135046858	-0.13729580483709505	-0.1395095604974372	-0.1350820491767529	-0.13760815444230268
+I+G4	7.5	10000	alternative	calibrated	20000	1.0	1.0	0.0	0.0	0.0	0	0	1.0	-14.85027115758324	-14.851698650605766	-14.848843664560714	-14.850458839913832	-14.98168221695585	-14.717884046901935	1.9935845235852874	1.9921570305627627	1.995012016607812	1.993396841254695
+I+G4	10.0	100	null_heldout	nominal	10000	0.0442	0.5276	-0.48339999999999994	-0.4933	-0.4735	0	4834	0.5166	-1.6906146470683998	-1.692968923140469	-1.6882603709963306	-1.6882385897020904	-1.8440871845418285	-1.541677062735672	-1.6906146470684005	-1.6929689231404697	-1.6882603709963313	-1.6882385897020906
+I+G4	10.0	100	alternative	nominal	20000	0.7511	0.9907	-0.23960000000000004	-0.24575125	-0.23375	0	4792	0.7604	-1.506192016558366	-1.5077313408515933	-1.5046526922651386	-1.5086375357715052	-1.6446155653574182	-1.363410461875343	-1.5061920165583662	-1.5077313408515935	-1.5046526922651389	-1.508637535771505
+I+G4	10.0	100	null_heldout	calibrated	10000	0.0544	0.0533	0.0010999999999999968	-0.0007	0.003	51	40	0.9909	-1.6906146470683998	-1.692968923140469	-1.6882603709963306	-1.6882385897020904	-1.8440871845418285	-1.541677062735672	-0.12407382732993681	-0.12642810340200603	-0.12171955125786758	-0.12169776996362702
+I+G4	10.0	100	alternative	calibrated	20000	0.7754	0.7716	0.0038000000000000256	0.0018	0.0058	250	174	0.9788	-1.506192016558366	-1.5077313408515933	-1.5046526922651386	-1.5086375357715052	-1.6446155653574182	-1.363410461875343	0.06034880318009732	0.05880947888686996	0.06188812747332468	0.057903283966957986
+I+G4	10.0	500	null_heldout	nominal	10000	0.0477	0.9887	-0.9410000000000001	-0.9455	-0.9363975	0	9410	0.059	-3.7954230865641088	-3.797793008848009	-3.7930531642802086	-3.793747004841377	-3.9514206619912113	-3.6448935353574776	-3.7954230865641083	-3.7977930088480085	-3.793053164280208	-3.793747004841377
+I+G4	10.0	500	alternative	nominal	20000	0.99995	1.0	-4.999999999999449e-05	-0.00015	0.0	0	1	0.99995	-3.379031264663438	-3.380527436698936	-3.3775350926279404	-3.3802554950555845	-3.5169843801842937	-3.2410050512150987	-3.379031264663438	-3.380527436698936	-3.3775350926279404	-3.3802554950555845
+I+G4	10.0	500	null_heldout	calibrated	10000	0.0521	0.0514	0.0006999999999999992	-0.001	0.0024	41	34	0.9925	-3.7954230865641088	-3.797793008848009	-3.7930531642802086	-3.793747004841377	-3.9514206619912113	-3.6448935353574776	-0.12850360210282516	-0.13087352438672537	-0.12613367981892495	-0.12682752038009326
+I+G4	10.0	500	alternative	calibrated	20000	0.99995	0.99995	0.0	0.0	0.0	0	0	1.0	-3.379031264663438	-3.380527436698936	-3.3775350926279404	-3.3802554950555845	-3.5169843801842937	-3.2410050512150987	0.2878882197978459	0.2863920477623479	0.2893843918333439	0.28666398940569904
+I+G4	10.0	1000	null_heldout	nominal	10000	0.0438	1.0	-0.9562	-0.9601	-0.9522	0	9562	0.0438	-5.36959787690643	-5.371898848532056	-5.367296905280804	-5.36940664926008	-5.520908231527286	-5.2197621820359155	-5.36959787690643	-5.371898848532056	-5.367296905280804	-5.36940664926008
+I+G4	10.0	1000	alternative	nominal	20000	1.0	1.0	0.0	0.0	0.0	0	0	1.0	-4.778904231713566	-4.780420764293745	-4.777387699133388	-4.779570289497679	-4.919275902039381	-4.638587380674341	-4.778904231713566	-4.780420764293745	-4.777387699133388	-4.779570289497679
+I+G4	10.0	1000	null_heldout	calibrated	10000	0.0439	0.0449	-0.0010000000000000009	-0.0026	0.0006	29	39	0.9932	-5.36959787690643	-5.371898848532056	-5.367296905280804	-5.36940664926008	-5.520908231527286	-5.2197621820359155	-0.13551224952121174	-0.13781322114683794	-0.13321127789558554	-0.13532102187486217
+I+G4	10.0	1000	alternative	calibrated	20000	1.0	1.0	0.0	0.0	0.0	0	0	1.0	-4.778904231713566	-4.780420764293745	-4.777387699133388	-4.779570289497679	-4.919275902039381	-4.638587380674341	0.4551813956716519	0.45366486309147336	0.4566979282518304	0.45451533788753906
+I+G4	10.0	5000	null_heldout	nominal	10000	0.0503	1.0	-0.9497	-0.9539	-0.9454	0	9497	0.0503	-12.007558702975896	-12.009892800718925	-12.005224605232867	-12.006817282334353	-12.16108254454125	-11.856872023378282	-12.007558702975896	-12.009892800718925	-12.005224605232867	-12.006817282334355
+I+G4	10.0	5000	alternative	nominal	20000	1.0	1.0	0.0	0.0	0.0	0	0	1.0	-10.691747591161553	-10.693266936883699	-10.690228245439407	-10.691640246785806	-10.832060550605116	-10.551033831026205	-10.691747591161553	-10.693266936883699	-10.690228245439407	-10.691640246785806
+I+G4	10.0	5000	null_heldout	calibrated	10000	0.0499	0.05	-0.00010000000000000286	-0.0018	0.0016	36	37	0.9927	-12.007558702975896	-12.009892800718925	-12.005224605232867	-12.006817282334353	-12.16108254454125	-11.856872023378282	-0.13532732121592786	-0.13766141895895767	-0.13299322347289805	-0.13458590057438613
+I+G4	10.0	5000	alternative	calibrated	20000	1.0	1.0	0.0	0.0	0.0	0	0	1.0	-10.691747591161553	-10.693266936883699	-10.690228245439407	-10.691640246785806	-10.832060550605116	-10.551033831026205	1.1804837905984136	1.1789644448762684	1.1820031363205588	1.1805911349741613
+I+G4	10.0	10000	null_heldout	nominal	10000	0.0489	1.0	-0.9511000000000001	-0.9555	-0.9469	0	9511	0.0489	-16.982160569012404	-16.98450505625355	-16.979816081771258	-16.981745386144826	-17.135581293500067	-16.828737084907765	-16.982160569012404	-16.98450505625355	-16.979816081771258	-16.981745386144826
+I+G4	10.0	10000	alternative	nominal	20000	1.0	1.0	0.0	0.0	0.0	0	0	1.0	-15.119004140648865	-15.120519924886473	-15.117488356411258	-15.119567384850598	-15.257654615441952	-14.978173774305874	-15.119004140648865	-15.120519924886473	-15.117488356411258	-15.1195673848506
+I+G4	10.0	10000	null_heldout	calibrated	10000	0.0497	0.0494	0.00030000000000000165	-0.0013	0.0019	36	33	0.9931	-16.982160569012404	-16.98450505625355	-16.979816081771258	-16.981745386144826	-17.135581293500067	-16.828737084907765	-0.13502376187438112	-0.13736824911552772	-0.1326792746332345	-0.13460857900680168
+I+G4	10.0	10000	alternative	calibrated	20000	1.0	1.0	0.0	0.0	0.0	0	0	1.0	-15.119004140648865	-15.120519924886473	-15.117488356411258	-15.119567384850598	-15.257654615441952	-14.978173774305874	1.7281326664891592	1.7266168822515513	1.729648450726767	1.7275694222874272
+I+G4	12.5	100	null_heldout	nominal	10000	0.0433	0.5081	-0.4648	-0.4747	-0.4551975	0	4648	0.5352	-1.6922887766436627	-1.6947666390853557	-1.6898109142019697	-1.6907105387200128	-1.8549144247338412	-1.5353118867707294	-1.692288776643663	-1.694766639085356	-1.68981091420197	-1.6907105387200128
+I+G4	12.5	100	alternative	nominal	20000	0.64185	0.9804	-0.33855	-0.3452	-0.332	0	6771	0.66145	-1.5256870575943502	-1.5273426106226315	-1.5240315045660688	-1.5265744245988613	-1.6782803702984177	-1.3726896331344103	-1.5256870575943502	-1.5273426106226315	-1.5240315045660688	-1.5265744245988613
+I+G4	12.5	100	null_heldout	calibrated	10000	0.054	0.0528	0.0011999999999999997	-0.0006	0.003	49	37	0.9914	-1.6922887766436627	-1.6947666390853557	-1.6898109142019697	-1.6907105387200128	-1.8549144247338412	-1.5353118867707294	-0.1267249078307721	-0.12920277027246507	-0.1242470453890791	-0.1251466699071222
+I+G4	12.5	100	alternative	calibrated	20000	0.6764	0.67255	0.00385000000000002	0.00155	0.00615	320	243	0.97185	-1.5256870575943502	-1.5273426106226315	-1.5240315045660688	-1.5265744245988613	-1.6782803702984177	-1.3726896331344103	0.039876811218540455	0.03822125819025906	0.04153236424682185	0.03898944421402928
+I+G4	12.5	500	null_heldout	nominal	10000	0.0466	0.9856	-0.9390000000000001	-0.9437	-0.9342	0	9390	0.061	-3.79495797359014	-3.7974286075203185	-3.792487339659962	-3.7947843936180536	-3.9572136369352027	-3.634534370246418	-3.7949579735901398	-3.797428607520318	-3.7924873396599614	-3.7947843936180536
+I+G4	12.5	500	alternative	nominal	20000	0.99805	1.0	-0.0019500000000000073	-0.0026	-0.00135	0	39	0.99805	-3.422273402307059	-3.4239166460950163	-3.4206301585191015	-3.4231914036494464	-3.573426109990208	-3.2693038992225425	-3.422273402307059	-3.4239166460950163	-3.4206301585191015	-3.423191403649446
+I+G4	12.5	500	null_heldout	calibrated	10000	0.0501	0.0499	0.0001999999999999988	-0.0016	0.0021	47	45	0.9908	-3.79495797359014	-3.7974286075203185	-3.792487339659962	-3.7947843936180536	-3.9572136369352027	-3.634534370246418	-0.13117719081086476	-0.1336478247410432	-0.12870655688068633	-0.13100361083877754
+I+G4	12.5	500	alternative	calibrated	20000	0.9983	0.99815	0.00014999999999998348	-0.00015	0.00045	6	3	0.99955	-3.422273402307059	-3.4239166460950163	-3.4206301585191015	-3.4231914036494464	-3.573426109990208	-3.2693038992225425	0.24150738047221657	0.23986413668425904	0.2431506242601741	0.2405893791298297
+I+G4	12.5	1000	null_heldout	nominal	10000	0.0505	1.0	-0.9495	-0.9536	-0.9451975	0	9495	0.0505	-5.367517051297137	-5.369981989702467	-5.3650521128918065	-5.366795387956604	-5.528894354729552	-5.207807614690698	-5.367517051297137	-5.369981989702467	-5.3650521128918065	-5.3667953879566035
+I+G4	12.5	1000	alternative	nominal	20000	1.0	1.0	0.0	0.0	0.0	0	0	1.0	-4.839240879159147	-4.840884993846078	-4.837596764472215	-4.838645017781779	-4.990391438950161	-4.688507290390978	-4.839240879159147	-4.840884993846078	-4.837596764472215	-4.838645017781779
+I+G4	12.5	1000	null_heldout	calibrated	10000	0.0503	0.0504	-0.00010000000000000286	-0.0019	0.0017	43	44	0.9913	-5.367517051297137	-5.369981989702467	-5.3650521128918065	-5.366795387956604	-5.528894354729552	-5.207807614690698	-0.12280473433096634	-0.12526967273629638	-0.1203397959256363	-0.12208307099043436
+I+G4	12.5	1000	alternative	calibrated	20000	1.0	1.0	0.0	0.0	0.0	0	0	1.0	-4.839240879159147	-4.840884993846078	-4.837596764472215	-4.838645017781779	-4.990391438950161	-4.688507290390978	0.4054714378070237	0.40382732312009173	0.4071155524939557	0.4060672991843908
+I+G4	12.5	5000	null_heldout	nominal	10000	0.0488	1.0	-0.9512	-0.9553	-0.947	0	9512	0.0488	-12.005390403122272	-12.00786065458791	-12.002920151656634	-12.003518603551552	-12.167376569502965	-11.843234997042975	-12.005390403122272	-12.00786065458791	-12.002920151656634	-12.003518603551552
+I+G4	12.5	5000	alternative	nominal	20000	1.0	1.0	0.0	0.0	0.0	0	0	1.0	-10.827043861713292	-10.828674481938148	-10.825413241488437	-10.826503286348785	-10.979855581421244	-10.67621271661863	-10.827043861713292	-10.828674481938148	-10.825413241488437	-10.826503286348785
+I+G4	12.5	5000	null_heldout	calibrated	10000	0.0477	0.0479	-0.0001999999999999988	-0.002	0.0015	39	41	0.992	-12.005390403122272	-12.00786065458791	-12.002920151656634	-12.003518603551552	-12.167376569502965	-11.843234997042975	-0.13239197777518347	-0.13486222924082203	-0.1299217263095449	-0.13052017820446427
+I+G4	12.5	5000	alternative	calibrated	20000	1.0	1.0	0.0	0.0	0.0	0	0	1.0	-10.827043861713292	-10.828674481938148	-10.825413241488437	-10.826503286348785	-10.979855581421244	-10.67621271661863	1.0459545636337946	1.04432394340894	1.0475851838586492	1.046495138998301
+I+G4	12.5	10000	null_heldout	nominal	10000	0.0483	1.0	-0.9517	-0.956	-0.9475	0	9517	0.0483	-16.978367126372074	-16.980828107260752	-16.975906145483396	-16.977471284066986	-17.136440268976237	-16.819505184113034	-16.97836712637207	-16.98082810726075	-16.975906145483393	-16.977471284066983
+I+G4	12.5	10000	alternative	nominal	20000	1.0	1.0	0.0	0.0	0.0	0	0	1.0	-15.31364730864457	-15.315287555251835	-15.312007062037306	-15.315319253188719	-15.465059362396154	-15.159879516884374	-15.313647308644574	-15.315287555251839	-15.31200706203731	-15.31531925318872
+I+G4	12.5	10000	null_heldout	calibrated	10000	0.0461	0.048	-0.001899999999999999	-0.0036	-0.0002	28	47	0.9925	-16.978367126372074	-16.980828107260752	-16.975906145483396	-16.977471284066986	-17.136440268976237	-16.819505184113034	-0.14607935265783753	-0.14854033354651588	-0.14361837176915918	-0.14518351035274968
+I+G4	12.5	10000	alternative	calibrated	20000	1.0	1.0	0.0	0.0	0.0	0	0	1.0	-15.31364730864457	-15.315287555251835	-15.312007062037306	-15.315319253188719	-15.465059362396154	-15.159879516884374	1.5186404650696625	1.5170002184623976	1.5202807116769275	1.5169685205255163
+I+G4	15.0	100	null_heldout	nominal	10000	0.0442	0.5102	-0.46599999999999997	-0.4758	-0.4566	0	4660	0.534	-1.6952726481813387	-1.697970393382712	-1.6925749029799655	-1.6955309382653172	-1.8695806416169185	-1.5209990696033675	-1.6952726481813387	-1.697970393382712	-1.6925749029799655	-1.695530938265317
+I+G4	15.0	100	alternative	nominal	20000	0.54925	0.966	-0.41674999999999995	-0.42335	-0.41005	0	8335	0.58325	-1.539304192182016	-1.5411168710252834	-1.5374915133387488	-1.543423063180191	-1.7029740441764984	-1.370746826687269	-1.539304192182016	-1.5411168710252834	-1.5374915133387488	-1.5434230631801908
+I+G4	15.0	100	null_heldout	calibrated	10000	0.0504	0.0487	0.0017000000000000001	-0.0002	0.0036	54	37	0.9909	-1.6952726481813387	-1.697970393382712	-1.6925749029799655	-1.6955309382653172	-1.8695806416169185	-1.5209990696033675	-0.12947292076597397	-0.13217066596734708	-0.12677517556460086	-0.1297312108499522
+I+G4	15.0	100	alternative	calibrated	20000	0.5693	0.56395	0.005350000000000077	0.00265	0.00805	431	324	0.96225	-1.539304192182016	-1.5411168710252834	-1.5374915133387488	-1.543423063180191	-1.7029740441764984	-1.370746826687269	0.02649553523334913	0.02468285639008179	0.02830821407661647	0.022376664235173926
+I+G4	15.0	500	null_heldout	nominal	10000	0.048	0.9874	-0.9394	-0.9441	-0.9346	0	9394	0.0606	-3.7928910671491147	-3.7955495008710254	-3.790232633427204	-3.792008302322029	-3.966695420078816	-3.6194860071557113	-3.792891067149114	-3.7955495008710245	-3.790232633427203	-3.792008302322028
+I+G4	15.0	500	alternative	nominal	20000	0.9915	1.0	-0.008499999999999952	-0.00975	-0.00725	0	170	0.9915	-3.45438754405926	-3.456180519297045	-3.4525945688214748	-3.4564149654535576	-3.620083791435647	-3.286516785086302	-3.4543875440592595	-3.4561805192970447	-3.4525945688214743	-3.4564149654535576
+I+G4	15.0	500	null_heldout	calibrated	10000	0.0524	0.0505	0.001899999999999999	0.0001	0.0038	56	37	0.9907	-3.7928910671491147	-3.7955495008710254	-3.790232633427204	-3.792008302322029	-3.966695420078816	-3.6194860071557113	-0.11401563338491569	-0.11667406710682633	-0.11135719966300504	-0.11313286855782945
+I+G4	15.0	500	alternative	calibrated	20000	0.9927	0.99085	0.0018500000000000183	0.00115	0.0026	45	8	0.99735	-3.45438754405926	-3.456180519297045	-3.4525945688214748	-3.4564149654535576	-3.620083791435647	-3.286516785086302	0.22448788970493952	0.2226949144671543	0.22628086494272473	0.2224604683106417
+I+G4	15.0	1000	null_heldout	nominal	10000	0.0475	0.9999	-0.9524	-0.9565	-0.9482	0	9524	0.0476	-5.368863318185862	-5.371496922943262	-5.366229713428462	-5.369787669644774	-5.54183893247701	-5.194150386173439	-5.368863318185862	-5.371496922943262	-5.366229713428462	-5.369787669644774
+I+G4	15.0	1000	alternative	nominal	20000	0.99995	1.0	-4.999999999999449e-05	-0.00015	0.0	0	1	0.99995	-4.887670026591833	-4.889467276069059	-4.885872777114606	-4.889707402656521	-5.052579765513529	-4.720553706995094	-4.887670026591833	-4.889467276069059	-4.885872777114606	-4.889707402656521
+I+G4	15.0	1000	null_heldout	calibrated	10000	0.0533	0.0533	0.0	-0.0017	0.0019	43	43	0.9914	-5.368863318185862	-5.371496922943262	-5.366229713428462	-5.369787669644774	-5.54183893247701	-5.194150386173439	-0.14345437242026954	-0.14608797717766975	-0.14082076766286933	-0.1443787238791816
+I+G4	15.0	1000	alternative	calibrated	20000	0.99995	0.99995	0.0	0.0	0.0	0	0	1.0	-4.887670026591833	-4.889467276069059	-4.885872777114606	-4.889707402656521	-5.052579765513529	-4.720553706995094	0.3377389191737597	0.33594166969653383	0.33953616865098557	0.33570154310907174
+I+G4	15.0	5000	null_heldout	nominal	10000	0.0448	1.0	-0.9552	-0.9591	-0.9512	0	9552	0.0448	-12.005606747220416	-12.008230379493641	-12.00298311494719	-12.004405556232676	-12.17688425530464	-11.835556248980064	-12.005606747220416	-12.008230379493641	-12.00298311494719	-12.004405556232676
+I+G4	15.0	5000	alternative	nominal	20000	1.0	1.0	0.0	0.0	0.0	0	0	1.0	-10.933669374890336	-10.93546235687986	-10.931876392900811	-10.934242849646097	-11.098056788744552	-10.766882169557759	-10.933669374890336	-10.93546235687986	-10.931876392900811	-10.934242849646097
+I+G4	15.0	5000	null_heldout	calibrated	10000	0.042	0.0426	-0.0005999999999999964	-0.0023	0.0012	38	44	0.9918	-12.005606747220416	-12.008230379493641	-12.00298311494719	-12.004405556232676	-12.17688425530464	-11.835556248980064	-0.13581593635889733	-0.1384395686321229	-0.13319230408567176	-0.1346147453711577
+I+G4	15.0	5000	alternative	calibrated	20000	1.0	1.0	0.0	0.0	0.0	0	0	1.0	-10.933669374890336	-10.93546235687986	-10.931876392900811	-10.934242849646097	-11.098056788744552	-10.766882169557759	0.9361214359711825	0.9343284539816574	0.9379144179607075	0.9355479612154216
+I+G4	15.0	10000	null_heldout	nominal	10000	0.0491	1.0	-0.9509	-0.955	-0.9467	0	9509	0.0491	-16.97667669949356	-16.97935742432406	-16.973995974663058	-16.976080029982896	-17.151138443489664	-16.80045384202517	-16.97667669949356	-16.97935742432406	-16.973995974663058	-16.976080029982896
+I+G4	15.0	10000	alternative	nominal	20000	1.0	1.0	0.0	0.0	0.0	0	0	1.0	-15.462007969003182	-15.463799372294645	-15.460216565711718	-15.462883877016345	-15.62807540739756	-15.295382137333473	-15.462007969003189	-15.463799372294652	-15.460216565711725	-15.462883877016345
+I+G4	15.0	10000	null_heldout	calibrated	10000	0.0535	0.0518	0.0017000000000000001	-0.0004	0.0038	67	50	0.9883	-16.97667669949356	-16.97935742432406	-16.973995974663058	-16.976080029982896	-17.151138443489664	-16.80045384202517	-0.12119372287998621	-0.12387444771048632	-0.1185129980494861	-0.12059705336932325
+I+G4	15.0	10000	alternative	calibrated	20000	1.0	1.0	0.0	0.0	0.0	0	0	1.0	-15.462007969003182	-15.463799372294645	-15.460216565711718	-15.462883877016345	-15.62807540739756	-15.295382137333473	1.3934750076103868	1.3916836043189238	1.3952664109018498	1.392599099597227
+I+G4	17.5	100	null_heldout	nominal	10000	0.046	0.506	-0.46	-0.4694	-0.4504	0	4600	0.54	-1.691878896115076	-1.6947906284706191	-1.6889671637595327	-1.6935862597532503	-1.8792832108997233	-1.5000890317074087	-1.6918788961150764	-1.6947906284706196	-1.6889671637595332	-1.6935862597532505
+I+G4	17.5	100	alternative	nominal	20000	0.4676	0.9484	-0.4808	-0.48765	-0.4739	0	9616	0.5192	-1.5486959332432597	-1.5507071835417252	-1.5466846829447942	-1.552027191100167	-1.7304427469374732	-1.363272096657203	-1.5486959332432597	-1.5507071835417252	-1.5466846829447942	-1.5520271911001668
+I+G4	17.5	100	null_heldout	calibrated	10000	0.0517	0.0508	0.000900000000000005	-0.0011	0.0029	57	48	0.9895	-1.691878896115076	-1.6947906284706191	-1.6889671637595327	-1.6935862597532503	-1.8792832108997233	-1.5000890317074087	-0.12631646290238988	-0.12922819525793303	-0.12340473054684671	-0.12802382654056377
+I+G4	17.5	100	alternative	calibrated	20000	0.48825	0.48005	0.00820000000000004	0.0053	0.01115	523	359	0.9559	-1.5486959332432597	-1.5507071835417252	-1.5466846829447942	-1.552027191100167	-1.7304427469374732	-1.363272096657203	0.016866499969426723	0.0148552496709612	0.018877750267892245	0.013535242112519219
+I+G4	17.5	500	null_heldout	nominal	10000	0.0484	0.9893	-0.9409	-0.9455	-0.9363	0	9409	0.0591	-3.7912166764967377	-3.79406788478533	-3.7883654682081453	-3.7922142363578297	-3.9769518375830986	-3.6017260990505506	-3.7912166764967377	-3.79406788478533	-3.7883654682081453	-3.7922142363578293
+I+G4	17.5	500	alternative	nominal	20000	0.97415	1.0	-0.02585000000000004	-0.02805	-0.02375	0	517	0.97415	-3.480859115976248	-3.4828580472889596	-3.478860184663536	-3.4834379553937933	-3.6644814395715013	-3.2940008605380386	-3.480859115976248	-3.4828580472889596	-3.478860184663536	-3.4834379553937933
+I+G4	17.5	500	null_heldout	calibrated	10000	0.0516	0.0502	0.0013999999999999985	-0.0004	0.0032	50	36	0.9914	-3.7912166764967377	-3.79406788478533	-3.7883654682081453	-3.7922142363578297	-3.9769518375830986	-3.6017260990505506	-0.12126071930593625	-0.12411192759452859	-0.11840951101734391	-0.1222582791670277
+I+G4	17.5	500	alternative	calibrated	20000	0.97615	0.97265	0.0034999999999999476	0.0024	0.0046	96	26	0.9939	-3.480859115976248	-3.4828580472889596	-3.478860184663536	-3.4834379553937933	-3.6644814395715013	-3.2940008605380386	0.1890968412145537	0.18709790990184208	0.1910957725272653	0.18651800179700873
+I+G4	17.5	1000	null_heldout	nominal	10000	0.0454	0.9999	-0.9545	-0.9586	-0.9505	0	9545	0.0455	-5.365371241309858	-5.368215727503012	-5.362526755116704	-5.364733095006562	-5.5531658621863205	-5.17972564402182	-5.365371241309858	-5.368215727503012	-5.362526755116704	-5.364733095006562
+I+G4	17.5	1000	alternative	nominal	20000	0.99955	1.0	-0.00044999999999995044	-0.00075	-0.0002	0	9	0.99955	-4.925239524472764	-4.92721679030516	-4.923262258640369	-4.92755562214229	-5.107236434247996	-4.740998291822001	-4.925239524472764	-4.92721679030516	-4.923262258640369	-4.92755562214229
+I+G4	17.5	1000	null_heldout	calibrated	10000	0.044	0.0456	-0.0016000000000000042	-0.0034	0.0002	36	52	0.9912	-5.365371241309858	-5.368215727503012	-5.362526755116704	-5.364733095006562	-5.5531658621863205	-5.17972564402182	-0.14661344320860492	-0.14945792940175906	-0.14376895701545078	-0.14597529690530875
+I+G4	17.5	1000	alternative	calibrated	20000	0.99955	0.99945	0.00010000000000010001	-0.0001	0.0003	3	1	0.9998	-4.925239524472764	-4.92721679030516	-4.923262258640369	-4.92755562214229	-5.107236434247996	-4.740998291822001	0.29351827362848865	0.291541007796093	0.2954955394608843	0.2912021759589636
+I+G4	17.5	5000	null_heldout	nominal	10000	0.0505	1.0	-0.9495	-0.9539	-0.9453	0	9495	0.0505	-12.002399810384468	-12.005284956848186	-11.999514663920749	-12.00320418268696	-12.19079852633694	-11.816860661181346	-12.002399810384468	-12.005284956848186	-11.999514663920749	-12.00320418268696
+I+G4	17.5	5000	alternative	nominal	20000	1.0	1.0	0.0	0.0	0.0	0	0	1.0	-11.016852338048375	-11.018841373837082	-11.014863302259668	-11.016538103265919	-11.200824246634017	-10.831788298015978	-11.016852338048375	-11.018841373837082	-11.014863302259668	-11.016538103265919
+I+G4	17.5	5000	null_heldout	calibrated	10000	0.051	0.0527	-0.0017000000000000001	-0.0036	0.0003	42	59	0.9899	-12.002399810384468	-12.005284956848186	-11.999514663920749	-12.00320418268696	-12.19079852633694	-11.816860661181346	-0.13667608706669365	-0.13956123353041217	-0.13379094060297514	-0.13748045936918896
+I+G4	17.5	5000	alternative	calibrated	20000	1.0	1.0	0.0	0.0	0.0	0	0	1.0	-11.016852338048375	-11.018841373837082	-11.014863302259668	-11.016538103265919	-11.200824246634017	-10.831788298015978	0.8488713852693978	0.8468823494806906	0.8508604210581049	0.8491856200518537
+I+G4	17.5	10000	null_heldout	nominal	10000	0.0503	1.0	-0.9497	-0.9541	-0.9457	0	9497	0.0503	-16.969960754482134	-16.97281376356967	-16.9671077453946	-16.969013184212592	-17.158625049746945	-16.7857267433441	-16.969960754482134	-16.97281376356967	-16.9671077453946	-16.969013184212592
+I+G4	17.5	10000	alternative	nominal	20000	1.0	1.0	0.0	0.0	0.0	0	0	1.0	-15.579824166796351	-15.581804989017932	-15.57784334457477	-15.579521642885599	-15.763634763818676	-15.397416575728126	-15.579824166796351	-15.581804989017932	-15.57784334457477	-15.579521642885597
+I+G4	17.5	10000	null_heldout	calibrated	10000	0.0497	0.0481	0.0016000000000000042	-0.0003024999999999991	0.0036	57	41	0.9902	-16.969960754482134	-16.97281376356967	-16.9671077453946	-16.969013184212592	-17.158625049746945	-16.7857267433441	-0.12065392703050032	-0.12350693611803479	-0.11780091794296585	-0.11970635676095931
+I+G4	17.5	10000	alternative	calibrated	20000	1.0	1.0	0.0	0.0	0.0	0	0	1.0	-15.579824166796351	-15.581804989017932	-15.57784334457477	-15.579521642885599	-15.763634763818676	-15.397416575728126	1.2694826606552791	1.2675018384336987	1.2714634828768596	1.2697851845660324
+I+G4	20.0	100	null_heldout	nominal	10000	0.0441	0.5138	-0.4697	-0.4793025	-0.4599	0	4697	0.5303	-1.688604560822239	-1.6918182878315764	-1.6853908338129018	-1.6915327879981428	-1.8949987599677371	-1.479030017646111	-1.688604560822239	-1.6918182878315764	-1.6853908338129018	-1.6915327879981426
+I+G4	20.0	100	alternative	nominal	20000	0.40155	0.9246	-0.52305	-0.5298	-0.51634875	0	10461	0.47695	-1.559197100432657	-1.561441025444892	-1.556953175420422	-1.5637681197890716	-1.7621829154519035	-1.3484841182363951	-1.559197100432657	-1.561441025444892	-1.556953175420422	-1.5637681197890718
+I+G4	20.0	100	null_heldout	calibrated	10000	0.0446	0.0486	-0.003999999999999997	-0.0062	-0.0018	43	83	0.9874	-1.688604560822239	-1.6918182878315764	-1.6853908338129018	-1.6915327879981428	-1.8949987599677371	-1.479030017646111	-0.16082854294379836	-0.1640422699531356	-0.15761481593446114	-0.16375677011970202
+I+G4	20.0	100	alternative	calibrated	20000	0.403	0.40525	-0.0022499999999999742	-0.0051	0.0007512500000000045	418	463	0.95595	-1.559197100432657	-1.561441025444892	-1.556953175420422	-1.5637681197890716	-1.7621829154519035	-1.3484841182363951	-0.03142108255421616	-0.033665007566451174	-0.029177157541981153	-0.03599210191063107
+I+G4	20.0	500	null_heldout	nominal	10000	0.0476	0.9871	-0.9395	-0.9442	-0.935	0	9395	0.0605	-3.7884281486446576	-3.7916071545677337	-3.7852491427215815	-3.7897047910754744	-3.991266495053415	-3.580990490217741	-3.7884281486446567	-3.791607154567733	-3.7852491427215806	-3.7897047910754735
+I+G4	20.0	500	alternative	nominal	20000	0.9365	1.0	-0.0635	-0.06695	-0.0601	0	1270	0.9365	-3.5035647775281604	-3.5057916446533652	-3.5013379104029556	-3.5073095969734362	-3.7074199757658577	-3.2945824852909755	-3.5035647775281604	-3.5057916446533652	-3.5013379104029556	-3.5073095969734362
+I+G4	20.0	500	null_heldout	calibrated	10000	0.05	0.0493	0.0007000000000000062	-0.0014	0.0028	66	59	0.9875	-3.7884281486446576	-3.7916071545677337	-3.7852491427215815	-3.7897047910754744	-3.991266495053415	-3.580990490217741	-0.12631606268017181	-0.12949506860324783	-0.1231370567570958	-0.1275927051109882
+I+G4	20.0	500	alternative	calibrated	20000	0.93985	0.93475	0.005099999999999993	0.0035	0.00675	193	91	0.9858	-3.5035647775281604	-3.5057916446533652	-3.5013379104029556	-3.5073095969734362	-3.7074199757658577	-3.2945824852909755	0.15854730843632528	0.15632044131112027	0.16077417556153029	0.15480248899104954
+I+G4	20.0	1000	null_heldout	nominal	10000	0.0483	1.0	-0.9517	-0.9558	-0.9475	0	9517	0.0483	-5.364220563103365	-5.367369908158678	-5.361071218048052	-5.365359268057265	-5.565986727271575	-5.156277029040212	-5.364220563103364	-5.367369908158677	-5.3610712180480515	-5.365359268057265
+I+G4	20.0	1000	alternative	nominal	20000	0.99775	1.0	-0.0022499999999999742	-0.0029	-0.0016	0	45	0.99775	-4.956580690085559	-4.9588011936746685	-4.95436018649645	-4.958523085142411	-5.163325821446464	-4.747356732317175	-4.956580690085559	-4.9588011936746685	-4.95436018649645	-4.958523085142411
+I+G4	20.0	1000	null_heldout	calibrated	10000	0.0517	0.0518	-9.999999999999593e-05	-0.0023	0.0021	63	64	0.9873	-5.364220563103365	-5.367369908158678	-5.361071218048052	-5.365359268057265	-5.565986727271575	-5.156277029040212	-0.1268537177503057	-0.13000306280561863	-0.1237043726949928	-0.12799242270420663
+I+G4	20.0	1000	alternative	calibrated	20000	0.99805	0.9972	0.0008500000000000174	0.0004	0.0013	19	2	0.99895	-4.956580690085559	-4.9588011936746685	-4.95436018649645	-4.958523085142411	-5.163325821446464	-4.747356732317175	0.28078615526749945	0.27856565167839	0.2830066588566089	0.2788437602106484
+I+G4	20.0	5000	null_heldout	nominal	10000	0.0461	1.0	-0.9539	-0.958	-0.9498	0	9539	0.0461	-11.998689016176245	-12.001823916597573	-11.995554115754917	-11.998607399625268	-12.206899986075953	-11.794417083911936	-11.998689016176245	-12.001823916597573	-11.995554115754917	-11.99860739962527
+I+G4	20.0	5000	alternative	nominal	20000	1.0	1.0	0.0	0.0	0.0	0	0	1.0	-11.086828153608678	-11.089048807167794	-11.084607500049563	-11.08716884446735	-11.292471253525505	-10.88170838748205	-11.086828153608678	-11.089048807167794	-11.084607500049563	-11.08716884446735
+I+G4	20.0	5000	null_heldout	calibrated	10000	0.0475	0.0503	-0.002799999999999997	-0.005	-0.0007	47	75	0.9878	-11.998689016176245	-12.001823916597573	-11.995554115754917	-11.998607399625268	-12.206899986075953	-11.794417083911936	-0.15125875277463566	-0.15439365319596343	-0.14812385235330788	-0.15117713622366047
+I+G4	20.0	5000	alternative	calibrated	20000	1.0	1.0	0.0	0.0	0.0	0	0	1.0	-11.086828153608678	-11.089048807167794	-11.084607500049563	-11.08716884446735	-11.292471253525505	-10.88170838748205	0.7606021097929296	0.7583814562338136	0.7628227633520457	0.7602614189342578
+I+G4	20.0	10000	null_heldout	nominal	10000	0.0473	1.0	-0.9527	-0.9568025	-0.9486	0	9527	0.0473	-16.967413611431002	-16.970592694544404	-16.9642345283176	-16.967131189574694	-17.174608180763105	-16.76122439657284	-16.967413611431002	-16.970592694544404	-16.9642345283176	-16.96713118957469
+I+G4	20.0	10000	alternative	nominal	20000	1.0	1.0	0.0	0.0	0.0	0	0	1.0	-15.679949636825343	-15.68215584837936	-15.677743425271327	-15.680574548589181	-15.883373512325681	-15.475430959982328	-15.679949636825345	-15.682155848379361	-15.677743425271329	-15.68057454858918
+I+G4	20.0	10000	null_heldout	calibrated	10000	0.0501	0.0502	-0.00010000000000000286	-0.0024	0.002202500000000009	69	70	0.9861	-16.967413611431002	-16.970592694544404	-16.9642345283176	-16.967131189574694	-17.174608180763105	-16.76122439657284	-0.12570774254335115	-0.1288868256567529	-0.12252865942994941	-0.12542532068704304
+I+G4	20.0	10000	alternative	calibrated	20000	1.0	1.0	0.0	0.0	0.0	0	0	1.0	-15.679949636825343	-15.68215584837936	-15.677743425271327	-15.680574548589181	-15.883373512325681	-15.475430959982328	1.1617562320623056	1.1595500205082885	1.1639624436163227	1.1611313202984697
+I+G4	22.5	100	null_heldout	nominal	10000	0.0475	0.5152	-0.4677	-0.4772	-0.4577	0	4677	0.5323	-1.6835035224510015	-1.687032017091724	-1.6799750278102792	-1.6861281664662966	-1.912828782263543	-1.4509166100266413	-1.6835035224510015	-1.687032017091724	-1.6799750278102792	-1.6861281664662968
+I+G4	22.5	100	alternative	nominal	20000	0.34645	0.9011	-0.5546500000000001	-0.5616012499999999	-0.54785	0	11093	0.44535	-1.5649485959959737	-1.5674446276407394	-1.562452564351208	-1.5713685100360522	-1.7901672610372472	-1.3309136075886727	-1.5649485959959741	-1.5674446276407399	-1.5624525643512084	-1.5713685100360524
+I+G4	22.5	100	null_heldout	calibrated	10000	0.0556	0.0558	-0.00020000000000000573	-0.0026	0.0022	76	78	0.9846	-1.6835035224510015	-1.687032017091724	-1.6799750278102792	-1.6861281664662966	-1.912828782263543	-1.4509166100266413	-0.12761863431768652	-0.13114712895840883	-0.12409013967696422	-0.13024327833298188
+I+G4	22.5	100	alternative	calibrated	20000	0.37	0.36405	0.005950000000000011	0.0026	0.00905	577	458	0.94825	-1.5649485959959737	-1.5674446276407394	-1.562452564351208	-1.5713685100360522	-1.7901672610372472	-1.3309136075886727	-0.009063707862659157	-0.01155973950742492	-0.006567676217893394	-0.015483621902737443
+I+G4	22.5	500	null_heldout	nominal	10000	0.0476	0.9891	-0.9415	-0.9461	-0.937	0	9415	0.0585	-3.7867335139575675	-3.7902084638262403	-3.7832585640888947	-3.787571181430116	-4.015668756448251	-3.5587976654921905	-3.786733513957567	-3.79020846382624	-3.7832585640888943	-3.787571181430116
+I+G4	22.5	500	alternative	nominal	20000	0.8825	1.0	-0.11750000000000005	-0.12195	-0.1131	0	2350	0.8825	-3.518378090716769	-3.5208354576465806	-3.5159207237869574	-3.5202119966994623	-3.743749686308447	-3.2904247064943677	-3.518378090716769	-3.5208354576465806	-3.5159207237869574	-3.5202119966994623
+I+G4	22.5	500	null_heldout	calibrated	10000	0.0488	0.049	-0.0001999999999999988	-0.0026	0.0022	68	70	0.9862	-3.7867335139575675	-3.7902084638262403	-3.7832585640888947	-3.787571181430116	-4.015668756448251	-3.5587976654921905	-0.14558883160445085	-0.1490637814731235	-0.1421138817357782	-0.14642649907700012
+I+G4	22.5	500	alternative	calibrated	20000	0.88535	0.87575	0.009599999999999942	0.007148750000000001	0.01195	391	199	0.9705	-3.518378090716769	-3.5208354576465806	-3.5159207237869574	-3.5202119966994623	-3.743749686308447	-3.2904247064943677	0.12276659163634765	0.12030922470653596	0.12522395856615934	0.12093268565365367
+I+G4	22.5	1000	null_heldout	nominal	10000	0.046	0.9998	-0.9538	-0.9578	-0.9496	0	9538	0.0462	-5.362952235197214	-5.366408954216508	-5.359495516177919	-5.363505223648991	-5.5880261192457015	-5.138888257974491	-5.362952235197214	-5.366408954216508	-5.359495516177919	-5.363505223648991
+I+G4	22.5	1000	alternative	nominal	20000	0.99125	1.0	-0.008750000000000036	-0.01005	-0.0075	0	175	0.99125	-4.981548582829904	-4.9840146172016695	-4.979082548458139	-4.982850166719708	-5.209175220033726	-4.751519715530205	-4.981548582829904	-4.9840146172016695	-4.979082548458139	-4.982850166719708
+I+G4	22.5	1000	null_heldout	calibrated	10000	0.0468	0.0469	-9.999999999999593e-05	-0.002402499999999999	0.0022	70	71	0.9859	-5.362952235197214	-5.366408954216508	-5.359495516177919	-5.363505223648991	-5.5880261192457015	-5.138888257974491	-0.13913192877001107	-0.14258864778930552	-0.13567520975071662	-0.1396849172217891
+I+G4	22.5	1000	alternative	calibrated	20000	0.9913	0.9899	0.0013999999999999568	0.00065	0.00215	44	16	0.997	-4.981548582829904	-4.9840146172016695	-4.979082548458139	-4.982850166719708	-5.209175220033726	-4.751519715530205	0.2422717235972972	0.2398056892255321	0.2447377579690623	0.24097013970749348
+I+G4	22.5	5000	null_heldout	nominal	10000	0.0468	1.0	-0.9532	-0.9573	-0.9491	0	9532	0.0468	-11.996540913965841	-12.000015987812912	-11.99306584011877	-11.999346169921104	-12.222218407400973	-11.769000820502647	-11.996540913965845	-12.000015987812915	-11.993065840118774	-11.999346169921104
+I+G4	22.5	5000	alternative	nominal	20000	1.0	1.0	0.0	0.0	0.0	0	0	1.0	-11.14447371886301	-11.14694997606073	-11.141997461665289	-11.145723883829096	-11.371180988386213	-10.914927748858204	-11.144473718863011	-11.146949976060732	-11.14199746166529	-11.145723883829096
+I+G4	22.5	5000	null_heldout	calibrated	10000	0.0477	0.0472	0.0005000000000000004	-0.0018	0.0028	71	66	0.9863	-11.996540913965841	-12.000015987812912	-11.99306584011877	-11.999346169921104	-12.222218407400973	-11.769000820502647	-0.13120874918926093	-0.13468382303633167	-0.12773367534219018	-0.13401400514452355
+I+G4	22.5	5000	alternative	calibrated	20000	1.0	1.0	0.0	0.0	0.0	0	0	1.0	-11.14447371886301	-11.14694997606073	-11.141997461665289	-11.145723883829096	-11.371180988386213	-10.914927748858204	0.7208584459135707	0.7183821887158507	0.7233347031112908	0.7196082809474866
+I+G4	22.5	10000	null_heldout	nominal	10000	0.0519	1.0	-0.9480999999999999	-0.9525	-0.9436	0	9481	0.0519	-16.96474647736061	-16.968232989300105	-16.961259965421114	-16.966234111180526	-17.194008209263252	-16.734243499390374	-16.96474647736061	-16.968232989300105	-16.961259965421114	-16.966234111180526
+I+G4	22.5	10000	alternative	nominal	20000	1.0	1.0	0.0	0.0	0.0	0	0	1.0	-15.763090570940225	-15.765565204141621	-15.760615937738828	-15.765199678877952	-15.991122273286896	-15.53380469382473	-15.763090570940225	-15.765565204141621	-15.760615937738828	-15.765199678877952
+I+G4	22.5	10000	null_heldout	calibrated	10000	0.0493	0.0534	-0.004100000000000006	-0.0067	-0.0018	57	98	0.9845	-16.96474647736061	-16.968232989300105	-16.961259965421114	-16.966234111180526	-17.194008209263252	-16.734243499390374	-0.16100611715780488	-0.16449262909730028	-0.1575196052183095	-0.16249375097772223
+I+G4	22.5	10000	alternative	calibrated	20000	1.0	1.0	0.0	0.0	0.0	0	0	1.0	-15.763090570940225	-15.765565204141621	-15.760615937738828	-15.765199678877952	-15.991122273286896	-15.53380469382473	1.0406497892625792	1.0381751560611832	1.0431244224639753	1.0385406813248519
+I+G4	25.0	100	null_heldout	nominal	10000	0.0436	0.512	-0.46840000000000004	-0.4782	-0.4587	0	4684	0.5316	-1.681683930840707	-1.6855712805635479	-1.6777965811178661	-1.6877463693685852	-1.9330863630993937	-1.4232592318261514	-1.681683930840707	-1.6855712805635479	-1.6777965811178661	-1.687746369368585
+I+G4	25.0	100	alternative	nominal	20000	0.2949	0.8746	-0.5797000000000001	-0.58645	-0.57285	0	11594	0.4203	-1.5705101441940732	-1.573265424517073	-1.5677548638710734	-1.5754183097046826	-1.8207359420180185	-1.3108439900449893	-1.5705101441940732	-1.573265424517073	-1.5677548638710734	-1.5754183097046823
+I+G4	25.0	100	null_heldout	calibrated	10000	0.0526	0.0545	-0.001899999999999999	-0.0045	0.0008	84	103	0.9813	-1.681683930840707	-1.6855712805635479	-1.6777965811178661	-1.6877463693685852	-1.9330863630993937	-1.4232592318261514	-0.13481007124929978	-0.13869742097214077	-0.13092272152645879	-0.1408725097771777
+I+G4	25.0	100	alternative	calibrated	20000	0.3265	0.32295	0.0035499999999999976	0.0002	0.0069	597	526	0.94385	-1.5705101441940732	-1.573265424517073	-1.5677548638710734	-1.5754183097046826	-1.8207359420180185	-1.3108439900449893	-0.023636284602665994	-0.02639156492566586	-0.02088100427966613	-0.028544450113275
+I+G4	25.0	500	null_heldout	nominal	10000	0.0518	0.9873	-0.9355	-0.9401	-0.9305	0	9355	0.0645	-3.7876325949535605	-3.791419753690194	-3.783845436216927	-3.7890554524388342	-4.033677589709221	-3.537687458226137	-3.7876325949535605	-3.791419753690194	-3.783845436216927	-3.7890554524388342
+I+G4	25.0	500	alternative	nominal	20000	0.8177	1.0	-0.18230000000000002	-0.18755	-0.177	0	3646	0.8177	-3.536328262674368	-3.539087774648862	-3.5335687506998745	-3.538656831161047	-3.7898110265573535	-3.2808416456226057	-3.536328262674368	-3.539087774648862	-3.5335687506998745	-3.5386568311610467
+I+G4	25.0	500	null_heldout	calibrated	10000	0.0539	0.0545	-0.0005999999999999964	-0.003	0.0018	73	79	0.9848	-3.7876325949535605	-3.791419753690194	-3.783845436216927	-3.7890554524388342	-4.033677589709221	-3.537687458226137	-0.1395759195130811	-0.14336307824971473	-0.13578876077644747	-0.14099877699835517
+I+G4	25.0	500	alternative	calibrated	20000	0.822	0.80855	0.013449999999999962	0.01045	0.0164	587	318	0.95475	-3.536328262674368	-3.539087774648862	-3.5335687506998745	-3.538656831161047	-3.7898110265573535	-3.2808416456226057	0.1117284127661108	0.1089689007916172	0.1144879247406044	0.10939984427943195
+I+G4	25.0	1000	null_heldout	nominal	10000	0.0456	1.0	-0.9544	-0.9584	-0.9501	0	9544	0.0456	-5.358318139972327	-5.362171759667244	-5.35446452027741	-5.359059621653554	-5.609968379554545	-5.1051764912756035	-5.358318139972327	-5.362171759667244	-5.35446452027741	-5.359059621653554
+I+G4	25.0	1000	alternative	nominal	20000	0.9751	1.0	-0.024900000000000033	-0.02705	-0.0228	0	498	0.9751	-5.000828214202936	-5.003599641381354	-4.998056787024518	-5.00318416835424	-5.254510959316864	-4.741390148379608	-5.000828214202936	-5.003599641381354	-4.998056787024518	-5.00318416835424
+I+G4	25.0	1000	null_heldout	calibrated	10000	0.0459	0.0477	-0.001799999999999996	-0.0042	0.0006025000000000091	65	83	0.9852	-5.358318139972327	-5.362171759667244	-5.35446452027741	-5.359059621653554	-5.609968379554545	-5.1051764912756035	-0.13148985647566974	-0.13534347617058687	-0.12763623678075262	-0.1322313381568967
+I+G4	25.0	1000	alternative	calibrated	20000	0.97535	0.96955	0.005800000000000027	0.0043	0.0073	174	58	0.9884	-5.000828214202936	-5.003599641381354	-4.998056787024518	-5.00318416835424	-5.254510959316864	-4.741390148379608	0.22600006929372213	0.22322864211530435	0.2287714964721399	0.223644115142418
+I+G4	25.0	5000	null_heldout	nominal	10000	0.0486	1.0	-0.9514	-0.9556	-0.9472	0	9514	0.0486	-11.992249022641316	-11.996116321537485	-11.988381723745146	-11.99338352407749	-12.244541429719751	-11.737379808111786	-11.992249022641316	-11.996116321537485	-11.988381723745146	-11.993383524077492
+I+G4	25.0	5000	alternative	nominal	20000	1.0	1.0	0.0	0.0	0.0	0	0	1.0	-11.200320929436973	-11.2030594721371	-11.197582386736846	-11.20152770812319	-11.45433212422736	-10.946221525965925	-11.200320929436973	-11.2030594721371	-11.197582386736846	-11.201527708123193
+I+G4	25.0	5000	null_heldout	calibrated	10000	0.0519	0.0527	-0.0007999999999999952	-0.0033	0.0016	74	82	0.9844	-11.992249022641316	-11.996116321537485	-11.988381723745146	-11.99338352407749	-12.244541429719751	-11.737379808111786	-0.13368088706172593	-0.137548185957895	-0.12981358816555685	-0.13481538849790198
+I+G4	25.0	5000	alternative	calibrated	20000	1.0	1.0	0.0	0.0	0.0	0	0	1.0	-11.200320929436973	-11.2030594721371	-11.197582386736846	-11.20152770812319	-11.45433212422736	-10.946221525965925	0.6582472061426156	0.6555086634424876	0.6609857488427435	0.6570404274563977
+I+G4	25.0	10000	null_heldout	nominal	10000	0.0486	1.0	-0.9514	-0.9555	-0.9473	0	9514	0.0486	-16.962813591402334	-16.966680611571885	-16.958946571232783	-16.96358348986979	-17.21774315868661	-16.71041982169818	-16.962813591402334	-16.966680611571885	-16.958946571232783	-16.96358348986979
+I+G4	25.0	10000	alternative	nominal	20000	1.0	1.0	0.0	0.0	0.0	0	0	1.0	-15.83542234919148	-15.838173715522982	-15.832670982859979	-15.834674641279932	-16.09234975528483	-15.582212815001062	-15.83542234919148	-15.838173715522982	-15.832670982859979	-15.83467464127993
+I+G4	25.0	10000	null_heldout	calibrated	10000	0.0522	0.0524	-0.0001999999999999988	-0.0027	0.0022	77	79	0.9844	-16.962813591402334	-16.966680611571885	-16.958946571232783	-16.96358348986979	-17.21774315868661	-16.71041982169818	-0.13194496512051906	-0.1358119852900712	-0.12807794495096692	-0.1327148635879798
+I+G4	25.0	10000	alternative	calibrated	20000	1.0	1.0	0.0	0.0	0.0	0	0	1.0	-15.83542234919148	-15.838173715522982	-15.832670982859979	-15.834674641279932	-16.09234975528483	-15.582212815001062	0.9954462770903334	0.9926949107588319	0.9981976434218349	0.9961939850018826
+I+G4	30.0	100	null_heldout	nominal	10000	0.0455	0.517	-0.47150000000000003	-0.4809	-0.4621	0	4715	0.5285	-1.680191571307001	-1.6847997849589866	-1.6755833576550154	-1.6861552987525288	-1.9726888176525097	-1.3770895574856625	-1.680191571307001	-1.6847997849589866	-1.6755833576550154	-1.6861552987525288
+I+G4	30.0	100	alternative	nominal	20000	0.22825	0.8243	-0.59605	-0.60275	-0.58904875	0	11921	0.40395	-1.5769086652544175	-1.5802718391284545	-1.5735454913803806	-1.5848771502999743	-1.8803121454501197	-1.2621030745578863	-1.5769086652544175	-1.5802718391284545	-1.5735454913803806	-1.5848771502999741
+I+G4	30.0	100	null_heldout	calibrated	10000	0.0531	0.0527	0.0004000000000000045	-0.0023	0.0031	97	93	0.981	-1.680191571307001	-1.6847997849589866	-1.6755833576550154	-1.6861552987525288	-1.9726888176525097	-1.3770895574856625	-0.12671138917236363	-0.13131960282434915	-0.1221031755203781	-0.132675116617891
+I+G4	30.0	100	alternative	calibrated	20000	0.2522	0.24365	0.008549999999999974	0.005	0.01195	691	520	0.93945	-1.5769086652544175	-1.5802718391284545	-1.5735454913803806	-1.5848771502999743	-1.8803121454501197	-1.2621030745578863	-0.023428483119779794	-0.0267916569938168	-0.020065309245742787	-0.03139696816533655
+I+G4	30.0	500	null_heldout	nominal	10000	0.0525	0.9882	-0.9357	-0.9404	-0.9308	0	9357	0.0643	-3.7877370754443356	-3.792441446554266	-3.783032704334405	-3.7899374711374074	-4.0915484648057285	-3.4783683086529122	-3.7877370754443356	-3.792441446554266	-3.783032704334405	-3.7899374711374074
+I+G4	30.0	500	alternative	nominal	20000	0.6546	1.0	-0.34540000000000004	-0.3518	-0.3387	0	6908	0.6546	-3.561753475952189	-3.5651138770947197	-3.5583930748096586	-3.5652602730070004	-3.869303817773457	-3.2478296387767456	-3.561753475952189	-3.5651138770947197	-3.5583930748096586	-3.5652602730070004
+I+G4	30.0	500	null_heldout	calibrated	10000	0.0591	0.0562	0.0029	0.0	0.0057	123	94	0.9783	-3.7877370754443356	-3.792441446554266	-3.783032704334405	-3.7899374711374074	-4.0915484648057285	-3.4783683086529122	-0.09639391968996353	-0.10109829079989424	-0.09168954858003281	-0.0985943153830342
+I+G4	30.0	500	alternative	calibrated	20000	0.67875	0.63935	0.03939999999999999	0.0355	0.0432	1185	397	0.9209	-3.561753475952189	-3.5651138770947197	-3.5583930748096586	-3.5652602730070004	-3.869303817773457	-3.2478296387767456	0.12958967980218364	0.12622927865965328	0.132950080944714	0.1260828827473719
+I+G4	30.0	1000	null_heldout	nominal	10000	0.0503	1.0	-0.9497	-0.954	-0.9453	0	9497	0.0503	-5.3586034563665645	-5.363256136589851	-5.353950776143278	-5.360300722969861	-5.664037028042687	-5.051514893666479	-5.3586034563665645	-5.363256136589851	-5.353950776143278	-5.3603007229698605
+I+G4	30.0	1000	alternative	nominal	20000	0.8946	1.0	-0.10540000000000005	-0.1097	-0.1011	0	2108	0.8946	-5.0391650729068695	-5.0425116041930975	-5.035818541620642	-5.043184132107295	-5.344779412341578	-4.726769780388925	-5.0391650729068695	-5.0425116041930975	-5.035818541620642	-5.043184132107295
+I+G4	30.0	1000	null_heldout	calibrated	10000	0.052	0.0552	-0.0032000000000000015	-0.006	-0.0005	87	119	0.9794	-5.3586034563665645	-5.363256136589851	-5.353950776143278	-5.360300722969861	-5.664037028042687	-5.051514893666479	-0.14286161449696252	-0.1475142947202495	-0.13820893427367556	-0.14455888110025938
+I+G4	30.0	1000	alternative	calibrated	20000	0.8999	0.88455	0.015350000000000086	0.01275	0.01795	522	215	0.96315	-5.0391650729068695	-5.0425116041930975	-5.035818541620642	-5.043184132107295	-5.344779412341578	-4.726769780388925	0.17657676896273242	0.17323023767650467	0.17992330024896017	0.1725577097623061
+I+G4	30.0	5000	null_heldout	nominal	10000	0.0494	1.0	-0.9506	-0.9548	-0.9462	0	9506	0.0494	-11.990436987981372	-11.995069080328333	-11.985804895634411	-11.992571554780685	-12.292388888215735	-11.688327064792	-11.990436987981374	-11.995069080328335	-11.985804895634413	-11.992571554780685
+I+G4	30.0	5000	alternative	nominal	20000	1.0	1.0	0.0	0.0	0.0	0	0	1.0	-11.281626052379044	-11.284950852635045	-11.278301252123043	-11.280136657164771	-11.58553753171286	-10.97376652814185	-11.281626052379046	-11.284950852635047	-11.278301252123045	-11.280136657164773
+I+G4	30.0	5000	null_heldout	calibrated	10000	0.051	0.0518	-0.0008000000000000021	-0.0035	0.002	94	102	0.9804	-11.990436987981372	-11.995069080328333	-11.985804895634411	-11.992571554780685	-12.292388888215735	-11.688327064792	-0.12910554982420608	-0.1337376421711676	-0.12447345747724456	-0.13124011662351798
+I+G4	30.0	5000	alternative	calibrated	20000	1.0	1.0	0.0	0.0	0.0	0	0	1.0	-11.281626052379044	-11.284950852635045	-11.278301252123043	-11.280136657164771	-11.58553753171286	-10.97376652814185	0.5797053857781214	0.57638058552212	0.5830301860341227	0.5811947809923943
+I+G4	30.0	10000	null_heldout	nominal	10000	0.0462	1.0	-0.9538	-0.9579	-0.9497	0	9538	0.0462	-16.956743277118182	-16.961393620726867	-16.952092933509498	-16.95779830925015	-17.26178003142549	-16.654084692551784	-16.95674327711818	-16.961393620726863	-16.952092933509494	-16.957798309250148
+I+G4	30.0	10000	alternative	nominal	20000	1.0	1.0	0.0	0.0	0.0	0	0	1.0	-15.956788318081077	-15.96013187655679	-15.953444759605365	-15.956764556265725	-16.265203604451017	-15.64531575870585	-15.956788318081077	-15.96013187655679	-15.953444759605365	-15.956764556265727
+I+G4	30.0	10000	null_heldout	calibrated	10000	0.0454	0.0443	0.0011000000000000038	-0.0014	0.0036	90	79	0.9831	-16.956743277118182	-16.961393620726867	-16.952092933509498	-16.95779830925015	-17.26178003142549	-16.654084692551784	-0.12316505729467583	-0.12781540090336133	-0.11851471368599034	-0.12422008942664675
+I+G4	30.0	10000	alternative	calibrated	20000	1.0	1.0	0.0	0.0	0.0	0	0	1.0	-15.956788318081077	-15.96013187655679	-15.953444759605365	-15.956764556265725	-16.265203604451017	-15.64531575870585	0.8767899017424235	0.8734463432667113	0.8801334602181358	0.8768136635577761
+I+G4	35.0	100	null_heldout	nominal	10000	0.0462	0.5184	-0.47219999999999995	-0.4820025	-0.4623	0	4722	0.5278	-1.6701480291047093	-1.675808453879713	-1.6644876043297057	-1.6825648063395362	-2.0292218976698106	-1.293251110487383	-1.6701480291047093	-1.675808453879713	-1.6644876043297057	-1.6825648063395362
+I+G4	35.0	100	alternative	nominal	20000	0.17145	0.76795	-0.5965	-0.6032	-0.5897	0	11930	0.4035	-1.5850516313755303	-1.589093006236748	-1.5810102565143125	-1.598790903263967	-1.9468198034046478	-1.2064828067511697	-1.5850516313755305	-1.5890930062367483	-1.5810102565143127	-1.598790903263967
+I+G4	35.0	100	null_heldout	calibrated	10000	0.0498	0.0475	0.0022999999999999965	-0.0009	0.0055	144	121	0.9735	-1.6701480291047093	-1.675808453879713	-1.6644876043297057	-1.6825648063395362	-2.0292218976698106	-1.293251110487383	-0.13304637892441115	-0.13870680369941477	-0.12738595414940754	-0.14546315615923766
+I+G4	35.0	100	alternative	calibrated	20000	0.1806	0.1742	0.006400000000000017	0.00275	0.009951250000000005	715	587	0.9349	-1.5850516313755303	-1.589093006236748	-1.5810102565143125	-1.598790903263967	-1.9468198034046478	-1.2064828067511697	-0.04794998119523218	-0.051991356056450035	-0.043908606334014326	-0.06168925308366857
+I+G4	35.0	500	null_heldout	nominal	10000	0.0509	0.988	-0.9371	-0.9417	-0.9321	0	9371	0.0629	-3.780392374019768	-3.7860006013757364	-3.7747841466637997	-3.783407711124045	-4.148365856327102	-3.4168541282523988	-3.780392374019768	-3.7860006013757364	-3.7747841466637997	-3.783407711124045
+I+G4	35.0	500	alternative	nominal	20000	0.49805	0.99995	-0.5019	-0.5086	-0.49495	0	10038	0.4981	-3.577747242506828	-3.5817609250250917	-3.5737335599885642	-3.5810573608640697	-3.9465369078458723	-3.2065302332768355	-3.577747242506827	-3.581760925025091	-3.5737335599885633	-3.5810573608640697
+I+G4	35.0	500	null_heldout	calibrated	10000	0.0511	0.0523	-0.0011999999999999997	-0.0044	0.002	126	138	0.9736	-3.780392374019768	-3.7860006013757364	-3.7747841466637997	-3.783407711124045	-4.148365856327102	-3.4168541282523988	-0.1568136990236756	-0.16242192637964376	-0.15120547166770743	-0.1598290361279524
+I+G4	35.0	500	alternative	calibrated	20000	0.4993	0.4817	0.017600000000000005	0.0135	0.0216	1085	733	0.9091	-3.577747242506828	-3.5817609250250917	-3.5737335599885642	-3.5810573608640697	-3.9465369078458723	-3.2065302332768355	0.045831432489264856	0.04181774997100125	0.04984511500752846	0.04252131413202331
+I+G4	35.0	1000	null_heldout	nominal	10000	0.0455	0.9999	-0.9544	-0.9584	-0.95	0	9544	0.0456	-5.354484230175843	-5.36005984026912	-5.348908620082566	-5.359450644971558	-5.719064971662007	-4.985495148741734	-5.354484230175843	-5.36005984026912	-5.348908620082566	-5.359450644971558
+I+G4	35.0	1000	alternative	nominal	20000	0.7551	1.0	-0.2449	-0.2509	-0.23884875	0	4898	0.7551	-5.0704504787598195	-5.074434073568307	-5.066466883951332	-5.076047033405708	-5.43556053970222	-4.703674204831103	-5.0704504787598195	-5.074434073568307	-5.066466883951332	-5.076047033405708
+I+G4	35.0	1000	null_heldout	calibrated	10000	0.0514	0.0513	0.00010000000000000286	-0.0031	0.0032	131	130	0.9739	-5.354484230175843	-5.36005984026912	-5.348908620082566	-5.359450644971558	-5.719064971662007	-4.985495148741734	-0.14298459536863697	-0.14856020546191365	-0.1374089852753603	-0.14795101016435241
+I+G4	35.0	1000	alternative	calibrated	20000	0.76815	0.7406	0.027549999999999963	0.0237	0.03140125	1038	487	0.92375	-5.0704504787598195	-5.074434073568307	-5.066466883951332	-5.076047033405708	-5.43556053970222	-4.703674204831103	0.14104915604738702	0.13706556123889918	0.14503275085587486	0.1354526014014974
+I+G4	35.0	5000	null_heldout	nominal	10000	0.0485	1.0	-0.9515	-0.9558	-0.9473	0	9515	0.0485	-11.990388977986745	-11.995864183000656	-11.984913772972835	-11.994303545514152	-12.347505447927608	-11.631042545248548	-11.990388977986745	-11.995864183000656	-11.984913772972835	-11.994303545514152
+I+G4	35.0	5000	alternative	nominal	20000	0.9999	1.0	-9.999999999998899e-05	-0.00025	0.0	0	2	0.9999	-11.349074324118739	-11.353087535643926	-11.345061112593552	-11.350137058589347	-11.717334930635069	-10.97523262296635	-11.349074324118739	-11.353087535643926	-11.345061112593552	-11.350137058589347
+I+G4	35.0	5000	null_heldout	calibrated	10000	0.049	0.0511	-0.0020999999999999977	-0.0052	0.0009	110	131	0.9759	-11.990388977986745	-11.995864183000656	-11.984913772972835	-11.994303545514152	-12.347505447927608	-11.631042545248548	-0.13964149575005896	-0.14511670076396893	-0.134166290736149	-0.14355606327746617
+I+G4	35.0	5000	alternative	calibrated	20000	0.9999	0.99965	0.00024999999999997247	5e-05	0.0005	5	0	0.99975	-11.349074324118739	-11.353087535643926	-11.345061112593552	-11.350137058589347	-11.717334930635069	-10.97523262296635	0.5016731581179481	0.497659946592761	0.5056863696431352	0.5006104236473403
+I+G4	35.0	10000	null_heldout	nominal	10000	0.0487	1.0	-0.9513	-0.9555	-0.9471	0	9513	0.0487	-16.95777980831136	-16.963325866907482	-16.95223374971524	-16.957537844853206	-17.318493740222802	-16.595997093624604	-16.95777980831136	-16.963325866907482	-16.95223374971524	-16.957537844853206
+I+G4	35.0	10000	alternative	nominal	20000	1.0	1.0	0.0	0.0	0.0	0	0	1.0	-16.051459353960514	-16.05542542307258	-16.047493284848446	-16.053274505517734	-16.418499710838354	-15.680393696948245	-16.051459353960514	-16.05542542307258	-16.047493284848446	-16.053274505517734
+I+G4	35.0	10000	null_heldout	calibrated	10000	0.0445	0.0495	-0.0050000000000000044	-0.0078	-0.0023	81	131	0.9788	-16.95777980831136	-16.963325866907482	-16.95223374971524	-16.957537844853206	-17.318493740222802	-16.595997093624604	-0.15699538258359402	-0.16254144117971447	-0.15144932398747357	-0.1567534191254385
+I+G4	35.0	10000	alternative	calibrated	20000	1.0	1.0	0.0	0.0	0.0	0	0	1.0	-16.051459353960514	-16.05542542307258	-16.047493284848446	-16.053274505517734	-16.418499710838354	-15.680393696948245	0.7493250717672532	0.7453590026551872	0.7532911408793191	0.7475099202100317
+I+G4	40.0	100	null_heldout	nominal	10000	0.0458	0.5054	-0.45959999999999995	-0.4694	-0.4496975	0	4596	0.5404	-1.6716170889432376	-1.6781478259088365	-1.6650863519776387	-1.6802652629507915	-2.0925036136511284	-1.2396708486253536	-1.6716170889432376	-1.6781478259088363	-1.6650863519776389	-1.6802652629507915
+I+G4	40.0	100	alternative	nominal	20000	0.14715	0.7192	-0.57205	-0.5787	-0.56515	0	11441	0.42795	-1.588866324391813	-1.593573780600471	-1.584158868183155	-1.6042972405244478	-2.0117949988275585	-1.1454744305212659	-1.588866324391813	-1.593573780600471	-1.584158868183155	-1.6042972405244476
+I+G4	40.0	100	null_heldout	calibrated	10000	0.0454	0.044	0.0014000000000000054	-0.0016	0.0044	121	107	0.9772	-1.6716170889432376	-1.6781478259088365	-1.6650863519776387	-1.6802652629507915	-2.0925036136511284	-1.2396708486253536	-0.14522316674559452	-0.15175390371119332	-0.1386924297799957	-0.15387134075314846
+I+G4	40.0	100	alternative	calibrated	20000	0.14575	0.13635	0.009399999999999992	0.00595	0.0128	702	514	0.9392	-1.588866324391813	-1.593573780600471	-1.584158868183155	-1.6042972405244478	-2.0117949988275585	-1.1454744305212659	-0.06247240219417001	-0.06717985840282795	-0.05776494598551207	-0.07790331832680497
+I+G4	40.0	500	null_heldout	nominal	10000	0.0538	0.9883	-0.9345	-0.9392	-0.9295	0	9345	0.0655	-3.7840143729433344	-3.7905871039901045	-3.7774416418965644	-3.7922606101570766	-4.210402024262864	-3.3510131119794755	-3.7840143729433344	-3.7905871039901045	-3.7774416418965644	-3.7922606101570766
+I+G4	40.0	500	alternative	nominal	20000	0.3776	0.99985	-0.62225	-0.62895	-0.61545	0	12445	0.37775	-3.5954458703929384	-3.6001244113027226	-3.590767329483154	-3.600281305766666	-4.024493196012472	-3.1597538139923462	-3.595445870392937	-3.6001244113027213	-3.590767329483153	-3.600281305766666
+I+G4	40.0	500	null_heldout	calibrated	10000	0.0556	0.0507	0.004899999999999995	0.0017	0.0082	166	117	0.9717	-3.7840143729433344	-3.7905871039901045	-3.7774416418965644	-3.7922606101570766	-4.210402024262864	-3.3510131119794755	-0.1084419790396571	-0.11501471008642693	-0.10186924799288728	-0.11668821625339909
+I+G4	40.0	500	alternative	calibrated	20000	0.3844	0.34195	0.04245000000000004	0.03795	0.04685	1502	653	0.89225	-3.5954458703929384	-3.6001244113027226	-3.590767329483154	-3.600281305766666	-4.024493196012472	-3.1597538139923462	0.0801265235107399	0.07544798260095559	0.08480506442052421	0.07529108813701102
+I+G4	40.0	1000	null_heldout	nominal	10000	0.0474	1.0	-0.9526	-0.9567	-0.9484	0	9526	0.0474	-5.3560852613505165	-5.36260043125572	-5.3495700914453135	-5.357779623458386	-5.7818421963857585	-4.931047722250127	-5.3560852613505165	-5.36260043125572	-5.3495700914453135	-5.357779623458386
+I+G4	40.0	1000	alternative	nominal	20000	0.59375	1.0	-0.40625	-0.41295	-0.39954875	0	8125	0.59375	-5.0937963125867185	-5.0984679740582655	-5.0891246511151715	-5.096058917627098	-5.521351019800483	-4.660579105871385	-5.0937963125867185	-5.0984679740582655	-5.0891246511151715	-5.096058917627097
+I+G4	40.0	1000	null_heldout	calibrated	10000	0.0462	0.0489	-0.002700000000000001	-0.005702499999999999	0.0003	112	139	0.9749	-5.3560852613505165	-5.36260043125572	-5.3495700914453135	-5.357779623458386	-5.7818421963857585	-4.931047722250127	-0.16572070684153004	-0.17223587674673294	-0.15920553693632714	-0.16741506894940006
+I+G4	40.0	1000	alternative	calibrated	20000	0.58875	0.5557	0.033050000000000024	0.0284	0.03765	1466	805	0.88645	-5.0937963125867185	-5.0984679740582655	-5.0891246511151715	-5.096058917627098	-5.521351019800483	-4.660579105871385	0.09656824192226751	0.09189658045072016	0.10123990339381486	0.09430563688188842
+I+G4	40.0	5000	null_heldout	nominal	10000	0.0526	1.0	-0.9474	-0.9517	-0.943	0	9474	0.0526	-11.987767014319237	-11.99434884785077	-11.981185180787705	-11.990359804036714	-12.412981844839681	-11.550278918634094	-11.987767014319237	-11.99434884785077	-11.981185180787705	-11.990359804036714
+I+G4	40.0	5000	alternative	nominal	20000	0.99465	1.0	-0.005349999999999966	-0.00635	-0.00435	0	107	0.99465	-11.408288208382606	-11.412953157121098	-11.403623259644114	-11.411313142809739	-11.834099978743748	-10.974970090224842	-11.408288208382606	-11.412953157121098	-11.403623259644114	-11.41131314280974
+I+G4	40.0	5000	null_heldout	calibrated	10000	0.0532	0.0497	0.003499999999999996	0.0004	0.0067	151	116	0.9733	-11.987767014319237	-11.99434884785077	-11.981185180787705	-11.990359804036714	-12.412981844839681	-11.550278918634094	-0.12076190303391729	-0.12734373656544892	-0.11418006950238564	-0.1233546927513931
+I+G4	40.0	5000	alternative	calibrated	20000	0.9947	0.98965	0.005049999999999999	0.004	0.00615	115	14	0.99355	-11.408288208382606	-11.412953157121098	-11.403623259644114	-11.411313142809739	-11.834099978743748	-10.974970090224842	0.45871690290271516	0.45405195416422367	0.46338185164120665	0.45569196847558047
+I+G4	40.0	10000	null_heldout	nominal	10000	0.0497	1.0	-0.9503	-0.9545	-0.946	0	9503	0.0497	-16.960677206224588	-16.967165991101197	-16.95418842134798	-16.959707794493738	-17.384974909775593	-16.532520259168436	-16.960677206224585	-16.967165991101194	-16.954188421347975	-16.959707794493735
+I+G4	40.0	10000	alternative	nominal	20000	1.0	1.0	0.0	0.0	0.0	0	0	1.0	-16.13574286774765	-16.140399002882738	-16.13108673261256	-16.136483883251437	-16.5682368138168	-15.703172758507234	-16.13574286774765	-16.140399002882738	-16.13108673261256	-16.136483883251433
+I+G4	40.0	10000	null_heldout	calibrated	10000	0.0485	0.0475	0.0010000000000000009	-0.0024	0.0042	142	132	0.9726	-16.960677206224588	-16.967165991101197	-16.95418842134798	-16.959707794493738	-17.384974909775593	-16.532520259168436	-0.12916108174239158	-0.13564986661900025	-0.12267229686578292	-0.1281916700115424
+I+G4	40.0	10000	alternative	calibrated	20000	1.0	0.99995	4.999999999999449e-05	0.0	0.00015	1	0	0.99995	-16.13574286774765	-16.140399002882738	-16.13108673261256	-16.136483883251437	-16.5682368138168	-15.703172758507234	0.6957732567345467	0.6911171215994583	0.7004293918696352	0.695032241230761
+I+G4	45.0	100	null_heldout	nominal	10000	0.0475	0.5137	-0.46620000000000006	-0.4759	-0.4568	0	4662	0.5338	-1.67187257511165	-1.6794443141035134	-1.6643008361197869	-1.6895780254411896	-2.1562978405570985	-1.1642685237680448	-1.67187257511165	-1.6794443141035134	-1.6643008361197869	-1.6895780254411896
+I+G4	45.0	100	alternative	nominal	20000	0.12085	0.68335	-0.5625	-0.5693	-0.55545	1	11251	0.4374	-1.5891133520190277	-1.5945451585260235	-1.5836815455120319	-1.6037997953921486	-2.079004450467572	-1.0817384317223087	-1.5891133520190277	-1.5945451585260235	-1.5836815455120319	-1.6037997953921488
+I+G4	45.0	100	null_heldout	calibrated	10000	0.0511	0.0523	-0.0011999999999999997	-0.005	0.0025	169	181	0.965	-1.67187257511165	-1.6794443141035134	-1.6643008361197869	-1.6895780254411896	-2.1562978405570985	-1.1642685237680448	-0.14981629101129926	-0.15738803000316243	-0.1422445520194361	-0.16752174134083875
+I+G4	45.0	100	alternative	calibrated	20000	0.1293	0.1212	0.008099999999999996	0.00455	0.0117	740	578	0.9341	-1.5891133520190277	-1.5945451585260235	-1.5836815455120319	-1.6037997953921486	-2.079004450467572	-1.0817384317223087	-0.06705706791867676	-0.07248887442567249	-0.06162526141168102	-0.08174351129179769
+I+G4	45.0	500	null_heldout	nominal	10000	0.0468	0.9883	-0.9415	-0.946	-0.9369	0	9415	0.0585	-3.7741012037982786	-3.7816130853385017	-3.7665893222580555	-3.781324910799344	-4.260446090595705	-3.277707168542446	-3.7741012037982786	-3.7816130853385017	-3.7665893222580555	-3.7813249107993445
+I+G4	45.0	500	alternative	nominal	20000	0.28955	0.99965	-0.7101000000000001	-0.71665	-0.70355	0	14202	0.2899	-3.608686835720118	-3.613992261902618	-3.603381409537618	-3.615902670731024	-4.092762446625401	-3.11501215098175	-3.608686835720118	-3.613992261902618	-3.603381409537618	-3.6159026707310233
+I+G4	45.0	500	null_heldout	calibrated	10000	0.0486	0.0498	-0.0011999999999999997	-0.0047	0.0023	158	170	0.9672	-3.7741012037982786	-3.7816130853385017	-3.7665893222580555	-3.781324910799344	-4.260446090595705	-3.277707168542446	-0.13026183270179492	-0.13777371424201787	-0.12274995116157196	-0.13748553970286093
+I+G4	45.0	500	alternative	calibrated	20000	0.2975	0.2684	0.02909999999999996	0.0245	0.0337	1389	807	0.8902	-3.608686835720118	-3.613992261902618	-3.603381409537618	-3.615902670731024	-4.092762446625401	-3.11501215098175	0.03515253537636512	0.0298471091938652	0.04045796155886504	0.02793670036545981
+I+G4	45.0	1000	null_heldout	nominal	10000	0.0495	0.9998	-0.9503	-0.9544	-0.946	0	9503	0.0497	-5.354868935259197	-5.3623151596459975	-5.347422710872396	-5.356029610543953	-5.8435088125196275	-4.865931957865445	-5.354868935259197	-5.3623151596459975	-5.347422710872396	-5.356029610543953
+I+G4	45.0	1000	alternative	nominal	20000	0.456	1.0	-0.544	-0.55115	-0.53705	0	10880	0.456	-5.117350860249714	-5.122693692502379	-5.1120080279970495	-5.1218554938772	-5.609113071416203	-4.619063087926079	-5.117350860249714	-5.122693692502379	-5.1120080279970495	-5.121855493877199
+I+G4	45.0	1000	null_heldout	calibrated	10000	0.0496	0.0473	0.0022999999999999965	-0.0012	0.0058	167	144	0.9689	-5.354868935259197	-5.3623151596459975	-5.347422710872396	-5.356029610543953	-5.8435088125196275	-4.865931957865445	-0.12894633649171613	-0.1363925608785166	-0.12150011210491567	-0.13010701177647244
+I+G4	45.0	1000	alternative	calibrated	20000	0.4561	0.4057	0.0504	0.04549875	0.0551	1789	781	0.8715	-5.117350860249714	-5.122693692502379	-5.1120080279970495	-5.1218554938772	-5.609113071416203	-4.619063087926079	0.10857173851776701	0.10322890626510221	0.11391457077043181	0.10406710489028193
+I+G4	45.0	5000	null_heldout	nominal	10000	0.051	1.0	-0.949	-0.9534	-0.9445975	0	9490	0.051	-11.996215275258486	-12.003472562738603	-11.988957987778369	-11.991238059854632	-12.473277923659982	-11.52200128769036	-11.996215275258486	-12.003472562738603	-11.988957987778369	-11.991238059854632
+I+G4	45.0	5000	alternative	nominal	20000	0.9607	1.0	-0.0393	-0.042	-0.0366	0	786	0.9607	-11.459868113033854	-11.465188706539859	-11.45454751952785	-11.461815356988998	-11.951568166226929	-10.96765388888898	-11.459868113033854	-11.465188706539859	-11.45454751952785	-11.461815356988998
+I+G4	45.0	5000	null_heldout	calibrated	10000	0.0474	0.0495	-0.0021000000000000046	-0.0055	0.0012	133	154	0.9713	-11.996215275258486	-12.003472562738603	-11.988957987778369	-11.991238059854632	-12.473277923659982	-11.52200128769036	-0.14837140451916672	-0.1556286919992842	-0.14111411703904925	-0.1433941891153152
+I+G4	45.0	5000	alternative	calibrated	20000	0.95785	0.93045	0.02739999999999998	0.02465	0.03015	664	116	0.961	-11.459868113033854	-11.465188706539859	-11.45454751952785	-11.461815356988998	-11.951568166226929	-10.96765388888898	0.38797575770546217	0.3826551641994569	0.39329635121146744	0.3860285137503201
+I+G4	45.0	10000	null_heldout	nominal	10000	0.0482	1.0	-0.9518	-0.9559	-0.9474	0	9518	0.0482	-16.96712639553317	-16.974499639579687	-16.959753151486655	-16.97328253058098	-17.447498127209602	-16.476205642584763	-16.967126395533164	-16.97449963957968	-16.959753151486648	-16.97328253058098
+I+G4	45.0	10000	alternative	nominal	20000	0.9995	1.0	-0.0004999999999999449	-0.00085	-0.0002	0	10	0.9995	-16.209776459785004	-16.215113711698365	-16.204439207871644	-16.212142196553472	-16.704284691077383	-15.709277770541114	-16.209776459785004	-16.215113711698365	-16.204439207871644	-16.21214219655347
+I+G4	45.0	10000	null_heldout	calibrated	10000	0.044	0.0448	-0.0008000000000000021	-0.0041	0.0025	141	149	0.971	-16.96712639553317	-16.974499639579687	-16.959753151486655	-16.97328253058098	-17.447498127209602	-16.476205642584763	-0.15130126936672333	-0.15867451341324051	-0.14392802532020615	-0.15745740441453648
+I+G4	45.0	10000	alternative	calibrated	20000	0.9994	0.9972	0.0021999999999999797	0.00155	0.0029	45	1	0.9977	-16.209776459785004	-16.215113711698365	-16.204439207871644	-16.212142196553472	-16.704284691077383	-15.709277770541114	0.6060486663814402	0.6007114144680786	0.6113859182948017	0.603682929612976
+I+G4	50.0	100	null_heldout	nominal	10000	0.0497	0.5123	-0.46259999999999996	-0.4726	-0.4529	0	4626	0.5374	-1.656321062554447	-1.6647588488686982	-1.647883276240196	-1.676124136532972	-2.203386379704444	-1.1004340400744064	-1.656321062554447	-1.6647588488686982	-1.647883276240196	-1.6761241365329718
+I+G4	50.0	100	alternative	nominal	20000	0.10895	0.6486	-0.53965	-0.5466	-0.533	0	10793	0.46035	-1.5886555500536201	-1.5947060493716707	-1.5826050507355696	-1.6049327034627678	-2.136073265524521	-1.0243047487885404	-1.5886555500536201	-1.5947060493716707	-1.5826050507355696	-1.6049327034627678
+I+G4	50.0	100	null_heldout	calibrated	10000	0.0536	0.0504	0.0032000000000000015	-0.0005	0.007	198	166	0.9636	-1.656321062554447	-1.6647588488686982	-1.647883276240196	-1.676124136532972	-2.203386379704444	-1.1004340400744064	-0.1213380539273459	-0.12977584024159705	-0.11290026761309474	-0.14114112790587074
+I+G4	50.0	100	alternative	calibrated	20000	0.11495	0.10015	0.014799999999999994	0.01145	0.01825	776	480	0.9372	-1.5886555500536201	-1.5947060493716707	-1.5826050507355696	-1.6049327034627678	-2.136073265524521	-1.0243047487885404	-0.053672541426518845	-0.059723040744569494	-0.047622042108468196	-0.06994969483566638
+I+G4	50.0	500	null_heldout	nominal	10000	0.0507	0.988	-0.9373	-0.9419025	-0.9325	0	9373	0.0627	-3.7790866249973116	-3.7874484075367576	-3.7707248424578657	-3.7847825374139634	-4.32554255774734	-3.223575792100427	-3.7790866249973116	-3.7874484075367576	-3.7707248424578657	-3.784782537413963
+I+G4	50.0	500	alternative	nominal	20000	0.2179	0.99895	-0.78105	-0.7866512499999999	-0.7751	0	15621	0.21895	-3.6296930079304577	-3.6357487239064707	-3.6236372919544446	-3.6346221382828103	-4.1849965972409215	-3.0687775165373874	-3.6296930079304577	-3.6357487239064707	-3.6236372919544446	-3.63462213828281
+I+G4	50.0	500	null_heldout	calibrated	10000	0.0486	0.0448	0.003799999999999998	0.0001	0.0073	188	150	0.9662	-3.7790866249973116	-3.7874484075367576	-3.7707248424578657	-3.7847825374139634	-4.32554255774734	-3.223575792100427	-0.14776338818353132	-0.1561251707229771	-0.13940160564408555	-0.15345930060018276
+I+G4	50.0	500	alternative	calibrated	20000	0.2137	0.19075	0.022949999999999998	0.0185	0.02725	1266	807	0.89635	-3.6296930079304577	-3.6357487239064707	-3.6236372919544446	-3.6346221382828103	-4.1849965972409215	-3.0687775165373874	0.0016302288833229713	-0.004425487092690209	0.007685944859336152	-0.003298901469029669
+I+G4	50.0	1000	null_heldout	nominal	10000	0.0489	1.0	-0.9511000000000001	-0.9553	-0.9469	0	9511	0.0489	-5.359277643137371	-5.3676386255581985	-5.350916660716544	-5.363872139069979	-5.898676228804706	-4.808437749157937	-5.359277643137371	-5.3676386255581985	-5.350916660716544	-5.363872139069979
+I+G4	50.0	1000	alternative	nominal	20000	0.34575	1.0	-0.65425	-0.66085	-0.6477	0	13085	0.34575	-5.137260508522894	-5.143193027284423	-5.131327989761366	-5.140305901598215	-5.683474693083744	-4.586182342011786	-5.137260508522894	-5.143193027284423	-5.131327989761366	-5.140305901598215
+I+G4	50.0	1000	null_heldout	calibrated	10000	0.0495	0.0527	-0.0031999999999999945	-0.007	0.0007	181	213	0.9606	-5.359277643137371	-5.3676386255581985	-5.350916660716544	-5.363872139069979	-5.898676228804706	-4.808437749157937	-0.1748144543485284	-0.18317543676935574	-0.16645347192770107	-0.17940895028113646
+I+G4	50.0	1000	alternative	calibrated	20000	0.34815	0.31695	0.031200000000000006	0.02605	0.03625125	1631	1007	0.8681	-5.137260508522894	-5.143193027284423	-5.131327989761366	-5.140305901598215	-5.683474693083744	-4.586182342011786	0.04720268026594805	0.041270161504419284	0.05313519902747682	0.04415728719062706
+I+G4	50.0	5000	null_heldout	nominal	10000	0.0498	1.0	-0.9502	-0.9545	-0.9458	0	9502	0.0498	-11.989088932082023	-11.997442671548212	-11.980735192615834	-11.988251225644184	-12.533627279819935	-11.448441347537885	-11.989088932082023	-11.997442671548212	-11.980735192615834	-11.988251225644186
+I+G4	50.0	5000	alternative	nominal	20000	0.8738	1.0	-0.12619999999999998	-0.13090125	-0.12165	0	2524	0.8738	-11.508161530198192	-11.51415189942184	-11.502171160974545	-11.509650315940407	-12.059099681442094	-10.955113769967104	-11.508161530198194	-11.514151899421842	-11.502171160974546	-11.509650315940409
+I+G4	50.0	5000	null_heldout	calibrated	10000	0.0507	0.0483	0.0023999999999999994	-0.0013	0.0062	197	173	0.963	-11.989088932082023	-11.997442671548212	-11.980735192615834	-11.988251225644184	-12.533627279819935	-11.448441347537885	-0.1287927454127631	-0.1371464848789531	-0.12043900594657309	-0.12795503897492644
+I+G4	50.0	5000	alternative	calibrated	20000	0.87505	0.8078	0.06725000000000003	0.06289875	0.07145125000000001	1705	360	0.89675	-11.508161530198192	-11.51415189942184	-11.502171160974545	-11.509650315940407	-12.059099681442094	-10.955113769967104	0.35213465647106595	0.34614428724741764	0.35812502569471427	0.3506458707288518
+I+G4	50.0	10000	null_heldout	nominal	10000	0.0524	1.0	-0.9476	-0.9519	-0.9432	0	9476	0.0524	-16.96775644218518	-16.97610502258479	-16.95940786178557	-16.969033878256386	-17.50940839048108	-16.42045748539997	-16.967756442185177	-16.976105022584786	-16.959407861785568	-16.969033878256383
+I+G4	50.0	10000	alternative	nominal	20000	0.98915	1.0	-0.010850000000000026	-0.0123	-0.00945	0	217	0.98915	-16.28640434095118	-16.292387464431336	-16.280421217471023	-16.29166059815101	-16.839815911977873	-15.730366497471554	-16.28640434095118	-16.292387464431336	-16.280421217471023	-16.29166059815101
+I+G4	50.0	10000	null_heldout	calibrated	10000	0.0508	0.048	0.002799999999999997	-0.0008	0.006502500000000009	181	153	0.9666	-16.96775644218518	-16.97610502258479	-16.95940786178557	-16.969033878256386	-17.50940839048108	-16.42045748539997	-0.12101160641799623	-0.12936018681760428	-0.11266302601838818	-0.12228904248920358
+I+G4	50.0	10000	alternative	calibrated	20000	0.98845	0.96975	0.01870000000000005	0.0167	0.02075	414	40	0.9773	-16.28640434095118	-16.292387464431336	-16.280421217471023	-16.29166059815101	-16.839815911977873	-15.730366497471554	0.5603404948160023	0.5543573713358456	0.5663236182961591	0.5550842376161711
+I+G4	60.0	100	null_heldout	nominal	10000	0.0512	0.5124	-0.46119999999999994	-0.4709	-0.4511	1	4613	0.5386	-1.6592272880035936	-1.6694664065613851	-1.6489881694458022	-1.6816934022565357	-2.3215497718376428	-0.9802101311699775	-1.6592272880035936	-1.6694664065613851	-1.6489881694458022	-1.6816934022565357
+I+G4	60.0	100	alternative	nominal	20000	0.0869	0.6051	-0.5182	-0.52495125	-0.51145	9	10373	0.4809	-1.5974436459418628	-1.6047385138587242	-1.5901487780250014	-1.6214475123552297	-2.253898301946085	-0.9070717106198863	-1.5974436459418628	-1.6047385138587242	-1.5901487780250014	-1.6214475123552297
+I+G4	60.0	100	null_heldout	calibrated	10000	0.0485	0.0494	-0.000899999999999998	-0.004902499999999999	0.0033	215	224	0.9561	-1.6592272880035936	-1.6694664065613851	-1.6489881694458022	-1.6816934022565357	-2.3215497718376428	-0.9802101311699775	-0.17584216869717942	-0.18608128725497095	-0.1656030501393879	-0.19830828295012148
+I+G4	60.0	100	alternative	calibrated	20000	0.0831	0.07955	0.0035499999999999976	0.0001	0.00695	667	596	0.93685	-1.5974436459418628	-1.6047385138587242	-1.5901487780250014	-1.6214475123552297	-2.253898301946085	-0.9070717106198863	-0.11405852663544856	-0.12135339455231006	-0.10676365871858706	-0.13806239304881562
+I+G4	60.0	500	null_heldout	nominal	10000	0.0493	0.987	-0.9377	-0.9425	-0.9331	0	9377	0.0623	-3.7731023251042	-3.783318061172397	-3.7628865890360035	-3.7841623862778544	-4.439346176870802	-3.0897107026964536	-3.7731023251042	-3.783318061172397	-3.7628865890360035	-3.784162386277854
+I+G4	60.0	500	alternative	nominal	20000	0.145	0.9969	-0.8519	-0.8568	-0.84704875	0	17038	0.1481	-3.6540886371638304	-3.6613120563055412	-3.6468652180221195	-3.666879733769639	-4.314067023635005	-2.9811656909571527	-3.6540886371638304	-3.6613120563055412	-3.6468652180221195	-3.666879733769639
+I+G4	60.0	500	null_heldout	calibrated	10000	0.0492	0.0499	-0.0006999999999999992	-0.0047	0.0034	211	218	0.9571	-3.7731023251042	-3.783318061172397	-3.7628865890360035	-3.7841623862778544	-4.439346176870802	-3.0897107026964536	-0.17268604604448967	-0.18290178211268632	-0.16247030997629303	-0.18374610721814433
+I+G4	60.0	500	alternative	calibrated	20000	0.1443	0.13395	0.010349999999999998	0.0061	0.01465	1036	829	0.90675	-3.6540886371638304	-3.6613120563055412	-3.6468652180221195	-3.666879733769639	-4.314067023635005	-2.9811656909571527	-0.05367235810412001	-0.060895777245830805	-0.04644893896240921	-0.06646345470992854
+I+G4	60.0	1000	null_heldout	nominal	10000	0.0545	0.9998	-0.9453	-0.9498	-0.9408	0	9453	0.0547	-5.352766914363305	-5.362852551800951	-5.342681276925659	-5.356269734978009	-6.004066027398583	-4.693045707482897	-5.352766914363304	-5.36285255180095	-5.342681276925658	-5.356269734978009
+I+G4	60.0	1000	alternative	nominal	20000	0.20895	1.0	-0.79105	-0.79665	-0.7853	0	15821	0.20895	-5.177058298331369	-5.184235767689892	-5.169880828972846	-5.184294312707539	-5.832655438169974	-4.513284507340735	-5.177058298331368	-5.184235767689891	-5.169880828972845	-5.1842943127075385
+I+G4	60.0	1000	null_heldout	calibrated	10000	0.0533	0.0532	0.00010000000000000286	-0.004	0.0042	225	224	0.9551	-5.352766914363305	-5.362852551800951	-5.342681276925659	-5.356269734978009	-6.004066027398583	-4.693045707482897	-0.16548106460440867	-0.17556670204205455	-0.1553954271667628	-0.168983885219113
+I+G4	60.0	1000	alternative	calibrated	20000	0.20555	0.1817	0.02385000000000001	0.01915	0.028551250000000004	1391	914	0.88475	-5.177058298331369	-5.184235767689892	-5.169880828972846	-5.184294312707539	-5.832655438169974	-4.513284507340735	0.010227551427527178	0.003050082069003684	0.017405020786050673	0.0029915370513569073
+I+G4	60.0	5000	null_heldout	nominal	10000	0.0497	1.0	-0.9503	-0.9544	-0.9459	0	9503	0.0497	-12.002695509575545	-12.012775153757564	-11.992615865393526	-12.010831097663996	-12.658839831179687	-11.331635016932614	-12.002695509575545	-12.012775153757564	-11.992615865393526	-12.010831097663996
+I+G4	60.0	5000	alternative	nominal	20000	0.5828	1.0	-0.4172	-0.42400125	-0.41055	0	8344	0.5828	-11.597249198885791	-11.604382967411295	-11.590115430360287	-11.601001437507852	-12.254195447435015	-10.93050603066573	-11.597249198885791	-11.604382967411295	-11.590115430360287	-11.601001437507854
+I+G4	60.0	5000	null_heldout	calibrated	10000	0.0501	0.0502	-0.00010000000000000286	-0.0042	0.004	219	220	0.9561	-12.002695509575545	-12.012775153757564	-11.992615865393526	-12.010831097663996	-12.658839831179687	-11.331635016932614	-0.1492658577332599	-0.15934550191527974	-0.13918621355124006	-0.15740144582171034
+I+G4	60.0	5000	alternative	calibrated	20000	0.5839	0.48155	0.10235	0.0966	0.1086	2933	886	0.80905	-11.597249198885791	-11.604382967411295	-11.590115430360287	-11.601001437507852	-12.254195447435015	-10.93050603066573	0.25618045295649366	0.24904668443099026	0.26331422148199707	0.2524282143344321
+I+G4	60.0	10000	null_heldout	nominal	10000	0.0528	1.0	-0.9472	-0.9515	-0.9429	0	9472	0.0528	-16.974672390913753	-16.984736757747772	-16.964608024079734	-16.97444363823132	-17.64099623043061	-16.320433638330602	-16.974672390913753	-16.984736757747772	-16.964608024079734	-16.974443638231314
+I+G4	60.0	10000	alternative	nominal	20000	0.83275	1.0	-0.16725	-0.17225125	-0.16214749999999997	0	3345	0.83275	-16.414899372473528	-16.422122799905523	-16.407675945041532	-16.41349797673588	-17.082336759835925	-15.745792339158593	-16.414899372473528	-16.422122799905523	-16.407675945041532	-16.41349797673588
+I+G4	60.0	10000	null_heldout	calibrated	10000	0.0534	0.0475	0.0059000000000000025	0.0018	0.00990250000000001	249	190	0.9561	-16.974672390913753	-16.984736757747772	-16.964608024079734	-16.97444363823132	-17.64099623043061	-16.320433638330602	-0.1050462421122037	-0.11511060894622344	-0.09498187527818397	-0.10481748942976665
+I+G4	60.0	10000	alternative	calibrated	20000	0.8348	0.71835	0.11644999999999994	0.1113	0.12155	2748	419	0.84165	-16.414899372473528	-16.422122799905523	-16.407675945041532	-16.41349797673588	-17.082336759835925	-15.745792339158593	0.4547267763280237	0.4475033488960272	0.4619502037600202	0.4561281720656716
+I+G4	75.0	100	null_heldout	nominal	10000	0.0501	0.5137	-0.46360000000000007	-0.4734025	-0.4538	5	4641	0.5354	-1.6665641764515575	-1.679023482772861	-1.654104870130254	-1.689641950104431	-2.4653129895325474	-0.8350542665051929	-1.6665641764515575	-1.679023482772861	-1.654104870130254	-1.689641950104431
+I+G4	75.0	100	alternative	nominal	20000	0.068	0.5557	-0.48769999999999997	-0.49465	-0.4805	20	9774	0.5103	-1.608902498740156	-1.6177031413350573	-1.6001018561452545	-1.6306491717781961	-2.4150057064356374	-0.7764117781768556	-1.608902498740156	-1.6177031413350573	-1.6001018561452545	-1.6306491717781963
+I+G4	75.0	100	null_heldout	calibrated	10000	0.0463	0.0539	-0.007600000000000003	-0.012	-0.0032	213	289	0.9498	-1.6665641764515575	-1.679023482772861	-1.654104870130254	-1.689641950104431	-2.4653129895325474	-0.8350542665051929	-0.1840990225469749	-0.19655832886827826	-0.17163971622567156	-0.20717679619984852
+I+G4	75.0	100	alternative	calibrated	20000	0.0638	0.0586	0.005199999999999996	0.00175	0.00865	672	568	0.938	-1.608902498740156	-1.6177031413350573	-1.6001018561452545	-1.6306491717781961	-2.4150057064356374	-0.7764117781768556	-0.12643734483557337	-0.13523798743047483	-0.11763670224067191	-0.14818401787361357
+I+G4	75.0	500	null_heldout	nominal	10000	0.054	0.9877	-0.9337	-0.9389	-0.9287	0	9337	0.0663	-3.774494827188168	-3.7867461903256103	-3.7622434640507256	-3.7866772706712526	-4.572122847960599	-2.9584316721814905	-3.774494827188167	-3.7867461903256094	-3.7622434640507247	-3.7866772706712526
+I+G4	75.0	500	alternative	nominal	20000	0.0931	0.99455	-0.9014500000000001	-0.9056	-0.89725	0	18029	0.09855	-3.6870353324373237	-3.6957349972070928	-3.6783356676675547	-3.6965976459757	-4.4829105700613106	-2.877981069575704	-3.6870353324373237	-3.6957349972070928	-3.6783356676675547	-3.6965976459756997
+I+G4	75.0	500	null_heldout	calibrated	10000	0.0538	0.0533	0.0005000000000000004	-0.0043	0.0053	282	277	0.9441	-3.774494827188168	-3.7867461903256103	-3.7622434640507256	-3.7866772706712526	-4.572122847960599	-2.9584316721814905	-0.14557296540773434	-0.15782432854517667	-0.13332160227029202	-0.15775540889081974
+I+G4	75.0	500	alternative	calibrated	20000	0.09255	0.08395	0.008599999999999997	0.00465	0.01235	903	731	0.9183	-3.6870353324373237	-3.6957349972070928	-3.6783356676675547	-3.6965976459757	-4.4829105700613106	-2.877981069575704	-0.058113470656890355	-0.06681313542665934	-0.04941380588712137	-0.06767578419526687
+I+G4	75.0	1000	null_heldout	nominal	10000	0.0489	1.0	-0.9511000000000001	-0.9553	-0.9469	0	9511	0.0489	-5.353911685810663	-5.366041839175278	-5.341781532446047	-5.360939259762839	-6.141248486050735	-4.549672168729548	-5.353911685810663	-5.366041839175278	-5.341781532446047	-5.360939259762838
+I+G4	75.0	1000	alternative	nominal	20000	0.117	1.0	-0.883	-0.88725	-0.8787	0	17660	0.117	-5.226541836565863	-5.2352706969297245	-5.217812976202001	-5.23316568656492	-6.027367578774092	-4.419174114640779	-5.226541836565863	-5.2352706969297245	-5.217812976202001	-5.23316568656492
+I+G4	75.0	1000	null_heldout	calibrated	10000	0.0469	0.0452	0.0017000000000000001	-0.0025	0.0059	245	228	0.9527	-5.353911685810663	-5.366041839175278	-5.341781532446047	-5.360939259762839	-6.141248486050735	-4.549672168729548	-0.13710617448964782	-0.14923632785426283	-0.12497602112503282	-0.1441337484418237
+I+G4	75.0	1000	alternative	calibrated	20000	0.11415	0.0928	0.021350000000000008	0.0172	0.02555	1149	722	0.90645	-5.226541836565863	-5.2352706969297245	-5.217812976202001	-5.23316568656492	-6.027367578774092	-4.419174114640779	-0.009736325244848083	-0.018465185608709335	-0.0010074648809868334	-0.01636017524390576
+I+G4	75.0	5000	null_heldout	nominal	10000	0.0518	1.0	-0.9482	-0.9526025	-0.9438975	0	9482	0.0518	-12.001959814197038	-12.014253305304397	-11.98966632308968	-12.008863836900321	-12.797310493340083	-11.180235265701912	-12.001959814197038	-12.014253305304397	-11.98966632308968	-12.008863836900323
+I+G4	75.0	5000	alternative	nominal	20000	0.2729	1.0	-0.7271000000000001	-0.7330012499999999	-0.72089875	0	14542	0.2729	-11.712811067774519	-11.721597361492382	-11.704024774056656	-11.715178843262176	-12.526648424743389	-10.898328857274565	-11.71281106777452	-11.721597361492384	-11.704024774056657	-11.715178843262178
+I+G4	75.0	5000	null_heldout	calibrated	10000	0.0553	0.0559	-0.0005999999999999964	-0.0055	0.0040025000000000095	290	296	0.9414	-12.001959814197038	-12.014253305304397	-11.98966632308968	-12.008863836900321	-12.797310493340083	-11.180235265701912	-0.14060407611091774	-0.15289756721827735	-0.12831058500355813	-0.14750809881420324
+I+G4	75.0	5000	alternative	calibrated	20000	0.28165	0.2151	0.06655	0.06095	0.07235	2399	1068	0.82665	-11.712811067774519	-11.721597361492382	-11.704024774056656	-11.715178843262176	-12.526648424743389	-10.898328857274565	0.148544670311599	0.1397583765937352	0.15733096402946278	0.1461768948239417
+I+G4	75.0	10000	null_heldout	nominal	10000	0.0512	1.0	-0.9488	-0.9531	-0.9444	0	9488	0.0512	-16.9861178670123	-16.99823291064704	-16.97400282337756	-16.986254148832025	-17.779167639343527	-16.18694579387945	-16.9861178670123	-16.99823291064704	-16.97400282337756	-16.986254148832025
+I+G4	75.0	10000	alternative	nominal	20000	0.42335	1.0	-0.57665	-0.5837	-0.5699	0	11533	0.42335	-16.585235364052348	-16.593892168965958	-16.57657855913874	-16.580611023719698	-17.385375939313118	-15.790552513418502	-16.585235364052348	-16.593892168965958	-16.57657855913874	-16.580611023719698
+I+G4	75.0	10000	null_heldout	calibrated	10000	0.0516	0.0529	-0.0013000000000000025	-0.005802499999999999	0.0032	263	276	0.9461	-16.9861178670123	-16.99823291064704	-16.97400282337756	-16.986254148832025	-17.779167639343527	-16.18694579387945	-0.140929431102005	-0.15304447473674404	-0.12881438746726598	-0.14106571292172987
+I+G4	75.0	10000	alternative	calibrated	20000	0.42565	0.31585	0.10979999999999995	0.10355	0.11625125000000001	3245	1049	0.7853	-16.585235364052348	-16.593892168965958	-16.57657855913874	-16.580611023719698	-17.385375939313118	-15.790552513418502	0.25995307185794636	0.2512962669443373	0.2686098767715554	0.26457741219059727
+I+G4	100.0	100	null_heldout	nominal	10000	0.0541	0.5162	-0.4621	-0.4719025	-0.4523	17	4638	0.5345	-1.6485999935749835	-1.6634220402261497	-1.6337779469238174	-1.6817165015349043	-2.594506928899862	-0.6495160469107221	-1.6485999935749835	-1.6634220402261497	-1.6337779469238174	-1.6817165015349045
+I+G4	100.0	100	alternative	nominal	20000	0.0624	0.5355	-0.47309999999999997	-0.47995	-0.466	49	9511	0.522	-1.6205459432337455	-1.631097143975046	-1.609994742492445	-1.6586580944660607	-2.5750889972367546	-0.6302848056058703	-1.6205459432337455	-1.631097143975046	-1.609994742492445	-1.658658094466061
+I+G4	100.0	100	null_heldout	calibrated	10000	0.0491	0.0507	-0.0016000000000000042	-0.006302499999999999	0.0031	293	309	0.9398	-1.6485999935749835	-1.6634220402261497	-1.6337779469238174	-1.6817165015349043	-2.594506928899862	-0.6495160469107221	-0.19440656831303219	-0.20922861496419842	-0.17958452166186595	-0.22752307627295276
+I+G4	100.0	100	alternative	calibrated	20000	0.0562	0.05515	0.0010500000000000023	-0.0026	0.004551250000000005	659	638	0.93515	-1.6205459432337455	-1.631097143975046	-1.609994742492445	-1.6586580944660607	-2.5750889972367546	-0.6302848056058703	-0.1663525179717943	-0.17690371871309485	-0.15580131723049373	-0.20446466920410944
+I+G4	100.0	500	null_heldout	nominal	10000	0.051	0.9893	-0.9382999999999999	-0.943	-0.9337	0	9383	0.0617	-3.7711049300014094	-3.785830712519166	-3.7563791474836528	-3.7834963815574763	-4.7052610345356305	-2.795380794548634	-3.7711049300014086	-3.7858307125191653	-3.756379147483652	-3.783496381557476
+I+G4	100.0	500	alternative	nominal	20000	0.065	0.9916	-0.9266000000000001	-0.93015	-0.92305	0	18532	0.0734	-3.735170030961903	-3.7456160685905275	-3.7247239933332783	-3.7508413127538924	-4.690778290013718	-2.754467498042977	-3.735170030961903	-3.7456160685905275	-3.7247239933332783	-3.750841312753892
+I+G4	100.0	500	null_heldout	calibrated	10000	0.0465	0.0476	-0.0011000000000000038	-0.0062	0.0035	301	312	0.9387	-3.7711049300014094	-3.785830712519166	-3.7563791474836528	-3.7834963815574763	-4.7052610345356305	-2.795380794548634	-0.14529426006654383	-0.16002004258430044	-0.13056847754878723	-0.15768571162261047
+I+G4	100.0	500	alternative	calibrated	20000	0.0607	0.05385	0.006849999999999995	0.00325	0.0104	763	626	0.93055	-3.735170030961903	-3.7456160685905275	-3.7247239933332783	-3.7508413127538924	-4.690778290013718	-2.754467498042977	-0.10935936102703811	-0.11980539865566256	-0.09891332339841366	-0.1250306428190271
+I+G4	100.0	1000	null_heldout	nominal	10000	0.046	1.0	-0.954	-0.9582	-0.9498	0	9540	0.046	-5.3701531851913975	-5.385001220634272	-5.355305149748523	-5.366236684199092	-6.342675719626534	-4.4073027816812695	-5.370153185191397	-5.385001220634271	-5.3553051497485225	-5.366236684199091
+I+G4	100.0	1000	alternative	nominal	20000	0.0743	1.0	-0.9257	-0.92915	-0.92205	0	18514	0.0743	-5.293720958833465	-5.304254103710385	-5.283187813956544	-5.302656375221556	-6.264387144781738	-4.3124869418385625	-5.293720958833465	-5.304254103710385	-5.283187813956544	-5.302656375221556
+I+G4	100.0	1000	null_heldout	calibrated	10000	0.0447	0.0473	-0.002600000000000005	-0.0074	0.0022	272	298	0.943	-5.3701531851913975	-5.385001220634272	-5.355305149748523	-5.366236684199092	-6.342675719626534	-4.4073027816812695	-0.16631179975039526	-0.18115983519326934	-0.15146376430752118	-0.16239529875808945
+I+G4	100.0	1000	alternative	calibrated	20000	0.0723	0.0645	0.007800000000000001	0.0038	0.01165	858	702	0.922	-5.293720958833465	-5.304254103710385	-5.283187813956544	-5.302656375221556	-6.264387144781738	-4.3124869418385625	-0.08987957339246261	-0.10041271826938376	-0.07934642851554145	-0.09881498978055392
+I+G4	100.0	5000	null_heldout	nominal	10000	0.0505	1.0	-0.9495	-0.9538	-0.9451	0	9495	0.0505	-12.014278642535093	-12.02905574627973	-11.999501538790456	-12.023871479590373	-12.968679934356937	-11.059232653534849	-12.014278642535094	-12.029055746279731	-11.999501538790458	-12.023871479590373
+I+G4	100.0	5000	alternative	nominal	20000	0.10555	1.0	-0.89445	-0.89875125	-0.8901	0	17889	0.10555	-11.853664817636803	-11.864094599434603	-11.843235035839003	-11.854488969259794	-12.811265201575166	-10.88395936772955	-11.853664817636803	-11.864094599434603	-11.843235035839003	-11.854488969259794
+I+G4	100.0	5000	null_heldout	calibrated	10000	0.0529	0.0526	0.00030000000000000165	-0.0048	0.0052	318	315	0.9367	-12.014278642535093	-12.02905574627973	-11.999501538790456	-12.023871479590373	-12.968679934356937	-11.059232653534849	-0.13236378385988415	-0.1471408876045198	-0.1175866801152485	-0.14195662091516237
+I+G4	100.0	5000	alternative	calibrated	20000	0.1112	0.08495	0.026249999999999996	0.0217	0.03065	1354	829	0.89085	-11.853664817636803	-11.864094599434603	-11.843235035839003	-11.854488969259794	-12.811265201575166	-10.88395936772955	0.028250041038406153	0.01782025924060641	0.0386798228362059	0.027425889415416016
+I+G4	100.0	10000	null_heldout	nominal	10000	0.0498	1.0	-0.9502	-0.9543	-0.9459974999999999	0	9502	0.0498	-16.99476994322287	-17.009524311502258	-16.980015574943483	-16.993367490134524	-17.960660803810324	-16.00494492657714	-16.99476994322287	-17.009524311502258	-16.980015574943483	-16.99336749013452
+I+G4	100.0	10000	alternative	nominal	20000	0.1414	1.0	-0.8586	-0.8633	-0.8535	0	17172	0.1414	-16.784272470630754	-16.7947205430574	-16.773824398204106	-16.789144148595334	-17.749336081277058	-15.817273665469276	-16.784272470630754	-16.7947205430574	-16.773824398204106	-16.789144148595334
+I+G4	100.0	10000	null_heldout	calibrated	10000	0.0536	0.0528	0.0008000000000000021	-0.004	0.0056	309	301	0.939	-16.99476994322287	-17.009524311502258	-16.980015574943483	-16.993367490134524	-17.960660803810324	-16.00494492657714	-0.11510304373923036	-0.1298574120186167	-0.10034867545984402	-0.11370059065088256
+I+G4	100.0	10000	alternative	calibrated	20000	0.1489	0.10595	0.04295	0.03784875	0.04785	1739	880	0.86905	-16.784272470630754	-16.7947205430574	-16.773824398204106	-16.789144148595334	-17.749336081277058	-15.817273665469276	0.09539442885288753	0.08494635642623893	0.10584250127953612	0.09052275088830619
+I+G4	150.0	100	null_heldout	nominal	10000	0.0542	0.5077	-0.4535	-0.4634	-0.4434	41	4576	0.5383	-1.6328620728820498	-1.6504005582634993	-1.6153235875006002	-1.6713525559547173	-2.7619175445867197	-0.4695539096506232	-1.6328620728820495	-1.650400558263499	-1.6153235875006	-1.6713525559547173
+I+G4	150.0	100	alternative	nominal	20000	0.0522	0.50855	-0.4563499999999999	-0.46315	-0.4491	100	9227	0.53365	-1.637231089362333	-1.6495831230449622	-1.6248790556797037	-1.6713288018964572	-2.7630854369657127	-0.4704893743827896	-1.637231089362333	-1.6495831230449622	-1.6248790556797037	-1.6713288018964574
+I+G4	150.0	100	null_heldout	calibrated	10000	0.0529	0.0521	0.0008000000000000021	-0.0045	0.006	363	355	0.9282	-1.6328620728820498	-1.6504005582634993	-1.6153235875006002	-1.6713525559547173	-2.7619175445867197	-0.4695539096506232	-0.13484051526606652	-0.15237900064751597	-0.11730202988461708	-0.1733309983387341
+I+G4	150.0	100	alternative	calibrated	20000	0.05125	0.04925	0.001999999999999995	-0.00155	0.005651250000000004	708	668	0.9312	-1.637231089362333	-1.6495831230449622	-1.6248790556797037	-1.6713288018964572	-2.7630854369657127	-0.4704893743827896	-0.13920953174634978	-0.15156156542897917	-0.1268574980637204	-0.17330724428047395
+I+G4	150.0	500	null_heldout	nominal	10000	0.053	0.9868	-0.9338	-0.9388	-0.9288	0	9338	0.0662	-3.7776910147047675	-3.795000602333118	-3.760381427076417	-3.8040095473333775	-4.885677497629469	-2.634901940649035	-3.7776910147047675	-3.795000602333118	-3.760381427076417	-3.804009547333378
+I+G4	150.0	500	alternative	nominal	20000	0.0561	0.98845	-0.93235	-0.9357	-0.92889875	0	18647	0.06765	-3.752651597551388	-3.7648405968804908	-3.7404625982222854	-3.7687579731805783	-4.877646735422637	-2.6108794137180533	-3.752651597551388	-3.7648405968804908	-3.7404625982222854	-3.7687579731805783
+I+G4	150.0	500	null_heldout	calibrated	10000	0.0554	0.0507	0.004699999999999996	-0.001	0.0101	397	350	0.9253	-3.7776910147047675	-3.795000602333118	-3.760381427076417	-3.8040095473333775	-4.885677497629469	-2.634901940649035	-0.13691438170125397	-0.15422396932960447	-0.11960479407290349	-0.1632329143298641
+I+G4	150.0	500	alternative	calibrated	20000	0.05835	0.0518	0.00655	0.00275	0.01025	811	680	0.92545	-3.752651597551388	-3.7648405968804908	-3.7404625982222854	-3.7687579731805783	-4.877646735422637	-2.6108794137180533	-0.11187496454787454	-0.12406396387697712	-0.09968596521877197	-0.12798134017706442
+I+G4	150.0	1000	null_heldout	nominal	10000	0.0532	1.0	-0.9468	-0.9512	-0.9423	0	9468	0.0532	-5.357973230571614	-5.375026727793564	-5.340919733349663	-5.360059621806467	-6.473381591016013	-4.252174289082059	-5.357973230571614	-5.375026727793564	-5.340919733349663	-5.360059621806467
+I+G4	150.0	1000	alternative	nominal	20000	0.0553	1.0	-0.9447	-0.94775	-0.9415	0	18894	0.0553	-5.341048839869149	-5.353207332814107	-5.328890346924191	-5.341193075063698	-6.4624078164510825	-4.210798703975885	-5.341048839869149	-5.353207332814107	-5.328890346924191	-5.341193075063698
+I+G4	150.0	1000	null_heldout	calibrated	10000	0.0542	0.053	0.0011999999999999997	-0.0042	0.0065	372	360	0.9268	-5.357973230571614	-5.375026727793564	-5.340919733349663	-5.360059621806467	-6.473381591016013	-4.252174289082059	-0.1573930578299026	-0.17444655505185297	-0.14033956060795222	-0.15947944906475575
+I+G4	150.0	1000	alternative	calibrated	20000	0.05645	0.053	0.0034500000000000017	-0.00035	0.00725	767	698	0.92675	-5.341048839869149	-5.353207332814107	-5.328890346924191	-5.341193075063698	-6.4624078164510825	-4.210798703975885	-0.14046866712743866	-0.1526271600723966	-0.12831017418248072	-0.1406129023219873
+I+G4	150.0	5000	null_heldout	nominal	10000	0.05	1.0	-0.95	-0.9543	-0.9456	0	9500	0.05	-12.010250879656036	-12.027456528129823	-11.993045231182249	-12.005688831587758	-13.132007350324148	-10.878865167525761	-12.010250879656038	-12.027456528129825	-11.99304523118225	-12.005688831587758
+I+G4	150.0	5000	alternative	nominal	20000	0.05735	1.0	-0.94265	-0.94585	-0.9394	0	18853	0.05735	-11.982638154415708	-11.994769046176998	-11.970507262654419	-11.985950310277012	-13.094093075284	-10.858222127316045	-11.982638154415708	-11.994769046176998	-11.970507262654419	-11.985950310277012
+I+G4	150.0	5000	null_heldout	calibrated	10000	0.0481	0.0494	-0.0013000000000000025	-0.0063	0.004	347	360	0.9293	-12.010250879656036	-12.027456528129823	-11.993045231182249	-12.005688831587758	-13.132007350324148	-10.878865167525761	-0.14894768058772834	-0.16615332906151542	-0.13174203211394125	-0.1443856325194499
+I+G4	150.0	5000	alternative	calibrated	20000	0.05455	0.05465	-9.999999999999593e-05	-0.0038	0.0036	723	725	0.9276	-11.982638154415708	-11.994769046176998	-11.970507262654419	-11.985950310277012	-13.094093075284	-10.858222127316045	-0.12133495534739877	-0.13346584710868822	-0.10920406358610933	-0.12464711120870398
+I+G4	150.0	10000	null_heldout	nominal	10000	0.05	1.0	-0.95	-0.9541	-0.9458	0	9500	0.05	-17.001849402525327	-17.0188529836111	-16.984845821439553	-16.992657631129916	-18.122586256355746	-15.900408808384316	-17.001849402525323	-17.018852983611097	-16.98484582143955	-16.992657631129916
+I+G4	150.0	10000	alternative	nominal	20000	0.06065	1.0	-0.93935	-0.94255	-0.9359987500000001	0	18787	0.06065	-16.945193029483804	-16.957369725466684	-16.933016333500923	-16.950056925516343	-18.06434770168226	-15.816187335038022	-16.945193029483804	-16.957369725466684	-16.933016333500923	-16.950056925516343
+I+G4	150.0	10000	null_heldout	calibrated	10000	0.0502	0.0552	-0.0049999999999999975	-0.0104	0.0002	328	378	0.9294	-17.001849402525327	-17.0188529836111	-16.984845821439553	-16.992657631129916	-18.122586256355746	-15.900408808384316	-0.14306055815647997	-0.16006413924225366	-0.1260569770707063	-0.13386878676107372
+I+G4	150.0	10000	alternative	calibrated	20000	0.06085	0.05475	0.006100000000000001	0.0022487500000000003	0.0098	836	714	0.9225	-16.945193029483804	-16.957369725466684	-16.933016333500923	-16.950056925516343	-18.06434770168226	-15.816187335038022	-0.08640418511495915	-0.09858088109784016	-0.07422748913207813	-0.09126808114750062
+I+G4	200.0	100	null_heldout	nominal	10000	0.0518	0.511	-0.4592	-0.4688	-0.4491	53	4645	0.5302	-1.6486603507645181	-1.666793599992406	-1.6305271015366303	-1.6778123582710276	-2.8290640722689497	-0.4415059376739681	-1.6486603507645181	-1.666793599992406	-1.6305271015366303	-1.6778123582710276
+I+G4	200.0	100	alternative	nominal	20000	0.0549	0.51575	-0.46085000000000004	-0.468	-0.4539	107	9324	0.52845	-1.643132978027028	-1.6560085428277496	-1.6302574132263066	-1.6741097176747122	-2.817180928414709	-0.4417503966143592	-1.643132978027028	-1.6560085428277496	-1.6302574132263066	-1.674109717674712
+I+G4	200.0	100	null_heldout	calibrated	10000	0.0499	0.0508	-0.000899999999999998	-0.0063	0.0046	366	375	0.9259	-1.6486603507645181	-1.666793599992406	-1.6305271015366303	-1.6778123582710276	-2.8290640722689497	-0.4415059376739681	-0.17295371762623776	-0.1910869668541256	-0.15482046839834993	-0.20210572513274716
+I+G4	200.0	100	alternative	calibrated	20000	0.05345	0.052	0.00145	-0.00225	0.0052	762	733	0.92525	-1.643132978027028	-1.6560085428277496	-1.6302574132263066	-1.6741097176747122	-2.817180928414709	-0.4417503966143592	-0.16742634488874777	-0.1803019096894692	-0.15455078008802636	-0.19840308453643196
+I+G4	200.0	500	null_heldout	nominal	10000	0.0473	0.9895	-0.9422	-0.9466	-0.9374	0	9422	0.0578	-3.7958845586880896	-3.813999155400567	-3.777769961975612	-3.8030138834740477	-4.98911346112275	-2.6114262976510028	-3.7958845586880896	-3.813999155400567	-3.777769961975612	-3.8030138834740477
+I+G4	200.0	500	alternative	nominal	20000	0.05325	0.9886	-0.93535	-0.9386	-0.93195	0	18707	0.06465	-3.7687737841281383	-3.78163307725104	-3.7559144910052367	-3.7840308832655403	-4.950116452440598	-2.5656318439708845	-3.7687737841281383	-3.78163307725104	-3.7559144910052367	-3.7840308832655403
+I+G4	200.0	500	null_heldout	calibrated	10000	0.0428	0.0502	-0.007400000000000004	-0.0124	-0.0023	307	381	0.9312	-3.7958845586880896	-3.813999155400567	-3.777769961975612	-3.8030138834740477	-4.98911346112275	-2.6114262976510028	-0.2346939381582649	-0.25280853487074223	-0.21657934144578755	-0.24182326294422252
+I+G4	200.0	500	alternative	calibrated	20000	0.04775	0.052	-0.004249999999999997	-0.00795	-0.00055	689	774	0.92685	-3.7687737841281383	-3.78163307725104	-3.7559144910052367	-3.7840308832655403	-4.950116452440598	-2.5656318439708845	-0.20758316359831377	-0.22044245672121549	-0.19472387047541206	-0.2228402627357151
+I+G4	200.0	1000	null_heldout	nominal	10000	0.0518	0.9999	-0.9481	-0.9522	-0.9435	0	9481	0.0519	-5.365255571662403	-5.3832555468994	-5.3472555964254065	-5.372086473875993	-6.537684752907577	-4.174566411191732	-5.365255571662402	-5.383255546899399	-5.347255596425406	-5.372086473875992
+I+G4	200.0	1000	alternative	nominal	20000	0.05195	0.99995	-0.948	-0.951	-0.9449	0	18960	0.052	-5.369253079080262	-5.381873266213051	-5.356632891947473	-5.377253316434872	-6.528346807732317	-4.191262235375722	-5.369253079080262	-5.381873266213051	-5.356632891947473	-5.377253316434871
+I+G4	200.0	1000	null_heldout	calibrated	10000	0.0519	0.048	0.0039000000000000007	-0.0012	0.00910250000000001	370	331	0.9299	-5.365255571662403	-5.3832555468994	-5.3472555964254065	-5.372086473875993	-6.537684752907577	-4.174566411191732	-0.1472939793662289	-0.1652939546032256	-0.1292940041292322	-0.1541248815798184
+I+G4	200.0	1000	alternative	calibrated	20000	0.0526	0.05035	0.002250000000000002	-0.0015012499999999995	0.005951250000000005	766	721	0.92565	-5.369253079080262	-5.381873266213051	-5.356632891947473	-5.377253316434872	-6.528346807732317	-4.191262235375722	-0.15129148678408716	-0.16391167391687628	-0.13867129965129804	-0.15929172413869752
+I+G4	200.0	5000	null_heldout	nominal	10000	0.0469	1.0	-0.9531000000000001	-0.9573	-0.9489	0	9531	0.0469	-12.011997451241855	-12.029789999985892	-11.994204902497819	-12.013584211579051	-13.175552271176432	-10.850017469293437	-12.011997451241855	-12.029789999985892	-11.994204902497819	-12.013584211579051
+I+G4	200.0	5000	alternative	nominal	20000	0.05335	1.0	-0.94665	-0.94965125	-0.94355	0	18933	0.05335	-12.006425565028714	-12.019047911063742	-11.993803218993685	-12.007709284428667	-13.168965734587811	-10.827472256823029	-12.006425565028714	-12.019047911063742	-11.993803218993685	-12.007709284428667
+I+G4	200.0	5000	null_heldout	calibrated	10000	0.047	0.0492	-0.0022000000000000006	-0.0073	0.003	338	360	0.9302	-12.011997451241855	-12.029789999985892	-11.994204902497819	-12.013584211579051	-13.175552271176432	-10.850017469293437	-0.14732422655841806	-0.16511677530245544	-0.12953167781438069	-0.148910986895614
+I+G4	200.0	5000	alternative	calibrated	20000	0.05365	0.05145	0.0022000000000000006	-0.00175	0.00615	802	758	0.922	-12.006425565028714	-12.019047911063742	-11.993803218993685	-12.007709284428667	-13.168965734587811	-10.827472256823029	-0.14175234034527717	-0.15437468638030588	-0.12912999431024846	-0.1430360597452296
+I+G4	200.0	10000	null_heldout	nominal	10000	0.0473	1.0	-0.9527	-0.9567	-0.9484	0	9527	0.0473	-16.981143101462028	-16.999115433481673	-16.96317076944238	-16.99165848782778	-18.149955250342686	-15.814675422467566	-16.981143101462028	-16.999115433481673	-16.96317076944238	-16.991658487827777
+I+G4	200.0	10000	alternative	nominal	20000	0.05155	1.0	-0.94845	-0.95145	-0.94545	0	18969	0.05155	-16.98553560911984	-16.99832590707701	-16.97274531116267	-16.99551554461504	-18.167996444006103	-15.804991588463164	-16.98553560911984	-16.99832590707701	-16.97274531116267	-16.99551554461504
+I+G4	200.0	10000	null_heldout	calibrated	10000	0.0473	0.0525	-0.005199999999999996	-0.0105	0.0	332	384	0.9284	-16.981143101462028	-16.999115433481673	-16.96317076944238	-16.99165848782778	-18.149955250342686	-15.814675422467566	-0.1365093343667279	-0.15448166638637378	-0.11853700234708203	-0.1470247207324782
+I+G4	200.0	10000	alternative	calibrated	20000	0.05145	0.0511	0.0003500000000000031	-0.0035	0.00415	764	757	0.92395	-16.98553560911984	-16.99832590707701	-16.97274531116267	-16.99551554461504	-18.167996444006103	-15.804991588463164	-0.14090184202453848	-0.15369213998170814	-0.12811154406736883	-0.15088177751973753
+I+G4	500.0	100	null_heldout	nominal	10000	0.0536	0.5101	-0.4565	-0.4666	-0.4468	62	4627	0.5311	-1.6465119121650758	-1.6650758678619977	-1.6279479564681538	-1.6740473128403532	-2.84082077981284	-0.4213163376018344	-1.6465119121650758	-1.6650758678619977	-1.6279479564681538	-1.674047312840353
+I+G4	500.0	100	alternative	nominal	20000	0.0541	0.5201	-0.466	-0.4731	-0.45865	120	9440	0.522	-1.6583276051589608	-1.671581701987996	-1.6450735083299257	-1.6842791212972663	-2.8674704830702553	-0.41523102913136295	-1.6583276051589608	-1.671581701987996	-1.6450735083299257	-1.6842791212972663
+I+G4	500.0	100	null_heldout	calibrated	10000	0.048	0.05	-0.0020000000000000018	-0.0071024999999999994	0.0033	345	365	0.929	-1.6465119121650758	-1.6650758678619977	-1.6279479564681538	-1.6740473128403532	-2.84082077981284	-0.4213163376018344	-0.19523814719734953	-0.2138021028942715	-0.17667419150042754	-0.2227735478726276
+I+G4	500.0	100	alternative	calibrated	20000	0.04875	0.04905	-0.00030000000000000165	-0.00410125	0.00355	738	744	0.9259	-1.6583276051589608	-1.671581701987996	-1.6450735083299257	-1.6842791212972663	-2.8674704830702553	-0.41523102913136295	-0.20705384019123477	-0.22030793702026985	-0.19379974336219968	-0.23300535632954023
+I+G4	500.0	500	null_heldout	nominal	10000	0.0511	0.9894	-0.9382999999999999	-0.9429	-0.9335975	0	9383	0.0617	-3.7832885923302246	-3.8017340694268538	-3.7648431152335955	-3.7935578778190893	-4.979608172424767	-2.570918302733495	-3.7832885923302246	-3.8017340694268538	-3.7648431152335955	-3.7935578778190893
+I+G4	500.0	500	alternative	nominal	20000	0.05175	0.98985	-0.9381	-0.94140125	-0.93475	0	18762	0.0619	-3.77655352053415	-3.78961202137158	-3.7634950196967196	-3.780416847714897	-4.979204834560123	-2.5576825145151636	-3.776553520534148	-3.7896120213715783	-3.763495019696718	-3.7804168477148967
+I+G4	500.0	500	null_heldout	calibrated	10000	0.0531	0.0481	0.0050000000000000044	-0.0003	0.0101	387	337	0.9276	-3.7832885923302246	-3.8017340694268538	-3.7648431152335955	-3.7935578778190893	-4.979608172424767	-2.570918302733495	-0.1369963448929049	-0.15544182198953416	-0.11855086779627566	-0.14726563038177032
+I+G4	500.0	500	alternative	calibrated	20000	0.05385	0.05015	0.003700000000000002	-0.0001	0.00745	817	743	0.922	-3.77655352053415	-3.78961202137158	-3.7634950196967196	-3.780416847714897	-4.979204834560123	-2.5576825145151636	-0.13026127309682953	-0.1433197739342597	-0.11720277225939935	-0.13412460027757733
+I+G4	500.0	1000	null_heldout	nominal	10000	0.0515	0.9999	-0.9484	-0.9526	-0.9441	0	9484	0.0516	-5.36356474806813	-5.382327692900061	-5.3448018032362	-5.367571051140751	-6.588384986723288	-4.136605511512355	-5.363564748068129	-5.38232769290006	-5.344801803236199	-5.36757105114075
+I+G4	500.0	1000	alternative	nominal	20000	0.0511	0.99985	-0.94875	-0.9518	-0.9457	0	18975	0.05125	-5.359199499906576	-5.37238511513279	-5.346013884680362	-5.369486759365489	-6.5657063001719935	-4.134010324257538	-5.359199499906576	-5.37238511513279	-5.346013884680362	-5.369486759365488
+I+G4	500.0	1000	null_heldout	calibrated	10000	0.0523	0.0522	9.999999999999593e-05	-0.0052	0.0055	398	397	0.9205	-5.36356474806813	-5.382327692900061	-5.3448018032362	-5.367571051140751	-6.588384986723288	-4.136605511512355	-0.15046417811071583	-0.1692271229426463	-0.13170123327878536	-0.15447048118333617
+I+G4	500.0	1000	alternative	calibrated	20000	0.0525	0.05285	-0.0003500000000000031	-0.004051249999999999	0.00345	753	760	0.92435	-5.359199499906576	-5.37238511513279	-5.346013884680362	-5.369486759365489	-6.5657063001719935	-4.134010324257538	-0.14609892994916143	-0.1592845451753758	-0.13291331472294707	-0.15638618940807358
+I+G4	500.0	5000	null_heldout	nominal	10000	0.047	1.0	-0.953	-0.9571	-0.9488	0	9530	0.047	-12.009034928775558	-12.027255492241245	-11.99081436530987	-12.011447042455124	-13.20639539262521	-10.8062225264629	-12.00903492877556	-12.027255492241247	-11.990814365309872	-12.011447042455124
+I+G4	500.0	5000	alternative	nominal	20000	0.04935	1.0	-0.95065	-0.9536	-0.94755	0	19013	0.04935	-12.000120276513186	-12.013088836116069	-11.987151716910304	-12.009723525011445	-13.19014996607831	-10.793415905848697	-12.000120276513186	-12.013088836116069	-11.987151716910304	-12.009723525011445
+I+G4	500.0	5000	null_heldout	calibrated	10000	0.0437	0.0501	-0.006399999999999996	-0.0116	-0.0012	316	380	0.9304	-12.009034928775558	-12.027255492241245	-11.99081436530987	-12.011447042455124	-13.20639539262521	-10.8062225264629	-0.18033389132912192	-0.19855445479480915	-0.1621133278634347	-0.18274600500868843
+I+G4	500.0	5000	alternative	calibrated	20000	0.0456	0.0471	-0.0015000000000000013	-0.00505	0.0021	680	710	0.9305	-12.000120276513186	-12.013088836116069	-11.987151716910304	-12.009723525011445	-13.19014996607831	-10.793415905848697	-0.17141923906674983	-0.18438779866963267	-0.15845067946386698	-0.18102248756500838
+I+G4	500.0	10000	null_heldout	nominal	10000	0.0496	1.0	-0.9504	-0.9546	-0.946	0	9504	0.0496	-16.988029597689543	-17.006297673691424	-16.969761521687662	-16.990354521650872	-18.1753618660319	-15.785859506158545	-16.988029597689543	-17.006297673691424	-16.969761521687662	-16.990354521650872
+I+G4	500.0	10000	alternative	nominal	20000	0.0512	1.0	-0.9488	-0.95185	-0.94575	0	18976	0.0512	-16.99046433646038	-17.0034475437906	-16.97748112913016	-16.99843117419761	-18.187107435468242	-15.788547624769105	-16.990464336460377	-17.003447543790596	-16.977481129130158	-16.998431174197606
+I+G4	500.0	10000	null_heldout	calibrated	10000	0.0461	0.0503	-0.004199999999999995	-0.0094	0.0009	324	366	0.931	-16.988029597689543	-17.006297673691424	-16.969761521687662	-16.990354521650872	-18.1753618660319	-15.785859506158545	-0.16789467487341453	-0.18616275087529674	-0.14962659887153232	-0.1702195988347448
+I+G4	500.0	10000	alternative	calibrated	20000	0.04785	0.04815	-0.00030000000000000165	-0.00395125	0.00325	720	726	0.9277	-16.99046433646038	-17.0034475437906	-16.97748112913016	-16.99843117419761	-18.187107435468242	-15.788547624769105	-0.1703294136442491	-0.18331262097446765	-0.15734620631403057	-0.17829625138147875
+I+G4	1000.0	100	null_heldout	nominal	10000	0.0513	0.5187	-0.46740000000000004	-0.4774	-0.4577	57	4731	0.5212	-1.6542282438963907	-1.672912483676878	-1.6355440041159033	-1.6779522260672832	-2.868975850450249	-0.4227440923894879	-1.6542282438963907	-1.672912483676878	-1.6355440041159033	-1.6779522260672832
+I+G4	1000.0	100	alternative	nominal	20000	0.05385	0.51525	-0.4614	-0.4686	-0.45444875	110	9338	0.5276	-1.638291859311248	-1.6514688795879384	-1.6251148390345578	-1.6564434837217354	-2.8425348761646516	-0.40480477030248097	-1.638291859311248	-1.6514688795879384	-1.6251148390345578	-1.6564434837217354
+I+G4	1000.0	100	null_heldout	calibrated	10000	0.0463	0.0464	-9.999999999999593e-05	-0.0054	0.005	339	340	0.9321	-1.6542282438963907	-1.672912483676878	-1.6355440041159033	-1.6779522260672832	-2.868975850450249	-0.4227440923894879	-0.19525049626086613	-0.21393473604135355	-0.1765662564803787	-0.21897447843175888
+I+G4	1000.0	100	alternative	calibrated	20000	0.04805	0.04905	-0.0010000000000000009	-0.0046	0.00265	698	718	0.9292	-1.638291859311248	-1.6514688795879384	-1.6251148390345578	-1.6564434837217354	-2.8425348761646516	-0.40480477030248097	-0.1793141116757238	-0.19249113195241416	-0.16613709139903346	-0.1974657360862111
+I+G4	1000.0	500	null_heldout	nominal	10000	0.0515	0.9898	-0.9383	-0.9429	-0.9334	0	9383	0.0617	-3.792196683858016	-3.810495234272491	-3.773898133443541	-3.7992198235839028	-4.995590858435806	-2.5892173849881224	-3.792196683858016	-3.810495234272491	-3.773898133443541	-3.7992198235839023
+I+G4	1000.0	500	alternative	nominal	20000	0.0513	0.9885	-0.9372	-0.94035	-0.9338	0	18744	0.0628	-3.776101880013406	-3.7890955691656023	-3.7631081908612094	-3.7798304268709355	-4.9729205719895715	-2.5699467387713533	-3.776101880013406	-3.7890955691656023	-3.7631081908612094	-3.779830426870935
+I+G4	1000.0	500	null_heldout	calibrated	10000	0.0539	0.0523	0.0016000000000000042	-0.0037	0.007	393	377	0.923	-3.792196683858016	-3.810495234272491	-3.773898133443541	-3.7992198235839028	-4.995590858435806	-2.5892173849881224	-0.15817706303924578	-0.17647561345372098	-0.13987851262477058	-0.1652002027651318
+I+G4	1000.0	500	alternative	calibrated	20000	0.0534	0.0508	0.002600000000000005	-0.0012	0.00645	783	731	0.9243	-3.776101880013406	-3.7890955691656023	-3.7631081908612094	-3.7798304268709355	-4.9729205719895715	-2.5699467387713533	-0.14208225919463507	-0.15507594834683155	-0.1290885700424386	-0.145810806052165
+I+G4	1000.0	1000	null_heldout	nominal	10000	0.0458	1.0	-0.9542	-0.9584	-0.9501	0	9542	0.0458	-5.369239122666323	-5.387541754514437	-5.350936490818208	-5.386717287956953	-6.559741358382295	-4.172762896474518	-5.369239122666322	-5.387541754514436	-5.350936490818207	-5.3867172879569525
+I+G4	1000.0	1000	alternative	nominal	20000	0.05065	1.0	-0.94935	-0.9525	-0.94625	0	18987	0.05065	-5.360005473579286	-5.373089971086267	-5.3469209760723055	-5.368704885839911	-6.566827845556389	-4.139808360014544	-5.360005473579285	-5.373089971086266	-5.346920976072305	-5.368704885839911
+I+G4	1000.0	1000	null_heldout	calibrated	10000	0.0513	0.0456	0.005699999999999997	0.0005	0.0108	387	330	0.9283	-5.369239122666323	-5.387541754514437	-5.350936490818208	-5.386717287956953	-6.559741358382295	-4.172762896474518	-0.073755083624238	-0.09205771547235239	-0.055452451776123596	-0.09123324891486861
+I+G4	1000.0	1000	alternative	calibrated	20000	0.058	0.04765	0.010350000000000005	0.0066	0.014051250000000005	885	678	0.92185	-5.360005473579286	-5.373089971086267	-5.3469209760723055	-5.368704885839911	-6.566827845556389	-4.139808360014544	-0.06452143453720119	-0.07760593204418176	-0.05143693703022062	-0.07322084679782703
+I+G4	1000.0	5000	null_heldout	nominal	10000	0.048	1.0	-0.952	-0.956	-0.9478	0	9520	0.048	-12.029697883025046	-12.048099165216321	-12.01129660083377	-12.040927394223633	-13.23830071704819	-10.82525335984636	-12.029697883025046	-12.048099165216321	-12.01129660083377	-12.040927394223633
+I+G4	1000.0	5000	alternative	nominal	20000	0.05035	1.0	-0.94965	-0.9528	-0.94665	0	18993	0.05035	-12.01166835916575	-12.024657978990954	-11.998678739340546	-12.007418974154202	-13.226520304223632	-10.818520764884381	-12.011668359165752	-12.024657978990955	-11.998678739340548	-12.007418974154202
+I+G4	1000.0	5000	null_heldout	calibrated	10000	0.044	0.0468	-0.002800000000000004	-0.0079	0.0023	321	349	0.933	-12.029697883025046	-12.048099165216321	-12.01129660083377	-12.040927394223633	-13.23830071704819	-10.82525335984636	-0.174132057826411	-0.1925333400176869	-0.1557307756351351	-0.18536156902499812
+I+G4	1000.0	5000	alternative	calibrated	20000	0.0474	0.04855	-0.0011500000000000052	-0.0049	0.002551250000000005	700	723	0.92885	-12.01166835916575	-12.024657978990954	-11.998678739340546	-12.007418974154202	-13.226520304223632	-10.818520764884381	-0.15610253396711576	-0.16909215379231946	-0.14311291414191207	-0.151853148955567
+I+G4	1000.0	10000	null_heldout	nominal	10000	0.0515	1.0	-0.9485	-0.9528	-0.944	0	9485	0.0515	-16.98350184162529	-17.001767465380674	-16.965236217869908	-16.984596759926163	-18.18194687726672	-15.773360610471586	-16.98350184162529	-17.001767465380674	-16.965236217869908	-16.984596759926163
+I+G4	1000.0	10000	alternative	nominal	20000	0.0508	1.0	-0.9492	-0.95225	-0.94625	0	18984	0.0508	-16.98625897523981	-16.99933400433945	-16.97318394614017	-16.984315838535274	-18.203335261757637	-15.77742181738076	-16.98625897523981	-16.99933400433945	-16.97318394614017	-16.984315838535274
+I+G4	1000.0	10000	null_heldout	calibrated	10000	0.0493	0.0501	-0.0008000000000000021	-0.005902499999999999	0.0045	358	366	0.9276	-16.98350184162529	-17.001767465380674	-16.965236217869908	-16.984596759926163	-18.18194687726672	-15.773360610471586	-0.15100962912873422	-0.16927525288411627	-0.13274400537335218	-0.152104547429607
+I+G4	1000.0	10000	alternative	calibrated	20000	0.0495	0.04745	0.002050000000000003	-0.00165	0.0059	746	705	0.92745	-16.98625897523981	-16.99933400433945	-16.97318394614017	-16.984315838535274	-18.203335261757637	-15.77742181738076	-0.1537667627432564	-0.16684179184289408	-0.14069173364361873	-0.15182362603871802
+I+G4	10000.0	100	null_heldout	nominal	10000	0.0523	0.5089	-0.4566	-0.4666	-0.4464	60	4626	0.5314	-1.640182494511032	-1.658979806946209	-1.621385182075855	-1.6764878786820403	-2.8450049181710564	-0.3929097818052437	-1.640182494511032	-1.658979806946209	-1.621385182075855	-1.67648787868204
+I+G4	10000.0	100	alternative	nominal	20000	0.0503	0.5156	-0.46529999999999994	-0.47235	-0.45845	112	9418	0.5235	-1.6520083731785247	-1.6651481068888072	-1.6388686394682421	-1.6785297488408144	-2.846485606146067	-0.41311489955780123	-1.6520083731785242	-1.6651481068888068	-1.6388686394682417	-1.6785297488408144
+I+G4	10000.0	100	null_heldout	calibrated	10000	0.0473	0.0479	-0.0005999999999999964	-0.0056	0.0047	339	345	0.9316	-1.640182494511032	-1.658979806946209	-1.621385182075855	-1.6764878786820403	-2.8450049181710564	-0.3929097818052437	-0.16298549759313952	-0.18178281002831662	-0.14418818515796242	-0.1992908817641479
+I+G4	10000.0	100	alternative	calibrated	20000	0.046	0.0466	-0.0006000000000000033	-0.00435	0.00305	686	698	0.9308	-1.6520083731785247	-1.6651481068888072	-1.6388686394682421	-1.6785297488408144	-2.846485606146067	-0.41311489955780123	-0.17481137626063212	-0.1879511099709146	-0.16167164255034963	-0.201332751922922
+I+G4	10000.0	500	null_heldout	nominal	10000	0.0555	0.9875	-0.932	-0.9368	-0.9269	0	9320	0.068	-3.772262332386598	-3.790931922320019	-3.7535927424531765	-3.7725492417314737	-4.995571845323922	-2.5405763487068134	-3.772262332386598	-3.790931922320019	-3.7535927424531765	-3.772549241731474
+I+G4	10000.0	500	alternative	nominal	20000	0.0475	0.98775	-0.94025	-0.9435	-0.9370987500000001	0	18805	0.05975	-3.785252823247978	-3.798322214529248	-3.7721834319667082	-3.7989086452490533	-4.984335984953292	-2.578383843715079	-3.785252823247978	-3.798322214529248	-3.7721834319667082	-3.7989086452490533
+I+G4	10000.0	500	null_heldout	calibrated	10000	0.056	0.0477	0.008300000000000002	0.0029	0.0136	431	348	0.9221	-3.772262332386598	-3.790931922320019	-3.7535927424531765	-3.7725492417314737	-4.995571845323922	-2.5405763487068134	-0.09438000479108642	-0.11304959472450783	-0.07571041485766501	-0.09466691413596262
+I+G4	10000.0	500	alternative	calibrated	20000	0.04785	0.0447	0.00315	-0.0003	0.006801250000000004	727	664	0.93045	-3.785252823247978	-3.798322214529248	-3.7721834319667082	-3.7989086452490533	-4.984335984953292	-2.578383843715079	-0.1073704956524668	-0.12043988693373661	-0.09430110437119699	-0.12102631765354133
+I+G4	10000.0	1000	null_heldout	nominal	10000	0.051	1.0	-0.949	-0.9532025000000001	-0.9446	0	9490	0.051	-5.348931867286394	-5.367525419379555	-5.3303383151932335	-5.356655640743634	-6.570071685479205	-4.116516175170782	-5.348931867286394	-5.367525419379555	-5.3303383151932335	-5.356655640743634
+I+G4	10000.0	1000	alternative	nominal	20000	0.0508	1.0	-0.9492	-0.9522	-0.94615	0	18984	0.0508	-5.3466178947689516	-5.3596408698027425	-5.333594919735161	-5.352635992639463	-6.537454680845989	-4.149141593609715	-5.346617894768951	-5.359640869802742	-5.33359491973516	-5.352635992639463
+I+G4	10000.0	1000	null_heldout	calibrated	10000	0.0459	0.0455	0.0004000000000000045	-0.0049	0.0055	351	347	0.9302	-5.348931867286394	-5.367525419379555	-5.3303383151932335	-5.356655640743634	-6.570071685479205	-4.116516175170782	-0.15617436659968154	-0.17476791869284192	-0.13758081450652115	-0.16389814005692172
+I+G4	10000.0	1000	alternative	calibrated	20000	0.04665	0.0446	0.0020499999999999963	-0.00155	0.00565	701	660	0.93195	-5.3466178947689516	-5.3596408698027425	-5.333594919735161	-5.352635992639463	-6.537454680845989	-4.149141593609715	-0.15386039408223864	-0.1668833691160297	-0.1408374190484476	-0.1598784919527505
+I+G4	10000.0	5000	null_heldout	nominal	10000	0.0506	1.0	-0.9494	-0.9537	-0.945	0	9494	0.0506	-12.006199016382318	-12.024580376639744	-11.987817656124893	-12.019439528659504	-13.209482266462086	-10.777420004657664	-12.006199016382322	-12.024580376639747	-11.987817656124896	-12.019439528659504
+I+G4	10000.0	5000	alternative	nominal	20000	0.05165	1.0	-0.94835	-0.95135	-0.94515	0	18967	0.05165	-12.013024109362823	-12.026168507113193	-11.999879711612452	-12.015375100206679	-13.230567770300054	-10.798555981516012	-12.013024109362824	-12.026168507113194	-11.999879711612454	-12.015375100206679
+I+G4	10000.0	5000	null_heldout	calibrated	10000	0.048	0.0549	-0.006899999999999996	-0.0126	-0.0016	351	420	0.9229	-12.006199016382318	-12.024580376639744	-11.987817656124893	-12.019439528659504	-13.209482266462086	-10.777420004657664	-0.18942368097676382	-0.20780504123418977	-0.17104232071933786	-0.20266419325394747
+I+G4	10000.0	5000	alternative	calibrated	20000	0.0496	0.05235	-0.0027500000000000024	-0.0066	0.00115	729	784	0.92435	-12.013024109362823	-12.026168507113193	-11.999879711612452	-12.015375100206679	-13.230567770300054	-10.798555981516012	-0.19624877395726814	-0.20939317170763896	-0.18310437620689732	-0.1985997648011235
+I+G4	10000.0	10000	null_heldout	nominal	10000	0.0517	1.0	-0.9483	-0.9525	-0.9441	0	9483	0.0517	-16.984231788218377	-17.003033264967893	-16.96543031146886	-16.987212701354743	-18.19593736018995	-15.752372895078704	-16.984231788218377	-17.003033264967893	-16.96543031146886	-16.987212701354743
+I+G4	10000.0	10000	alternative	nominal	20000	0.052	1.0	-0.948	-0.951	-0.9449	0	18960	0.052	-16.98130569962287	-16.994317651347323	-16.968293747898414	-16.980621399653945	-18.186344985979886	-15.77638624419906	-16.98130569962287	-16.994317651347323	-16.968293747898414	-16.98062139965394
+I+G4	10000.0	10000	null_heldout	calibrated	10000	0.0539	0.0519	0.0020000000000000018	-0.0035	0.0076	402	382	0.9216	-16.984231788218377	-17.003033264967893	-16.96543031146886	-16.987212701354743	-18.19593736018995	-15.752372895078704	-0.12316729776066877	-0.14196877451018475	-0.10436582101115281	-0.12614821089703554
+I+G4	10000.0	10000	alternative	calibrated	20000	0.0541	0.05225	0.0018500000000000044	-0.0020512499999999997	0.0058	795	758	0.92235	-16.98130569962287	-16.994317651347323	-16.968293747898414	-16.980621399653945	-18.186344985979886	-15.77638624419906	-0.12024120916516308	-0.13325316088961645	-0.10722925744070973	-0.11955690919623763
+I+R4	0.5	100	null_heldout	nominal	10000	0.043	0.5193	-0.4763	-0.4861	-0.4663	0	4763	0.5237	-1.6880341194348294	-1.6900887130113265	-1.6859795258583323	-1.681997052071945	-1.8219606777888602	-1.5603216191940767	-1.6880341194348294	-1.6900887130113265	-1.6859795258583323	-1.681997052071945
+I+R4	0.5	100	alternative	nominal	20000	1.0	1.0	0.0	0.0	0.0	0	0	1.0	-0.9419747043729901	-0.944888207293277	-0.9390612014527032	-0.9703278814338123	-1.1805665426393257	-0.6672416077397858	-0.9419747043729901	-0.944888207293277	-0.9390612014527032	-0.9703278814338121
+I+R4	0.5	100	null_heldout	calibrated	10000	0.0515	0.0511	0.0003999999999999976	-0.0008	0.0017	24	20	0.9956	-1.6880341194348294	-1.6900887130113265	-1.6859795258583323	-1.681997052071945	-1.8219606777888602	-1.5603216191940767	-0.11585689470844182	-0.1179114882849389	-0.11380230113194474	-0.10981982734555773
+I+R4	0.5	100	alternative	calibrated	20000	1.0	1.0	0.0	0.0	0.0	0	0	1.0	-0.9419747043729901	-0.944888207293277	-0.9390612014527032	-0.9703278814338123	-1.1805665426393257	-0.6672416077397858	0.6302025203533969	0.6272890174331099	0.6331160232736838	0.6018493432925749
+I+R4	0.5	500	null_heldout	nominal	10000	0.0449	0.988	-0.9430999999999999	-0.9475	-0.9385	0	9431	0.0569	-3.7791985034394036	-3.7812059810876244	-3.7771910257911827	-3.777797620129564	-3.909480289568812	-3.648221948977141	-3.7791985034394036	-3.7812059810876244	-3.7771910257911827	-3.777797620129564
+I+R4	0.5	500	alternative	nominal	20000	1.0	1.0	0.0	0.0	0.0	0	0	1.0	-2.156324630413664	-2.1590244112445216	-2.1536248495828065	-2.1676741003865505	-2.3961557805713714	-1.9044001122536107	-2.156324630413664	-2.1590244112445216	-2.1536248495828065	-2.1676741003865514
+I+R4	0.5	500	null_heldout	calibrated	10000	0.0486	0.0492	-0.0006000000000000033	-0.002	0.0008	23	29	0.9948	-3.7791985034394036	-3.7812059810876244	-3.7771910257911827	-3.777797620129564	-3.909480289568812	-3.648221948977141	-0.12705206965722485	-0.1290595473054456	-0.12504459200900409	-0.12565118634738592
+I+R4	0.5	500	alternative	calibrated	20000	1.0	1.0	0.0	0.0	0.0	0	0	1.0	-2.156324630413664	-2.1590244112445216	-2.1536248495828065	-2.1676741003865505	-2.3961557805713714	-1.9044001122536107	1.4958218033685127	1.4931220225376554	1.49852158419937	1.484472333395626
+I+R4	0.5	1000	null_heldout	nominal	10000	0.0472	1.0	-0.9528	-0.957	-0.9486	0	9528	0.0472	-5.344983795161333	-5.346989972822289	-5.342977617500377	-5.343446365162874	-5.475316904563754	-5.213401031561185	-5.344983795161333	-5.346989972822289	-5.342977617500377	-5.343446365162874
+I+R4	0.5	1000	alternative	nominal	20000	1.0	1.0	0.0	0.0	0.0	0	0	1.0	-3.0593692034230466	-3.062024323327617	-3.056714083518476	-3.0668816604075033	-3.2997825183279357	-2.8101097327688844	-3.0593692034230466	-3.062024323327617	-3.056714083518476	-3.066881660407504
+I+R4	0.5	1000	null_heldout	calibrated	10000	0.0528	0.0516	0.0011999999999999997	-0.0004	0.0028	41	29	0.993	-5.344983795161333	-5.346989972822289	-5.342977617500377	-5.343446365162874	-5.475316904563754	-5.213401031561185	-0.12800106258194965	-0.13000724024290589	-0.12599488492099342	-0.12646363258349025
+I+R4	0.5	1000	alternative	calibrated	20000	1.0	1.0	0.0	0.0	0.0	0	0	1.0	-3.0593692034230466	-3.062024323327617	-3.056714083518476	-3.0668816604075033	-3.2997825183279357	-2.8101097327688844	2.1576135291563383	2.1549584092517677	2.160268649060909	2.150101072171881
+I+R4	0.5	5000	null_heldout	nominal	10000	0.0508	1.0	-0.9492	-0.9534	-0.9448	0	9492	0.0508	-11.952839250140002	-11.954860706883233	-11.950817793396771	-11.951881961941954	-12.083932201748008	-11.821134359015874	-11.952839250140002	-11.954860706883233	-11.950817793396771	-11.951881961941954
+I+R4	0.5	5000	alternative	nominal	20000	1.0	1.0	0.0	0.0	0.0	0	0	1.0	-6.854124788068243	-6.85677486621697	-6.851474709919517	-6.858046598328386	-7.096326553026986	-6.605992445942152	-6.854124788068243	-6.85677486621697	-6.851474709919517	-6.858046598328387
+I+R4	0.5	5000	null_heldout	calibrated	10000	0.0545	0.0516	0.0029	0.0014	0.0045	46	17	0.9937	-11.952839250140002	-11.954860706883233	-11.950817793396771	-11.951881961941954	-12.083932201748008	-11.821134359015874	-0.11730128893646581	-0.11932274567969674	-0.11527983219323489	-0.116344000738418
+I+R4	0.5	5000	alternative	calibrated	20000	1.0	1.0	0.0	0.0	0.0	0	0	1.0	-6.854124788068243	-6.85677486621697	-6.851474709919517	-6.858046598328386	-7.096326553026986	-6.605992445942152	4.981413173135292	4.978763094986565	4.984063251284018	4.977491362875147
+I+R4	0.5	10000	null_heldout	nominal	10000	0.0502	1.0	-0.9498	-0.9539	-0.9454	0	9498	0.0502	-16.903950060051734	-16.905953377941525	-16.901946742161943	-16.903386706012824	-17.034815006497418	-16.773759665364306	-16.90395006005173	-16.905953377941522	-16.90194674216194	-16.903386706012824
+I+R4	0.5	10000	alternative	nominal	20000	1.0	1.0	0.0	0.0	0.0	0	0	1.0	-9.697020238815865	-9.69970595167919	-9.69433452595254	-9.699746186050511	-9.945725114555525	-9.445403104445338	-9.697020238815867	-9.699705951679192	-9.694334525952542	-9.699746186050513
+I+R4	0.5	10000	null_heldout	calibrated	10000	0.0531	0.0528	0.00030000000000000165	-0.0013	0.002	35	32	0.9933	-16.903950060051734	-16.905953377941525	-16.901946742161943	-16.903386706012824	-17.034815006497418	-16.773759665364306	-0.12059509876712118	-0.1225984166569136	-0.11859178087732877	-0.1200317447282142
+I+R4	0.5	10000	alternative	calibrated	20000	1.0	1.0	0.0	0.0	0.0	0	0	1.0	-9.697020238815865	-9.69970595167919	-9.69433452595254	-9.699746186050511	-9.945725114555525	-9.445403104445338	7.086334722468743	7.083649009605418	7.089020435332069	7.083608775234097
+I+R4	1.0	100	null_heldout	nominal	10000	0.0453	0.5069	-0.4616	-0.4718	-0.4517	0	4616	0.5384	-1.6918078144482278	-1.6938862651050006	-1.689729363791455	-1.686414373554872	-1.826735565063872	-1.5622196767259522	-1.6918078144482278	-1.6938862651050006	-1.689729363791455	-1.686414373554872
+I+R4	1.0	100	alternative	nominal	20000	1.0	1.0	0.0	0.0	0.0	0	0	1.0	-1.1787341537837943	-1.1806189780034502	-1.1768493295641385	-1.1928114772755527	-1.3391888739431272	-1.0017803945923915	-1.1787341537837948	-1.1806189780034506	-1.176849329564139	-1.192811477275553
+I+R4	1.0	100	null_heldout	calibrated	10000	0.0519	0.0523	-0.0003999999999999976	-0.0018	0.0009	22	26	0.9952	-1.6918078144482278	-1.6938862651050006	-1.689729363791455	-1.686414373554872	-1.826735565063872	-1.5622196767259522	-0.12243001429713672	-0.12450846495390955	-0.1203515636403639	-0.1170365734037806
+I+R4	1.0	100	alternative	calibrated	20000	1.0	1.0	0.0	0.0	0.0	0	0	1.0	-1.1787341537837943	-1.1806189780034502	-1.1768493295641385	-1.1928114772755527	-1.3391888739431272	-1.0017803945923915	0.390643646367297	0.3887588221476411	0.39252847058695284	0.3765663228755387
+I+R4	1.0	500	null_heldout	nominal	10000	0.0447	0.9879	-0.9432	-0.9478	-0.9384	0	9432	0.0568	-3.7876915264567077	-3.7897176462239037	-3.7856654066895117	-3.7854553871574743	-3.9239281605635585	-3.656575794576743	-3.7876915264567077	-3.7897176462239037	-3.7856654066895117	-3.785455387157474
+I+R4	1.0	500	alternative	nominal	20000	1.0	1.0	0.0	0.0	0.0	0	0	1.0	-2.6650497225335052	-2.66681927957243	-2.6632801654945806	-2.671225534688544	-2.8220041419530206	-2.4987071970585086	-2.665049722533505	-2.6668192795724295	-2.66328016549458	-2.671225534688543
+I+R4	1.0	500	null_heldout	calibrated	10000	0.0463	0.0477	-0.0013999999999999985	-0.0029	0.0001	23	37	0.994	-3.7876915264567077	-3.7897176462239037	-3.7856654066895117	-3.7854553871574743	-3.9239281605635585	-3.656575794576743	-0.13612382995012862	-0.13814994971732442	-0.13409771018293282	-0.13388769065089434
+I+R4	1.0	500	alternative	calibrated	20000	1.0	1.0	0.0	0.0	0.0	0	0	1.0	-2.6650497225335052	-2.66681927957243	-2.6632801654945806	-2.671225534688544	-2.8220041419530206	-2.4987071970585086	0.9865179739730735	0.9847484169341488	0.9882875310119982	0.9803421618180348
+I+R4	1.0	1000	null_heldout	nominal	10000	0.0426	0.9999	-0.9573	-0.9613	-0.9532	0	9573	0.0427	-5.355930036665567	-5.357949287544479	-5.353910785786655	-5.354310328283939	-5.487236263868	-5.225679906321297	-5.355930036665567	-5.357949287544479	-5.353910785786655	-5.354310328283939
+I+R4	1.0	1000	alternative	nominal	20000	1.0	1.0	0.0	0.0	0.0	0	0	1.0	-3.772507853215153	-3.774275429296294	-3.7707402771340117	-3.7761135927753173	-3.933768914504067	-3.608329782562004	-3.772507853215153	-3.774275429296294	-3.7707402771340117	-3.776113592775318
+I+R4	1.0	1000	null_heldout	calibrated	10000	0.0429	0.0428	0.00010000000000000286	-0.0013	0.0015	25	24	0.9951	-5.355930036665567	-5.357949287544479	-5.353910785786655	-5.354310328283939	-5.487236263868	-5.225679906321297	-0.12795269567506432	-0.12997194655397673	-0.1259334447961519	-0.126332987293436
+I+R4	1.0	1000	alternative	calibrated	20000	1.0	1.0	0.0	0.0	0.0	0	0	1.0	-3.772507853215153	-3.774275429296294	-3.7707402771340117	-3.7761135927753173	-3.933768914504067	-3.608329782562004	1.4554694877753513	1.4537019116942103	1.4572370638564924	1.451863748215187
+I+R4	1.0	5000	null_heldout	nominal	10000	0.0491	1.0	-0.9509	-0.955	-0.9465	0	9509	0.0491	-11.976671470680627	-11.978683108044123	-11.97465983331713	-11.975805138195474	-12.109722852699448	-11.845514390265299	-11.976671470680628	-11.978683108044125	-11.974659833317132	-11.975805138195476
+I+R4	1.0	5000	alternative	nominal	20000	1.0	1.0	0.0	0.0	0.0	0	0	1.0	-8.442995827588643	-8.444768006145097	-8.441223649032189	-8.445647594552213	-8.603677685563074	-8.277162191310374	-8.442995827588643	-8.444768006145097	-8.441223649032189	-8.445647594552215
+I+R4	1.0	5000	null_heldout	calibrated	10000	0.0489	0.0473	0.0015999999999999973	0.0003	0.0029	31	15	0.9954	-11.976671470680627	-11.978683108044123	-11.97465983331713	-11.975805138195474	-12.109722852699448	-11.845514390265299	-0.12952302069109747	-0.13153465805459405	-0.1275113833276009	-0.128656688205945
+I+R4	1.0	5000	alternative	calibrated	20000	1.0	1.0	0.0	0.0	0.0	0	0	1.0	-8.442995827588643	-8.444768006145097	-8.441223649032189	-8.445647594552213	-8.603677685563074	-8.277162191310374	3.4041526224008876	3.402380443844433	3.405924800957342	3.401500855437316
+I+R4	1.0	10000	null_heldout	nominal	10000	0.0486	1.0	-0.9514	-0.9554	-0.9472	0	9514	0.0486	-16.93809595883959	-16.940127354630864	-16.936064563048316	-16.935230295192383	-17.072930783901228	-16.80677729409558	-16.93809595883959	-16.940127354630864	-16.936064563048316	-16.935230295192383
+I+R4	1.0	10000	alternative	nominal	20000	1.0	1.0	0.0	0.0	0.0	0	0	1.0	-11.94084137894778	-11.942605256307557	-11.939077501588004	-11.94127556599129	-12.103763040091772	-11.779545899852112	-11.94084137894778	-11.942605256307557	-11.939077501588004	-11.941275565991292
+I+R4	1.0	10000	null_heldout	calibrated	10000	0.0471	0.0467	0.0004000000000000045	-0.001	0.0018	28	24	0.9948	-16.93809595883959	-16.940127354630864	-16.936064563048316	-16.935230295192383	-17.072930783901228	-16.80677729409558	-0.1309964545173953	-0.13302785030867087	-0.12896505872611974	-0.1281307908701912
+I+R4	1.0	10000	alternative	calibrated	20000	1.0	1.0	0.0	0.0	0.0	0	0	1.0	-11.94084137894778	-11.942605256307557	-11.939077501588004	-11.94127556599129	-12.103763040091772	-11.779545899852112	4.866258125374409	4.864494248014633	4.868022002734184	4.865823938330898
+I+R4	2.0	100	null_heldout	nominal	10000	0.0423	0.5151	-0.4728	-0.4828	-0.4631	0	4728	0.5272	-1.6919038308096332	-1.6939824122534664	-1.6898252493658001	-1.6873293109652292	-1.8292107701240883	-1.5612954053748107	-1.6919038308096332	-1.6939824122534664	-1.6898252493658001	-1.6873293109652294
+I+R4	2.0	100	alternative	nominal	20000	0.99965	1.0	-0.00034999999999996145	-0.00065	-0.0001	0	7	0.99965	-1.3197115655724772	-1.3211839909674463	-1.318239140177508	-1.3267510063584353	-1.4480376239962418	-1.1813297338473439	-1.3197115655724772	-1.3211839909674463	-1.318239140177508	-1.3267510063584356
+I+R4	2.0	100	null_heldout	calibrated	10000	0.0459	0.0477	-0.001799999999999996	-0.0032	-0.0005	15	33	0.9952	-1.6919038308096332	-1.6939824122534664	-1.6898252493658001	-1.6873293109652292	-1.8292107701240883	-1.5612954053748107	-0.13201378303426958	-0.1340923644781026	-0.12993520159043656	-0.12743926318986554
+I+R4	2.0	100	alternative	calibrated	20000	0.9997	0.9997	0.0	-0.00015	0.00015	1	1	0.9999	-1.3197115655724772	-1.3211839909674463	-1.318239140177508	-1.3267510063584353	-1.4480376239962418	-1.1813297338473439	0.240178482202887	0.23870605680791793	0.2416509075978561	0.23313904141692854
+I+R4	2.0	500	null_heldout	nominal	10000	0.0466	0.9899	-0.9433	-0.9478	-0.9387	0	9433	0.0567	-3.7898873894033938	-3.791910314886957	-3.7878644639198304	-3.7878336950220377	-3.923112277960301	-3.6604323801529213	-3.7898873894033938	-3.791910314886957	-3.7878644639198304	-3.7878336950220377
+I+R4	2.0	500	alternative	nominal	20000	1.0	1.0	0.0	0.0	0.0	0	0	1.0	-2.9687214857207196	-2.970163801965809	-2.96727916947563	-2.971405786379586	-3.1004904374819477	-2.83435217778721	-2.9687214857207187	-2.9701638019658083	-2.967279169475629	-2.9714057863795853
+I+R4	2.0	500	null_heldout	calibrated	10000	0.0529	0.0531	-0.0001999999999999988	-0.0017	0.0013	28	30	0.9942	-3.7898873894033938	-3.791910314886957	-3.7878644639198304	-3.7878336950220377	-3.923112277960301	-3.6604323801529213	-0.134521717870114	-0.1365446433536771	-0.13249879238655088	-0.13246802348875786
+I+R4	2.0	500	alternative	calibrated	20000	1.0	1.0	0.0	0.0	0.0	0	0	1.0	-2.9687214857207196	-2.970163801965809	-2.96727916947563	-2.971405786379586	-3.1004904374819477	-2.83435217778721	0.6866441858125605	0.685201869567471	0.68808650205765	0.6839598851536941
+I+R4	2.0	1000	null_heldout	nominal	10000	0.0447	1.0	-0.9553	-0.9593	-0.9511	0	9553	0.0447	-5.359724758427947	-5.361770152028327	-5.357679364827567	-5.359072663059717	-5.493364782714932	-5.226500964573137	-5.359724758427947	-5.361770152028327	-5.357679364827567	-5.359072663059717
+I+R4	2.0	1000	alternative	nominal	20000	1.0	1.0	0.0	0.0	0.0	0	0	1.0	-4.201499643500957	-4.202937903250889	-4.200061383751025	-4.203363985152605	-4.333269647784299	-4.067484589245	-4.201499643500956	-4.202937903250888	-4.200061383751024	-4.203363985152604
+I+R4	2.0	1000	null_heldout	calibrated	10000	0.0478	0.0493	-0.0014999999999999944	-0.003	0.0	21	36	0.9943	-5.359724758427947	-5.361770152028327	-5.357679364827567	-5.359072663059717	-5.493364782714932	-5.226500964573137	-0.13719986664755107	-0.13924526024793119	-0.13515447304717096	-0.13654777127932105
+I+R4	2.0	1000	alternative	calibrated	20000	1.0	1.0	0.0	0.0	0.0	0	0	1.0	-4.201499643500957	-4.202937903250889	-4.200061383751025	-4.203363985152605	-4.333269647784299	-4.067484589245	1.0210252482794402	1.0195869885295086	1.0224635080293718	1.019160906627791
+I+R4	2.0	5000	null_heldout	nominal	10000	0.0458	1.0	-0.9542	-0.9581	-0.9501	0	9542	0.0458	-11.985349661906248	-11.987402239630134	-11.983297084182363	-11.983637671984752	-12.120607239581961	-11.85249019726504	-11.985349661906248	-11.987402239630134	-11.983297084182363	-11.983637671984752
+I+R4	2.0	5000	alternative	nominal	20000	1.0	1.0	0.0	0.0	0.0	0	0	1.0	-9.398883657749181	-9.400317351584308	-9.397449963914054	-9.399729658698803	-9.530196086104706	-9.265214180651995	-9.398883657749183	-9.40031735158431	-9.397449963914056	-9.399729658698805
+I+R4	2.0	5000	null_heldout	calibrated	10000	0.0437	0.0436	0.00010000000000000286	-0.0014	0.0017	31	30	0.9939	-11.985349661906248	-11.987402239630134	-11.983297084182363	-11.983637671984752	-12.120607239581961	-11.85249019726504	-0.13115424462438355	-0.13320682234826928	-0.12910166690049782	-0.1294422547028864
+I+R4	2.0	5000	alternative	calibrated	20000	1.0	1.0	0.0	0.0	0.0	0	0	1.0	-9.398883657749181	-9.400317351584308	-9.397449963914054	-9.399729658698803	-9.530196086104706	-9.265214180651995	2.4553117595326834	2.4538780656975567	2.45674545336781	2.4544657585830603
+I+R4	2.0	10000	null_heldout	nominal	10000	0.0574	1.0	-0.9426	-0.9473	-0.9381	0	9426	0.0574	-16.948186459057972	-16.950244544443233	-16.94612837367271	-16.948771828334714	-17.084958452426033	-16.81237327249613	-16.948186459057972	-16.950244544443233	-16.94612837367271	-16.948771828334714
+I+R4	2.0	10000	alternative	nominal	20000	1.0	1.0	0.0	0.0	0.0	0	0	1.0	-13.294496065376935	-13.295929894454408	-13.29306223629946	-13.294244413267535	-13.427723973235207	-13.16117463832407	-13.294496065376938	-13.295929894454412	-13.293062236299464	-13.294244413267537
+I+R4	2.0	10000	null_heldout	calibrated	10000	0.0556	0.0559	-0.00030000000000000165	-0.0019	0.0013	31	34	0.9935	-16.948186459057972	-16.950244544443233	-16.94612837367271	-16.948771828334714	-17.084958452426033	-16.81237327249613	-0.1420205944614626	-0.14407867984672315	-0.13996250907620203	-0.14260596373820356
+I+R4	2.0	10000	alternative	calibrated	20000	1.0	1.0	0.0	0.0	0.0	0	0	1.0	-13.294496065376935	-13.295929894454408	-13.29306223629946	-13.294244413267535	-13.427723973235207	-13.16117463832407	3.5116697992195767	3.510235970142103	3.5131036282970505	3.511921451328977
+I+R4	3.0	100	null_heldout	nominal	10000	0.0436	0.5151	-0.47150000000000003	-0.4816	-0.4620975	0	4715	0.5285	-1.6913174437711735	-1.6934847899863117	-1.6891500975560354	-1.6879081708985342	-1.832593483384519	-1.553495393400596	-1.6913174437711735	-1.6934847899863117	-1.6891500975560354	-1.6879081708985342
+I+R4	3.0	100	alternative	nominal	20000	0.995	1.0	-0.0050000000000000044	-0.006	-0.00405	0	100	0.995	-1.380718312583865	-1.382158839260761	-1.3792777859069687	-1.3856333347340501	-1.5093911618038371	-1.247020482782961	-1.3807183125838651	-1.3821588392607613	-1.379277785906969	-1.3856333347340504
+I+R4	3.0	100	null_heldout	calibrated	10000	0.0486	0.0489	-0.00030000000000000165	-0.0017	0.0012	27	30	0.9943	-1.6913174437711735	-1.6934847899863117	-1.6891500975560354	-1.6879081708985342	-1.832593483384519	-1.553495393400596	-0.12368826207151051	-0.12585560828664857	-0.12152091585637247	-0.12027898919887114
+I+R4	3.0	100	alternative	calibrated	20000	0.99565	0.99495	0.0007000000000000339	0.00035	0.00105	14	0	0.9993	-1.380718312583865	-1.382158839260761	-1.3792777859069687	-1.3856333347340501	-1.5093911618038371	-1.247020482782961	0.18691086911579805	0.18547034243890193	0.18835139579269417	0.18199584696561288
+I+R4	3.0	500	null_heldout	nominal	10000	0.0456	0.9903	-0.9447	-0.9491	-0.94	0	9447	0.0553	-3.790503232858461	-3.7926057630130368	-3.7884007027038855	-3.7881772775768616	-3.9284358393906524	-3.6554006911052417	-3.790503232858461	-3.7926057630130368	-3.7884007027038855	-3.788177277576861
+I+R4	3.0	500	alternative	nominal	20000	1.0	1.0	0.0	0.0	0.0	0	0	1.0	-3.1044359685562437	-3.1058601007885103	-3.103011836323977	-3.1063755746592783	-3.233487811783215	-2.971379381020733	-3.1044359685562433	-3.10586010078851	-3.1030118363239767	-3.106375574659278
+I+R4	3.0	500	null_heldout	calibrated	10000	0.0451	0.0464	-0.0012999999999999956	-0.0026	0.0	17	30	0.9953	-3.790503232858461	-3.7926057630130368	-3.7884007027038855	-3.7881772775768616	-3.9284358393906524	-3.6554006911052417	-0.1455364087772277	-0.14763893893180352	-0.1434338786226519	-0.1432104534956289
+I+R4	3.0	500	alternative	calibrated	20000	1.0	1.0	0.0	0.0	0.0	0	0	1.0	-3.1044359685562437	-3.1058601007885103	-3.103011836323977	-3.1063755746592783	-3.233487811783215	-2.971379381020733	0.5405308555249889	0.5391067232927222	0.5419549877572556	0.5385912494219545
+I+R4	3.0	1000	null_heldout	nominal	10000	0.048	1.0	-0.952	-0.9562	-0.9477	0	9520	0.048	-5.360393870963797	-5.362504819243441	-5.358282922684154	-5.360674979353162	-5.4997888897809055	-5.222865588897143	-5.360393870963796	-5.36250481924344	-5.358282922684153	-5.360674979353162
+I+R4	3.0	1000	alternative	nominal	20000	1.0	1.0	0.0	0.0	0.0	0	0	1.0	-4.391395225650104	-4.39280223618271	-4.389988215117498	-4.392923720772452	-4.520623976352401	-4.260193633629013	-4.391395225650103	-4.3928022361827095	-4.389988215117497	-4.392923720772451
+I+R4	3.0	1000	null_heldout	calibrated	10000	0.0498	0.0498	0.0	-0.0014	0.0013	24	24	0.9952	-5.360393870963797	-5.362504819243441	-5.358282922684154	-5.360674979353162	-5.4997888897809055	-5.222865588897143	-0.12737335531707009	-0.12948430359671384	-0.12526240703742633	-0.1276544637064343
+I+R4	3.0	1000	alternative	calibrated	20000	1.0	1.0	0.0	0.0	0.0	0	0	1.0	-4.391395225650104	-4.39280223618271	-4.389988215117498	-4.392923720772452	-4.520623976352401	-4.260193633629013	0.8416252899966224	0.840218279464016	0.843032300529229	0.8400967948742748
+I+R4	3.0	5000	null_heldout	nominal	10000	0.0464	1.0	-0.9536	-0.9577	-0.9494	0	9536	0.0464	-11.98659524429016	-11.988728476511909	-11.984462012068413	-11.984751049014449	-12.1266010076286	-11.847008160073102	-11.986595244290163	-11.98872847651191	-11.984462012068414	-11.98475104901445
+I+R4	3.0	5000	alternative	nominal	20000	1.0	1.0	0.0	0.0	0.0	0	0	1.0	-9.82619354411675	-9.82760096809731	-9.82478612013619	-9.826237136937593	-9.955335220216929	-9.697925639584108	-9.82619354411675	-9.82760096809731	-9.82478612013619	-9.826237136937594
+I+R4	3.0	5000	null_heldout	calibrated	10000	0.0432	0.0436	-0.0003999999999999976	-0.0018	0.001	22	26	0.9952	-11.98659524429016	-11.988728476511909	-11.984462012068413	-11.984751049014449	-12.1266010076286	-11.847008160073102	-0.13228547452751435	-0.13441870674926285	-0.13015224230576586	-0.1304412792518015
+I+R4	3.0	5000	alternative	calibrated	20000	1.0	1.0	0.0	0.0	0.0	0	0	1.0	-9.82619354411675	-9.82760096809731	-9.82478612013619	-9.826237136937593	-9.955335220216929	-9.697925639584108	2.028116225645899	2.0267088016653405	2.0295236496264577	2.0280726328250562
+I+R4	3.0	10000	null_heldout	nominal	10000	0.0489	1.0	-0.9511000000000001	-0.9553	-0.9467	0	9511	0.0489	-16.95146965289202	-16.95359983819024	-16.9493394675938	-16.951635364210354	-17.090379269112262	-16.81245721082555	-16.95146965289202	-16.95359983819024	-16.9493394675938	-16.951635364210354
+I+R4	3.0	10000	alternative	nominal	20000	1.0	1.0	0.0	0.0	0.0	0	0	1.0	-13.896109222316392	-13.897512165220913	-13.89470627941187	-13.896798435157528	-14.025602533574704	-13.764587589540572	-13.8961092223164	-13.89751216522092	-13.894706279411878	-13.89679843515753
+I+R4	3.0	10000	null_heldout	calibrated	10000	0.0484	0.0481	0.00030000000000000165	-0.0011	0.0017	26	23	0.9951	-16.95146965289202	-16.95359983819024	-16.9493394675938	-16.951635364210354	-17.090379269112262	-16.81245721082555	-0.12853963790213893	-0.13066982320035855	-0.1264094526039193	-0.12870534922047305
+I+R4	3.0	10000	alternative	calibrated	20000	1.0	1.0	0.0	0.0	0.0	0	0	1.0	-13.896109222316392	-13.897512165220913	-13.89470627941187	-13.896798435157528	-14.025602533574704	-13.764587589540572	2.9268207926734893	2.9254178497689676	2.928223735578011	2.9261315798323544
+I+R4	4.0	100	null_heldout	nominal	10000	0.0451	0.521	-0.4759	-0.4857	-0.4665	0	4759	0.5241	-1.6900382713699775	-1.69227918149218	-1.687797361247775	-1.6852739817374722	-1.8382111316231358	-1.548779864249504	-1.690038271369978	-1.6922791814921805	-1.6877973612477755	-1.6852739817374724
+I+R4	4.0	100	alternative	nominal	20000	0.9726	0.9998	-0.027200000000000002	-0.0295	-0.02505	0	544	0.9728	-1.4208406749712537	-1.422310310042019	-1.4193710399004884	-1.4256674404293053	-1.5526404792787363	-1.2815210394574226	-1.4208406749712539	-1.4223103100420191	-1.4193710399004886	-1.4256674404293055
+I+R4	4.0	100	null_heldout	calibrated	10000	0.0481	0.0493	-0.0011999999999999997	-0.0027	0.0004	26	38	0.9936	-1.6900382713699775	-1.69227918149218	-1.687797361247775	-1.6852739817374722	-1.8382111316231358	-1.548779864249504	-0.1404809066120312	-0.14272181673423376	-0.13823999648982863	-0.13571661697952586
+I+R4	4.0	100	alternative	calibrated	20000	0.9748	0.974	0.0008000000000000229	-0.0001	0.0017012500000000044	49	33	0.9959	-1.4208406749712537	-1.422310310042019	-1.4193710399004884	-1.4256674404293053	-1.5526404792787363	-1.2815210394574226	0.12871668978669273	0.12724705471592757	0.1301863248574579	0.12388992432864132
+I+R4	4.0	500	null_heldout	nominal	10000	0.0473	0.9875	-0.9402	-0.9448025	-0.9354	0	9402	0.0598	-3.7893839979023176	-3.7915927799166327	-3.7871752158880025	-3.789179604782946	-3.931942972855446	-3.6458656475601585	-3.7893839979023176	-3.7915927799166327	-3.7871752158880025	-3.7891796047829454
+I+R4	4.0	500	alternative	nominal	20000	1.0	1.0	0.0	0.0	0.0	0	0	1.0	-3.187826007280339	-3.189283355020049	-3.1863686595406286	-3.1900503424459963	-3.320654293385746	-3.0511090246035057	-3.187826007280339	-3.189283355020049	-3.1863686595406286	-3.1900503424459963
+I+R4	4.0	500	null_heldout	calibrated	10000	0.0505	0.0504	0.00010000000000000286	-0.0014	0.0016	31	30	0.9939	-3.7893839979023176	-3.7915927799166327	-3.7871752158880025	-3.789179604782946	-3.931942972855446	-3.6458656475601585	-0.12444862857924002	-0.12665741059355515	-0.12223984656492491	-0.12424423545986807
+I+R4	4.0	500	alternative	calibrated	20000	1.0	1.0	0.0	0.0	0.0	0	0	1.0	-3.187826007280339	-3.189283355020049	-3.1863686595406286	-3.1900503424459963	-3.320654293385746	-3.0511090246035057	0.47710936204273896	0.4756520143030286	0.4785667097824493	0.47488502687708145
+I+R4	4.0	1000	null_heldout	nominal	10000	0.0489	1.0	-0.9511000000000001	-0.9554	-0.947	0	9511	0.0489	-5.359464191507019	-5.36164830486458	-5.357280078149458	-5.358458693334904	-5.502565637704214	-5.217945419001654	-5.359464191507018	-5.3616483048645796	-5.357280078149457	-5.358458693334904
+I+R4	4.0	1000	alternative	nominal	20000	1.0	1.0	0.0	0.0	0.0	0	0	1.0	-4.512016673178274	-4.513484135417089	-4.510549210939459	-4.514017978921282	-4.646567855495301	-4.374534691788119	-4.512016673178273	-4.513484135417088	-4.510549210939458	-4.514017978921281
+I+R4	4.0	1000	null_heldout	calibrated	10000	0.0463	0.0459	0.0003999999999999976	-0.0011	0.0019	32	28	0.994	-5.359464191507019	-5.36164830486458	-5.357280078149458	-5.358458693334904	-5.502565637704214	-5.217945419001654	-0.13744420484757924	-0.13962831820514063	-0.13526009149001786	-0.13643870667546443
+I+R4	4.0	1000	alternative	calibrated	20000	1.0	1.0	0.0	0.0	0.0	0	0	1.0	-4.512016673178274	-4.513484135417089	-4.510549210939459	-4.514017978921282	-4.646567855495301	-4.374534691788119	0.7100033134811662	0.7085358512423507	0.7114707757199816	0.7080020077381581
+I+R4	4.0	5000	null_heldout	nominal	10000	0.0479	1.0	-0.9521	-0.9562025000000001	-0.9481	0	9521	0.0479	-11.983691735769629	-11.985893867325807	-11.98148960421345	-11.983004364003081	-12.127369275780282	-11.840279163148441	-11.98369173576963	-11.985893867325808	-11.981489604213452	-11.983004364003083
+I+R4	4.0	5000	alternative	nominal	20000	1.0	1.0	0.0	0.0	0.0	0	0	1.0	-10.093530608108248	-10.094986453350822	-10.092074762865673	-10.093201459451176	-10.227979066607565	-9.959845177069711	-10.093530608108248	-10.094986453350822	-10.092074762865673	-10.093201459451178
+I+R4	4.0	5000	null_heldout	calibrated	10000	0.049	0.048	0.0010000000000000009	-0.0004	0.0025	32	22	0.9946	-11.983691735769629	-11.985893867325807	-11.98148960421345	-11.983004364003081	-12.127369275780282	-11.840279163148441	-0.12954136481178635	-0.13174349636796462	-0.1273392332556081	-0.12885399304523926
+I+R4	4.0	5000	alternative	calibrated	20000	1.0	1.0	0.0	0.0	0.0	0	0	1.0	-10.093530608108248	-10.094986453350822	-10.092074762865673	-10.093201459451176	-10.227979066607565	-9.959845177069711	1.760619762849596	1.7591639176070215	1.7620756080921707	1.7609489115066648
+I+R4	4.0	10000	null_heldout	nominal	10000	0.0515	1.0	-0.9485	-0.9528	-0.9443	0	9485	0.0515	-16.950222157734174	-16.952407235999924	-16.948037079468424	-16.95224187833721	-17.09275819597631	-16.80642185102788	-16.950222157734174	-16.952407235999924	-16.948037079468424	-16.95224187833721
+I+R4	4.0	10000	alternative	nominal	20000	1.0	1.0	0.0	0.0	0.0	0	0	1.0	-14.275197332312175	-14.276641438365296	-14.273753226259053	-14.27597487698803	-14.407175370430993	-14.142186792647594	-14.275197332312178	-14.2766414383653	-14.273753226259057	-14.275974876988032
+I+R4	4.0	10000	null_heldout	calibrated	10000	0.0544	0.0557	-0.0013000000000000025	-0.0031	0.0005	34	47	0.9919	-16.950222157734174	-16.952407235999924	-16.948037079468424	-16.95224187833721	-17.09275819597631	-16.80642185102788	-0.1327471283747283	-0.13493220664047734	-0.13056205010897926	-0.13476684897776714
+I+R4	4.0	10000	alternative	calibrated	20000	1.0	1.0	0.0	0.0	0.0	0	0	1.0	-14.275197332312175	-14.276641438365296	-14.273753226259053	-14.27597487698803	-14.407175370430993	-14.142186792647594	2.5422776970472705	2.5408335909941493	2.5437218031003916	2.541500152371416
+I+R4	5.0	100	null_heldout	nominal	10000	0.0448	0.523	-0.4782	-0.4883	-0.4684	0	4782	0.5218	-1.6873593801455427	-1.689687904592908	-1.6850308556981772	-1.6867628967213517	-1.8379720028552466	-1.5374987908190643	-1.6873593801455422	-1.6896879045929076	-1.6850308556981768	-1.6867628967213517
+I+R4	5.0	100	alternative	nominal	20000	0.9267	0.9989	-0.07220000000000004	-0.0758	-0.06864875	0	1444	0.9278	-1.4471115025745531	-1.4486727709657383	-1.445550234183368	-1.4517310475461074	-1.5879815442182852	-1.3005181070617207	-1.4471115025745531	-1.4486727709657383	-1.445550234183368	-1.4517310475461074
+I+R4	5.0	100	null_heldout	calibrated	10000	0.0513	0.0516	-0.00030000000000000165	-0.0021	0.0014	38	41	0.9921	-1.6873593801455427	-1.689687904592908	-1.6850308556981772	-1.6867628967213517	-1.8379720028552466	-1.5374987908190643	-0.1208009411835198	-0.12312946563088531	-0.1184724167361543	-0.12020445775932886
+I+R4	5.0	100	alternative	calibrated	20000	0.9352	0.93265	0.0025500000000000522	0.00125	0.00385	119	68	0.99065	-1.4471115025745531	-1.4486727709657383	-1.445550234183368	-1.4517310475461074	-1.5879815442182852	-1.3005181070617207	0.11944693638746953	0.11788566799628433	0.12100820477865473	0.11482739141591525
+I+R4	5.0	500	null_heldout	nominal	10000	0.05	0.9877	-0.9377	-0.9423	-0.9331	0	9377	0.0623	-3.7861325132960597	-3.788449733038852	-3.7838152935532676	-3.7861635982413535	-3.9383943895163775	-3.6346191819431257	-3.7861325132960597	-3.788449733038852	-3.7838152935532676	-3.786163598241353
+I+R4	5.0	500	alternative	nominal	20000	1.0	1.0	0.0	0.0	0.0	0	0	1.0	-3.2495622553776613	-3.251098465591514	-3.2480260451638086	-3.2516806066198702	-3.391712494284744	-3.1072597984631467	-3.2495622553776613	-3.251098465591514	-3.2480260451638086	-3.2516806066198702
+I+R4	5.0	500	null_heldout	calibrated	10000	0.0526	0.0537	-0.0010999999999999968	-0.0028	0.0006	31	42	0.9927	-3.7861325132960597	-3.788449733038852	-3.7838152935532676	-3.7861635982413535	-3.9383943895163775	-3.6346191819431257	-0.12685928968241272	-0.12917650942520487	-0.12454206993962058	-0.12689037462770658
+I+R4	5.0	500	alternative	calibrated	20000	1.0	1.0	0.0	0.0	0.0	0	0	1.0	-3.2495622553776613	-3.251098465591514	-3.2480260451638086	-3.2516806066198702	-3.391712494284744	-3.1072597984631467	0.4097109682359862	0.4081747580221334	0.411247178449839	0.40759261699377713
+I+R4	5.0	1000	null_heldout	nominal	10000	0.0481	1.0	-0.9519	-0.956	-0.9476	0	9519	0.0481	-5.356078197720099	-5.3583981422697615	-5.353758253170437	-5.35552275935812	-5.508296368079359	-5.206283445864159	-5.356078197720099	-5.3583981422697615	-5.353758253170437	-5.35552275935812
+I+R4	5.0	1000	alternative	nominal	20000	1.0	1.0	0.0	0.0	0.0	0	0	1.0	-4.600668746991355	-4.60219867343685	-4.59913882054586	-4.601925578906612	-4.741705325552871	-4.459694488906376	-4.600668746991355	-4.60219867343685	-4.59913882054586	-4.601925578906611
+I+R4	5.0	1000	null_heldout	calibrated	10000	0.0522	0.053	-0.0007999999999999952	-0.0025	0.0009	33	41	0.9926	-5.356078197720099	-5.3583981422697615	-5.353758253170437	-5.35552275935812	-5.508296368079359	-5.206283445864159	-0.131172118282164	-0.13349206283182657	-0.1288521737325014	-0.13061667992018444
+I+R4	5.0	1000	alternative	calibrated	20000	1.0	1.0	0.0	0.0	0.0	0	0	1.0	-4.600668746991355	-4.60219867343685	-4.59913882054586	-4.601925578906612	-4.741705325552871	-4.459694488906376	0.6242373324465796	0.6227074060010847	0.6257672588920746	0.6229805005313223
+I+R4	5.0	5000	null_heldout	nominal	10000	0.0499	1.0	-0.9501	-0.9544	-0.9459	0	9501	0.0499	-11.982451758623371	-11.984741967855035	-11.980161549391708	-11.982205071113054	-12.13301304374226	-11.833724766791098	-11.982451758623371	-11.984741967855035	-11.980161549391708	-11.982205071113054
+I+R4	5.0	5000	alternative	nominal	20000	1.0	1.0	0.0	0.0	0.0	0	0	1.0	-10.287730643580256	-10.28926215807989	-10.286199129080622	-10.288188784844053	-10.42979169168884	-10.146007907835239	-10.287730643580257	-10.289262158079891	-10.286199129080623	-10.288188784844055
+I+R4	5.0	5000	null_heldout	calibrated	10000	0.0506	0.05	0.0005999999999999964	-0.001	0.0022	38	32	0.993	-11.982451758623371	-11.984741967855035	-11.980161549391708	-11.982205071113054	-12.13301304374226	-11.833724766791098	-0.12647683110018965	-0.12876704033185246	-0.12418662186852683	-0.12623014358987295
+I+R4	5.0	5000	alternative	calibrated	20000	1.0	1.0	0.0	0.0	0.0	0	0	1.0	-10.287730643580256	-10.28926215807989	-10.286199129080622	-10.288188784844053	-10.42979169168884	-10.146007907835239	1.5682442839429238	1.5667127694432892	1.5697757984425584	1.567786142679127
+I+R4	5.0	10000	null_heldout	nominal	10000	0.0486	1.0	-0.9514	-0.9555	-0.9471	0	9514	0.0486	-16.948116757715187	-16.950423511746557	-16.945810003683818	-16.949408904527143	-17.098951661965923	-16.795471332358613	-16.948116757715187	-16.950423511746557	-16.945810003683818	-16.94940890452714
+I+R4	5.0	10000	alternative	nominal	20000	1.0	1.0	0.0	0.0	0.0	0	0	1.0	-14.549862367826666	-14.551389701622503	-14.54833503403083	-14.549762873419535	-14.691339772581516	-14.40989818226902	-14.549862367826668	-14.551389701622504	-14.548335034030831	-14.549762873419537
+I+R4	5.0	10000	null_heldout	calibrated	10000	0.0491	0.0495	-0.0004000000000000045	-0.0021	0.0013	37	41	0.9922	-16.948116757715187	-16.950423511746557	-16.945810003683818	-16.949408904527143	-17.098951661965923	-16.795471332358613	-0.1390697602041339	-0.14137651423550357	-0.1367630061727642	-0.1403619070160893
+I+R4	5.0	10000	alternative	calibrated	20000	1.0	1.0	0.0	0.0	0.0	0	0	1.0	-14.549862367826666	-14.551389701622503	-14.54833503403083	-14.549762873419535	-14.691339772581516	-14.40989818226902	2.2591846296843867	2.25765729588855	2.2607119634802233	2.2592841240915185
+I+R4	7.5	100	null_heldout	nominal	10000	0.0465	0.5139	-0.46740000000000004	-0.4773	-0.4577	0	4674	0.5326	-1.686015785722536	-1.6887238014306258	-1.683307770014446	-1.6856329067766174	-1.8629203695160192	-1.5082682241634082	-1.686015785722536	-1.6887238014306258	-1.683307770014446	-1.6856329067766171
+I+R4	7.5	100	alternative	nominal	20000	0.735	0.989	-0.254	-0.26000125	-0.2479	0	5080	0.746	-1.4930357331123127	-1.4949113699856684	-1.491160096238957	-1.4978051003675583	-1.6632055092239297	-1.316798056606511	-1.4930357331123127	-1.4949113699856684	-1.491160096238957	-1.4978051003675585
+I+R4	7.5	100	null_heldout	calibrated	10000	0.0523	0.0504	0.001899999999999999	-0.0001	0.0038	58	39	0.9903	-1.686015785722536	-1.6887238014306258	-1.683307770014446	-1.6856329067766174	-1.8629203695160192	-1.5082682241634082	-0.11454967687342185	-0.11725769258151178	-0.11184166116533192	-0.1141667979275034
+I+R4	7.5	100	alternative	calibrated	20000	0.75105	0.7424	0.008650000000000047	0.00625	0.0111	395	222	0.96915	-1.4930357331123127	-1.4949113699856684	-1.491160096238957	-1.4978051003675583	-1.6632055092239297	-1.316798056606511	0.07843037573680131	0.07655473886344573	0.0803060126101569	0.07366100848155588
+I+R4	7.5	500	null_heldout	nominal	10000	0.0463	0.9898	-0.9435	-0.948	-0.9390975	0	9435	0.0565	-3.783799464460989	-3.786457054909912	-3.7811418740120657	-3.782148908957301	-3.9576092402506107	-3.6099434489583104	-3.783799464460989	-3.786457054909912	-3.7811418740120657	-3.782148908957301
+I+R4	7.5	500	alternative	nominal	20000	0.99985	1.0	-0.00014999999999998348	-0.00035	0.0	0	3	0.99985	-3.3548925430106102	-3.3567415002094148	-3.3530435858118057	-3.356264234946718	-3.5250704147335883	-3.1838479378531246	-3.3548925430106102	-3.3567415002094148	-3.3530435858118057	-3.356264234946718
+I+R4	7.5	500	null_heldout	calibrated	10000	0.0487	0.0499	-0.0011999999999999997	-0.0031	0.0007	38	50	0.9912	-3.783799464460989	-3.786457054909912	-3.7811418740120657	-3.782148908957301	-3.9576092402506107	-3.6099434489583104	-0.12154707918492022	-0.12420466963384352	-0.11888948873599692	-0.11989652368123105
+I+R4	7.5	500	alternative	calibrated	20000	0.99985	0.99975	9.999999999998899e-05	0.0	0.00025	2	0	0.9999	-3.3548925430106102	-3.3567415002094148	-3.3530435858118057	-3.356264234946718	-3.5250704147335883	-3.1838479378531246	0.30735984226545915	0.3055108850666546	0.3092087994642637	0.30598815032935134
+I+R4	7.5	1000	null_heldout	nominal	10000	0.0469	1.0	-0.9531000000000001	-0.9573	-0.949	0	9531	0.0469	-5.35303756234233	-5.355691761777089	-5.3503833629075706	-5.354270808132198	-5.527633115379116	-5.180851346346634	-5.35303756234233	-5.355691761777089	-5.3503833629075706	-5.354270808132198
+I+R4	7.5	1000	alternative	nominal	20000	1.0	1.0	0.0	0.0	0.0	0	0	1.0	-4.747197856913146	-4.749048988646217	-4.745346725180075	-4.747417227317726	-4.916450237388089	-4.575390591107261	-4.747197856913146	-4.749048988646217	-4.745346725180075	-4.747417227317726
+I+R4	7.5	1000	null_heldout	calibrated	10000	0.0502	0.0493	0.000900000000000005	-0.0009	0.0027	46	37	0.9917	-5.35303756234233	-5.355691761777089	-5.3503833629075706	-5.354270808132198	-5.527633115379116	-5.180851346346634	-0.12165579597944404	-0.12430999541420303	-0.11900159654468505	-0.12288904176931181
+I+R4	7.5	1000	alternative	calibrated	20000	1.0	1.0	0.0	0.0	0.0	0	0	1.0	-4.747197856913146	-4.749048988646217	-4.745346725180075	-4.747417227317726	-4.916450237388089	-4.575390591107261	0.48418390944974027	0.482332777716669	0.48603504118281154	0.4839645390451599
+I+R4	7.5	5000	null_heldout	nominal	10000	0.0479	1.0	-0.9521	-0.9563	-0.9477	0	9521	0.0479	-11.974151037946005	-11.976794834461227	-11.971507241430782	-11.97425682012151	-12.147800112876867	-11.801161350978157	-11.974151037946005	-11.976794834461227	-11.971507241430782	-11.974256820121512
+I+R4	7.5	5000	alternative	nominal	20000	1.0	1.0	0.0	0.0	0.0	0	0	1.0	-10.615366835575607	-10.617229279569697	-10.613504391581516	-10.617446316876995	-10.785604899853332	-10.443810691073212	-10.615366835575607	-10.617229279569697	-10.613504391581516	-10.617446316876995
+I+R4	7.5	5000	null_heldout	calibrated	10000	0.0487	0.0484	0.00030000000000000165	-0.0016	0.0022	47	44	0.9909	-11.974151037946005	-11.976794834461227	-11.971507241430782	-11.97425682012151	-12.147800112876867	-11.801161350978157	-0.12903255654786913	-0.13167635306309103	-0.12638876003264723	-0.12913833872337666
+I+R4	7.5	5000	alternative	calibrated	20000	1.0	1.0	0.0	0.0	0.0	0	0	1.0	-10.615366835575607	-10.617229279569697	-10.613504391581516	-10.617446316876995	-10.785604899853332	-10.443810691073212	1.229751645822529	1.2278892018284384	1.2316140898166197	1.22767216452114
+I+R4	7.5	10000	null_heldout	nominal	10000	0.0479	1.0	-0.9521	-0.9562	-0.948	0	9521	0.0479	-16.939141101484655	-16.941811687743037	-16.936470515226272	-16.939059647249685	-17.115535797173152	-16.763800179804786	-16.939141101484655	-16.941811687743037	-16.936470515226272	-16.93905964724968
+I+R4	7.5	10000	alternative	nominal	20000	1.0	1.0	0.0	0.0	0.0	0	0	1.0	-15.012112408899213	-15.013953656539691	-15.010271161258736	-15.012633962582205	-15.183644899327826	-14.841394296888195	-15.012112408899213	-15.013953656539691	-15.010271161258736	-15.012633962582207
+I+R4	7.5	10000	null_heldout	calibrated	10000	0.0504	0.0508	-0.0003999999999999976	-0.0023	0.0015	46	50	0.9904	-16.939141101484655	-16.941811687743037	-16.936470515226272	-16.939059647249685	-17.115535797173152	-16.763800179804786	-0.1251257584526103	-0.12779634471099174	-0.12245517219422883	-0.1250443042176368
+I+R4	7.5	10000	alternative	calibrated	20000	1.0	1.0	0.0	0.0	0.0	0	0	1.0	-15.012112408899213	-15.013953656539691	-15.010271161258736	-15.012633962582205	-15.183644899327826	-14.841394296888195	1.801902934132835	1.8000616864923569	1.803744181773313	1.8013813804498415
+I+R4	10.0	100	null_heldout	nominal	10000	0.0471	0.5126	-0.4654999999999999	-0.47510250000000004	-0.4557	0	4655	0.5345	-1.6829167094953503	-1.686179748142281	-1.6796536708484195	-1.6844649511404222	-1.896824000705432	-1.471836640979256	-1.6829167094953503	-1.686179748142281	-1.6796536708484195	-1.6844649511404222
+I+R4	10.0	100	alternative	nominal	20000	0.5474	0.9624	-0.41500000000000004	-0.4221	-0.40814875	0	8300	0.585	-1.5190527927932478	-1.5213974841901368	-1.5167081013963588	-1.5266541172817276	-1.7291533026454549	-1.2995613078579327	-1.519052792793248	-1.521397484190137	-1.516708101396359	-1.5266541172817276
+I+R4	10.0	100	null_heldout	calibrated	10000	0.0549	0.0533	0.0015999999999999973	-0.0005	0.0037	68	52	0.988	-1.6829167094953503	-1.686179748142281	-1.6796536708484195	-1.6844649511404222	-1.896824000705432	-1.471836640979256	-0.11158244808645795	-0.11484548673338878	-0.10831940943952713	-0.11313068973152962
+I+R4	10.0	100	alternative	calibrated	20000	0.57295	0.5576	0.015349999999999975	0.01215	0.01865	671	364	0.94825	-1.5190527927932478	-1.5213974841901368	-1.5167081013963588	-1.5266541172817276	-1.7291533026454549	-1.2995613078579327	0.05228146861564452	0.04993677721875552	0.054626160012533516	0.04468014412716492
+I+R4	10.0	500	null_heldout	nominal	10000	0.0484	0.9881	-0.9397	-0.9443	-0.9352	0	9397	0.0603	-3.7801771140932106	-3.783356266205814	-3.7769979619806073	-3.779957433535744	-3.987621303529909	-3.574051067326489	-3.7801771140932106	-3.783356266205814	-3.7769979619806073	-3.7799574335357438
+I+R4	10.0	500	alternative	nominal	20000	0.98835	1.0	-0.01165000000000005	-0.01315	-0.01015	0	233	0.98835	-3.4183619472730227	-3.420678438931143	-3.4160454556149022	-3.4204339683067206	-3.6309371302633164	-3.203290079336726	-3.4183619472730227	-3.420678438931143	-3.4160454556149022	-3.4204339683067206
+I+R4	10.0	500	null_heldout	calibrated	10000	0.0457	0.0479	-0.0022000000000000006	-0.0045	0.0	55	77	0.9868	-3.7801771140932106	-3.783356266205814	-3.7769979619806073	-3.779957433535744	-3.987621303529909	-3.574051067326489	-0.1435030032531071	-0.14668215536571014	-0.14032385114050408	-0.1432833226956407
+I+R4	10.0	500	alternative	calibrated	20000	0.98805	0.98705	0.0010000000000000009	0.00015	0.0019	48	28	0.9962	-3.4183619472730227	-3.420678438931143	-3.4160454556149022	-3.4204339683067206	-3.6309371302633164	-3.203290079336726	0.21831216356708055	0.21599567190896027	0.22062865522520084	0.21624014253338286
+I+R4	10.0	1000	null_heldout	nominal	10000	0.0502	1.0	-0.9498	-0.9539	-0.9455	0	9498	0.0502	-5.349269857738008	-5.352515372206068	-5.346024343269948	-5.349351807907475	-5.560736199237421	-5.137799274345615	-5.349269857738007	-5.352515372206067	-5.3460243432699475	-5.349351807907475
+I+R4	10.0	1000	alternative	nominal	20000	0.99995	1.0	-4.999999999999449e-05	-0.00015	0.0	0	1	0.99995	-4.837860351498111	-4.840201286356675	-4.8355194166395465	-4.8401595272611875	-5.052077268152526	-4.619982568571756	-4.837860351498111	-4.840201286356675	-4.8355194166395465	-4.8401595272611875
+I+R4	10.0	1000	null_heldout	calibrated	10000	0.053	0.0507	0.0022999999999999965	0.0	0.0046	79	56	0.9865	-5.349269857738008	-5.352515372206068	-5.346024343269948	-5.349351807907475	-5.560736199237421	-5.137799274345615	-0.12821066867139203	-0.1314561831394518	-0.12496515420333226	-0.12829261884085907
+I+R4	10.0	1000	alternative	calibrated	20000	0.99995	1.0	-4.999999999999449e-05	-0.00015	0.0	0	1	0.99995	-4.837860351498111	-4.840201286356675	-4.8355194166395465	-4.8401595272611875	-5.052077268152526	-4.619982568571756	0.3831988375685055	0.3808579027099413	0.38553977242706966	0.38089966180542856
+I+R4	10.0	5000	null_heldout	nominal	10000	0.0527	1.0	-0.9473	-0.9518	-0.9429	0	9473	0.0527	-11.965060933661318	-11.968280335527883	-11.961841531794754	-11.96613441004926	-12.175977964888695	-11.754383260388954	-11.96506093366132	-11.968280335527885	-11.961841531794756	-11.96613441004926
+I+R4	10.0	5000	alternative	nominal	20000	1.0	1.0	0.0	0.0	0.0	0	0	1.0	-10.82500418885603	-10.827323503166106	-10.822684874545953	-10.826004268315362	-11.039572671816499	-10.609369421027491	-10.82500418885603	-10.827323503166106	-10.822684874545953	-10.826004268315362
+I+R4	10.0	5000	null_heldout	calibrated	10000	0.0553	0.0559	-0.0005999999999999964	-0.0029	0.0015	65	71	0.9864	-11.965060933661318	-11.968280335527883	-11.961841531794754	-11.96613441004926	-12.175977964888695	-11.754383260388954	-0.1256357911914073	-0.12885519305797125	-0.12241638932484336	-0.12670926757934797
+I+R4	10.0	5000	alternative	calibrated	20000	1.0	1.0	0.0	0.0	0.0	0	0	1.0	-10.82500418885603	-10.827323503166106	-10.822684874545953	-10.826004268315362	-11.039572671816499	-10.609369421027491	1.014420953613882	1.0121016393038054	1.0167402679239586	1.0134208741545505
+I+R4	10.0	10000	null_heldout	nominal	10000	0.0497	1.0	-0.9503	-0.9546	-0.946	0	9503	0.0497	-16.92471355830758	-16.92793879286575	-16.92148832374941	-16.925437158237337	-17.13512536659835	-16.713124904456777	-16.92471355830758	-16.92793879286575	-16.92148832374941	-16.925437158237333
+I+R4	10.0	10000	alternative	nominal	20000	1.0	1.0	0.0	0.0	0.0	0	0	1.0	-15.31061927309496	-15.312942038776349	-15.308296507413573	-15.310853050439999	-15.524045294699603	-15.095435868252169	-15.31061927309496	-15.312942038776349	-15.308296507413573	-15.31085305044
+I+R4	10.0	10000	null_heldout	calibrated	10000	0.0505	0.0486	0.0019000000000000059	-0.0002	0.004	68	49	0.9883	-16.92471355830758	-16.92793879286575	-16.92148832374941	-16.925437158237337	-17.13512536659835	-16.713124904456777	-0.12809451348723475	-0.1313197480454039	-0.12486927892906562	-0.12881811341699034
+I+R4	10.0	10000	alternative	calibrated	20000	1.0	1.0	0.0	0.0	0.0	0	0	1.0	-15.31061927309496	-15.312942038776349	-15.308296507413573	-15.310853050439999	-15.524045294699603	-15.095435868252169	1.4859997717253839	1.4836770060439952	1.4883225374067726	1.4857659943803476
+I+R4	12.5	100	null_heldout	nominal	10000	0.0448	0.5111	-0.4663	-0.4763025	-0.4566	0	4663	0.5337	-1.6774037750990949	-1.6814098096502221	-1.6733977405479676	-1.684564885633271	-1.9339114903103358	-1.4138360993700194	-1.6774037750990949	-1.6814098096502221	-1.6733977405479676	-1.684564885633271
+I+R4	12.5	100	alternative	nominal	20000	0.38725	0.91625	-0.529	-0.536	-0.5223	0	10580	0.471	-1.5370032878001352	-1.5399448900483677	-1.5340616855519027	-1.543949136903578	-1.8034501820849604	-1.2608500398180877	-1.5370032878001352	-1.5399448900483677	-1.5340616855519027	-1.543949136903578
+I+R4	12.5	100	null_heldout	calibrated	10000	0.0496	0.0506	-0.0010000000000000009	-0.0037	0.0017	89	99	0.9812	-1.6774037750990949	-1.6814098096502221	-1.6733977405479676	-1.684564885633271	-1.9339114903103358	-1.4138360993700194	-0.1409781443230165	-0.14498417887414378	-0.13697210977188923	-0.14813925485719248
+I+R4	12.5	100	alternative	calibrated	20000	0.409	0.4012	0.007799999999999974	0.0042	0.0115	745	589	0.9333	-1.5370032878001352	-1.5399448900483677	-1.5340616855519027	-1.543949136903578	-1.8034501820849604	-1.2608500398180877	-0.0005776570240568351	-0.003519259272289258	0.0023639452241755875	-0.007523506127499413
+I+R4	12.5	500	null_heldout	nominal	10000	0.0483	0.9862	-0.9379	-0.9426	-0.9331	0	9379	0.0621	-3.777251702149524	-3.78123983870876	-3.773263565590288	-3.7789622774800957	-4.034452591223406	-3.5139434523208726	-3.777251702149524	-3.78123983870876	-3.773263565590288	-3.7789622774800957
+I+R4	12.5	500	alternative	nominal	20000	0.92175	1.0	-0.07825000000000004	-0.08195	-0.0745	0	1565	0.92175	-3.467076466222695	-3.469990113371128	-3.464162819074262	-3.4701718570283635	-3.73213527953648	-3.1942006195663746	-3.467076466222695	-3.469990113371128	-3.464162819074262	-3.470171857028363
+I+R4	12.5	500	null_heldout	calibrated	10000	0.0509	0.0516	-0.0006999999999999992	-0.0033	0.0018	82	89	0.9829	-3.777251702149524	-3.78123983870876	-3.773263565590288	-3.7789622774800957	-4.034452591223406	-3.5139434523208726	-0.1415434563942163	-0.14553159295345233	-0.1375553198349803	-0.14325403172478834
+I+R4	12.5	500	alternative	calibrated	20000	0.9252	0.9171	0.008099999999999996	0.00605	0.0102	311	149	0.977	-3.467076466222695	-3.469990113371128	-3.464162819074262	-3.4701718570283635	-3.73213527953648	-3.1942006195663746	0.1686317795326122	0.16571813238417926	0.17154542668104517	0.16553638872694432
+I+R4	12.5	1000	null_heldout	nominal	10000	0.0468	0.9999	-0.9531000000000001	-0.9573	-0.9488	0	9531	0.0469	-5.342382639258519	-5.34639473335755	-5.338370545159488	-5.343605882786738	-5.600933175601211	-5.081715224859956	-5.342382639258518	-5.346394733357549	-5.338370545159487	-5.343605882786738
+I+R4	12.5	1000	alternative	nominal	20000	0.9965	1.0	-0.0034999999999999476	-0.00435	-0.0027	0	70	0.9965	-4.902623120568416	-4.9055465611742965	-4.899699679962535	-4.904920602071957	-5.1718777987885405	-4.630899807009349	-4.902623120568416	-4.9055465611742965	-4.899699679962535	-4.904920602071957
+I+R4	12.5	1000	null_heldout	calibrated	10000	0.0469	0.0459	0.000999999999999994	-0.0012	0.0034	78	68	0.9854	-5.342382639258519	-5.34639473335755	-5.338370545159488	-5.343605882786738	-5.600933175601211	-5.081715224859956	-0.14139753252326726	-0.14540962662229817	-0.13738543842423634	-0.14262077605148704
+I+R4	12.5	1000	alternative	calibrated	20000	0.99655	0.99555	0.0010000000000000009	0.0005	0.0016	26	6	0.9984	-4.902623120568416	-4.9055465611742965	-4.899699679962535	-4.904920602071957	-5.1718777987885405	-4.630899807009349	0.29836198616683557	0.2954385455609548	0.30128542677271636	0.2960645046632937
+I+R4	12.5	5000	null_heldout	nominal	10000	0.0503	1.0	-0.9497	-0.954	-0.9453	0	9497	0.0503	-11.956654301534225	-11.960657030084253	-11.952651572984198	-11.95472965529102	-12.216275633886223	-11.697515315927848	-11.956654301534225	-11.960657030084253	-11.952651572984198	-11.95472965529102
+I+R4	12.5	5000	alternative	nominal	20000	1.0	1.0	0.0	0.0	0.0	0	0	1.0	-10.97747530168753	-10.980356508280789	-10.974594095094272	-10.980520983280808	-11.244858568958819	-10.707302539245498	-10.97747530168753	-10.980356508280789	-10.974594095094272	-10.980520983280808
+I+R4	12.5	5000	null_heldout	calibrated	10000	0.0497	0.0472	0.0025000000000000022	0.0001	0.0049	89	64	0.9847	-11.956654301534225	-11.960657030084253	-11.952651572984198	-11.95472965529102	-12.216275633886223	-11.697515315927848	-0.10195755638635978	-0.10596028493638787	-0.09795482783633169	-0.1000329101431543
+I+R4	12.5	5000	alternative	calibrated	20000	1.0	1.0	0.0	0.0	0.0	0	0	1.0	-10.97747530168753	-10.980356508280789	-10.974594095094272	-10.980520983280808	-11.244858568958819	-10.707302539245498	0.8772214434603353	0.8743402368670762	0.8801026500535943	0.8741757618670585
+I+R4	12.5	10000	null_heldout	nominal	10000	0.0502	1.0	-0.9498	-0.954	-0.9455	0	9498	0.0502	-16.911135094149493	-16.9150739629886	-16.907196225310386	-16.911236721262256	-17.17187102725998	-16.65310479264832	-16.91113509414949	-16.915073962988597	-16.907196225310383	-16.911236721262256
+I+R4	12.5	10000	alternative	nominal	20000	1.0	1.0	0.0	0.0	0.0	0	0	1.0	-15.523007095939576	-15.525894166554211	-15.52012002532494	-15.524897489930826	-15.788052552555765	-15.256560888991302	-15.523007095939576	-15.525894166554211	-15.52012002532494	-15.524897489930824
+I+R4	12.5	10000	null_heldout	calibrated	10000	0.0517	0.0523	-0.0005999999999999964	-0.003	0.0018	76	82	0.9842	-16.911135094149493	-16.9150739629886	-16.907196225310386	-16.911236721262256	-17.17187102725998	-16.65310479264832	-0.12637845584697624	-0.1303173246860843	-0.12243958700786817	-0.12648008295974122
+I+R4	12.5	10000	alternative	calibrated	20000	1.0	1.0	0.0	0.0	0.0	0	0	1.0	-15.523007095939576	-15.525894166554211	-15.52012002532494	-15.524897489930826	-15.788052552555765	-15.256560888991302	1.2617495423629383	1.258862471748304	1.2646366129775728	1.2598591483716888
+I+R4	15.0	100	null_heldout	nominal	10000	0.0513	0.5164	-0.46509999999999996	-0.4750025	-0.4551975	0	4651	0.5349	-1.6705824219385503	-1.6755475323462108	-1.6656173115308899	-1.6830689565695334	-1.9871940722326134	-1.3420586222562945	-1.6705824219385503	-1.6755475323462108	-1.6656173115308899	-1.6830689565695331
+I+R4	15.0	100	alternative	nominal	20000	0.28325	0.85925	-0.576	-0.58275	-0.56899875	0	11520	0.424	-1.54902252385793	-1.5526649603075642	-1.545380087408296	-1.5614326411563098	-1.8743729164117147	-1.208640022159344	-1.54902252385793	-1.5526649603075642	-1.545380087408296	-1.56143264115631
+I+R4	15.0	100	null_heldout	calibrated	10000	0.0521	0.0522	-0.00010000000000000286	-0.0029	0.0026	98	99	0.9803	-1.6705824219385503	-1.6755475323462108	-1.6656173115308899	-1.6830689565695334	-1.9871940722326134	-1.3420586222562945	-0.12618041988250153	-0.13114553029016193	-0.12121530947484113	-0.1386669545134842
+I+R4	15.0	100	alternative	calibrated	20000	0.28535	0.27195	0.013399999999999967	0.00965	0.017	835	567	0.9299	-1.54902252385793	-1.5526649603075642	-1.545380087408296	-1.5614326411563098	-1.8743729164117147	-1.208640022159344	-0.004620521801881185	-0.008262958251515427	-0.0009780853522469444	-0.017030639100260814
+I+R4	15.0	500	null_heldout	nominal	10000	0.046	0.9883	-0.9422999999999999	-0.9467025	-0.9378	0	9423	0.0577	-3.774706954417604	-3.779642852678422	-3.7697710561567863	-3.7752951646857325	-4.0974456445251715	-3.4497032908080123	-3.7747069544176033	-3.779642852678421	-3.7697710561567854	-3.7752951646857325
+I+R4	15.0	500	alternative	nominal	20000	0.7765	1.0	-0.22350000000000003	-0.2293	-0.2176	0	4470	0.7765	-3.5030386107440865	-3.5066087350356425	-3.4994684864525305	-3.509289025176144	-3.8268302956163622	-3.1697001014837003	-3.5030386107440865	-3.5066087350356425	-3.4994684864525305	-3.509289025176144
+I+R4	15.0	500	null_heldout	calibrated	10000	0.0494	0.0495	-0.00010000000000000286	-0.0026	0.002302500000000009	84	85	0.9831	-3.774706954417604	-3.779642852678422	-3.7697710561567863	-3.7752951646857325	-4.0974456445251715	-3.4497032908080123	-0.13104994801416536	-0.13598584627498309	-0.12611404975334764	-0.1316381582822932
+I+R4	15.0	500	alternative	calibrated	20000	0.786	0.7594	0.026600000000000068	0.02299875	0.03015	921	389	0.9345	-3.5030386107440865	-3.5066087350356425	-3.4994684864525305	-3.509289025176144	-3.8268302956163622	-3.1697001014837003	0.14061839565935216	0.13704827136779626	0.14418851995090806	0.13436798122729465
+I+R4	15.0	1000	null_heldout	nominal	10000	0.0456	1.0	-0.9544	-0.9585	-0.9503	0	9544	0.0456	-5.345165400409724	-5.3500775209697204	-5.340253279849727	-5.349799579942997	-5.6607300602582855	-5.019885704751558	-5.345165400409723	-5.35007752096972	-5.340253279849726	-5.349799579942996
+I+R4	15.0	1000	alternative	nominal	20000	0.96125	1.0	-0.03874999999999995	-0.0414	-0.03595	0	775	0.96125	-4.955584303746715	-4.959123552638294	-4.952045054855136	-4.96030272627794	-5.276997895545978	-4.625587154164159	-4.955584303746714	-4.959123552638293	-4.952045054855135	-4.9603027262779396
+I+R4	15.0	1000	null_heldout	calibrated	10000	0.0493	0.0492	9.999999999999593e-05	-0.0026	0.003	102	101	0.9797	-5.345165400409724	-5.3500775209697204	-5.340253279849727	-5.349799579942997	-5.6607300602582855	-5.019885704751558	-0.14071265836232874	-0.14562477892232586	-0.13580053780233162	-0.14534683789560177
+I+R4	15.0	1000	alternative	calibrated	20000	0.965	0.9537	0.011299999999999977	0.0093	0.01345	322	96	0.9791	-4.955584303746715	-4.959123552638294	-4.952045054855136	-4.96030272627794	-5.276997895545978	-4.625587154164159	0.24886843830068028	0.24532918940910076	0.2524076871922598	0.24415001576945494
+I+R4	15.0	5000	null_heldout	nominal	10000	0.0502	1.0	-0.9498	-0.9541	-0.9456975	0	9498	0.0502	-11.959412182110542	-11.96430597041027	-11.954518393810813	-11.961471229774556	-12.280898464328196	-11.638025914567685	-11.959412182110542	-11.96430597041027	-11.954518393810813	-11.961471229774556
+I+R4	15.0	5000	alternative	nominal	20000	1.0	1.0	0.0	0.0	0.0	0	0	1.0	-11.087816758743601	-11.09133739084751	-11.084296126639693	-11.087993227453236	-11.41186251967807	-10.759936455458124	-11.087816758743603	-11.091337390847512	-11.084296126639694	-11.087993227453236
+I+R4	15.0	5000	null_heldout	calibrated	10000	0.054	0.0519	0.0020999999999999977	-0.001	0.0051	127	106	0.9767	-11.959412182110542	-11.96430597041027	-11.954518393810813	-11.961471229774556	-12.280898464328196	-11.638025914567685	-0.11599652015454553	-0.12089030845427373	-0.11110273185481734	-0.11805556781856019
+I+R4	15.0	5000	alternative	calibrated	20000	1.0	1.0	0.0	0.0	0.0	0	0	1.0	-11.087816758743601	-11.09133739084751	-11.084296126639693	-11.087993227453236	-11.41186251967807	-10.759936455458124	0.7555989032123934	0.7520782711084856	0.7591195353163013	0.7554224345027594
+I+R4	15.0	10000	null_heldout	nominal	10000	0.0508	1.0	-0.9492	-0.9536025	-0.9448975	0	9492	0.0508	-16.910678692762467	-16.915591117058202	-16.90576626846673	-16.909958466960738	-17.235135337662904	-16.59056665337658	-16.910678692762467	-16.915591117058202	-16.90576626846673	-16.909958466960738
+I+R4	15.0	10000	alternative	nominal	20000	1.0	1.0	0.0	0.0	0.0	0	0	1.0	-15.68283869126433	-15.686385458551488	-15.679291923977171	-15.686460710534327	-16.00709669029496	-15.35411104121284	-15.68283869126433	-15.686385458551488	-15.679291923977171	-15.686460710534325
+I+R4	15.0	10000	null_heldout	calibrated	10000	0.0517	0.05	0.0017000000000000001	-0.001	0.00440250000000001	104	87	0.9809	-16.910678692762467	-16.915591117058202	-16.90576626846673	-16.909958466960738	-17.235135337662904	-16.59056665337658	-0.12887851694216998	-0.13379094123790436	-0.1239660926464356	-0.12815829114044242
+I+R4	15.0	10000	alternative	calibrated	20000	1.0	1.0	0.0	0.0	0.0	0	0	1.0	-15.68283869126433	-15.686385458551488	-15.679291923977171	-15.686460710534327	-16.00709669029496	-15.35411104121284	1.0989614845559665	1.0954147172688087	1.1025082518431244	1.0953394652859707
+I+R4	17.5	100	null_heldout	nominal	10000	0.0507	0.5136	-0.4628999999999999	-0.4729025	-0.453	0	4629	0.5371	-1.665574739748246	-1.6715569081363884	-1.6595925713601039	-1.6829458944469275	-2.041933707123487	-1.26193493220613	-1.665574739748246	-1.6715569081363884	-1.6595925713601039	-1.6829458944469278
+I+R4	17.5	100	alternative	nominal	20000	0.21325	0.7953	-0.58205	-0.58885	-0.575	0	11641	0.41795	-1.5563471548143568	-1.5606805311387317	-1.552013778489982	-1.567195040799708	-1.9488376298408665	-1.149734499804165	-1.556347154814357	-1.560680531138732	-1.5520137784899821	-1.5671950407997082
+I+R4	17.5	100	null_heldout	calibrated	10000	0.0518	0.0536	-0.001800000000000003	-0.0051	0.0014	124	142	0.9734	-1.665574739748246	-1.6715569081363884	-1.6595925713601039	-1.6829458944469275	-2.041933707123487	-1.26193493220613	-0.1520074555749707	-0.157989623963113	-0.1460252871868284	-0.16937861027365253
+I+R4	17.5	100	alternative	calibrated	20000	0.2153	0.2077	0.007599999999999996	0.00375	0.01135	806	654	0.927	-1.5563471548143568	-1.5606805311387317	-1.552013778489982	-1.567195040799708	-1.9488376298408665	-1.149734499804165	-0.04277987064108164	-0.04711324696545658	-0.03844649431670669	-0.05362775662643271
+I+R4	17.5	500	null_heldout	nominal	10000	0.0469	0.9894	-0.9424999999999999	-0.9471	-0.9379	0	9425	0.0575	-3.7675855993072096	-3.7735523288982176	-3.7616188697162016	-3.7751744578728745	-4.1542479657682305	-3.373868265521352	-3.7675855993072096	-3.7735523288982176	-3.7616188697162016	-3.7751744578728745
+I+R4	17.5	500	alternative	nominal	20000	0.6004	1.0	-0.39959999999999996	-0.40620125	-0.39265	0	7992	0.6004	-3.5260812920412077	-3.5303730110060023	-3.521789573076413	-3.5321854764994165	-3.921365764574751	-3.1246573522754035	-3.5260812920412077	-3.5303730110060023	-3.521789573076413	-3.5321854764994165
+I+R4	17.5	500	null_heldout	calibrated	10000	0.0442	0.043	0.0012000000000000066	-0.0018	0.0042	126	114	0.976	-3.7675855993072096	-3.7735523288982176	-3.7616188697162016	-3.7751744578728745	-4.1542479657682305	-3.373868265521352	-0.12614024480111125	-0.13210697439211921	-0.12017351521010326	-0.13372910336677624
+I+R4	17.5	500	alternative	calibrated	20000	0.5916	0.5531	0.03849999999999998	0.03405	0.04285125	1416	646	0.8969	-3.5260812920412077	-3.5303730110060023	-3.521789573076413	-3.5321854764994165	-3.921365764574751	-3.1246573522754035	0.11536406246489025	0.11107234350009566	0.11965578142968485	0.1092598780066818
+I+R4	17.5	1000	null_heldout	nominal	10000	0.0476	0.9999	-0.9523	-0.9562	-0.948	0	9523	0.0477	-5.341804300798607	-5.347678603411876	-5.335929998185338	-5.34737710190171	-5.722790763887902	-4.954924419096685	-5.341804300798607	-5.347678603411876	-5.335929998185338	-5.34737710190171
+I+R4	17.5	1000	alternative	nominal	20000	0.85315	1.0	-0.14685000000000004	-0.15185	-0.14215	0	2937	0.85315	-4.993966968433128	-4.998234478261946	-4.98969945860431	-4.997542017853172	-5.3868808062146005	-4.592419705798993	-4.993966968433128	-4.998234478261946	-4.98969945860431	-4.997542017853172
+I+R4	17.5	1000	null_heldout	calibrated	10000	0.0457	0.0463	-0.0006000000000000033	-0.0037	0.0025	120	126	0.9754	-5.341804300798607	-5.347678603411876	-5.335929998185338	-5.34737710190171	-5.722790763887902	-4.954924419096685	-0.1424124017890376	-0.148286704402307	-0.1365380991757682	-0.14798520289214112
+I+R4	17.5	1000	alternative	calibrated	20000	0.84845	0.8179	0.030550000000000077	0.02705	0.03405	961	350	0.93445	-4.993966968433128	-4.998234478261946	-4.98969945860431	-4.997542017853172	-5.3868808062146005	-4.592419705798993	0.20542493057644046	0.20115742074762236	0.20969244040525856	0.20184988115639646
+I+R4	17.5	5000	null_heldout	nominal	10000	0.0522	1.0	-0.9478	-0.9521	-0.9432	0	9478	0.0522	-11.962447856539336	-11.968318349799501	-11.956577363279171	-11.965355104664079	-12.344829724314586	-11.577869232174038	-11.962447856539336	-11.968318349799501	-11.956577363279171	-11.965355104664079
+I+R4	17.5	5000	alternative	nominal	20000	1.0	1.0	0.0	0.0	0.0	0	0	1.0	-11.180687515916981	-11.184951239252431	-11.17642379258153	-11.18474016960798	-11.571296895269988	-10.784006536491578	-11.180687515916981	-11.184951239252431	-11.17642379258153	-11.18474016960798
+I+R4	17.5	5000	null_heldout	calibrated	10000	0.0542	0.055	-0.0008000000000000021	-0.0042	0.0025	134	142	0.9724	-11.962447856539336	-11.968318349799501	-11.956577363279171	-11.965355104664079	-12.344829724314586	-11.577869232174038	-0.1438527057862943	-0.14972319904645992	-0.1379822125261287	-0.1467599539110367
+I+R4	17.5	5000	alternative	calibrated	20000	1.0	1.0	0.0	0.0	0.0	0	0	1.0	-11.180687515916981	-11.184951239252431	-11.17642379258153	-11.18474016960798	-11.571296895269988	-10.784006536491578	0.637907634836061	0.6336439115006114	0.6421713581715107	0.6338549811450598
+I+R4	17.5	10000	null_heldout	nominal	10000	0.0485	1.0	-0.9515	-0.9555	-0.9473	0	9515	0.0485	-16.918259884920616	-16.92415657555882	-16.912363194282413	-16.922852102956554	-17.302525172672905	-16.530430958647113	-16.918259884920616	-16.92415657555882	-16.912363194282413	-16.92285210295655
+I+R4	17.5	10000	alternative	nominal	20000	1.0	1.0	0.0	0.0	0.0	0	0	1.0	-15.81133934272131	-15.81559684149378	-15.807081843948838	-15.815702602438193	-16.201417826083013	-15.413560707533366	-15.81133934272131	-15.81559684149378	-15.807081843948838	-15.815702602438195
+I+R4	17.5	10000	null_heldout	calibrated	10000	0.0494	0.0474	0.0020000000000000018	-0.0013	0.0053	143	123	0.9734	-16.918259884920616	-16.92415657555882	-16.912363194282413	-16.922852102956554	-17.302525172672905	-16.530430958647113	-0.12760063008592915	-0.1334973207241328	-0.12170393944772549	-0.13219284812186238
+I+R4	17.5	10000	alternative	calibrated	20000	1.0	1.0	0.0	0.0	0.0	0	0	1.0	-15.81133934272131	-15.81559684149378	-15.807081843948838	-15.815702602438193	-16.201417826083013	-15.413560707533366	0.9793199121133778	0.975062413340907	0.9835774108858485	0.974956652396493
+I+R4	20.0	100	null_heldout	nominal	10000	0.0528	0.5199	-0.4671	-0.4771	-0.4574975	0	4671	0.5329	-1.6571289779023106	-1.6642201480951584	-1.6500378077094628	-1.6715961103200874	-2.1117584321337515	-1.191667013559574	-1.6571289779023106	-1.6642201480951584	-1.6500378077094628	-1.6715961103200874
+I+R4	20.0	100	alternative	nominal	20000	0.16615	0.74525	-0.5791	-0.58575	-0.5723487500000001	0	11582	0.4209	-1.5593652706337613	-1.564420769585776	-1.5543097716817467	-1.5750395887273916	-2.0139980602842726	-1.0823397374014372	-1.5593652706337613	-1.564420769585776	-1.5543097716817467	-1.5750395887273916
+I+R4	20.0	100	null_heldout	calibrated	10000	0.0518	0.0511	0.0006999999999999992	-0.0026	0.0041	157	150	0.9693	-1.6571289779023106	-1.6642201480951584	-1.6500378077094628	-1.6715961103200874	-2.1117584321337515	-1.191667013559574	-0.14358170128022513	-0.15067287147307298	-0.13649053108737727	-0.15804883369800193
+I+R4	20.0	100	alternative	calibrated	20000	0.1637	0.1507	0.013000000000000012	0.0093	0.0167	844	584	0.9286	-1.5593652706337613	-1.564420769585776	-1.5543097716817467	-1.5750395887273916	-2.0139980602842726	-1.0823397374014372	-0.04581799401167572	-0.0508734929636904	-0.040762495059661036	-0.061492312105305924
+I+R4	20.0	500	null_heldout	nominal	10000	0.0499	0.9877	-0.9378	-0.9423	-0.9331	0	9378	0.0622	-3.7662631689043775	-3.7732004012495013	-3.7593259365592537	-3.770391874883998	-4.2148939152161	-3.309598594423399	-3.7662631689043775	-3.7732004012495013	-3.7593259365592537	-3.7703918748839986
+I+R4	20.0	500	alternative	nominal	20000	0.44505	0.99995	-0.5549	-0.5615	-0.5482487500000001	0	11098	0.4451	-3.547599953579419	-3.5526028886148424	-3.5425970185439954	-3.555018706033848	-4.0066285603185765	-3.0806533024778813	-3.547599953579418	-3.5526028886148415	-3.5425970185439946	-3.555018706033848
+I+R4	20.0	500	null_heldout	calibrated	10000	0.0515	0.0503	0.0011999999999999997	-0.0022	0.00440250000000001	155	143	0.9702	-3.7662631689043775	-3.7732004012495013	-3.7593259365592537	-3.770391874883998	-4.2148939152161	-3.309598594423399	-0.13155619048637082	-0.13849342283149457	-0.12461895814124709	-0.13568489646599202
+I+R4	20.0	500	alternative	calibrated	20000	0.4495	0.40535	0.04415000000000002	0.0391	0.0488	1661	778	0.87805	-3.547599953579419	-3.5526028886148424	-3.5425970185439954	-3.555018706033848	-4.0066285603185765	-3.0806533024778813	0.08710702483858818	0.08210408980316475	0.0921099598740116	0.07968827238415876
+I+R4	20.0	1000	null_heldout	nominal	10000	0.0494	1.0	-0.9506	-0.9548	-0.9465	0	9506	0.0494	-5.338663065143428	-5.345695766094745	-5.331630364192111	-5.346545739308347	-5.791063264795308	-4.876470263585319	-5.338663065143428	-5.345695766094745	-5.331630364192111	-5.346545739308347
+I+R4	20.0	1000	alternative	nominal	20000	0.69025	1.0	-0.30974999999999997	-0.3162	-0.30325	0	6195	0.69025	-5.025268170893599	-5.030284322214395	-5.020252019572804	-5.029843447024957	-5.48557854729357	-4.55808132530209	-5.0252681708935985	-5.030284322214394	-5.020252019572803	-5.029843447024957
+I+R4	20.0	1000	null_heldout	calibrated	10000	0.0482	0.0505	-0.0023000000000000034	-0.0057	0.001	137	160	0.9703	-5.338663065143428	-5.345695766094745	-5.331630364192111	-5.346545739308347	-5.791063264795308	-4.876470263585319	-0.14599794632093555	-0.15303064727225296	-0.13896524536961813	-0.15388062048585383
+I+R4	20.0	1000	alternative	calibrated	20000	0.68375	0.63365	0.05009999999999992	0.04545	0.0547	1659	657	0.8842	-5.025268170893599	-5.030284322214395	-5.020252019572804	-5.029843447024957	-5.48557854729357	-4.55808132530209	0.1673969479288941	0.16238079660809882	0.17241309924968937	0.16282167179753548
+I+R4	20.0	5000	null_heldout	nominal	10000	0.0487	1.0	-0.9513	-0.9555	-0.9471	0	9513	0.0487	-11.964851445335086	-11.971805359539317	-11.957897531130854	-11.962671801640754	-12.420692823569437	-11.511102648452333	-11.964851445335087	-11.971805359539319	-11.957897531130856	-11.962671801640756
+I+R4	20.0	5000	alternative	nominal	20000	0.9993	1.0	-0.0007000000000000339	-0.0011	-0.00035	0	14	0.9993	-11.26012202887668	-11.265117703966638	-11.255126353786721	-11.26260224950964	-11.717816227765233	-10.79738797430647	-11.26012202887668	-11.265117703966638	-11.255126353786721	-11.26260224950964
+I+R4	20.0	5000	null_heldout	calibrated	10000	0.0492	0.0534	-0.004200000000000002	-0.0076	-0.0007	133	175	0.9692	-11.964851445335086	-11.971805359539317	-11.957897531130854	-11.962671801640754	-12.420692823569437	-11.511102648452333	-0.1468218902392573	-0.15377580444348946	-0.13986797603502513	-0.14464224654492508
+I+R4	20.0	5000	alternative	calibrated	20000	0.9993	0.99755	0.0017499999999999183	0.00115	0.0024	39	4	0.99785	-11.26012202887668	-11.265117703966638	-11.255126353786721	-11.26260224950964	-11.717816227765233	-10.79738797430647	0.5579075262191494	0.5529118511291912	0.5629032013091076	0.5554273055861891
+I+R4	20.0	10000	null_heldout	nominal	10000	0.0485	1.0	-0.9515	-0.9557	-0.9473	0	9515	0.0485	-16.92141571808285	-16.928376101002602	-16.9144553351631	-16.921518766780736	-17.370144911005042	-16.46542531889271	-16.92141571808285	-16.928376101002602	-16.9144553351631	-16.921518766780736
+I+R4	20.0	10000	alternative	nominal	20000	1.0	1.0	0.0	0.0	0.0	0	0	1.0	-15.925601749470257	-15.93058232921588	-15.920621169724633	-15.923654892836801	-16.38442269333864	-15.466387409131825	-15.925601749470257	-15.93058232921588	-15.920621169724633	-15.923654892836803
+I+R4	20.0	10000	null_heldout	calibrated	10000	0.0477	0.0472	0.0005000000000000004	-0.0029	0.0038	149	144	0.9707	-16.92141571808285	-16.928376101002602	-16.9144553351631	-16.921518766780736	-17.370144911005042	-16.46542531889271	-0.13873152827307558	-0.14569191119282585	-0.13177114535332532	-0.1388345769709627
+I+R4	20.0	10000	alternative	calibrated	20000	1.0	1.0	0.0	0.0	0.0	0	0	1.0	-15.925601749470257	-15.93058232921588	-15.920621169724633	-15.923654892836801	-16.38442269333864	-15.466387409131825	0.8570824403395182	0.8521018605938943	0.8620630200851421	0.8590292969729738
+I+R4	22.5	100	null_heldout	nominal	10000	0.0513	0.5099	-0.4586	-0.4682	-0.4484	0	4586	0.5414	-1.6569212317810194	-1.6649927055231537	-1.648849758038885	-1.6791360087272742	-2.170252852849245	-1.1133996016433034	-1.6569212317810194	-1.6649927055231537	-1.648849758038885	-1.6791360087272742
+I+R4	22.5	100	alternative	nominal	20000	0.13055	0.69785	-0.5672999999999999	-0.57395	-0.56035	0	11346	0.4327	-1.572199747565156	-1.5780182687790825	-1.5663812263512293	-1.5889387576280467	-2.0998011471278715	-1.028402350406168	-1.5721997475651561	-1.5780182687790827	-1.5663812263512296	-1.5889387576280465
+I+R4	22.5	100	null_heldout	calibrated	10000	0.0477	0.0485	-0.0008000000000000021	-0.0042	0.0025	150	158	0.9692	-1.6569212317810194	-1.6649927055231537	-1.648849758038885	-1.6791360087272742	-2.170252852849245	-1.1133996016433034	-0.15994710125713277	-0.16801857499926706	-0.15187562751499847	-0.18216187820338758
+I+R4	22.5	100	alternative	calibrated	20000	0.1246	0.1184	0.006199999999999997	0.00245	0.00995	762	638	0.93	-1.572199747565156	-1.5780182687790825	-1.5663812263512293	-1.5889387576280467	-2.0998011471278715	-1.028402350406168	-0.07522561704126915	-0.08104413825519569	-0.06940709582734261	-0.09196462710415987
+I+R4	22.5	500	null_heldout	nominal	10000	0.0479	0.9891	-0.9412	-0.9459025	-0.9365	0	9412	0.0588	-3.768906108698356	-3.776881704835499	-3.760930512561213	-3.7772878712716302	-4.280898375604894	-3.2398918409144306	-3.768906108698356	-3.776881704835499	-3.760930512561213	-3.7772878712716302
+I+R4	22.5	500	alternative	nominal	20000	0.3242	0.99965	-0.6754500000000001	-0.6818	-0.66855	0	13509	0.32455	-3.570839404367843	-3.5765470337933016	-3.5651317749423845	-3.5781861729206605	-4.094083549304758	-3.0372214433624065	-3.5708394043678426	-3.576547033793301	-3.565131774942384	-3.5781861729206597
+I+R4	22.5	500	null_heldout	calibrated	10000	0.0468	0.0473	-0.0005000000000000004	-0.0041	0.003	168	173	0.9659	-3.768906108698356	-3.776881704835499	-3.760930512561213	-3.7772878712716302	-4.280898375604894	-3.2398918409144306	-0.14383817390166664	-0.15181377003880936	-0.13586257776452393	-0.15221993647494125
+I+R4	22.5	500	alternative	calibrated	20000	0.3192	0.2862	0.032999999999999974	0.02834875	0.03785	1518	858	0.8812	-3.570839404367843	-3.5765470337933016	-3.5651317749423845	-3.5781861729206605	-4.094083549304758	-3.0372214433624065	0.054228530428846136	0.048520901003387455	0.05993615985430482	0.04688176187602888
+I+R4	22.5	1000	null_heldout	nominal	10000	0.0531	1.0	-0.9469	-0.9512	-0.9424	0	9469	0.0531	-5.351545083346562	-5.35960819662613	-5.343481970066994	-5.362194229376984	-5.868853626336225	-4.814319210094098	-5.351545083346562	-5.35960819662613	-5.343481970066994	-5.362194229376984
+I+R4	22.5	1000	alternative	nominal	20000	0.51955	1.0	-0.48045000000000004	-0.48775	-0.47345	0	9609	0.51955	-5.056324926831116	-5.062087807569106	-5.050562046093126	-5.065009483682758	-5.586403367075301	-4.520146314032357	-5.056324926831116	-5.062087807569106	-5.050562046093126	-5.065009483682758
+I+R4	22.5	1000	null_heldout	calibrated	10000	0.054	0.0495	0.004499999999999997	0.0008	0.0082	197	152	0.9651	-5.351545083346562	-5.35960819662613	-5.343481970066994	-5.362194229376984	-5.868853626336225	-4.814319210094098	-0.1078706753713146	-0.11593378865088262	-0.09980756209174658	-0.11851982140173645
+I+R4	22.5	1000	alternative	calibrated	20000	0.52195	0.44865	0.07330000000000003	0.06815	0.07845125000000001	2191	725	0.8542	-5.056324926831116	-5.062087807569106	-5.050562046093126	-5.065009483682758	-5.586403367075301	-4.520146314032357	0.18734948114413152	0.1815866004061419	0.19311236188212114	0.1786649242924896
+I+R4	22.5	5000	null_heldout	nominal	10000	0.0487	1.0	-0.9513	-0.9555	-0.9471	0	9513	0.0487	-11.973006343460316	-11.9809840848041	-11.965028602116533	-11.978554856660432	-12.490427791548834	-11.444361811845361	-11.97300634346032	-11.980984084804103	-11.965028602116536	-11.978554856660432
+I+R4	22.5	5000	alternative	nominal	20000	0.9839	1.0	-0.016100000000000003	-0.0179	-0.0144	0	322	0.9839	-11.325466438398752	-11.331252591558979	-11.319680285238526	-11.329696801629115	-11.857562441009717	-10.789300767461343	-11.325466438398752	-11.331252591558979	-11.319680285238526	-11.329696801629115
+I+R4	22.5	5000	null_heldout	calibrated	10000	0.0541	0.0487	0.005400000000000002	0.0017	0.0091	203	149	0.9648	-11.973006343460316	-11.9809840848041	-11.965028602116533	-11.978554856660432	-12.490427791548834	-11.444361811845361	-0.0986300928006444	-0.10660783414442798	-0.09065235145686082	-0.1041786060007599
+I+R4	22.5	5000	alternative	calibrated	20000	0.9851	0.9646	0.020499999999999963	0.0183	0.022651250000000005	458	48	0.9747	-11.325466438398752	-11.331252591558979	-11.319680285238526	-11.329696801629115	-11.857562441009717	-10.789300767461343	0.5489098122609201	0.5431236591006936	0.5546959654211465	0.544679449030558
+I+R4	22.5	10000	null_heldout	nominal	10000	0.049	1.0	-0.951	-0.9551	-0.9467	0	9510	0.049	-16.926391311087198	-16.934422117532446	-16.91836050464195	-16.929552298844037	-17.440802727387037	-16.405486600775024	-16.926391311087198	-16.934422117532446	-16.91836050464195	-16.929552298844037
+I+R4	22.5	10000	alternative	nominal	20000	0.99995	1.0	-4.999999999999449e-05	-0.00015	0.0	0	1	0.99995	-16.028227824327566	-16.03402445379437	-16.02243119486076	-16.030596504012685	-16.559578214347997	-15.489771000438573	-16.028227824327566	-16.03402445379437	-16.02243119486076	-16.030596504012685
+I+R4	22.5	10000	null_heldout	calibrated	10000	0.0499	0.0517	-0.001800000000000003	-0.0053	0.0017	155	173	0.9672	-16.926391311087198	-16.934422117532446	-16.91836050464195	-16.929552298844037	-17.440802727387037	-16.405486600775024	-0.14007721103494813	-0.14810801748019653	-0.13204640458969974	-0.14323819879178679
+I+R4	22.5	10000	alternative	calibrated	20000	0.99995	0.99955	0.00039999999999995595	0.00015	0.0007	8	0	0.9996	-16.028227824327566	-16.03402445379437	-16.02243119486076	-16.030596504012685	-16.559578214347997	-15.489771000438573	0.7580862757246846	0.7522896462578802	0.7638829051914889	0.755717596039565
+I+R4	25.0	100	null_heldout	nominal	10000	0.0561	0.5119	-0.45580000000000004	-0.4654	-0.4458	1	4559	0.544	-1.6574894908326998	-1.6667458879664463	-1.6482330936989533	-1.6788851267677094	-2.2459419382189103	-1.050417651788568	-1.6574894908326998	-1.6667458879664463	-1.6482330936989533	-1.6788851267677092
+I+R4	25.0	100	alternative	nominal	20000	0.11185	0.65695	-0.5451	-0.5521	-0.53825	1	10903	0.4548	-1.576767539318229	-1.5833106179984697	-1.5702244606379883	-1.5958096898260068	-2.1671772549711426	-0.969216711435408	-1.576767539318229	-1.5833106179984697	-1.5702244606379883	-1.595809689826007
+I+R4	25.0	100	null_heldout	calibrated	10000	0.0563	0.0553	0.0010000000000000009	-0.0031	0.0051	225	215	0.956	-1.6574894908326998	-1.6667458879664463	-1.6482330936989533	-1.6788851267677094	-2.2459419382189103	-1.050417651788568	-0.18668828980499597	-0.19594468693874253	-0.1774318926712494	-0.20808392574000578
+I+R4	25.0	100	alternative	calibrated	20000	0.1122	0.11005	0.002149999999999999	-0.0017	0.005951250000000005	755	712	0.92665	-1.576767539318229	-1.5833106179984697	-1.5702244606379883	-1.5958096898260068	-2.1671772549711426	-0.969216711435408	-0.1059663382905253	-0.11250941697076611	-0.0994232596102845	-0.1250084887983034
+I+R4	25.0	500	null_heldout	nominal	10000	0.0508	0.9881	-0.9373	-0.9421	-0.9325	0	9373	0.0627	-3.780768337812407	-3.7897289770474023	-3.771807698577412	-3.7876638648914973	-4.364634386418714	-3.191573228945948	-3.780768337812407	-3.7897289770474023	-3.771807698577412	-3.7876638648914973
+I+R4	25.0	500	alternative	nominal	20000	0.24135	0.9992	-0.7578499999999999	-0.76395	-0.75195	0	15157	0.24215	-3.5901819818030067	-3.5966251788998913	-3.583738784706122	-3.599549667026297	-4.183767055383288	-2.9912022952145136	-3.5901819818030067	-3.5966251788998913	-3.583738784706122	-3.5995496670262965
+I+R4	25.0	500	null_heldout	calibrated	10000	0.0476	0.054	-0.006399999999999996	-0.0102	-0.0026	161	225	0.9614	-3.780768337812407	-3.7897289770474023	-3.771807698577412	-3.7876638648914973	-4.364634386418714	-3.191573228945948	-0.17602048740747722	-0.18498112664247263	-0.16705984817248182	-0.18291601448656714
+I+R4	25.0	500	alternative	calibrated	20000	0.2334	0.2119	0.02149999999999999	0.01694875	0.026451250000000006	1396	966	0.8819	-3.5901819818030067	-3.5966251788998913	-3.583738784706122	-3.599549667026297	-4.183767055383288	-2.9912022952145136	0.014565868601923295	0.008122671505038526	0.021009065698808064	0.005198183378632315
+I+R4	25.0	1000	null_heldout	nominal	10000	0.0486	1.0	-0.9514	-0.9556	-0.9472	0	9514	0.0486	-5.347976933333321	-5.356951940955291	-5.339001925711351	-5.346899801892054	-5.938261705083106	-4.761704994854783	-5.347976933333321	-5.356951940955291	-5.339001925711351	-5.346899801892054
+I+R4	25.0	1000	alternative	nominal	20000	0.38125	1.0	-0.61875	-0.6254	-0.61215	0	12375	0.38125	-5.090003964755379	-5.096479677566633	-5.083528251944125	-5.093071677980719	-5.681885770924842	-4.489825764168767	-5.090003964755378	-5.096479677566632	-5.0835282519441245	-5.093071677980719
+I+R4	25.0	1000	null_heldout	calibrated	10000	0.0469	0.0474	-0.0005000000000000004	-0.0043	0.0032	174	179	0.9647	-5.347976933333321	-5.356951940955291	-5.339001925711351	-5.346899801892054	-5.938261705083106	-4.761704994854783	-0.15102754249168182	-0.16000255011365233	-0.1420525348697113	-0.14995041105041418
+I+R4	25.0	1000	alternative	calibrated	20000	0.3751	0.3251	0.04999999999999999	0.04495	0.055351250000000005	2008	1008	0.8492	-5.090003964755379	-5.096479677566633	-5.083528251944125	-5.093071677980719	-5.681885770924842	-4.489825764168767	0.10694542608626081	0.1004697132750074	0.11342113889751423	0.1038777128609194
+I+R4	25.0	5000	null_heldout	nominal	10000	0.047	1.0	-0.953	-0.9572	-0.9488	0	9530	0.047	-11.983251685079964	-11.992134765938882	-11.974368604221045	-11.983665544021456	-12.561323752892093	-11.405421673521724	-11.983251685079964	-11.992134765938882	-11.974368604221045	-11.983665544021456
+I+R4	25.0	5000	alternative	nominal	20000	0.91625	1.0	-0.08374999999999999	-0.08760124999999999	-0.0799	0	1675	0.91625	-11.397859351944193	-11.404295798467924	-11.391422905420463	-11.401039366519193	-11.984854570220032	-10.804110769408062	-11.397859351944193	-11.404295798467924	-11.391422905420463	-11.401039366519196
+I+R4	25.0	5000	null_heldout	calibrated	10000	0.048	0.0487	-0.0006999999999999992	-0.0044	0.0031	182	189	0.9629	-11.983251685079964	-11.992134765938882	-11.974368604221045	-11.983665544021456	-12.561323752892093	-11.405421673521724	-0.13883876800891054	-0.1477218488678287	-0.1299556871499924	-0.13925262695040352
+I+R4	25.0	5000	alternative	calibrated	20000	0.9179	0.8503	0.0676000000000001	0.06345	0.0718	1590	238	0.9086	-11.397859351944193	-11.404295798467924	-11.391422905420463	-11.401039366519193	-11.984854570220032	-10.804110769408062	0.44655356512685956	0.4401171186031287	0.45299001165059044	0.44337355055185856
+I+R4	25.0	10000	null_heldout	nominal	10000	0.0495	1.0	-0.9505	-0.9548	-0.9463	0	9505	0.0495	-16.940807384651084	-16.949772634912193	-16.931842134389974	-16.94674984838748	-17.522350549856775	-16.35443149271031	-16.940807384651084	-16.949772634912193	-16.931842134389974	-16.94674984838748
+I+R4	25.0	10000	alternative	nominal	20000	0.9959	1.0	-0.0040999999999999925	-0.005	-0.00325	0	82	0.9959	-16.127683628406782	-16.134142259216393	-16.12122499759717	-16.130935842790898	-16.72183402812788	-15.531715157720317	-16.127683628406782	-16.134142259216393	-16.12122499759717	-16.130935842790894
+I+R4	25.0	10000	null_heldout	calibrated	10000	0.0517	0.0513	0.0004000000000000045	-0.0036	0.0042	194	190	0.9616	-16.940807384651084	-16.949772634912193	-16.931842134389974	-16.94674984838748	-17.522350549856775	-16.35443149271031	-0.13080944158076818	-0.13977469184187896	-0.1218441913196574	-0.13675190531716552
+I+R4	25.0	10000	alternative	calibrated	20000	0.99615	0.98445	0.011699999999999933	0.0101	0.0133	247	13	0.987	-16.127683628406782	-16.134142259216393	-16.12122499759717	-16.130935842790898	-16.72183402812788	-15.531715157720317	0.6823143146635336	0.6758556838539226	0.6887729454731447	0.6790621002794222
+I+R4	30.0	100	null_heldout	nominal	10000	0.0542	0.5141	-0.4599	-0.4699	-0.4502	2	4601	0.5397	-1.6591890473205644	-1.6702825799538061	-1.6480955146873226	-1.6866630495654347	-2.3655055745778313	-0.9219444886773349	-1.6591890473205644	-1.6702825799538061	-1.6480955146873226	-1.686663049565435
+I+R4	30.0	100	alternative	nominal	20000	0.08905	0.6107	-0.5216500000000001	-0.52825	-0.51485	8	10441	0.47755	-1.5934583511349054	-1.6013247751327606	-1.5855919271370502	-1.6186359973818765	-2.308999326323744	-0.8530730140887943	-1.5934583511349054	-1.6013247751327606	-1.5855919271370502	-1.6186359973818765
+I+R4	30.0	100	null_heldout	calibrated	10000	0.0535	0.0536	-0.00010000000000000286	-0.0046	0.004202500000000009	253	254	0.9493	-1.6591890473205644	-1.6702825799538061	-1.6480955146873226	-1.6866630495654347	-2.3655055745778313	-0.9219444886773349	-0.1636915114877205	-0.17478504412096219	-0.1525979788544788	-0.19116551373259094
+I+R4	30.0	100	alternative	calibrated	20000	0.0886	0.08355	0.005049999999999999	0.0013	0.008751250000000006	777	676	0.92735	-1.5934583511349054	-1.6013247751327606	-1.5855919271370502	-1.6186359973818765	-2.308999326323744	-0.8530730140887943	-0.09796081530206151	-0.10582723929991668	-0.09009439130420634	-0.12313846154903252
+I+R4	30.0	500	null_heldout	nominal	10000	0.0486	0.9874	-0.9388000000000001	-0.9433	-0.9342	0	9388	0.0612	-3.769109666855111	-3.7799008973410935	-3.7583184363691284	-3.781842303263302	-4.475516215620678	-3.0611110502901075	-3.769109666855111	-3.7799008973410935	-3.7583184363691284	-3.781842303263302
+I+R4	30.0	500	alternative	nominal	20000	0.1514	0.997	-0.8456	-0.85045	-0.8404	0	16912	0.1544	-3.627813357963303	-3.635549829780176	-3.6200768861464305	-3.633107399049309	-4.344108916128077	-2.916905805223087	-3.6278133579633023	-3.635549829780175	-3.6200768861464296	-3.6331073990493086
+I+R4	30.0	500	null_heldout	calibrated	10000	0.0486	0.0513	-0.002700000000000001	-0.0069	0.0015	223	250	0.9527	-3.769109666855111	-3.7799008973410935	-3.7583184363691284	-3.781842303263302	-4.475516215620678	-3.0611110502901075	-0.157316646145088	-0.1681078766310706	-0.1465254156591054	-0.1700492825532791
+I+R4	30.0	500	alternative	calibrated	20000	0.15135	0.13	0.021350000000000008	0.01695	0.0258	1230	803	0.89835	-3.627813357963303	-3.635549829780176	-3.6200768861464305	-3.633107399049309	-4.344108916128077	-2.916905805223087	-0.016020337253279865	-0.023756809070152617	-0.008283865436407115	-0.021314378339285955
+I+R4	30.0	1000	null_heldout	nominal	10000	0.0502	1.0	-0.9498	-0.954	-0.9453	0	9498	0.0502	-5.349384599299559	-5.360228128358542	-5.338541070240576	-5.3468065626689905	-6.060802411584011	-4.6405699225147305	-5.349384599299559	-5.360228128358542	-5.338541070240576	-5.3468065626689905
+I+R4	30.0	1000	alternative	nominal	20000	0.2188	1.0	-0.7812	-0.78675	-0.77555	0	15624	0.2188	-5.14099601925688	-5.148664387877696	-5.133327650636064	-5.142200309486421	-5.845573732186507	-4.4291417879676205	-5.14099601925688	-5.148664387877696	-5.133327650636064	-5.142200309486421
+I+R4	30.0	1000	null_heldout	calibrated	10000	0.0468	0.0478	-0.0010000000000000009	-0.005	0.0031	212	222	0.9566	-5.349384599299559	-5.360228128358542	-5.338541070240576	-5.3468065626689905	-6.060802411584011	-4.6405699225147305	-0.16883757394637305	-0.17968110300535542	-0.1579940448873907	-0.16625953731580445
+I+R4	30.0	1000	alternative	calibrated	20000	0.2068	0.1773	0.0295	0.0247	0.034501250000000004	1553	963	0.8742	-5.14099601925688	-5.148664387877696	-5.133327650636064	-5.142200309486421	-5.845573732186507	-4.4291417879676205	0.0395510060963056	0.03188263747548926	0.04721937471712195	0.03834671586676475
+I+R4	30.0	5000	null_heldout	nominal	10000	0.0537	1.0	-0.9463	-0.9506	-0.9418	0	9463	0.0537	-11.983628515579703	-11.994512452628015	-11.97274457853139	-11.981454389660444	-12.696644859964534	-11.267292391629859	-11.983628515579703	-11.994512452628015	-11.97274457853139	-11.981454389660446
+I+R4	30.0	5000	alternative	nominal	20000	0.61675	1.0	-0.38325	-0.3899	-0.37645	0	7665	0.61675	-11.531183938871719	-11.538840833438016	-11.523527044305421	-11.535074423764895	-12.239113997516542	-10.827580256281296	-11.53118393887172	-11.538840833438018	-11.523527044305423	-11.535074423764897
+I+R4	30.0	5000	null_heldout	calibrated	10000	0.0504	0.0539	-0.003500000000000003	-0.0079	0.0006	212	247	0.9541	-11.983628515579703	-11.994512452628015	-11.97274457853139	-11.981454389660444	-12.696644859964534	-11.267292391629859	-0.19110838665336094	-0.201992323701674	-0.18022444960504788	-0.18893426073410424
+I+R4	30.0	5000	alternative	calibrated	20000	0.6047	0.5006	0.10409999999999997	0.09815	0.1103	3091	1009	0.795	-11.531183938871719	-11.538840833438016	-11.523527044305421	-11.535074423764895	-12.239113997516542	-10.827580256281296	0.26133619005462116	0.2536792954883244	0.2689930846209179	0.25744570516144627
+I+R4	30.0	10000	null_heldout	nominal	10000	0.0492	1.0	-0.9508	-0.955	-0.9466	0	9508	0.0492	-16.960206581765867	-16.97096944051774	-16.949443723013992	-16.959885039050544	-17.656527320377823	-16.257900530193417	-16.960206581765867	-16.97096944051774	-16.949443723013992	-16.959885039050544
+I+R4	30.0	10000	alternative	nominal	20000	0.8646	1.0	-0.13539999999999996	-0.14000125000000002	-0.1305	0	2708	0.8646	-16.30878922562842	-16.31650843130898	-16.30107001994786	-16.311717516361618	-17.02068539644316	-15.59881046851394	-16.30878922562842	-16.31650843130898	-16.30107001994786	-16.311717516361618
+I+R4	30.0	10000	null_heldout	calibrated	10000	0.0481	0.0468	0.0012999999999999956	-0.002902499999999999	0.0052	229	216	0.9555	-16.960206581765867	-16.97096944051774	-16.949443723013992	-16.959885039050544	-17.656527320377823	-16.257900530193417	-0.1287524561461896	-0.13951531489806404	-0.11798959739431517	-0.12843091343086677
+I+R4	30.0	10000	alternative	calibrated	20000	0.8617	0.7249	0.13680000000000003	0.13135	0.1424	3112	376	0.8256	-16.30878922562842	-16.31650843130898	-16.30107001994786	-16.311717516361618	-17.02068539644316	-15.59881046851394	0.5226648999912572	0.5149456943106969	0.5303841056718175	0.5197366092580609
+I+R4	35.0	100	null_heldout	nominal	10000	0.0508	0.5166	-0.46579999999999994	-0.4753025	-0.4561	6	4664	0.533	-1.649836361158522	-1.6623984682624457	-1.6372742540545984	-1.6760971623835728	-2.4563182444638003	-0.8079009580539434	-1.649836361158522	-1.6623984682624457	-1.6372742540545984	-1.676097162383573
+I+R4	35.0	100	alternative	nominal	20000	0.07425	0.569	-0.49474999999999997	-0.5017	-0.48785	23	9918	0.50295	-1.596997623433992	-1.605941772314057	-1.588053474553927	-1.6177707658215374	-2.398104042345352	-0.7564746615885665	-1.596997623433992	-1.605941772314057	-1.588053474553927	-1.6177707658215372
+I+R4	35.0	100	null_heldout	calibrated	10000	0.0421	0.045	-0.0029	-0.0071	0.0014	228	257	0.9515	-1.649836361158522	-1.6623984682624457	-1.6372742540545984	-1.6760971623835728	-2.4563182444638003	-0.8079009580539434	-0.21642413618649745	-0.22898624329042117	-0.20386202908257373	-0.24268493741154784
+I+R4	35.0	100	alternative	calibrated	20000	0.06315	0.06555	-0.0023999999999999994	-0.00585	0.00125	610	658	0.9366	-1.596997623433992	-1.605941772314057	-1.588053474553927	-1.6177707658215374	-2.398104042345352	-0.7564746615885665	-0.16358539846196726	-0.17252954734203219	-0.15464124958190234	-0.18435854084951275
+I+R4	35.0	500	null_heldout	nominal	10000	0.0474	0.9879	-0.9405	-0.945	-0.9359	0	9405	0.0595	-3.778252117113557	-3.7907216663258527	-3.765782567901261	-3.7916140147954955	-4.585632610680521	-2.9617833534286455	-3.778252117113557	-3.7907216663258527	-3.765782567901261	-3.7916140147954955
+I+R4	35.0	500	alternative	nominal	20000	0.1068	0.995	-0.8882	-0.8926	-0.88395	0	17764	0.1118	-3.6534342060541363	-3.6622462880811595	-3.644622124027113	-3.6622865986722672	-4.458603140966998	-2.8354644073422213	-3.6534342060541363	-3.6622462880811595	-3.644622124027113	-3.662286598672267
+I+R4	35.0	500	null_heldout	calibrated	10000	0.0484	0.0445	0.0039000000000000007	-0.0004	0.0082	255	216	0.9529	-3.778252117113557	-3.7907216663258527	-3.765782567901261	-3.7916140147954955	-4.585632610680521	-2.9617833534286455	-0.09166586114898599	-0.10413541036128174	-0.07919631193669024	-0.10502775883092497
+I+R4	35.0	500	alternative	calibrated	20000	0.10915	0.0859	0.023249999999999993	0.0193	0.02745	1157	692	0.90755	-3.6534342060541363	-3.6622462880811595	-3.644622124027113	-3.6622865986722672	-4.458603140966998	-2.8354644073422213	0.033152049910434286	0.024339967883411258	0.041964131937457315	0.024299657292303323
+I+R4	35.0	1000	null_heldout	nominal	10000	0.0526	0.9999	-0.9473	-0.9517	-0.9429	0	9473	0.0527	-5.3583605510889285	-5.371002259198396	-5.345718842979461	-5.370224454881434	-6.175686981968331	-4.521164879674531	-5.358360551088928	-5.371002259198395	-5.34571884297946	-5.370224454881434
+I+R4	35.0	1000	alternative	nominal	20000	0.14105	1.0	-0.85895	-0.8637	-0.85405	0	17179	0.14105	-5.190888217544835	-5.199726131946538	-5.182050303143131	-5.198135202182385	-6.002445560943609	-4.36912756751891	-5.190888217544835	-5.199726131946538	-5.182050303143131	-5.198135202182384
+I+R4	35.0	1000	null_heldout	calibrated	10000	0.0543	0.0557	-0.0013999999999999985	-0.0061	0.0032	270	284	0.9446	-5.3583605510889285	-5.371002259198396	-5.345718842979461	-5.370224454881434	-6.175686981968331	-4.521164879674531	-0.1440714334997326	-0.15671314160920014	-0.13142972539026504	-0.15593533729223807
+I+R4	35.0	1000	alternative	calibrated	20000	0.1428	0.11575	0.027050000000000005	0.0225	0.03155	1363	822	0.89075	-5.190888217544835	-5.199726131946538	-5.182050303143131	-5.198135202182385	-6.002445560943609	-4.36912756751891	0.023400900044361277	0.014562985642657946	0.032238814446064606	0.01615391540681088
+I+R4	35.0	5000	null_heldout	nominal	10000	0.05	1.0	-0.95	-0.9543	-0.9456	0	9500	0.05	-11.980073459475674	-11.992469856081998	-11.96767706286935	-11.983570624461745	-12.783637533656714	-11.166540209725099	-11.980073459475674	-11.992469856081998	-11.96767706286935	-11.983570624461745
+I+R4	35.0	5000	alternative	nominal	20000	0.3468	1.0	-0.6532	-0.65995125	-0.64625	0	13064	0.3468	-11.640104590221535	-11.648931727881292	-11.631277452561777	-11.645510645025187	-12.4505380575563	-10.81918662484396	-11.640104590221535	-11.648931727881292	-11.631277452561777	-11.645510645025187
+I+R4	35.0	5000	null_heldout	calibrated	10000	0.0513	0.0527	-0.0013999999999999985	-0.0058	0.0028	248	262	0.949	-11.980073459475674	-11.992469856081998	-11.96767706286935	-11.983570624461745	-12.783637533656714	-11.166540209725099	-0.11028352090387894	-0.1226799175102031	-0.09788712429755478	-0.11378068588995127
+I+R4	35.0	5000	alternative	calibrated	20000	0.3504	0.2531	0.0973	0.09135	0.10335	2977	1031	0.7996	-11.640104590221535	-11.648931727881292	-11.631277452561777	-11.645510645025187	-12.4505380575563	-10.81918662484396	0.22968534835025783	0.22085821069049955	0.23851248601001612	0.22427929354660758
+I+R4	35.0	10000	null_heldout	nominal	10000	0.0495	1.0	-0.9505	-0.9547	-0.9461975	0	9505	0.0495	-16.964145330610133	-16.97638366749687	-16.951906993723398	-16.964743726604688	-17.758601737111224	-16.162182568449968	-16.964145330610133	-16.97638366749687	-16.951906993723398	-16.964743726604688
+I+R4	35.0	10000	alternative	nominal	20000	0.5485	1.0	-0.4515	-0.45825125	-0.44485	0	9030	0.5485	-16.472386782350384	-16.481246089006905	-16.463527475693862	-16.477663654656723	-17.28852164395681	-15.65864942072511	-16.47238678235038	-16.481246089006902	-16.46352747569386	-16.477663654656723
+I+R4	35.0	10000	null_heldout	calibrated	10000	0.0538	0.0509	0.0029	-0.0015	0.0076	280	251	0.9469	-16.964145330610133	-16.97638366749687	-16.951906993723398	-16.964743726604688	-17.758601737111224	-16.162182568449968	-0.09743581760537484	-0.1096741544921101	-0.08519748071863958	-0.09803421359993081
+I+R4	35.0	10000	alternative	calibrated	20000	0.56465	0.4015	0.16314999999999996	0.15665	0.17010125	4131	868	0.75005	-16.472386782350384	-16.481246089006905	-16.463527475693862	-16.477663654656723	-17.28852164395681	-15.65864942072511	0.394322730654378	0.38546342399785727	0.40318203731089874	0.3890458583480356
+I+R4	40.0	100	null_heldout	nominal	10000	0.0545	0.5039	-0.4494	-0.4587025	-0.4398	15	4509	0.5476	-1.6313458011122497	-1.6450819790820184	-1.617609623142481	-1.666914339583287	-2.5082693284935145	-0.7119069604055177	-1.6313458011122497	-1.6450819790820184	-1.617609623142481	-1.6669143395832868
+I+R4	40.0	100	alternative	nominal	20000	0.06875	0.55225	-0.48350000000000004	-0.49015	-0.4765	31	9701	0.5134	-1.6107560012378754	-1.6205622752847475	-1.6009497271910034	-1.6407681893361197	-2.498966622971521	-0.6857294058463586	-1.6107560012378754	-1.6205622752847475	-1.6009497271910034	-1.6407681893361197
+I+R4	40.0	100	null_heldout	calibrated	10000	0.0474	0.0527	-0.005299999999999999	-0.01	-0.0008	254	307	0.9439	-1.6313458011122497	-1.6450819790820184	-1.617609623142481	-1.666914339583287	-2.5082693284935145	-0.7119069604055177	-0.2352494801800842	-0.24898565814985282	-0.2215133022103156	-0.2708180186511213
+I+R4	40.0	100	alternative	calibrated	20000	0.0595	0.06335	-0.003850000000000006	-0.00740125	-0.00015	647	724	0.93145	-1.6107560012378754	-1.6205622752847475	-1.6009497271910034	-1.6407681893361197	-2.498966622971521	-0.6857294058463586	-0.21465968030570984	-0.22446595435258201	-0.20485340625883766	-0.24467186840395416
+I+R4	40.0	500	null_heldout	nominal	10000	0.054	0.9873	-0.9332999999999999	-0.9383	-0.9284	0	9333	0.0667	-3.787106715985977	-3.800940042740761	-3.7732733892311927	-3.805222129392769	-4.691169586857879	-2.8700375257218584	-3.787106715985977	-3.800940042740761	-3.7732733892311927	-3.8052221293927686
+I+R4	40.0	500	alternative	nominal	20000	0.08505	0.9937	-0.9086500000000001	-0.91265	-0.90459875	0	18173	0.09135	-3.6936633188927126	-3.703403601361067	-3.6839230364243583	-3.7065877276156973	-4.585976308463723	-2.787332870983583	-3.6936633188927117	-3.703403601361066	-3.6839230364243574	-3.706587727615697
+I+R4	40.0	500	null_heldout	calibrated	10000	0.0555	0.0515	0.0040000000000000036	-0.001	0.00880250000000001	326	286	0.9388	-3.787106715985977	-3.800940042740761	-3.7732733892311927	-3.805222129392769	-4.691169586857879	-2.8700375257218584	-0.16391819551023473	-0.1777515222650187	-0.15008486875545077	-0.18203360891702625
+I+R4	40.0	500	alternative	calibrated	20000	0.08695	0.07905	0.007900000000000004	0.00385	0.012001250000000005	951	793	0.9128	-3.6936633188927126	-3.703403601361067	-3.6839230364243583	-3.7065877276156973	-4.585976308463723	-2.787332870983583	-0.07047479841696942	-0.08021508088532361	-0.06073451594861523	-0.08339920713995452
+I+R4	40.0	1000	null_heldout	nominal	10000	0.0496	1.0	-0.9504	-0.9546	-0.9458	0	9504	0.0496	-5.358154912418553	-5.371911659097199	-5.344398165739907	-5.369970695727293	-6.2538799444167354	-4.451581292680178	-5.358154912418553	-5.371911659097199	-5.344398165739907	-5.369970695727293
+I+R4	40.0	1000	alternative	nominal	20000	0.0984	0.99995	-0.90155	-0.9055	-0.89739875	0	18031	0.09845	-5.2274420348849	-5.2371277124938445	-5.217756357275956	-5.235543978006525	-6.112850396060468	-4.324573258736506	-5.2274420348849	-5.2371277124938445	-5.217756357275956	-5.235543978006525
+I+R4	40.0	1000	null_heldout	calibrated	10000	0.048	0.0529	-0.004900000000000002	-0.0097	0.0	257	306	0.9437	-5.358154912418553	-5.371911659097199	-5.344398165739907	-5.369970695727293	-6.2538799444167354	-4.451581292680178	-0.19210689486198668	-0.20586364154063272	-0.17835014818334063	-0.20392267817072574
+I+R4	40.0	1000	alternative	calibrated	20000	0.09615	0.0897	0.006449999999999997	0.0023	0.0108	1004	875	0.90605	-5.2274420348849	-5.2371277124938445	-5.217756357275956	-5.235543978006525	-6.112850396060468	-4.324573258736506	-0.06139401732833321	-0.07107969493727762	-0.051708339719388804	-0.06949596044995765
+I+R4	40.0	5000	null_heldout	nominal	10000	0.0496	1.0	-0.9504	-0.9547	-0.9461	0	9504	0.0496	-11.998231418323293	-12.01184066767989	-11.984622168966697	-12.007580727708817	-12.888659823860314	-11.106580931830415	-11.998231418323295	-12.011840667679891	-11.984622168966698	-12.007580727708817
+I+R4	40.0	5000	alternative	nominal	20000	0.2038	1.0	-0.7962	-0.8016	-0.79045	0	15924	0.2038	-11.723363822740435	-11.733120934063596	-11.713606711417274	-11.730237073048176	-12.62173036389058	-10.81789358073144	-11.723363822740435	-11.733120934063596	-11.713606711417274	-11.730237073048176
+I+R4	40.0	5000	null_heldout	calibrated	10000	0.0547	0.0517	0.0029999999999999957	-0.0017	0.0078	319	289	0.9392	-11.998231418323293	-12.01184066767989	-11.984622168966697	-12.007580727708817	-12.888659823860314	-11.106580931830415	-0.10862408696931698	-0.12223333632591415	-0.09501483761271981	-0.11797339635484061
+I+R4	40.0	5000	alternative	calibrated	20000	0.21705	0.1494	0.06764999999999999	0.06185	0.07315	2337	984	0.83395	-11.723363822740435	-11.733120934063596	-11.713606711417274	-11.730237073048176	-12.62173036389058	-10.81789358073144	0.166243508613541	0.15648639729038052	0.1760006199367015	0.15937025830580076
+I+R4	40.0	10000	null_heldout	nominal	10000	0.0496	1.0	-0.9504	-0.9545	-0.9462	0	9504	0.0496	-16.972460274412075	-16.986121785829404	-16.958798762994746	-16.97659557067484	-17.852947888023305	-16.076469701633382	-16.972460274412075	-16.986121785829404	-16.958798762994746	-16.97659557067484
+I+R4	40.0	10000	alternative	nominal	20000	0.3104	1.0	-0.6896	-0.6959012499999999	-0.683	0	13792	0.3104	-16.597343303348193	-16.607095498935998	-16.58759110776039	-16.597840321617635	-17.504404718889088	-15.700893983522302	-16.597343303348193	-16.607095498935998	-16.58759110776039	-16.597840321617632
+I+R4	40.0	10000	null_heldout	calibrated	10000	0.0521	0.0514	0.0006999999999999992	-0.004	0.0056	303	296	0.9401	-16.972460274412075	-16.986121785829404	-16.958798762994746	-16.97659557067484	-17.852947888023305	-16.076469701633382	-0.1317717641386725	-0.14543327555600125	-0.11811025272134376	-0.1359070604014363
+I+R4	40.0	10000	alternative	calibrated	20000	0.3176	0.2184	0.09919999999999998	0.09305	0.10535	3066	1082	0.7926	-16.597343303348193	-16.607095498935998	-16.58759110776039	-16.597840321617635	-17.504404718889088	-15.700893983522302	0.24334520692520784	0.23359301133740418	0.2530974025130115	0.24284818865576696
+I+R4	45.0	100	null_heldout	nominal	10000	0.0529	0.512	-0.4591	-0.4687	-0.4493	27	4618	0.5355	-1.6358027352144846	-1.650784052735342	-1.6208214176936273	-1.6647254210780447	-2.5865763131563884	-0.6371904721206874	-1.6358027352144846	-1.6507840527353417	-1.6208214176936275	-1.6647254210780444
+I+R4	45.0	100	alternative	nominal	20000	0.0623	0.53345	-0.47114999999999996	-0.47825	-0.46415	55	9478	0.52335	-1.6057573855300915	-1.6164581950996402	-1.5950565759605428	-1.6290782989148946	-2.5733219119769464	-0.6012480128649547	-1.6057573855300915	-1.6164581950996402	-1.5950565759605428	-1.6290782989148946
+I+R4	45.0	100	null_heldout	calibrated	10000	0.048	0.0479	0.00010000000000000286	-0.0043	0.0047	281	280	0.9439	-1.6358027352144846	-1.650784052735342	-1.6208214176936273	-1.6647254210780447	-2.5865763131563884	-0.6371904721206874	-0.17889110821348897	-0.19387242573434615	-0.16390979069263178	-0.20781379407704903
+I+R4	45.0	100	alternative	calibrated	20000	0.0572	0.05525	0.0019500000000000003	-0.00155	0.00565	703	664	0.93165	-1.6057573855300915	-1.6164581950996402	-1.5950565759605428	-1.6290782989148946	-2.5733219119769464	-0.6012480128649547	-0.14884575852909593	-0.15954656809864456	-0.1381449489595473	-0.172166671913899
+I+R4	45.0	500	null_heldout	nominal	10000	0.0524	0.9898	-0.9374	-0.9422	-0.9326975	0	9374	0.0626	-3.781070392058599	-3.795639636206897	-3.766501147910301	-3.79179918139085	-4.734388827995819	-2.813899368819428	-3.781070392058599	-3.795639636206897	-3.766501147910301	-3.7917991813908496
+I+R4	45.0	500	alternative	nominal	20000	0.07445	0.992	-0.91755	-0.9213	-0.9135	0	18351	0.08245	-3.714033972564843	-3.7244580845428192	-3.703609860586867	-3.727309087095462	-4.676330131204253	-2.7435410230643407	-3.714033972564843	-3.7244580845428192	-3.703609860586867	-3.727309087095462
+I+R4	45.0	500	null_heldout	calibrated	10000	0.0522	0.0531	-0.000899999999999998	-0.0058	0.004	315	324	0.9361	-3.781070392058599	-3.795639636206897	-3.766501147910301	-3.79179918139085	-4.734388827995819	-2.813899368819428	-0.16445567143567866	-0.1790249155839767	-0.1498864272873806	-0.17518446076792893
+I+R4	45.0	500	alternative	calibrated	20000	0.0737	0.06465	0.009050000000000002	0.00515	0.013	890	709	0.92005	-3.714033972564843	-3.7244580845428192	-3.703609860586867	-3.727309087095462	-4.676330131204253	-2.7435410230643407	-0.09741925194192179	-0.10784336391989784	-0.08699513996394574	-0.11069436647254127
+I+R4	45.0	1000	null_heldout	nominal	10000	0.0501	1.0	-0.9499	-0.9542	-0.9456	0	9499	0.0501	-5.336418471826673	-5.351085388554033	-5.321751555099313	-5.3426612205500295	-6.2903486226221785	-4.37647913208788	-5.336418471826673	-5.351085388554033	-5.321751555099313	-5.3426612205500295
+I+R4	45.0	1000	alternative	nominal	20000	0.0819	0.99995	-0.91805	-0.92175	-0.9141	0	18361	0.08195	-5.267081414852857	-5.277444942995888	-5.2567178867098265	-5.27937431511341	-6.211137706596448	-4.306231790037774	-5.267081414852857	-5.277444942995888	-5.2567178867098265	-5.27937431511341
+I+R4	45.0	1000	null_heldout	calibrated	10000	0.0473	0.0493	-0.001999999999999995	-0.006602499999999999	0.0026	280	300	0.942	-5.336418471826673	-5.351085388554033	-5.321751555099313	-5.3426612205500295	-6.2903486226221785	-4.37647913208788	-0.15760736296820246	-0.17227427969556275	-0.14294044624084218	-0.16385011169155916
+I+R4	45.0	1000	alternative	calibrated	20000	0.0764	0.0702	0.006199999999999997	0.0023	0.010251250000000005	903	779	0.9159	-5.267081414852857	-5.277444942995888	-5.2567178867098265	-5.27937431511341	-6.211137706596448	-4.306231790037774	-0.08827030599438665	-0.09863383413741715	-0.07790677785135615	-0.10056320625493953
+I+R4	45.0	5000	null_heldout	nominal	10000	0.0463	1.0	-0.9537	-0.9577025	-0.9496	0	9537	0.0463	-11.99927374984919	-12.013882043800848	-11.984665455897531	-12.009275647862443	-12.945010978355159	-11.04466055274496	-11.999273749849191	-12.01388204380085	-11.984665455897533	-12.009275647862445
+I+R4	45.0	5000	alternative	nominal	20000	0.1326	1.0	-0.8674	-0.87215	-0.86265	0	17348	0.1326	-11.80236684077336	-11.812648025356994	-11.792085656189725	-11.80399331842892	-12.749629512044061	-10.84885780540364	-11.802366840773361	-11.812648025356996	-11.792085656189727	-11.803993318428923
+I+R4	45.0	5000	null_heldout	calibrated	10000	0.0476	0.0497	-0.0020999999999999977	-0.0071024999999999994	0.0027	290	311	0.9399	-11.99927374984919	-12.013882043800848	-11.984665455897531	-12.009275647862443	-12.945010978355159	-11.04466055274496	-0.14343358177926502	-0.15804187573092326	-0.12882528782760677	-0.15343547979251948
+I+R4	45.0	5000	alternative	calibrated	20000	0.13505	0.1067	0.02835	0.02345	0.03335	1544	977	0.87395	-11.80236684077336	-11.812648025356994	-11.792085656189725	-11.80399331842892	-12.749629512044061	-10.84885780540364	0.05347332729656483	0.04319214271293001	0.06375451188019965	0.05184684964100317
+I+R4	45.0	10000	null_heldout	nominal	10000	0.0493	1.0	-0.9507	-0.9549	-0.9464	0	9507	0.0493	-16.97005746649279	-16.98469865817243	-16.95541627481315	-16.972028694845648	-17.926782726802905	-16.003754290687798	-16.97005746649279	-16.98469865817243	-16.95541627481315	-16.972028694845648
+I+R4	45.0	10000	alternative	nominal	20000	0.1875	1.0	-0.8125	-0.8177	-0.8072	0	16250	0.1875	-16.70337705762519	-16.713812221932884	-16.692941893317496	-16.712198018095698	-17.668773106390088	-15.733882085292063	-16.70337705762519	-16.713812221932884	-16.692941893317496	-16.712198018095698
+I+R4	45.0	10000	null_heldout	calibrated	10000	0.0501	0.0508	-0.0006999999999999992	-0.0056	0.004	309	316	0.9375	-16.97005746649279	-16.98469865817243	-16.95541627481315	-16.972028694845648	-17.926782726802905	-16.003754290687798	-0.13478668998296864	-0.14942788166260773	-0.12014549830332955	-0.1367579183358263
+I+R4	45.0	10000	alternative	calibrated	20000	0.1897	0.1334	0.05630000000000002	0.051	0.0618	2121	995	0.8442	-16.70337705762519	-16.713812221932884	-16.692941893317496	-16.712198018095698	-17.668773106390088	-15.733882085292063	0.13189371888462953	0.12145855457693645	0.1423288831923226	0.12307275841412135
+I+R4	50.0	100	null_heldout	nominal	10000	0.0591	0.5127	-0.45360000000000006	-0.4636	-0.4437	33	4569	0.5398	-1.6202618407058802	-1.6360331351059718	-1.6044905463057886	-1.6493511759216672	-2.637234546644359	-0.5602996737776593	-1.6202618407058802	-1.6360331351059718	-1.6044905463057886	-1.6493511759216672
+I+R4	50.0	100	alternative	nominal	20000	0.06145	0.5296	-0.46814999999999996	-0.475	-0.46105	76	9439	0.52425	-1.6265619844159267	-1.6376663783274135	-1.61545759050444	-1.6575697446079665	-2.627212424296337	-0.586133310775628	-1.6265619844159267	-1.6376663783274135	-1.61545759050444	-1.6575697446079662
+I+R4	50.0	100	null_heldout	calibrated	10000	0.0541	0.0544	-0.0002999999999999947	-0.0053	0.0049	318	321	0.9361	-1.6202618407058802	-1.6360331351059718	-1.6044905463057886	-1.6493511759216672	-2.637234546644359	-0.5602996737776593	-0.1890624075060323	-0.20483370190612393	-0.17329111310594064	-0.21815174272181936
+I+R4	50.0	100	alternative	calibrated	20000	0.05535	0.0575	-0.002149999999999999	-0.0058	0.0013	672	715	0.93065	-1.6265619844159267	-1.6376663783274135	-1.61545759050444	-1.6575697446079665	-2.627212424296337	-0.586133310775628	-0.19536255121607882	-0.20646694512756553	-0.1842581573045921	-0.22637031140811836
+I+R4	50.0	500	null_heldout	nominal	10000	0.0487	0.9879	-0.9392	-0.9438	-0.9345	0	9392	0.0608	-3.7577836225924512	-3.773392684718521	-3.7421745604663816	-3.765433395702468	-4.76338840253679	-2.7184822288687633	-3.7577836225924504	-3.77339268471852	-3.7421745604663808	-3.765433395702468
+I+R4	50.0	500	alternative	nominal	20000	0.06345	0.98955	-0.9261	-0.9298	-0.9225	0	18522	0.0739	-3.730602168356204	-3.7416640666416643	-3.7195402700707434	-3.744248152790389	-4.7482690561512335	-2.6919133818431007	-3.730602168356204	-3.7416640666416643	-3.7195402700707434	-3.744248152790389
+I+R4	50.0	500	null_heldout	calibrated	10000	0.0458	0.0508	-0.0049999999999999975	-0.01	-0.0003	289	339	0.9372	-3.7577836225924512	-3.773392684718521	-3.7421745604663816	-3.765433395702468	-4.76338840253679	-2.7184822288687633	-0.16806558654798617	-0.18367464867405583	-0.1524565244219165	-0.17571535965800278
+I+R4	50.0	500	alternative	calibrated	20000	0.05955	0.0546	0.004949999999999996	0.00105	0.00865	769	670	0.92805	-3.730602168356204	-3.7416640666416643	-3.7195402700707434	-3.744248152790389	-4.7482690561512335	-2.6919133818431007	-0.14088413231173877	-0.1519460305971991	-0.12982223402627843	-0.15453011674592432
+I+R4	50.0	1000	null_heldout	nominal	10000	0.0513	0.9999	-0.9486	-0.9527	-0.9444	0	9486	0.0514	-5.3606612768091075	-5.376348371859885	-5.34497418175833	-5.378106347491703	-6.378750489371556	-4.333131760417206	-5.360661276809106	-5.3763483718598835	-5.344974181758328	-5.378106347491702
+I+R4	50.0	1000	alternative	nominal	20000	0.07035	1.0	-0.92965	-0.9331	-0.9262	0	18593	0.07035	-5.287311453651442	-5.2982415875143705	-5.276381319788513	-5.295466724183736	-6.295200812808297	-4.275915520989717	-5.287311453651442	-5.2982415875143705	-5.276381319788513	-5.295466724183736
+I+R4	50.0	1000	null_heldout	calibrated	10000	0.0492	0.0548	-0.005600000000000001	-0.0106	-0.0006	312	368	0.932	-5.3606612768091075	-5.376348371859885	-5.34497418175833	-5.378106347491703	-6.378750489371556	-4.333131760417206	-0.18769499407279042	-0.20338208912356853	-0.1720078990220123	-0.20514006475538604
+I+R4	50.0	1000	alternative	calibrated	20000	0.06755	0.06015	0.007399999999999997	0.0035	0.0114	868	720	0.9206	-5.287311453651442	-5.2982415875143705	-5.276381319788513	-5.295466724183736	-6.295200812808297	-4.275915520989717	-0.11434517091512594	-0.12527530477805496	-0.10341503705219693	-0.12250044144742
+I+R4	50.0	5000	null_heldout	nominal	10000	0.0468	1.0	-0.9532	-0.9572	-0.9489	0	9532	0.0468	-12.00104018655239	-12.01663805939614	-11.985442313708639	-11.998128638516599	-13.02349420351098	-10.981516316373368	-12.00104018655239	-12.01663805939614	-11.985442313708639	-11.998128638516599
+I+R4	50.0	5000	alternative	nominal	20000	0.09985	1.0	-0.90015	-0.90430125	-0.89615	0	18003	0.09985	-11.861116684728472	-11.872127014277716	-11.850106355179229	-11.864505195120268	-12.881784955557935	-10.848779793686814	-11.861116684728474	-11.872127014277718	-11.85010635517923	-11.864505195120268
+I+R4	50.0	5000	null_heldout	calibrated	10000	0.0485	0.0478	0.0006999999999999992	-0.0043	0.005502500000000009	324	317	0.9359	-12.00104018655239	-12.01663805939614	-11.985442313708639	-11.998128638516599	-13.02349420351098	-10.981516316373368	-0.14260102487975487	-0.1581988977235058	-0.12700315203600396	-0.13968947684396404
+I+R4	50.0	5000	alternative	calibrated	20000	0.10325	0.0825	0.02074999999999999	0.0161	0.025101250000000006	1272	857	0.89355	-11.861116684728472	-11.872127014277716	-11.850106355179229	-11.864505195120268	-12.881784955557935	-10.848779793686814	-0.0026775230558380926	-0.013687852605081373	0.008332806493405188	-0.00606603344763279
+I+R4	50.0	10000	null_heldout	nominal	10000	0.0492	1.0	-0.9508	-0.9551	-0.9465	0	9508	0.0492	-16.97192781355367	-16.987262722064806	-16.956592905042534	-16.972925935545092	-17.98378733147071	-15.9758518036868	-16.97192781355367	-16.987262722064806	-16.956592905042534	-16.972925935545092
+I+R4	50.0	10000	alternative	nominal	20000	0.12715	1.0	-0.87285	-0.8774	-0.86824875	0	17457	0.12715	-16.774378046614796	-16.78536930113406	-16.76338679209553	-16.77931681368875	-17.791591947781118	-15.750151610731118	-16.774378046614792	-16.785369301134057	-16.763386792095528	-16.77931681368875
+I+R4	50.0	10000	null_heldout	calibrated	10000	0.0488	0.0499	-0.0010999999999999968	-0.006	0.0039	302	313	0.9385	-16.97192781355367	-16.987262722064806	-16.956592905042534	-16.972925935545092	-17.98378733147071	-15.9758518036868	-0.13394646959851392	-0.14928137810964934	-0.11861156108737851	-0.13494459158993877
+I+R4	50.0	10000	alternative	calibrated	20000	0.12655	0.0901	0.036449999999999996	0.0317	0.04115125	1571	842	0.87935	-16.774378046614796	-16.78536930113406	-16.76338679209553	-16.77931681368875	-17.791591947781118	-15.750151610731118	0.06360329734035879	0.05261204282109213	0.07459455185962545	0.0586645302664035
+I+R4	60.0	100	null_heldout	nominal	10000	0.0486	0.5114	-0.4628	-0.4727	-0.4525	42	4670	0.5288	-1.650886206288208	-1.6677299804517427	-1.6340424321246731	-1.6843648589416662	-2.720718813320298	-0.5192758586775837	-1.650886206288208	-1.6677299804517427	-1.6340424321246731	-1.6843648589416662
+I+R4	60.0	100	alternative	nominal	20000	0.0569	0.52265	-0.46574999999999994	-0.47285	-0.45855	81	9396	0.52615	-1.63570673957006	-1.647670461383434	-1.6237430177566858	-1.662135377621809	-2.72252534773281	-0.5107363572902478	-1.63570673957006	-1.647670461383434	-1.6237430177566858	-1.662135377621809
+I+R4	60.0	100	null_heldout	calibrated	10000	0.044	0.0466	-0.002600000000000005	-0.0076	0.002202500000000009	299	325	0.9376	-1.650886206288208	-1.6677299804517427	-1.6340424321246731	-1.6843648589416662	-2.720718813320298	-0.5192758586775837	-0.19252643858471388	-0.2093702127482486	-0.17568266442117916	-0.2260050912381717
+I+R4	60.0	100	alternative	calibrated	20000	0.05105	0.0515	-0.000449999999999999	-0.0042	0.00315	693	702	0.93025	-1.63570673957006	-1.647670461383434	-1.6237430177566858	-1.662135377621809	-2.72252534773281	-0.5107363572902478	-0.17734697186656576	-0.18931069367993994	-0.16538325005319157	-0.20377560991831478
+I+R4	60.0	500	null_heldout	nominal	10000	0.0571	0.9882	-0.9310999999999999	-0.936	-0.9262	0	9311	0.0689	-3.774732756374914	-3.791548080389836	-3.757917432359992	-3.7857102306678696	-4.869938337097592	-2.6681159673910764	-3.774732756374913	-3.791548080389835	-3.7579174323599913	-3.7857102306678696
+I+R4	60.0	500	alternative	nominal	20000	0.0568	0.98895	-0.93215	-0.93555	-0.92865	0	18643	0.06785	-3.7519672865620195	-3.7636512435874128	-3.7402833295366262	-3.766630092040735	-4.82036813113106	-2.6637811424164	-3.7519672865620195	-3.7636512435874128	-3.7402833295366262	-3.7666300920407347
+I+R4	60.0	500	null_heldout	calibrated	10000	0.0569	0.0574	-0.0005000000000000004	-0.0061	0.0048	359	364	0.9277	-3.774732756374914	-3.791548080389836	-3.757917432359992	-3.7857102306678696	-4.869938337097592	-2.6681159673910764	-0.16307707204681168	-0.1798923960617334	-0.14626174803188996	-0.17405454633976802
+I+R4	60.0	500	alternative	calibrated	20000	0.05665	0.054	0.0026499999999999996	-0.00115	0.006301250000000005	753	700	0.92735	-3.7519672865620195	-3.7636512435874128	-3.7402833295366262	-3.766630092040735	-4.82036813113106	-2.6637811424164	-0.1403116022339177	-0.151995559259311	-0.1286276452085244	-0.15497440771263316
+I+R4	60.0	1000	null_heldout	nominal	10000	0.052	1.0	-0.948	-0.9523	-0.9437	0	9480	0.052	-5.341694658437705	-5.358413015502593	-5.324976301372817	-5.355338592720137	-6.424835503467889	-4.250662660615502	-5.341694658437705	-5.358413015502593	-5.324976301372817	-5.355338592720136
+I+R4	60.0	1000	alternative	nominal	20000	0.05515	1.0	-0.94485	-0.94805	-0.9417	0	18897	0.05515	-5.328238527002773	-5.340021644212237	-5.316455409793309	-5.336810486437226	-6.409558277117228	-4.236004172055865	-5.328238527002772	-5.340021644212236	-5.316455409793308	-5.336810486437226
+I+R4	60.0	1000	null_heldout	calibrated	10000	0.0503	0.0484	0.001899999999999999	-0.0031	0.0068	340	321	0.9339	-5.341694658437705	-5.358413015502593	-5.324976301372817	-5.355338592720137	-6.424835503467889	-4.250662660615502	-0.13149228372914235	-0.14821064079403	-0.11477392666425466	-0.1451362180115745
+I+R4	60.0	1000	alternative	calibrated	20000	0.05395	0.04885	0.0051	0.00145	0.008851250000000005	750	648	0.9301	-5.328238527002773	-5.340021644212237	-5.316455409793309	-5.336810486437226	-6.409558277117228	-4.236004172055865	-0.11803615229421098	-0.12981926950367503	-0.10625303508474693	-0.12660811172866504
+I+R4	60.0	5000	null_heldout	nominal	10000	0.0494	1.0	-0.9506	-0.9548	-0.9465	0	9506	0.0494	-11.994181646915683	-12.010771175383066	-11.9775921184483	-11.99336967793341	-13.072843391078125	-10.91665094102444	-11.994181646915683	-12.010771175383066	-11.9775921184483	-11.993369677933412
+I+R4	60.0	5000	alternative	nominal	20000	0.0663	1.0	-0.9337	-0.9372	-0.93015	0	18674	0.0663	-11.927758189256078	-11.939435891607495	-11.916080486904661	-11.934462016782792	-13.003474784438257	-10.83869230547567	-11.927758189256078	-11.939435891607495	-11.916080486904661	-11.934462016782792
+I+R4	60.0	5000	null_heldout	calibrated	10000	0.0491	0.0509	-0.001800000000000003	-0.0069	0.0034	335	353	0.9312	-11.994181646915683	-12.010771175383066	-11.9775921184483	-11.99336967793341	-13.072843391078125	-10.91665094102444	-0.1513670310595382	-0.16795655952692204	-0.13477750259215435	-0.15055506207726665
+I+R4	60.0	5000	alternative	calibrated	20000	0.0658	0.0596	0.006199999999999997	0.0021987500000000006	0.0102	883	759	0.9179	-11.927758189256078	-11.939435891607495	-11.916080486904661	-11.934462016782792	-13.003474784438257	-10.83869230547567	-0.08494357339993537	-0.09662127575135177	-0.07326587104851898	-0.09164740092664836
+I+R4	60.0	10000	null_heldout	nominal	10000	0.0519	1.0	-0.9480999999999999	-0.9525	-0.9436	0	9481	0.0519	-16.940313832600477	-16.956844582007037	-16.923783083193918	-16.94091766084397	-18.024616523065987	-15.853623795524516	-16.940313832600477	-16.956844582007037	-16.923783083193918	-16.94091766084397
+I+R4	60.0	10000	alternative	nominal	20000	0.0738	1.0	-0.9262	-0.92985	-0.92264875	0	18524	0.0738	-16.879831380124312	-16.89152831431729	-16.868134445931332	-16.8761718262844	-17.964527861629374	-15.795056183807816	-16.87983138012431	-16.891528314317288	-16.86813444593133	-16.876171826284395
+I+R4	60.0	10000	null_heldout	calibrated	10000	0.0539	0.054	-9.999999999999593e-05	-0.0052	0.005	342	343	0.9315	-16.940313832600477	-16.956844582007037	-16.923783083193918	-16.94091766084397	-18.024616523065987	-15.853623795524516	-0.13120578084952844	-0.14773653025608804	-0.11467503144296884	-0.1318096090930183
+I+R4	60.0	10000	alternative	calibrated	20000	0.07625	0.07135	0.004900000000000002	0.0008	0.00905	964	866	0.9085	-16.879831380124312	-16.89152831431729	-16.868134445931332	-16.8761718262844	-17.964527861629374	-15.795056183807816	-0.07072332837335828	-0.08242026256633725	-0.0590263941803793	-0.06706377453344459
+I+R4	75.0	100	null_heldout	nominal	10000	0.0559	0.5058	-0.4499	-0.4601025	-0.4401	49	4548	0.5403	-1.633386021091507	-1.6511381333310742	-1.6156339088519398	-1.6736024961110494	-2.769669830951515	-0.44783138401154937	-1.633386021091507	-1.6511381333310742	-1.6156339088519398	-1.6736024961110494
+I+R4	75.0	100	alternative	nominal	20000	0.05655	0.50895	-0.4524	-0.4595	-0.44535	121	9169	0.5355	-1.6370899862322248	-1.6496779600736031	-1.6245020123908465	-1.6662233360641419	-2.7804141989653695	-0.469095424411477	-1.6370899862322248	-1.6496779600736031	-1.6245020123908465	-1.6662233360641419
+I+R4	75.0	100	null_heldout	calibrated	10000	0.0536	0.0448	0.008800000000000002	0.0036	0.0139	390	302	0.9308	-1.633386021091507	-1.6511381333310742	-1.6156339088519398	-1.6736024961110494	-2.769669830951515	-0.44783138401154937	-0.1296134162728883	-0.14736552851245555	-0.11186130403332105	-0.16982989129243053
+I+R4	75.0	100	alternative	calibrated	20000	0.0538	0.0469	0.006900000000000003	0.00315	0.010401250000000004	774	636	0.9295	-1.6370899862322248	-1.6496779600736031	-1.6245020123908465	-1.6662233360641419	-2.7804141989653695	-0.469095424411477	-0.13331738141360588	-0.14590535525498427	-0.1207294075722275	-0.162450731245523
+I+R4	75.0	500	null_heldout	nominal	10000	0.0502	0.9871	-0.9369	-0.9415	-0.9319	0	9369	0.0631	-3.7865398940310375	-3.804120715540796	-3.768959072521279	-3.7929369778021025	-4.938942074560269	-2.636416219540353	-3.7865398940310375	-3.804120715540796	-3.768959072521279	-3.792936977802102
+I+R4	75.0	500	alternative	nominal	20000	0.05355	0.988	-0.93445	-0.9379	-0.93095	0	18689	0.06555	-3.766286799910257	-3.7786496584720517	-3.7539239413484626	-3.7815797087918734	-4.906141128672279	-2.611616121707502	-3.766286799910257	-3.7786496584720517	-3.7539239413484626	-3.7815797087918734
+I+R4	75.0	500	null_heldout	calibrated	10000	0.0496	0.0538	-0.004200000000000002	-0.0096	0.001	342	384	0.9274	-3.7865398940310375	-3.804120715540796	-3.768959072521279	-3.7929369778021025	-4.938942074560269	-2.636416219540353	-0.19559693914152243	-0.21317776065128088	-0.17801611763176398	-0.20199402291258783
+I+R4	75.0	500	alternative	calibrated	20000	0.0531	0.05415	-0.0010499999999999954	-0.00485	0.00275	752	773	0.92375	-3.766286799910257	-3.7786496584720517	-3.7539239413484626	-3.7815797087918734	-4.906141128672279	-2.611616121707502	-0.17534384502074202	-0.18770670358253674	-0.1629809864589473	-0.1906367539023588
+I+R4	75.0	1000	null_heldout	nominal	10000	0.0505	0.9998	-0.9493	-0.9535	-0.9450975	0	9493	0.0507	-5.348794192825252	-5.366524947611516	-5.331063438038987	-5.355596317149644	-6.502279176166198	-4.1723063789368835	-5.348794192825252	-5.366524947611516	-5.331063438038987	-5.355596317149643
+I+R4	75.0	1000	alternative	nominal	20000	0.05365	1.0	-0.94635	-0.94935	-0.94315	0	18927	0.05365	-5.34037888613603	-5.35263719096231	-5.32812058130975	-5.34802395195162	-6.475240223823394	-4.209841816514123	-5.34037888613603	-5.35263719096231	-5.32812058130975	-5.348023951951619
+I+R4	75.0	1000	null_heldout	calibrated	10000	0.0452	0.0498	-0.0046	-0.0099025	0.0006	327	373	0.93	-5.348794192825252	-5.366524947611516	-5.331063438038987	-5.355596317149644	-6.502279176166198	-4.1723063789368835	-0.19852709544517275	-0.21625785023143781	-0.18079634065890768	-0.20532921976956464
+I+R4	75.0	1000	alternative	calibrated	20000	0.0475	0.05285	-0.005350000000000001	-0.00895125	-0.00165	647	754	0.92995	-5.34037888613603	-5.35263719096231	-5.32812058130975	-5.34802395195162	-6.475240223823394	-4.209841816514123	-0.19011178875595156	-0.20237009358223162	-0.17785348392967149	-0.19775685457154157
+I+R4	75.0	5000	null_heldout	nominal	10000	0.0488	1.0	-0.9512	-0.9554	-0.947	0	9512	0.0488	-12.002315659476904	-12.019700074939418	-11.98493124401439	-11.998139866007177	-13.1453432728454	-10.87126451337321	-12.002315659476904	-12.019700074939418	-11.98493124401439	-11.998139866007177
+I+R4	75.0	5000	alternative	nominal	20000	0.051	1.0	-0.949	-0.952	-0.94595	0	18980	0.051	-11.983947718065753	-11.996275872789997	-11.971619563341509	-11.984187575288448	-13.125100605227178	-10.84223856877209	-11.983947718065753	-11.996275872789997	-11.971619563341509	-11.984187575288452
+I+R4	75.0	5000	null_heldout	calibrated	10000	0.0487	0.0481	0.0006000000000000033	-0.0044	0.0053	326	320	0.9354	-12.002315659476904	-12.019700074939418	-11.98493124401439	-11.998139866007177	-13.1453432728454	-10.87126451337321	-0.16655279712031773	-0.18393721258283188	-0.14916838165780358	-0.16237700365059027
+I+R4	75.0	5000	alternative	calibrated	20000	0.0508	0.05555	-0.004750000000000004	-0.0085	-0.0011	687	782	0.92655	-11.983947718065753	-11.996275872789997	-11.971619563341509	-11.984187575288448	-13.125100605227178	-10.84223856877209	-0.14818485570916473	-0.16051301043340854	-0.13585670098492092	-0.1484247129318632
+I+R4	75.0	10000	null_heldout	nominal	10000	0.0522	1.0	-0.9478	-0.952	-0.9434	0	9478	0.0522	-16.959694665190405	-16.977281118818112	-16.942108211562697	-16.9636136388233	-18.115768036137748	-15.800568378376132	-16.959694665190405	-16.977281118818112	-16.942108211562697	-16.963613638823297
+I+R4	75.0	10000	alternative	nominal	20000	0.0568	1.0	-0.9432	-0.9465	-0.94	0	18864	0.0568	-16.943284086479814	-16.955659168957443	-16.930909004002185	-16.949771783023998	-18.08154525327887	-15.800936332302419	-16.943284086479814	-16.955659168957443	-16.930909004002185	-16.949771783023998
+I+R4	75.0	10000	null_heldout	calibrated	10000	0.0519	0.0507	0.0011999999999999997	-0.0043	0.0066	377	365	0.9258	-16.959694665190405	-16.977281118818112	-16.942108211562697	-16.9636136388233	-18.115768036137748	-15.800568378376132	-0.12704163942519073	-0.14462809305289914	-0.10945518579748231	-0.13096061305808604
+I+R4	75.0	10000	alternative	calibrated	20000	0.0565	0.0546	0.001899999999999999	-0.00195	0.0058	794	756	0.9225	-16.943284086479814	-16.955659168957443	-16.930909004002185	-16.949771783023998	-18.08154525327887	-15.800936332302419	-0.11063106071459874	-0.12300614319222736	-0.09825597823697013	-0.11711875725878329
+I+R4	100.0	100	null_heldout	nominal	10000	0.0523	0.5061	-0.4538	-0.46400250000000004	-0.444	60	4598	0.5342	-1.6478419820833878	-1.6661566462660207	-1.629527317900755	-1.6757819993206118	-2.819109114859931	-0.44143478557541965	-1.6478419820833878	-1.6661566462660207	-1.629527317900755	-1.6757819993206118
+I+R4	100.0	100	alternative	nominal	20000	0.05375	0.511	-0.45725	-0.464	-0.45025	105	9250	0.53225	-1.6311931663795483	-1.6441302250652667	-1.6182561076938298	-1.6544860277288167	-2.802524966316069	-0.4149603993864558	-1.6311931663795483	-1.6441302250652667	-1.6182561076938298	-1.6544860277288167
+I+R4	100.0	100	null_heldout	calibrated	10000	0.0487	0.0502	-0.0015000000000000013	-0.0067	0.0038	364	379	0.9257	-1.6478419820833878	-1.6661566462660207	-1.629527317900755	-1.6757819993206118	-2.819109114859931	-0.44143478557541965	-0.19306851447507378	-0.21138317865770673	-0.17475385029244084	-0.2210085317122974
+I+R4	100.0	100	alternative	calibrated	20000	0.05035	0.0523	-0.0019500000000000003	-0.0058	0.0018512500000000046	719	758	0.92615	-1.6311931663795483	-1.6441302250652667	-1.6182561076938298	-1.6544860277288167	-2.802524966316069	-0.4149603993864558	-0.17641969877123398	-0.18935675745695252	-0.16348264008551544	-0.1997125601205023
+I+R4	100.0	500	null_heldout	nominal	10000	0.0511	0.9855	-0.9344	-0.9392	-0.9294	0	9344	0.0656	-3.788067429769246	-3.806168460782611	-3.7699663987558805	-3.807635472489595	-4.965543969233958	-2.585607296141619	-3.788067429769246	-3.806168460782611	-3.7699663987558805	-3.807635472489595
+I+R4	100.0	500	alternative	nominal	20000	0.0516	0.98695	-0.93535	-0.9388	-0.93205	0	18707	0.06465	-3.7738424409283327	-3.786698477414491	-3.7609864044421744	-3.7953082874746653	-4.9476698660285425	-2.5815525846913574	-3.7738424409283327	-3.786698477414491	-3.7609864044421744	-3.795308287474665
+I+R4	100.0	500	null_heldout	calibrated	10000	0.051	0.0498	0.0011999999999999997	-0.004	0.0067	374	362	0.9264	-3.788067429769246	-3.806168460782611	-3.7699663987558805	-3.807635472489595	-4.965543969233958	-2.585607296141619	-0.16898357893832175	-0.1870846099516871	-0.1508825479249564	-0.18855162165867112
+I+R4	100.0	500	alternative	calibrated	20000	0.0516	0.05335	-0.0017500000000000016	-0.0056	0.00205	740	775	0.92425	-3.7738424409283327	-3.786698477414491	-3.7609864044421744	-3.7953082874746653	-4.9476698660285425	-2.5815525846913574	-0.15475859009740817	-0.16761462658356646	-0.14190255361124987	-0.1762244366437411
+I+R4	100.0	1000	null_heldout	nominal	10000	0.0499	1.0	-0.9501	-0.9543	-0.9459	0	9501	0.0499	-5.357571188246594	-5.375915387220623	-5.339226989272566	-5.362872570379196	-6.567384522354878	-4.15370432990353	-5.3575711882465935	-5.375915387220622	-5.339226989272565	-5.362872570379196
+I+R4	100.0	1000	alternative	nominal	20000	0.04935	0.99995	-0.9506	-0.9537	-0.94755	0	19012	0.0494	-5.342551873859764	-5.355410127637491	-5.329693620082038	-5.351654695960656	-6.527727255684922	-4.150365907556848	-5.342551873859764	-5.355410127637491	-5.329693620082038	-5.351654695960656
+I+R4	100.0	1000	null_heldout	calibrated	10000	0.0487	0.0497	-0.0010000000000000009	-0.0063	0.0045	355	365	0.928	-5.357571188246594	-5.375915387220623	-5.339226989272566	-5.362872570379196	-6.567384522354878	-4.15370432990353	-0.1698839643306355	-0.18822816330466408	-0.1515397653566069	-0.17518534646323713
+I+R4	100.0	1000	alternative	calibrated	20000	0.0483	0.0493	-0.000999999999999994	-0.00465	0.00275	704	724	0.9286	-5.342551873859764	-5.355410127637491	-5.329693620082038	-5.351654695960656	-6.527727255684922	-4.150365907556848	-0.15486464994380608	-0.1677229037215327	-0.14200639616607946	-0.16396747204469708
+I+R4	100.0	5000	null_heldout	nominal	10000	0.0477	1.0	-0.9523	-0.9565	-0.9482	0	9523	0.0477	-12.00571929949363	-12.024001137077244	-11.987437461910018	-12.015698956932098	-13.184243403142208	-10.813841932580322	-12.00571929949363	-12.024001137077244	-11.987437461910018	-12.015698956932098
+I+R4	100.0	5000	alternative	nominal	20000	0.05055	1.0	-0.94945	-0.95230125	-0.9464	0	18989	0.05055	-11.982909419143562	-11.995728706991427	-11.970090131295697	-11.992921544737158	-13.16504362825746	-10.785254841342343	-11.982909419143562	-11.995728706991427	-11.970090131295697	-11.992921544737158
+I+R4	100.0	5000	null_heldout	calibrated	10000	0.0435	0.0455	-0.0020000000000000018	-0.007	0.0034	329	349	0.9322	-12.00571929949363	-12.024001137077244	-11.987437461910018	-12.015698956932098	-13.184243403142208	-10.813841932580322	-0.17994631254118879	-0.1982281501248022	-0.16166447495757538	-0.18992596997965627
+I+R4	100.0	5000	alternative	calibrated	20000	0.0466	0.04735	-0.0007500000000000007	-0.0044	0.00285	670	685	0.93225	-11.982909419143562	-11.995728706991427	-11.970090131295697	-11.992921544737158	-13.16504362825746	-10.785254841342343	-0.15713643219111942	-0.16995572003898432	-0.14431714434325452	-0.16714855778471538
+I+R4	100.0	10000	null_heldout	nominal	10000	0.046	1.0	-0.954	-0.9581	-0.9498	0	9540	0.046	-16.983744616267156	-17.001767008130674	-16.96572222440364	-16.987626704812442	-18.15854879907723	-15.80048588519583	-16.983744616267156	-17.001767008130674	-16.96572222440364	-16.987626704812442
+I+R4	100.0	10000	alternative	nominal	20000	0.04875	1.0	-0.95125	-0.95415	-0.94815	0	19025	0.04875	-16.962208213456652	-16.97506991063393	-16.949346516279373	-16.970423053249103	-18.146536882494143	-15.775492598216172	-16.962208213456652	-16.97506991063393	-16.949346516279373	-16.9704230532491
+I+R4	100.0	10000	null_heldout	calibrated	10000	0.0467	0.0483	-0.0016000000000000042	-0.0068	0.0036	328	344	0.9328	-16.983744616267156	-17.001767008130674	-16.96572222440364	-16.987626704812442	-18.15854879907723	-15.80048588519583	-0.1503959464675638	-0.16841833833108014	-0.13237355460404746	-0.15427803501284743
+I+R4	100.0	10000	alternative	calibrated	20000	0.0498	0.05085	-0.0010500000000000023	-0.004901249999999999	0.0026	729	750	0.92605	-16.962208213456652	-16.97506991063393	-16.949346516279373	-16.970423053249103	-18.146536882494143	-15.775492598216172	-0.12885954365705551	-0.14172124083433296	-0.11599784647977805	-0.13707438344950695
+I+R4	150.0	100	null_heldout	nominal	10000	0.053	0.4998	-0.44680000000000003	-0.4568	-0.4368975	60	4528	0.5412	-1.6262475248450254	-1.6447599009035614	-1.6077351487864895	-1.6358815246279619	-2.847745608570406	-0.41649207846348935	-1.6262475248450254	-1.6447599009035614	-1.6077351487864895	-1.6358815246279619
+I+R4	150.0	100	alternative	nominal	20000	0.05425	0.517	-0.46275	-0.47	-0.45595	119	9374	0.52535	-1.6483838857540432	-1.6615973355440394	-1.6351704359640469	-1.6704365697092234	-2.853598017221729	-0.4038070521523406	-1.6483838857540432	-1.6615973355440394	-1.6351704359640469	-1.6704365697092234
+I+R4	150.0	100	null_heldout	calibrated	10000	0.0469	0.0521	-0.005200000000000003	-0.0104	-0.0001	324	376	0.93	-1.6262475248450254	-1.6447599009035614	-1.6077351487864895	-1.6358815246279619	-2.847745608570406	-0.41649207846348935	-0.21856359622110272	-0.23707597227963867	-0.20005122016256677	-0.228197596004039
+I+R4	150.0	100	alternative	calibrated	20000	0.0466	0.05245	-0.005849999999999994	-0.0096	-0.00205	664	781	0.92775	-1.6483838857540432	-1.6615973355440394	-1.6351704359640469	-1.6704365697092234	-2.853598017221729	-0.4038070521523406	-0.24069995713012055	-0.2539134069201169	-0.22748650734012418	-0.2627526410853005
+I+R4	150.0	500	null_heldout	nominal	10000	0.0512	0.99	-0.9388	-0.9436	-0.9341	0	9388	0.0612	-3.7657183951245004	-3.784296989620242	-3.7471398006287586	-3.780331827154644	-4.975735834300722	-2.5183874971654503	-3.7657183951245004	-3.784296989620242	-3.7471398006287586	-3.780331827154644
+I+R4	150.0	500	alternative	nominal	20000	0.0524	0.989	-0.9366	-0.9399	-0.9331987500000001	0	18732	0.0634	-3.7814418399840317	-3.794519891691995	-3.7683637882760683	-3.7904690711861817	-4.982142487172502	-2.557998240793754	-3.7814418399840317	-3.794519891691995	-3.7683637882760683	-3.7904690711861813
+I+R4	150.0	500	null_heldout	calibrated	10000	0.0487	0.0474	0.0013000000000000025	-0.0039	0.0065	369	356	0.9275	-3.7657183951245004	-3.784296989620242	-3.7471398006287586	-3.780331827154644	-4.975735834300722	-2.5183874971654503	-0.16143079001432817	-0.18000938451006981	-0.14285219551858652	-0.1760442220444718
+I+R4	150.0	500	alternative	calibrated	20000	0.04975	0.05175	-0.001999999999999995	-0.0057	0.0017	711	751	0.9269	-3.7814418399840317	-3.794519891691995	-3.7683637882760683	-3.7904690711861817	-4.982142487172502	-2.557998240793754	-0.17715423487385948	-0.19023228658182303	-0.16407618316589592	-0.18618146607600927
+I+R4	150.0	1000	null_heldout	nominal	10000	0.0487	0.9999	-0.9512	-0.9553	-0.9469	0	9512	0.0488	-5.350716888140475	-5.368975142461165	-5.332458633819785	-5.355705240135141	-6.533250611132037	-4.139689737388306	-5.350716888140475	-5.368975142461165	-5.332458633819785	-5.355705240135141
+I+R4	150.0	1000	alternative	nominal	20000	0.0514	1.0	-0.9486	-0.95160125	-0.94545	0	18972	0.0514	-5.34706119691051	-5.360009161254129	-5.334113232566891	-5.345469214350981	-6.535860034034689	-4.146348088120041	-5.34706119691051	-5.360009161254129	-5.334113232566891	-5.345469214350981
+I+R4	150.0	1000	null_heldout	calibrated	10000	0.0505	0.0483	0.0022000000000000006	-0.0033	0.0078	392	370	0.9238	-5.350716888140475	-5.368975142461165	-5.332458633819785	-5.355705240135141	-6.533250611132037	-4.139689737388306	-0.11690754313034751	-0.13516579745103766	-0.09864928880965738	-0.12189589512501353
+I+R4	150.0	1000	alternative	calibrated	20000	0.053	0.05105	0.0019500000000000003	-0.0018012499999999995	0.00595	776	737	0.92435	-5.34706119691051	-5.360009161254129	-5.334113232566891	-5.345469214350981	-6.535860034034689	-4.146348088120041	-0.11325185190038314	-0.12619981624400184	-0.10030388755676445	-0.11165986934085392
+I+R4	150.0	5000	null_heldout	nominal	10000	0.0532	1.0	-0.9468	-0.9513025	-0.9424	0	9468	0.0532	-12.005928586189544	-12.024469560878016	-11.987387611501072	-12.013211473919533	-13.22136611849736	-10.79776953126689	-12.005928586189546	-12.024469560878018	-11.987387611501074	-12.013211473919533
+I+R4	150.0	5000	alternative	nominal	20000	0.05	1.0	-0.95	-0.9529	-0.94695	0	19000	0.05	-11.999568652289897	-12.012630616130938	-11.986506688448856	-12.006385793189374	-13.208405216782577	-10.779806968784605	-11.999568652289897	-12.012630616130938	-11.986506688448856	-12.006385793189374
+I+R4	150.0	5000	null_heldout	calibrated	10000	0.0505	0.0534	-0.0029	-0.0085	0.0025	372	401	0.9227	-12.005928586189544	-12.024469560878016	-11.987387611501072	-12.013211473919533	-13.22136611849736	-10.79776953126689	-0.18082594277282707	-0.19936691746129828	-0.16228496808435586	-0.18810883050281735
+I+R4	150.0	5000	alternative	calibrated	20000	0.0469	0.0516	-0.004700000000000003	-0.00855	-0.00105	704	798	0.9249	-11.999568652289897	-12.012630616130938	-11.986506688448856	-12.006385793189374	-13.208405216782577	-10.779806968784605	-0.17446600887318037	-0.18752797271422128	-0.16140404503213945	-0.18128314977265791
+I+R4	150.0	10000	null_heldout	nominal	10000	0.0504	1.0	-0.9496	-0.9538	-0.9454	0	9496	0.0504	-16.960457495296623	-16.978908198507487	-16.94200679208576	-16.94932189234693	-18.17236870400584	-15.760386026415643	-16.96045749529662	-16.978908198507483	-16.942006792085756	-16.94932189234693
+I+R4	150.0	10000	alternative	nominal	20000	0.05115	1.0	-0.94885	-0.95185	-0.94584875	0	18977	0.05115	-16.970413811439386	-16.98354546948462	-16.95728215339415	-16.963944399461795	-18.185478975422402	-15.75967791022004	-16.970413811439382	-16.983545469484618	-16.957282153394146	-16.96394439946179
+I+R4	150.0	10000	null_heldout	calibrated	10000	0.0498	0.0473	0.0024999999999999953	-0.0027	0.0076	368	343	0.9289	-16.960457495296623	-16.978908198507487	-16.94200679208576	-16.94932189234693	-18.17236870400584	-15.760386026415643	-0.14147463338559757	-0.1599253365964619	-0.12302393017473323	-0.13033903043590378
+I+R4	150.0	10000	alternative	calibrated	20000	0.0506	0.05115	-0.0005500000000000019	-0.0044512499999999995	0.00325	752	763	0.92425	-16.970413811439386	-16.98354546948462	-16.95728215339415	-16.963944399461795	-18.185478975422402	-15.75967791022004	-0.15143094952835812	-0.1645626075735942	-0.13829929148312203	-0.1449615375507669
+I+R4	200.0	100	null_heldout	nominal	10000	0.0533	0.5126	-0.45929999999999993	-0.4694	-0.4495	56	4649	0.5295	-1.6523664072747815	-1.6709634575262973	-1.6337693570232656	-1.66803320883325	-2.857486055003338	-0.41907001502430474	-1.6523664072747815	-1.6709634575262973	-1.6337693570232656	-1.66803320883325
+I+R4	200.0	100	alternative	nominal	20000	0.0544	0.51175	-0.45735000000000003	-0.46455125	-0.4503	118	9265	0.53085	-1.640585947545491	-1.6537970881482367	-1.6273748069427452	-1.6636751495275048	-2.8440570904036067	-0.40013093727382504	-1.640585947545491	-1.6537970881482367	-1.6273748069427452	-1.6636751495275046
+I+R4	200.0	100	null_heldout	calibrated	10000	0.0509	0.0469	0.0040000000000000036	-0.0012024999999999991	0.0093	374	334	0.9292	-1.6523664072747815	-1.6709634575262973	-1.6337693570232656	-1.66803320883325	-2.857486055003338	-0.41907001502430474	-0.17357476400214017	-0.19217181425365587	-0.15497771375062447	-0.189241565560609
+I+R4	200.0	100	alternative	calibrated	20000	0.0509	0.04755	0.003349999999999999	-0.00045	0.007	754	687	0.92795	-1.640585947545491	-1.6537970881482367	-1.6273748069427452	-1.6636751495275048	-2.8440570904036067	-0.40013093727382504	-0.16179430427284988	-0.17500544487559563	-0.14858316367010413	-0.18488350625486394
+I+R4	200.0	500	null_heldout	nominal	10000	0.0469	0.9889	-0.942	-0.9465	-0.9374	0	9420	0.058	-3.776634874625559	-3.7952417183344833	-3.758028030916635	-3.7828013438797568	-4.9897670803355165	-2.5475270290561425	-3.776634874625559	-3.7952417183344833	-3.758028030916635	-3.7828013438797563
+I+R4	200.0	500	alternative	nominal	20000	0.0516	0.9875	-0.9359000000000001	-0.93925	-0.9325	0	18718	0.0641	-3.766147259348073	-3.7792040265387907	-3.753090492157355	-3.767761414306682	-4.971320046567252	-2.5549435472891924	-3.766147259348072	-3.77920402653879	-3.7530904921573542	-3.767761414306682
+I+R4	200.0	500	null_heldout	calibrated	10000	0.0472	0.0475	-0.00030000000000000165	-0.0054	0.005	363	366	0.9271	-3.776634874625559	-3.7952417183344833	-3.758028030916635	-3.7828013438797568	-4.9897670803355165	-2.5475270290561425	-0.12665041018900652	-0.14525725389793084	-0.1080435664800822	-0.13281687944320364
+I+R4	200.0	500	alternative	calibrated	20000	0.0519	0.04975	0.002149999999999999	-0.0018	0.0059	778	735	0.92435	-3.766147259348073	-3.7792040265387907	-3.753090492157355	-3.767761414306682	-4.971320046567252	-2.5549435472891924	-0.11616279491151972	-0.12921956210223756	-0.10310602772080188	-0.11777694987012932
+I+R4	200.0	1000	null_heldout	nominal	10000	0.0509	1.0	-0.9491	-0.9534	-0.9447	0	9491	0.0509	-5.35053856725097	-5.369173420172415	-5.331903714329525	-5.358909964381225	-6.562458632400164	-4.13482624255199	-5.35053856725097	-5.369173420172415	-5.331903714329525	-5.358909964381225
+I+R4	200.0	1000	alternative	nominal	20000	0.05225	0.99995	-0.9477	-0.9508	-0.9445	0	18954	0.0523	-5.356720036048442	-5.369765129015887	-5.343674943080996	-5.367894696199189	-6.549591296121329	-4.147252949798738	-5.356720036048441	-5.369765129015886	-5.3436749430809956	-5.367894696199188
+I+R4	200.0	1000	null_heldout	calibrated	10000	0.05	0.0489	0.0011000000000000038	-0.004302499999999999	0.0064	377	366	0.9257	-5.35053856725097	-5.369173420172415	-5.331903714329525	-5.358909964381225	-6.562458632400164	-4.13482624255199	-0.14538974425455348	-0.16402459717599852	-0.12675489133310844	-0.15376114138480945
+I+R4	200.0	1000	alternative	calibrated	20000	0.05125	0.05105	0.0001999999999999988	-0.0037	0.004	752	748	0.925	-5.356720036048442	-5.369765129015887	-5.343674943080996	-5.367894696199189	-6.549591296121329	-4.147252949798738	-0.1515712130520248	-0.16461630601947047	-0.13852612008457915	-0.162745873202772
+I+R4	200.0	5000	null_heldout	nominal	10000	0.0471	1.0	-0.9529	-0.9571	-0.9487	0	9529	0.0471	-12.013408716172984	-12.031765460871679	-11.99505197147429	-12.017737913295292	-13.212166241483711	-10.808489971381153	-12.013408716172984	-12.031765460871679	-11.99505197147429	-12.017737913295292
+I+R4	200.0	5000	alternative	nominal	20000	0.05165	1.0	-0.94835	-0.95135	-0.9453	0	18967	0.05165	-11.99239030584924	-12.005412473856246	-11.979368137842233	-11.9979762473209	-13.194507700402639	-10.779681975028128	-11.99239030584924	-12.005412473856246	-11.979368137842233	-11.9979762473209
+I+R4	200.0	5000	null_heldout	calibrated	10000	0.0459	0.0504	-0.004499999999999997	-0.009602499999999998	0.0007	341	386	0.9273	-12.013408716172984	-12.031765460871679	-11.99505197147429	-12.017737913295292	-13.212166241483711	-10.808489971381153	-0.17734606231333705	-0.1957028070120324	-0.1589893176146417	-0.18167525943564478
+I+R4	200.0	5000	alternative	calibrated	20000	0.051	0.0524	-0.0014000000000000054	-0.0052	0.0025	746	774	0.924	-11.99239030584924	-12.005412473856246	-11.979368137842233	-11.9979762473209	-13.194507700402639	-10.779681975028128	-0.15632765198959214	-0.1693498199965989	-0.14330548398258539	-0.1619135934612519
+I+R4	200.0	10000	null_heldout	nominal	10000	0.0512	1.0	-0.9488	-0.9532	-0.9445	0	9488	0.0512	-16.980050029917606	-16.998303503121356	-16.961796556713857	-16.980925031390818	-18.16766223135644	-15.780635692759086	-16.980050029917606	-16.998303503121356	-16.961796556713857	-16.980925031390814
+I+R4	200.0	10000	alternative	nominal	20000	0.0489	1.0	-0.9511000000000001	-0.95405	-0.9482	0	19022	0.0489	-16.964850642995692	-16.977798944379906	-16.95190234161148	-16.969351346199836	-18.165167954199788	-15.766234273983715	-16.964850642995692	-16.977798944379906	-16.95190234161148	-16.969351346199836
+I+R4	200.0	10000	null_heldout	calibrated	10000	0.0487	0.0509	-0.0022000000000000006	-0.0076	0.0031	361	383	0.9256	-16.980050029917606	-16.998303503121356	-16.961796556713857	-16.980925031390818	-18.16766223135644	-15.780635692759086	-0.18790035748537243	-0.20615383068912108	-0.16964688428162378	-0.18877535895858344
+I+R4	200.0	10000	alternative	calibrated	20000	0.04565	0.05135	-0.005699999999999997	-0.00935	-0.0019	670	784	0.9273	-16.964850642995692	-16.977798944379906	-16.95190234161148	-16.969351346199836	-18.165167954199788	-15.766234273983715	-0.17270097056346004	-0.18564927194767253	-0.15975266917924755	-0.17720167376760543
+I+R4	500.0	100	null_heldout	nominal	10000	0.0527	0.5161	-0.46340000000000003	-0.4734	-0.4531	67	4701	0.5232	-1.6361802194588686	-1.6548480063828048	-1.6175124325349324	-1.657052797348618	-2.8406731787048276	-0.3771420300985856	-1.6361802194588686	-1.6548480063828048	-1.6175124325349324	-1.6570527973486182
+I+R4	500.0	100	alternative	nominal	20000	0.05315	0.5106	-0.45745	-0.4646	-0.45049875	146	9295	0.52795	-1.63847199809876	-1.6517609581558976	-1.6251830380416226	-1.6635906295888803	-2.839840984161426	-0.39193643731320243	-1.63847199809876	-1.6517609581558976	-1.6251830380416226	-1.6635906295888805
+I+R4	500.0	100	null_heldout	calibrated	10000	0.0461	0.0507	-0.0046	-0.0099	0.0007	332	378	0.929	-1.6361802194588686	-1.6548480063828048	-1.6175124325349324	-1.657052797348618	-2.8406731787048276	-0.3771420300985856	-0.2048245598793007	-0.2234923468032369	-0.1861567729553645	-0.2256971377690502
+I+R4	500.0	100	alternative	calibrated	20000	0.04755	0.0516	-0.004049999999999998	-0.00790125	-0.00034874999999999544	707	788	0.92525	-1.63847199809876	-1.6517609581558976	-1.6251830380416226	-1.6635906295888803	-2.839840984161426	-0.39193643731320243	-0.2071163385191921	-0.22040529857632962	-0.19382737846205456	-0.23223497000931248
+I+R4	500.0	500	null_heldout	nominal	10000	0.0519	0.9897	-0.9378	-0.9425	-0.933	0	9378	0.0622	-3.781269646701042	-3.7998972977117322	-3.762641995690352	-3.7883223035683793	-4.984629808221974	-2.574506929175122	-3.781269646701042	-3.7998972977117322	-3.762641995690352	-3.7883223035683784
+I+R4	500.0	500	alternative	nominal	20000	0.0527	0.9878	-0.9351	-0.93855125	-0.93175	0	18702	0.0649	-3.7653568091430514	-3.7783799427307008	-3.752333675555402	-3.771642998379296	-4.97242694676944	-2.5594326082949683	-3.7653568091430514	-3.7783799427307008	-3.752333675555402	-3.7716429983792956
+I+R4	500.0	500	null_heldout	calibrated	10000	0.0491	0.0484	0.0006999999999999992	-0.0046	0.0059	355	348	0.9297	-3.781269646701042	-3.7998972977117322	-3.762641995690352	-3.7883223035683793	-4.984629808221974	-2.574506929175122	-0.17665132575624728	-0.19527897676693767	-0.1580236747455569	-0.18370398262358467
+I+R4	500.0	500	alternative	calibrated	20000	0.0504	0.0493	0.0011000000000000038	-0.0025512499999999997	0.0047	734	712	0.9277	-3.7653568091430514	-3.7783799427307008	-3.752333675555402	-3.771642998379296	-4.97242694676944	-2.5594326082949683	-0.16073848819825667	-0.17376162178590593	-0.14771535461060742	-0.1670246774345019
+I+R4	500.0	1000	null_heldout	nominal	10000	0.0537	0.9999	-0.9462	-0.9507	-0.9418	0	9462	0.0538	-5.3495424749533225	-5.368089435241429	-5.330995514665216	-5.358249509423613	-6.558000106866449	-4.140398020901854	-5.349542474953322	-5.368089435241428	-5.330995514665215	-5.358249509423613
+I+R4	500.0	1000	alternative	nominal	20000	0.0519	0.9999	-0.948	-0.95115	-0.9448	0	18960	0.052	-5.352702296810172	-5.3657614996532415	-5.339643093967102	-5.358196614199271	-6.561651439914264	-4.142514163230967	-5.352702296810172	-5.3657614996532415	-5.339643093967102	-5.358196614199271
+I+R4	500.0	1000	null_heldout	calibrated	10000	0.0555	0.0462	0.009300000000000003	0.0039	0.015	420	327	0.9253	-5.3495424749533225	-5.368089435241429	-5.330995514665216	-5.358249509423613	-6.558000106866449	-4.140398020901854	-0.127105207873639	-0.14565216816174584	-0.10855824758553215	-0.13581224234392986
+I+R4	500.0	1000	alternative	calibrated	20000	0.0545	0.05165	0.0028499999999999984	-0.0011	0.0067	815	758	0.92135	-5.352702296810172	-5.3657614996532415	-5.339643093967102	-5.358196614199271	-6.561651439914264	-4.142514163230967	-0.13026502973048867	-0.14332423257355809	-0.11720582688741926	-0.13575934711958793
+I+R4	500.0	5000	null_heldout	nominal	10000	0.0453	1.0	-0.9547	-0.9587	-0.9506	0	9547	0.0453	-11.990698473778277	-12.008908492252697	-11.972488455303857	-11.995437821252025	-13.193146249449066	-10.793267437608156	-11.990698473778277	-12.008908492252697	-11.972488455303857	-11.995437821252025
+I+R4	500.0	5000	alternative	nominal	20000	0.0492	1.0	-0.9508	-0.95385	-0.94784875	0	19016	0.0492	-11.99932870399576	-12.0123656874796	-11.98629172051192	-12.003394545722575	-13.204907969861631	-10.797385999540698	-11.99932870399576	-12.0123656874796	-11.98629172051192	-12.003394545722575
+I+R4	500.0	5000	null_heldout	calibrated	10000	0.0452	0.0537	-0.0085	-0.0138	-0.0032	333	418	0.9249	-11.990698473778277	-12.008908492252697	-11.972488455303857	-11.995437821252025	-13.193146249449066	-10.793267437608156	-0.1702976538031658	-0.18850767227758525	-0.15208763532874636	-0.17503700127691513
+I+R4	500.0	5000	alternative	calibrated	20000	0.0489	0.0543	-0.005400000000000002	-0.00910125	-0.0015	695	803	0.9251	-11.99932870399576	-12.0123656874796	-11.98629172051192	-12.003394545722575	-13.204907969861631	-10.797385999540698	-0.17892788402064788	-0.19196486750448724	-0.16589090053680852	-0.18299372574746364
+I+R4	500.0	10000	null_heldout	nominal	10000	0.0529	1.0	-0.9471	-0.9515	-0.9427	0	9471	0.0529	-16.96015584510415	-16.978565163056658	-16.941746527151643	-16.971168787029683	-18.172800010020566	-15.765291829767694	-16.96015584510415	-16.978565163056658	-16.941746527151643	-16.971168787029676
+I+R4	500.0	10000	alternative	nominal	20000	0.0505	1.0	-0.9495	-0.9526	-0.9464	0	18990	0.0505	-16.966790212284536	-16.979908906436712	-16.95367151813236	-16.973298196065866	-18.17881097080763	-15.764954668211306	-16.966790212284536	-16.979908906436712	-16.95367151813236	-16.973298196065866
+I+R4	500.0	10000	null_heldout	calibrated	10000	0.0498	0.0504	-0.0006000000000000033	-0.005902499999999999	0.0047	363	369	0.9268	-16.96015584510415	-16.978565163056658	-16.941746527151643	-16.971168787029683	-18.172800010020566	-15.765291829767694	-0.14702999503622577	-0.16543931298873313	-0.1286206770837184	-0.15804293696175442
+I+R4	500.0	10000	alternative	calibrated	20000	0.0484	0.0479	0.0005000000000000004	-0.00305	0.00415	704	694	0.9301	-16.966790212284536	-16.979908906436712	-16.95367151813236	-16.973298196065866	-18.17881097080763	-15.764954668211306	-0.15366436221660812	-0.16678305636878568	-0.14054566806443056	-0.16017234599794072
+I+R4	1000.0	100	null_heldout	nominal	10000	0.0544	0.5106	-0.45620000000000005	-0.4663	-0.4464	51	4613	0.5336	-1.6563590459149484	-1.675079736626541	-1.6376383552033558	-1.6741556925595695	-2.8551760829430335	-0.4090228075229395	-1.6563590459149484	-1.675079736626541	-1.6376383552033558	-1.6741556925595695
+I+R4	1000.0	100	alternative	nominal	20000	0.0569	0.5133	-0.4564	-0.4635	-0.4493	141	9269	0.5295	-1.6369006216302455	-1.6501491368786243	-1.6236521063818667	-1.658786612075263	-2.8359124063578225	-0.4075283937121781	-1.6369006216302455	-1.6501491368786243	-1.6236521063818667	-1.658786612075263
+I+R4	1000.0	100	null_heldout	calibrated	10000	0.0499	0.0528	-0.0029	-0.0083	0.0024	358	387	0.9255	-1.6563590459149484	-1.675079736626541	-1.6376383552033558	-1.6741556925595695	-2.8551760829430335	-0.4090228075229395	-0.1904273991201872	-0.20914808983177982	-0.17170670840859456	-0.20822404576480813
+I+R4	1000.0	100	alternative	calibrated	20000	0.05205	0.0503	0.0017500000000000016	-0.0021012499999999994	0.00555	757	722	0.92605	-1.6369006216302455	-1.6501491368786243	-1.6236521063818667	-1.658786612075263	-2.8359124063578225	-0.4075283937121781	-0.1709689748354841	-0.1842174900838628	-0.1577204595871054	-0.1928549652805014
+I+R4	1000.0	500	null_heldout	nominal	10000	0.051	0.9869	-0.9359	-0.9407	-0.9311	0	9359	0.0641	-3.7597308918562353	-3.778022236956844	-3.7414395467556267	-3.775695074173856	-4.942662273478593	-2.5395253315262383	-3.7597308918562353	-3.778022236956844	-3.7414395467556267	-3.775695074173856
+I+R4	1000.0	500	alternative	nominal	20000	0.05345	0.9881	-0.93465	-0.9382	-0.93115	0	18693	0.06535	-3.7749620592848427	-3.788073842394785	-3.7618502761749006	-3.784043965965294	-4.977851842668575	-2.558036537224178	-3.7749620592848427	-3.788073842394785	-3.7618502761749006	-3.784043965965294
+I+R4	1000.0	500	null_heldout	calibrated	10000	0.0555	0.0479	0.007600000000000003	0.0023	0.013	412	336	0.9252	-3.7597308918562353	-3.778022236956844	-3.7414395467556267	-3.775695074173856	-4.942662273478593	-2.5395253315262383	-0.09198526952842713	-0.11027661462903565	-0.07369392442781861	-0.10794945184604776
+I+R4	1000.0	500	alternative	calibrated	20000	0.0574	0.04855	0.008849999999999997	0.00485	0.0128	857	680	0.92315	-3.7749620592848427	-3.788073842394785	-3.7618502761749006	-3.784043965965294	-4.977851842668575	-2.558036537224178	-0.1072164369570335	-0.12032822006697541	-0.0941046538470916	-0.11629834363748515
+I+R4	1000.0	1000	null_heldout	nominal	10000	0.0499	1.0	-0.9501	-0.9544	-0.9457	0	9501	0.0499	-5.333024262715672	-5.351319540446664	-5.314728984984681	-5.339101910852068	-6.512223878570257	-4.1398043712665835	-5.333024262715672	-5.351319540446664	-5.314728984984681	-5.339101910852067
+I+R4	1000.0	1000	alternative	nominal	20000	0.05245	0.9999	-0.94745	-0.9506	-0.94435	0	18949	0.05255	-5.352049098274295	-5.3652488433876915	-5.338849353160899	-5.3635303223409565	-6.570117389880556	-4.1200575140436655	-5.352049098274295	-5.3652488433876915	-5.338849353160899	-5.3635303223409565
+I+R4	1000.0	1000	null_heldout	calibrated	10000	0.0497	0.0494	0.00030000000000000165	-0.0052	0.0054	352	349	0.9299	-5.333024262715672	-5.351319540446664	-5.314728984984681	-5.339101910852068	-6.512223878570257	-4.1398043712665835	-0.1073196267440175	-0.12561490447500864	-0.08902434901302636	-0.11339727488041262
+I+R4	1000.0	1000	alternative	calibrated	20000	0.05215	0.0472	0.004950000000000003	0.0012	0.0087	801	702	0.92485	-5.352049098274295	-5.3652488433876915	-5.338849353160899	-5.3635303223409565	-6.570117389880556	-4.1200575140436655	-0.12634446230263988	-0.13954420741603576	-0.11314471718924399	-0.1378256863693017
+I+R4	1000.0	5000	null_heldout	nominal	10000	0.0538	1.0	-0.9462	-0.9504	-0.9418	0	9462	0.0538	-12.002108940900918	-12.020579997928479	-11.983637883873357	-12.012632808261433	-13.215062547849605	-10.789028169321268	-12.002108940900918	-12.020579997928479	-11.983637883873357	-12.012632808261433
+I+R4	1000.0	5000	alternative	nominal	20000	0.05105	1.0	-0.94895	-0.952	-0.94584875	0	18979	0.05105	-11.993057871136426	-12.006046971410148	-11.980068770862703	-11.998668726316495	-13.193379702749507	-10.792101557542672	-11.993057871136427	-12.00604697141015	-11.980068770862704	-11.998668726316495
+I+R4	1000.0	5000	null_heldout	calibrated	10000	0.0549	0.0499	0.0049999999999999975	-0.0006	0.01050250000000001	421	371	0.9208	-12.002108940900918	-12.020579997928479	-11.983637883873357	-12.012632808261433	-13.215062547849605	-10.789028169321268	-0.11894261782806047	-0.13741367485562206	-0.10047156080049888	-0.1294664851885754
+I+R4	1000.0	5000	alternative	calibrated	20000	0.05255	0.0481	0.0044500000000000026	0.00075	0.0083	780	691	0.92645	-11.993057871136426	-12.006046971410148	-11.980068770862703	-11.998668726316495	-13.193379702749507	-10.792101557542672	-0.10989154806356906	-0.1228806483372924	-0.09690244778984572	-0.1155024032436387
+I+R4	1000.0	10000	null_heldout	nominal	10000	0.0483	1.0	-0.9517	-0.9557	-0.9476	0	9517	0.0483	-16.9805521523879	-16.998948740255155	-16.962155564520646	-16.975196893921595	-18.185297106763834	-15.766228530663607	-16.9805521523879	-16.998948740255155	-16.962155564520646	-16.97519689392159
+I+R4	1000.0	10000	alternative	nominal	20000	0.04925	1.0	-0.95075	-0.95370125	-0.94775	0	19015	0.04925	-16.97065720707824	-16.98374809189325	-16.95756632226323	-16.974350768878924	-18.179484427475177	-15.76865235297429	-16.97065720707824	-16.98374809189325	-16.95756632226323	-16.97435076887892
+I+R4	1000.0	10000	null_heldout	calibrated	10000	0.047	0.052	-0.0049999999999999975	-0.0104	0.0003	351	401	0.9248	-16.9805521523879	-16.998948740255155	-16.962155564520646	-16.975196893921595	-18.185297106763834	-15.766228530663607	-0.17542465281195668	-0.19382124067921128	-0.1570280649447021	-0.17006939434564572
+I+R4	1000.0	10000	alternative	calibrated	20000	0.0469	0.05175	-0.00485	-0.00850125	-0.0012987499999999954	672	769	0.92795	-16.97065720707824	-16.98374809189325	-16.95756632226323	-16.974350768878924	-18.179484427475177	-15.76865235297429	-0.16552970750229273	-0.17862059231730248	-0.15243882268728298	-0.16922326930297515
+I+R4	10000.0	100	null_heldout	nominal	10000	0.0528	0.5107	-0.45790000000000003	-0.468	-0.4479975	64	4643	0.5293	-1.6568035494814635	-1.675532613816222	-1.6380744851467048	-1.6890990510600066	-2.8499874381723407	-0.41372944805925854	-1.6568035494814635	-1.675532613816222	-1.6380744851467048	-1.6890990510600066
+I+R4	10000.0	100	alternative	nominal	20000	0.0555	0.51865	-0.46315000000000006	-0.47005	-0.45615	141	9404	0.52275	-1.6475061879001085	-1.6608240856474448	-1.6341882901527722	-1.6715201597111748	-2.863163644294863	-0.4141740467281646	-1.6475061879001085	-1.6608240856474448	-1.6341882901527722	-1.671520159711175
+I+R4	10000.0	100	null_heldout	calibrated	10000	0.0501	0.053	-0.0029	-0.0086	0.0026	371	400	0.9229	-1.6568035494814635	-1.675532613816222	-1.6380744851467048	-1.6890990510600066	-2.8499874381723407	-0.41372944805925854	-0.19569737082189803	-0.21442643515665677	-0.1769683064871393	-0.2279928724004412
+I+R4	10000.0	100	alternative	calibrated	20000	0.0522	0.049	0.0032000000000000015	-0.00075	0.007	794	730	0.9238	-1.6475061879001085	-1.6608240856474448	-1.6341882901527722	-1.6715201597111748	-2.863163644294863	-0.4141740467281646	-0.18640000924054326	-0.19971790698787958	-0.17308211149320693	-0.2104139810516097
+I+R4	10000.0	500	null_heldout	nominal	10000	0.0499	0.9875	-0.9376	-0.9422	-0.9329	1	9377	0.0622	-3.772407496224527	-3.7908676392135026	-3.7539473532355516	-3.7784833092782133	-4.9797312691586955	-2.554664366721408	-3.772407496224527	-3.7908676392135026	-3.7539473532355516	-3.7784833092782124
+I+R4	10000.0	500	alternative	nominal	20000	0.05075	0.9889	-0.93815	-0.94155	-0.93485	0	18763	0.06185	-3.775049441229459	-3.7881664492165816	-3.761932433242336	-3.7891434332692584	-4.974720876599511	-2.5609140268825006	-3.775049441229459	-3.7881664492165816	-3.761932433242336	-3.7891434332692584
+I+R4	10000.0	500	null_heldout	calibrated	10000	0.0455	0.0494	-0.0039000000000000007	-0.009	0.0012	311	350	0.9339	-3.772407496224527	-3.7908676392135026	-3.7539473532355516	-3.7784833092782133	-4.9797312691586955	-2.554664366721408	-0.1714874030883663	-0.18994754607734177	-0.15302726009939083	-0.17756321614205195
+I+R4	10000.0	500	alternative	calibrated	20000	0.04745	0.05125	-0.003799999999999998	-0.0075	-0.00014874999999999543	682	758	0.928	-3.775049441229459	-3.7881664492165816	-3.761932433242336	-3.7891434332692584	-4.974720876599511	-2.5609140268825006	-0.17412934809329797	-0.18724635608042092	-0.16101234010617502	-0.1882233401330975
+I+R4	10000.0	1000	null_heldout	nominal	10000	0.0483	0.9999	-0.9516	-0.9558	-0.9474	0	9516	0.0484	-5.341858580113994	-5.360275184997899	-5.323441975230089	-5.342228355101984	-6.543012412729885	-4.13952336477313	-5.341858580113994	-5.360275184997899	-5.323441975230089	-5.342228355101984
+I+R4	10000.0	1000	alternative	nominal	20000	0.0527	0.99995	-0.94725	-0.9503	-0.9442	0	18945	0.05275	-5.3471674584108175	-5.360343049397844	-5.333991867423791	-5.355282121070594	-6.55376612321509	-4.1201565309367	-5.3471674584108175	-5.360343049397844	-5.333991867423791	-5.355282121070594
+I+R4	10000.0	1000	null_heldout	calibrated	10000	0.047	0.0481	-0.0010999999999999968	-0.0063	0.0039	348	359	0.9293	-5.341858580113994	-5.360275184997899	-5.323441975230089	-5.342228355101984	-6.543012412729885	-4.13952336477313	-0.15748561834078056	-0.17590222322468563	-0.1390690134568755	-0.15785539332877097
+I+R4	10000.0	1000	alternative	calibrated	20000	0.051	0.0532	-0.0022000000000000006	-0.006	0.00155	747	791	0.9231	-5.3471674584108175	-5.360343049397844	-5.333991867423791	-5.355282121070594	-6.55376612321509	-4.1201565309367	-0.1627944966376042	-0.17597008762463096	-0.14961890565057745	-0.17090915929738193
+I+R4	10000.0	5000	null_heldout	nominal	10000	0.0499	1.0	-0.9501	-0.9543	-0.9459	0	9501	0.0499	-11.991796982062025	-12.010143249889603	-11.973450714234447	-12.005646643148552	-13.17480644135522	-10.787447411215673	-11.991796982062025	-12.010143249889603	-11.973450714234447	-12.005646643148555
+I+R4	10000.0	5000	alternative	nominal	20000	0.05385	1.0	-0.94615	-0.94935	-0.9432	0	18923	0.05385	-11.98917140161838	-12.00217488488813	-11.976167918348631	-11.993239410846005	-13.189218053188986	-10.786580323944467	-11.98917140161838	-12.00217488488813	-11.976167918348631	-11.993239410846007
+I+R4	10000.0	5000	null_heldout	calibrated	10000	0.0495	0.0537	-0.004199999999999995	-0.0096	0.001	346	388	0.9266	-11.991796982062025	-12.010143249889603	-11.973450714234447	-12.005646643148552	-13.17480644135522	-10.787447411215673	-0.19406585355302827	-0.2124121213806067	-0.17571958572544985	-0.2079155146395566
+I+R4	10000.0	5000	alternative	calibrated	20000	0.05345	0.05575	-0.0023000000000000034	-0.0063	0.00165	769	815	0.9208	-11.98917140161838	-12.00217488488813	-11.976167918348631	-11.993239410846005	-13.189218053188986	-10.786580323944467	-0.191440273109383	-0.20444375637913206	-0.17843678983963393	-0.19550828233701
+I+R4	10000.0	10000	null_heldout	nominal	10000	0.0496	1.0	-0.9504	-0.9546	-0.946	0	9504	0.0496	-16.96656576752151	-16.984901610259616	-16.9482299247834	-16.954750231182654	-18.160983424702735	-15.773910512871938	-16.96656576752151	-16.984901610259616	-16.9482299247834	-16.95475023118265
+I+R4	10000.0	10000	alternative	nominal	20000	0.05065	1.0	-0.94935	-0.95235	-0.9463987500000001	0	18987	0.05065	-16.965469290382856	-16.97854176125792	-16.952396819507793	-16.969814737668962	-18.171452943332532	-15.752957735783845	-16.965469290382856	-16.97854176125792	-16.952396819507793	-16.969814737668962
+I+R4	10000.0	10000	null_heldout	calibrated	10000	0.0488	0.0513	-0.0024999999999999953	-0.0078	0.0028	352	377	0.9271	-16.96656576752151	-16.984901610259616	-16.9482299247834	-16.954750231182654	-18.160983424702735	-15.773910512871938	-0.1616502299716893	-0.17998607270979497	-0.1433143872335836	-0.14983469363282964
+I+R4	10000.0	10000	alternative	calibrated	20000	0.04925	0.0503	-0.0010499999999999954	-0.00470125	0.002851250000000005	718	739	0.92715	-16.965469290382856	-16.97854176125792	-16.952396819507793	-16.969814737668962	-18.171452943332532	-15.752957735783845	-0.1605537528330371	-0.17362622370809971	-0.1474812819579745	-0.16489920011913917
