model	branch_length	nsites	method	null_training_reps	null_heldout_reps	alternative_reps	exact_null_mean	exact_null_sd	exact_alternative_mean	exact_standardized_separation	empirical_threshold	heldout_null_mean_z	heldout_null_median_z	heldout_null_sd_z	null_nominal_rejection	null_nominal_ci_low	null_nominal_ci_high	null_calibrated_rejection	null_calibrated_ci_low	null_calibrated_ci_high	nominal_power	nominal_power_ci_low	nominal_power_ci_high	calibrated_power	calibrated_power_ci_low	calibrated_power_ci_high	alternative_mean_z	alternative_median_z	alternative_sd_z
+I+G4	0.5	100	legacy_counterfactual	10000	10000	20000	0.2164127073999684	1.278337856459337	1.3339740219013396	0.8742300080173836	3.123079402013554	1.6509176924501814	1.6645818284557288	0.9453646126504808	0.5093	0.49950000489990515	0.5190928524680083	0.0572	0.05281614127619902	0.061923940174111014	1.0	0.9998079568876411	1.0	1.0	0.9998079568876411	1.0	10.422635719299185	10.35725236434645	1.306955300709323
+I+G4	0.5	100	refined_invariant_null	10000	10000	20000	1.3877787807814457e-17	0.8980802234599395	0.7914258746595967	0.881241846759027	1.5514716196166736	-0.03872130571438792	-0.027138682389157932	1.0273510831432833	0.0478	0.043789329249743165	0.05215797163514888	0.0576	0.053201088687893604	0.06233868555243422	1.0	0.9998079568876411	1.0	1.0	0.9998079568876411	1.0	9.468753695450394	9.37932106419401	1.442620217341578
+I+G4	0.5	500	legacy_counterfactual	10000	10000	20000	0.2164127073999684	1.278337856459337	1.3339740219013396	0.8742300080173836	5.287134707543571	3.7669758448566046	3.7699027545667496	0.9293197858160861	0.9882	0.9858881371552632	0.9901369130614455	0.0488	0.0447477099582466	0.05319882290168992	1.0	0.9998079568876411	1.0	1.0	0.9998079568876411	1.0	23.20166754633913	23.16156819798732	1.2791112577793236
+I+G4	0.5	500	refined_invariant_null	10000	10000	20000	1.3877787807814457e-17	0.8980802234599395	0.7914258746595967	0.881241846759027	1.630739908948848	-0.018502829338369036	-0.016313226967996686	1.0114193844835822	0.0491	0.045035320072915955	0.05351098237953389	0.0504	0.04628212937744861	0.054863174642559055	1.0	0.9998079568876411	1.0	1.0	0.9998079568876411	1.0	21.020173318321667	20.968806452041427	1.4018825801721115
+I+G4	0.5	1000	legacy_counterfactual	10000	10000	20000	0.2164127073999684	1.278337856459337	1.3339740219013396	0.8742300080173836	6.842773164622406	5.334809994587059	5.33800577793813	0.9198179474132332	1.0	0.9996159875222334	0.9999999999999999	0.0498	0.04570657916787368	0.0542391856671073	1.0	0.9998079568876411	1.0	1.0	0.9998079568876411	1.0	32.809363376670724	32.78566898738663	1.2894854983814261
+I+G4	0.5	1000	refined_invariant_null	10000	10000	20000	1.3877787807814457e-17	0.8980802234599395	0.7914258746595967	0.881241846759027	1.614779227597243	-0.017303571464510087	-0.01547521532240648	1.0008618892432062	0.0486	0.044555994280372054	0.052990692184555564	0.0516	0.04743373093848816	0.05611065145157285	1.0	0.9998079568876411	1.0	1.0	0.9998079568876411	1.0	29.717664656241926	29.69816002878151	1.4136757065048378
+I+G4	0.5	5000	legacy_counterfactual	10000	10000	20000	0.2164127073999684	1.278337856459337	1.3339740219013396	0.8742300080173836	13.51188150019713	11.957825168445025	11.962599125343614	0.9120388991414443	1.0	0.9996159875222334	0.9999999999999999	0.0421	0.0383366493939983	0.04621502923314028	1.0	0.9998079568876411	1.0	1.0	0.9998079568876411	1.0	73.34017883487313	73.3224174679823	1.2843812513889026
+I+G4	0.5	5000	refined_invariant_null	10000	10000	20000	1.3877787807814457e-17	0.8980802234599395	0.7914258746595967	0.881241846759027	1.6741541149985464	-0.014294859832884857	-0.009552419137370656	0.9913914983058426	0.045	0.041108589268659346	0.049240862086108186	0.0423	0.03852766036149848	0.046423864660648996	1.0	0.9998079568876411	1.0	1.0	0.9998079568876411	1.0	66.41407868266032	66.39043382941043	1.4071302610750689
+I+G4	0.5	10000	legacy_counterfactual	10000	10000	20000	0.2164127073999684	1.278337856459337	1.3339740219013396	0.8742300080173836	18.448196571815433	16.93859214474195	16.937805844792884	0.9144111062166476	1.0	0.9996159875222334	0.9999999999999999	0.0506	0.04647401691551558	0.05507113349950097	1.0	0.9998079568876411	1.0	1.0	0.9998079568876411	1.0	103.72382906779632	103.71150242027728	1.2830062072970914
+I+G4	0.5	10000	refined_invariant_null	10000	10000	20000	1.3877787807814457e-17	0.8980802234599395	0.7914258746595967	0.881241846759027	1.651783067980699	0.011185652704225878	0.014052649416696355	0.9943014079007367	0.0514	0.04724175162942263	0.0559027843656295	0.0505	0.046378070820086464	0.05496715639742565	1.0	0.9998079568876411	1.0	1.0	0.9998079568876411	1.0	93.92735787172167	93.91504461704314	1.4043029615151357
+I+G4	1.0	100	legacy_counterfactual	10000	10000	20000	0.18312830248088274	1.079454868728831	0.9503478661558338	0.7107472353878314	3.15987305232807	1.6711176251209618	1.6941140087030484	0.9479746913047075	0.5204	0.510602203419367	0.5301821288715401	0.0565	0.05214263391620294	0.06119798515157597	1.0	0.9998079568876411	1.0	1.0	0.9998079568876411	1.0	8.315066626677703	8.267576303149497	1.126231155311335
+I+G4	1.0	100	refined_invariant_null	10000	10000	20000	1.5265566588595902e-16	0.7440131620279822	0.5329926192440353	0.7163752557699906	1.5911376467559684	-0.021006145084174727	0.007191603057028817	1.0321043893173196	0.0511	0.046953816730797814	0.055590949671740976	0.0571	0.05271991415498993	0.061820244097815655	1.0	0.9998079568876411	1.0	1.0	0.9998079568876411	1.0	7.135873663089583	7.07810793210372	1.2049862469007806
+I+G4	1.0	500	legacy_counterfactual	10000	10000	20000	0.18312830248088274	1.079454868728831	0.9503478661558338	0.7107472353878314	5.271642130222416	3.780464650431566	3.80058532632043	0.9171894418018578	0.9893	0.9870871895308392	0.9911370158584184	0.0506	0.04647401691551558	0.05507113349950097	1.0	0.9998079568876411	1.0	1.0	0.9998079568876411	1.0	18.5218772371204	18.501550647307837	1.1122334418327324
+I+G4	1.0	500	refined_invariant_null	10000	10000	20000	1.5265566588595902e-16	0.7440131620279822	0.5329926192440353	0.7163752557699906	1.6102959542887865	-0.011780784926322155	0.012457699443155333	0.9974141097586222	0.0465	0.042544188721841285	0.05080411059549295	0.0503	0.04618619260069309	0.05475918822181011	1.0	0.9998079568876411	1.0	1.0	0.9998079568876411	1.0	15.857845438919368	15.833613211665618	1.1866141816797646
+I+G4	1.0	1000	legacy_counterfactual	10000	10000	20000	0.18312830248088274	1.079454868728831	0.9503478661558338	0.7107472353878314	6.839935001163611	5.3686977738034525	5.369172700306465	0.9203917397185601	1.0	0.9996159875222334	0.9999999999999999	0.0554	0.05108465961984977	0.06005680427538021	1.0	0.9998079568876411	1.0	1.0	0.9998079568876411	1.0	26.193940693801427	26.18646153876577	1.1124938619531133
+I+G4	1.0	1000	refined_invariant_null	10000	10000	20000	1.5265566588595902e-16	0.7440131620279822	0.5329926192440353	0.7163752557699906	1.6079518967357516	0.006229982847479336	0.011054545392709265	1.0028358106693316	0.0496	0.04551476692140481	0.05403115151856727	0.0526	0.048393896302291316	0.05714971806281418	1.0	0.9998079568876411	1.0	1.0	0.9998079568876411	1.0	22.420677866380753	22.40988327854827	1.1869213766323796
+I+G4	1.0	5000	legacy_counterfactual	10000	10000	20000	0.18312830248088274	1.079454868728831	0.9503478661558338	0.7107472353878314	13.504472214152239	12.001668531825352	12.002574493889362	0.9150459617746588	1.0	0.9996159875222334	0.9999999999999999	0.0487	0.0446518496699761	0.05309475999245596	1.0	0.9998079568876411	1.0	1.0	0.9998079568876411	1.0	58.54418940028504	58.548831566766026	1.1061643505021443
+I+G4	1.0	5000	refined_invariant_null	10000	10000	20000	1.5265566588595902e-16	0.7440131620279822	0.5329926192440353	0.7163752557699906	1.646333169265198	0.007289566048544252	0.0057028752505795845	0.9956371171698605	0.0484	0.04436429825452712	0.052782541815391604	0.0481	0.044076791316212685	0.05247027916119269	1.0	0.9998079568876411	1.0	1.0	0.9998079568876411	1.0	50.100356155877826	50.10858399937615	1.1805528898553568
+I+G4	1.0	10000	legacy_counterfactual	10000	10000	20000	0.18312830248088274	1.079454868728831	0.9503478661558338	0.7107472353878314	18.464345769369665	16.96488343834228	16.961512290914158	0.9233947208502346	1.0	0.9996159875222334	0.9999999999999999	0.0497	0.045610670664964575	0.054135170972511956	1.0	0.9998079568876411	1.0	1.0	0.9998079568876411	1.0	82.78309738155595	82.78706218015495	1.1129022607191787
+I+G4	1.0	10000	refined_invariant_null	10000	10000	20000	1.5265566588595902e-16	0.7440131620279822	0.5329926192440353	0.7163752557699906	1.632885286194023	0.0015533831843508813	-0.0025674783963094217	1.0056266835568435	0.0499	0.04580249241658047	0.054343195615904956	0.0511	0.046953816730797814	0.055590949671740976	1.0	0.9998079568876411	1.0	1.0	0.9998079568876411	1.0	70.83846076965965	70.8485226869876	1.1863436501454065
+I+G4	2.0	100	legacy_counterfactual	10000	10000	20000	0.14904029851025008	0.8778943227596446	0.6284976378263063	0.5461447088630109	3.1729331927791313	1.6436950180828154	1.6585017792539656	0.9384749039551171	0.5058	0.49600031355585256	0.5155952318994054	0.0475	0.04350191245596974	0.051845618836408966	1.0	0.9998079568876411	1.0	0.99985	0.9995590283953282	0.9999489861052466	6.571315858671015	6.545230842586049	1.0122527006152462
+I+G4	2.0	100	refined_invariant_null	10000	10000	20000	-2.7755575615628914e-17	0.5939305264841688	0.3270327233061677	0.5506245406210566	1.5970852601414087	-0.05191904641564316	-0.026664481450852904	1.022392314103241	0.0442	0.04034343693887649	0.04840662883585549	0.048	0.043980965621961486	0.05236618165793946	0.99985	0.9995590283953282	0.9999489861052466	0.99985	0.9995590283953282	0.9999489861052466	5.256156573857223	5.227663008152175	1.073505531595483
+I+G4	2.0	500	legacy_counterfactual	10000	10000	20000	0.14904029851025008	0.8778943227596446	0.6284976378263063	0.5461447088630109	5.286430910547484	3.772666070009126	3.7917341567845786	0.926199143495243	0.9866	0.9841522258286299	0.9886740532280076	0.0478	0.043789329249743165	0.05215797163514888	1.0	0.9998079568876411	1.0	1.0	0.9998079568876411	1.0	14.685498682841947	14.671399206248832	0.9936371711871108
+I+G4	2.0	500	refined_invariant_null	10000	10000	20000	-2.7755575615628914e-17	0.5939305264841688	0.3270327233061677	0.5506245406210566	1.618439724769432	-0.023354104500347445	0.002593573707284207	1.0087973666574594	0.0459	0.0419698045937483	0.050178955538559264	0.0476	0.043597712998593996	0.05194974149128917	1.0	0.9998079568876411	1.0	1.0	0.9998079568876411	1.0	11.730500961949735	11.714978178289986	1.0511945048148852
+I+G4	2.0	1000	legacy_counterfactual	10000	10000	20000	0.14904029851025008	0.8778943227596446	0.6284976378263063	0.5461447088630109	6.854982538158658	5.359056330780301	5.365241577372014	0.9274978862324145	1.0	0.9996159875222334	0.9999999999999999	0.05	0.045898410397600495	0.05444720083238938	1.0	0.9998079568876411	1.0	1.0	0.9998079568876411	1.0	20.758599509898236	20.743387890748533	1.0079389345732008
+I+G4	2.0	1000	refined_invariant_null	10000	10000	20000	-2.7755575615628914e-17	0.5939305264841688	0.3270327233061677	0.5506245406210566	1.61683194732169	-0.006684272445202005	0.010027182716476322	1.009081105806914	0.0465	0.042544188721841285	0.05080411059549295	0.0496	0.04551476692140481	0.05403115151856727	1.0	0.9998079568876411	1.0	1.0	0.9998079568876411	1.0	16.575516017462352	16.560667242245174	1.0661354362682092
+I+G4	2.0	5000	legacy_counterfactual	10000	10000	20000	0.14904029851025008	0.8778943227596446	0.6284976378263063	0.5461447088630109	13.508189477560075	11.996541367068296	12.007198579258361	0.9162232778153901	1.0	0.9996159875222334	0.9999999999999999	0.045	0.041108589268659346	0.049240862086108186	1.0	0.9998079568876411	1.0	1.0	0.9998079568876411	1.0	46.400353096371674	46.39061866170417	1.0133060377664536
+I+G4	2.0	5000	refined_invariant_null	10000	10000	20000	-2.7755575615628914e-17	0.5939305264841688	0.3270327233061677	0.5506245406210566	1.6430451190228308	-0.006590558854984502	0.009119622682879738	0.9975720990985348	0.0455	0.04158698820856655	0.04976207913372322	0.0458	0.041874092462116604	0.05007474447268651	1.0	0.9998079568876411	1.0	1.0	0.9998079568876411	1.0	37.04077647226979	37.03082613506674	1.071908548802842
+I+G4	2.0	10000	legacy_counterfactual	10000	10000	20000	0.14904029851025008	0.8778943227596446	0.6284976378263063	0.5461447088630109	18.494805000122508	16.970997014528468	16.97295136225394	0.9224800366692323	1.0	0.9996159875222334	0.9999999999999999	0.049	0.04493944517385872	0.05340693408108669	1.0	0.9998079568876411	1.0	1.0	0.9998079568876411	1.0	65.62376306265664	65.62129601758225	1.0001868648493517
+I+G4	2.0	10000	refined_invariant_null	10000	10000	20000	-2.7755575615628914e-17	0.5939305264841688	0.3270327233061677	0.5506245406210566	1.6402330810626167	-0.006315597020886741	-0.007103175432811628	1.0045654216399218	0.0501	0.04599433309751598	0.054551201329978344	0.0508	0.046665923012702865	0.05527907379732258	1.0	0.9998079568876411	1.0	1.0	0.9998079568876411	1.0	52.38686772851924	52.38440185680122	1.0585621439789683
+I+G4	3.0	100	legacy_counterfactual	10000	10000	20000	0.1303916919928526	0.7679215504253314	0.48087727619862614	0.4564080588852453	3.16697622583894	1.6602934100025986	1.6752568009170188	0.9239491656776412	0.5134	0.5036002540551465	0.5231894544104492	0.0486	0.044555994280372054	0.052990692184555564	1.0	0.9998079568876411	1.0	0.99695	0.9960844648256993	0.9976246635249272	5.708605574600987	5.6782528634670175	0.970629260575295
+I+G4	3.0	100	refined_invariant_null	10000	10000	20000	-2.7755575615628914e-17	0.515644875892485	0.23734565560354826	0.46028898317421907	1.5972671446017943	-0.03347768029486403	-0.0066129353651599426	1.004868851794197	0.0431	0.03929194216121171	0.04725896844097134	0.048	0.043980965621961486	0.05236618165793946	0.99695	0.9960844648256993	0.9976246635249272	0.9972	0.9963660500113234	0.9978429823177468	4.333898096787004	4.300862108033392	1.028310207071541
+I+G4	3.0	500	legacy_counterfactual	10000	10000	20000	0.1303916919928526	0.7679215504253314	0.48087727619862614	0.4564080588852453	5.295287995342076	3.783362543789066	3.777546695752269	0.9291061488995851	0.9891	0.9868688028733781	0.9909555561208705	0.0515	0.04733773902129087	0.0560067201712657	1.0	0.9998079568876411	1.0	1.0	0.9998079568876411	1.0	12.781793797503662	12.764858286864655	0.9565473330161254
+I+G4	3.0	500	refined_invariant_null	10000	10000	20000	-2.7755575615628914e-17	0.515644875892485	0.23734565560354826	0.46028898317421907	1.6236394870966542	-0.011728838531195347	-0.016396908369691942	1.0122332321197423	0.0485	0.044460143803757124	0.052886619463666046	0.0515	0.04733773902129087	0.0560067201712657	1.0	0.9998079568876411	1.0	1.0	0.9998079568876411	1.0	9.694751353478	9.681836924861347	1.0146393323224052
+I+G4	3.0	1000	legacy_counterfactual	10000	10000	20000	0.1303916919928526	0.7679215504253314	0.48087727619862614	0.4564080588852453	6.845589008117523	5.35626559447288	5.367463110902525	0.9159570144550915	1.0	0.9996159875222334	0.9999999999999999	0.0504	0.04628212937744861	0.054863174642559055	1.0	0.9998079568876411	1.0	1.0	0.9998079568876411	1.0	18.07231601851747	18.065143462535968	0.9555220307746568
+I+G4	3.0	1000	refined_invariant_null	10000	10000	20000	-2.7755575615628914e-17	0.515644875892485	0.23734565560354826	0.46028898317421907	1.6135783966132295	-0.01173089094092148	0.0013983980316748202	0.9958165042929412	0.0454	0.041491297560387976	0.04965784658439736	0.0494	0.04532297376687862	0.05382309827808457	1.0	0.9998079568876411	1.0	1.0	0.9998079568876411	1.0	13.705128337563266	13.6979857218603	1.012176294453711
+I+G4	3.0	5000	legacy_counterfactual	10000	10000	20000	0.1303916919928526	0.7679215504253314	0.48087727619862614	0.4564080588852453	13.47683558617778	12.001828019469258	12.003663881718232	0.9134733580552842	1.0	0.9996159875222334	0.9999999999999999	0.0536	0.04935450091318603	0.05818834542696393	1.0	0.9998079568876411	1.0	1.0	0.9998079568876411	1.0	40.43577080937728	40.43246150005387	0.9585792212041125
+I+G4	3.0	5000	refined_invariant_null	10000	10000	20000	-2.7755575615628914e-17	0.515644875892485	0.23734565560354826	0.46028898317421907	1.6013382004705412	-0.004706618919950598	-0.004212756422255676	0.9958988407968895	0.0506	0.04647401691551558	0.05507113349950097	0.0549	0.050603924672538624	0.059537923235169134	1.0	0.9998079568876411	1.0	1.0	0.9998079568876411	1.0	30.668998090121605	30.66389269231822	1.0155438860223736
+I+G4	3.0	10000	legacy_counterfactual	10000	10000	20000	0.1303916919928526	0.7679215504253314	0.48087727619862614	0.4564080588852453	18.460785821893168	16.98894853340909	16.994392516575406	0.9212505962535945	1.0	0.9996159875222334	0.9999999999999999	0.055	0.050700063435365754	0.05964170766984645	1.0	0.9998079568876411	1.0	1.0	0.9998079568876411	1.0	57.17820099947754	57.176246930692926	0.969363995615225
+I+G4	3.0	10000	refined_invariant_null	10000	10000	20000	-2.7755575615628914e-17	0.515644875892485	0.23734565560354826	0.46028898317421907	1.6149242523314635	0.010823007963447916	0.020371572442325826	1.0019964788755569	0.0512	0.0470497904716152	0.05569489912842804	0.0543	0.05002717929305323	0.05891512942962785	1.0	0.9998079568876411	1.0	1.0	0.9998079568876411	1.0	43.36404988553675	43.358278691846635	1.026040343488227
+I+G4	4.0	100	legacy_counterfactual	10000	10000	20000	0.11821492174274892	0.6961661575607384	0.3951948426143158	0.39786467334474124	3.141299291958014	1.657348287644519	1.6737948448174702	0.9365427924887068	0.5133	0.5035002401358899	0.5230895451322015	0.054	0.04973886314439657	0.05860367598577117	1.0	0.9998079568876411	1.0	0.9881	0.9865006395357423	0.989511887977973	5.185982064871779	5.167592173863575	0.9465871854420856
+I+G4	4.0	100	refined_invariant_null	10000	10000	20000	-9.020562075079397e-17	0.46697849239753103	0.18742761956815548	0.40136242379360276	1.5755519725239913	-0.03776661178696087	-0.01785211715013109	1.0179424065616896	0.046	0.042065522054552065	0.05028316127525995	0.0519	0.047721733718244265	0.056422418264330094	0.98635	0.9846459073966657	0.9878672922679427	0.9881	0.9865006395357423	0.989511887977973	3.7749378344032865	3.758841315696052	1.004548611318985
+I+G4	4.0	500	legacy_counterfactual	10000	10000	20000	0.11821492174274892	0.6961661575607384	0.3951948426143158	0.39786467334474124	5.257384332295944	3.778804605716742	3.79658097202806	0.9139776890590656	0.9884	0.9861057808757553	0.9903191157359622	0.0477	0.04369351860154453	0.05205385908584307	1.0	0.9998079568876411	1.0	1.0	0.9998079568876411	1.0	11.610392311343427	11.613658222375525	0.9417855753580515
+I+G4	4.0	500	refined_invariant_null	10000	10000	20000	-9.020562075079397e-17	0.46697849239753103	0.18742761956815548	0.40136242379360276	1.596050481111591	-0.01545882709819378	0.005497367076475169	0.9951519269533686	0.0426	0.038814221674395286	0.04673707294026554	0.0476	0.043597712998593996	0.05194974149128917	1.0	0.9998079568876411	1.0	1.0	0.9998079568876411	1.0	8.445830249671936	8.450597527949876	0.9999997056019236
+I+G4	4.0	1000	legacy_counterfactual	10000	10000	20000	0.11821492174274892	0.6961661575607384	0.3951948426143158	0.39786467334474124	6.9162057005479864	5.35825782027353	5.365015745273382	0.9189644114795281	1.0	0.9996159875222334	0.9999999999999999	0.0426	0.038814221674395286	0.04673707294026554	1.0	0.9998079568876411	1.0	1.0	0.9998079568876411	1.0	16.403749900986288	16.391024433848273	0.942560305480819
+I+G4	4.0	1000	refined_invariant_null	10000	10000	20000	-9.020562075079397e-17	0.46697849239753103	0.18742761956815548	0.40136242379360276	1.6736708097406034	-0.010764038381399206	-0.002546247166493154	0.9993597519163768	0.0469	0.04292721632143491	0.051220775785917105	0.044	0.04015220473594388	0.04819801464377919	1.0	0.9998079568876411	1.0	1.0	0.9998079568876411	1.0	11.924215754176847	11.907322837133904	0.9998026342709755
+I+G4	4.0	5000	legacy_counterfactual	10000	10000	20000	0.11821492174274892	0.6961661575607384	0.3951948426143158	0.39786467334474124	13.488994329021137	12.019282331945563	12.01809121865652	0.9093483858246411	1.0	0.9996159875222334	0.9999999999999999	0.0546	0.05031553323332035	0.059226545081874075	1.0	0.9998079568876411	1.0	1.0	0.9998079568876411	1.0	36.69263812768882	36.68190300809907	0.9364823965261836
+I+G4	4.0	5000	refined_invariant_null	10000	10000	20000	-9.020562075079397e-17	0.46697849239753103	0.18742761956815548	0.40136242379360276	1.6220819260369472	0.015000222649788862	0.018101987416502943	0.9898097543738718	0.0516	0.04743373093848816	0.05611065145157285	0.0534	0.049162345412768274	0.05798065453237279	1.0	0.9998079568876411	1.0	1.0	0.9998079568876411	1.0	26.672881716664183	26.663420967544862	0.9940971498220841
+I+G4	4.0	10000	legacy_counterfactual	10000	10000	20000	0.11821492174274892	0.6961661575607384	0.3951948426143158	0.39786467334474124	18.47564639331983	16.98073934876047	16.97954755783391	0.9169249197002284	1.0	0.9996159875222334	0.9999999999999999	0.0523	0.048105800033018536	0.056838044739573615	1.0	0.9998079568876411	1.0	1.0	0.9998079568876411	1.0	51.88727230489753	51.88603313415021	0.9388179615739244
+I+G4	4.0	10000	refined_invariant_null	10000	10000	20000	-9.020562075079397e-17	0.46697849239753103	0.18742761956815548	0.40136242379360276	1.6352295972881197	0.0012188145960350667	0.0016668940979317243	0.998123014536902	0.0513	0.04714576877535386	0.05579884402219381	0.0522	0.048009776782719116	0.05673414479236859	1.0	0.9998079568876411	1.0	1.0	0.9998079568876411	1.0	37.71525430369976	37.7121326761144	0.9958163687354371
+I+G4	5.0	100	legacy_counterfactual	10000	10000	20000	0.10943747723899344	0.6444600362055556	0.33866267781012693	0.35568567124931905	3.139524844356464	1.6479236862801394	1.6688591384398048	0.9339244814792993	0.5099	0.5001000001960008	0.5196923963569395	0.0517	0.04752972736860386	0.05621457821896162	0.9998	0.9994858112031985	0.9999222225016876	0.96705	0.9644849550102589	0.9694356575184867	4.825934273731232	4.817516554336173	0.9345184095654681
+I+G4	5.0	100	refined_invariant_null	10000	10000	20000	0.0	0.4337014466828841	0.15566161485111876	0.3589142163155757	1.5757457098849765	-0.045814261189549864	-0.026726152947910635	1.0149748020366247	0.0449	0.04101292585689062	0.04913660230037248	0.0513	0.04714576877535386	0.05579884402219381	0.96305	0.9603454093558076	0.9655767395178368	0.96915	0.9666620131224475	0.9714577928252262	3.3929612499190123	3.384648247483319	0.9951164398565747
+I+G4	5.0	500	legacy_counterfactual	10000	10000	20000	0.10943747723899344	0.6444600362055556	0.33866267781012693	0.35568567124931905	5.279334398140853	3.7847507364863557	3.7985573032155493	0.9215631272749378	0.9898	0.9876339440040968	0.9915898773726831	0.0515	0.04733773902129087	0.0560067201712657	1.0	0.9998079568876411	1.0	1.0	0.9998079568876411	1.0	10.75974456092453	10.746469126849442	0.9311336672607536
+I+G4	5.0	500	refined_invariant_null	10000	10000	20000	0.0	0.4337014466828841	0.15566161485111876	0.3589142163155757	1.603378811200865	-0.008883359361795918	0.007979681463894883	1.0025529087983296	0.0485	0.044460143803757124	0.052886619463666046	0.0524	0.04820182771100209	0.056941940259094506	1.0	0.9998079568876411	1.0	1.0	0.9998079568876411	1.0	7.535578158823977	7.51836175529463	0.9888097358185696
+I+G4	5.0	1000	legacy_counterfactual	10000	10000	20000	0.10943747723899344	0.6444600362055556	0.33866267781012693	0.35568567124931905	6.871389424617902	5.352411159836368	5.354418383490305	0.9125742902676071	0.9999	0.9994337165442557	0.999982347780473	0.0465	0.042544188721841285	0.05080411059549295	1.0	0.9998079568876411	1.0	1.0	0.9998079568876411	1.0	15.237466145649861	15.227405369236646	0.9289682885625409
+I+G4	5.0	1000	refined_invariant_null	10000	10000	20000	0.0	0.4337014466828841	0.15566161485111876	0.3589142163155757	1.6353456162569304	-0.016703649140010622	-0.0074686311571856255	0.9927725147320987	0.0451	0.04120425816217112	0.04934511639010088	0.0461	0.04216124482803089	0.05038736169928557	1.0	0.9998079568876411	1.0	1.0	0.9998079568876411	1.0	10.67740853287295	10.667681467849896	0.9882812631847859
+I+G4	5.0	5000	legacy_counterfactual	10000	10000	20000	0.10943747723899344	0.6444600362055556	0.33866267781012693	0.35568567124931905	13.46758341572906	12.00112725340715	12.00182884697442	0.9143930892309314	1.0	0.9996159875222334	0.9999999999999999	0.052	0.04781774361324294	0.05652633156683587	1.0	0.9998079568876411	1.0	1.0	0.9998079568876411	1.0	34.04845954561833	34.04812795208025	0.9251522670167233
+I+G4	5.0	5000	refined_invariant_null	10000	10000	20000	0.0	0.4337014466828841	0.15566161485111876	0.3589142163155757	1.5922623407412198	-0.005796071972108446	-0.003568991816624116	0.9951165307916892	0.0471	0.04311876119306364	0.051429077309297286	0.0522	0.048009776782719116	0.05673414479236859	1.0	0.9998079568876411	1.0	1.0	0.9998079568876411	1.0	23.84737754022748	23.846468761569927	0.9828744269476279
+I+G4	5.0	10000	legacy_counterfactual	10000	10000	20000	0.10943747723899344	0.6444600362055556	0.33866267781012693	0.35568567124931905	18.48065727659397	16.977998841057083	16.97676342371188	0.9135643050349972	1.0	0.9996159875222334	0.9999999999999999	0.0523	0.048105800033018536	0.056838044739573615	1.0	0.9998079568876411	1.0	1.0	0.9998079568876411	1.0	48.16826262454358	48.16151413172693	0.9202283007325024
+I+G4	5.0	10000	refined_invariant_null	10000	10000	20000	0.0	0.4337014466828841	0.15566161485111876	0.3589142163155757	1.6345765431474852	-0.0022938966756856365	-0.005330063843761628	0.9937094341807616	0.0503	0.04618619260069309	0.05475918822181011	0.0515	0.04733773902129087	0.0560067201712657	1.0	0.9998079568876411	1.0	1.0	0.9998079568876411	1.0	33.74091144939617	33.73168507058015	0.9785183467917925
+I+G4	7.5	100	legacy_counterfactual	10000	10000	20000	0.0949954256221776	0.5593994870041339	0.25515170835930956	0.2863003747015385	3.1685909556747784	1.6589431793848348	1.6685427890949314	0.9344406517420286	0.5115	0.5017000566479387	0.5212911110650725	0.0509	0.04676188298859711	0.05538303701893278	0.99685	0.9959721930757529	0.9975369736834961	0.8696	0.8648619095449867	0.8741961321863577	4.186094368492954	4.173899434801504	0.9162186015011191
+I+G4	7.5	100	refined_invariant_null	10000	10000	20000	-2.0816681711721685e-17	0.3840158411442953	0.11101916709471556	0.2891004880525221	1.5865267963607301	-0.03497914196892336	-0.014630612822537192	1.0162198868972407	0.0457	0.04177838567624322	0.049970528061055446	0.0529	0.048682032100011194	0.057461351857607645	0.86395	0.8591285052370906	0.8686317065814234	0.8772	0.8725786975073505	0.8816764251686858	2.70668724345446	2.6969750205194956	0.9789562474922846
+I+G4	7.5	500	legacy_counterfactual	10000	10000	20000	0.0949954256221776	0.5593994870041339	0.25515170835930956	0.2863003747015385	5.261321845199488	3.759228050734161	3.767315430901922	0.9092907053576063	0.9883	0.9859969395540515	0.9902280338601614	0.048	0.043980965621961486	0.05236618165793946	1.0	0.9998079568876411	1.0	1.0	0.9998079568876411	1.0	9.416258693260964	9.415850384195558	0.9174036194789219
+I+G4	7.5	500	refined_invariant_null	10000	10000	20000	-2.0816681711721685e-17	0.3840158411442953	0.11101916709471556	0.2891004880525221	1.6017967523197534	-0.03777269333857041	-0.028581112280398675	0.9898077424423654	0.044	0.04015220473594388	0.04819801464377919	0.0482	0.0441726219961739	0.05257437167873594	1.0	0.9998079568876411	1.0	1.0	0.9998079568876411	1.0	6.098861382176918	6.094853559946863	0.9787241137635817
+I+G4	7.5	1000	legacy_counterfactual	10000	10000	20000	0.0949954256221776	0.5593994870041339	0.25515170835930956	0.2863003747015385	6.826978350772308	5.362419519311795	5.370684469264497	0.922256343249273	0.9998	0.9992709889064336	0.9999451522207908	0.0559	0.05156549661771045	0.060575583265041776	1.0	0.9998079568876411	1.0	1.0	0.9998079568876411	1.0	13.310010446354205	13.321175974620006	0.9223917774714492
+I+G4	7.5	1000	refined_invariant_null	10000	10000	20000	-2.0816681711721685e-17	0.3840158411442953	0.11101916709471556	0.2891004880525221	1.5926455579415195	-0.007205760852675516	-0.00271238750865138	1.0034933617776556	0.0506	0.04647401691551558	0.05507113349950097	0.0564	0.05204643438227593	0.061094261487998534	1.0	0.9998079568876411	1.0	1.0	0.9998079568876411	1.0	8.614658769020116	8.623535685052532	0.9843532857435886
+I+G4	7.5	5000	legacy_counterfactual	10000	10000	20000	0.0949954256221776	0.5593994870041339	0.25515170835930956	0.2863003747015385	13.503627404926078	11.994761730752714	12.007239687069255	0.9260004943554934	1.0	0.9996159875222334	0.9999999999999999	0.049	0.04493944517385872	0.05340693408108669	1.0	0.9998079568876411	1.0	1.0	0.9998079568876411	1.0	29.77654316411932	29.77535085879991	0.9121884591525831
+I+G4	7.5	5000	refined_invariant_null	10000	10000	20000	-2.0816681711721685e-17	0.3840158411442953	0.11101916709471556	0.2891004880525221	1.6243315227559911	-0.012623279100768445	-0.002993512629848544	1.0092410664800953	0.0479	0.04388514492818972	0.052262079154206775	0.0505	0.046378070820086464	0.05496715639742565	1.0	0.9998079568876411	1.0	1.0	0.9998079568876411	1.0	19.27655632257613	19.274207544683648	0.9733822654134148
+I+G4	7.5	10000	legacy_counterfactual	10000	10000	20000	0.0949954256221776	0.5593994870041339	0.25515170835930956	0.2863003747015385	18.506516133562386	16.985680570106716	16.976006400675892	0.9016412059566631	1.0	0.9996159875222334	0.9999999999999999	0.0445	0.04063032737710732	0.04871950799013799	1.0	0.9998079568876411	1.0	1.0	0.9998079568876411	1.0	42.11621063023561	42.11554702592187	0.9066846568764282
+I+G4	7.5	10000	refined_invariant_null	10000	10000	20000	-2.0816681711721685e-17	0.3840158411442953	0.11101916709471556	0.2891004880525221	1.6626604523938568	0.004529084101090555	-0.0010230235113367636	0.9825950848961799	0.0469	0.04292721632143491	0.051220775785917105	0.0454	0.041491297560387976	0.04965784658439736	1.0	0.9998079568876411	1.0	1.0	0.9998079568876411	1.0	27.265939472652367	27.263115797459076	0.9689925533458024
+I+G4	10.0	100	legacy_counterfactual	10000	10000	20000	0.08576558436003837	0.5050624986110581	0.20800021076496072	0.24201881300051464	3.13158480721234	1.6819331682259953	1.700562811607642	0.9228749424711213	0.5276	0.5178062163738916	0.5373725861373356	0.0533	0.049066274105844514	0.057876802641792104	0.9907	0.9892722459874427	0.9919392829020884	0.7716	0.7657300116955266	0.77736567048584	3.8074901314923633	3.8060509107848635	0.919382890915244
+I+G4	10.0	100	refined_invariant_null	10000	10000	20000	5.551115123125783e-17	0.3571378931942347	0.0873517167103458	0.2445882063341798	1.5650439874738764	-0.008681478842404926	0.01802515125783256	1.0049933892526057	0.0442	0.04034343693887649	0.04840662883585549	0.0544	0.050123293088608876	0.05901893883157664	0.7511	0.7450597371829791	0.7570438187659941	0.7754	0.7695636837343531	0.7811305389193595	2.301298114933997	2.305002787200099	0.9845991306400742
+I+G4	10.0	500	legacy_counterfactual	10000	10000	20000	0.08576558436003837	0.5050624986110581	0.20800021076496072	0.24201881300051464	5.267426790217526	3.7698557151220315	3.7757954007448715	0.9249233520546245	0.9887	0.9864325433747543	0.9905921228294767	0.0514	0.04724175162942263	0.0559027843656295	1.0	0.9998079568876411	1.0	0.99995	0.9997168021471904	0.9999911739447619	8.552202554829117	8.544073660500352	0.900876627463598
+I+G4	10.0	500	refined_invariant_null	10000	10000	20000	5.551115123125783e-17	0.3571378931942347	0.0873517167103458	0.2445882063341798	1.6005073057562422	-0.02556737144207721	-0.015957197404821814	1.0092100458393547	0.0477	0.04369351860154453	0.05205385908584307	0.0521	0.04791375797210714	0.056630240405476116	0.99995	0.9997168021471904	0.9999911739447619	0.99995	0.9997168021471904	0.9999911739447619	5.173171290165681	5.169310043590342	0.9638942063287665
+I+G4	10.0	1000	legacy_counterfactual	10000	10000	20000	0.08576558436003837	0.5050624986110581	0.20800021076496072	0.24201881300051464	6.8777615658085045	5.346028682398055	5.348082909236999	0.9159208693315691	1.0	0.9996159875222334	0.9999999999999999	0.0449	0.04101292585689062	0.04913660230037248	1.0	0.9998079568876411	1.0	1.0	0.9998079568876411	1.0	12.115763285128866	12.116281674905217	0.9135361054467984
+I+G4	10.0	1000	refined_invariant_null	10000	10000	20000	5.551115123125783e-17	0.3571378931942347	0.0873517167103458	0.2445882063341798	1.6436759384232862	-0.023569194508374892	-0.018225589177201913	0.9965142415596367	0.0438	0.03996099517461544	0.047989377810098745	0.0439	0.0400565971158828	0.04809369906633583	1.0	0.9998079568876411	1.0	1.0	0.9998079568876411	1.0	7.3368590534153	7.33548528432682	0.9789054139117358
+I+G4	10.0	5000	legacy_counterfactual	10000	10000	20000	0.08576558436003837	0.5050624986110581	0.20800021076496072	0.24201881300051464	13.523163690746506	12.003028808304743	12.006430072496745	0.9265096344199375	1.0	0.9996159875222334	0.9999999999999999	0.05	0.045898410397600495	0.05444720083238938	1.0	0.9998079568876411	1.0	1.0	0.9998079568876411	1.0	27.081035371574625	27.076670095481848	0.9058236908776843
+I+G4	10.0	5000	refined_invariant_null	10000	10000	20000	5.551115123125783e-17	0.3571378931942347	0.0873517167103458	0.2445882063341798	1.6509323089865384	-0.004529894671151098	-0.0019558376199999006	1.0088739977678147	0.0503	0.04618619260069309	0.05475918822181011	0.0499	0.04580249241658047	0.054343195615904956	1.0	0.9998079568876411	1.0	1.0	0.9998079568876411	1.0	16.38928778041307	16.386684585714775	0.9711555403507903
+I+G4	10.0	10000	legacy_counterfactual	10000	10000	20000	0.08576558436003837	0.5050624986110581	0.20800021076496072	0.24201881300051464	18.48306443369471	16.97275006148694	16.978308150415497	0.9289538411734342	1.0	0.9996159875222334	0.9999999999999999	0.0494	0.04532297376687862	0.05382309827808457	1.0	0.9998079568876411	1.0	1.0	0.9998079568876411	1.0	38.29748590728543	38.29606939884465	0.9042306352655328
+I+G4	10.0	10000	refined_invariant_null	10000	10000	20000	5.551115123125783e-17	0.3571378931942347	0.0873517167103458	0.2445882063341798	1.635927626556687	-0.00941050752546439	-0.0008572835946946646	1.012138233373262	0.0489	0.04484357513093346	0.0533028809265075	0.0497	0.045610670664964575	0.054135170972511956	1.0	0.9998079568876411	1.0	1.0	0.9998079568876411	1.0	23.17848176663656	23.17943303213162	0.967884704538442
+I+G4	12.5	100	legacy_counterfactual	10000	10000	20000	0.07896550272271172	0.46506691098528363	0.17639572581978846	0.20949721598266918	3.1199431329952936	1.652744608386513	1.665100000248844	0.9294361825364613	0.5081	0.4983000566403892	0.5178937223574709	0.0528	0.048585982461686675	0.0573574782984277	0.9804	0.9783845209288977	0.9822309640487479	0.67255	0.6660134730705151	0.6790202528514099	3.5195867182236222	3.5148792372217565	0.9064421233357358
+I+G4	12.5	100	refined_invariant_null	10000	10000	20000	3.469446951953614e-17	0.34023615078626934	0.07212077544719009	0.21197269978667002	1.554379264182403	-0.03954416825714984	-0.022602448258821684	1.0109433640553853	0.0433	0.039483071302171664	0.04746768569502028	0.054	0.04973886314439657	0.05860367598577117	0.64185	0.6351784122473502	0.6484671051216736	0.6764	0.6698825961711918	0.682849651018768	1.9938996606292723	1.9892170023219586	0.973511865956669
+I+G4	12.5	500	legacy_counterfactual	10000	10000	20000	0.07896550272271172	0.46506691098528363	0.17639572581978846	0.20949721598266918	5.273008942546989	3.7791553911888034	3.779799201884191	0.9287833301850786	0.9856	0.9830715320117159	0.9877555150698772	0.0499	0.04580249241658047	0.054343195615904956	1.0	0.9998079568876411	1.0	0.99815	0.9974511964864952	0.9986574709606617	7.91739655433821	7.912730248461262	0.9044073327552852
+I+G4	12.5	500	refined_invariant_null	10000	10000	20000	3.469446951953614e-17	0.34023615078626934	0.07212077544719009	0.21197269978667002	1.6092281597677132	-0.015802582401336977	-0.010738705024860212	1.0120786655747347	0.0466	0.04263993781431584	0.050908284700522846	0.0501	0.04599433309751598	0.054551201329978344	0.99805	0.9973355620200955	0.9985731438356836	0.9983	0.997625447563954	0.9987831622702691	4.495123152031151	4.484925189103999	0.9712491458064282
+I+G4	12.5	1000	legacy_counterfactual	10000	10000	20000	0.07896550272271172	0.46506691098528363	0.17639572581978846	0.20949721598266918	6.892657111049121	5.358445419626766	5.356288605512791	0.9197227746140727	1.0	0.9996159875222334	0.9999999999999999	0.0504	0.04628212937744861	0.054863174642559055	1.0	0.9998079568876411	1.0	1.0	0.9998079568876411	1.0	11.228789936947258	11.234801015344207	0.9024774394069164
+I+G4	12.5	1000	refined_invariant_null	10000	10000	20000	3.469446951953614e-17	0.34023615078626934	0.07212077544719009	0.21197269978667002	1.6479447940829506	-0.009071631670370853	-0.012268502431368908	1.0010462084584661	0.0505	0.046378070820086464	0.05496715639742565	0.0503	0.04618619260069309	0.05475918822181011	1.0	0.9998079568876411	1.0	1.0	0.9998079568876411	1.0	6.389549057788111	6.39746024440492	0.9704475578588793
+I+G4	12.5	5000	legacy_counterfactual	10000	10000	20000	0.07896550272271172	0.46506691098528363	0.17639572581978846	0.20949721598266918	13.534241860412163	11.993166039148786	12.00332848399766	0.9290962089369674	1.0	0.9996159875222334	0.9999999999999999	0.0479	0.04388514492818972	0.052262079154206775	1.0	0.9998079568876411	1.0	1.0	0.9998079568876411	1.0	25.109121483379777	25.111137802504956	0.9021593303976357
+I+G4	12.5	5000	refined_invariant_null	10000	10000	20000	3.469446951953614e-17	0.34023615078626934	0.07212077544719009	0.21197269978667002	1.6612434350650753	-0.012224363973484325	-0.007658669510366298	1.0115589838587937	0.0488	0.0447477099582466	0.05319882290168992	0.0477	0.04369351860154453	0.05205385908584307	1.0	0.9998079568876411	1.0	1.0	0.9998079568876411	1.0	14.282077621666485	14.28567966008088	0.968590376027032
+I+G4	12.5	10000	legacy_counterfactual	10000	10000	20000	0.07896550272271172	0.46506691098528363	0.17639572581978846	0.20949721598266918	18.503118099845178	16.978285719305095	16.9726704098601	0.9178810797782556	1.0	0.9996159875222334	0.9999999999999999	0.048	0.043980965621961486	0.05236618165793946	1.0	0.9998079568876411	1.0	1.0	0.9998079568876411	1.0	35.5029627579018	35.49932120336429	0.9027377285998139
+I+G4	12.5	10000	refined_invariant_null	10000	10000	20000	3.469446951953614e-17	0.34023615078626934	0.07212077544719009	0.21197269978667002	1.6708303261309436	-8.140706697812713e-05	-0.009157498350793006	0.9995893421658506	0.0483	0.0442684576471515	0.052678459225262785	0.0461	0.04216124482803089	0.05038736169928557	1.0	0.9998079568876411	1.0	1.0	0.9998079568876411	1.0	20.189315449257226	20.186476003790894	0.9698937187145794
+I+G4	15.0	100	legacy_counterfactual	10000	10000	20000	0.07351638501030797	0.4330478397265771	0.15298932683533883	0.18352000526133425	3.15948760762607	1.6393209208700559	1.6721366329717267	0.9396239792479433	0.5102	0.5004000031360497	0.5199921630094039	0.0487	0.0446518496699761	0.05309475999245596	0.966	0.9633974474613914	0.96842356835789	0.56395	0.5570656340847452	0.570809803601184	3.3077559501244322	3.305237566758355	0.9147899917175505
+I+G4	15.0	100	refined_invariant_null	10000	10000	20000	1.3877787807814457e-17	0.3281893770643165	0.06104476257213446	0.18600468765377276	1.5936878802107048	-0.055951727311283346	-0.022807580895222935	1.0242041423517148	0.0442	0.04034343693887649	0.04840662883585549	0.0504	0.04628212937744861	0.054863174642559055	0.54925	0.5423452496440319	0.5561358341094008	0.5693	0.5624245729288146	0.5761488098958125	1.768451757942416	1.7654369267142545	0.9845984569479634
+I+G4	15.0	500	legacy_counterfactual	10000	10000	20000	0.07351638501030797	0.4330478397265771	0.15298932683533883	0.18352000526133425	5.275730468225117	3.775466402329174	3.7798371399656654	0.9225851235926948	0.9874	0.9850190631554693	0.9894066014812039	0.0505	0.046378070820086464	0.05496715639742565	1.0	0.9998079568876411	1.0	0.99085	0.9894328592576428	0.9920786120189545	7.431832721417105	7.432973287561768	0.9060520756814419
+I+G4	15.0	500	refined_invariant_null	10000	10000	20000	1.3877787807814457e-17	0.3281893770643165	0.06104476257213446	0.18600468765377276	1.5968550344609178	-0.017424664819940584	-0.014587625065631979	1.0053810268111025	0.048	0.043980965621961486	0.05236618165793946	0.0524	0.04820182771100209	0.056941940259094506	0.9915	0.9901299146633347	0.9926813069572167	0.9927	0.9914218966791802	0.9937888640379015	3.977445177357845	3.9864014398754186	0.9746617533979584
+I+G4	15.0	1000	legacy_counterfactual	10000	10000	20000	0.07351638501030797	0.4330478397265771	0.15298932683533883	0.18352000526133425	6.822811146865517	5.351851385262914	5.347581597117026	0.9126496768292683	0.9999	0.9994337165442557	0.999982347780473	0.0533	0.049066274105844514	0.057876802641792104	1.0	0.9998079568876411	1.0	0.99995	0.9997168021471904	0.9999911739447619	10.504758484388024	10.50758402873074	0.9046071311552903
+I+G4	15.0	1000	refined_invariant_null	10000	10000	20000	1.3877787807814457e-17	0.3281893770643165	0.06104476257213446	0.18600468765377276	1.597402201099924	-0.01701193292294829	-0.022300452693151382	0.9930336122536565	0.0475	0.04350191245596974	0.051845618836408966	0.0533	0.049066274105844514	0.057876802641792104	0.99995	0.9997168021471904	0.9999911739447619	0.99995	0.9997168021471904	0.9999911739447619	5.61708845779619	5.617801641217358	0.9739442087630364
+I+G4	15.0	5000	legacy_counterfactual	10000	10000	20000	0.07351638501030797	0.4330478397265771	0.15298932683533883	0.18352000526133425	13.547319635302264	11.969645690955883	11.965710659493794	0.9131006353429029	1.0	0.9996159875222334	0.9999999999999999	0.0426	0.038814221674395286	0.04673707294026554	1.0	0.9998079568876411	1.0	1.0	0.9998079568876411	1.0	23.52858118320695	23.51899655220177	0.9064372248584546
+I+G4	15.0	5000	refined_invariant_null	10000	10000	20000	1.3877787807814457e-17	0.3281893770643165	0.06104476257213446	0.18600468765377276	1.6775288244407454	-0.03596105626453337	-0.03715080677699202	0.9925382172944054	0.0448	0.04091726794428552	0.04903233701547313	0.042	0.038241152943504116	0.04611060248613003	1.0	0.9998079568876411	1.0	1.0	0.9998079568876411	1.0	12.59491180831661	12.588314614204485	0.9767200131420677
+I+G4	15.0	10000	legacy_counterfactual	10000	10000	20000	0.07351638501030797	0.4330478397265771	0.15298932683533883	0.18352000526133425	18.463260512111002	16.975566330013944	16.978498592738315	0.9100742778457641	1.0	0.9996159875222334	0.9999999999999999	0.0518	0.04762572829928666	0.056318500485783254	1.0	0.9998079568876411	1.0	1.0	0.9998079568876411	1.0	33.27188237361219	33.268359437891206	0.8997150956335191
+I+G4	15.0	10000	refined_invariant_null	10000	10000	20000	1.3877787807814457e-17	0.3281893770643165	0.06104476257213446	0.18600468765377276	1.60777753549743	-0.0011103694796123775	-0.000587249677742337	0.9932009388117056	0.0491	0.045035320072915955	0.05351098237953389	0.0535	0.04925842101899795	0.05808450212364755	1.0	0.9998079568876411	1.0	1.0	0.9998079568876411	1.0	17.809874404609005	17.810122367627557	0.968212289168037
+I+G4	17.5	100	legacy_counterfactual	10000	10000	20000	0.0689446741752236	0.4062017969680522	0.1346563982644745	0.16177113094952444	3.154893476144737	1.6476648025840253	1.6610278019757434	0.9347685947729523	0.506	0.49620028298593377	0.5157951088643331	0.0508	0.046665923012702865	0.05527907379732258	0.9484	0.9452470468898727	0.9513807288469639	0.48005	0.4731303668722673	0.4869772956479159	3.1145746564253587	3.108816831439854	0.9091930666966758
+I+G4	17.5	100	refined_invariant_null	10000	10000	20000	-2.7755575615628914e-17	0.31874760236447003	0.05238333182139942	0.1643411007104676	1.5893310429320506	-0.044214093531051143	-0.026135544875331315	1.0161950201218983	0.046	0.042065522054552065	0.05028316127525995	0.0517	0.04752972736860386	0.05621457821896162	0.4676	0.4606918012067758	0.47452064318690523	0.48825	0.4813251886399065	0.4951793243732341	1.565878723182099	1.5616523273182146	0.9817934395039696
+I+G4	17.5	500	legacy_counterfactual	10000	10000	20000	0.0689446741752236	0.4062017969680522	0.1346563982644745	0.16177113094952444	5.275707454545456	3.7849301919586367	3.7969026560696206	0.918497622347309	0.9893	0.9870871895308392	0.9911370158584184	0.0502	0.046090260502975426	0.054655197122023345	1.0	0.9998079568876411	1.0	0.97265	0.9702971597370785	0.9748213019088087	7.014666995009125	7.010796552571804	0.8960147748697028
+I+G4	17.5	500	refined_invariant_null	10000	10000	20000	-2.7755575615628914e-17	0.31874760236447003	0.05238333182139942	0.1643411007104676	1.605751497354654	-0.006286484538101642	0.007367052408065785	0.9991144941928289	0.0484	0.04436429825452712	0.052782541815391604	0.0516	0.04743373093848816	0.05611065145157285	0.97415	0.971857970621445	0.976259914895105	0.97615	0.9739421108690229	0.9781750064750776	3.533807879032876	3.5261615252849214	0.9676436720632977
+I+G4	17.5	1000	legacy_counterfactual	10000	10000	20000	0.0689446741752236	0.4062017969680522	0.1346563982644745	0.16177113094952444	6.876409167270338	5.347077765923304	5.35337210774868	0.9144508131533867	0.9999	0.9994337165442557	0.999982347780473	0.0456	0.041682684252804296	0.049866306286989924	1.0	0.9998079568876411	1.0	0.99945	0.999015313518551	0.9996928546165137	9.926407062825813	9.924447046322951	0.910312766968541
+I+G4	17.5	1000	refined_invariant_null	10000	10000	20000	-2.7755575615628914e-17	0.31874760236447003	0.05238333182139942	0.1643411007104676	1.657651369169085	-0.018293475386553338	-0.008638532558978583	0.9942382186207668	0.0454	0.041491297560387976	0.04965784658439736	0.044	0.04015220473594388	0.04819801464377919	0.99955	0.9991448981407234	0.999763231585719	0.99955	0.9991448981407234	0.999763231585719	5.001167538353048	5.002627338058041	0.9814119246684884
+I+G4	17.5	5000	legacy_counterfactual	10000	10000	20000	0.0689446741752236	0.4062017969680522	0.1346563982644745	0.16177113094952444	13.507952536660163	11.997731901780831	11.992712332998124	0.9217809574351118	1.0	0.9996159875222334	0.9999999999999999	0.0527	0.04848993719187213	0.057253600370737796	1.0	0.9998079568876411	1.0	1.0	0.9998079568876411	1.0	22.207381685903396	22.203062673543805	0.9005088631604167
+I+G4	17.5	5000	refined_invariant_null	10000	10000	20000	-2.7755575615628914e-17	0.31874760236447003	0.05238333182139942	0.1643411007104676	1.642228813342391	-0.0046679086036343605	-0.010383629787220672	1.0020953734476936	0.0505	0.046378070820086464	0.05496715639742565	0.051	0.0468578475655539	0.055486995639480424	1.0	0.9998079568876411	1.0	1.0	0.9998079568876411	1.0	11.19052934785502	11.190034724402842	0.9722753596126367
+I+G4	17.5	10000	legacy_counterfactual	10000	10000	20000	0.0689446741752236	0.4062017969680522	0.1346563982644745	0.16177113094952444	18.50238778628942	16.98214282628582	16.987466767519194	0.9178753606323075	1.0	0.9996159875222334	0.9999999999999999	0.0481	0.044076791316212685	0.05247027916119269	1.0	0.9998079568876411	1.0	1.0	0.9998079568876411	1.0	31.40430071526853	31.40415739926471	0.9003635163936171
+I+G4	17.5	10000	refined_invariant_null	10000	10000	20000	-2.7755575615628914e-17	0.31874760236447003	0.05238333182139942	0.1643411007104676	1.6530809588377902	0.012182071803689217	0.01549348493224738	0.9997623089664126	0.0503	0.04618619260069309	0.05475918822181011	0.0497	0.045610670664964575	0.054135170972511956	1.0	0.9998079568876411	1.0	1.0	0.9998079568876411	1.0	15.82447654847218	15.82518097204261	0.9714315585036614
+I+G4	20.0	100	legacy_counterfactual	10000	10000	20000	0.06501619582167972	0.38313786721711646	0.11984113162456453	0.14309453722520366	3.1690812715101533	1.6564977110884989	1.6734762900298332	0.9381743844586068	0.5138	0.5040003136542023	0.5235890876014114	0.0486	0.044555994280372054	0.052990692184555564	0.9246	0.9208585535956831	0.9281783633933017	0.40525	0.3984647388649708	0.4120716533048213	2.949483787635231	2.9522433714093888	0.9113485109284444
+I+G4	20.0	100	refined_invariant_null	10000	10000	20000	-5.551115123125783e-17	0.3108627642947151	0.045324870182570545	0.1458034714624107	1.6413052536317125	-0.03210684973373997	-0.008607840968176685	1.019008000169306	0.0441	0.04024781801638016	0.048302324560847355	0.0446	0.04072596868673096	0.048823789878018796	0.40155	0.39477554397128656	0.40836226931753705	0.403	0.3962212616731162	0.40981599469068153	1.3902866872025743	1.3921326847943236	0.9873115059472731
+I+G4	20.0	500	legacy_counterfactual	10000	10000	20000	0.06501619582167972	0.38313786721711646	0.11984113162456453	0.14309453722520366	5.277034014567317	3.7914931097375506	3.8140740260123067	0.912225552440536	0.9871	0.9846937480997071	0.9891321469444525	0.0493	0.04522708438335564	0.0537190644641031	1.0	0.9998079568876411	1.0	0.93475	0.9312430390537246	0.9380899794600793	6.63977411348255	6.645330077537208	0.9005159049370193
+I+G4	20.0	500	refined_invariant_null	10000	10000	20000	-5.551115123125783e-17	0.3108627642947151	0.045324870182570545	0.1458034714624107	1.614921928602831	0.0030649610928937775	0.028590281501350893	0.991559192549151	0.0476	0.043597712998593996	0.05194974149128917	0.05	0.045898410397600495	0.05444720083238938	0.9365	0.9330357296113756	0.939796616751535	0.93985	0.9364695152564574	0.9430615444176004	3.136209335954389	3.1406134461447746	0.975980353310641
+I+G4	20.0	1000	legacy_counterfactual	10000	10000	20000	0.06501619582167972	0.38313786721711646	0.11984113162456453	0.14309453722520366	6.837419893543235	5.358131580997908	5.362949046724989	0.9156157943510279	1.0	0.9996159875222334	0.9999999999999999	0.0518	0.04762572829928666	0.056318500485783254	1.0	0.9998079568876411	1.0	0.9972	0.9963660500113234	0.9978429823177468	9.402317428963244	9.399752078447548	0.9076200897206252
+I+G4	20.0	1000	refined_invariant_null	10000	10000	20000	-5.551115123125783e-17	0.3108627642947151	0.045324870182570545	0.1458034714624107	1.6000530481901758	-0.006088982105457171	-0.003771334006010815	0.9936944153655328	0.0483	0.0442684576471515	0.052678459225262785	0.0517	0.04752972736860386	0.05621457821896162	0.99775	0.9969908880248097	0.998317933056837	0.99805	0.9973355620200955	0.9985731438356836	4.445736738877685	4.444522722391431	0.9799759738799585
+I+G4	20.0	5000	legacy_counterfactual	10000	10000	20000	0.06501619582167972	0.38313786721711646	0.11984113162456453	0.14309453722520366	13.47698232370016	11.984843097468614	12.00563310109058	0.9185754172044023	1.0	0.9996159875222334	0.9999999999999999	0.0503	0.04618619260069309	0.05475918822181011	1.0	0.9998079568876411	1.0	1.0	0.9998079568876411	1.0	21.067188582886423	21.066562020565364	0.9033921358958131
+I+G4	20.0	5000	refined_invariant_null	10000	10000	20000	-5.551115123125783e-17	0.3108627642947151	0.045324870182570545	0.1458034714624107	1.6295520602985516	-0.013845918707629431	0.006823319835000075	0.9967843750561199	0.0461	0.04216124482803089	0.05038736169928557	0.0475	0.04350191245596974	0.051845618836408966	1.0	0.9998079568876411	1.0	1.0	0.9998079568876411	1.0	9.980360429277749	9.980312762787552	0.9784822656949409
+I+G4	20.0	10000	legacy_counterfactual	10000	10000	20000	0.06501619582167972	0.38313786721711646	0.11984113162456453	0.14309453722520366	18.46354491380631	16.982482405501347	16.996516136518466	0.9117818672290171	1.0	0.9996159875222334	0.9999999999999999	0.0502	0.046090260502975426	0.054655197122023345	1.0	0.9998079568876411	1.0	1.0	0.9998079568876411	1.0	29.78167474389501	29.783026696008008	0.9001372360500207
+I+G4	20.0	10000	refined_invariant_null	10000	10000	20000	-5.551115123125783e-17	0.3108627642947151	0.045324870182570545	0.1458034714624107	1.6218390449186586	0.015068794070345934	0.03191042418075159	0.992326756342237	0.0473	0.04331032661240665	0.05163735828496317	0.0501	0.04599433309751598	0.054551201329978344	1.0	0.9998079568876411	1.0	1.0	0.9998079568876411	1.0	14.101725107069669	14.106250981117528	0.972694996183225
+I+G4	22.5	100	legacy_counterfactual	10000	10000	20000	0.06159836756313441	0.36306754757379617	0.10764780029792428	0.12683433989767423	3.1366782330222187	1.6698097005494288	1.6839949232506866	0.9314195621552632	0.5152	0.5054005716736923	0.5249877543469835	0.0558	0.05146932111612902	0.06047183556911877	0.9011	0.8968852688612478	0.905160674154018	0.36405	0.35740812193607385	0.37074409458617663	2.8166915936641685	2.8209385788913	0.9095795248714839
+I+G4	22.5	100	refined_invariant_null	10000	10000	20000	4.85722573273506e-17	0.304017633811179	0.039436340141604916	0.1297172787223856	1.580793344888904	-0.013693821901572294	-0.0026731009915359105	1.0097409297162403	0.0475	0.04350191245596974	0.051845618836408966	0.0556	0.05127698224546296	0.06026432804477592	0.34645	0.339885268669509	0.3530737077702965	0.37	0.3633342352429577	0.37671569596625565	1.2517429976681949	1.2540872713022764	0.9856295642403677
+I+G4	22.5	500	legacy_counterfactual	10000	10000	20000	0.06159836756313441	0.36306754757379617	0.10764780029792428	0.12683433989767423	5.272722313605648	3.77440730204305	3.780158414794851	0.9095826116639564	0.9891	0.9868688028733781	0.9909555561208705	0.049	0.04493944517385872	0.05340693408108669	1.0	0.9998079568876411	1.0	0.87575	0.8711059922272083	0.880249687373854	6.3281764661968465	6.333376322063506	0.9106471862907098
+I+G4	22.5	500	refined_invariant_null	10000	10000	20000	4.85722573273506e-17	0.304017633811179	0.039436340141604916	0.1297172787223856	1.6315776312525316	-0.012326211914517295	-0.0021006251347730166	0.9873607225811717	0.0476	0.043597712998593996	0.05194974149128917	0.0488	0.0447477099582466	0.05319882290168992	0.8825	0.8779634653858319	0.8868896216332134	0.88535	0.8808602419837259	0.8896917503895789	2.8097983754800784	2.8104554233437584	0.9846204836600819
+I+G4	22.5	1000	legacy_counterfactual	10000	10000	20000	0.06159836756313441	0.36306754757379617	0.10764780029792428	0.12683433989767423	6.861999559316866	5.3390913514257425	5.345010948342456	0.9215255313366847	0.9998	0.9992709889064336	0.9999451522207908	0.0469	0.04292721632143491	0.051220775785917105	1.0	0.9998079568876411	1.0	0.9899	0.9884170708865286	0.991194765271982	8.966601395786535	8.969174048838283	0.9010030584409768
+I+G4	22.5	1000	refined_invariant_null	10000	10000	20000	4.85722573273506e-17	0.304017633811179	0.039436340141604916	0.1297172787223856	1.638179252889664	-0.023860883771470928	-0.01606293398938887	0.9988678106685781	0.046	0.042065522054552065	0.05028316127525995	0.0468	0.042831451629961645	0.05111661727988594	0.99125	0.9898616054255571	0.9924497122165501	0.9913	0.9899152456369736	0.9924960528008223	3.98505281295663	3.9896474503979853	0.9759771540975565
+I+G4	22.5	5000	legacy_counterfactual	10000	10000	20000	0.06159836756313441	0.36306754757379617	0.10764780029792428	0.12683433989767423	13.501270374284037	11.98579900936001	12.001414922658704	0.9088849798469417	1.0	0.9996159875222334	0.9999999999999999	0.0472	0.043214541342019595	0.051533220357845765	1.0	0.9998079568876411	1.0	1.0	0.9998079568876411	1.0	20.062543901561728	20.062185592678418	0.9023841063659419
+I+G4	22.5	5000	refined_invariant_null	10000	10000	20000	4.85722573273506e-17	0.304017633811179	0.039436340141604916	0.1297172787223856	1.6359382095074553	-0.01074190460583402	-0.003971069651615191	0.9871677547839246	0.0468	0.042831451629961645	0.05111661727988594	0.0477	0.04369351860154453	0.05205385908584307	1.0	0.9998079568876411	1.0	1.0	0.9998079568876411	1.0	8.918070182698715	8.916610985129488	0.9793708216413848
+I+G4	22.5	10000	legacy_counterfactual	10000	10000	20000	0.06159836756313441	0.36306754757379617	0.10764780029792428	0.12683433989767423	18.476003610186115	16.96140906449746	16.955538397580472	0.9240037051989551	1.0	0.9996159875222334	0.9999999999999999	0.0534	0.049162345412768274	0.05798065453237279	1.0	0.9998079568876411	1.0	1.0	0.9998079568876411	1.0	28.385547108044772	28.381193163032126	0.903229673754956
+I+G4	22.5	10000	refined_invariant_null	10000	10000	20000	4.85722573273506e-17	0.304017633811179	0.039436340141604916	0.1297172787223856	1.6722632499833108	-0.0033374128631477092	-0.01007553125486162	1.0059374440297684	0.0519	0.047721733718244265	0.056422418264330094	0.0493	0.04522708438335564	0.0537190644641031	1.0	0.9998079568876411	1.0	1.0	0.9998079568876411	1.0	12.622456537104547	12.616082893756307	0.9805398242791744
+I+G4	25.0	100	legacy_counterfactual	10000	10000	20000	0.05860524730403575	0.3454808658714682	0.09749558291132482	0.11256871059758698	3.104366298817164	1.6609420309465008	1.6700505612841114	0.9208267014249079	0.512	0.5022000948726412	0.5217906888278924	0.0545	0.0502194110723109	0.05912274404537908	0.8746	0.8699381289631312	0.8791179923370895	0.32295	0.3165038765534323	0.3294641259126541	2.683664232520135	2.6984272455589178	0.9137492677236925
+I+G4	25.0	100	refined_invariant_null	10000	10000	20000	4.163336342344337e-17	0.29794008156862756	0.03445536177729359	0.11564527201539714	1.5574924392257568	-0.020741899894206484	-0.005138205977532463	0.9996772182047674	0.0436	0.03976980840265766	0.04778071818704763	0.0526	0.048393896302291316	0.05714971806281418	0.2949	0.28862006513378097	0.3012587109509088	0.3265	0.32003478437595095	0.33303185458403767	1.1131540883260613	1.123668051645911	0.9928864923215032
+I+G4	25.0	500	legacy_counterfactual	10000	10000	20000	0.05860524730403575	0.3454808658714682	0.09749558291132482	0.11256871059758698	5.275481797789799	3.7823721537752184	3.784455488997323	0.9336359396081123	0.9873	0.9849105904325444	0.9893151510066243	0.0545	0.0502194110723109	0.05912274404537908	1.0	0.9998079568876411	1.0	0.80855	0.8030381137033122	0.813943376492051	6.0576487089153686	6.060376579112406	0.8976618062910277
+I+G4	25.0	500	refined_invariant_null	10000	10000	20000	4.163336342344337e-17	0.29794008156862756	0.03445536177729359	0.11564527201539714	1.6274251223493197	-0.005260441178341619	0.006524792574618586	1.0090353057052648	0.0518	0.04762572829928666	0.056318500485783254	0.0539	0.04964276621080838	0.05849984972185492	0.8177	0.8122881975491092	0.8229897782572979	0.822	0.8166369543354759	0.8272393699001648	2.5213204462410004	2.5195995853303064	0.9735564164830688
+I+G4	25.0	1000	legacy_counterfactual	10000	10000	20000	0.05860524730403575	0.3454808658714682	0.09749558291132482	0.11256871059758698	6.86336868691782	5.3624208767678105	5.375376085321813	0.9138924065302091	1.0	0.9996159875222334	0.9999999999999999	0.0477	0.04369351860154453	0.05205385908584307	1.0	0.9998079568876411	1.0	0.96955	0.9670770166301129	0.9718426356830708	8.58128316640611	8.587767122736812	0.9048099560577554
+I+G4	25.0	1000	refined_invariant_null	10000	10000	20000	4.163336342344337e-17	0.29794008156862756	0.03445536177729359	0.11564527201539714	1.6365404034211626	0.00410273679548308	0.02006151935364226	0.9934894941909299	0.0456	0.041682684252804296	0.049866306286989924	0.0459	0.0419698045937483	0.050178955538559264	0.9751	0.9728474807131622	0.9771700399214742	0.97535	0.973108013246563	0.9774094113665175	3.5804549522031746	3.586877493118844	0.9822627768107984
+I+G4	25.0	5000	legacy_counterfactual	10000	10000	20000	0.05860524730403575	0.3454808658714682	0.09749558291132482	0.11256871059758698	13.472407799464783	11.998371120814637	12.005493581225906	0.9125809560221156	1.0	0.9996159875222334	0.9999999999999999	0.0527	0.04848993719187213	0.057253600370737796	1.0	0.9998079568876411	1.0	1.0	0.9998079568876411	1.0	19.169605309197863	19.17393561920786	0.9023012827312011
+I+G4	25.0	5000	refined_invariant_null	10000	10000	20000	4.163336342344337e-17	0.29794008156862756	0.03445536177729359	0.11564527201539714	1.6138396638851935	0.006122098173321856	0.016844762639574313	0.9924045779240194	0.0486	0.044555994280372054	0.052990692184555564	0.0519	0.047721733718244265	0.056422418264330094	1.0	0.9998079568876411	1.0	1.0	0.9998079568876411	1.0	7.969284379760888	7.972438371668467	0.9795661054909918
+I+G4	25.0	10000	legacy_counterfactual	10000	10000	20000	0.05860524730403575	0.3454808658714682	0.09749558291132482	0.11256871059758698	18.45128505689579	16.95758664219439	16.961324754797218	0.9217629059312857	1.0	0.9996159875222334	0.9999999999999999	0.0524	0.04820182771100209	0.056941940259094506	1.0	0.9998079568876411	1.0	1.0	0.9998079568876411	1.0	27.12058681512111	27.1209693598995	0.9035230126445991
+I+G4	25.0	10000	refined_invariant_null	10000	10000	20000	4.163336342344337e-17	0.29794008156862756	0.03445536177729359	0.11564527201539714	1.6204164306139792	-0.005226949207941303	0.0007573150484612562	1.0025287795617117	0.0486	0.044555994280372054	0.052990692184555564	0.0522	0.048009776782719116	0.05673414479236859	1.0	0.9998079568876411	1.0	1.0	0.9998079568876411	1.0	11.285164465929634	11.282984856258583	0.9820127047702432
+I+G4	30.0	100	legacy_counterfactual	10000	10000	20000	0.05365735506125582	0.316368429383652	0.08177798112092785	0.08888568974614992	3.1259934784592627	1.6658346208045194	1.682406304549506	0.9276648902965795	0.517	0.507201016403598	0.526785927172158	0.0527	0.04848993719187213	0.057253600370737796	0.8243	0.8189635011770987	0.8295119396602254	0.24365	0.23775002638537934	0.24964843411832716	2.487847196460524	2.4884001531104296	0.9151486401886866
+I+G4	30.0	100	refined_invariant_null	10000	10000	20000	4.163336342344337e-17	0.287531425326458	0.026556410547982433	0.09236002818763453	1.572513296324625	-0.014356950502481688	0.000285924545819594	0.9973645285440033	0.0455	0.04158698820856655	0.04976207913372322	0.0531	0.04887414443556876	0.05766908591705896	0.22825	0.22248570339247942	0.2341186720390877	0.2522	0.24622922753076673	0.25826594903571837	0.9109385312061069	0.9097509329524014	0.9951591560512679
+I+G4	30.0	500	legacy_counterfactual	10000	10000	20000	0.05365735506125582	0.316368429383652	0.08177798112092785	0.08888568974614992	5.270342705668169	3.7761709328264597	3.791860465207244	0.9412119667946335	0.9882	0.9858881371552632	0.9901369130614455	0.0562	0.051854047265432315	0.06088680220983325	1.0	0.9998079568876411	1.0	0.63935	0.6326687425710916	0.645977735013494	5.590653625030951	5.595165886194318	0.9071098240854775
+I+G4	30.0	500	refined_invariant_null	10000	10000	20000	4.163336342344337e-17	0.287531425326458	0.026556410547982433	0.09236002818763453	1.5789995499137959	-0.011566142617877398	-0.006692929805727519	1.0227415425475423	0.0525	0.04829785980472314	0.05704583136287789	0.0591	0.05464518728578141	0.0638934349171131	0.6546	0.6479808028374322	0.6611598174322263	0.67875	0.6722445148257985	0.6851868297615331	2.0289001490787624	2.027234851540177	0.9884265077369783
+I+G4	30.0	1000	legacy_counterfactual	10000	10000	20000	0.05365735506125582	0.316368429383652	0.08177798112092785	0.08888568974614992	6.83796006907308	5.354707266783404	5.358493979852007	0.927883105221108	1.0	0.9996159875222334	0.9999999999999999	0.0552	0.050892353321999914	0.05984926417822119	1.0	0.9998079568876411	1.0	0.88455	0.880047025115407	0.8889052745268776	7.914546005807432	7.909164026802067	0.9032868522116629
+I+G4	30.0	1000	refined_invariant_null	10000	10000	20000	4.163336342344337e-17	0.287531425326458	0.026556410547982433	0.09236002818763453	1.6222182272034786	-0.0038961895831606547	-0.006466119601448247	1.0060978712927287	0.0503	0.04618619260069309	0.05475918822181011	0.052	0.04781774361324294	0.05652633156683587	0.8946	0.8902682065100298	0.8987802330656964	0.8999	0.8956632572986889	0.9039831466200465	2.8753809329005637	2.8735848185022856	0.9863129521885111
+I+G4	30.0	5000	legacy_counterfactual	10000	10000	20000	0.05365735506125582	0.316368429383652	0.08177798112092785	0.08888568974614992	13.495336636537107	11.996665414243012	12.007279628183413	0.918681909620587	1.0	0.9996159875222334	0.9999999999999999	0.0518	0.04762572829928666	0.056318500485783254	1.0	0.9998079568876411	1.0	1.0	0.9998079568876411	1.0	17.695551291777406	17.688477521684703	0.9093712238017061
+I+G4	30.0	5000	refined_invariant_null	10000	10000	20000	4.163336342344337e-17	0.287531425326458	0.026556410547982433	0.09236002818763453	1.6340051983799413	0.00622842626163848	0.016152838376233228	0.9934055313295093	0.0494	0.04532297376687862	0.05382309827808457	0.051	0.0468578475655539	0.055486995639480424	1.0	0.9998079568876411	1.0	1.0	0.9998079568876411	1.0	6.41392523939836	6.408347401399615	0.9903895902044662
+I+G4	30.0	10000	legacy_counterfactual	10000	10000	20000	0.05365735506125582	0.316368429383652	0.08177798112092785	0.08888568974614992	18.48895356318017	16.94497091781781	16.945463760750847	0.9148558585174659	1.0	0.9996159875222334	0.9999999999999999	0.0443	0.04043906148522021	0.0485109274870162	1.0	0.9998079568876411	1.0	1.0	0.9998079568876411	1.0	25.039142509968322	25.04294575652331	0.9105379773398892
+I+G4	30.0	10000	refined_invariant_null	10000	10000	20000	4.163336342344337e-17	0.287531425326458	0.026556410547982433	0.09236002818763453	1.6553753433566685	-0.01177235930036706	-0.013166016873527562	0.990354535612977	0.0462	0.042256972897776274	0.05049155682704462	0.0454	0.041491297560387976	0.04965784658439736	1.0	0.9998079568876411	1.0	1.0	0.9998079568876411	1.0	9.082354191887244	9.082108998554627	0.9941337153069273
+I+G4	35.0	100	legacy_counterfactual	10000	10000	20000	0.04980902253081649	0.2936721203049231	0.07046248237612884	0.07032829614151874	3.1528542934634527	1.6562477494111147	1.688354892037823	0.9320777822033607	0.5184	0.5086014502122386	0.5281844181285796	0.0475	0.04350191245596974	0.051845618836408966	0.76795	0.7620483054901087	0.7737487786059781	0.1742	0.16900612838248075	0.17951900690953237	2.3020584297465856	2.3107702383436237	0.911721647818249
+I+G4	35.0	100	refined_invariant_null	10000	10000	20000	0.0	0.2789624171396258	0.020686638461721765	0.07415564674924553	1.6157526432831544	-0.013900279693594865	0.015140362228074668	1.0093489386506014	0.0462	0.042256972897776274	0.05049155682704462	0.0498	0.04570657916787368	0.0542391856671073	0.17145	0.1662896251063497	0.17673656642278135	0.1806	0.1753300159176877	0.18599266122248725	0.7170067983710549	0.7195683045047905	0.9916077030906778
+I+G4	35.0	500	legacy_counterfactual	10000	10000	20000	0.04980902253081649	0.2936721203049231	0.07046248237612884	0.07032829614151874	5.265009774079423	3.7749403979414344	3.80100120297977	0.9292568549962331	0.988	0.9856706472007271	0.9899545566209726	0.0523	0.048105800033018536	0.056838044739573615	0.99995	0.9997168021471904	0.9999911739447619	0.4817	0.47477917491700833	0.4886278538609042	5.218281724412515	5.220924473146536	0.9085844677522315
+I+G4	35.0	500	refined_invariant_null	10000	10000	20000	0.0	0.2789624171396258	0.020686638461721765	0.07415564674924553	1.6414310990833303	-0.005451976078333954	-0.0031391987909623587	1.0096103928651183	0.0509	0.04676188298859711	0.05538303701893278	0.0511	0.046953816730797814	0.055590949671740976	0.49805	0.49112144614080794	0.5049793028273303	0.4993	0.49237116019103694	0.5062291086693206	1.6405344819056866	1.6402495860062443	0.9944173421726197
+I+G4	35.0	1000	legacy_counterfactual	10000	10000	20000	0.04980902253081649	0.2936721203049231	0.07046248237612884	0.07032829614151874	6.812593792782167	5.346841564301926	5.348108235271937	0.9140197091558527	0.9999	0.9994337165442557	0.999982347780473	0.0513	0.04714576877535386	0.05579884402219381	1.0	0.9998079568876411	1.0	0.7406	0.734479598824377	0.7466279900299561	7.392065609279315	7.394156334071713	0.9089724147356179
+I+G4	35.0	1000	refined_invariant_null	10000	10000	20000	0.0	0.2789624171396258	0.020686638461721765	0.07415564674924553	1.6010941579749607	-0.007642665873916984	-0.007199397598805871	0.9933894269005372	0.0455	0.04158698820856655	0.04976207913372322	0.0514	0.04724175162942263	0.0559027843656295	0.7551	0.7490914981921033	0.7610105214119711	0.76815	0.762250026839807	0.773946980439035	2.321615130519495	2.322545413789654	0.9915319011772012
+I+G4	35.0	5000	legacy_counterfactual	10000	10000	20000	0.04980902253081649	0.2936721203049231	0.07046248237612884	0.07032829614151874	13.4916735445739	11.994109145038232	12.002414892909155	0.9255406725356965	1.0	0.9996159875222334	0.9999999999999999	0.0511	0.046953816730797814	0.055590949671740976	1.0	0.9998079568876411	1.0	0.99965	0.9992776423311108	0.999830448986709	16.53905137794403	16.545691102307572	0.8997172521679784
+I+G4	35.0	5000	refined_invariant_null	10000	10000	20000	0.0	0.2789624171396258	0.020686638461721765	0.07415564674924553	1.6409260623372142	0.003720167051487013	0.0019019159223561091	1.0012384493679565	0.0485	0.044460143803757124	0.052886619463666046	0.049	0.04493944517385872	0.05340693408108669	0.9999	0.999635418757493	0.9999725765387706	0.9999	0.999635418757493	0.9999725765387706	5.189977053825297	5.198266165875518	0.9851290163338358
+I+G4	35.0	10000	legacy_counterfactual	10000	10000	20000	0.04980902253081649	0.2936721203049231	0.07046248237612884	0.07032829614151874	18.478604363904623	16.969270596735488	16.975253715438548	0.923535645718083	1.0	0.9996159875222334	0.9999999999999999	0.0495	0.04541886795081369	0.053927127291653956	1.0	0.9998079568876411	1.0	1.0	0.9998079568876411	1.0	23.403955814848	23.40240378354339	0.9037672356568056
+I+G4	35.0	10000	refined_invariant_null	10000	10000	20000	0.0	0.2789624171396258	0.020686638461721765	0.07415564674924553	1.6778199381768546	0.011490788424127743	0.0149400199353679	1.004585626788072	0.0487	0.0446518496699761	0.05309475999245596	0.0445	0.04063032737710732	0.04871950799013799	1.0	0.9998079568876411	1.0	1.0	0.9998079568876411	1.0	7.352496460887484	7.355013810571492	0.9898532752128703
+I+G4	40.0	100	legacy_counterfactual	10000	10000	20000	0.046804745777860646	0.2759097069237631	0.06217898450420728	0.05572199288586358	3.178053695759899	1.6366438793446334	1.6575244975081187	0.9304074097746098	0.5054	0.49560037939790824	0.5151954732673318	0.044	0.04015220473594388	0.04819801464377919	0.7192	0.7129301324953077	0.7253856758042341	0.13635	0.13166382763971726	0.1411758453159014	2.172243654946242	2.1925733042123325	0.9293886475027865
+I+G4	40.0	100	refined_invariant_null	10000	10000	20000	2.7755575615628914e-17	0.27188749341532553	0.016262105762427485	0.05981189336129577	1.6516597735622558	-0.034973209598604206	-0.015386421877396944	1.010802389109006	0.0458	0.041874092462116604	0.05007474447268651	0.0454	0.041491297560387976	0.04965784658439736	0.14715	0.14230803709493625	0.15212748772945547	0.14575	0.14092770121806503	0.1507083613270413	0.5833773305544293	0.5970587939068539	1.013355419599904
+I+G4	40.0	500	legacy_counterfactual	10000	10000	20000	0.046804745777860646	0.2759097069237631	0.06217898450420728	0.05572199288586358	5.304149658252373	3.8006013877569655	3.814077963228206	0.9219582878004637	0.9883	0.9859969395540515	0.9902280338601614	0.0507	0.04656996765070889	0.05517510596181212	0.99985	0.9995590283953282	0.9999489861052466	0.34195	0.33540657873811436	0.3485541260897023	4.9210614330827624	4.926768638662164	0.9190182474983588
+I+G4	40.0	500	refined_invariant_null	10000	10000	20000	2.7755575615628914e-17	0.27188749341532553	0.016262105762427485	0.05981189336129577	1.6285772643486958	0.01658701481363088	0.025194154904646444	1.0061830121525492	0.0538	0.049546673520308566	0.05839601921485028	0.0556	0.05127698224546296	0.06026432804477592	0.3776	0.3709053078954176	0.38434170425848796	0.3844	0.3776809147209166	0.3911634856466609	1.3256155626898245	1.3341157451228784	1.004667520484825
+I+G4	40.0	1000	legacy_counterfactual	10000	10000	20000	0.046804745777860646	0.2759097069237631	0.06217898450420728	0.05572199288586358	6.84745726525195	5.3467646884213345	5.34860839058202	0.9199782691929088	1.0	0.9996159875222334	0.9999999999999999	0.0489	0.04484357513093346	0.0533028809265075	1.0	0.9998079568876411	1.0	0.5557	0.548803442273845	0.5625751641234382	6.974258804097413	6.975586300974674	0.9084214960546105
+I+G4	40.0	1000	refined_invariant_null	10000	10000	20000	2.7755575615628914e-17	0.27188749341532553	0.016262105762427485	0.05981189336129577	1.6570927107429632	-0.009320572929181868	-0.0026961755381170864	1.0013452451047498	0.0474	0.043406116988828625	0.05174149110604563	0.0462	0.042256972897776274	0.05049155682704462	0.59375	0.5869258793475457	0.600538112568887	0.58875	0.5819139805172322	0.5955519318303242	1.8804624915106953	1.874558471652009	0.9953592478661661
+I+G4	40.0	5000	legacy_counterfactual	10000	10000	20000	0.046804745777860646	0.2759097069237631	0.06217898450420728	0.05572199288586358	13.50069595554551	11.98429077822941	11.98121084968296	0.9287770278299732	1.0	0.9996159875222334	0.9999999999999999	0.0497	0.045610670664964575	0.054135170972511956	1.0	0.9998079568876411	1.0	0.98965	0.9881502931370194	0.9909616390430476	15.614397202420532	15.618379354375374	0.9171149555005256
+I+G4	40.0	5000	refined_invariant_null	10000	10000	20000	2.7755575615628914e-17	0.27188749341532553	0.016262105762427485	0.05981189336129577	1.6336908442601894	-0.003476236089829431	-0.004239831641965579	1.0145379701448745	0.0526	0.048393896302291316	0.05714971806281418	0.0532	0.04897020710962691	0.05777294644050524	0.99465	0.9935396449627649	0.9955703667861784	0.9947	0.9935943233713486	0.9956156691732837	4.206108994037928	4.207468034581041	1.0044243212972106
+I+G4	40.0	10000	legacy_counterfactual	10000	10000	20000	0.046804745777860646	0.2759097069237631	0.06217898450420728	0.05572199288586358	18.491284005034704	16.967961722117614	16.971781639602334	0.9128402771863429	1.0	0.9996159875222334	0.9999999999999999	0.0475	0.04350191245596974	0.051845618836408966	1.0	0.9998079568876411	1.0	0.99995	0.9997168021471904	0.9999911739447619	22.089041117941395	22.093639959855423	0.9098350790487483
+I+G4	40.0	10000	refined_invariant_null	10000	10000	20000	2.7755575615628914e-17	0.27188749341532553	0.016262105762427485	0.05981189336129577	1.6597678805525087	0.0072845158930300215	0.014627187065005588	0.9924400968025779	0.0497	0.045610670664964575	0.054135170972511956	0.0485	0.044460143803757124	0.052886619463666046	1.0	0.9998079568876411	1.0	1.0	0.9998079568876411	1.0	5.9532982501937495	5.944501347957557	0.9947908212693013
+I+G4	45.0	100	legacy_counterfactual	10000	10000	20000	0.04445322904754651	0.26197560222031946	0.05603222761353415	0.04419876686169344	3.125544961178662	1.6618632969252845	1.6811817463123813	0.9290643193118916	0.5137	0.5039002981661213	0.523489179891988	0.0523	0.048105800033018536	0.056838044739573615	0.68335	0.6768683897552189	0.6897611880354791	0.1212	0.11674948257228247	0.12579600928964071	2.062830449353967	2.0775158462610657	0.9237974580529539
+I+G4	45.0	100	refined_invariant_null	10000	10000	20000	-3.469446951953614e-17	0.2660678302726808	0.012887920412211259	0.04843847675610783	1.6034886770783112	-0.0100092781863658	-0.007801878155355788	1.0040306246128379	0.0475	0.04350191245596974	0.051845618836408966	0.0511	0.046953816730797814	0.055590949671740976	0.12085	0.11640518373243353	0.12544044255966832	0.1293	0.1247208601090797	0.13402152065442322	0.47371709733493955	0.4754962166890272	1.0076974803226506
+I+G4	45.0	500	legacy_counterfactual	10000	10000	20000	0.04445322904754651	0.26197560222031946	0.05603222761353415	0.04419876686169344	5.26780538047942	3.7608002028805148	3.7644086625418014	0.9212533702476301	0.9883	0.9859969395540515	0.9902280338601614	0.0498	0.04570657916787368	0.0542391856671073	0.99965	0.9992776423311108	0.999830448986709	0.2684	0.2623034804982201	0.2745854738714247	4.698132298116205	4.70602780871924	0.918175728556469
+I+G4	45.0	500	refined_invariant_null	10000	10000	20000	-3.469446951953614e-17	0.2660678302726808	0.012887920412211259	0.04843847675610783	1.6239660093829362	-0.013301000917763872	-0.013023489926100203	1.0014052578709076	0.0468	0.042831451629961645	0.05111661727988594	0.0486	0.044555994280372054	0.052990692184555564	0.28955	0.2833049580347338	0.2958758729112581	0.2975	0.29120348641099036	0.303874291049515	1.0894454623960865	1.0828707551979715	1.006280317067605
+I+G4	45.0	1000	legacy_counterfactual	10000	10000	20000	0.04445322904754651	0.26197560222031946	0.05603222761353415	0.04419876686169344	6.870513886213986	5.343229914996113	5.350627758043184	0.9121618703219518	0.9998	0.9992709889064336	0.9999451522207908	0.0473	0.04331032661240665	0.05163735828496317	1.0	0.9998079568876411	1.0	0.4057	0.39891345209927603	0.41252276723171494	6.643118517012824	6.654920533344297	0.9052972167008284
+I+G4	45.0	1000	refined_invariant_null	10000	10000	20000	-3.469446951953614e-17	0.2660678302726808	0.012887920412211259	0.04843847675610783	1.6445912874465045	-0.011639020263084901	-0.019667499672863388	0.9921233401003082	0.0495	0.04541886795081369	0.053927127291653956	0.0496	0.04551476692140481	0.05403115151856727	0.456	0.4491063448539171	0.4629105549399707	0.4561	0.44920620338836675	0.4630106579968985	1.5257676567631113	1.5308450866713454	0.9965422895023411
+I+G4	45.0	5000	legacy_counterfactual	10000	10000	20000	0.04445322904754651	0.26197560222031946	0.05603222761353415	0.04419876686169344	13.52189004718037	12.006262379700681	12.021351197899591	0.9215925550371061	1.0	0.9996159875222334	0.9999999999999999	0.0495	0.04541886795081369	0.053927127291653956	1.0	0.9998079568876411	1.0	0.93045	0.9268410791615257	0.9338935909230445	14.87364440659686	14.87457897928249	0.9122384099060172
+I+G4	45.0	5000	refined_invariant_null	10000	10000	20000	-3.469446951953614e-17	0.2660678302726808	0.012887920412211259	0.04843847675610783	1.674046176441053	0.010047104442198427	0.015602845671280511	1.0010155322592869	0.051	0.0468578475655539	0.055486995639480424	0.0474	0.043406116988828625	0.05174149110604563	0.9607	0.9579173629100739	0.9633056885661986	0.95785	0.9549761871663323	0.9605479589556807	3.413776293563003	3.421684975775679	1.0032826602937197
+I+G4	45.0	10000	legacy_counterfactual	10000	10000	20000	0.04445322904754651	0.26197560222031946	0.05603222761353415	0.04419876686169344	18.5011194518877	16.95720139394017	16.971913575811097	0.9098791246513103	1.0	0.9996159875222334	0.9999999999999999	0.0448	0.04091726794428552	0.04903233701547313	1.0	0.9998079568876411	1.0	0.9972	0.9963660500113234	0.9978429823177468	21.041039532669732	21.042563209325316	0.903972643574149
+I+G4	45.0	10000	refined_invariant_null	10000	10000	20000	-3.469446951953614e-17	0.2660678302726808	0.012887920412211259	0.04843847675610783	1.6852943257212554	-0.009925001592995924	-0.00756308565801631	0.9931048595871874	0.0482	0.0441726219961739	0.05257437167873594	0.044	0.04015220473594388	0.04819801464377919	0.9995	0.9990797671210349	0.9997283818097188	0.9994	0.9989514539724205	0.9996567333669553	4.831263072884729	4.832773046331015	0.9936480841467344
+I+G4	50.0	100	legacy_counterfactual	10000	10000	20000	0.04260834824863492	0.251024599292232	0.051418297800913323	0.03509596102182097	3.1432279955937807	1.647686353132243	1.6729467052054434	0.9488647059800632	0.5123	0.5025001225127723	0.5220904307802745	0.0504	0.04628212937744861	0.054863174642559055	0.6486	0.6419555040986422	0.6551874206883646	0.10015	0.09606592104944538	0.10438765582750813	1.9764989785621878	1.9921038653110272	0.9261443910628582
+I+G4	50.0	100	refined_invariant_null	10000	10000	20000	2.7755575615628914e-17	0.2613100124059194	0.010287503605599053	0.03936896068727134	1.6082449869666795	-0.00863470942220407	-0.012473865660496627	1.0268607926425513	0.0497	0.045610670664964575	0.054135170972511956	0.0536	0.04935450091318603	0.05818834542696393	0.10895	0.10470663050830406	0.11334356640987192	0.11495	0.11060317006256688	0.1194447223382608	0.3878434285085676	0.38117421961791853	1.01651964775225
+I+G4	50.0	500	legacy_counterfactual	10000	10000	20000	0.04260834824863492	0.251024599292232	0.051418297800913323	0.03509596102182097	5.291479085318669	3.7713768737192366	3.7820475715633153	0.924084860582852	0.988	0.9856706472007271	0.9899545566209726	0.0448	0.04091726794428552	0.04903233701547313	0.99895	0.9983952519947507	0.9993131081834264	0.19075	0.18536437747687565	0.1962544011881184	4.499487934781906	4.517211309992161	0.9155049960941595
+I+G4	50.0	500	refined_invariant_null	10000	10000	20000	2.7755575615628914e-17	0.2613100124059194	0.010287503605599053	0.03936896068727134	1.6601558485048886	-0.007709751278075595	-0.006438051918987248	1.00506795945512	0.0507	0.04656996765070889	0.05517510596181212	0.0486	0.044555994280372054	0.052990692184555564	0.2179	0.21223308775207578	0.2236752629719172	0.2137	0.20807409549786177	0.219435868388275	0.8697949268514489	0.8783625377154132	1.004771622210768
+I+G4	50.0	1000	legacy_counterfactual	10000	10000	20000	0.04260834824863492	0.251024599292232	0.051418297800913323	0.03509596102182097	6.822298179341831	5.349886339301563	5.343189658184498	0.9176761635642731	1.0	0.9996159875222334	0.9999999999999999	0.0527	0.04848993719187213	0.057253600370737796	1.0	0.9998079568876411	1.0	0.31695	0.3105371175737908	0.3234331894096439	6.3790575647362235	6.390335000217293	0.9187613984617662
+I+G4	50.0	1000	refined_invariant_null	10000	10000	20000	2.7755575615628914e-17	0.2613100124059194	0.010287503605599053	0.03936896068727134	1.637834990552988	-0.00939130383580838	-0.01787549111754712	0.9944050296051851	0.0489	0.04484357513093346	0.0533028809265075	0.0495	0.04541886795081369	0.053927127291653956	0.34575	0.3391885406587775	0.35237070464138537	0.34815	0.34157738794904635	0.3547809355441772	1.2417970562133276	1.2391619759578503	1.0054266766580926
+I+G4	50.0	5000	legacy_counterfactual	10000	10000	20000	0.04260834824863492	0.251024599292232	0.051418297800913323	0.03509596102182097	13.496814919319016	11.998634411178086	12.012320939999462	0.9112350445269024	1.0	0.9996159875222334	0.9999999999999999	0.0483	0.0442684576471515	0.052678459225262785	1.0	0.9998079568876411	1.0	0.8078	0.8022801248608323	0.8132016533991994	14.281303632319451	14.280029573168438	0.9053783389565513
+I+G4	50.0	5000	refined_invariant_null	10000	10000	20000	2.7755575615628914e-17	0.2613100124059194	0.010287503605599053	0.03936896068727134	1.6365187326497572	0.009545479096064576	-0.0031332154354501273	0.992193751305118	0.0498	0.04570657916787368	0.0542391856671073	0.0507	0.04656996765070889	0.05517510596181212	0.8738	0.8691257767932007	0.8783306517759998	0.87505	0.8703951038388174	0.8795608446226022	2.773142102121256	2.770850908056863	0.9930173985835458
+I+G4	50.0	10000	legacy_counterfactual	10000	10000	20000	0.04260834824863492	0.251024599292232	0.051418297800913323	0.03509596102182097	18.51493552327335	16.978607106134252	16.9709398831815	0.921949142811616	1.0	0.9996159875222334	0.9999999999999999	0.048	0.043980965621961486	0.05236618165793946	1.0	0.9998079568876411	1.0	0.96975	0.9672845591381779	0.972035016357761	20.22095672668497	20.218800494689802	0.9131113626301883
+I+G4	50.0	10000	refined_invariant_null	10000	10000	20000	2.7755575615628914e-17	0.2613100124059194	0.010287503605599053	0.03936896068727134	1.668190687506168	0.010850663949072132	0.011671793154638375	1.0040037063031977	0.0524	0.04820182771100209	0.056941940259094506	0.0508	0.046665923012702865	0.05527907379732258	0.98915	0.9876173528634511	0.9904947713597281	0.98845	0.9868725260914236	0.989839866992113	3.9345523857337894	3.92729566239837	1.0010081934974442
+I+G4	60.0	100	legacy_counterfactual	10000	10000	20000	0.04001441890116213	0.2356067679474643	0.04524636525631737	0.022206265128690453	3.152870994673943	1.6603388524687819	1.6688510348657246	0.9280091028502958	0.5124	0.5026001325104017	0.5221903439801496	0.0494	0.04532297376687862	0.05382309827808457	0.6051	0.5983056096486884	0.6118540228890937	0.07955	0.075879976396862	0.08338151265632068	1.8675297570481288	1.8924521547373485	0.9364303089970111
+I+G4	60.0	100	refined_invariant_null	10000	10000	20000	1.3877787807814457e-17	0.254337750812927	0.0066745060632233955	0.02624268730021396	1.6694858753675286	0.0011115644651884691	-0.015818691720403334	1.0022044903577547	0.0512	0.0470497904716152	0.05569489912842804	0.0485	0.044460143803757124	0.052886619463666046	0.0869	0.08307489892745666	0.09088376709197436	0.0831	0.07935396582657404	0.08700615972051089	0.2700861111062662	0.2652142303355799	1.020783537271015
+I+G4	60.0	500	legacy_counterfactual	10000	10000	20000	0.04001441890116213	0.2356067679474643	0.04524636525631737	0.022206265128690453	5.248437694130239	3.7586493363801035	3.7671441900534126	0.9236424539851578	0.987	0.9845853777066307	0.9890405941400247	0.0499	0.04580249241658047	0.054343195615904956	0.9969	0.9960283043152655	0.9975808432396723	0.13395	0.12929977162725756	0.13874082313530048	4.2344105543962725	4.241003169091355	0.9186216908731368
+I+G4	60.0	500	refined_invariant_null	10000	10000	20000	1.3877787807814457e-17	0.254337750812927	0.0066745060632233955	0.02624268730021396	1.6480214150705281	-0.01445298872409667	-0.0186415971928741	1.0058779914371492	0.0493	0.04522708438335564	0.0537190644641031	0.0492	0.04513119981406986	0.05361502583588445	0.145	0.14018829900246943	0.14994805160730545	0.1443	0.13949823052147606	0.14923838894865613	0.5803219172324423	0.5838746881856336	1.0050771937668237
+I+G4	60.0	1000	legacy_counterfactual	10000	10000	20000	0.04001441890116213	0.2356067679474643	0.04524636525631737	0.022206265128690453	6.845211773340299	5.3681608540191315	5.369637003485365	0.9256656464008194	0.9998	0.9992709889064336	0.9999451522207908	0.0532	0.04897020710962691	0.05777294644050524	1.0	0.9998079568876411	1.0	0.1817	0.1764171879671497	0.18710506667817803	6.006984400995534	6.009235964328807	0.9183204408876006
+I+G4	60.0	1000	refined_invariant_null	10000	10000	20000	1.3877787807814457e-17	0.254337750812927	0.0066745060632233955	0.02624268730021396	1.6579259235814032	0.015393939655826836	0.01173733402467151	1.0180892434944477	0.0545	0.0502194110723109	0.05912274404537908	0.0533	0.049066274105844514	0.057876802641792104	0.20895	0.2033715432080223	0.21464024508768187	0.20555	0.20000621820163575	0.2112068759872325	0.8299261026641649	0.8297182200700222	1.0061473738612183
+I+G4	60.0	5000	legacy_counterfactual	10000	10000	20000	0.04001441890116213	0.2356067679474643	0.04524636525631737	0.022206265128690453	13.494505761827506	12.018353229478894	12.026860993114173	0.9134341204393268	1.0	0.9996159875222334	0.9999999999999999	0.0502	0.046090260502975426	0.054655197122023345	1.0	0.9998079568876411	1.0	0.48155	0.47462928015243977	0.4884778062384063	13.450736432884465	13.452561390570406	0.91661974305549
+I+G4	60.0	5000	refined_invariant_null	10000	10000	20000	1.3877787807814457e-17	0.254337750812927	0.0066745060632233955	0.02624268730021396	1.6410761099852211	0.015657719903348875	0.014004865073946826	0.9921809066283759	0.0497	0.045610670664964575	0.054135170972511956	0.0501	0.04599433309751598	0.054551201329978344	0.5828	0.5759507677183494	0.589617429942244	0.5839	0.5770531331660621	0.5907146419996839	1.8534872339986748	1.8512200643422452	1.0003077313466442
+I+G4	60.0	10000	legacy_counterfactual	10000	10000	20000	0.04001441890116213	0.2356067679474643	0.04524636525631737	0.022206265128690453	18.506969024595858	16.97400168425156	16.970367649735152	0.9183918852912891	1.0	0.9996159875222334	0.9999999999999999	0.0475	0.04350191245596974	0.051845618836408966	1.0	0.9998079568876411	1.0	0.71835	0.7120745651398579	0.7245415696329751	19.03807779455617	19.045845101902373	0.9081379117012611
+I+G4	60.0	10000	refined_invariant_null	10000	10000	20000	1.3877787807814457e-17	0.254337750812927	0.0066745060632233955	0.02624268730021396	1.6373428757943054	-0.0006707066621954546	-0.007603176574863077	1.0034854486398312	0.0528	0.048585982461686675	0.0573574782984277	0.0534	0.049162345412768274	0.05798065453237279	0.83275	0.8275139263415906	0.8378582689671344	0.8348	0.8295889962920823	0.8398824116398821	2.623178422082641	2.6236085743925694	1.0028319225074183
+I+G4	75.0	100	legacy_counterfactual	10000	10000	20000	0.03782940850710466	0.2226262311360805	0.040344690262547805	0.011298227269120316	3.164563279131409	1.661878758357212	1.6772425261075585	0.9416454466488584	0.5137	0.5039002981661213	0.523489179891988	0.0539	0.04964276621080838	0.05849984972185492	0.5557	0.548803442273845	0.5625751641234382	0.0586	0.055428782018541144	0.06194075364104936	1.750462646282258	1.7698170436889822	0.9240140837134694
+I+G4	75.0	100	refined_invariant_null	10000	10000	20000	-1.3877787807814457e-17	0.24835114284625415	0.0036068590791584927	0.0145232231984992	1.6820981252268263	-0.004685418094345276	-0.006169399846634327	1.0116023995422243	0.0501	0.04599433309751598	0.054551201329978344	0.0463	0.042352706247467634	0.05059574667485771	0.068	0.06459329113771788	0.07157263411136032	0.0638	0.06049589850529774	0.06727163990592425	0.141560147542102	0.14359276470236151	1.0113953666871798
+I+G4	75.0	500	legacy_counterfactual	10000	10000	20000	0.03782940850710466	0.2226262311360805	0.040344690262547805	0.011298227269120316	5.275707353355315	3.7916521899000646	3.807290975456805	0.925209682869833	0.9877	0.9853446924127197	0.9896807418164667	0.0533	0.049066274105844514	0.057876802641792104	0.99455	0.9934303538937329	0.9954796962638329	0.08395	0.08018607856034725	0.08787372051344668	4.017499241031124	4.035295574785531	0.9156537011345735
+I+G4	75.0	500	refined_invariant_null	10000	10000	20000	-1.3877787807814457e-17	0.24835114284625415	0.0036068590791584927	0.0145232231984992	1.6467854915748823	0.017157362711897356	0.0217338265207173	1.0181418203546653	0.054	0.04973886314439657	0.05860367598577117	0.0538	0.049546673520308566	0.05839601921485028	0.0931	0.08915064123314706	0.0972056434516907	0.09255	0.08861143741122415	0.09664505852103719	0.3304639085938007	0.3369138110437052	1.0041909690205706
+I+G4	75.0	1000	legacy_counterfactual	10000	10000	20000	0.03782940850710466	0.2226262311360805	0.040344690262547805	0.011298227269120316	6.879480833897902	5.339303236477334	5.348434038266524	0.9115673630820325	1.0	0.9996159875222334	0.9999999999999999	0.0452	0.0412999325201009	0.04944936522967553	1.0	0.9998079568876411	1.0	0.0928	0.08885652474430025	0.09689987516640491	5.68019889240835	5.680184651022216	0.9104873614805051
+I+G4	75.0	1000	refined_invariant_null	10000	10000	20000	-1.3877787807814457e-17	0.24835114284625415	0.0036068590791584927	0.0145232231984992	1.6626753225768873	-0.014608449333328182	-0.010005175974981618	0.9928372649256029	0.0489	0.04484357513093346	0.0533028809265075	0.0469	0.04292721632143491	0.051220775785917105	0.117	0.11261871514654587	0.12152838987752115	0.11415	0.1098167369524444	0.11863146271736305	0.4536570558424866	0.4496591929259494	1.003384518061067
+I+G4	75.0	5000	legacy_counterfactual	10000	10000	20000	0.03782940850710466	0.2226262311360805	0.040344690262547805	0.011298227269120316	13.477696720136793	12.010632743954854	12.011278271607566	0.9185526514786134	1.0	0.9996159875222334	0.9999999999999999	0.0559	0.05156549661771045	0.060575583265041776	1.0	0.9998079568876411	1.0	0.2151	0.20946032862547784	0.22084909753994433	12.754008859377818	12.747469351261577	0.9138083224064634
+I+G4	75.0	5000	refined_invariant_null	10000	10000	20000	-1.3877787807814457e-17	0.24835114284625415	0.0036068590791584927	0.0145232231984992	1.6163409820506738	0.00867292975781781	0.018514160640659763	0.9974801380453645	0.0518	0.04762572829928666	0.056318500485783254	0.0553	0.05098850442475616	0.05995303627296939	0.2729	0.2667704314797777	0.27911679450185584	0.28165	0.275458430367025	0.2879254348601422	1.0411977916032982	1.0450286916571376	1.0026102005131106
+I+G4	75.0	10000	legacy_counterfactual	10000	10000	20000	0.03782940850710466	0.2226262311360805	0.040344690262547805	0.011298227269120316	18.48351101314267	16.984715086160637	16.983623321743593	0.9148845602081984	1.0	0.9996159875222334	0.9999999999999999	0.0529	0.048682032100011194	0.057461351857607645	1.0	0.9998079568876411	1.0	0.31585	0.309443345487251	0.32232738399103095	18.0401272440941	18.03651865800986	0.9123434406302469
+I+G4	75.0	10000	refined_invariant_null	10000	10000	20000	-1.3877787807814457e-17	0.24835114284625415	0.0036068590791584927	0.0145232231984992	1.6383225772323757	-0.0014027808516625549	0.002407235999184365	1.0020579359065234	0.0512	0.0470497904716152	0.05569489912842804	0.0516	0.04743373093848816	0.05611065145157285	0.42335	0.4165176259211499	0.4302118142879749	0.42565	0.4188123164585725	0.4325162403522354	1.4548918800417507	1.4479077146290744	0.998344573967822
+I+G4	100.0	100	legacy_counterfactual	10000	10000	20000	0.03631837214568093	0.21369604235442963	0.03712938686551998	0.0037951789415637907	3.1506270920396457	1.6571539587745967	1.6774071929092211	0.9447940753374627	0.5162	0.5064008030503844	0.5259867549453359	0.0507	0.04656996765070889	0.05517510596181212	0.5355	0.5285816846408119	0.5424046802982107	0.05515	0.052070881034793084	0.058399979722272705	1.6990526402218162	1.718381074376102	0.9258252451394684
+I+G4	100.0	100	refined_invariant_null	10000	10000	20000	2.0816681711721685e-17	0.24474912276487992	0.0013596843109699858	0.005555420569479041	1.6964336667776945	0.008553965199613187	-0.003376365423263899	1.0056819122709382	0.0541	0.04983496430998401	0.058707498017688174	0.0491	0.045035320072915955	0.05351098237953389	0.0624	0.05913101214621267	0.0658370639857239	0.0562	0.05309249789529103	0.059477959571238796	0.07850669698807043	0.060629760543949696	1.0075259041821576
+I+G4	100.0	500	legacy_counterfactual	10000	10000	20000	0.03631837214568093	0.21369604235442963	0.03712938686551998	0.0037951789415637907	5.310980317495119	3.773453898498765	3.7749749272956414	0.9158506053890664	0.9893	0.9870871895308392	0.9911370158584184	0.0476	0.043597712998593996	0.05194974149128917	0.9916	0.9902373154031316	0.9927738678087972	0.05385	0.05080646739708246	0.05706489267207547	3.854314117203178	3.865666307124471	0.9155339530310243
+I+G4	100.0	500	refined_invariant_null	10000	10000	20000	2.0816681711721685e-17	0.24474912276487992	0.0013596843109699858	0.005555420569479041	1.6851696475602538	0.0023489684973560456	-0.009759577927571067	1.0092961762674038	0.051	0.0468578475655539	0.055486995639480424	0.0465	0.042544188721841285	0.05080411059549295	0.065	0.061666171510366026	0.0685009059973863	0.0607	0.057474296055282134	0.06409443302323646	0.11914408624127473	0.11784722483528215	1.0047214603205752
+I+G4	100.0	1000	legacy_counterfactual	10000	10000	20000	0.03631837214568093	0.21369604235442963	0.03712938686551998	0.0037951789415637907	6.865421669822743	5.361613089691839	5.373555443105426	0.907662461277005	1.0	0.9996159875222334	0.9999999999999999	0.0473	0.04331032661240665	0.05163735828496317	1.0	0.9998079568876411	1.0	0.0645	0.06117851683846977	0.06798875271239492	5.479679343107238	5.489349056412662	0.9141064360488419
+I+G4	100.0	1000	refined_invariant_null	10000	10000	20000	2.0816681711721685e-17	0.24474912276487992	0.0013596843109699858	0.005555420569479041	1.6615802843817404	-0.008540095499558285	0.0005291757470228191	0.9908238154004945	0.046	0.042065522054552065	0.05028316127525995	0.0447	0.04082161554836096	0.04892806621389323	0.0743	0.07074646532556908	0.07801704018029337	0.0723	0.06879220669455736	0.07597206698375454	0.18595838427377392	0.18854549365771878	1.0083142763322055
+I+G4	100.0	5000	legacy_counterfactual	10000	10000	20000	0.03631837214568093	0.21369604235442963	0.03712938686551998	0.0037951789415637907	13.50007215122021	12.012580471503888	12.018115877167165	0.9228893940377326	1.0	0.9996159875222334	0.9999999999999999	0.0526	0.048393896302291316	0.05714971806281418	1.0	0.9998079568876411	1.0	0.08495	0.08116518474459367	0.08889423024297555	12.25463322366726	12.26029907982876	0.912313613213563
+I+G4	100.0	5000	refined_invariant_null	10000	10000	20000	2.0816681711721685e-17	0.24474912276487992	0.0013596843109699858	0.005555420569479041	1.6181572925450016	-0.0016981710312051613	-2.1876617369475517e-05	1.0069971384026337	0.0505	0.046378070820086464	0.05496715639742565	0.0529	0.048682032100011194	0.057461351857607645	0.10555	0.10136706916832541	0.10988443364301462	0.1112	0.10691736541119169	0.11563196731297866	0.400968406030457	0.4046230060909199	0.999225205628271
+I+G4	100.0	10000	legacy_counterfactual	10000	10000	20000	0.03631837214568093	0.21369604235442963	0.03712938686551998	0.0037951789415637907	18.48680234638898	16.998162423262727	16.997468470162424	0.9143561533507208	1.0	0.9996159875222334	0.9999999999999999	0.0528	0.048585982461686675	0.0573574782984277	1.0	0.9998079568876411	1.0	0.10595	0.10175988824072964	0.11029146093612051	17.34419141730157	17.349843098960086	0.9185945409739125
+I+G4	100.0	10000	refined_invariant_null	10000	10000	20000	2.0816681711721685e-17	0.24474912276487992	0.0013596843109699858	0.005555420569479041	1.6071354469053416	0.0033924800398592845	0.005675106664006765	1.003153978555008	0.0498	0.04570657916787368	0.0542391856671073	0.0536	0.04935450091318603	0.05818834542696393	0.1414	0.13663979465838696	0.14629793866179688	0.1489	0.14403367142107146	0.15390118125242705	0.5599189466708171	0.555192205302321	1.0030360881650198
+I+G4	150.0	100	legacy_counterfactual	10000	10000	20000	0.03563976522511491	0.2097284174958858	0.03574115848828889	0.0004834502848235616	3.1548497016307264	1.6509687571307374	1.6635370709709456	0.9466345298075163	0.5077	0.4979000864292665	0.517493999778576	0.0521	0.04791375797210714	0.056630240405476116	0.50855	0.5016203899343075	0.5154763261284712	0.04925	0.04633659610976159	0.05233653075603004	1.6426582928386095	1.6658315252288307	0.939413528040033
+I+G4	150.0	100	refined_invariant_null	10000	10000	20000	1.0408340855860843e-17	0.2448092003565037	0.00020495058798059712	0.0008371849901152701	1.6568281440147432	0.018106684248687922	0.011540782011498201	1.0228516585908967	0.0542	0.04993106969653226	0.05881131582864438	0.0529	0.048682032100011194	0.057461351857607645	0.0522	0.0492023693052005	0.05536962450622822	0.05125	0.048279183574530586	0.054393175118811594	0.005427203476276585	-0.003935625585484385	1.0100616701688625
+I+G4	150.0	500	legacy_counterfactual	10000	10000	20000	0.03563976522511491	0.2097284174958858	0.03574115848828889	0.0004834502848235616	5.263546434080654	3.7666173755850076	3.7777506407410977	0.9224086363062313	0.9868	0.9843687365648411	0.9888573888868054	0.0507	0.04656996765070889	0.05517510596181212	0.98845	0.9868725260914236	0.989839866992113	0.0518	0.048813624513424164	0.054958522932494425	3.787740252736397	3.793477947645572	0.919104572485098
+I+G4	150.0	500	refined_invariant_null	10000	10000	20000	1.0408340855860843e-17	0.2448092003565037	0.00020495058798059712	0.0008371849901152701	1.6227698010771403	-0.011073639119760304	-0.018192195850561234	1.019326499266423	0.053	0.04877808609517671	0.05756522105994656	0.0554	0.05108465961984977	0.06005680427538021	0.0561	0.0529951874662759	0.0593753084088764	0.05835	0.055185345756491956	0.061684285924654726	0.03508865518500923	0.03343293219006559	1.0036323474291358
+I+G4	150.0	1000	legacy_counterfactual	10000	10000	20000	0.03563976522511491	0.2097284174958858	0.03574115848828889	0.0004834502848235616	6.835294960347784	5.368860519103532	5.386136398346677	0.9209012578116549	1.0	0.9996159875222334	0.9999999999999999	0.053	0.04877808609517671	0.05756522105994656	1.0	0.9998079568876411	1.0	0.053	0.04998000925769058	0.05619167728475835	5.3598384533047865	5.370555467979713	0.916319756697032
+I+G4	150.0	1000	refined_invariant_null	10000	10000	20000	1.0408340855860843e-17	0.2448092003565037	0.00020495058798059712	0.0008371849901152701	1.6347147876060724	0.010887288531918083	-0.0014251323643332267	1.0061680972426417	0.0532	0.04897020710962691	0.05777294644050524	0.0542	0.04993106969653226	0.05881131582864438	0.0553	0.05221680686455153	0.05855399627958055	0.05645	0.053335786344452636	0.05973457510052101	0.018789613435635944	0.015640368741570133	1.0074793607589199
+I+G4	150.0	5000	legacy_counterfactual	10000	10000	20000	0.03563976522511491	0.2097284174958858	0.03574115848828889	0.0004834502848235616	13.52735678111309	12.020513239836731	12.022033324687868	0.9211122355286672	1.0	0.9996159875222334	0.9999999999999999	0.0494	0.04532297376687862	0.05382309827808457	1.0	0.9998079568876411	1.0	0.05465	0.0515845090127697	0.05788654378740844	12.04857777923274	12.054543758711919	0.9229653234139377
+I+G4	150.0	5000	refined_invariant_null	10000	10000	20000	1.0408340855860843e-17	0.2448092003565037	0.00020495058798059712	0.0008371849901152701	1.6660535820447817	0.01026236018069395	0.010414270965926882	1.002068415296249	0.05	0.045898410397600495	0.05444720083238938	0.0481	0.044076791316212685	0.05247027916119269	0.05735	0.05421176964915239	0.06065824611821902	0.05455	0.05148724341749701	0.057783847791303605	0.06593962481703372	0.07101249587587857	0.9991201084175355
+I+G4	150.0	10000	legacy_counterfactual	10000	10000	20000	0.03563976522511491	0.2097284174958858	0.03574115848828889	0.0004834502848235616	18.50134288243009	17.017010712483177	17.02199831854154	0.9255556758650288	1.0	0.9996159875222334	0.9999999999999999	0.0552	0.050892353321999914	0.05984926417822119	1.0	0.9998079568876411	1.0	0.05475	0.051681777554512864	0.05798923683704281	17.034774900778366	17.032555991752567	0.9125229175963795
+I+G4	150.0	10000	refined_invariant_null	10000	10000	20000	1.0408340855860843e-17	0.2448092003565037	0.00020495058798059712	0.0008371849901152701	1.642554038061247	0.015161309957851973	0.022601806667850534	1.0073028133844246	0.05	0.045898410397600495	0.05444720083238938	0.0502	0.046090260502975426	0.054655197122023345	0.06065	0.05742558009299785	0.064043168189832	0.06085	0.05762044775192046	0.06424822371366444	0.08958187129456155	0.0776853263699637	1.0007662043816288
+I+G4	200.0	100	legacy_counterfactual	10000	10000	20000	0.03555325930394802	0.20922789375711195	0.035567469250686726	6.791611999496814e-05	3.1375582857701296	1.6584252669701143	1.6703638041911961	0.9361411914695864	0.511	0.5012000282253684	0.5207915235001208	0.0508	0.046665923012702865	0.05527907379732258	0.51575	0.5088214321261206	0.5226725185158401	0.052	0.0490079905872152	0.055164080041458445	1.6539924264492183	1.6822761977767087	0.9309899997853887
+I+G4	200.0	100	refined_invariant_null	10000	10000	20000	1.0408340855860843e-17	0.24584031851178026	3.113850926216369e-05	0.00012666152342566696	1.6618516526318494	0.009764916205596138	-0.005128495595033436	0.9980658998968387	0.0518	0.04762572829928666	0.056318500485783254	0.0499	0.04580249241658047	0.054343195615904956	0.0549	0.05182768587515398	0.058143270903467985	0.05345	0.05041751854383396	0.05665399515981384	0.01085944842219004	0.006052446626079104	1.0138307008677114
+I+G4	200.0	500	legacy_counterfactual	10000	10000	20000	0.03555325930394802	0.20922789375711195	0.035567469250686726	6.791611999496814e-05	5.2584357889902265	3.7726387101361833	3.7822247044829673	0.9107247701055564	0.9895	0.9873057537505475	0.9913182980337191	0.0502	0.046090260502975426	0.054655197122023345	0.9886	0.9870320110096075	0.9899803244609954	0.052	0.0490079905872152	0.055164080041458445	3.7771509555899865	3.7829284282968314	0.9225991574075574
+I+G4	200.0	500	refined_invariant_null	10000	10000	20000	1.0408340855860843e-17	0.24584031851178026	3.113850926216369e-05	0.00012666152342566696	1.6972451684604015	-0.023245848551906766	-0.022844365525541886	1.0053350668892627	0.0473	0.04331032661240665	0.05163735828496317	0.0428	0.039005292223239965	0.04694584878642974	0.05325	0.050223062327468954	0.0564485281934238	0.04775	0.0448805478090206	0.0507931551861081	0.008377171461847818	0.008457179574308976	1.0073459146562833
+I+G4	200.0	1000	legacy_counterfactual	10000	10000	20000	0.03555325930394802	0.20922789375711195	0.035567469250686726	6.791611999496814e-05	6.856978411409248	5.3681590561691035	5.375273184199541	0.9201972759406319	0.9999	0.9994337165442557	0.999982347780473	0.048	0.043980965621961486	0.05236618165793946	0.99995	0.9997168021471904	0.9999911739447619	0.05035	0.04740485509787687	0.053467849273067566	5.379080278197404	5.387445978774267	0.9181863930149783
+I+G4	200.0	1000	refined_invariant_null	10000	10000	20000	1.0408340855860843e-17	0.24584031851178026	3.113850926216369e-05	0.00012666152342566696	1.6390168191130736	0.0029034845067005192	0.013344507781535841	1.0059350655316246	0.0518	0.04762572829928666	0.056318500485783254	0.0519	0.047721733718244265	0.056422418264330094	0.05195	0.04895939788068205	0.055112691952302846	0.0526	0.04959116440019053	0.05578067577674829	0.009827199117142872	0.004073161449106205	0.9994985366264133
+I+G4	200.0	5000	legacy_counterfactual	10000	10000	20000	0.03555325930394802	0.20922789375711195	0.035567469250686726	6.791611999496814e-05	13.507303727282261	12.007126752444547	12.003886678642036	0.9114010174908738	1.0	0.9996159875222334	0.9999999999999999	0.0492	0.04513119981406986	0.05361502583588445	1.0	0.9998079568876411	1.0	0.05145	0.04847351451792421	0.05459876735817304	12.014753565548462	12.024530532225198	0.9083297115600503
+I+G4	200.0	5000	refined_invariant_null	10000	10000	20000	1.0408340855860843e-17	0.24584031851178026	3.113850926216369e-05	0.00012666152342566696	1.642630502598824	-0.004870698797308686	0.0025686747081259775	0.994950874377437	0.0469	0.04292721632143491	0.051220775785917105	0.047	0.043022986181015854	0.051324929123840624	0.05335	0.050320288911435064	0.05655126320083522	0.05365	0.050611986921720885	0.056859449964681986	0.008328000519748278	0.0044287949752458275	1.0044998118142527
+I+G4	200.0	10000	legacy_counterfactual	10000	10000	20000	0.03555325930394802	0.20922789375711195	0.035567469250686726	6.791611999496814e-05	18.491227471103613	16.987457498143876	16.99017329344023	0.923418611988808	1.0	0.9996159875222334	0.9999999999999999	0.0525	0.04829785980472314	0.05704583136287789	1.0	0.9998079568876411	1.0	0.0511	0.04813344383341257	0.05423897247286333	16.994137532112024	16.991217840261548	0.9121111408364472
+I+G4	200.0	10000	refined_invariant_null	10000	10000	20000	1.0408340855860843e-17	0.24584031851178026	3.113850926216369e-05	0.00012666152342566696	1.6465937040083107	0.006314396681844058	-0.0036525435683880236	0.9890592648086077	0.0473	0.04331032661240665	0.05163735828496317	0.0473	0.04331032661240665	0.05163735828496317	0.05155	0.04857068480758204	0.05470155865989273	0.05145	0.04847351451792421	0.05459876735817304	0.008601922992186211	-0.002238459698157601	1.001306385251875
+I+G4	500.0	100	legacy_counterfactual	10000	10000	20000	0.03553906515561068	0.2091460838391094	0.03553906531439463	7.592011686303733e-10	3.159633719163369	1.6547494363166633	1.6651117141846603	0.9349705406135881	0.5101	0.5003000017640209	0.5198922411839282	0.05	0.045898410397600495	0.05444720083238938	0.5201	0.51317275884816	0.5270195210187232	0.04905	0.04614241121030758	0.052130792472729	1.6655159764075826	1.6877763704813957	0.9275533162260663
+I+G4	500.0	100	refined_invariant_null	10000	10000	20000	1.3877787807814457e-17	0.24677924405278545	3.669463240207893e-10	1.4869415438541201e-09	1.7083599541956433	0.008237524151588061	-0.003928691899518263	1.0143296588446633	0.0536	0.04935450091318603	0.05818834542696393	0.048	0.043980965621961486	0.05236618165793946	0.0541	0.05104958490673813	0.05732167914086362	0.04875	0.0458511596421374	0.05182215926676659	0.007188371248622218	-0.0061039781951561555	1.0115703756258478
+I+G4	500.0	500	legacy_counterfactual	10000	10000	20000	0.03553906515561068	0.2091460838391094	0.03553906531439463	7.592011686303733e-10	5.269777327927914	3.777277978818484	3.785730821751349	0.9069287556786507	0.9894	0.9871964491386092	0.9912276794481527	0.0481	0.044076791316212685	0.05247027916119269	0.98985	0.9883636983791675	0.9911481569836544	0.05015	0.04721059604208064	0.05326218514610874	3.7752451371205344	3.7718011023994684	0.9164539968689678
+I+G4	500.0	500	refined_invariant_null	10000	10000	20000	1.3877787807814457e-17	0.24677924405278545	3.669463240207893e-10	1.4869415438541201e-09	1.6234850804905943	-0.006010613511740354	0.0023187914860142	0.9996684955417396	0.0511	0.046953816730797814	0.055590949671740976	0.0531	0.04887414443556876	0.05766908591705896	0.05175	0.048765034978727625	0.0549071316715022	0.05385	0.05080646739708246	0.05706489267207547	-0.0013083834136143316	-0.002243927613354576	1.0018004513389047
+I+G4	500.0	1000	legacy_counterfactual	10000	10000	20000	0.03553906515561068	0.2091460838391094	0.03553906531439463	7.592011686303733e-10	6.849872008171955	5.361777790988131	5.367226253235092	0.9249482580657683	0.9999	0.9994337165442557	0.999982347780473	0.0522	0.048009776782719116	0.05673414479236859	0.99985	0.9995590283953282	0.9999489861052466	0.05285	0.049834186638482644	0.0560375575169	5.365578562108344	5.375631607399383	0.9266968087175872
+I+G4	500.0	1000	refined_invariant_null	10000	10000	20000	1.3877787807814457e-17	0.24677924405278545	3.669463240207893e-10	1.4869415438541201e-09	1.6367714382145404	-0.0017869570799992638	0.006236416652162995	1.002471196467458	0.0515	0.04733773902129087	0.0560067201712657	0.0523	0.048105800033018536	0.056838044739573615	0.0511	0.04813344383341257	0.05423897247286333	0.0525	0.04949396094026093	0.05567791764530036	0.0063790622017684045	0.0057113370570616925	0.9962180446598057
+I+G4	500.0	5000	legacy_counterfactual	10000	10000	20000	0.03553906515561068	0.2091460838391094	0.03553906531439463	7.592011686303733e-10	13.510095138741894	12.014795667822161	12.018355442974322	0.9079334561534478	1.0	0.9996159875222334	0.9999999999999999	0.0501	0.04599433309751598	0.054551201329978344	1.0	0.9998079568876411	1.0	0.0471	0.04424984079714607	0.05012411185402871	11.995322682849896	11.990302837011164	0.9146687589796176
+I+G4	500.0	5000	refined_invariant_null	10000	10000	20000	1.3877787807814457e-17	0.24677924405278545	3.669463240207893e-10	1.4869415438541201e-09	1.6813941012954579	0.0057607390466038605	-0.0025726625166651224	0.9941501719573033	0.047	0.043022986181015854	0.051324929123840624	0.0437	0.03986539893066449	0.04788505085654524	0.04935	0.04643369368591553	0.05243939477125362	0.0456	0.04279495489242182	0.048579573888090026	-0.00479759366328942	-0.00827418087698006	0.9960925229220523
+I+G4	500.0	10000	legacy_counterfactual	10000	10000	20000	0.03553906515561068	0.2091460838391094	0.03553906531439463	7.592011686303733e-10	18.49880419605648	16.99028165456907	16.991682948210567	0.9257790466834982	1.0	0.9996159875222334	0.9999999999999999	0.0503	0.04618619260069309	0.05475918822181011	1.0	0.9998079568876411	1.0	0.04815	0.04526875031509492	0.0512047990455439	16.980601360988942	16.977713798396298	0.9087733929144851
+I+G4	500.0	10000	refined_invariant_null	10000	10000	20000	1.3877787807814457e-17	0.24677924405278545	3.669463240207893e-10	1.4869415438541201e-09	1.6786692732403496	0.0022520568795231497	-0.0031726178367773826	0.9934348387976071	0.0496	0.04551476692140481	0.05403115151856727	0.0461	0.04216124482803089	0.05038736169928557	0.0512	0.04823060285263875	0.05434177504501468	0.04785	0.04497759311020258	0.050896071476303636	-0.009862975471434873	-0.0116598815367977	1.0049332163418205
+I+G4	1000.0	100	legacy_counterfactual	10000	10000	20000	0.03553906499683805	0.2091460829255953	0.03553906499686063	1.079588029929624e-13	3.1619273659374665	1.6647870784849794	1.6887526004888578	0.928555847454867	0.5187	0.5089015531810013	0.5284840847523304	0.0464	0.04244844486087158	0.05069993125895821	0.51525	0.5083213132872432	0.5221728293978299	0.04905	0.04614241121030758	0.052130792472729	1.6543255139131656	1.6787763532112738	0.9363869817165826
+I+G4	1000.0	100	refined_invariant_null	10000	10000	20000	1.0408340855860843e-17	0.2467828450820657	1.058875209736243e-14	4.286498825714091e-14	1.7029496183019421	0.010558834588588686	0.008602993824351146	1.0053092561266697	0.0513	0.04714576877535386	0.05579884402219381	0.0463	0.042352706247467634	0.05059574667485771	0.05385	0.05080646739708246	0.05706489267207547	0.04805	0.04517169437376495	0.05110189339549634	0.01603365460191736	0.014472206115517548	1.008871044897048
+I+G4	1000.0	500	legacy_counterfactual	10000	10000	20000	0.03553906499683805	0.2091460829255953	0.03553906499686063	1.079588029929624e-13	5.2577814102748635	3.800822024195788	3.812594165959619	0.9121845466939653	0.9898	0.9876339440040968	0.9915898773726831	0.0523	0.048105800033018536	0.056838044739573615	0.9885	0.9869256806137843	0.9898866932654411	0.0508	0.04784198625315666	0.05393054527898664	3.775133806400667	3.7793880341904695	0.9112128775490699
+I+G4	1000.0	500	refined_invariant_null	10000	10000	20000	1.0408340855860843e-17	0.2467828450820657	1.058875209736243e-14	4.286498825714091e-14	1.6237617894560927	0.008625340337771762	0.003626236681015092	1.0012014465897843	0.0515	0.04733773902129087	0.0560067201712657	0.0539	0.04964276621080838	0.05849984972185492	0.0513	0.04832776510311803	0.054444574385912915	0.0534	0.050368903347085145	0.056602629560873904	-0.0009680736127391085	-0.006187349763783255	0.9999418991395733
+I+G4	1000.0	1000	legacy_counterfactual	10000	10000	20000	0.03553906499683805	0.2091460829255953	0.03553906499686063	1.079588029929624e-13	6.8770929669928025	5.355632928050542	5.364579855206101	0.921747751187699	1.0	0.9996159875222334	0.9999999999999999	0.0456	0.041682684252804296	0.049866306286989924	1.0	0.9998079568876411	1.0	0.04765	0.044783506075696054	0.05069023532805512	5.35838506595322	5.365433855724243	0.9175591810921698
+I+G4	1000.0	1000	refined_invariant_null	10000	10000	20000	1.0408340855860843e-17	0.2467828450820657	1.058875209736243e-14	4.286498825714091e-14	1.5816089279507184	-0.013606194615779946	-0.020212424444861918	0.9792389811786828	0.0458	0.041874092462116604	0.05007474447268651	0.0513	0.04714576877535386	0.05579884402219381	0.05065	0.04769626847514788	0.05377632066992914	0.058	0.05484456322268572	0.06132520288863962	-0.0016204076260645404	-0.00976963681513563	0.9992694654389354
+I+G4	1000.0	5000	legacy_counterfactual	10000	10000	20000	0.03553906499683805	0.2091460829255953	0.03553906499686063	1.079588029929624e-13	13.534806823142752	12.012471938872947	12.025700552111394	0.909776839545803	1.0	0.9996159875222334	0.9999999999999999	0.0468	0.042831451629961645	0.05111661727988594	1.0	0.9998079568876411	1.0	0.04855	0.045657009234334724	0.05161638649181421	12.011848580371623	12.011547179003692	0.9197279438981841
+I+G4	1000.0	5000	refined_invariant_null	10000	10000	20000	1.0408340855860843e-17	0.2467828450820657	1.058875209736243e-14	4.286498825714091e-14	1.6792409979441172	-0.01722594415209876	-0.024004058307076262	1.0041613876196176	0.048	0.043980965621961486	0.05236618165793946	0.044	0.04015220473594388	0.04819801464377919	0.05035	0.04740485509787687	0.053467849273067566	0.0474	0.04454091742186963	0.05043292000343772	0.0001802212058737311	0.006379468021606778	1.0003359930933071
+I+G4	1000.0	10000	legacy_counterfactual	10000	10000	20000	0.03553906499683805	0.2091460829255953	0.03553906499686063	1.079588029929624e-13	18.497226818847064	16.991680185766022	16.990511071807845	0.918428811721245	1.0	0.9996159875222334	0.9999999999999999	0.0501	0.04599433309751598	0.054551201329978344	1.0	0.9998079568876411	1.0	0.04745	0.04458943335532431	0.050484384865671805	16.990461653534418	16.991032072697518	0.9112254231533587
+I+G4	1000.0	10000	refined_invariant_null	10000	10000	20000	1.0408340855860843e-17	0.2467828450820657	1.058875209736243e-14	4.286498825714091e-14	1.6647346063505088	0.008178344140735212	0.002122717411822621	1.0097497131876032	0.0515	0.04733773902129087	0.0560067201712657	0.0493	0.04522708438335564	0.0537190644641031	0.0508	0.04784198625315666	0.05393054527898664	0.0495	0.046579346430528454	0.052593684413707	0.00420267829460788	0.0015791760572706041	1.0024496459647998
+I+G4	10000.0	100	legacy_counterfactual	10000	10000	20000	0.03553906499683805	0.2091460829255953	0.03553906499706369	1.078858130216703e-12	3.165513666815627	1.6462057042448148	1.6618362571423044	0.9310019149391175	0.5089	0.4991000158754528	0.518693148702443	0.0479	0.04388514492818972	0.052262079154206775	0.5156	0.5086713957459998	0.5225226125088944	0.0466	0.04376478600106261	0.049609358693224526	1.6551267643545169	1.680832840461803	0.9245661835479442
+I+G4	10000.0	100	refined_invariant_null	10000	10000	20000	0.0	0.24678284536170975	1.0574527364859421e-13	4.2849523634271785e-13	1.6883166698977345	0.006023209733783209	0.004611735797469326	1.0149783309482832	0.0523	0.048105800033018536	0.056838044739573615	0.0473	0.04331032661240665	0.05163735828496317	0.0503	0.04735628909017146	0.05341643448508421	0.046	0.04318284227404102	0.04899153287198094	0.003118391175992067	0.0060126817400227815	1.001561695760652
+I+G4	10000.0	500	legacy_counterfactual	10000	10000	20000	0.03553906499683805	0.2091460829255953	0.03553906499706369	1.078858130216703e-12	5.3175107978909475	3.772157775265572	3.785670260743311	0.9295866884890234	0.9875	0.9851275707843379	0.9894980170498398	0.0477	0.04369351860154453	0.05205385908584307	0.98775	0.9861290839245883	0.9891835780193056	0.0447	0.04192243234789224	0.04765244211022185	3.7771499156232675	3.7822574189478075	0.9195155004265553
+I+G4	10000.0	500	refined_invariant_null	10000	10000	20000	0.0	0.24678284536170975	1.0574527364859421e-13	4.2849523634271785e-13	1.639628470295436	-0.0001045571210257492	-0.007653180135328743	1.0058020992673924	0.0555	0.05118081889687265	0.0601605681958618	0.056	0.05166167614987018	0.06067932693038649	0.0475	0.044637950188781035	0.050535848827903844	0.04785	0.04497759311020258	0.050896071476303636	-0.008102907624710491	-0.0035832115503457666	1.0002405557771081
+I+G4	10000.0	1000	legacy_counterfactual	10000	10000	20000	0.03553906499683805	0.2091460829255953	0.03553906499706369	1.078858130216703e-12	6.879489151179942	5.358602038326018	5.351128914946957	0.9155885240280836	1.0	0.9996159875222334	0.9999999999999999	0.0455	0.04158698820856655	0.04976207913372322	1.0	0.9998079568876411	1.0	0.0446	0.04182550483322408	0.04754940803351248	5.3524449369438045	5.3629768010818015	0.9102768772286699
+I+G4	10000.0	1000	refined_invariant_null	10000	10000	20000	0.0	0.24678284536170975	1.0574527364859421e-13	4.2849523634271785e-13	1.6867316504932293	0.0096701710396248	-0.012468152152168056	0.9931888222030018	0.051	0.0468578475655539	0.055486995639480424	0.0459	0.0419698045937483	0.050178955538559264	0.0508	0.04784198625315666	0.05393054527898664	0.04665	0.043813287348172116	0.04966083814180377	0.005827042174853298	0.014388355368774405	0.999389137129891
+I+G4	10000.0	5000	legacy_counterfactual	10000	10000	20000	0.03553906499683805	0.2091460829255953	0.03553906499706369	1.078858130216703e-12	13.48482571664763	12.01479439985518	12.024023405152368	0.9219944568323682	1.0	0.9996159875222334	0.9999999999999999	0.0549	0.050603924672538624	0.059537923235169134	1.0	0.9998079568876411	1.0	0.05235	0.0493481616001788	0.0555237745983162	12.010315865232226	12.010499550125001	0.924101435912693
+I+G4	10000.0	5000	refined_invariant_null	10000	10000	20000	0.0	0.24678284536170975	1.0574527364859421e-13	4.2849523634271785e-13	1.6680503812420757	0.008595383472862577	0.010700201228852409	1.0030297867625606	0.0506	0.04647401691551558	0.05507113349950097	0.048	0.043980965621961486	0.05236618165793946	0.05165	0.048667858297441885	0.054804346761410425	0.0496	0.046676452499619145	0.052696539935993825	-0.0027082441305990913	-0.006744137934479914	1.0080927027477162
+I+G4	10000.0	10000	legacy_counterfactual	10000	10000	20000	0.03553906499683805	0.2091460829255953	0.03553906499706369	1.078858130216703e-12	18.483371267826914	16.97972416626892	16.969049826530735	0.9204866912105141	1.0	0.9996159875222334	0.9999999999999999	0.0519	0.047721733718244265	0.056422418264330094	1.0	0.9998079568876411	1.0	0.05225	0.04925096595230436	0.05542100865481311	16.989141880012983	16.98661724525106	0.9139223691823471
+I+G4	10000.0	10000	refined_invariant_null	10000	10000	20000	0.0	0.24678284536170975	1.0574527364859421e-13	4.2849523634271785e-13	1.6223067773692075	-0.004507621949456957	-0.012500077514531055	1.0127058558838506	0.0517	0.04752972736860386	0.05621457821896162	0.0539	0.04964276621080838	0.05849984972185492	0.052	0.0490079905872152	0.055164080041458445	0.0541	0.05104958490673813	0.05732167914086362	0.007836180390113362	0.007378959198655769	1.0027385960240398
+I+R4	0.5	100	legacy_counterfactual	10000	10000	20000	0.21762512788648977	1.2874038336737341	1.3540631522576205	0.8827362437846659	3.130903713344221	1.6602902216062445	1.6869940626162703	0.9267819462354859	0.5193	0.5095017697188957	0.5290834073994624	0.0511	0.046953816730797814	0.055590949671740976	1.0	0.9998079568876411	1.0	1.0	0.9998079568876411	1.0	10.553638437160577	10.478043277858674	1.3320673379954424
+I+R4	0.5	100	refined_invariant_null	10000	10000	20000	1.3877787807814457e-17	0.9282883595137322	0.8259592514241427	0.8897658178723766	1.5587264886178336	-0.027743897828584704	0.003743830975776665	1.0071029619938514	0.043	0.03919638632603847	0.04715460107864013	0.0515	0.04733773902129087	0.0560067201712657	1.0	0.9998079568876411	1.0	1.0	0.9998079568876411	1.0	9.611663732787589	9.512098534479788	1.474684615105732
+I+R4	0.5	500	legacy_counterfactual	10000	10000	20000	0.21762512788648977	1.2874038336737341	1.3540631522576205	0.8827362437846659	5.261246455983057	3.7624982585055338	3.770738803617348	0.9130501849885614	0.988	0.9856706472007271	0.9899545566209726	0.0492	0.04513119981406986	0.05361502583588445	1.0	0.9998079568876411	1.0	1.0	0.9998079568876411	1.0	23.513310726057878	23.48338899371187	1.2995237270412352
+I+R4	0.5	500	refined_invariant_null	10000	10000	20000	1.3877787807814457e-17	0.9282883595137322	0.8259592514241427	0.8897658178723766	1.6091000222008793	-0.016700244933869172	-0.005800126487671606	0.9915474547923806	0.0449	0.04101292585689062	0.04913660230037248	0.0486	0.044555994280372054	0.052990692184555564	1.0	0.9998079568876411	1.0	1.0	0.9998079568876411	1.0	21.356986095644213	21.323018953932458	1.428407389506666
+I+R4	0.5	1000	legacy_counterfactual	10000	10000	20000	0.21762512788648977	1.2874038336737341	1.3540631522576205	0.8827362437846659	6.815995751036758	5.332290154338137	5.3499660877993325	0.9195693203800652	1.0	0.9996159875222334	0.9999999999999999	0.0516	0.04743373093848816	0.05611065145157285	1.0	0.9998079568876411	1.0	1.0	0.9998079568876411	1.0	33.230306218880756	33.204089151002115	1.2909000460691034
+I+R4	0.5	1000	refined_invariant_null	10000	10000	20000	1.3877787807814457e-17	0.9282883595137322	0.8259592514241427	0.8897658178723766	1.5990130184573745	-0.01269364082319648	0.007884093594616991	0.998589973252573	0.0472	0.043214541342019595	0.051533220357845765	0.0528	0.048585982461686675	0.0573574782984277	1.0	0.9998079568876411	1.0	1.0	0.9998079568876411	1.0	30.170937015457714	30.141306920548352	1.416847308489762
+I+R4	0.5	5000	legacy_counterfactual	10000	10000	20000	0.21762512788648977	1.2874038336737341	1.3540631522576205	0.8827362437846659	13.455717789693386	11.94883905709411	11.948588317053973	0.9266697911099401	1.0	0.9996159875222334	0.9999999999999999	0.0516	0.04743373093848816	0.05611065145157285	1.0	0.9998079568876411	1.0	1.0	0.9998079568876411	1.0	74.29190308337635	74.29487583951965	1.293708543127665
+I+R4	0.5	5000	refined_invariant_null	10000	10000	20000	1.3877787807814457e-17	0.9282883595137322	0.8259592514241427	0.8897658178723766	1.6201798284898499	-0.004000193045891015	0.0020668921511600865	1.0067680684361877	0.0508	0.046665923012702865	0.05527907379732258	0.0545	0.0502194110723109	0.05912274404537908	1.0	0.9998079568876411	1.0	1.0	0.9998079568876411	1.0	67.43777829530812	67.44069371581193	1.4174204122170477
+I+R4	0.5	10000	legacy_counterfactual	10000	10000	20000	0.21762512788648977	1.2874038336737341	1.3540631522576205	0.8827362437846659	18.40009322353678	16.903200868268247	16.89723457142168	0.9264213586362557	1.0	0.9996159875222334	0.9999999999999999	0.0528	0.048585982461686675	0.0573574782984277	1.0	0.9998079568876411	1.0	1.0	0.9998079568876411	1.0	105.05935795910503	105.05349459011393	1.3019164232079143
+I+R4	0.5	10000	refined_invariant_null	10000	10000	20000	1.3877787807814457e-17	0.9282883595137322	0.8259592514241427	0.8897658178723766	1.616738262252165	-0.0007491917834848028	-0.007494677834077168	1.0052493693720845	0.0502	0.046090260502975426	0.054655197122023345	0.0531	0.04887414443556876	0.05766908591705896	1.0	0.9998079568876411	1.0	1.0	0.9998079568876411	1.0	95.36233772028916	95.35457205844276	1.4288876264878447
+I+R4	1.0	100	legacy_counterfactual	10000	10000	20000	0.18250740877993105	1.0775498484808295	0.9480078220181866	0.7104083530961346	3.1472381786282693	1.6454689119988384	1.6621993557636512	0.9437076734854679	0.5069	0.4971001648186499	0.5166945358091568	0.0523	0.048105800033018536	0.056838044739573615	1.0	0.9998079568876411	1.0	1.0	0.9998079568876411	1.0	8.320077626049901	8.263160431597441	1.138431557491559
+I+R4	1.0	100	refined_invariant_null	10000	10000	20000	0.0	0.7794199367966006	0.5581213636110636	0.7160727321204158	1.5778603784771779	-0.046338902449389756	-0.02657306013140203	1.0260898734289015	0.0453	0.04139561232521854	0.04955360862206234	0.0519	0.047721733718244265	0.056422418264330094	1.0	0.9998079568876411	1.0	1.0	0.9998079568876411	1.0	7.141343472266107	7.07657734437888	1.219953168569249
+I+R4	1.0	500	legacy_counterfactual	10000	10000	20000	0.18250740877993105	1.0775498484808295	0.9480078220181866	0.7104083530961346	5.282282035895246	3.7609051335689117	3.7804159427368567	0.9253076894693101	0.9879	0.9855619587069417	0.9898633219172537	0.0477	0.04369351860154453	0.05205385908584307	1.0	0.9998079568876411	1.0	1.0	0.9998079568876411	1.0	18.541966621129426	18.512962952901933	1.1252664147912177
+I+R4	1.0	500	refined_invariant_null	10000	10000	20000	0.0	0.7794199367966006	0.5581213636110636	0.7160727321204158	1.6307143393886667	-0.026786392887796495	-0.004125485666952385	1.0060396531122395	0.0447	0.04082161554836096	0.04892806621389323	0.0463	0.042352706247467634	0.05059574667485771	1.0	0.9998079568876411	1.0	1.0	0.9998079568876411	1.0	15.87691689859592	15.83885224635757	1.1981796052774971
+I+R4	1.0	1000	legacy_counterfactual	10000	10000	20000	0.18250740877993105	1.0775498484808295	0.9480078220181866	0.7104083530961346	6.8667322880399855	5.32650982148805	5.334146010649212	0.9152889002162828	0.9999	0.9994337165442557	0.999982347780473	0.0428	0.039005292223239965	0.04694584878642974	1.0	0.9998079568876411	1.0	1.0	0.9998079568876411	1.0	26.21055918950501	26.193756518483383	1.1202688629723936
+I+R4	1.0	1000	refined_invariant_null	10000	10000	20000	0.0	0.7794199367966006	0.5581213636110636	0.7160727321204158	1.638754947049482	-0.02942021517751843	-0.0228331756108748	0.9958948559750993	0.0426	0.038814221674395286	0.04673707294026554	0.0429	0.039100836340214995	0.04705022786695917	1.0	0.9998079568876411	1.0	1.0	0.9998079568876411	1.0	22.438051336289856	22.41850895348582	1.1939515055866772
+I+R4	1.0	5000	legacy_counterfactual	10000	10000	20000	0.18250740877993105	1.0775498484808295	0.9480078220181866	0.7104083530961346	13.497537288305221	11.971740657637516	11.976200437404032	0.9122981791518932	1.0	0.9996159875222334	0.9999999999999999	0.0473	0.04331032661240665	0.05163735828496317	1.0	0.9998079568876411	1.0	1.0	0.9998079568876411	1.0	58.59687796234125	58.59291034712173	1.1120359323062272
+I+R4	1.0	5000	refined_invariant_null	10000	10000	20000	0.0	0.7794199367966006	0.5581213636110636	0.7160727321204158	1.650388838315691	-0.004930813043110083	-0.0007896227296662495	0.9924521214731374	0.0491	0.045035320072915955	0.05351098237953389	0.0489	0.04484357513093346	0.0533028809265075	1.0	0.9998079568876411	1.0	1.0	0.9998079568876411	1.0	50.153882134752614	50.15015446410191	1.1861761776255422
+I+R4	1.0	10000	legacy_counterfactual	10000	10000	20000	0.18250740877993105	1.0775498484808295	0.9480078220181866	0.7104083530961346	18.461143698773277	16.92672649991846	16.95310635208181	0.9140121591409055	1.0	0.9996159875222334	0.9999999999999999	0.0467	0.042735692122319625	0.05101245359002351	1.0	0.9998079568876411	1.0	1.0	0.9998079568876411	1.0	82.88066708053043	82.8738318761904	1.1230309653630517
+I+R4	1.0	10000	refined_invariant_null	10000	10000	20000	0.0	0.7794199367966006	0.5581213636110636	0.7160727321204158	1.6540441944510835	-0.011369458921129085	0.015967794548984435	0.9954911670795179	0.0486	0.044555994280372054	0.052990692184555564	0.0471	0.04311876119306364	0.051429077309297286	1.0	0.9998079568876411	1.0	1.0	0.9998079568876411	1.0	70.93982570158265	70.93228237519664	1.196390037705804
+I+R4	2.0	100	legacy_counterfactual	10000	10000	20000	0.14592771215082792	0.8609207561314514	0.6051304735502623	0.5333856317541497	3.16548968180234	1.657238681716123	1.6785934720374032	0.9307189534706481	0.5151	0.5053005506938907	0.5248878521292807	0.0477	0.04369351860154453	0.05205385908584307	1.0	0.9998079568876411	1.0	0.9997	0.9993455699502125	0.9998625021632961	6.459733359121461	6.431940859936381	1.0071304310110678
+I+R4	2.0	100	refined_invariant_null	10000	10000	20000	1.249000902703301e-16	0.6372354106069462	0.3427449415319052	0.537862359540647	1.605599634026976	-0.03466514909351038	-0.002683681009794571	1.0111244350526734	0.0423	0.03852766036149848	0.046423864660648996	0.0459	0.0419698045937483	0.050178955538559264	0.99965	0.9992776423311108	0.999830448986709	0.9997	0.9993455699502125	0.9998625021632961	5.140021793548984	5.109582989829596	1.0661528566016056
+I+R4	2.0	500	legacy_counterfactual	10000	10000	20000	0.14592771215082792	0.8609207561314514	0.6051304735502623	0.5333856317541497	5.249014655554902	3.769061257523579	3.775499434187677	0.915245261678314	0.9899	0.9877434351027417	0.9916803094715425	0.0531	0.04887414443556876	0.05766908591705896	1.0	0.9998079568876411	1.0	1.0	0.9998079568876411	1.0	14.424759046897464	14.41727842420581	0.9951604437698576
+I+R4	2.0	500	refined_invariant_null	10000	10000	20000	1.249000902703301e-16	0.6372354106069462	0.3427449415319052	0.537862359540647	1.593648984021622	-0.02082613187981424	-0.016329568955091654	0.9938918127976457	0.0466	0.04263993781431584	0.050908284700522846	0.0529	0.048682032100011194	0.057461351857607645	1.0	0.9998079568876411	1.0	1.0	0.9998079568876411	1.0	11.456037561176743	11.449692760813026	1.0536667894534044
+I+R4	2.0	1000	legacy_counterfactual	10000	10000	20000	0.14592771215082792	0.8609207561314514	0.6051304735502623	0.5333856317541497	6.841454724782052	5.352797902828608	5.362858753207428	0.9076511723292736	1.0	0.9996159875222334	0.9999999999999999	0.0493	0.04522708438335564	0.0537190644641031	1.0	0.9998079568876411	1.0	1.0	0.9998079568876411	1.0	20.388389816969568	20.378759795389595	0.9824646060541967
+I+R4	2.0	1000	refined_invariant_null	10000	10000	20000	1.249000902703301e-16	0.6372354106069462	0.3427449415319052	0.537862359540647	1.6189298330016557	-0.006926855599338423	-0.0008089930198619594	0.9877208154888784	0.0447	0.04082161554836096	0.04892806621389323	0.0478	0.043789329249743165	0.05215797163514888	1.0	0.9998079568876411	1.0	1.0	0.9998079568876411	1.0	16.18689017346861	16.179486738793443	1.039806080612949
+I+R4	2.0	5000	legacy_counterfactual	10000	10000	20000	0.14592771215082792	0.8609207561314514	0.6051304735502623	0.5333856317541497	13.516067290225683	11.977726968917105	11.980879803800423	0.9121661850287508	1.0	0.9996159875222334	0.9999999999999999	0.0436	0.03976980840265766	0.04778071818704763	1.0	0.9998079568876411	1.0	1.0	0.9998079568876411	1.0	45.59826798405731	45.60007792881291	0.9863371531170749
+I+R4	2.0	5000	refined_invariant_null	10000	10000	20000	1.249000902703301e-16	0.6372354106069462	0.3427449415319052	0.537862359540647	1.6618718729438182	-0.007622692989142652	-0.003971713904138819	0.9923179855759031	0.0458	0.041874092462116604	0.05007474447268651	0.0437	0.03986539893066449	0.04788505085654524	1.0	0.9998079568876411	1.0	1.0	0.9998079568876411	1.0	36.199384326308135	36.199916367308745	1.043342466091896
+I+R4	2.0	10000	legacy_counterfactual	10000	10000	20000	0.14592771215082792	0.8609207561314514	0.6051304735502623	0.5333856317541497	18.469246259652774	16.964315317796036	16.955927076635703	0.9317326910027193	1.0	0.9996159875222334	0.9999999999999999	0.0559	0.05156549661771045	0.060575583265041776	1.0	0.9998079568876411	1.0	1.0	0.9998079568876411	1.0	64.47062952145414	64.46323153281091	1.002520155716281
+I+R4	2.0	10000	refined_invariant_null	10000	10000	20000	1.249000902703301e-16	0.6372354106069462	0.3427449415319052	0.537862359540647	1.6630803950562634	0.016128858738061823	0.008831429044629243	1.0128209929177836	0.0574	0.05300860721576192	0.06213132062955701	0.0556	0.05127698224546296	0.06026432804477592	1.0	0.9998079568876411	1.0	1.0	0.9998079568876411	1.0	51.1761334560772	51.170497271298245	1.0603060479710444
+I+R4	3.0	100	legacy_counterfactual	10000	10000	20000	0.12559047268318213	0.7408813749396754	0.44822493306416467	0.43547384411877316	3.1578874355048563	1.6500873871774926	1.6781541771011703	0.9403585203133151	0.5151	0.5053005506938907	0.5248878521292807	0.0489	0.04484357513093346	0.0533028809265075	1.0	0.9998079568876411	1.0	0.99495	0.9938680566915443	0.9958418398315316	5.528513469747652	5.510984539732576	0.960856266986714
+I+R4	3.0	100	refined_invariant_null	10000	10000	20000	0.0	0.5666023662713903	0.24895086819240017	0.43937491795288075	1.5902582538051933	-0.041230056593680856	-0.01237596634246474	1.0221935738083192	0.0436	0.03976980840265766	0.04778071818704763	0.0486	0.044555994280372054	0.052990692184555564	0.995	0.9939228739250262	0.9958870033937385	0.99565	0.9946378547212196	0.9964717729414991	4.147795157163786	4.130984805753411	1.01995086009404
+I+R4	3.0	500	legacy_counterfactual	10000	10000	20000	0.12559047268318213	0.7408813749396754	0.44822493306416467	0.43547384411877316	5.295612010787967	3.76198402697291	3.769153137396237	0.9216056811581366	0.9903	0.988181889893125	0.9920415474711769	0.0464	0.04244844486087158	0.05069993125895821	1.0	0.9998079568876411	1.0	1.0	0.9998079568876411	1.0	12.372160094197103	12.37064691143127	0.9564475749387915
+I+R4	3.0	500	refined_invariant_null	10000	10000	20000	0.0	0.5666023662713903	0.24895086819240017	0.43937491795288075	1.650645186706734	-0.02851920588555064	-0.023824123150605107	1.0020162270736137	0.0456	0.041682684252804296	0.049866306286989924	0.0451	0.04120425816217112	0.04934511639010088	1.0	0.9998079568876411	1.0	1.0	0.9998079568876411	1.0	9.267724125640859	9.263737028984515	1.0148600223284496
+I+R4	3.0	1000	legacy_counterfactual	10000	10000	20000	0.12559047268318213	0.7408813749396754	0.44822493306416467	0.43547384411877316	6.858236921692153	5.341191442932328	5.340260031510498	0.921880351027065	1.0	0.9996159875222334	0.9999999999999999	0.0498	0.04570657916787368	0.0542391856671073	1.0	0.9998079568876411	1.0	1.0	0.9998079568876411	1.0	17.503581238090508	17.493447001988486	0.9527082361157707
+I+R4	3.0	1000	refined_invariant_null	10000	10000	20000	0.0	0.5666023662713903	0.24895086819240017	0.43937491795288075	1.6252164060454257	-0.0192024280314683	-0.016172185249963916	1.0013361605158784	0.048	0.043980965621961486	0.05236618165793946	0.0498	0.04570657916787368	0.0542391856671073	1.0	0.9998079568876411	1.0	1.0	0.9998079568876411	1.0	13.112186012440402	13.099800186768839	1.0100817737072114
+I+R4	3.0	5000	legacy_counterfactual	10000	10000	20000	0.12559047268318213	0.7408813749396754	0.44822493306416467	0.43547384411877316	13.530761409088976	11.973139949810522	11.977556644721618	0.9200024338530589	1.0	0.9996159875222334	0.9999999999999999	0.0436	0.03976980840265766	0.04778071818704763	1.0	0.9998079568876411	1.0	1.0	0.9998079568876411	1.0	39.13221178094841	39.11917180734052	0.9505041488487641
+I+R4	3.0	5000	refined_invariant_null	10000	10000	20000	0.0	0.5666023662713903	0.24895086819240017	0.43937491795288075	1.6764516393263276	-0.01345529447964214	-0.013832946461416421	1.000583187607253	0.0464	0.04244844486087158	0.05069993125895821	0.0432	0.039387503826348	0.04736332997333951	1.0	0.9998079568876411	1.0	1.0	0.9998079568876411	1.0	29.306018236831658	29.296353323364514	1.0076024937974664
+I+R4	3.0	10000	legacy_counterfactual	10000	10000	20000	0.12559047268318213	0.7408813749396754	0.44822493306416467	0.43547384411877316	18.47295672951245	16.949633016623476	16.950020523177727	0.9204045759437418	1.0	0.9996159875222334	0.9999999999999999	0.0481	0.044076791316212685	0.05247027916119269	1.0	0.9998079568876411	1.0	1.0	0.9998079568876411	1.0	55.35603036792366	55.35807226188655	0.9556389151635096
+I+R4	3.0	10000	refined_invariant_null	10000	10000	20000	0.0	0.5666023662713903	0.24895086819240017	0.43937491795288075	1.6500267145225676	-0.0018366362685487332	0.011058782100184288	1.0012652623758618	0.0489	0.04484357513093346	0.0533028809265075	0.0484	0.04436429825452712	0.052782541815391604	1.0	0.9998079568876411	1.0	1.0	0.9998079568876411	1.0	41.45992114560726	41.46332415317919	1.0120665521532397
+I+R4	4.0	100	legacy_counterfactual	10000	10000	20000	0.11189286767396761	0.6601389897676336	0.3559443815866281	0.3696971663475985	3.16425067714799	1.6678971775899023	1.6914263419454003	0.9275403736111189	0.521	0.511202460012921	0.5307814114630127	0.0493	0.04522708438335564	0.0537190644641031	0.9998	0.9994858112031985	0.9999222225016876	0.974	0.971701804612877	0.9761161385166067	4.940559411281841	4.928542508755175	0.9453599242917149
+I+R4	4.0	100	refined_invariant_null	10000	10000	20000	0.0	0.5239451300550974	0.19557535140066878	0.37327449036524557	1.6146933123900438	-0.02214109378007498	0.009511114143499576	1.008638731418829	0.0451	0.04120425816217112	0.04934511639010088	0.0481	0.044076791316212685	0.05247027916119269	0.9726	0.9702451643901486	0.9747733164600498	0.9748	0.9725349169336063	0.9768827189268977	3.519718736310587	3.505482014084195	1.0052035022596661
+I+R4	4.0	500	legacy_counterfactual	10000	10000	20000	0.11189286767396761	0.6601389897676336	0.3559443815866281	0.3696971663475985	5.273924387288761	3.7601095235030066	3.77171058069436	0.9186250175344108	0.9875	0.9851275707843379	0.9894980170498398	0.0504	0.04628212937744861	0.054863174642559055	1.0	0.9998079568876411	1.0	1.0	0.9998079568876411	1.0	11.073006486334693	11.060181212821485	0.929016798776445
+I+R4	4.0	500	refined_invariant_null	10000	10000	20000	0.0	0.5239451300550974	0.19557535140066878	0.37327449036524557	1.6089890179656834	-0.029274474399311492	-0.01768392616497031	0.9996904329489661	0.0473	0.04331032661240665	0.05163735828496317	0.0505	0.046378070820086464	0.05496715639742565	1.0	0.9998079568876411	1.0	1.0	0.9998079568876411	1.0	7.885180479054353	7.87350300954795	0.9880469041850206
+I+R4	4.0	1000	legacy_counterfactual	10000	10000	20000	0.11189286767396761	0.6601389897676336	0.3559443815866281	0.3696971663475985	6.89386855260332	5.350369971188735	5.3504076362539	0.9199240777439515	1.0	0.9996159875222334	0.9999999999999999	0.0459	0.0419698045937483	0.050178955538559264	1.0	0.9998079568876411	1.0	1.0	0.9998079568876411	1.0	15.652726170573896	15.653147966405662	0.9396001088925253
+I+R4	4.0	1000	refined_invariant_null	10000	10000	20000	0.0	0.5239451300550974	0.19557535140066878	0.37327449036524557	1.67184856594388	-0.009094220318283573	-0.006760458455529151	0.9996164319560222	0.0489	0.04484357513093346	0.0533028809265075	0.0463	0.042352706247467634	0.05059574667485771	1.0	0.9998079568876411	1.0	1.0	0.9998079568876411	1.0	11.140709497395623	11.141769251925183	0.9992692076751336
+I+R4	4.0	5000	legacy_counterfactual	10000	10000	20000	0.11189286767396761	0.6601389897676336	0.3559443815866281	0.3696971663475985	13.490713720137242	11.976737642954005	11.981827078810296	0.9178779653367771	1.0	0.9996159875222334	0.9999999999999999	0.048	0.043980965621961486	0.05236618165793946	1.0	0.9998079568876411	1.0	1.0	0.9998079568876411	1.0	34.98808471173655	34.981938679500885	0.9282375524151418
+I+R4	4.0	5000	refined_invariant_null	10000	10000	20000	0.0	0.5239451300550974	0.19557535140066878	0.37327449036524557	1.636563349179399	-0.006954092815623591	-0.006666870219567589	0.9978092526141511	0.0479	0.04388514492818972	0.052262079154206775	0.049	0.04493944517385872	0.05340693408108669	1.0	0.9998079568876411	1.0	1.0	0.9998079568876411	1.0	24.894554103628295	24.88680726772384	0.9870395859528623
+I+R4	4.0	10000	legacy_counterfactual	10000	10000	20000	0.11189286767396761	0.6601389897676336	0.3559443815866281	0.3696971663475985	18.436767992750834	16.941683926976154	16.937426876175618	0.9242924805651892	1.0	0.9996159875222334	0.9999999999999999	0.0557	0.05137314965530505	0.060368083832438274	1.0	0.9998079568876411	1.0	1.0	0.9998079568876411	1.0	49.47307529967496	49.459554665992	0.9213838427742829
+I+R4	4.0	10000	refined_invariant_null	10000	10000	20000	0.0	0.5239451300550974	0.19557535140066878	0.37327449036524557	1.619292963391387	-0.008538230758019766	-0.01365883364990771	1.0051100383811096	0.0515	0.04733773902129087	0.0560067201712657	0.0544	0.050123293088608876	0.05901893883157664	1.0	0.9998079568876411	1.0	1.0	0.9998079568876411	1.0	35.197877967362786	35.18808208796564	0.9799712410585237
+I+R4	5.0	100	legacy_counterfactual	10000	10000	20000	0.10167107971313688	0.5999331115770975	0.2940709150686004	0.320702144360202	3.1420488080222544	1.6708342830750507	1.6944121852947638	0.931296601048364	0.523	0.5132034174684357	0.532778917957587	0.0516	0.04743373093848816	0.05611065145157285	0.9989	0.9983349406457547	0.9992734387367337	0.93265	0.9290927370677707	0.936041088027105	4.514098433222705	4.504760464919078	0.9259107412808628
+I+R4	5.0	100	refined_invariant_null	10000	10000	20000	6.938893903907228e-18	0.49516160977444906	0.1604804233125406	0.3240970627461224	1.5754903690602318	-0.016525097070491917	0.012222557736768218	1.0107161381316334	0.0448	0.04091726794428552	0.04903233701547313	0.0513	0.04714576877535386	0.05579884402219381	0.9267	0.9230053486607191	0.9302307617471938	0.9352	0.9317039483522586	0.9385288973227442	3.0669869306481523	3.0619046528551213	0.9886523168907901
+I+R4	5.0	500	legacy_counterfactual	10000	10000	20000	0.10167107971313688	0.5999331115770975	0.2940709150686004	0.320702144360202	5.272329665154833	3.7842852695942724	3.7889799660660133	0.9216298497819365	0.9877	0.9853446924127197	0.9896807418164667	0.0537	0.04945058508403728	0.05829218445361711	1.0	0.9998079568876411	1.0	1.0	0.9998079568876411	1.0	10.099526963091044	10.10305064068794	0.9300661858944704
+I+R4	5.0	500	refined_invariant_null	10000	10000	20000	6.938893903907228e-18	0.49516160977444906	0.1604804233125406	0.3240970627461224	1.6130564415411854	-0.0018472437017875115	0.000156616490743991	1.0032373972786717	0.05	0.045898410397600495	0.05444720083238938	0.0526	0.048393896302291316	0.05714971806281418	1.0	0.9998079568876411	1.0	1.0	0.9998079568876411	1.0	6.849964707713384	6.850157821062211	0.990625063043762
+I+R4	5.0	1000	legacy_counterfactual	10000	10000	20000	0.10167107971313688	0.5999331115770975	0.2940709150686004	0.320702144360202	6.827949221749456	5.345981153014185	5.3483053851460145	0.9151746085016593	1.0	0.9996159875222334	0.9999999999999999	0.053	0.04877808609517671	0.05756522105994656	1.0	0.9998079568876411	1.0	1.0	0.9998079568876411	1.0	14.284357057272457	14.272857196377064	0.9168524761690817
+I+R4	5.0	1000	refined_invariant_null	10000	10000	20000	6.938893903907228e-18	0.49516160977444906	0.1604804233125406	0.3240970627461224	1.6030431423115215	-0.010097044705913463	-0.0007068149329306904	0.9954311874003875	0.0481	0.044076791316212685	0.05247027916119269	0.0522	0.048009776782719116	0.05673414479236859	1.0	0.9998079568876411	1.0	1.0	0.9998079568876411	1.0	9.683688310281102	9.672975530334195	0.9770916622460356
+I+R4	5.0	5000	legacy_counterfactual	10000	10000	20000	0.10167107971313688	0.5999331115770975	0.2940709150686004	0.320702144360202	13.491406084682302	11.976160425657188	11.970953139991419	0.9111087022786862	1.0	0.9996159875222334	0.9999999999999999	0.05	0.045898410397600495	0.05444720083238938	1.0	0.9998079568876411	1.0	1.0	0.9998079568876411	1.0	31.95644417402991	31.947343965345205	0.916116407686977
+I+R4	5.0	5000	refined_invariant_null	10000	10000	20000	6.938893903907228e-18	0.49516160977444906	0.1604804233125406	0.3240970627461224	1.635431157159121	-0.006291332966182983	-0.012092900684647592	0.9908756063482855	0.0499	0.04580249241658047	0.054343195615904956	0.0506	0.04647401691551558	0.05507113349950097	1.0	0.9998079568876411	1.0	1.0	0.9998079568876411	1.0	21.668713530449654	21.66108738841518	0.976612757625917
+I+R4	5.0	10000	legacy_counterfactual	10000	10000	20000	0.10167107971313688	0.5999331115770975	0.2940709150686004	0.320702144360202	18.447879431141587	16.938474221108905	16.942164243286804	0.9263690482576248	1.0	0.9996159875222334	0.9999999999999999	0.0495	0.04541886795081369	0.053927127291653956	1.0	0.9998079568876411	1.0	1.0	0.9998079568876411	1.0	45.18439058400478	45.18085395724976	0.9153726378877618
+I+R4	5.0	10000	refined_invariant_null	10000	10000	20000	6.938893903907228e-18	0.49516160977444906	0.1604804233125406	0.3240970627461224	1.6388324336305335	-0.009642536606279459	-0.011503641936780586	1.0062599092638587	0.0486	0.044555994280372054	0.052990692184555564	0.0491	0.045035320072915955	0.05351098237953389	1.0	0.9998079568876411	1.0	1.0	0.9998079568876411	1.0	30.634528216178115	30.626413360218145	0.9754228359845241
+I+R4	7.5	100	legacy_counterfactual	10000	10000	20000	0.0838548610745664	0.4951006053038815	0.20046692273049116	0.23553205228733445	3.1658364820780593	1.666980451721957	1.682602812708316	0.9342692732031338	0.5139	0.5041003295345055	0.5236889949186128	0.0504	0.04628212937744861	0.054863174642559055	0.989	0.9874576241648914	0.9903545576712216	0.7424	0.7362930096563118	0.7484138878428164	3.76525002636266	3.7647713653933432	0.9192735468338966
+I+R4	7.5	100	refined_invariant_null	10000	10000	20000	4.163336342344337e-17	0.4510697680985051	0.1077406606833704	0.23885586732525566	1.5943703732289451	-0.01903533400057924	0.0012852370162998719	1.0135535125846082	0.0465	0.042544188721841285	0.05080411059549295	0.0523	0.048105800033018536	0.056838044739573615	0.735	0.72883872451891	0.7410710152182812	0.75105	0.7450093445319772	0.7569942306213073	2.2722142932503484	2.2708340845892283	0.9886157011036183
+I+R4	7.5	500	legacy_counterfactual	10000	10000	20000	0.0838548610745664	0.4951006053038815	0.20046692273049116	0.23553205228733445	5.283886547058687	3.787356129230081	3.7904522156308627	0.9203022170330708	0.9898	0.9876339440040968	0.9915898773726831	0.0499	0.04580249241658047	0.054343195615904956	1.0	0.9998079568876411	1.0	0.99975	0.9994148409683915	0.9998932119408058	8.449867719857544	8.445840825501676	0.9126406842233653
+I+R4	7.5	500	refined_invariant_null	10000	10000	20000	4.163336342344337e-17	0.4510697680985051	0.1077406606833704	0.23885586732525566	1.6216341617826175	0.003556664769091207	0.015183183227884724	0.9990664643387926	0.0463	0.042352706247467634	0.05059574667485771	0.0487	0.0446518496699761	0.05309475999245596	0.99985	0.9995590283953282	0.9999489861052466	0.99985	0.9995590283953282	0.9999489861052466	5.094975176846933	5.094119748123344	0.9805006976470514
+I+R4	7.5	1000	legacy_counterfactual	10000	10000	20000	0.0838548610745664	0.4951006053038815	0.20046692273049116	0.23553205228733445	6.847403583802617	5.362789278636169	5.368026089894897	0.906873037961533	1.0	0.9996159875222334	0.9999999999999999	0.0493	0.04522708438335564	0.0537190644641031	1.0	0.9998079568876411	1.0	1.0	0.9998079568876411	1.0	11.949014358648688	11.94546303950026	0.9054920238671722
+I+R4	7.5	1000	refined_invariant_null	10000	10000	20000	4.163336342344337e-17	0.4510697680985051	0.1077406606833704	0.23885586732525566	1.6160218174397307	0.009751716293838595	0.014033967525505262	0.9847482072979145	0.0469	0.04292721632143491	0.051220775785917105	0.0502	0.046090260502975426	0.054655197122023345	1.0	0.9998079568876411	1.0	1.0	0.9998079568876411	1.0	7.201816501735544	7.2032715687691535	0.97231585277245
+I+R4	7.5	5000	legacy_counterfactual	10000	10000	20000	0.0838548610745664	0.4951006053038815	0.20046692273049116	0.23553205228733445	13.48232472791816	11.97500369654872	11.98118046682426	0.9263658996352679	1.0	0.9996159875222334	0.9999999999999999	0.0484	0.04436429825452712	0.052782541815391604	1.0	0.9998079568876411	1.0	1.0	0.9998079568876411	1.0	26.748903427218504	26.753322704475025	0.9118253594849283
+I+R4	7.5	5000	refined_invariant_null	10000	10000	20000	4.163336342344337e-17	0.4510697680985051	0.1077406606833704	0.23885586732525566	1.6372062465200248	0.0008526586027151922	0.00651474572842114	1.0071487146277163	0.0479	0.04388514492818972	0.052262079154206775	0.0487	0.0446518496699761	0.05309475999245596	1.0	0.9998079568876411	1.0	1.0	0.9998079568876411	1.0	16.1335365916429	16.141239208557007	0.9801093170136216
+I+R4	7.5	10000	legacy_counterfactual	10000	10000	20000	0.0838548610745664	0.4951006053038815	0.20046692273049116	0.23553205228733445	18.439778559481923	16.921903109501756	16.92256110023559	0.9328412808597799	1.0	0.9996159875222334	0.9999999999999999	0.0508	0.046665923012702865	0.05527907379732258	1.0	0.9998079568876411	1.0	1.0	0.9998079568876411	1.0	37.8295844182421	37.82909200386014	0.9120609785288981
+I+R4	7.5	10000	refined_invariant_null	10000	10000	20000	4.163336342344337e-17	0.4510697680985051	0.1077406606833704	0.23885586732525566	1.625763216449876	-0.017237991982900144	-0.016586507860092373	1.0137461764335836	0.0479	0.04388514492818972	0.052262079154206775	0.0504	0.04628212937744861	0.054863174642559055	1.0	0.9998079568876411	1.0	1.0	0.9998079568876411	1.0	22.817472009342893	22.82167967940685	0.9791265547225443
+I+R4	10.0	100	legacy_counterfactual	10000	10000	20000	0.07182439245763844	0.42436010230437105	0.14741687049472763	0.17813285845348087	3.152674008769743	1.6540333308913142	1.674656550444508	0.9503921299483226	0.5126	0.5028001536820735	0.5223901692034866	0.0533	0.049066274105844514	0.057876802641792104	0.9624	0.9596735480891336	0.964948850440557	0.5576	0.5507060793544856	0.5644717972789706	3.280485075863856	3.279237572785531	0.9151904984300717
+I+R4	10.0	100	refined_invariant_null	10000	10000	20000	-1.3877787807814457e-17	0.4242320186013918	0.07710155637174232	0.18174384061328222	1.5813397473608504	-0.028883378604036204	-0.0066198323399220375	1.027881864982767	0.0471	0.04311876119306364	0.051429077309297286	0.0549	0.050603924672538624	0.059537923235169134	0.5474	0.5404931159067982	0.5542886784061501	0.57295	0.566081139760303	0.5797908411496037	1.7614322830706077	1.761544164496852	0.9889660723443819
+I+R4	10.0	500	legacy_counterfactual	10000	10000	20000	0.07182439245763844	0.42436010230437105	0.14741687049472763	0.17813285845348087	5.302024754293572	3.769768554182868	3.772864227634114	0.9198084261177341	0.9881	0.9857793731954534	0.9900457538237508	0.0479	0.04388514492818972	0.052262079154206775	1.0	0.9998079568876411	1.0	0.98705	0.9853869110335235	0.9885260197707276	7.341780767345631	7.34471191776131	0.9133391166263574
+I+R4	10.0	500	refined_invariant_null	10000	10000	20000	-1.3877787807814457e-17	0.4242320186013918	0.07710155637174232	0.18174384061328222	1.6653506434534682	-0.010408559910343174	-0.007839850330156524	0.9953667714243208	0.0484	0.04436429825452712	0.052782541815391604	0.0457	0.04177838567624322	0.049970528061055446	0.98835	0.9867662381710978	0.9897461933210612	0.98805	0.9864475402350421	0.9894650064829844	3.923418820072607	3.9289845377069907	0.9877095636370327
+I+R4	10.0	1000	legacy_counterfactual	10000	10000	20000	0.07182439245763844	0.42436010230437105	0.14741687049472763	0.17813285845348087	6.840236048269176	5.346510881581416	5.342370562349139	0.9264624368276555	1.0	0.9996159875222334	0.9999999999999999	0.0507	0.04656996765070889	0.05517510596181212	1.0	0.9998079568876411	1.0	1.0	0.9998079568876411	1.0	10.40352107363657	10.40365531288938	0.908273375340897
+I+R4	10.0	1000	refined_invariant_null	10000	10000	20000	-1.3877787807814457e-17	0.4242320186013918	0.07710155637174232	0.18174384061328222	1.6191768592025602	-0.002758976156591331	-0.014439070906055597	1.0061452885334405	0.0502	0.046090260502975426	0.054655197122023345	0.053	0.04877808609517671	0.05756522105994656	0.99995	0.9997168021471904	0.9999911739447619	0.99995	0.9997168021471904	0.9999911739447619	5.56566072213846	5.559432912212875	0.9832648800368161
+I+R4	10.0	5000	legacy_counterfactual	10000	10000	20000	0.07182439245763844	0.42436010230437105	0.14741687049472763	0.17813285845348087	13.45884073032007	11.976309998678634	11.969270003030124	0.9311044827723536	1.0	0.9996159875222334	0.9999999999999999	0.0559	0.05156549661771045	0.060575583265041776	1.0	0.9998079568876411	1.0	1.0	0.9998079568876411	1.0	23.243776970154205	23.23935782717301	0.9041683604736898
+I+R4	10.0	5000	refined_invariant_null	10000	10000	20000	-1.3877787807814457e-17	0.4242320186013918	0.07710155637174232	0.18174384061328222	1.619415587850158	0.011249065017315055	0.01070110799018919	1.0089410442253015	0.0527	0.04848993719187213	0.057253600370737796	0.0553	0.05098850442475616	0.05995303627296939	1.0	0.9998079568876411	1.0	1.0	0.9998079568876411	1.0	12.418772781298173	12.416878837843182	0.9773388986430361
+I+R4	10.0	10000	legacy_counterfactual	10000	10000	20000	0.07182439245763844	0.42436010230437105	0.14741687049472763	0.17813285845348087	18.43419957761678	16.92148677675324	16.934572197954154	0.9256208603490214	1.0	0.9996159875222334	0.9999999999999999	0.0486	0.044555994280372054	0.052990692184555564	1.0	0.9998079568876411	1.0	1.0	0.9998079568876411	1.0	32.875400002960205	32.881342952210005	0.9056959921544442
+I+R4	10.0	10000	refined_invariant_null	10000	10000	20000	-1.3877787807814457e-17	0.4242320186013918	0.07710155637174232	0.18174384061328222	1.6375805327964352	-0.0032267815543377226	0.0029738690384239967	1.005988350535654	0.0497	0.045610670664964575	0.054135170972511956	0.0505	0.046378070820086464	0.05496715639742565	1.0	0.9998079568876411	1.0	1.0	0.9998079568876411	1.0	17.56478072986525	17.57499016965641	0.9801186313969216
+I+R4	12.5	100	legacy_counterfactual	10000	10000	20000	0.06307507498907353	0.37286103705028545	0.11388693874351205	0.13627560593730217	3.129385397529088	1.639145343879558	1.6713764980009418	0.9445929078781973	0.5111	0.5013000331257441	0.5208914417972496	0.0506	0.04647401691551558	0.05507113349950097	0.91625	0.9123304008269219	0.9200097232820393	0.4012	0.3944265868874284	0.40801136083157385	2.901262900119766	2.9101209599632227	0.9081697553404272
+I+R4	12.5	100	refined_invariant_null	10000	10000	20000	0.0	0.40496090755707187	0.05683901256442375	0.1403567887757495	1.5929597667530095	-0.03825843121953685	-0.0011386026800792775	1.0195554597313214	0.0448	0.04091726794428552	0.04903233701547313	0.0496	0.04551476692140481	0.05403115151856727	0.38725	0.38052110570771885	0.3940222000141182	0.409	0.40220419664785423	0.41583075519859514	1.3642596123196304	1.3711644319145826	0.9871481378892543
+I+R4	12.5	500	legacy_counterfactual	10000	10000	20000	0.06307507498907353	0.37286103705028545	0.11388693874351205	0.13627560593730217	5.2574874834963525	3.7508767195506194	3.749745511930024	0.9314418007362453	0.9862	0.9837195842784241	0.9883070019881957	0.0516	0.04743373093848816	0.05611065145157285	1.0	0.9998079568876411	1.0	0.9171	0.9131979894510216	0.9208418081846486	6.530531109381202	6.539389877534111	0.9131329016505901
+I+R4	12.5	500	refined_invariant_null	10000	10000	20000	0.0	0.40496090755707187	0.05683901256442375	0.1403567887757495	1.6217792377410452	-0.026374982598903942	-0.034854899340725186	1.0093672264220637	0.0483	0.0442684576471515	0.052678459225262785	0.0509	0.04676188298859711	0.05538303701893278	0.92175	0.9179463667507806	0.9253916448839445	0.9252	0.9214718375808661	0.9287648489563838	3.0634546431585066	3.070299283645621	0.9934391486764863
+I+R4	12.5	1000	legacy_counterfactual	10000	10000	20000	0.06307507498907353	0.37286103705028545	0.11388693874351205	0.13627560593730217	6.844404624302893	5.3354191342501105	5.355333045628274	0.9213313021017759	0.9999	0.9994337165442557	0.999982347780473	0.0459	0.0419698045937483	0.050178955538559264	1.0	0.9998079568876411	1.0	0.99555	0.9945275544004348	0.9963821116709064	9.23392414555657	9.23457102403231	0.9073833567661819
+I+R4	12.5	1000	refined_invariant_null	10000	10000	20000	0.0	0.40496090755707187	0.05683901256442375	0.1403567887757495	1.6434195175676414	-0.006963505008408678	0.014166814009725144	1.000364303509969	0.0468	0.042831451629961645	0.05111661727988594	0.0469	0.04292721632143491	0.051220775785917105	0.9965	0.9955807028571609	0.9972285983322667	0.99655	0.995636499021508	0.9972727829636084	4.3313010249881545	4.335551676695272	0.9878052176109471
+I+R4	12.5	5000	legacy_counterfactual	10000	10000	20000	0.06307507498907353	0.37286103705028545	0.11388693874351205	0.13627560593730217	13.507187034621188	11.954948800779462	11.956899721616821	0.9243965607370275	1.0	0.9996159875222334	0.9999999999999999	0.0472	0.043214541342019595	0.051533220357845765	1.0	0.9998079568876411	1.0	1.0	0.9998079568876411	1.0	20.660423112359805	20.666759442076987	0.9040106234419182
+I+R4	12.5	5000	refined_invariant_null	10000	10000	20000	0.0	0.40496090755707187	0.05683901256442375	0.1403567887757495	1.6524902894733229	-0.001705500754762295	-0.0026449902662518355	1.0025761155955748	0.0503	0.04618619260069309	0.05475918822181011	0.0497	0.045610670664964575	0.054135170972511956	1.0	0.9998079568876411	1.0	1.0	0.9998079568876411	1.0	9.682947810672278	9.680511222341135	0.983593884992224
+I+R4	12.5	10000	legacy_counterfactual	10000	10000	20000	0.06307507498907353	0.37286103705028545	0.11388693874351205	0.13627560593730217	18.409713024549085	16.910587780694605	16.92067823920963	0.9215453380651824	1.0	0.9996159875222334	0.9999999999999999	0.0523	0.048105800033018536	0.056838044739573615	1.0	0.9998079568876411	1.0	1.0	0.9998079568876411	1.0	29.241881419719885	29.236258626357703	0.9006791623107873
+I+R4	12.5	10000	refined_invariant_null	10000	10000	20000	0.0	0.40496090755707187	0.05683901256442375	0.1403567887757495	1.6249563862465697	-0.000547313454884717	0.004056383008960855	0.9988097074070189	0.0502	0.046090260502975426	0.054655197122023345	0.0517	0.04752972736860386	0.05621457821896162	1.0	0.9998079568876411	1.0	1.0	0.9998079568876411	1.0	13.71887432378031	13.714212399768623	0.9806719018629042
+I+R4	15.0	100	legacy_counterfactual	10000	10000	20000	0.056543767651370286	0.3343183131872351	0.09158153435614902	0.10480361177569061	3.18245948978568	1.653027889833961	1.6748320339211975	0.9470294011467559	0.5164	0.506600854034183	0.5261865503565463	0.0522	0.048009776782719116	0.05673414479236859	0.85925	0.8543612216068573	0.8640007954169128	0.27195	0.26582734200102015	0.27816024886252694	2.6249632574448114	2.624926130970344	0.9213926041024278
+I+R4	15.0	100	refined_invariant_null	10000	10000	20000	-6.245004513516506e-17	0.39012119253913985	0.04267597706061059	0.10939158875950858	1.6380574877296312	-0.017554532104589134	0.0022873768603146913	1.0206155296949448	0.0513	0.04714576877535386	0.05579884402219381	0.0521	0.04791375797210714	0.056630240405476116	0.28325	0.27704741063687777	0.2895358400523299	0.28535	0.2791330942636004	0.29164934984453533	1.0759407335868811	1.0694368626400075	1.0049879834245699
+I+R4	15.0	500	legacy_counterfactual	10000	10000	20000	0.056543767651370286	0.3343183131872351	0.09158153435614902	0.10480361177569061	5.256816590389658	3.7455992590091594	3.7523553355025805	0.9200273207979803	0.9883	0.9859969395540515	0.9902280338601614	0.0495	0.04541886795081369	0.053927127291653956	1.0	0.9998079568876411	1.0	0.7594	0.7534264188590867	0.7652739491742215	5.89661449378004	5.901642559632434	0.9106977816384879
+I+R4	15.0	500	refined_invariant_null	10000	10000	20000	-6.245004513516506e-17	0.39012119253913985	0.04267597706061059	0.10939158875950858	1.613159583986219	-0.029107695408445374	-0.028350952757358362	0.996994053163937	0.046	0.042065522054552065	0.05028316127525995	0.0494	0.04532297376687862	0.05382309827808457	0.7765	0.7706735587891173	0.7822202413697482	0.786	0.7802612885210296	0.7916288628187012	2.3935758830359535	2.39407289331467	0.9941754726425939
+I+R4	15.0	1000	legacy_counterfactual	10000	10000	20000	0.056543767651370286	0.3343183131872351	0.09158153435614902	0.10480361177569061	6.814221287793333	5.335401077997713	5.344319727065197	0.9179864449086306	1.0	0.9996159875222334	0.9999999999999999	0.0492	0.04513119981406986	0.05361502583588445	1.0	0.9998079568876411	1.0	0.9537	0.9506995374408825	0.956526202638963	8.344201229701643	8.35449281243691	0.9048599988995534
+I+R4	15.0	1000	refined_invariant_null	10000	10000	20000	-6.245004513516506e-17	0.39012119253913985	0.04267597706061059	0.10939158875950858	1.6097685457459379	-0.009764322412009982	-0.007088070356304507	0.9980605884738599	0.0456	0.041682684252804296	0.049866306286989924	0.0493	0.04522708438335564	0.0537190644641031	0.96125	0.9584853871803714	0.9638374530484777	0.965	0.962362321915969	0.967459077989537	3.3886169259549277	3.3935504756065376	0.9865449454129706
+I+R4	15.0	5000	legacy_counterfactual	10000	10000	20000	0.056543767651370286	0.3343183131872351	0.09158153435614902	0.10480361177569061	13.458173051685941	11.958707500459148	11.95587250513838	0.9238276010300663	1.0	0.9996159875222334	0.9999999999999999	0.0519	0.047721733718244265	0.056422418264330094	1.0	0.9998079568876411	1.0	1.0	0.9998079568876411	1.0	18.706432517268826	18.714610781254688	0.9124153334432568
+I+R4	15.0	5000	refined_invariant_null	10000	10000	20000	-6.245004513516506e-17	0.39012119253913985	0.04267597706061059	0.10939158875950858	1.614757389729945	-0.0007046816513925591	-0.00802824288707203	1.0053587892566485	0.0502	0.046090260502975426	0.054655197122023345	0.054	0.04973886314439657	0.05860367598577117	1.0	0.9998079568876411	1.0	1.0	0.9998079568876411	1.0	7.618615758525222	7.618219982813913	0.9941856018089301
+I+R4	15.0	10000	legacy_counterfactual	10000	10000	20000	0.056543767651370286	0.3343183131872351	0.09158153435614902	0.10480361177569061	18.41799585785699	16.916832911236405	16.917417068298246	0.9185839974185739	1.0	0.9996159875222334	0.9999999999999999	0.05	0.045898410397600495	0.05444720083238938	1.0	0.9998079568876411	1.0	1.0	0.9998079568876411	1.0	26.460612621422293	26.458496808062755	0.9049951060386505
+I+R4	15.0	10000	refined_invariant_null	10000	10000	20000	-6.245004513516506e-17	0.39012119253913985	0.04267597706061059	0.10939158875950858	1.6361956820366936	0.006154218473937492	0.010662316375972723	0.997936813498813	0.0508	0.046665923012702865	0.05527907379732258	0.0517	0.04752972736860386	0.05621457821896162	1.0	0.9998079568876411	1.0	1.0	0.9998079568876411	1.0	10.777773930157961	10.779282420753049	0.9863301294055263
+I+R4	17.5	100	legacy_counterfactual	10000	10000	20000	0.051616078467854425	0.30513928817002267	0.07627731907342208	0.08081961766859236	3.150968108267799	1.658084343520317	1.6812728118104512	0.9371242022397955	0.5136	0.5038002830702559	0.5233892717903488	0.0536	0.04935450091318603	0.05818834542696393	0.7953	0.7896515606533486	0.8008350186844923	0.2077	0.202134221540645	0.21337804686284004	2.4034942463739615	2.4190392281463176	0.9323807180329562
+I+R4	17.5	100	refined_invariant_null	10000	10000	20000	4.85722573273506e-17	0.3783959920418278	0.03248190611078093	0.08584104164398851	1.6374008240945237	-0.0074903962279289586	0.00589190299439951	1.0116871001384293	0.0507	0.04656996765070889	0.05517510596181212	0.0518	0.04762572829928666	0.056318500485783254	0.21325	0.20762854145983542	0.21898159526510244	0.2153	0.209658369933583	0.22105097941459417	0.8471470915596048	0.8506141651382486	1.0146894415328973
+I+R4	17.5	500	legacy_counterfactual	10000	10000	20000	0.051616078467854425	0.30513928817002267	0.07627731907342208	0.08081961766859236	5.3118249603498855	3.771865477770714	3.7865860052626044	0.9141023070368018	0.9894	0.9871964491386092	0.9912276794481527	0.043	0.03919638632603847	0.04715460107864013	1.0	0.9998079568876411	1.0	0.5531	0.5461999987835952	0.5599796062378725	5.426642060207862	5.426560413915176	0.9157786842289948
+I+R4	17.5	500	refined_invariant_null	10000	10000	20000	4.85722573273506e-17	0.3783959920418278	0.03248190611078093	0.08584104164398851	1.670379605843787	0.004279878463504285	0.02522294620148894	0.9899547721701858	0.0469	0.04292721632143491	0.051220775785917105	0.0442	0.04034343693887649	0.04840662883585549	0.6004	0.5935928381601202	0.6071685995829182	0.5916	0.5847706735153686	0.5983941441864473	1.9005607681666536	1.9009137056002632	1.0013371947203218
+I+R4	17.5	1000	legacy_counterfactual	10000	10000	20000	0.051616078467854425	0.30513928817002267	0.07627731907342208	0.08081961766859236	6.865149982897656	5.352613322911468	5.36080389812113	0.9153243475039751	0.9999	0.9994337165442557	0.999982347780473	0.0463	0.042352706247467634	0.05059574667485771	1.0	0.9998079568876411	1.0	0.8179	0.8124904403956562	0.8231874585935058	7.672760347364057	7.665324137756425	0.9139674309166418
+I+R4	17.5	1000	refined_invariant_null	10000	10000	20000	4.85722573273506e-17	0.3783959920418278	0.03248190611078093	0.08584104164398851	1.6657580838880874	0.010809022112862087	0.014644870000914743	0.9860081249311482	0.0476	0.043597712998593996	0.05194974149128917	0.0457	0.04177838567624322	0.049970528061055446	0.85315	0.84817659787169	0.8579877620780509	0.84845	0.8434133863935719	0.8533527787614253	2.678793378930928	2.6702351120201895	1.0002739132499072
+I+R4	17.5	5000	legacy_counterfactual	10000	10000	20000	0.051616078467854425	0.30513928817002267	0.07627731907342208	0.08081961766859236	13.443780607200596	11.953817348345243	11.945743013397983	0.929215396171712	1.0	0.9996159875222334	0.9999999999999999	0.055	0.050700063435365754	0.05964170766984645	1.0	0.9998079568876411	1.0	1.0	0.9998079568876411	1.0	17.204902747738387	17.2058742440416	0.8963744679667397
+I+R4	17.5	5000	refined_invariant_null	10000	10000	20000	4.85722573273506e-17	0.3783959920418278	0.03248190611078093	0.08584104164398851	1.6251854564475545	-0.00863050819409359	-0.02326808629808591	1.0049804910984812	0.0522	0.048009776782719116	0.05673414479236859	0.0542	0.04993106969653226	0.05881131582864438	1.0	0.9998079568876411	1.0	1.0	0.9998079568876411	1.0	6.0242152318214055	6.023632938121938	0.9791938481396717
+I+R4	17.5	10000	legacy_counterfactual	10000	10000	20000	0.051616078467854425	0.30513928817002267	0.07627731907342208	0.08081961766859236	18.42738009076625	16.900588425277487	16.901527309227603	0.9186240618562096	1.0	0.9996159875222334	0.9999999999999999	0.0474	0.043406116988828625	0.05174149110604563	1.0	0.9998079568876411	1.0	1.0	0.9998079568876411	1.0	24.32162008510962	24.335272001092417	0.9044157180578343
+I+R4	17.5	10000	refined_invariant_null	10000	10000	20000	4.85722573273506e-17	0.3783959920418278	0.03248190611078093	0.08584104164398851	1.6367208359315604	-0.01767145964312752	-0.021591535635033493	0.9953696248161259	0.0485	0.044460143803757124	0.052886619463666046	0.0494	0.04532297376687862	0.05382309827808457	1.0	0.9998079568876411	1.0	1.0	0.9998079568876411	1.0	8.510280742388305	8.521685888102684	0.9878349836636178
+I+R4	20.0	100	legacy_counterfactual	10000	10000	20000	0.04787758698583448	0.2829243051642527	0.06553875125834359	0.06242363752472893	3.1662182114695354	1.6575196473698766	1.6969016527129424	0.9459756221050569	0.5199	0.5101020003922354	0.5296827159111495	0.0511	0.046953816730797814	0.055590949671740976	0.74525	0.7391645182604776	0.7512412845929104	0.1507	0.14580885480058303	0.15572530651771094	2.2345199666428353	2.244825977684271	0.9197237758289711
+I+R4	20.0	100	refined_invariant_null	10000	10000	20000	1.3877787807814457e-17	0.3690703181163602	0.024999467266554963	0.06773632567946886	1.65267093484745	0.0003906694675655686	0.01268182075703405	1.0187484671162688	0.0528	0.048585982461686675	0.0573574782984277	0.0518	0.04762572829928666	0.056318500485783254	0.16615	0.16105557062056097	0.1713726565655611	0.1637	0.15863668815518897	0.16889248004218368	0.6751546960090744	0.670897767300529	1.0091305266072284
+I+R4	20.0	500	legacy_counterfactual	10000	10000	20000	0.04787758698583448	0.2829243051642527	0.06553875125834359	0.06242363752472893	5.267304329770775	3.76546892741638	3.7726193346773984	0.9278141382140074	0.9877	0.9853446924127197	0.9896807418164667	0.0503	0.04618619260069309	0.05475918822181011	0.99995	0.9997168021471904	0.9999911739447619	0.40535	0.3985644524048742	0.4121719013562954	5.053738304105386	5.048679203235594	0.9031418914591465
+I+R4	20.0	500	refined_invariant_null	10000	10000	20000	1.3877787807814457e-17	0.3690703181163602	0.024999467266554963	0.06773632567946886	1.6325973513527685	-0.0007942414879973505	0.003680910430603408	1.005052725544806	0.0499	0.04580249241658047	0.054343195615904956	0.0515	0.04733773902129087	0.0560067201712657	0.44505	0.4381735349243542	0.45194757061369417	0.4495	0.44261614218646145	0.4564032541678869	1.5061383505259678	1.5005852469922942	0.9939590831978835
+I+R4	20.0	1000	legacy_counterfactual	10000	10000	20000	0.04787758698583448	0.2829243051642527	0.06553875125834359	0.06242363752472893	6.857729825450492	5.338298309998987	5.351868874918999	0.9282310806006372	1.0	0.9996159875222334	0.9999999999999999	0.0505	0.046378070820086464	0.05496715639742565	1.0	0.9998079568876411	1.0	0.63365	0.6269474254069692	0.6403012414690973	7.159408733116877	7.163796838707254	0.8995210791871002
+I+R4	20.0	1000	refined_invariant_null	10000	10000	20000	1.3877787807814457e-17	0.3690703181163602	0.024999467266554963	0.06773632567946886	1.665064706627999	-0.00036475514444070785	-0.010503883194839525	1.0076837554453348	0.0494	0.04532297376687862	0.05382309827808457	0.0482	0.0441726219961739	0.05257437167873594	0.69025	0.6838055701869215	0.696621357408826	0.68375	0.677270500126376	0.6901589240298319	2.1341405622232794	2.1388838356371274	0.9868797736219527
+I+R4	20.0	5000	legacy_counterfactual	10000	10000	20000	0.04787758698583448	0.2829243051642527	0.06553875125834359	0.06242363752472893	13.458956106538821	11.965261678637095	11.96527448868207	0.9235187652665603	1.0	0.9996159875222334	0.9999999999999999	0.0534	0.049162345412768274	0.05798065453237279	1.0	0.9998079568876411	1.0	0.99755	0.9967627243729275	0.9981461735259644	16.035383454245395	16.048869811588176	0.9069464416556179
+I+R4	20.0	5000	refined_invariant_null	10000	10000	20000	1.3877787807814457e-17	0.3690703181163602	0.024999467266554963	0.06773632567946886	1.640926551442992	0.0004102333020088814	0.010999603720424831	1.0021796031257557	0.0487	0.0446518496699761	0.05309475999245596	0.0492	0.04513119981406986	0.05361502583588445	0.9993	0.9988252587880254	0.9995829669599728	0.9993	0.9988252587880254	0.9995829669599728	4.775261425368713	4.780430380308541	0.9942685905699787
+I+R4	20.0	10000	legacy_counterfactual	10000	10000	20000	0.04787758698583448	0.2829243051642527	0.06553875125834359	0.06242363752472893	18.44127629249738	16.910588558119706	16.911652542444624	0.9263410287555132	1.0	0.9996159875222334	0.9999999999999999	0.0472	0.043214541342019595	0.051533220357845765	1.0	0.9998079568876411	1.0	1.0	0.9998079568876411	1.0	22.673975277219363	22.674267213708305	0.9114819299826925
+I+R4	20.0	10000	refined_invariant_null	10000	10000	20000	1.3877787807814457e-17	0.3690703181163602	0.024999467266554963	0.06773632567946886	1.658592102687606	-0.010827159963147289	-0.008239933681647767	1.0035594295553816	0.0485	0.044460143803757124	0.052886619463666046	0.0477	0.04369351860154453	0.05205385908584307	1.0	0.9998079568876411	1.0	1.0	0.9998079568876411	1.0	6.748373527749108	6.737030329505158	0.9971829367782178
+I+R4	22.5	100	legacy_counterfactual	10000	10000	20000	0.04503049314215665	0.26595529964865494	0.05786811205470145	0.04826983680905839	3.169826850444515	1.653039010687606	1.6686986976834057	0.9284492550254274	0.5099	0.5001000001960008	0.5196923963569395	0.0485	0.044460143803757124	0.052886619463666046	0.69785	0.6914484544253447	0.7041755541150947	0.1184	0.11399543739440979	0.12295112990894264	2.1010120595734865	2.1217093662179525	0.9184417032478199
+I+R4	22.5	100	refined_invariant_null	10000	10000	20000	-6.938893903907228e-18	0.36166755819259094	0.019422077744020563	0.05370146507218144	1.672852719920628	-0.0038822210934134132	-0.00809396126020655	1.0034550616376015	0.0513	0.04714576877535386	0.05579884402219381	0.0477	0.04369351860154453	0.05205385908584307	0.13055	0.12595155921011209	0.13529034144560997	0.1246	0.12009472811449491	0.12924945785426425	0.5288123120083308	0.5317683526842714	1.0055006755286315
+I+R4	22.5	500	legacy_counterfactual	10000	10000	20000	0.04503049314215665	0.26595529964865494	0.05786811205470145	0.04826983680905839	5.282075590070761	3.768043264397871	3.767966657578726	0.9138479965660802	0.9891	0.9868688028733781	0.9909555561208705	0.0473	0.04331032661240665	0.05163735828496317	0.99965	0.9992776423311108	0.999830448986709	0.2862	0.2799773467589594	0.2925047708758854	4.763096994491399	4.771513803395035	0.9090142943612902
+I+R4	22.5	500	refined_invariant_null	10000	10000	20000	-6.938893903907228e-18	0.36166755819259094	0.019422077744020563	0.05370146507218144	1.6570076552740718	-0.0008628443004847241	-0.0006122544216378812	0.9943889737082767	0.0479	0.04388514492818972	0.052262079154206775	0.0468	0.042831451629961645	0.05111661727988594	0.3242	0.3177471054451157	0.3307204169131898	0.3192	0.3127745081241937	0.32569493466523536	1.1922575901235564	1.1803448964805217	0.9954620790482912
+I+R4	22.5	1000	legacy_counterfactual	10000	10000	20000	0.04503049314215665	0.26595529964865494	0.05786811205470145	0.04826983680905839	6.88206269585876	5.346897022111618	5.346599103871865	0.9302853415316275	1.0	0.9996159875222334	0.9999999999999999	0.0495	0.04541886795081369	0.053927127291653956	1.0	0.9998079568876411	1.0	0.44865	0.44176751118058366	0.4555522116470557	6.75347370906834	6.754652768585589	0.9177169350753371
+I+R4	22.5	1000	refined_invariant_null	10000	10000	20000	-6.938893903907228e-18	0.36166755819259094	0.019422077744020563	0.05370146507218144	1.6383882878835125	-0.004648061234944479	-0.011874837216891405	1.0135186935577807	0.0531	0.04887414443556876	0.05766908591705896	0.054	0.04973886314439657	0.05860367598577117	0.51955	0.5126225620846125	0.5264699290296941	0.52195	0.515023482362737	0.5288680869446306	1.6971487822372222	1.6960932738491867	1.0044202935186515
+I+R4	22.5	5000	legacy_counterfactual	10000	10000	20000	0.04503049314215665	0.26595529964865494	0.05786811205470145	0.04826983680905839	13.475492684225967	11.971233590784713	11.97364279072492	0.9136803099263502	1.0	0.9996159875222334	0.9999999999999999	0.0487	0.0446518496699761	0.05309475999245596	1.0	0.9998079568876411	1.0	0.9646	0.9619484289763534	0.9670731245636428	15.124488752399495	15.124998512750782	0.9170185522149169
+I+R4	22.5	5000	refined_invariant_null	10000	10000	20000	-6.938893903907228e-18	0.36166755819259094	0.019422077744020563	0.05370146507218144	1.6011164335662953	-0.0017727526756030748	0.0016079762548970155	0.9968692312092434	0.0487	0.0446518496699761	0.05309475999245596	0.0541	0.04983496430998401	0.058707498017688174	0.9839	0.9820604305536815	0.9855537101221774	0.9851	0.9833253269693313	0.986688352803058	3.7990223140007418	3.7990279691698676	1.0056733857178
+I+R4	22.5	10000	legacy_counterfactual	10000	10000	20000	0.04503049314215665	0.26595529964865494	0.05786811205470145	0.04826983680905839	18.418873418002953	16.924051079995255	16.916923190607278	0.9083165229443183	1.0	0.9996159875222334	0.9999999999999999	0.0517	0.04752972736860386	0.05621457821896162	1.0	0.9998079568876411	1.0	0.99955	0.9991448981407234	0.999763231585719	21.38785342383814	21.389027207035653	0.9137779267451841
+I+R4	22.5	10000	refined_invariant_null	10000	10000	20000	-6.938893903907228e-18	0.36166755819259094	0.019422077744020563	0.05370146507218144	1.6325593179507027	-0.0023402310919438817	-0.009919708977608086	0.989233833768008	0.049	0.04493944517385872	0.05340693408108669	0.0499	0.04580249241658047	0.054343195615904956	0.99995	0.9997168021471904	0.9999911739447619	0.99995	0.9997168021471904	0.9999911739447619	5.359625599510579	5.358364691686452	1.0060654449925037
+I+R4	25.0	100	legacy_counterfactual	10000	10000	20000	0.04285533866282408	0.2529632104063878	0.052307279974370124	0.0373648851797912	3.113309951369656	1.6530894410225307	1.6740628883023514	0.9390369334188917	0.5119	0.5021000864434975	0.5216907740595318	0.0553	0.05098850442475616	0.05995303627296939	0.65695	0.6503410268323253	0.6634986908347054	0.11005	0.10578736280300811	0.11446241162032068	1.9978432861920685	2.0094367374472526	0.9249943021439204
+I+R4	25.0	100	refined_invariant_null	10000	10000	20000	-6.938893903907228e-18	0.3558267870045426	0.015209604561328985	0.04274440575249558	1.6425087503419524	-0.004400049810168596	-0.0033200366569538665	1.0231834395569401	0.0561	0.051757859702474	0.06078306657528712	0.0563	0.05195023882869998	0.060990533844070036	0.11185	0.10755612785357971	0.11629295521454461	0.1122	0.10790009623560204	0.1166488524023436	0.42107574687383986	0.4144155798842616	1.0097011019649487
+I+R4	25.0	500	legacy_counterfactual	10000	10000	20000	0.04285533866282408	0.2529632104063878	0.052307279974370124	0.0373648851797912	5.2755002206087545	3.7697888834379163	3.7602550075779133	0.9305893427391742	0.9881	0.9857793731954534	0.9900457538237508	0.054	0.04973886314439657	0.05860367598577117	0.9992	0.998700768420175	0.9995074957364458	0.2119	0.20629194067290274	0.2176187145684385	4.542894722403161	4.5510093533123985	0.9061901376594709
+I+R4	25.0	500	refined_invariant_null	10000	10000	20000	-6.938893903907228e-18	0.3558267870045426	0.015209604561328985	0.04274440575249558	1.6707523702038245	-0.010979454374490936	-0.017275907195429686	1.0076103736659348	0.0508	0.046665923012702865	0.05527907379732258	0.0476	0.043597712998593996	0.05194974149128917	0.24135	0.2354696133287636	0.24732973057325974	0.2334	0.227589131853388	0.23931326553412183	0.952712740600155	0.9572200110084312	0.9955442800771933
+I+R4	25.0	1000	legacy_counterfactual	10000	10000	20000	0.04285533866282408	0.2529632104063878	0.052307279974370124	0.0373648851797912	6.855892115517387	5.335562378311544	5.35085805147674	0.9211883660030153	1.0	0.9996159875222334	0.9999999999999999	0.0474	0.043406116988828625	0.05174149110604563	1.0	0.9998079568876411	1.0	0.3251	0.3186422629334058	0.3316249137472974	6.436821387667573	6.443237243543779	0.9111216623152342
+I+R4	25.0	1000	refined_invariant_null	10000	10000	20000	-6.938893903907228e-18	0.3558267870045426	0.015209604561328985	0.04274440575249558	1.6589427246757475	-0.01241455502177714	-0.01918422261136842	1.0064060404103838	0.0486	0.044555994280372054	0.052990692184555564	0.0469	0.04292721632143491	0.051220775785917105	0.38125	0.3745420406599195	0.38800356957926585	0.3751	0.3684146286183514	0.381833343751116	1.3468174229121943	1.34133629404844	0.997553848727797
+I+R4	25.0	5000	legacy_counterfactual	10000	10000	20000	0.04285533866282408	0.2529632104063878	0.052307279974370124	0.0373648851797912	13.477639851515082	11.967547942429777	11.969143037452548	0.9193136876141321	1.0	0.9996159875222334	0.9999999999999999	0.0487	0.0446518496699761	0.05309475999245596	1.0	0.9998079568876411	1.0	0.8503	0.8452880659236156	0.8551773886718655	14.416959650795642	14.414185221256883	0.9124227906054069
+I+R4	25.0	5000	refined_invariant_null	10000	10000	20000	-6.938893903907228e-18	0.3558267870045426	0.015209604561328985	0.04274440575249558	1.6332269344440304	-0.01570374265018528	-0.01495904577494674	1.0018021354497648	0.047	0.043022986181015854	0.051324929123840624	0.048	0.043980965621961486	0.05236618165793946	0.91625	0.9123304008269219	0.9200097232820393	0.9179	0.9140146524058571	0.9216248379608335	3.0191002988514497	3.012203219102286	0.9976427748960203
+I+R4	25.0	10000	legacy_counterfactual	10000	10000	20000	0.04285533866282408	0.2529632104063878	0.052307279974370124	0.0373648851797912	18.436422386772307	16.94885386648025	16.956329543603935	0.9233735382507496	1.0	0.9996159875222334	0.9999999999999999	0.0513	0.04714576877535386	0.05579884402219381	1.0	0.9998079568876411	1.0	0.98445	0.9826398481028874	0.9860740813255481	20.402383660581553	20.396761278589995	0.9127090546842682
+I+R4	25.0	10000	refined_invariant_null	10000	10000	20000	-6.938893903907228e-18	0.3558267870045426	0.015209604561328985	0.04274440575249558	1.6264244437019901	0.008046481829163656	0.01593557266972639	1.0036231895841863	0.0495	0.04541886795081369	0.053927127291653956	0.0517	0.04752972736860386	0.05621457821896162	0.9959	0.9949141379157396	0.9966953937254228	0.99615	0.9951912375730184	0.9969181980465879	4.274700032174764	4.267375525252905	0.9990646484222636
+I+R4	30.0	100	legacy_counterfactual	10000	10000	20000	0.039907818355809296	0.23533617232225648	0.04519702332467758	0.02247510408907958	3.144920748295735	1.6670014892826843	1.681771249196411	0.9329004755965297	0.5141	0.5043003624718042	0.5238888083763228	0.0536	0.04935450091318603	0.05818834542696393	0.6107	0.6039216823222994	0.6174357993326244	0.08355	0.07979448138939829	0.08746547131888552	1.8864864159214223	1.899937117322266	0.9280198039405392
+I+R4	30.0	100	refined_invariant_null	10000	10000	20000	6.938893903907228e-17	0.3477173987832117	0.009506521127507883	0.027339791338525345	1.6494232124628911	0.007812441962119861	0.010312930987387135	1.0145028948936086	0.0542	0.04993106969653226	0.05881131582864438	0.0535	0.04925842101899795	0.05808450212364755	0.08905	0.08518116323701792	0.09307667699702994	0.0886	0.08474025914194618	0.09261775393090281	0.29302806478651694	0.28175721284966754	1.0133080362391969
+I+R4	30.0	500	legacy_counterfactual	10000	10000	20000	0.039907818355809296	0.23533617232225648	0.04519702332467758	0.02247510408907958	5.257269105048504	3.7712604063591906	3.7812654611912397	0.9218847556135324	0.9874	0.9850190631554693	0.9894066014812039	0.0513	0.04714576877535386	0.05579884402219381	0.997	0.9961406758009883	0.997668433345327	0.13	0.12541003407262244	0.13473207783052324	4.238831458960445	4.2462932851640405	0.91651295744854
+I+R4	30.0	500	refined_invariant_null	10000	10000	20000	6.938893903907228e-17	0.3477173987832117	0.009506521127507883	0.027339791338525345	1.645476084338481	0.0021507395040800403	0.0012504910571498862	1.0044448683017313	0.0486	0.044555994280372054	0.052990692184555564	0.0486	0.044555994280372054	0.052990692184555564	0.1514	0.14649927026641257	0.1564346221915241	0.15135	0.14644995365156957	0.15638395801067836	0.6110181009971419	0.6094713755705325	1.0098895646634733
+I+R4	30.0	1000	legacy_counterfactual	10000	10000	20000	0.039907818355809296	0.23533617232225648	0.04519702332467758	0.02247510408907958	6.865416385349294	5.361033379517603	5.364565863136746	0.9117998669141892	1.0	0.9996159875222334	0.9999999999999999	0.0478	0.043789329249743165	0.05215797163514888	1.0	0.9998079568876411	1.0	0.1773	0.17206894355188107	0.18265500107283544	6.010220764445878	6.0158821901376704	0.9155766701675306
+I+R4	30.0	1000	refined_invariant_null	10000	10000	20000	6.938893903907228e-17	0.3477173987832117	0.009506521127507883	0.027339791338525345	1.6848693599961084	0.01164878021804459	0.01799716330055369	0.9900069532584117	0.0502	0.046090260502975426	0.054655197122023345	0.0468	0.042831451629961645	0.05111661727988594	0.2188	0.21312441398301857	0.2245835910633721	0.2068	0.20124340010338887	0.21246921397769847	0.8692247451889973	0.8715966446479524	1.0053814607477345
+I+R4	30.0	5000	legacy_counterfactual	10000	10000	20000	0.039907818355809296	0.23533617232225648	0.04519702332467758	0.02247510408907958	13.469774924549519	11.985713347867232	11.994567122372398	0.9282318375362336	1.0	0.9996159875222334	0.9999999999999999	0.0539	0.04964276621080838	0.05849984972185492	1.0	0.9998079568876411	1.0	0.5006	0.4936709087338002	0.5075288608144651	13.473571441065753	13.471562647650295	0.9144176731195567
+I+R4	30.0	5000	refined_invariant_null	10000	10000	20000	6.938893903907228e-17	0.3477173987832117	0.009506521127507883	0.027339791338525345	1.6772547956231787	0.00208483228753083	0.00343814001161254	1.009285378867768	0.0537	0.04945058508403728	0.05829218445361711	0.0504	0.04628212937744861	0.054863174642559055	0.61675	0.609990099827757	0.6234650581055072	0.6047	0.5979044972677229	0.6114552889045491	1.942387502194036	1.94474564841964	1.002260998477929
+I+R4	30.0	10000	legacy_counterfactual	10000	10000	20000	0.039907818355809296	0.23533617232225648	0.04519702332467758	0.02247510408907958	18.48987215024502	16.96639408563969	16.963107287122305	0.912454677906646	1.0	0.9996159875222334	0.9999999999999999	0.0468	0.042831451629961645	0.05111661727988594	1.0	0.9998079568876411	1.0	0.7249	0.7186681827609526	0.7310454362471083	19.043072371831364	19.0415418434386	0.9163945770800218
+I+R4	30.0	10000	refined_invariant_null	10000	10000	20000	6.938893903907228e-17	0.3477173987832117	0.009506521127507883	0.027339791338525345	1.658418024625342	0.006187503873821707	0.010175088604357532	0.9925791108544189	0.0492	0.04513119981406986	0.05361502583588445	0.0481	0.044076791316212685	0.05247027916119269	0.8646	0.8597879579943422	0.8692720041681259	0.8617	0.8568460631215443	0.8664150128909752	2.7342831462029418	2.718439200484463	1.0011760548868263
+I+R4	35.0	100	legacy_counterfactual	10000	10000	20000	0.03815806097053204	0.22488464534050617	0.04121883884918742	0.013610435136738428	3.1627864990559558	1.6540686716780606	1.680848280730191	0.9263933823987853	0.5166	0.5068009065876098	0.5263863441981282	0.045	0.041108589268659346	0.049240862086108186	0.569	0.5621240501086302	0.5758494479418641	0.06555	0.062202658323062016	0.06906420793726673	1.7876293098535108	1.8038372221762007	0.9259277428129771
+I+R4	35.0	100	refined_invariant_null	10000	10000	20000	-2.0816681711721685e-17	0.3429642935596938	0.006053335116560331	0.017650044713785205	1.729374274083931	0.004232310519538267	-0.007666960795108267	1.0132183028351232	0.0508	0.046665923012702865	0.05527907379732258	0.0421	0.0383366493939983	0.04621502923314028	0.07425	0.07069759938485093	0.07796592532532276	0.06315	0.05986214260364953	0.06660564546361851	0.19063168641951897	0.1822743691876832	1.0102189334791856
+I+R4	35.0	500	legacy_counterfactual	10000	10000	20000	0.03815806097053204	0.22488464534050617	0.04121883884918742	0.013610435136738428	5.319449907714729	3.7631434308110676	3.775924139977064	0.9200888791007321	0.9879	0.9855619587069417	0.9898633219172537	0.0445	0.04063032737710732	0.04871950799013799	0.995	0.9939228739250262	0.9958870033937385	0.0859	0.08209548360766306	0.08986356649799268	4.057339510824345	4.068330610674694	0.9169297709576003
+I+R4	35.0	500	refined_invariant_null	10000	10000	20000	-2.0816681711721685e-17	0.3429642935596938	0.006053335116560331	0.017650044713785205	1.6328636517501582	-0.015108686302488681	-0.010722572958505924	1.0050303967749006	0.0474	0.043406116988828625	0.05174149110604563	0.0484	0.04436429825452712	0.052782541815391604	0.1068	0.102594691741673	0.11115633096188614	0.10915	0.10490311704106833	0.1135470030598627	0.4039053047702091	0.40213565638709825	0.9977485613373483
+I+R4	35.0	1000	legacy_counterfactual	10000	10000	20000	0.03815806097053204	0.22488464534050617	0.04121883884918742	0.013610435136738428	6.851193468295609	5.363510217083116	5.365338918004882	0.9285018357036671	0.9999	0.9994337165442557	0.999982347780473	0.0557	0.05137314965530505	0.060368083832438274	1.0	0.9998079568876411	1.0	0.11575	0.1113896714606476	0.12025791367120031	5.7591625329993255	5.753388822431853	0.9125004630927067
+I+R4	35.0	1000	refined_invariant_null	10000	10000	20000	-2.0816681711721685e-17	0.3429642935596938	0.006053335116560331	0.017650044713785205	1.6369043507064132	0.005149665994187875	0.008524270207896357	1.005177563675824	0.0526	0.048393896302291316	0.05714971806281418	0.0543	0.05002717929305323	0.05891512942962785	0.14105	0.13629485723062218	0.14594301051974035	0.1428	0.1380196443371136	0.14771755126235564	0.5682743154544906	0.5608263951582414	0.9999371821436739
+I+R4	35.0	5000	legacy_counterfactual	10000	10000	20000	0.03815806097053204	0.22488464534050617	0.04121883884918742	0.013610435136738428	13.503427376751345	11.996547828576862	11.996694862807395	0.920299707106038	1.0	0.9996159875222334	0.9999999999999999	0.0527	0.04848993719187213	0.057253600370737796	1.0	0.9998079568876411	1.0	0.2531	0.2471219566999535	0.2591728741889294	12.891556566878863	12.886431801324147	0.9163995890263215
+I+R4	35.0	5000	refined_invariant_null	10000	10000	20000	-2.0816681711721685e-17	0.3429642935596938	0.006053335116560331	0.017650044713785205	1.6336374381795513	0.016474369101189795	0.02234475590113972	0.9979566282164776	0.05	0.045898410397600495	0.05444720083238938	0.0513	0.04714576877535386	0.05579884402219381	0.3468	0.34023363858361	0.3534252034260169	0.3504	0.3438170999033951	0.35704035939582274	1.2514519766573284	1.2505199316242859	1.0023695182516905
+I+R4	35.0	10000	legacy_counterfactual	10000	10000	20000	0.03815806097053204	0.22488464534050617	0.04121883884918742	0.013610435136738428	18.47039238713456	16.957366981689795	16.95948272523451	0.9167644878932986	1.0	0.9996159875222334	0.9999999999999999	0.0509	0.04676188298859711	0.05538303701893278	1.0	0.9998079568876411	1.0	0.4015	0.3947256927387441	0.4083121397543908	18.239008418545527	18.240139126999857	0.9112866025832532
+I+R4	35.0	10000	refined_invariant_null	10000	10000	20000	-2.0816681711721685e-17	0.3429642935596938	0.006053335116560331	0.017650044713785205	1.6036828741298004	-0.006778348920339023	-0.01815535813943152	0.9932186244211995	0.0495	0.04541886795081369	0.053927127291653956	0.0538	0.049546673520308566	0.05839601921485028	0.5485	0.5415943730223706	0.5553869987957306	0.56465	0.5577667573502582	0.5715084114753138	1.766621636195144	1.768818888911373	1.007670407132491
+I+R4	40.0	100	legacy_counterfactual	10000	10000	20000	0.037107798910677656	0.2186342079812982	0.03892499928001672	0.008311601309409488	3.124389621210625	1.6386442860746182	1.6546561540319273	0.930731489815083	0.5039	0.494100682141984	0.5136963225606894	0.0527	0.04848993719187213	0.057253600370737796	0.55225	0.5453489143706635	0.559131017124095	0.06335	0.06005713366513713	0.06681057758488601	1.7435749221103929	1.7651330325124248	0.9277793389260878
+I+R4	40.0	100	refined_invariant_null	10000	10000	20000	6.938893903907228e-18	0.3403507412582187	0.0039019206477205887	0.011464410605647122	1.7282933002784595	0.007298484962368519	-0.0012817737002817715	1.0132989616119463	0.0545	0.0502194110723109	0.05912274404537908	0.0474	0.043406116988828625	0.05174149110604563	0.06875	0.06532538090628148	0.07234025627812818	0.0595	0.05630529005407051	0.06286389992791776	0.1328189208725176	0.124698316335324	1.0158307102487827
+I+R4	40.0	500	legacy_counterfactual	10000	10000	20000	0.037107798910677656	0.2186342079812982	0.03892499928001672	0.008311601309409488	5.2552355704838405	3.7882441510213436	3.7914618939188136	0.9265452280052098	0.9873	0.9849105904325444	0.9893151510066243	0.0515	0.04733773902129087	0.0560067201712657	0.9937	0.9925046254266013	0.9947057512042555	0.07905	0.0753908559838379	0.08287082511245714	3.9600677633957186	3.967027703455795	0.9188072993617379
+I+R4	40.0	500	refined_invariant_null	10000	10000	20000	6.938893903907228e-18	0.3403507412582187	0.0039019206477205887	0.011464410605647122	1.632047050008098	0.0011374350353662052	0.0003479655551183983	1.003226393508534	0.054	0.04973886314439657	0.05860367598577117	0.0555	0.05118081889687265	0.0601605681958618	0.08505	0.08126310419026464	0.0889962723886821	0.08695	0.08312387377914003	0.09093477303597973	0.26640444450300665	0.2591511257453224	1.0029701909478261
+I+R4	40.0	1000	legacy_counterfactual	10000	10000	20000	0.037107798910677656	0.2186342079812982	0.03892499928001672	0.008311601309409488	6.826693204890778	5.369636688069216	5.379944823279002	0.9158127921559643	1.0	0.9996159875222334	0.9999999999999999	0.0529	0.048682032100011194	0.057461351857607645	0.99995	0.9997168021471904	0.9999911739447619	0.0897	0.08581807821879144	0.09373951235921037	5.588507996631576	5.596061818091144	0.9219476074388998
+I+R4	40.0	1000	refined_invariant_null	10000	10000	20000	6.938893903907228e-18	0.3403507412582187	0.0039019206477205887	0.011464410605647122	1.6606451873342105	0.011481775650661845	0.011969322599432987	1.001500704879902	0.0496	0.04551476692140481	0.05403115151856727	0.048	0.043980965621961486	0.05236618165793946	0.0984	0.09434874450612749	0.10260550452171927	0.09615	0.09214153705699503	0.10031357616485735	0.3610659617466751	0.3638368922431438	1.0026598794145114
+I+R4	40.0	5000	legacy_counterfactual	10000	10000	20000	0.037107798910677656	0.2186342079812982	0.03892499928001672	0.008311601309409488	13.491001216279255	11.996047986462688	11.994981100560377	0.9208267628413145	1.0	0.9996159875222334	0.9999999999999999	0.0517	0.04752972736860386	0.05621457821896162	1.0	0.9998079568876411	1.0	0.1494	0.14452675312680682	0.15440790750357933	12.547671281251848	12.55165608133932	0.9116229741680468
+I+R4	40.0	5000	refined_invariant_null	10000	10000	20000	6.938893903907228e-18	0.3403507412582187	0.0039019206477205887	0.011464410605647122	1.6013938849252787	-0.002183431860604405	0.0057378173258965355	1.0037723942668613	0.0496	0.04551476692140481	0.05403115151856727	0.0547	0.05041165956084741	0.059330341951851454	0.2038	0.19827430143146543	0.20943946490829604	0.21705	0.21139131625601976	0.2228173609412642	0.8243074585114145	0.8302088487389508	1.0023552824957198
+I+R4	40.0	10000	legacy_counterfactual	10000	10000	20000	0.037107798910677656	0.2186342079812982	0.03892499928001672	0.008311601309409488	18.463334930183716	16.972310451036467	16.96553240573166	0.9103090663129368	1.0	0.9996159875222334	0.9999999999999999	0.0514	0.04724175162942263	0.0559027843656295	1.0	0.9998079568876411	1.0	0.2184	0.2127282640799886	0.22417989460089202	17.743177030639853	17.742279351304695	0.9199651962493838
+I+R4	40.0	10000	refined_invariant_null	10000	10000	20000	6.938893903907228e-18	0.3403507412582187	0.0039019206477205887	0.011464410605647122	1.622646419910315	-0.0001498233756063062	0.004761517465601514	0.9860579841673903	0.0496	0.04551476692140481	0.05403115151856727	0.0521	0.04791375797210714	0.056630240405476116	0.3104	0.3040248197348978	0.31684800301330884	0.3176	0.31118345700717615	0.32408660032021247	1.1458337272916563	1.145760088523609	1.0122940082989698
+I+R4	45.0	100	legacy_counterfactual	10000	10000	20000	0.03647067692796391	0.2148605900211985	0.03757123172045791	0.005122180816805082	3.1501703120208493	1.6462563203113891	1.6693031638103037	0.9330349502296732	0.512	0.5022000948726412	0.5217906888278924	0.0479	0.04388514492818972	0.052262079154206775	0.53345	0.5265301152418984	0.5403570370738848	0.05525	0.05216816419563834	0.058502658152804976	1.696339072137212	1.721205309461149	0.9316445825269816
+I+R4	45.0	100	refined_invariant_null	10000	10000	20000	2.0816681711721685e-17	0.3390618658678148	0.00253460948407655	0.007475359924624084	1.6932586850198537	0.010453585096904632	0.00692233815715383	1.008571381887342	0.0529	0.048682032100011194	0.057461351857607645	0.048	0.043980965621961486	0.05236618165793946	0.0623	0.05903353842790848	0.06573457611265057	0.0572	0.05406575681277857	0.06050431656752654	0.0905816866071206	0.08079415401854387	1.0137942046449873
+I+R4	45.0	500	legacy_counterfactual	10000	10000	20000	0.03647067692796391	0.2148605900211985	0.03757123172045791	0.005122180816805082	5.266109817594922	3.7889337227782764	3.7906299400077503	0.9094843923671743	0.9898	0.9876339440040968	0.9915898773726831	0.0531	0.04887414443556876	0.05766908591705896	0.992	0.9906673784493643	0.9931436511280745	0.06465	0.061324807139660806	0.06814240479827018	3.8926236123132725	3.8931189483030195	0.9114574196254378
+I+R4	45.0	500	refined_invariant_null	10000	10000	20000	2.0816681711721685e-17	0.3390618658678148	0.00253460948407655	0.007475359924624084	1.6494950969720008	0.007863330719676603	0.007401765568135555	1.0017279106586132	0.0524	0.04820182771100209	0.056941940259094506	0.0522	0.048009776782719116	0.05673414479236859	0.07445	0.07089306602419956	0.07817038186872918	0.0737	0.0701601058256693	0.07740363013192798	0.1785896397484303	0.16752274539272982	1.0055995577552683
+I+R4	45.0	1000	legacy_counterfactual	10000	10000	20000	0.03647067692796391	0.2148605900211985	0.03757123172045791	0.005122180816805082	6.857943740522923	5.3445962179419615	5.345266845837922	0.9126615987518062	1.0	0.9996159875222334	0.9999999999999999	0.0493	0.04522708438335564	0.0537190644641031	0.99995	0.9997168021471904	0.9999911739447619	0.0702	0.06674109364256545	0.07382398661681835	5.515516834690601	5.5182210716612925	0.9189027481949542
+I+R4	45.0	1000	refined_invariant_null	10000	10000	20000	2.0816681711721685e-17	0.3390618658678148	0.00253460948407655	0.007475359924624084	1.6791326316644524	0.008177746115288667	0.013078528214356313	0.9925772584245985	0.0501	0.04599433309751598	0.054551201329978344	0.0473	0.04331032661240665	0.05163735828496317	0.0819	0.07817942127224659	0.08578116517830803	0.0764	0.07279926261467656	0.08016343631011397	0.2484354198377441	0.24788044875690188	1.0015614318013268
+I+R4	45.0	5000	legacy_counterfactual	10000	10000	20000	0.03647067692796391	0.2148605900211985	0.03757123172045791	0.005122180816805082	13.489918306179879	11.991289359407052	12.00120825543084	0.9174070852335734	1.0	0.9996159875222334	0.9999999999999999	0.0497	0.045610670664964575	0.054135170972511956	1.0	0.9998079568876411	1.0	0.1067	0.10249647514114912	0.11105458597103249	12.33982646599457	12.337532084534772	0.913782195874394
+I+R4	45.0	5000	refined_invariant_null	10000	10000	20000	2.0816681711721685e-17	0.3390618658678148	0.00253460948407655	0.007475359924624084	1.6340781381099547	-0.007984390442137869	2.6727523593049495e-05	0.986425847008948	0.0463	0.042352706247467634	0.05059574667485771	0.0476	0.043597712998593996	0.05194974149128917	0.1326	0.12797021122835245	0.13737090205060892	0.13505	0.13038323532288704	0.13985693694482382	0.53745962522121	0.5371464549915277	0.9943894390801761
+I+R4	45.0	10000	legacy_counterfactual	10000	10000	20000	0.03647067692796391	0.2148605900211985	0.03757123172045791	0.005122180816805082	18.471490563584574	16.978516644960422	16.984228014727933	0.9117148644416034	1.0	0.9996159875222334	0.9999999999999999	0.0508	0.046665923012702865	0.05527907379732258	1.0	0.9998079568876411	1.0	0.1334	0.12875807947585696	0.13818272653412464	17.44981778994618	17.451378568466737	0.916273062991733
+I+R4	45.0	10000	refined_invariant_null	10000	10000	20000	2.0816681711721685e-17	0.3390618658678148	0.00253460948407655	0.007475359924624084	1.636219787074753	0.00845917846763459	0.017872554920191346	0.9919346368852637	0.0493	0.04522708438335564	0.0537190644641031	0.0501	0.04599433309751598	0.054551201329978344	0.1875	0.18215074646909563	0.19296928047612877	0.1897	0.18432606093055823	0.1951931210249718	0.7464407323209896	0.741810176644534	1.0054917114047695
+I+R4	50.0	100	legacy_counterfactual	10000	10000	20000	0.036080300008428434	0.21255979056467084	0.03675733302764416	0.0031851415426086475	3.129502487127789	1.6438356237871994	1.6746365890967305	0.9472777506372688	0.5127	0.502900164856128	0.5224900812269369	0.0544	0.050123293088608876	0.05901893883157664	0.5296	0.522677484608658	0.5365111464390903	0.0575	0.054357788679369766	0.060812169475067936	1.6976767028093556	1.7194632828038854	0.9297234299966073
+I+R4	50.0	100	refined_invariant_null	10000	10000	20000	1.3877787807814457e-17	0.338566060100117	0.0016541242500134612	0.00488567651915348	1.698303053927941	0.023573783081319185	0.0038242782139190413	1.0239836480064124	0.0591	0.05464518728578141	0.0638934349171131	0.0541	0.04983496430998401	0.058707498017688174	0.06145	0.058205111336056735	0.06486332967779333	0.05535	0.052265450257890846	0.05860533368193	0.07111471839342891	0.05017302882385087	1.0097542323436126
+I+R4	50.0	500	legacy_counterfactual	10000	10000	20000	0.036080300008428434	0.21255979056467084	0.03675733302764416	0.0031851415426086475	5.263644692033708	3.7643876238497875	3.782204281063186	0.9147223370206107	0.9879	0.9855619587069417	0.9898633219172537	0.0508	0.046665923012702865	0.05527907379732258	0.98955	0.9880436405414414	0.9908683300472481	0.0546	0.05153587584634849	0.0578351961581409	3.8344991585451904	3.848023462884881	0.9158596381251489
+I+R4	50.0	500	refined_invariant_null	10000	10000	20000	1.3877787807814457e-17	0.338566060100117	0.0016541242500134612	0.00488567651915348	1.673926655989243	0.006604001257336597	-0.00577572898005763	0.9916960121329553	0.0487	0.0446518496699761	0.05309475999245596	0.0458	0.041874092462116604	0.05007474447268651	0.06345	0.06015463278989333	0.06691304005150733	0.05955	0.056353991195124985	0.06291517958255204	0.10389699018898696	0.10664041700566736	1.0014032116379874
+I+R4	50.0	1000	legacy_counterfactual	10000	10000	20000	0.036080300008428434	0.21255979056467084	0.03675733302764416	0.0031851415426086475	6.836657418530181	5.369528211460876	5.383489085947897	0.9204339980431684	0.9999	0.9994337165442557	0.999982347780473	0.0548	0.05050779004415104	0.05943413466605228	1.0	0.9998079568876411	1.0	0.06015	0.05693845558239957	0.06353048474354263	5.446537522245985	5.457269255706379	0.9115671361044533
+I+R4	50.0	1000	refined_invariant_null	10000	10000	20000	1.3877787807814457e-17	0.338566060100117	0.0016541242500134612	0.00488567651915348	1.6636911357938646	0.008866934651769317	0.0028622823181917046	1.0044723196487881	0.0513	0.04714576877535386	0.05579884402219381	0.0492	0.04513119981406986	0.05361502583588445	0.07035	0.06688757180546616	0.07397745084098394	0.06755	0.06415409572695673	0.07111200236092256	0.1592260685945438	0.1456009170004133	0.9955455009608083
+I+R4	50.0	5000	legacy_counterfactual	10000	10000	20000	0.036080300008428434	0.21255979056467084	0.03675733302764416	0.0031851415426086475	13.48623968598223	11.991041120005875	11.98544409153456	0.9053989228478835	1.0	0.9996159875222334	0.9999999999999999	0.0478	0.043789329249743165	0.05215797163514888	1.0	0.9998079568876411	1.0	0.0825	0.07876666362973567	0.08639369236908412	12.210791312450961	12.204234933446518	0.9218350065479954
+I+R4	50.0	5000	refined_invariant_null	10000	10000	20000	1.3877787807814457e-17	0.338566060100117	0.0016541242500134612	0.00488567651915348	1.6278005243095959	-0.009999066546514212	-0.01128244890549706	0.9838442528679249	0.0468	0.042831451629961645	0.05111661727988594	0.0485	0.044460143803757124	0.052886619463666046	0.09985	0.09577151983876815	0.10408217226405277	0.10325	0.09910873307083991	0.10754365313881696	0.3496746277224908	0.34653951186113	1.0030919185820844
+I+R4	50.0	10000	legacy_counterfactual	10000	10000	20000	0.036080300008428434	0.21255979056467084	0.03675733302764416	0.0031851415426086475	18.485633107887047	16.975358083101973	16.971582114200316	0.9193439700193186	1.0	0.9996159875222334	0.9999999999999999	0.0499	0.04580249241658047	0.054343195615904956	1.0	0.9998079568876411	1.0	0.0901	0.0862100570960805	0.09414737984743142	17.260470621671235	17.265004131041557	0.9235419342102685
+I+R4	50.0	10000	refined_invariant_null	10000	10000	20000	1.3877787807814457e-17	0.338566060100117	0.0016541242500134612	0.00488567651915348	1.647651763931892	0.0034302695483038946	0.0035036264742399487	1.0003916364335839	0.0492	0.04513119981406986	0.05361502583588445	0.0488	0.0447477099582466	0.05319882290168992	0.12715	0.12260439370127377	0.13183881284761237	0.12655	0.12201382877809597	0.13122960822252494	0.48609257505643994	0.4778440103888056	1.0091665354292783
+I+R4	60.0	100	legacy_counterfactual	10000	10000	20000	0.03568835395384628	0.21026356086368003	0.035953600799563334	0.0012614969737387016	3.160438193614405	1.6556328620164178	1.6703279860071891	0.9329497828873419	0.5114	0.5016000501792758	0.5211911943362312	0.0466	0.04263993781431584	0.050908284700522846	0.52265	0.5157237809259316	0.5295675195210785	0.0515	0.048522099262177716	0.054650163409608286	1.6766558387287405	1.6967420099867123	0.9335246457677113
+I+R4	60.0	100	refined_invariant_null	10000	10000	20000	6.938893903907228e-18	0.3387268112156248	0.0007093109992574939	0.002094050354950963	1.7020784259109107	0.004746655728209795	-0.00807598578085338	1.0046903271825336	0.0486	0.044555994280372054	0.052990692184555564	0.044	0.04015220473594388	0.04819801464377919	0.0569	0.053773749813213055	0.060196438792959474	0.05105	0.04808486553832038	0.054187569972266744	0.040949099158680655	0.030378495516076427	1.0119547851013029
+I+R4	60.0	500	legacy_counterfactual	10000	10000	20000	0.03568835395384628	0.21026356086368003	0.035953600799563334	0.0012614969737387016	5.257882621741441	3.7932115774719204	3.7961558317248527	0.9269138340652029	0.9882	0.9858881371552632	0.9901369130614455	0.0574	0.05300860721576192	0.06213132062955701	0.98895	0.9874043965008802	0.990307804539544	0.054	0.050952335654375056	0.05721896680184915	3.7977423808220476	3.806498370611025	0.9189525345419011
+I+R4	60.0	500	refined_invariant_null	10000	10000	20000	6.938893903907228e-18	0.3387268112156248	0.0007093109992574939	0.002094050354950963	1.6462269374133391	0.018478821097006812	0.008302054119669935	1.018476639640806	0.0571	0.05271991415498993	0.061820244097815655	0.0569	0.05252747165779676	0.06161284019999993	0.0568	0.053676419704568316	0.0600938073102267	0.05665	0.053530429775805154	0.05993985485192355	0.045775094260027654	0.04041672605900962	1.0054684582598505
+I+R4	60.0	1000	legacy_counterfactual	10000	10000	20000	0.03568835395384628	0.21026356086368003	0.035953600799563334	0.0012614969737387016	6.868769862283866	5.357625318465692	5.368904878311744	0.9268362482438606	1.0	0.9996159875222334	0.9999999999999999	0.0484	0.04436429825452712	0.052782541815391604	1.0	0.9998079568876411	1.0	0.04885	0.045948240047408814	0.05192504045287269	5.38924641955076	5.4006124179649255	0.9135073101963779
+I+R4	60.0	1000	refined_invariant_null	10000	10000	20000	6.938893903907228e-18	0.3387268112156248	0.0007093109992574939	0.002094050354950963	1.6585674875753043	0.01593066002798781	0.010999875160175074	1.0048625339617765	0.052	0.04781774361324294	0.05652633156683587	0.0503	0.04618619260069309	0.05475918822181011	0.05515	0.052070881034793084	0.058399979722272705	0.05395	0.05090371215146259	0.057167609509072854	0.06100789254798766	0.058898202620149526	0.9893921846743025
+I+R4	60.0	5000	legacy_counterfactual	10000	10000	20000	0.03568835395384628	0.21026356086368003	0.035953600799563334	0.0012614969737387016	13.491462923850632	11.986005660477408	11.980535647378456	0.9213081799485962	1.0	0.9996159875222334	0.9999999999999999	0.0509	0.04676188298859711	0.05538303701893278	1.0	0.9998079568876411	1.0	0.0596	0.05640269298891405	0.06296645858445174	12.077432759247703	12.083032478710173	0.9102261140954419
+I+R4	60.0	5000	refined_invariant_null	10000	10000	20000	6.938893903907228e-18	0.3387268112156248	0.0007093109992574939	0.002094050354950963	1.6486483079944885	-0.00817598643827238	-0.006425617314153389	1.0049206362737575	0.0494	0.04532297376687862	0.05382309827808457	0.0491	0.045035320072915955	0.05351098237953389	0.0663	0.06293434238402712	0.06983223581163309	0.0658	0.062446538842585136	0.06932023139618743	0.14967456999162276	0.14863020756262493	0.9951599749800781
+I+R4	60.0	10000	legacy_counterfactual	10000	10000	20000	0.03568835395384628	0.21026356086368003	0.035953600799563334	0.0012614969737387016	18.434765569177696	16.951787686762568	16.9629064706263	0.9255935124442977	1.0	0.9996159875222334	0.9999999999999999	0.054	0.04973886314439657	0.05860367598577117	1.0	0.9998079568876411	1.0	0.07135	0.06786421121934375	0.07500042734088161	17.09643694034858	17.098142816485968	0.9132811974682843
+I+R4	60.0	10000	refined_invariant_null	10000	10000	20000	6.938893903907228e-18	0.3387268112156248	0.0007093109992574939	0.002094050354950963	1.625657517426744	0.01147385416208815	-0.0027056870566239135	1.0001622501423464	0.0519	0.047721733718244265	0.056422418264330094	0.0539	0.04964276621080838	0.05849984972185492	0.0738	0.07025782757903322	0.07750586996994162	0.07625	0.07265260685953735	0.08001014967818691	0.2166055602242688	0.2207632438017721	0.9949697466675987
+I+R4	75.0	100	legacy_counterfactual	10000	10000	20000	0.03549593131792898	0.20914435493556466	0.035564724035219555	0.0003289245713171011	3.1761881272726407	1.648744284396808	1.658116788854028	0.9276306171309174	0.5058	0.49600031355585256	0.5155952318994054	0.0448	0.04091726794428552	0.04903233701547313	0.50895	0.5020204101190271	0.5158761523092616	0.0469	0.04405580788664182	0.04991822158177789	1.6471416766739588	1.6664650052487944	0.9356118359709538
+I+R4	75.0	100	refined_invariant_null	10000	10000	20000	2.42861286636753e-17	0.33975638550214843	0.00020010465397268112	0.0005889651012059978	1.6724155224540218	0.015358263305300868	0.0024713367727488486	1.013880318035637	0.0559	0.05156549661771045	0.060575583265041776	0.0536	0.04935450091318603	0.05818834542696393	0.05655	0.05343310665622247	0.05983721638012872	0.0538	0.050757846147584204	0.05701353312588496	0.010051690441733896	-0.001674815096104894	1.01871780048764
+I+R4	75.0	500	legacy_counterfactual	10000	10000	20000	0.03549593131792898	0.20914435493556466	0.035564724035219555	0.0003289245713171011	5.242616688934879	3.7833882402275836	3.801807501751156	0.9188779134450781	0.9871	0.9846937480997071	0.9891321469444525	0.0538	0.049546673520308566	0.05839601921485028	0.988	0.9863944476449075	0.9894181182774303	0.05415	0.05109821065423281	0.05737303418905769	3.786811170035133	3.8000334889790928	0.9186579808669711
+I+R4	75.0	500	refined_invariant_null	10000	10000	20000	2.42861286636753e-17	0.33975638550214843	0.00020010465397268112	0.0005889651012059978	1.651673734045364	-0.003151653803454159	-0.013845355567953074	1.0028257974518178	0.0502	0.046090260502975426	0.054655197122023345	0.0496	0.04551476692140481	0.05403115151856727	0.05355	0.05051475121660402	0.05675672407842132	0.0531	0.05007722818505841	0.056294419948768055	0.020524370124876283	0.015760975226958032	0.9965313302684211
+I+R4	75.0	1000	legacy_counterfactual	10000	10000	20000	0.03549593131792898	0.20914435493556466	0.035564724035219555	0.0003289245713171011	6.851656631399813	5.358714967828951	5.361118328668251	0.9174492911032829	0.9998	0.9992709889064336	0.9999451522207908	0.0498	0.04570657916787368	0.0542391856671073	1.0	0.9998079568876411	1.0	0.05285	0.049834186638482644	0.0560375575169	5.377602059584626	5.380125479547139	0.9191333530989096
+I+R4	75.0	1000	refined_invariant_null	10000	10000	20000	2.42861286636753e-17	0.33975638550214843	0.00020010465397268112	0.0005889651012059978	1.701389534019734	0.009920775003699606	0.0052140803862264756	0.9950277218784882	0.0505	0.046378070820086464	0.05496715639742565	0.0452	0.0412999325201009	0.04944936522967553	0.05365	0.050611986921720885	0.056859449964681986	0.0475	0.044637950188781035	0.050535848827903844	0.037223173448595194	0.02902890887193106	0.9947949024411479
+I+R4	75.0	5000	legacy_counterfactual	10000	10000	20000	0.03549593131792898	0.20914435493556466	0.035564724035219555	0.0003289245713171011	13.483330523307805	11.98942019308017	11.999224436872424	0.9119062700120047	1.0	0.9996159875222334	0.9999999999999999	0.0481	0.044076791316212685	0.05247027916119269	1.0	0.9998079568876411	1.0	0.05555	0.052460031057078235	0.05881067606549767	12.01458585590025	12.017392849525718	0.9210609581796405
+I+R4	75.0	5000	refined_invariant_null	10000	10000	20000	2.42861286636753e-17	0.33975638550214843	0.00020010465397268112	0.0005889651012059978	1.647567660951218	-0.01289546639673358	-0.017367210033519584	1.0001781633512417	0.0488	0.0447477099582466	0.05319882290168992	0.0487	0.0446518496699761	0.05309475999245596	0.051	0.04803628805440808	0.05413616666049028	0.0508	0.04784198625315666	0.05393054527898664	0.030638137834498844	0.029813032803015768	1.0012020391884755
+I+R4	75.0	10000	legacy_counterfactual	10000	10000	20000	0.03549593131792898	0.20914435493556466	0.035564724035219555	0.0003289245713171011	18.480989810746877	16.959498495324905	16.962888110385023	0.931680388952028	1.0	0.9996159875222334	0.9999999999999999	0.0507	0.04656996765070889	0.05517510596181212	1.0	0.9998079568876411	1.0	0.0546	0.05153587584634849	0.0578351961581409	17.00336864030532	17.007567638847654	0.9195871504918313
+I+R4	75.0	10000	refined_invariant_null	10000	10000	20000	2.42861286636753e-17	0.33975638550214843	0.00020010465397268112	0.0005889651012059978	1.6483367849816617	-0.0001961698655020953	0.0029212039694962782	1.0020806744269721	0.0522	0.048009776782719116	0.05673414479236859	0.0519	0.047721733718244265	0.056422418264330094	0.0568	0.053676419704568316	0.0600938073102267	0.0565	0.05338444614892352	0.059785896091738906	0.0600845538255064	0.05750205641839264	1.0033290970372932
+I+R4	100.0	100	legacy_counterfactual	10000	10000	20000	0.03543528719405914	0.2087935680938872	0.0354430999480119	3.741855663505949e-05	3.1308816435864424	1.6423795311202383	1.6595930609092653	0.9370311462751084	0.5061	0.49630026828876117	0.51589504675901	0.0502	0.046090260502975426	0.054655197122023345	0.511	0.5040705831917754	0.5179251918597526	0.0523	0.04929956338431788	0.05547239201848835	1.6468866949363044	1.6696632283454402	0.9387897440785509
+I+R4	100.0	100	refined_invariant_null	10000	10000	20000	1.3877787807814457e-17	0.3410424298385817	2.4220293764781742e-05	7.101841778523434e-05	1.676108175978128	-0.005462450963150021	-0.009976177030917955	1.0088032249230834	0.0523	0.048105800033018536	0.056838044739573615	0.0487	0.0446518496699761	0.05309475999245596	0.05375	0.05070922565119721	0.056962172826583175	0.05035	0.04740485509787687	0.053467849273067566	0.01569352855675593	0.008689037875692284	1.012030376478755
+I+R4	100.0	500	legacy_counterfactual	10000	10000	20000	0.03543528719405914	0.2087935680938872	0.0354430999480119	3.741855663505949e-05	5.264163947864415	3.784832882815758	3.797380754047931	0.916747695953969	0.9855	0.9829636254634095	0.9876634984206791	0.0498	0.04570657916787368	0.0542391856671073	0.98695	0.9852809839485583	0.9884319852643153	0.05335	0.050320288911435064	0.05655126320083522	3.77746789833432	3.7862445061508843	0.9248462095493788
+I+R4	100.0	500	refined_invariant_null	10000	10000	20000	1.3877787807814457e-17	0.3410424298385817	2.4220293764781742e-05	7.101841778523434e-05	1.6450800970334916	-0.0032345469534876864	-0.00826315476468146	1.0006419343499184	0.0511	0.046953816730797814	0.055590949671740976	0.051	0.0468578475655539	0.055486995639480424	0.0516	0.0486192711530362	0.05475295311012733	0.0516	0.0486192711530362	0.05475295311012733	0.003625457405987465	-0.0034422455521056034	1.0075271671245565
+I+R4	100.0	1000	legacy_counterfactual	10000	10000	20000	0.03543528719405914	0.2087935680938872	0.0354430999480119	3.741855663505949e-05	6.84526538926421	5.361444400823578	5.365128770193799	0.9169679979867198	1.0	0.9996159875222334	0.9999999999999999	0.0497	0.045610670664964575	0.054135170972511956	0.99995	0.9997168021471904	0.9999911739447619	0.0493	0.04638514447166302	0.052387963189817366	5.357031704052289	5.364424672036078	0.9164750523618758
+I+R4	100.0	1000	refined_invariant_null	10000	10000	20000	1.3877787807814457e-17	0.3410424298385817	2.4220293764781742e-05	7.101841778523434e-05	1.6575781653482513	0.003873212576984543	0.008662914884988214	1.0066188183519922	0.0499	0.04580249241658047	0.054343195615904956	0.0487	0.0446518496699761	0.05309475999245596	0.04935	0.04643369368591553	0.05243939477125362	0.0483	0.04541434083463298	0.05135915091307213	0.014479830192524372	0.018168046753564315	0.9973280784128857
+I+R4	100.0	5000	legacy_counterfactual	10000	10000	20000	0.03543528719405914	0.2087935680938872	0.0354430999480119	3.741855663505949e-05	13.507479209684242	11.987887960510067	12.000092292112083	0.9134205568717939	1.0	0.9996159875222334	0.9999999999999999	0.0455	0.04158698820856655	0.04976207913372322	1.0	0.9998079568876411	1.0	0.04735	0.044492402389769016	0.050381454239849584	11.98022429269972	11.982528981664668	0.914880306291352
+I+R4	100.0	5000	refined_invariant_null	10000	10000	20000	1.3877787807814457e-17	0.3410424298385817	2.4220293764781742e-05	7.101841778523434e-05	1.681706222731799	-0.017831338983565193	-0.004847156556211251	0.9974124287814919	0.0477	0.04369351860154453	0.05205385908584307	0.0435	0.0396742236093285	0.04767637978287234	0.05055	0.04759912738930259	0.05367350016439689	0.0466	0.04376478600106261	0.049609358693224526	-0.002685126443842129	-0.0008565802641699127	1.0012969172773003
+I+R4	100.0	10000	legacy_counterfactual	10000	10000	20000	0.03543528719405914	0.2087935680938872	0.0354430999480119	3.741855663505949e-05	18.46855002330386	16.95261765291677	16.944675276499172	0.9196805105059016	1.0	0.9996159875222334	0.9999999999999999	0.0483	0.0442684576471515	0.052678459225262785	1.0	0.9998079568876411	1.0	0.05085	0.04789056048104309	0.053981951846788986	16.970405792742387	16.98093028961353	0.9123920559869201
+I+R4	100.0	10000	refined_invariant_null	10000	10000	20000	1.3877787807814457e-17	0.3410424298385817	2.4220293764781742e-05	7.101841778523434e-05	1.6352013535042629	-0.031126963350387733	-0.031415904565491676	1.0066074841653019	0.046	0.042065522054552065	0.05028316127525995	0.0467	0.042735692122319625	0.05101245359002351	0.04875	0.0458511596421374	0.05182215926676659	0.0498	0.04687067476860048	0.052902240849767544	0.008197579285733897	0.001962652176511802	0.9925536651826161
+I+R4	150.0	100	legacy_counterfactual	10000	10000	20000	0.03542758921781475	0.2087491721381585	0.03542769909446214	5.26357284516481e-07	3.1158022122036138	1.6333665085497415	1.6442795166067619	0.934839180548439	0.4998	0.49000195942786506	0.5095981941771259	0.0521	0.04791375797210714	0.056630240405476116	0.517	0.5100717595784139	0.5239217109557659	0.05245	0.04944536037920631	0.05562653741066621	1.660247142836634	1.68645154432589	0.9158928710948298
+I+R4	150.0	100	refined_invariant_null	10000	10000	20000	-1.3877787807814457e-17	0.34179456738688213	3.5105420675973775e-07	1.0270912421385922e-06	1.708118283579691	0.0071189837047161515	-0.005985379730864654	1.0157108448980254	0.053	0.04877808609517671	0.05756522105994656	0.0469	0.04292721632143491	0.051220775785917105	0.05425	0.051195464386975476	0.057475742047692555	0.0466	0.04376478600106261	0.049609358693224526	0.011863257082591278	0.01416883789550805	1.0124212507877766
+I+R4	150.0	500	legacy_counterfactual	10000	10000	20000	0.03542758921781475	0.2087491721381585	0.03542769909446214	5.26357284516481e-07	5.276944986182197	3.7730145006658304	3.7760797640766204	0.9125564130320039	0.99	0.987852974519736	0.9917706932520527	0.0474	0.043406116988828625	0.05174149110604563	0.989	0.9874576241648914	0.9903545576712216	0.05175	0.048765034978727625	0.0549071316715022	3.7848392734530956	3.7881856227495554	0.9201496079492227
+I+R4	150.0	500	refined_invariant_null	10000	10000	20000	-1.3877787807814457e-17	0.34179456738688213	3.5105420675973775e-07	1.0270912421385922e-06	1.6726573810720244	0.007296105541329592	0.002663679841599603	1.0055417576064778	0.0512	0.0470497904716152	0.05569489912842804	0.0487	0.0446518496699761	0.05309475999245596	0.0524	0.049396760598827354	0.05557515639535641	0.04975	0.046822117938020394	0.05285081688465887	0.0033974334690637944	-0.006493620915154625	1.0085459518787803
+I+R4	150.0	1000	legacy_counterfactual	10000	10000	20000	0.03542758921781475	0.2087491721381585	0.03542769909446214	5.26357284516481e-07	6.8598273884530405	5.350477289310828	5.354823482738688	0.9191749115309192	0.9999	0.9994337165442557	0.999982347780473	0.0483	0.0442684576471515	0.052678459225262785	1.0	0.9998079568876411	1.0	0.05105	0.04808486553832038	0.054187569972266744	5.353993906512193	5.359792565013725	0.9243590730407338
+I+R4	150.0	1000	refined_invariant_null	10000	10000	20000	-1.3877787807814457e-17	0.34179456738688213	3.5105420675973775e-07	1.0270912421385922e-06	1.6260180434429132	-0.00023959882964610842	-0.010113251432446048	0.9973405464626318	0.0487	0.0446518496699761	0.05309475999245596	0.0505	0.046378070820086464	0.05496715639742565	0.0514	0.048424930575925125	0.05454737050448336	0.053	0.04998000925769058	0.05619167728475835	0.006932709601681799	0.012359382980902174	0.9980945152148697
+I+R4	150.0	5000	legacy_counterfactual	10000	10000	20000	0.03542758921781475	0.2087491721381585	0.03542769909446214	5.26357284516481e-07	13.499564776739895	12.004559446330981	12.009899211334488	0.9222506015337183	1.0	0.9996159875222334	0.9999999999999999	0.0534	0.049162345412768274	0.05798065453237279	1.0	0.9998079568876411	1.0	0.0516	0.0486192711530362	0.05475295311012733	11.993639559851646	11.99260465111389	0.9186152576975823
+I+R4	150.0	5000	refined_invariant_null	10000	10000	20000	-1.3877787807814457e-17	0.34179456738688213	3.5105420675973775e-07	1.0270912421385922e-06	1.6744621333231786	-0.001369139858561217	0.0001996384618390807	1.017192720468291	0.0532	0.04897020710962691	0.05777294644050524	0.0505	0.046378070820086464	0.05496715639742565	0.05	0.047064910481189486	0.0531079283199336	0.0469	0.04405580788664182	0.04991822158177789	-0.005929092438250174	-0.001958179119111023	0.9991261085339633
+I+R4	150.0	10000	legacy_counterfactual	10000	10000	20000	0.03542758921781475	0.2087491721381585	0.03542769909446214	5.26357284516481e-07	18.46920041042925	16.96421708092039	16.96350509250825	0.9170141850401301	1.0	0.9996159875222334	0.9999999999999999	0.0473	0.04331032661240665	0.05163735828496317	1.0	0.9998079568876411	1.0	0.05115	0.048182022938559506	0.05429037416340516	16.968694910351022	16.963100916188587	0.916090490783132
+I+R4	150.0	10000	refined_invariant_null	10000	10000	20000	-1.3877787807814457e-17	0.34179456738688213	3.5105420675973775e-07	1.0270912421385922e-06	1.6502175485182224	0.0037595856237669077	0.0071617976885582114	0.996925116143957	0.0504	0.04628212937744861	0.054863174642559055	0.0498	0.04570657916787368	0.0542391856671073	0.05115	0.048182022938559506	0.05429037416340516	0.0506	0.04764769752151006	0.0537249108278782	-0.0017189010883602088	-0.0030331427552783737	1.0084974940869893
+I+R4	200.0	100	legacy_counterfactual	10000	10000	20000	0.0354274809229049	0.20874854820210337	0.0354274825036234	7.572356857818581e-09	3.159137152187997	1.657913161709836	1.6767100694616421	0.919778888235229	0.5126	0.5028001536820735	0.5223901692034866	0.0469	0.04292721632143491	0.051220775785917105	0.51175	0.5048206756267659	0.5186748113600936	0.04755	0.04468646792089131	0.050587311891482335	1.645289704724092	1.6725344512167029	0.9369689465391683
+I+R4	200.0	100	refined_invariant_null	10000	10000	20000	2.42861286636753e-17	0.3418913802983556	5.068759762610897e-09	1.4825643553521165e-08	1.680345508915356	0.005546754435054625	-0.010067050031899553	1.0151916950736894	0.0533	0.049066274105844514	0.057876802641792104	0.0509	0.04676188298859711	0.05538303701893278	0.0544	0.05134135056592021	0.057629798255814116	0.0509	0.04793913552463744	0.054033357598883405	0.0047037571786007724	-0.0033387508869916257	1.0175746937793761
+I+R4	200.0	500	legacy_counterfactual	10000	10000	20000	0.0354274809229049	0.20874854820210337	0.0354274825036234	7.572356857818581e-09	5.289235532198153	3.7725160393381163	3.7891253793450286	0.9148028215154579	0.9889	0.9866505890076314	0.9907739235916084	0.0475	0.04350191245596974	0.051845618836408966	0.9875	0.9858638819606674	0.9889488760047828	0.04975	0.046822117938020394	0.05285081688465887	3.779582046727484	3.7854797574330625	0.9256961370872406
+I+R4	200.0	500	refined_invariant_null	10000	10000	20000	2.42861286636753e-17	0.3418913802983556	5.068759762610897e-09	1.4825643553521165e-08	1.6392510677616001	-0.004118835287442724	-0.006830350874180096	0.9915457492022193	0.0469	0.04292721632143491	0.051220775785917105	0.0472	0.043214541342019595	0.051533220357845765	0.0516	0.0486192711530362	0.05475295311012733	0.0519	0.04891080596548533	0.055061303071810785	0.01343478737941106	0.00722328792792363	0.9985193914214358
+I+R4	200.0	1000	legacy_counterfactual	10000	10000	20000	0.0354274809229049	0.20874854820210337	0.0354274825036234	7.572356857818581e-09	6.861828698594934	5.354736547347058	5.351533940159181	0.9135921151767432	1.0	0.9996159875222334	0.9999999999999999	0.0489	0.04484357513093346	0.0533028809265075	0.99995	0.9997168021471904	0.9999911739447619	0.05105	0.04808486553832038	0.054187569972266744	5.3642104574800165	5.365222901486133	0.9218145942939499
+I+R4	200.0	1000	refined_invariant_null	10000	10000	20000	2.42861286636753e-17	0.3418913802983556	5.068759762610897e-09	1.4825643553521165e-08	1.6566798755985177	0.004197980096088733	-0.008047686103810582	0.9946915282802901	0.0509	0.04676188298859711	0.05538303701893278	0.05	0.045898410397600495	0.05444720083238938	0.05225	0.04925096595230436	0.05542100865481311	0.05125	0.048279183574530586	0.054393175118811594	0.007490421431575064	0.0012830888563405245	1.00156680197313
+I+R4	200.0	5000	legacy_counterfactual	10000	10000	20000	0.0354274809229049	0.20874854820210337	0.0354274825036234	7.572356857818581e-09	13.487845879727018	12.013902593467071	12.026263031230918	0.9072935565292684	1.0	0.9996159875222334	0.9999999999999999	0.0504	0.04628212937744861	0.054863174642559055	1.0	0.9998079568876411	1.0	0.0524	0.049396760598827354	0.05557515639535641	11.99426755409439	11.994589552511016	0.9221760344778891
+I+R4	200.0	5000	refined_invariant_null	10000	10000	20000	2.42861286636753e-17	0.3418913802983556	5.068759762610897e-09	1.4825643553521165e-08	1.651783225867372	0.0004938772940886412	0.0021008734077256463	0.9813255567711364	0.0471	0.04311876119306364	0.051429077309297286	0.0459	0.0419698045937483	0.050178955538559264	0.05165	0.048667858297441885	0.054804346761410425	0.051	0.04803628805440808	0.05413616666049028	0.0018772482451529123	-0.0065950091203702665	1.0045127764821256
+I+R4	200.0	10000	legacy_counterfactual	10000	10000	20000	0.0354274809229049	0.20874854820210337	0.0354274825036234	7.572356857818581e-09	18.462809940728587	16.981755997925223	16.98621758959485	0.9216486117615548	1.0	0.9996159875222334	0.9999999999999999	0.0509	0.04676188298859711	0.05538303701893278	1.0	0.9998079568876411	1.0	0.05135	0.04837634743728675	0.05449597284743296	16.968910795903117	16.971313575082146	0.9180011236209834
+I+R4	200.0	10000	refined_invariant_null	10000	10000	20000	2.42861286636753e-17	0.3418913802983556	5.068759762610897e-09	1.4825643553521165e-08	1.6706602682963536	0.0017059680076183937	-0.009711388269026004	0.9956059286536288	0.0512	0.0470497904716152	0.05569489912842804	0.0487	0.0446518496699761	0.05309475999245596	0.0489	0.04599678154597005	0.05197647975000022	0.04565	0.04284343749697447	0.048631072079226144	0.004060152907424746	0.005045753338505172	0.9910019345194014
+I+R4	500.0	100	legacy_counterfactual	10000	10000	20000	0.03542747934219112	0.20874853909587468	0.0354274793422024	5.404896023042933e-14	3.128812585416891	1.6508282470707687	1.6822177183724025	0.9244139676451053	0.5161	0.5063007781470766	0.5258868566511393	0.0507	0.04656996765070889	0.05517510596181212	0.5106	0.5036705402712823	0.5175253884147358	0.0516	0.0486192711530362	0.05475295311012733	1.6472089720498013	1.6678521637036123	0.9355422298460663
+I+R4	500.0	100	refined_invariant_null	10000	10000	20000	0.0	0.3419047051334099	7.157469061880306e-15	2.0934105189010162e-14	1.6974569258373229	0.014648027611899943	-0.001959521468357593	1.0009482529304414	0.0527	0.04848993719187213	0.057253600370737796	0.0461	0.04216124482803089	0.05038736169928557	0.05315	0.05012583880003475	0.056345790129480475	0.04755	0.04468646792089131	0.050587311891482335	0.008736973951041208	0.0072330845869730785	1.0103585538824058
+I+R4	500.0	500	legacy_counterfactual	10000	10000	20000	0.03542747934219112	0.20874853909587468	0.0354274793422024	5.404896023042933e-14	5.273653088795967	3.777410104584643	3.783252532003895	0.9181221062253526	0.9897	0.9875245005287644	0.991499397650511	0.0484	0.04436429825452712	0.052782541815391604	0.9878	0.9861821435718643	0.9892304991677183	0.0493	0.04638514447166302	0.052387963189817366	3.7740843888703943	3.7840098407126153	0.9189420311378345
+I+R4	500.0	500	refined_invariant_null	10000	10000	20000	0.0	0.3419047051334099	7.157469061880306e-15	2.0934105189010162e-14	1.6690347678511728	-0.003859542116399269	-0.009610293104347975	1.001517540794514	0.0519	0.047721733718244265	0.056422418264330094	0.0491	0.045035320072915955	0.05351098237953389	0.0527	0.04968837097022774	0.05588343079808859	0.0504	0.04745342193280553	0.05351926323382767	0.008727579727343374	0.004624606594118896	0.9980218680699668
+I+R4	500.0	1000	legacy_counterfactual	10000	10000	20000	0.03542747934219112	0.20874853909587468	0.0354274793422024	5.404896023042933e-14	6.843718645709467	5.347182766957974	5.351134972566591	0.9148897860842503	0.9999	0.9994337165442557	0.999982347780473	0.0462	0.042256972897776274	0.05049155682704462	0.9999	0.999635418757493	0.9999725765387706	0.05165	0.048667858297441885	0.054804346761410425	5.359077343617202	5.362464690929199	0.914284258417587
+I+R4	500.0	1000	refined_invariant_null	10000	10000	20000	0.0	0.3419047051334099	7.157469061880306e-15	2.0934105189010162e-14	1.6212813786297837	-0.002359707995348251	0.0024481768958937887	1.0115902293052426	0.0537	0.04945058508403728	0.05829218445361711	0.0555	0.05118081889687265	0.0601605681958618	0.0519	0.04891080596548533	0.055061303071810785	0.0545	0.05143861172717011	0.05773249868594174	0.006375046807029661	0.006793946209951299	1.0027187054747702
+I+R4	500.0	5000	legacy_counterfactual	10000	10000	20000	0.03542747934219112	0.20874853909587468	0.0354274793422024	5.404896023042933e-14	13.46781143033816	11.989187599943484	11.994307297998954	0.9130401874989974	1.0	0.9996159875222334	0.9999999999999999	0.0537	0.04945058508403728	0.05829218445361711	1.0	0.9998079568876411	1.0	0.0543	0.05124409237028091	0.057527094860075886	12.003139895859288	12.006264206390851	0.9179001426929555
+I+R4	500.0	5000	refined_invariant_null	10000	10000	20000	0.0	0.3419047051334099	7.157469061880306e-15	2.0934105189010162e-14	1.6474106103630501	-0.0015108738347913069	0.005772199412982666	0.9854095053170833	0.0453	0.04139561232521854	0.04955360862206234	0.0452	0.0412999325201009	0.04944936522967553	0.0492	0.04628804860144094	0.05228509746866192	0.0489	0.04599678154597005	0.05197647975000022	0.003811191863529632	0.0004055558978251398	0.9948369562342816
+I+R4	500.0	10000	legacy_counterfactual	10000	10000	20000	0.03542747934219112	0.20874853909587468	0.0354274793422024	5.404896023042933e-14	18.48023587861543	16.96481096487002	16.961603077152972	0.9196611854167179	1.0	0.9996159875222334	0.9999999999999999	0.0504	0.04628212937744861	0.054863174642559055	1.0	0.9998079568876411	1.0	0.0479	0.045026117095423236	0.05094752828677176	16.967782523287273	16.973535381650585	0.9141891683905904
+I+R4	500.0	10000	refined_invariant_null	10000	10000	20000	0.0	0.3419047051334099	7.157469061880306e-15	2.0934105189010162e-14	1.6671100285475065	0.004655119765869573	0.000339140503092397	1.0001896615608064	0.0529	0.048682032100011194	0.057461351857607645	0.0498	0.04570657916787368	0.0542391856671073	0.0505	0.04755055807967839	0.05362208867833234	0.0484	0.04551140557088715	0.051462047768195476	0.0009923110027421239	-3.564087306308627e-05	1.0066281250119886
+I+R4	1000.0	100	legacy_counterfactual	10000	10000	20000	0.03542747934219112	0.20874853909587468	0.03542747934221364	1.0786523736023566e-13	3.1583931466385526	1.658474583474786	1.672449909562589	0.9396531715912271	0.5106	0.5008000125444014	0.52039184639107	0.0528	0.048585982461686675	0.0573574782984277	0.5133	0.5063709160961128	0.5202239755570984	0.0503	0.04735628909017146	0.05341643448508421	1.6555937384073114	1.6730335088935493	0.9317074151364827
+I+R4	1000.0	100	refined_invariant_null	10000	10000	20000	1.0408340855860843e-17	0.3419047051734898	1.4269835313385215e-14	4.170585182585836e-14	1.6924614998437912	0.0021155375598377974	0.0022201790718874336	1.0129669486313504	0.0544	0.050123293088608876	0.05901893883157664	0.0499	0.04580249241658047	0.054343195615904956	0.0569	0.053773749813213055	0.060196438792959474	0.05205	0.049056584084007294	0.055215467340355116	0.018693116777065772	0.0030276410494818715	1.010472309165885
+I+R4	1000.0	500	legacy_counterfactual	10000	10000	20000	0.03542747934219112	0.20874853909587468	0.03542747934221364	1.0786523736023566e-13	5.275395563063909	3.7627268639604123	3.7670412412089154	0.9217413590919351	0.9869	0.9844770406527583	0.9889490079963925	0.0479	0.04388514492818972	0.052262079154206775	0.9881	0.9865006395357423	0.989511887977973	0.04855	0.045657009234334724	0.05161638649181421	3.7813410375684295	3.7889118156670722	0.9203871868241991
+I+R4	1000.0	500	refined_invariant_null	10000	10000	20000	1.0408340855860843e-17	0.3419047051734898	1.4269835313385215e-14	4.170585182585836e-14	1.6076499407361	0.002995972104176573	-0.00040977886865095983	0.9932493106279021	0.051	0.0468578475655539	0.055486995639480424	0.0555	0.05118081889687265	0.0601605681958618	0.05345	0.05041751854383396	0.05665399515981384	0.0574	0.054260441972145405	0.06070955459091477	0.006378978283587673	0.0015836959469532536	1.0006602247579885
+I+R4	1000.0	1000	legacy_counterfactual	10000	10000	20000	0.03542747934219112	0.20874853909587468	0.03542747934221364	1.0786523736023566e-13	6.873719620083019	5.3446281015303745	5.3411098989481705	0.9212253813047664	1.0	0.9996159875222334	0.9999999999999999	0.0494	0.04532297376687862	0.05382309827808457	0.9999	0.999635418757493	0.9999725765387706	0.0472	0.044346862715164914	0.05022705152738738	5.352939288474819	5.368241547370062	0.9188304446181998
+I+R4	1000.0	1000	refined_invariant_null	10000	10000	20000	1.0408340855860843e-17	0.3419047051734898	1.4269835313385215e-14	4.170585182585836e-14	1.6480149841113638	0.011603838814701154	-0.0020594051160439455	0.9887490877055213	0.0499	0.04580249241658047	0.054343195615904956	0.0497	0.045610670664964575	0.054135170972511956	0.05245	0.04944536037920631	0.05562653741066621	0.05215	0.04915377344407106	0.05531823957166888	0.000890190200524631	0.00512060693511248	1.008059902905415
+I+R4	1000.0	5000	legacy_counterfactual	10000	10000	20000	0.03542747934219112	0.20874853909587468	0.03542747934221364	1.0786523736023566e-13	13.51108772691385	12.010585892272092	12.014450721547107	0.9131770490391988	1.0	0.9996159875222334	0.9999999999999999	0.0499	0.04580249241658047	0.054343195615904956	1.0	0.9998079568876411	1.0	0.0481	0.04522022190305895	0.051153346661891086	11.999197818692034	11.998816753371917	0.9143163387433205
+I+R4	1000.0	5000	refined_invariant_null	10000	10000	20000	1.0408340855860843e-17	0.3419047051734898	1.4269835313385215e-14	4.170585182585836e-14	1.6279214038409928	0.008476951371172967	0.006196897107027798	1.003745664145782	0.0538	0.049546673520308566	0.05839601921485028	0.0549	0.050603924672538624	0.059537923235169134	0.05105	0.04808486553832038	0.054187569972266744	0.05255	0.04954256228093892	0.05572929710031113	0.006139947555607552	0.0049524282779767875	0.9959527095491945
+I+R4	1000.0	10000	legacy_counterfactual	10000	10000	20000	0.03542747934219112	0.20874853909587468	0.03542747934221364	1.0786523736023566e-13	18.466418112372928	16.96561795590772	16.9634302613256	0.921334028101955	1.0	0.9996159875222334	0.9999999999999999	0.052	0.04781774361324294	0.05652633156683587	1.0	0.9998079568876411	1.0	0.05175	0.048765034978727625	0.0549071316715022	16.964803943309057	16.962207442019697	0.9167181136652363
+I+R4	1000.0	10000	refined_invariant_null	10000	10000	20000	1.0408340855860843e-17	0.3419047051734898	1.4269835313385215e-14	4.170585182585836e-14	1.6612906127969802	-0.014934196480181464	-0.00893129052875653	1.0016964119658436	0.0483	0.0442684576471515	0.052678459225262785	0.047	0.043022986181015854	0.051324929123840624	0.04925	0.04633659610976159	0.05233653075603004	0.0469	0.04405580788664182	0.04991822158177789	-0.005853263769183301	-0.00018277089900061387	1.0021368911096677
+I+R4	10000.0	100	legacy_counterfactual	10000	10000	20000	0.03542747934219112	0.20874853909587468	0.03542747934241603	1.0774224772133492e-12	3.1333081129504587	1.662726993550844	1.6692153817534288	0.9313842307524184	0.5107	0.5009000158765731	0.5204917662564028	0.053	0.04877808609517671	0.05756522105994656	0.51865	0.5117222582301162	0.525570578561793	0.049	0.04609386712866948	0.05207935575867833	1.661135641530668	1.6899669751351243	0.923911311641414
+I+R4	10000.0	100	refined_invariant_null	10000	10000	20000	1.0408340855860843e-17	0.3419047051734898	1.425075335514947e-13	4.167743908008892e-13	1.6722019342908934	0.00592344406938035	0.004050105506264763	1.021537378632597	0.0528	0.048585982461686675	0.0573574782984277	0.0501	0.04599433309751598	0.054551201329978344	0.0555	0.05241138477524484	0.0587593415516423	0.0522	0.0492023693052005	0.05536962450622822	0.013629453630559223	0.0001713032330667979	1.0158032549833336
+I+R4	10000.0	500	legacy_counterfactual	10000	10000	20000	0.03542747934219112	0.20874853909587468	0.03542747934241603	1.0774224772133492e-12	5.283668226120262	3.766589339993838	3.779275170946242	0.9244256210331875	0.9875	0.9851275707843379	0.9894980170498398	0.0494	0.04532297376687862	0.05382309827808457	0.9889	0.9873511763697753	0.9902610438749602	0.05125	0.048279183574530586	0.054393175118811594	3.7730855447901748	3.7803964458934054	0.9245734073132181
+I+R4	10000.0	500	refined_invariant_null	10000	10000	20000	1.0408340855860843e-17	0.3419047051734898	1.425075335514947e-13	4.167743908008892e-13	1.6827481329841008	-0.005818156230688968	-0.014147339664295315	1.001186335344123	0.0499	0.04580249241658047	0.054343195615904956	0.0455	0.04158698820856655	0.04976207913372322	0.05075	0.047793412842117064	0.05387913789433749	0.04745	0.04458943335532431	0.050484384865671805	-0.001963896439283971	-0.003089538596289061	1.000774820221775
+I+R4	10000.0	1000	legacy_counterfactual	10000	10000	20000	0.03542747934219112	0.20874853909587468	0.03542747934241603	1.0774224772133492e-12	6.842808134330772	5.350380291598948	5.3594131608756195	0.9087674599780038	0.9999	0.9994337165442557	0.999982347780473	0.0481	0.044076791316212685	0.05247027916119269	0.99995	0.9997168021471904	0.9999911739447619	0.0532	0.050174450181177686	0.05639715954402629	5.354197395402699	5.362413803121893	0.9208584487730752
+I+R4	10000.0	1000	refined_invariant_null	10000	10000	20000	1.0408340855860843e-17	0.3419047051734898	1.425075335514947e-13	4.167743908008892e-13	1.6584351725575586	0.008521711484953618	0.006894220049034014	1.000179028057397	0.0483	0.0442684576471515	0.052678459225262785	0.047	0.043022986181015854	0.051324929123840624	0.0527	0.04968837097022774	0.05588343079808859	0.051	0.04803628805440808	0.05413616666049028	0.0070299369918815	0.0023621930798474497	1.0041343686556472
+I+R4	10000.0	5000	legacy_counterfactual	10000	10000	20000	0.03542747934219112	0.20874853909587468	0.03542747934241603	1.0774224772133492e-12	13.444730566653591	11.987673422747061	11.98914592281409	0.9137394726218171	1.0	0.9996159875222334	0.9999999999999999	0.0537	0.04945058508403728	0.05829218445361711	1.0	0.9998079568876411	1.0	0.05575	0.05265462337360528	0.05901600693172568	11.991189952306978	11.993137042132087	0.918727375440572
+I+R4	10000.0	5000	refined_invariant_null	10000	10000	20000	1.0408340855860843e-17	0.3419047051734898	1.425075335514947e-13	4.167743908008892e-13	1.646999438144595	-0.004123559314962542	-0.008893905847997749	1.0092786986177176	0.0499	0.04580249241658047	0.054343195615904956	0.0495	0.04541886795081369	0.053927127291653956	0.05385	0.05080646739708246	0.05706489267207547	0.05345	0.05041751854383396	0.05665399515981384	0.0020185506885991183	-0.007957902729634606	1.0119423139252957
+I+R4	10000.0	10000	legacy_counterfactual	10000	10000	20000	0.03542747934219112	0.20874853909587468	0.03542747934241603	1.0774224772133492e-12	18.461814342392728	16.971569509642904	16.971532454879544	0.9094221525762389	1.0	0.9996159875222334	0.9999999999999999	0.0513	0.04714576877535386	0.05579884402219381	1.0	0.9998079568876411	1.0	0.0503	0.04735628909017146	0.05341643448508421	16.971676420117753	16.971899865810798	0.9147812536156654
+I+R4	10000.0	10000	refined_invariant_null	10000	10000	20000	1.0408340855860843e-17	0.3419047051734898	1.425075335514947e-13	4.167743908008892e-13	1.6568988048429043	0.0050037421213896035	0.0036566760810637453	0.9952251148367107	0.0496	0.04551476692140481	0.05403115151856727	0.0488	0.0447477099582466	0.05319882290168992	0.05065	0.04769626847514788	0.05377632066992914	0.04925	0.04633659610976159	0.05233653075603004	0.006207129734890877	0.010973829400132567	1.0024716835063485
