branch,site,coherence,category_variance,rate_category
"(Eukaryota_Opisthokonta_Nucletmycea_Fungi_Dikarya_Ascomycota_Saccharomycotina_Saccharomycetes_Saccharomycetales_Saccharomyces_cerevisiae_baker_s_yeast, Node1652*)",1,-1.0747839778797655e-17,0.60463636557152667,c2
"(Eukaryota_Opisthokonta_Nucletmycea_Fungi_Dikarya_Ascomycota_Saccharomycotina_Saccharomycetes_Saccharomycetales_Saccharomyces_cerevisiae_baker_s_yeast, Node1652*)",3,8.1249778935730676e-18,0.60463636557152667,c2
"(Eukaryota_Opisthokonta_Nucletmycea_Fungi_Dikarya_Ascomycota_Saccharomycotina_Saccharomycetes_Saccharomycetales_Saccharomyces_cerevisiae_baker_s_yeast, Node1652*)",11,1.6371415384930375,0.60463636557152667,c2
"(Eukaryota_Opisthokonta_Nucletmycea_Fungi_Dikarya_Ascomycota_Saccharomycotina_Saccharomycetes_Saccharomycetales_Saccharomyces_cerevisiae_baker_s_yeast, Node1652*)",12,1.6371415384930375,0.60463636557152667,c2
"(Eukaryota_Opisthokonta_Nucletmycea_Fungi_Dikarya_Ascomycota_Saccharomycotina_Saccharomycetes_Saccharomycetales_Saccharomyces_cerevisiae_baker_s_yeast, Node1652*)",14,0.95863435521217677,0.60463636557152667,c2
"(Eukaryota_Opisthokonta_Nucletmycea_Fungi_Dikarya_Ascomycota_Saccharomycotina_Saccharomycetes_Saccharomycetales_Saccharomyces_cerevisiae_baker_s_yeast, Node1652*)",21,0.95863435521217677,0.60463636557152667,c2
"(Eukaryota_Opisthokonta_Nucletmycea_Fungi_Dikarya_Ascomycota_Saccharomycotina_Saccharomycetes_Saccharomycetales_Saccharomyces_cerevisiae_baker_s_yeast, Node1652*)",22,-3.4463038166788305e-18,0.60463636557152667,c2
"(Eukaryota_Opisthokonta_Nucletmycea_Fungi_Dikarya_Ascomycota_Saccharomycotina_Saccharomycetes_Saccharomycetales_Saccharomyces_cerevisiae_baker_s_yeast, Node1652*)",23,1.6371415384930375,0.60463636557152667,c2
"(Eukaryota_Opisthokonta_Nucletmycea_Fungi_Dikarya_Ascomycota_Saccharomycotina_Saccharomycetes_Saccharomycetales_Saccharomyces_cerevisiae_baker_s_yeast, Node1652*)",24,0.54414759139363145,0.60463636557152667,c2
"(Eukaryota_Opisthokonta_Nucletmycea_Fungi_Dikarya_Ascomycota_Saccharomycotina_Saccharomycetes_Saccharomycetales_Saccharomyces_cerevisiae_baker_s_yeast, Node1652*)",25,3.1758652521022818e-18,0.60463636557152667,c2
"(Eukaryota_Opisthokonta_Nucletmycea_Fungi_Dikarya_Ascomycota_Saccharomycotina_Saccharomycetes_Saccharomycetales_Saccharomyces_cerevisiae_baker_s_yeast, Node1652*)",32,3.0443677976288751e-18,0.60463636557152667,c2
"(Eukaryota_Opisthokonta_Nucletmycea_Fungi_Dikarya_Ascomycota_Saccharomycotina_Saccharomycetes_Saccharomycetales_Saccharomyces_cerevisiae_baker_s_yeast, Node1652*)",34,0.95863435521217677,0.60463636557152667,c2
"(Eukaryota_Opisthokonta_Nucletmycea_Fungi_Dikarya_Ascomycota_Saccharomycotina_Saccharomycetes_Saccharomycetales_Saccharomyces_cerevisiae_baker_s_yeast, Node1652*)",35,-3.2238026390856821e-18,0.60463636557152667,c2
"(Eukaryota_Opisthokonta_Nucletmycea_Fungi_Dikarya_Ascomycota_Saccharomycotina_Saccharomycetes_Saccharomycetales_Saccharomyces_cerevisiae_baker_s_yeast, Node1652*)",36,1.6371415384930375,0.60463636557152667,c2
"(Eukaryota_Opisthokonta_Nucletmycea_Fungi_Dikarya_Ascomycota_Saccharomycotina_Saccharomycetes_Saccharomycetales_Saccharomyces_cerevisiae_baker_s_yeast, Node1652*)",37,-8.6640982541191663e-18,0.60463636557152667,c2
"(Eukaryota_Opisthokonta_Nucletmycea_Fungi_Dikarya_Ascomycota_Saccharomycotina_Saccharomycetes_Saccharomycetales_Saccharomyces_cerevisiae_baker_s_yeast, Node1652*)",38,1.6371415384930377,0.60463636557152667,c2
"(Eukaryota_Opisthokonta_Nucletmycea_Fungi_Dikarya_Ascomycota_Saccharomycotina_Saccharomycetes_Saccharomycetales_Saccharomyces_cerevisiae_baker_s_yeast, Node1652*)",40,0.54414759139363145,0.60463636557152667,c2
"(Eukaryota_Opisthokonta_Nucletmycea_Fungi_Dikarya_Ascomycota_Saccharomycotina_Saccharomycetes_Saccharomycetales_Saccharomyces_cerevisiae_baker_s_yeast, Node1652*)",42,0.95863435521217666,0.60463636557152667,c2
"(Eukaryota_Opisthokonta_Nucletmycea_Fungi_Dikarya_Ascomycota_Saccharomycotina_Saccharomycetes_Saccharomycetales_Saccharomyces_cerevisiae_baker_s_yeast, Node1652*)",43,0.54414759139363145,0.60463636557152667,c2
"(Eukaryota_Opisthokonta_Nucletmycea_Fungi_Dikarya_Ascomycota_Saccharomycotina_Saccharomycetes_Saccharomycetales_Saccharomyces_cerevisiae_baker_s_yeast, Node1652*)",46,0.54414759139363145,0.60463636557152667,c2
"(Eukaryota_Opisthokonta_Nucletmycea_Fungi_Dikarya_Ascomycota_Saccharomycotina_Saccharomycetes_Saccharomycetales_Saccharomyces_cerevisiae_baker_s_yeast, Node1652*)",48,0.95863435521217666,0.60463636557152667,c2
"(Eukaryota_Opisthokonta_Nucletmycea_Fungi_Dikarya_Ascomycota_Saccharomycotina_Saccharomycetes_Saccharomycetales_Saccharomyces_cerevisiae_baker_s_yeast, Node1652*)",49,1.6371415384930377,0.60463636557152667,c2
"(Eukaryota_Opisthokonta_Nucletmycea_Fungi_Dikarya_Ascomycota_Saccharomycotina_Saccharomycetes_Saccharomycetales_Saccharomyces_cerevisiae_baker_s_yeast, Node1652*)",59,1.6371415384930377,0.60463636557152667,c2
"(Eukaryota_Opisthokonta_Nucletmycea_Fungi_Dikarya_Ascomycota_Saccharomycotina_Saccharomycetes_Saccharomycetales_Saccharomyces_cerevisiae_baker_s_yeast, Node1652*)",60,-1.0324443992322347e-17,0.60463636557152667,c2
"(Eukaryota_Opisthokonta_Nucletmycea_Fungi_Dikarya_Ascomycota_Saccharomycotina_Saccharomycetes_Saccharomycetales_Saccharomyces_cerevisiae_baker_s_yeast, Node1652*)",63,0.95863435521217666,0.60463636557152667,c2
"(Eukaryota_Opisthokonta_Nucletmycea_Fungi_Dikarya_Ascomycota_Saccharomycotina_Saccharomycetes_Saccharomycetales_Saccharomyces_cerevisiae_baker_s_yeast, Node1652*)",64,5.0723283669032412e-18,0.60463636557152667,c2
"(Eukaryota_Opisthokonta_Nucletmycea_Fungi_Dikarya_Ascomycota_Saccharomycotina_Saccharomycetes_Saccharomycetales_Saccharomyces_cerevisiae_baker_s_yeast, Node1652*)",113,0.54414759139363145,0.60463636557152667,c2
"(Eukaryota_Opisthokonta_Nucletmycea_Fungi_Dikarya_Ascomycota_Saccharomycotina_Saccharomycetes_Saccharomycetales_Saccharomyces_cerevisiae_baker_s_yeast, Node1652*)",114,0.54414759139363145,0.60463636557152667,c2
"(Eukaryota_Opisthokonta_Nucletmycea_Fungi_Dikarya_Ascomycota_Saccharomycotina_Saccharomycetes_Saccharomycetales_Saccharomyces_cerevisiae_baker_s_yeast, Node1652*)",116,-1.0164900683586926e-17,0.60463636557152667,c2
"(Eukaryota_Opisthokonta_Nucletmycea_Fungi_Dikarya_Ascomycota_Saccharomycotina_Saccharomycetes_Saccharomycetales_Saccharomyces_cerevisiae_baker_s_yeast, Node1652*)",119,0.95863435521217666,0.60463636557152667,c2
"(Eukaryota_Opisthokonta_Nucletmycea_Fungi_Dikarya_Ascomycota_Saccharomycotina_Saccharomycetes_Saccharomycetales_Saccharomyces_cerevisiae_baker_s_yeast, Node1652*)",122,-9.9890823171516614e-18,0.60463636557152667,c2
"(Eukaryota_Opisthokonta_Nucletmycea_Fungi_Dikarya_Ascomycota_Saccharomycotina_Saccharomycetes_Saccharomycetales_Saccharomyces_cerevisiae_baker_s_yeast, Node1652*)",123,0.95863435521217666,0.60463636557152667,c2
"(Eukaryota_Opisthokonta_Nucletmycea_Fungi_Dikarya_Ascomycota_Saccharomycotina_Saccharomycetes_Saccharomycetales_Saccharomyces_cerevisiae_baker_s_yeast, Node1652*)",128,0.54414759139363145,0.60463636557152667,c2
"(Eukaryota_Opisthokonta_Nucletmycea_Fungi_Dikarya_Ascomycota_Saccharomycotina_Saccharomycetes_Saccharomycetales_Saccharomyces_cerevisiae_baker_s_yeast, Node1652*)",132,0.54414759139363145,0.60463636557152667,c2
"(Eukaryota_Opisthokonta_Nucletmycea_Fungi_Dikarya_Ascomycota_Saccharomycotina_Saccharomycetes_Saccharomycetales_Saccharomyces_cerevisiae_baker_s_yeast, Node1652*)",133,0.54414759139363145,0.60463636557152667,c2
"(Eukaryota_Opisthokonta_Nucletmycea_Fungi_Dikarya_Ascomycota_Saccharomycotina_Saccharomycetes_Saccharomycetales_Saccharomyces_cerevisiae_baker_s_yeast, Node1652*)",135,1.6371415384930377,0.60463636557152667,c2
"(Eukaryota_Opisthokonta_Nucletmycea_Fungi_Dikarya_Ascomycota_Saccharomycotina_Saccharomycetes_Saccharomycetales_Saccharomyces_cerevisiae_baker_s_yeast, Node1652*)",136,0.54414759139363145,0.60463636557152667,c2
"(Eukaryota_Opisthokonta_Nucletmycea_Fungi_Dikarya_Ascomycota_Saccharomycotina_Saccharomycetes_Saccharomycetales_Saccharomyces_cerevisiae_baker_s_yeast, Node1652*)",139,5.0815420570314054e-18,0.60463636557152667,c2
"(Eukaryota_Opisthokonta_Nucletmycea_Fungi_Dikarya_Ascomycota_Saccharomycotina_Saccharomycetes_Saccharomycetales_Saccharomyces_cerevisiae_baker_s_yeast, Node1652*)",141,-1.0199261812984008e-17,0.60463636557152667,c2
"(Eukaryota_Opisthokonta_Nucletmycea_Fungi_Dikarya_Ascomycota_Saccharomycotina_Saccharomycetes_Saccharomycetales_Saccharomyces_cerevisiae_baker_s_yeast, Node1652*)",143,2.9017286655807894e-18,0.60463636557152667,c2
"(Eukaryota_Opisthokonta_Nucletmycea_Fungi_Dikarya_Ascomycota_Saccharomycotina_Saccharomycetes_Saccharomycetales_Saccharomyces_cerevisiae_baker_s_yeast, Node1652*)",149,-1.00007680312577e-17,0.60463636557152667,c2
"(Eukaryota_Opisthokonta_Nucletmycea_Fungi_Dikarya_Ascomycota_Saccharomycotina_Saccharomycetes_Saccharomycetales_Saccharomyces_cerevisiae_baker_s_yeast, Node1652*)",157,3.2149453504398208e-18,0.60463636557152667,c2
"(Eukaryota_Opisthokonta_Nucletmycea_Fungi_Dikarya_Ascomycota_Saccharomycotina_Saccharomycetes_Saccharomycetales_Saccharomyces_cerevisiae_baker_s_yeast, Node1652*)",162,5.4036446762616294e-18,0.60463636557152667,c2
"(Eukaryota_Opisthokonta_Nucletmycea_Fungi_Dikarya_Ascomycota_Saccharomycotina_Saccharomycetes_Saccharomycetales_Saccharomyces_cerevisiae_baker_s_yeast, Node1652*)",163,0.54414759139363145,0.60463636557152667,c2
"(Eukaryota_Opisthokonta_Nucletmycea_Fungi_Dikarya_Ascomycota_Saccharomycotina_Saccharomycetes_Saccharomycetales_Saccharomyces_cerevisiae_baker_s_yeast, Node1652*)",168,0.95863435521217666,0.60463636557152667,c2
"(Eukaryota_Opisthokonta_Nucletmycea_Fungi_Dikarya_Ascomycota_Saccharomycotina_Saccharomycetes_Saccharomycetales_Saccharomyces_cerevisiae_baker_s_yeast, Node1652*)",171,-8.1403433385355594e-18,0.60463636557152667,c2
"(Eukaryota_Opisthokonta_Nucletmycea_Fungi_Dikarya_Ascomycota_Saccharomycotina_Saccharomycetes_Saccharomycetales_Saccharomyces_cerevisiae_baker_s_yeast, Node1652*)",174,1.6371415384930377,0.60463636557152667,c2
"(Eukaryota_Opisthokonta_Nucletmycea_Fungi_Dikarya_Ascomycota_Saccharomycotina_Saccharomycetes_Saccharomycetales_Saccharomyces_cerevisiae_baker_s_yeast, Node1652*)",184,4.9306050474150398e-18,0.60463636557152667,c2
"(Eukaryota_Opisthokonta_Nucletmycea_Fungi_Dikarya_Ascomycota_Saccharomycotina_Saccharomycetes_Saccharomycetales_Saccharomyces_cerevisiae_baker_s_yeast, Node1652*)",195,4.4015950316791116e-18,0.60463636557152667,c2
"(Eukaryota_Opisthokonta_Nucletmycea_Fungi_Dikarya_Ascomycota_Saccharomycotina_Saccharomycetes_Saccharomycetales_Saccharomyces_cerevisiae_baker_s_yeast, Node1652*)",197,1.6371415384930377,0.60463636557152667,c2
"(Eukaryota_Opisthokonta_Nucletmycea_Fungi_Dikarya_Ascomycota_Saccharomycotina_Saccharomycetes_Saccharomycetales_Saccharomyces_cerevisiae_baker_s_yeast, Node1652*)",201,1.6371415384930377,0.60463636557152667,c2
"(Eukaryota_Opisthokonta_Nucletmycea_Fungi_Dikarya_Ascomycota_Saccharomycotina_Saccharomycetes_Saccharomycetales_Saccharomyces_cerevisiae_baker_s_yeast, Node1652*)",222,5.593974193082411e-18,0.60463636557152667,c2
"(Eukaryota_Opisthokonta_Nucletmycea_Fungi_Dikarya_Ascomycota_Saccharomycotina_Saccharomycetes_Saccharomycetales_Saccharomyces_cerevisiae_baker_s_yeast, Node1652*)",241,0.95863435521217666,0.60463636557152667,c2
"(Eukaryota_Opisthokonta_Nucletmycea_Fungi_Dikarya_Ascomycota_Saccharomycotina_Saccharomycetes_Saccharomycetales_Saccharomyces_cerevisiae_baker_s_yeast, Node1652*)",244,-2.85504365161102e-18,0.60463636557152667,c2
"(Eukaryota_Opisthokonta_Nucletmycea_Fungi_Dikarya_Ascomycota_Saccharomycotina_Saccharomycetes_Saccharomycetales_Saccharomyces_cerevisiae_baker_s_yeast, Node1652*)",245,7.2908799980994083e-18,0.60463636557152667,c2
"(Eukaryota_Opisthokonta_Nucletmycea_Fungi_Dikarya_Ascomycota_Saccharomycotina_Saccharomycetes_Saccharomycetales_Saccharomyces_cerevisiae_baker_s_yeast, Node1652*)",246,7.7882440108486416e-18,0.60463636557152667,c2
"(Eukaryota_Opisthokonta_Nucletmycea_Fungi_Dikarya_Ascomycota_Saccharomycotina_Saccharomycetes_Saccharomycetales_Saccharomyces_cerevisiae_baker_s_yeast, Node1652*)",247,0.54414759139363145,0.60463636557152667,c2
"(Eukaryota_Opisthokonta_Nucletmycea_Fungi_Dikarya_Ascomycota_Saccharomycotina_Saccharomycetes_Saccharomycetales_Saccharomyces_cerevisiae_baker_s_yeast, Node1652*)",248,-5.4347431558910781e-18,0.60463636557152667,c2
"(Eukaryota_Opisthokonta_Nucletmycea_Fungi_Dikarya_Ascomycota_Saccharomycotina_Saccharomycetes_Saccharomycetales_Saccharomyces_cerevisiae_baker_s_yeast, Node1652*)",249,4.0975327905669099e-18,0.60463636557152667,c2
"(Eukaryota_Opisthokonta_Nucletmycea_Fungi_Dikarya_Ascomycota_Saccharomycotina_Saccharomycetes_Saccharomycetales_Saccharomyces_cerevisiae_baker_s_yeast, Node1652*)",250,0.54414759139363145,0.60463636557152667,c2
"(Eukaryota_Opisthokonta_Nucletmycea_Fungi_Dikarya_Ascomycota_Saccharomycotina_Saccharomycetes_Saccharomycetales_Saccharomyces_cerevisiae_baker_s_yeast, Node1652*)",251,0.95863435521217666,0.60463636557152667,c2
"(Eukaryota_Opisthokonta_Nucletmycea_Fungi_Dikarya_Ascomycota_Saccharomycotina_Saccharomycetes_Saccharomycetales_Saccharomyces_cerevisiae_baker_s_yeast, Node1652*)",260,-1.0654756758194507e-17,0.60463636557152667,c2
"(Eukaryota_Opisthokonta_Nucletmycea_Fungi_Dikarya_Ascomycota_Saccharomycotina_Saccharomycetes_Saccharomycetales_Saccharomyces_cerevisiae_baker_s_yeast, Node1652*)",261,1.6371415384930377,0.60463636557152667,c2
"(Eukaryota_Opisthokonta_Nucletmycea_Fungi_Dikarya_Ascomycota_Saccharomycotina_Saccharomycetes_Saccharomycetales_Saccharomyces_cerevisiae_baker_s_yeast, Node1652*)",262,0.54414759139363145,0.60463636557152667,c2
"(Eukaryota_Opisthokonta_Nucletmycea_Fungi_Dikarya_Ascomycota_Saccharomycotina_Saccharomycetes_Saccharomycetales_Saccharomyces_cerevisiae_baker_s_yeast, Node1652*)",282,0.95863435521217666,0.60463636557152667,c2
"(Eukaryota_Opisthokonta_Nucletmycea_Fungi_Dikarya_Ascomycota_Saccharomycotina_Saccharomycetes_Saccharomycetales_Saccharomyces_cerevisiae_baker_s_yeast, Node1652*)",289,1.6371415384930377,0.60463636557152667,c2
"(Eukaryota_Opisthokonta_Nucletmycea_Fungi_Dikarya_Ascomycota_Saccharomycotina_Saccharomycetes_Saccharomycetales_Saccharomyces_cerevisiae_baker_s_yeast, Node1652*)",290,0.54414759139363145,0.60463636557152667,c2
"(Eukaryota_Opisthokonta_Nucletmycea_Fungi_Dikarya_Ascomycota_Saccharomycotina_Saccharomycetes_Saccharomycetales_Saccharomyces_cerevisiae_baker_s_yeast, Node1652*)",294,-6.315529156973842e-18,0.60463636557152667,c2
"(Eukaryota_Opisthokonta_Nucletmycea_Fungi_Dikarya_Ascomycota_Saccharomycotina_Saccharomycetes_Saccharomycetales_Saccharomyces_cerevisiae_baker_s_yeast, Node1652*)",295,0.54414759139363145,0.60463636557152667,c2
"(Eukaryota_Opisthokonta_Nucletmycea_Fungi_Dikarya_Ascomycota_Saccharomycotina_Saccharomycetes_Saccharomycetales_Saccharomyces_cerevisiae_baker_s_yeast, Node1652*)",296,0.54414759139363145,0.60463636557152667,c2
"(Eukaryota_Opisthokonta_Nucletmycea_Fungi_Dikarya_Ascomycota_Saccharomycotina_Saccharomycetes_Saccharomycetales_Saccharomyces_cerevisiae_baker_s_yeast, Node1652*)",297,1.6371415384930377,0.60463636557152667,c2
"(Eukaryota_Opisthokonta_Nucletmycea_Fungi_Dikarya_Ascomycota_Saccharomycotina_Saccharomycetes_Saccharomycetales_Saccharomyces_cerevisiae_baker_s_yeast, Node1652*)",312,0.54414759139363145,0.60463636557152667,c2
"(Eukaryota_Opisthokonta_Nucletmycea_Fungi_Dikarya_Ascomycota_Saccharomycotina_Saccharomycetes_Saccharomycetales_Saccharomyces_cerevisiae_baker_s_yeast, Node1652*)",317,-4.9122554261993435e-18,0.60463636557152667,c2
"(Eukaryota_Opisthokonta_Nucletmycea_Fungi_Dikarya_Ascomycota_Saccharomycotina_Saccharomycetes_Saccharomycetales_Saccharomyces_cerevisiae_baker_s_yeast, Node1652*)",336,7.7731187484861686e-18,0.60463636557152667,c2
"(Eukaryota_Opisthokonta_Nucletmycea_Fungi_Dikarya_Ascomycota_Saccharomycotina_Saccharomycetes_Saccharomycetales_Saccharomyces_cerevisiae_baker_s_yeast, Node1652*)",350,6.3155774661256471e-18,0.60463636557152667,c2
"(Eukaryota_Opisthokonta_Nucletmycea_Fungi_Dikarya_Ascomycota_Saccharomycotina_Saccharomycetes_Saccharomycetales_Saccharomyces_cerevisiae_baker_s_yeast, Node1652*)",351,-1.635417318160819e-18,0.60463636557152667,c2
"(Eukaryota_Opisthokonta_Nucletmycea_Fungi_Dikarya_Ascomycota_Saccharomycotina_Saccharomycetes_Saccharomycetales_Saccharomyces_cerevisiae_baker_s_yeast, Node1652*)",352,1.6371415384930377,0.60463636557152667,c2
"(Eukaryota_Opisthokonta_Nucletmycea_Fungi_Dikarya_Ascomycota_Saccharomycotina_Saccharomycetes_Saccharomycetales_Saccharomyces_cerevisiae_baker_s_yeast, Node1652*)",353,-1.0250122445994935e-17,0.60463636557152667,c2
"(Eukaryota_Opisthokonta_Nucletmycea_Fungi_Dikarya_Ascomycota_Saccharomycotina_Saccharomycetes_Saccharomycetales_Saccharomyces_cerevisiae_baker_s_yeast, Node1652*)",354,0.95863435521217666,0.60463636557152667,c2
"(Eukaryota_Opisthokonta_Nucletmycea_Fungi_Dikarya_Ascomycota_Saccharomycotina_Saccharomycetes_Saccharomycetales_Saccharomyces_cerevisiae_baker_s_yeast, Node1652*)",358,4.6704013356078025e-18,0.60463636557152667,c2
"(Eukaryota_Opisthokonta_Nucletmycea_Fungi_Dikarya_Ascomycota_Saccharomycotina_Saccharomycetes_Saccharomycetales_Saccharomyces_cerevisiae_baker_s_yeast, Node1652*)",361,1.6371415384930377,0.60463636557152667,c2
"(Eukaryota_Opisthokonta_Nucletmycea_Fungi_Dikarya_Ascomycota_Saccharomycotina_Saccharomycetes_Saccharomycetales_Saccharomyces_cerevisiae_baker_s_yeast, Node1652*)",367,7.3422218154140926e-18,0.60463636557152667,c2
"(Eukaryota_Opisthokonta_Nucletmycea_Fungi_Dikarya_Ascomycota_Saccharomycotina_Saccharomycetes_Saccharomycetales_Saccharomyces_cerevisiae_baker_s_yeast, Node1652*)",370,0.54414759139363145,0.60463636557152667,c2
"(Eukaryota_Opisthokonta_Nucletmycea_Fungi_Dikarya_Ascomycota_Saccharomycotina_Saccharomycetes_Saccharomycetales_Saccharomyces_cerevisiae_baker_s_yeast, Node1652*)",371,-1.0652370265205251e-17,0.60463636557152667,c2
"(Eukaryota_Opisthokonta_Nucletmycea_Fungi_Dikarya_Ascomycota_Saccharomycotina_Saccharomycetes_Saccharomycetales_Saccharomyces_cerevisiae_baker_s_yeast, Node1652*)",374,-1.0652030277007406e-17,0.60463636557152667,c2
"(Eukaryota_Opisthokonta_Nucletmycea_Fungi_Dikarya_Ascomycota_Saccharomycotina_Saccharomycetes_Saccharomycetales_Saccharomyces_cerevisiae_baker_s_yeast, Node1652*)",377,0.95863435521217666,0.60463636557152667,c2
"(Eukaryota_Opisthokonta_Nucletmycea_Fungi_Dikarya_Ascomycota_Saccharomycotina_Saccharomycetes_Saccharomycetales_Saccharomyces_cerevisiae_baker_s_yeast, Node1652*)",378,0.54414759139363145,0.60463636557152667,c2
"(Eukaryota_Opisthokonta_Nucletmycea_Fungi_Dikarya_Ascomycota_Saccharomycotina_Saccharomycetes_Saccharomycetales_Saccharomyces_cerevisiae_baker_s_yeast, Node1652*)",381,0.95863435521217666,0.60463636557152667,c2
"(Eukaryota_Opisthokonta_Nucletmycea_Fungi_Dikarya_Ascomycota_Saccharomycotina_Saccharomycetes_Saccharomycetales_Saccharomyces_cerevisiae_baker_s_yeast, Node1652*)",385,1.6371415384930377,0.60463636557152667,c2
"(Eukaryota_Opisthokonta_Nucletmycea_Fungi_Dikarya_Ascomycota_Saccharomycotina_Saccharomycetes_Saccharomycetales_Saccharomyces_cerevisiae_baker_s_yeast, Node1652*)",391,0.54414759139363145,0.60463636557152667,c2
"(Eukaryota_Opisthokonta_Nucletmycea_Fungi_Dikarya_Ascomycota_Saccharomycotina_Saccharomycetes_Saccharomycetales_Saccharomyces_cerevisiae_baker_s_yeast, Node1652*)",392,5.9197035505022165e-18,0.60463636557152667,c2
"(Eukaryota_Opisthokonta_Nucletmycea_Fungi_Dikarya_Ascomycota_Saccharomycotina_Saccharomycetes_Saccharomycetales_Saccharomyces_cerevisiae_baker_s_yeast, Node1652*)",399,0.54414759139363145,0.60463636557152667,c2
"(Eukaryota_Opisthokonta_Nucletmycea_Fungi_Dikarya_Ascomycota_Saccharomycotina_Saccharomycetes_Saccharomycetales_Saccharomyces_cerevisiae_baker_s_yeast, Node1652*)",401,1.6371415384930377,0.60463636557152667,c2
"(Eukaryota_Opisthokonta_Nucletmycea_Fungi_Dikarya_Ascomycota_Saccharomycotina_Saccharomycetes_Saccharomycetales_Saccharomyces_cerevisiae_baker_s_yeast, Node1652*)",402,0.95863435521217666,0.60463636557152667,c2
"(Eukaryota_Opisthokonta_Nucletmycea_Fungi_Dikarya_Ascomycota_Saccharomycotina_Saccharomycetes_Saccharomycetales_Saccharomyces_cerevisiae_baker_s_yeast, Node1652*)",408,1.6371415384930377,0.60463636557152667,c2
"(Eukaryota_Opisthokonta_Nucletmycea_Fungi_Dikarya_Ascomycota_Saccharomycotina_Saccharomycetes_Saccharomycetales_Saccharomyces_cerevisiae_baker_s_yeast, Node1652*)",409,0.95863435521217666,0.60463636557152667,c2
"(Eukaryota_Opisthokonta_Nucletmycea_Fungi_Dikarya_Ascomycota_Saccharomycotina_Saccharomycetes_Saccharomycetales_Saccharomyces_cerevisiae_baker_s_yeast, Node1652*)",410,0.95863435521217666,0.60463636557152667,c2
"(Eukaryota_Opisthokonta_Nucletmycea_Fungi_Dikarya_Ascomycota_Saccharomycotina_Saccharomycetes_Saccharomycetales_Saccharomyces_cerevisiae_baker_s_yeast, Node1652*)",414,0.54414759139363145,0.60463636557152667,c2
"(Eukaryota_Opisthokonta_Nucletmycea_Fungi_Dikarya_Ascomycota_Saccharomycotina_Saccharomycetes_Saccharomycetales_Saccharomyces_cerevisiae_baker_s_yeast, Node1652*)",416,0.54414759139363145,0.60463636557152667,c2
"(Eukaryota_Opisthokonta_Nucletmycea_Fungi_Dikarya_Ascomycota_Saccharomycotina_Saccharomycetes_Saccharomycetales_Saccharomyces_cerevisiae_baker_s_yeast, Node1652*)",421,-1.0574735530525249e-17,0.60463636557152667,c2
"(Eukaryota_Opisthokonta_Nucletmycea_Fungi_Dikarya_Ascomycota_Saccharomycotina_Saccharomycetes_Saccharomycetales_Saccharomyces_cerevisiae_baker_s_yeast, Node1652*)",424,0.95863435521217666,0.60463636557152667,c2
"(Eukaryota_Opisthokonta_Nucletmycea_Fungi_Dikarya_Ascomycota_Saccharomycotina_Saccharomycetes_Saccharomycetales_Saccharomyces_cerevisiae_baker_s_yeast, Node1652*)",428,1.6371415384930377,0.60463636557152667,c2
"(Eukaryota_Opisthokonta_Nucletmycea_Fungi_Dikarya_Ascomycota_Saccharomycotina_Saccharomycetes_Saccharomycetales_Saccharomyces_cerevisiae_baker_s_yeast, Node1652*)",429,1.6371415384930377,0.60463636557152667,c2
"(Eukaryota_Opisthokonta_Nucletmycea_Fungi_Dikarya_Ascomycota_Saccharomycotina_Saccharomycetes_Saccharomycetales_Saccharomyces_cerevisiae_baker_s_yeast, Node1652*)",430,0.95863435521217666,0.60463636557152667,c2
"(Eukaryota_Opisthokonta_Nucletmycea_Fungi_Dikarya_Ascomycota_Saccharomycotina_Saccharomycetes_Saccharomycetales_Saccharomyces_cerevisiae_baker_s_yeast, Node1652*)",436,0.95863435521217666,0.60463636557152667,c2
"(Eukaryota_Opisthokonta_Nucletmycea_Fungi_Dikarya_Ascomycota_Saccharomycotina_Saccharomycetes_Saccharomycetales_Saccharomyces_cerevisiae_baker_s_yeast, Node1652*)",438,0.54414759139363145,0.60463636557152667,c2
"(Eukaryota_Opisthokonta_Nucletmycea_Fungi_Dikarya_Ascomycota_Saccharomycotina_Saccharomycetes_Saccharomycetales_Saccharomyces_cerevisiae_baker_s_yeast, Node1652*)",447,0.54414759139363145,0.60463636557152667,c2
"(Eukaryota_Opisthokonta_Nucletmycea_Fungi_Dikarya_Ascomycota_Saccharomycotina_Saccharomycetes_Saccharomycetales_Saccharomyces_cerevisiae_baker_s_yeast, Node1652*)",453,2.5069835911407899e-18,0.60463636557152667,c2
"(Eukaryota_Opisthokonta_Nucletmycea_Fungi_Dikarya_Ascomycota_Saccharomycotina_Saccharomycetes_Saccharomycetales_Saccharomyces_cerevisiae_baker_s_yeast, Node1652*)",455,1.6371415384930377,0.60463636557152667,c2
"(Eukaryota_Opisthokonta_Nucletmycea_Fungi_Dikarya_Ascomycota_Saccharomycotina_Saccharomycetes_Saccharomycetales_Saccharomyces_cerevisiae_baker_s_yeast, Node1652*)",456,1.6371415384930377,0.60463636557152667,c2
"(Eukaryota_Opisthokonta_Nucletmycea_Fungi_Dikarya_Ascomycota_Saccharomycotina_Saccharomycetes_Saccharomycetales_Saccharomyces_cerevisiae_baker_s_yeast, Node1652*)",468,0.54414759139363145,0.60463636557152667,c2
"(Eukaryota_Opisthokonta_Nucletmycea_Fungi_Dikarya_Ascomycota_Saccharomycotina_Saccharomycetes_Saccharomycetales_Saccharomyces_cerevisiae_baker_s_yeast, Node1652*)",478,1.6371415384930377,0.60463636557152667,c2
"(Eukaryota_Opisthokonta_Nucletmycea_Fungi_Dikarya_Ascomycota_Saccharomycotina_Saccharomycetes_Saccharomycetales_Saccharomyces_cerevisiae_baker_s_yeast, Node1652*)",479,0.95863435521217666,0.60463636557152667,c2
"(Eukaryota_Opisthokonta_Nucletmycea_Fungi_Dikarya_Ascomycota_Saccharomycotina_Saccharomycetes_Saccharomycetales_Saccharomyces_cerevisiae_baker_s_yeast, Node1652*)",488,0.54414759139363145,0.60463636557152667,c2
"(Eukaryota_Opisthokonta_Nucletmycea_Fungi_Dikarya_Ascomycota_Saccharomycotina_Saccharomycetes_Saccharomycetales_Saccharomyces_cerevisiae_baker_s_yeast, Node1652*)",489,1.6371415384930377,0.60463636557152667,c2
"(Eukaryota_Opisthokonta_Nucletmycea_Fungi_Dikarya_Ascomycota_Saccharomycotina_Saccharomycetes_Saccharomycetales_Saccharomyces_cerevisiae_baker_s_yeast, Node1652*)",496,1.6371415384930377,0.60463636557152667,c2
"(Eukaryota_Opisthokonta_Nucletmycea_Fungi_Dikarya_Ascomycota_Saccharomycotina_Saccharomycetes_Saccharomycetales_Saccharomyces_cerevisiae_baker_s_yeast, Node1652*)",501,6.2685923114072041e-18,0.60463636557152667,c2
"(Eukaryota_Opisthokonta_Nucletmycea_Fungi_Dikarya_Ascomycota_Saccharomycotina_Saccharomycetes_Saccharomycetales_Saccharomyces_cerevisiae_baker_s_yeast, Node1652*)",505,0.95863435521217666,0.60463636557152667,c2
"(Eukaryota_Opisthokonta_Nucletmycea_Fungi_Dikarya_Ascomycota_Saccharomycotina_Saccharomycetes_Saccharomycetales_Saccharomyces_cerevisiae_baker_s_yeast, Node1652*)",510,0.95863435521217666,0.60463636557152667,c2
"(Eukaryota_Opisthokonta_Nucletmycea_Fungi_Dikarya_Ascomycota_Saccharomycotina_Saccharomycetes_Saccharomycetales_Saccharomyces_cerevisiae_baker_s_yeast, Node1652*)",511,-1.0148925544920539e-17,0.60463636557152667,c2
"(Eukaryota_Opisthokonta_Nucletmycea_Fungi_Dikarya_Ascomycota_Saccharomycotina_Saccharomycetes_Saccharomycetales_Saccharomyces_cerevisiae_baker_s_yeast, Node1652*)",517,1.6371415384930377,0.60463636557152667,c2
"(Eukaryota_Opisthokonta_Nucletmycea_Fungi_Dikarya_Ascomycota_Saccharomycotina_Saccharomycetes_Saccharomycetales_Saccharomyces_cerevisiae_baker_s_yeast, Node1652*)",518,0.54414759139363145,0.60463636557152667,c2
"(Eukaryota_Opisthokonta_Nucletmycea_Fungi_Dikarya_Ascomycota_Saccharomycotina_Saccharomycetes_Saccharomycetales_Saccharomyces_cerevisiae_baker_s_yeast, Node1652*)",519,0.54414759139363145,0.60463636557152667,c2
"(Eukaryota_Opisthokonta_Nucletmycea_Fungi_Dikarya_Ascomycota_Saccharomycotina_Saccharomycetes_Saccharomycetales_Saccharomyces_cerevisiae_baker_s_yeast, Node1652*)",520,8.0977008085165669e-18,0.60463636557152667,c2
"(Eukaryota_Opisthokonta_Nucletmycea_Fungi_Dikarya_Ascomycota_Saccharomycotina_Saccharomycetes_Saccharomycetales_Saccharomyces_cerevisiae_baker_s_yeast, Node1652*)",522,0.54414759139363145,0.60463636557152667,c2
"(Eukaryota_Opisthokonta_Nucletmycea_Fungi_Dikarya_Ascomycota_Saccharomycotina_Saccharomycetes_Saccharomycetales_Saccharomyces_cerevisiae_baker_s_yeast, Node1652*)",531,-7.0709442183594364e-18,0.60463636557152667,c2
"(Eukaryota_Opisthokonta_Nucletmycea_Fungi_Dikarya_Ascomycota_Saccharomycotina_Saccharomycetes_Saccharomycetales_Saccharomyces_cerevisiae_baker_s_yeast, Node1652*)",538,0.95863435521217666,0.60463636557152667,c2
"(Eukaryota_Opisthokonta_Nucletmycea_Fungi_Dikarya_Ascomycota_Saccharomycotina_Saccharomycetes_Saccharomycetales_Saccharomyces_cerevisiae_baker_s_yeast, Node1652*)",539,1.6371415384930377,0.60463636557152667,c2
"(Eukaryota_Opisthokonta_Nucletmycea_Fungi_Dikarya_Ascomycota_Saccharomycotina_Saccharomycetes_Saccharomycetales_Saccharomyces_cerevisiae_baker_s_yeast, Node1652*)",542,-3.7156330763510927e-18,0.60463636557152667,c2
"(Eukaryota_Opisthokonta_Nucletmycea_Fungi_Dikarya_Ascomycota_Saccharomycotina_Saccharomycetes_Saccharomycetales_Saccharomyces_cerevisiae_baker_s_yeast, Node1652*)",544,5.290288111557932e-18,0.60463636557152667,c2
"(Eukaryota_Opisthokonta_Nucletmycea_Fungi_Dikarya_Ascomycota_Saccharomycotina_Saccharomycetes_Saccharomycetales_Saccharomyces_cerevisiae_baker_s_yeast, Node1652*)",546,1.6371415384043702,0.60463636557152667,c2
"(Eukaryota_Opisthokonta_Nucletmycea_Fungi_Dikarya_Ascomycota_Saccharomycotina_Saccharomycetes_Saccharomycetales_Saccharomyces_cerevisiae_baker_s_yeast, Node1652*)",547,0.95863435521217666,0.60463636557152667,c2
"(Eukaryota_Opisthokonta_Nucletmycea_Fungi_Dikarya_Ascomycota_Saccharomycotina_Saccharomycetes_Saccharomycetales_Saccharomyces_cerevisiae_baker_s_yeast, Node1652*)",549,0.95863435521217666,0.60463636557152667,c2
"(Eukaryota_Opisthokonta_Nucletmycea_Fungi_Dikarya_Ascomycota_Saccharomycotina_Saccharomycetes_Saccharomycetales_Saccharomyces_cerevisiae_baker_s_yeast, Node1652*)",551,1.6371415384930377,0.60463636557152667,c2
"(Eukaryota_Opisthokonta_Nucletmycea_Fungi_Dikarya_Ascomycota_Saccharomycotina_Saccharomycetes_Saccharomycetales_Saccharomyces_cerevisiae_baker_s_yeast, Node1652*)",556,0.54414759139363145,0.60463636557152667,c2
"(Eukaryota_Opisthokonta_Nucletmycea_Fungi_Dikarya_Ascomycota_Saccharomycotina_Saccharomycetes_Saccharomycetales_Saccharomyces_cerevisiae_baker_s_yeast, Node1652*)",564,-7.3938681158916101e-18,0.60463636557152667,c2
"(Eukaryota_Opisthokonta_Nucletmycea_Fungi_Dikarya_Ascomycota_Saccharomycotina_Saccharomycetes_Saccharomycetales_Saccharomyces_cerevisiae_baker_s_yeast, Node1652*)",566,0.54414759139363145,0.60463636557152667,c2
"(Eukaryota_Opisthokonta_Nucletmycea_Fungi_Dikarya_Ascomycota_Saccharomycotina_Saccharomycetes_Saccharomycetales_Saccharomyces_cerevisiae_baker_s_yeast, Node1652*)",573,-5.6076217044948583e-18,0.60463636557152667,c2
"(Eukaryota_Opisthokonta_Nucletmycea_Fungi_Dikarya_Ascomycota_Saccharomycotina_Saccharomycetes_Saccharomycetales_Saccharomyces_cerevisiae_baker_s_yeast, Node1652*)",574,0.95863435521217666,0.60463636557152667,c2
"(Eukaryota_Opisthokonta_Nucletmycea_Fungi_Dikarya_Ascomycota_Saccharomycotina_Saccharomycetes_Saccharomycetales_Saccharomyces_cerevisiae_baker_s_yeast, Node1652*)",576,3.8707767424859778e-18,0.60463636557152667,c2
"(Eukaryota_Opisthokonta_Nucletmycea_Fungi_Dikarya_Ascomycota_Saccharomycotina_Saccharomycetes_Saccharomycetales_Saccharomyces_cerevisiae_baker_s_yeast, Node1652*)",578,5.2870974536375705e-18,0.60463636557152667,c2
"(Eukaryota_Opisthokonta_Nucletmycea_Fungi_Dikarya_Ascomycota_Saccharomycotina_Saccharomycetes_Saccharomycetales_Saccharomyces_cerevisiae_baker_s_yeast, Node1652*)",607,4.5033516520547468e-18,0.60463636557152667,c2
"(Eukaryota_Opisthokonta_Nucletmycea_Fungi_Dikarya_Ascomycota_Saccharomycotina_Saccharomycetes_Saccharomycetales_Saccharomyces_cerevisiae_baker_s_yeast, Node1652*)",610,-3.6278860286186746e-18,0.60463636557152667,c2
"(Eukaryota_Opisthokonta_Nucletmycea_Fungi_Dikarya_Ascomycota_Saccharomycotina_Saccharomycetes_Saccharomycetales_Saccharomyces_cerevisiae_baker_s_yeast, Node1652*)",612,1.6371415384930377,0.60463636557152667,c2
"(Eukaryota_Opisthokonta_Nucletmycea_Fungi_Dikarya_Ascomycota_Saccharomycotina_Saccharomycetes_Saccharomycetales_Saccharomyces_cerevisiae_baker_s_yeast, Node1652*)",614,-1.0249024388231282e-17,0.60463636557152667,c2
"(Eukaryota_Opisthokonta_Nucletmycea_Fungi_Dikarya_Ascomycota_Saccharomycotina_Saccharomycetes_Saccharomycetales_Saccharomyces_cerevisiae_baker_s_yeast, Node1652*)",615,-8.9277082249635364e-18,0.60463636557152667,c2
"(Eukaryota_Opisthokonta_Nucletmycea_Fungi_Dikarya_Ascomycota_Saccharomycotina_Saccharomycetes_Saccharomycetales_Saccharomyces_cerevisiae_baker_s_yeast, Node1652*)",624,0.54414759139363145,0.60463636557152667,c2
"(Eukaryota_Opisthokonta_Nucletmycea_Fungi_Dikarya_Ascomycota_Saccharomycotina_Saccharomycetes_Saccharomycetales_Saccharomyces_cerevisiae_baker_s_yeast, Node1652*)",625,1.6371415384930377,0.60463636557152667,c2
"(Eukaryota_Opisthokonta_Nucletmycea_Fungi_Dikarya_Ascomycota_Saccharomycotina_Saccharomycetes_Saccharomycetales_Saccharomyces_cerevisiae_baker_s_yeast, Node1652*)",626,0.54414759139363145,0.60463636557152667,c2
"(Eukaryota_Opisthokonta_Nucletmycea_Fungi_Dikarya_Ascomycota_Saccharomycotina_Saccharomycetes_Saccharomycetales_Saccharomyces_cerevisiae_baker_s_yeast, Node1652*)",631,0.95863435521217666,0.60463636557152667,c2
"(Eukaryota_Opisthokonta_Nucletmycea_Fungi_Dikarya_Ascomycota_Saccharomycotina_Saccharomycetes_Saccharomycetales_Saccharomyces_cerevisiae_baker_s_yeast, Node1652*)",632,0.54414759139363145,0.60463636557152667,c2
"(Eukaryota_Opisthokonta_Nucletmycea_Fungi_Dikarya_Ascomycota_Saccharomycotina_Saccharomycetes_Saccharomycetales_Saccharomyces_cerevisiae_baker_s_yeast, Node1652*)",636,0.95863435521217666,0.60463636557152667,c2
"(Eukaryota_Opisthokonta_Nucletmycea_Fungi_Dikarya_Ascomycota_Saccharomycotina_Saccharomycetes_Saccharomycetales_Saccharomyces_cerevisiae_baker_s_yeast, Node1652*)",638,-3.99819487239895e-18,0.60463636557152667,c2
"(Eukaryota_Opisthokonta_Nucletmycea_Fungi_Dikarya_Ascomycota_Saccharomycotina_Saccharomycetes_Saccharomycetales_Saccharomyces_cerevisiae_baker_s_yeast, Node1652*)",641,0.95863435521217666,0.60463636557152667,c2
"(Eukaryota_Opisthokonta_Nucletmycea_Fungi_Dikarya_Ascomycota_Saccharomycotina_Saccharomycetes_Saccharomycetales_Saccharomyces_cerevisiae_baker_s_yeast, Node1652*)",642,5.2013236243164047e-18,0.60463636557152667,c2
"(Eukaryota_Opisthokonta_Nucletmycea_Fungi_Dikarya_Ascomycota_Saccharomycotina_Saccharomycetes_Saccharomycetales_Saccharomyces_cerevisiae_baker_s_yeast, Node1652*)",644,-3.983380759096552e-18,0.60463636557152667,c2
"(Eukaryota_Opisthokonta_Nucletmycea_Fungi_Dikarya_Ascomycota_Saccharomycotina_Saccharomycetes_Saccharomycetales_Saccharomyces_cerevisiae_baker_s_yeast, Node1652*)",645,0.95863435521217666,0.60463636557152667,c2
"(Eukaryota_Opisthokonta_Nucletmycea_Fungi_Dikarya_Ascomycota_Saccharomycotina_Saccharomycetes_Saccharomycetales_Saccharomyces_cerevisiae_baker_s_yeast, Node1652*)",665,-1.0244612793254884e-17,0.60463636557152667,c2
"(Eukaryota_Opisthokonta_Nucletmycea_Fungi_Dikarya_Ascomycota_Saccharomycotina_Saccharomycetes_Saccharomycetales_Saccharomyces_cerevisiae_baker_s_yeast, Node1652*)",668,1.6371415384930377,0.60463636557152667,c2
"(Eukaryota_Opisthokonta_Nucletmycea_Fungi_Dikarya_Ascomycota_Saccharomycotina_Saccharomycetes_Saccharomycetales_Saccharomyces_cerevisiae_baker_s_yeast, Node1652*)",669,0.54414759139363145,0.60463636557152667,c2
"(Eukaryota_Opisthokonta_Nucletmycea_Fungi_Dikarya_Ascomycota_Saccharomycotina_Saccharomycetes_Saccharomycetales_Saccharomyces_cerevisiae_baker_s_yeast, Node1652*)",670,0.95863435521217666,0.60463636557152667,c2
"(Eukaryota_Opisthokonta_Nucletmycea_Fungi_Dikarya_Ascomycota_Saccharomycotina_Saccharomycetes_Saccharomycetales_Saccharomyces_cerevisiae_baker_s_yeast, Node1652*)",671,1.6371415384930377,0.60463636557152667,c2
"(Eukaryota_Opisthokonta_Nucletmycea_Fungi_Dikarya_Ascomycota_Saccharomycotina_Saccharomycetes_Saccharomycetales_Saccharomyces_cerevisiae_baker_s_yeast, Node1652*)",672,-8.13102808411197e-18,0.60463636557152667,c2
"(Eukaryota_Opisthokonta_Nucletmycea_Fungi_Dikarya_Ascomycota_Saccharomycotina_Saccharomycetes_Saccharomycetales_Saccharomyces_cerevisiae_baker_s_yeast, Node1652*)",673,1.6371415384930377,0.60463636557152667,c2
"(Eukaryota_Opisthokonta_Nucletmycea_Fungi_Dikarya_Ascomycota_Saccharomycotina_Saccharomycetes_Saccharomycetales_Saccharomyces_cerevisiae_baker_s_yeast, Node1652*)",674,1.6371415384930377,0.60463636557152667,c2
"(Eukaryota_Opisthokonta_Nucletmycea_Fungi_Dikarya_Ascomycota_Saccharomycotina_Saccharomycetes_Saccharomycetales_Saccharomyces_cerevisiae_baker_s_yeast, Node1652*)",684,4.6739845456015566e-18,0.60463636557152667,c2
"(Eukaryota_Opisthokonta_Nucletmycea_Fungi_Dikarya_Ascomycota_Saccharomycotina_Saccharomycetes_Saccharomycetales_Saccharomyces_cerevisiae_baker_s_yeast, Node1652*)",685,0.54414759139363145,0.60463636557152667,c2
"(Eukaryota_Opisthokonta_Nucletmycea_Fungi_Dikarya_Ascomycota_Saccharomycotina_Saccharomycetes_Saccharomycetales_Saccharomyces_cerevisiae_baker_s_yeast, Node1652*)",686,-1.026751588222735e-17,0.60463636557152667,c2
"(Eukaryota_Opisthokonta_Nucletmycea_Fungi_Dikarya_Ascomycota_Saccharomycotina_Saccharomycetes_Saccharomycetales_Saccharomyces_cerevisiae_baker_s_yeast, Node1652*)",688,0.54414759139363145,0.60463636557152667,c2
"(Eukaryota_Opisthokonta_Nucletmycea_Fungi_Dikarya_Ascomycota_Saccharomycotina_Saccharomycetes_Saccharomycetales_Saccharomyces_cerevisiae_baker_s_yeast, Node1652*)",689,0.54414759139363145,0.60463636557152667,c2
"(Eukaryota_Opisthokonta_Nucletmycea_Fungi_Dikarya_Ascomycota_Saccharomycotina_Saccharomycetes_Saccharomycetales_Saccharomyces_cerevisiae_baker_s_yeast, Node1652*)",693,6.2232514030035817e-18,0.60463636557152667,c2
"(Eukaryota_Opisthokonta_Nucletmycea_Fungi_Dikarya_Ascomycota_Saccharomycotina_Saccharomycetes_Saccharomycetales_Saccharomyces_cerevisiae_baker_s_yeast, Node1652*)",695,-1.0323436239712984e-17,0.60463636557152667,c2
"(Eukaryota_Opisthokonta_Nucletmycea_Fungi_Dikarya_Ascomycota_Saccharomycotina_Saccharomycetes_Saccharomycetales_Saccharomyces_cerevisiae_baker_s_yeast, Node1652*)",709,1.6371415384930377,0.60463636557152667,c2
"(Eukaryota_Opisthokonta_Nucletmycea_Fungi_Dikarya_Ascomycota_Saccharomycotina_Saccharomycetes_Saccharomycetales_Saccharomyces_cerevisiae_baker_s_yeast, Node1652*)",713,2.924522653350817e-18,0.60463636557152667,c2
"(Eukaryota_Opisthokonta_Nucletmycea_Fungi_Dikarya_Ascomycota_Saccharomycotina_Saccharomycetes_Saccharomycetales_Saccharomyces_cerevisiae_baker_s_yeast, Node1652*)",718,0.95863435521217666,0.60463636557152667,c2
"(Eukaryota_Opisthokonta_Nucletmycea_Fungi_Dikarya_Ascomycota_Saccharomycotina_Saccharomycetes_Saccharomycetales_Saccharomyces_cerevisiae_baker_s_yeast, Node1652*)",720,0.54414759139363145,0.60463636557152667,c2
"(Eukaryota_Opisthokonta_Nucletmycea_Fungi_Dikarya_Ascomycota_Saccharomycotina_Saccharomycetes_Saccharomycetales_Saccharomyces_cerevisiae_baker_s_yeast, Node1652*)",723,5.8322397004837725e-18,0.60463636557152667,c2
"(Eukaryota_Opisthokonta_Nucletmycea_Fungi_Dikarya_Ascomycota_Saccharomycotina_Saccharomycetes_Saccharomycetales_Saccharomyces_cerevisiae_baker_s_yeast, Node1652*)",725,0.95863435521217666,0.60463636557152667,c2
"(Eukaryota_Opisthokonta_Nucletmycea_Fungi_Dikarya_Ascomycota_Saccharomycotina_Saccharomycetes_Saccharomycetales_Saccharomyces_cerevisiae_baker_s_yeast, Node1652*)",732,4.9454686677898467e-18,0.60463636557152667,c2
"(Eukaryota_Opisthokonta_Nucletmycea_Fungi_Dikarya_Ascomycota_Saccharomycotina_Saccharomycetes_Saccharomycetales_Saccharomyces_cerevisiae_baker_s_yeast, Node1652*)",733,0.95863435521217666,0.60463636557152667,c2
"(Eukaryota_Opisthokonta_Nucletmycea_Fungi_Dikarya_Ascomycota_Saccharomycotina_Saccharomycetes_Saccharomycetales_Saccharomyces_cerevisiae_baker_s_yeast, Node1652*)",734,-3.8788582674659669e-18,0.60463636557152667,c2
"(Eukaryota_Opisthokonta_Nucletmycea_Fungi_Dikarya_Ascomycota_Saccharomycotina_Saccharomycetes_Saccharomycetales_Saccharomyces_cerevisiae_baker_s_yeast, Node1652*)",735,-6.8573605097980463e-18,0.60463636557152667,c2
"(Eukaryota_Opisthokonta_Nucletmycea_Fungi_Dikarya_Ascomycota_Saccharomycotina_Saccharomycetes_Saccharomycetales_Saccharomyces_cerevisiae_baker_s_yeast, Node1652*)",741,0.95863435521217666,0.60463636557152667,c2
"(Eukaryota_Opisthokonta_Nucletmycea_Fungi_Dikarya_Ascomycota_Saccharomycotina_Saccharomycetes_Saccharomycetales_Saccharomyces_cerevisiae_baker_s_yeast, Node1652*)",756,8.0767677776381671e-18,0.60463636557152667,c2
"(Eukaryota_Opisthokonta_Nucletmycea_Fungi_Dikarya_Ascomycota_Saccharomycotina_Saccharomycetes_Saccharomycetales_Saccharomyces_cerevisiae_baker_s_yeast, Node1652*)",771,0.54414759139363145,0.60463636557152667,c2
"(Eukaryota_Opisthokonta_Nucletmycea_Fungi_Dikarya_Ascomycota_Saccharomycotina_Saccharomycetes_Saccharomycetales_Saccharomyces_cerevisiae_baker_s_yeast, Node1652*)",772,1.6371415384930377,0.60463636557152667,c2
"(Eukaryota_Opisthokonta_Nucletmycea_Fungi_Dikarya_Ascomycota_Saccharomycotina_Saccharomycetes_Saccharomycetales_Saccharomyces_cerevisiae_baker_s_yeast, Node1652*)",778,-5.977808930744929e-18,0.60463636557152667,c2
"(Eukaryota_Opisthokonta_Nucletmycea_Fungi_Dikarya_Ascomycota_Saccharomycotina_Saccharomycetes_Saccharomycetales_Saccharomyces_cerevisiae_baker_s_yeast, Node1652*)",781,0.54414759138911173,0.60463636557152667,c2
"(Eukaryota_Opisthokonta_Nucletmycea_Fungi_Dikarya_Ascomycota_Saccharomycotina_Saccharomycetes_Saccharomycetales_Saccharomyces_cerevisiae_baker_s_yeast, Node1652*)",782,1.6371415384930377,0.60463636557152667,c2
"(Eukaryota_Opisthokonta_Nucletmycea_Fungi_Dikarya_Ascomycota_Saccharomycotina_Saccharomycetes_Saccharomycetales_Saccharomyces_cerevisiae_baker_s_yeast, Node1652*)",789,-1.0529525911502714e-17,0.60463636557152667,c2
"(Eukaryota_Opisthokonta_Nucletmycea_Fungi_Dikarya_Ascomycota_Saccharomycotina_Saccharomycetes_Saccharomycetales_Saccharomyces_cerevisiae_baker_s_yeast, Node1652*)",815,1.6371415384930377,0.60463636557152667,c2
"(Eukaryota_Opisthokonta_Nucletmycea_Fungi_Dikarya_Ascomycota_Saccharomycotina_Saccharomycetes_Saccharomycetales_Saccharomyces_cerevisiae_baker_s_yeast, Node1652*)",816,-1.0771736394353755e-17,0.60463636557152667,c2
"(Eukaryota_Opisthokonta_Nucletmycea_Fungi_Dikarya_Ascomycota_Saccharomycotina_Saccharomycetes_Saccharomycetales_Saccharomyces_cerevisiae_baker_s_yeast, Node1652*)",844,-9.4770056764115446e-18,0.60463636557152667,c2
"(Eukaryota_Opisthokonta_Nucletmycea_Fungi_Dikarya_Ascomycota_Saccharomycotina_Saccharomycetes_Saccharomycetales_Saccharomyces_cerevisiae_baker_s_yeast, Node1652*)",847,-1.0530577085013428e-17,0.60463636557152667,c2
"(Eukaryota_Opisthokonta_Nucletmycea_Fungi_Dikarya_Ascomycota_Saccharomycotina_Saccharomycetes_Saccharomycetales_Saccharomyces_cerevisiae_baker_s_yeast, Node1652*)",857,5.9289317060193078e-18,0.60463636557152667,c2
"(Eukaryota_Opisthokonta_Nucletmycea_Fungi_Dikarya_Ascomycota_Saccharomycotina_Saccharomycetes_Saccharomycetales_Saccharomyces_cerevisiae_baker_s_yeast, Node1652*)",858,5.2730341155732174e-19,0.60463636557152667,c2
"(Eukaryota_Opisthokonta_Nucletmycea_Fungi_Dikarya_Ascomycota_Saccharomycotina_Saccharomycetes_Saccharomycetales_Saccharomyces_cerevisiae_baker_s_yeast, Node1652*)",859,0.54414759139363145,0.60463636557152667,c2
"(Eukaryota_Opisthokonta_Nucletmycea_Fungi_Dikarya_Ascomycota_Saccharomycotina_Saccharomycetes_Saccharomycetales_Saccharomyces_cerevisiae_baker_s_yeast, Node1652*)",860,0.95863435521217666,0.60463636557152667,c2
"(Eukaryota_Opisthokonta_Nucletmycea_Fungi_Dikarya_Ascomycota_Saccharomycotina_Saccharomycetes_Saccharomycetales_Saccharomyces_cerevisiae_baker_s_yeast, Node1652*)",861,0.54414759139363145,0.60463636557152667,c2
"(Eukaryota_Opisthokonta_Nucletmycea_Fungi_Dikarya_Ascomycota_Saccharomycotina_Saccharomycetes_Saccharomycetales_Saccharomyces_cerevisiae_baker_s_yeast, Node1652*)",863,-1.0579740180157432e-17,0.60463636557152667,c2
"(Eukaryota_Opisthokonta_Nucletmycea_Fungi_Dikarya_Ascomycota_Saccharomycotina_Saccharomycetes_Saccharomycetales_Saccharomyces_cerevisiae_baker_s_yeast, Node1652*)",865,-1.0580272260574076e-17,0.60463636557152667,c2
"(Eukaryota_Opisthokonta_Nucletmycea_Fungi_Dikarya_Ascomycota_Saccharomycotina_Saccharomycetes_Saccharomycetales_Saccharomyces_cerevisiae_baker_s_yeast, Node1652*)",868,0.54414759139363145,0.60463636557152667,c2
"(Eukaryota_Opisthokonta_Nucletmycea_Fungi_Dikarya_Ascomycota_Saccharomycotina_Saccharomycetes_Saccharomycetales_Saccharomyces_cerevisiae_baker_s_yeast, Node1652*)",870,0.54414759139363145,0.60463636557152667,c2
"(Eukaryota_Opisthokonta_Nucletmycea_Fungi_Dikarya_Ascomycota_Saccharomycotina_Saccharomycetes_Saccharomycetales_Saccharomyces_cerevisiae_baker_s_yeast, Node1652*)",874,0.95863435521217666,0.60463636557152667,c2
"(Eukaryota_Opisthokonta_Nucletmycea_Fungi_Dikarya_Ascomycota_Saccharomycotina_Saccharomycetes_Saccharomycetales_Saccharomyces_cerevisiae_baker_s_yeast, Node1652*)",875,0.95863435521217666,0.60463636557152667,c2
"(Eukaryota_Opisthokonta_Nucletmycea_Fungi_Dikarya_Ascomycota_Saccharomycotina_Saccharomycetes_Saccharomycetales_Saccharomyces_cerevisiae_baker_s_yeast, Node1652*)",876,1.6371415384930377,0.60463636557152667,c2
"(Eukaryota_Opisthokonta_Nucletmycea_Fungi_Dikarya_Ascomycota_Saccharomycotina_Saccharomycetes_Saccharomycetales_Saccharomyces_cerevisiae_baker_s_yeast, Node1652*)",881,0.95863435521217666,0.60463636557152667,c2
"(Eukaryota_Opisthokonta_Nucletmycea_Fungi_Dikarya_Ascomycota_Saccharomycotina_Saccharomycetes_Saccharomycetales_Saccharomyces_cerevisiae_baker_s_yeast, Node1652*)",882,1.6371415384930377,0.60463636557152667,c2
"(Eukaryota_Opisthokonta_Nucletmycea_Fungi_Dikarya_Ascomycota_Saccharomycotina_Saccharomycetes_Saccharomycetales_Saccharomyces_cerevisiae_baker_s_yeast, Node1652*)",884,1.6371415384930377,0.60463636557152667,c2
"(Eukaryota_Opisthokonta_Nucletmycea_Fungi_Dikarya_Ascomycota_Saccharomycotina_Saccharomycetes_Saccharomycetales_Saccharomyces_cerevisiae_baker_s_yeast, Node1652*)",888,-9.2584286115368161e-18,0.60463636557152667,c2
"(Eukaryota_Opisthokonta_Nucletmycea_Fungi_Dikarya_Ascomycota_Saccharomycotina_Saccharomycetes_Saccharomycetales_Saccharomyces_cerevisiae_baker_s_yeast, Node1652*)",894,0.54414759139363145,0.60463636557152667,c2
"(Eukaryota_Opisthokonta_Nucletmycea_Fungi_Dikarya_Ascomycota_Saccharomycotina_Saccharomycetes_Saccharomycetales_Saccharomyces_cerevisiae_baker_s_yeast, Node1652*)",904,0.54414759139363145,0.60463636557152667,c2
"(Eukaryota_Opisthokonta_Nucletmycea_Fungi_Dikarya_Ascomycota_Saccharomycotina_Saccharomycetes_Saccharomycetales_Saccharomyces_cerevisiae_baker_s_yeast, Node1652*)",906,-1.0649182429537812e-17,0.60463636557152667,c2
"(Eukaryota_Opisthokonta_Nucletmycea_Fungi_Dikarya_Ascomycota_Saccharomycotina_Saccharomycetes_Saccharomycetales_Saccharomyces_cerevisiae_baker_s_yeast, Node1652*)",910,0.54414759139363145,0.60463636557152667,c2
"(Eukaryota_Opisthokonta_Nucletmycea_Fungi_Dikarya_Ascomycota_Saccharomycotina_Saccharomycetes_Saccharomycetales_Saccharomyces_cerevisiae_baker_s_yeast, Node1652*)",911,-1.0641352320277438e-17,0.60463636557152667,c2
"(Eukaryota_Opisthokonta_Nucletmycea_Fungi_Dikarya_Ascomycota_Saccharomycotina_Saccharomycetes_Saccharomycetales_Saccharomyces_cerevisiae_baker_s_yeast, Node1652*)",912,0.54414759139363145,0.60463636557152667,c2
"(Eukaryota_Opisthokonta_Nucletmycea_Fungi_Dikarya_Ascomycota_Saccharomycotina_Saccharomycetes_Saccharomycetales_Saccharomyces_cerevisiae_baker_s_yeast, Node1652*)",914,0.95863435521217666,0.60463636557152667,c2
"(Eukaryota_Opisthokonta_Nucletmycea_Fungi_Dikarya_Ascomycota_Saccharomycotina_Saccharomycetes_Saccharomycetales_Saccharomyces_cerevisiae_baker_s_yeast, Node1652*)",915,0.54414759139363145,0.60463636557152667,c2
"(Eukaryota_Opisthokonta_Nucletmycea_Fungi_Dikarya_Ascomycota_Saccharomycotina_Saccharomycetes_Saccharomycetales_Saccharomyces_cerevisiae_baker_s_yeast, Node1652*)",916,1.6371415384930377,0.60463636557152667,c2
"(Eukaryota_Opisthokonta_Nucletmycea_Fungi_Dikarya_Ascomycota_Saccharomycotina_Saccharomycetes_Saccharomycetales_Saccharomyces_cerevisiae_baker_s_yeast, Node1652*)",922,5.911507672555952e-18,0.60463636557152667,c2
"(Eukaryota_Opisthokonta_Nucletmycea_Fungi_Dikarya_Ascomycota_Saccharomycotina_Saccharomycetes_Saccharomycetales_Saccharomyces_cerevisiae_baker_s_yeast, Node1652*)",925,-1.0626510963964428e-17,0.60463636557152667,c2
"(Eukaryota_Opisthokonta_Nucletmycea_Fungi_Dikarya_Ascomycota_Saccharomycotina_Saccharomycetes_Saccharomycetales_Saccharomyces_cerevisiae_baker_s_yeast, Node1652*)",927,5.693865139516283e-18,0.60463636557152667,c2
"(Eukaryota_Opisthokonta_Nucletmycea_Fungi_Dikarya_Ascomycota_Saccharomycotina_Saccharomycetes_Saccharomycetales_Saccharomyces_cerevisiae_baker_s_yeast, Node1652*)",928,5.8671424632393763e-18,0.60463636557152667,c2
"(Eukaryota_Opisthokonta_Nucletmycea_Fungi_Dikarya_Ascomycota_Saccharomycotina_Saccharomycetes_Saccharomycetales_Saccharomyces_cerevisiae_baker_s_yeast, Node1652*)",929,-9.4489569804567759e-18,0.60463636557152667,c2
"(Eukaryota_Opisthokonta_Nucletmycea_Fungi_Dikarya_Ascomycota_Saccharomycotina_Saccharomycetes_Saccharomycetales_Saccharomyces_cerevisiae_baker_s_yeast, Node1652*)",930,-1.0578133549044731e-17,0.60463636557152667,c2
"(Eukaryota_Opisthokonta_Nucletmycea_Fungi_Dikarya_Ascomycota_Saccharomycotina_Saccharomycetes_Saccharomycetales_Saccharomyces_cerevisiae_baker_s_yeast, Node1652*)",932,-3.7653490778851087e-18,0.60463636557152667,c2
"(Eukaryota_Opisthokonta_Nucletmycea_Fungi_Dikarya_Ascomycota_Saccharomycotina_Saccharomycetes_Saccharomycetales_Saccharomyces_cerevisiae_baker_s_yeast, Node1652*)",933,5.339962850746917e-18,0.60463636557152667,c2
"(Eukaryota_Opisthokonta_Nucletmycea_Fungi_Dikarya_Ascomycota_Saccharomycotina_Saccharomycetes_Saccharomycetales_Saccharomyces_cerevisiae_baker_s_yeast, Node1652*)",934,0.95863435521217666,0.60463636557152667,c2
"(Eukaryota_Opisthokonta_Nucletmycea_Fungi_Dikarya_Ascomycota_Saccharomycotina_Saccharomycetes_Saccharomycetales_Saccharomyces_cerevisiae_baker_s_yeast, Node1652*)",935,0.95863435521217666,0.60463636557152667,c2
"(Eukaryota_Opisthokonta_Nucletmycea_Fungi_Dikarya_Ascomycota_Saccharomycotina_Saccharomycetes_Saccharomycetales_Saccharomyces_cerevisiae_baker_s_yeast, Node1652*)",936,-1.0642955388475254e-17,0.60463636557152667,c2
"(Eukaryota_Opisthokonta_Nucletmycea_Fungi_Dikarya_Ascomycota_Saccharomycotina_Saccharomycetes_Saccharomycetales_Saccharomyces_cerevisiae_baker_s_yeast, Node1652*)",937,7.681588384310514e-18,0.60463636557152667,c2
"(Eukaryota_Opisthokonta_Nucletmycea_Fungi_Dikarya_Ascomycota_Saccharomycotina_Saccharomycetes_Saccharomycetales_Saccharomyces_cerevisiae_baker_s_yeast, Node1652*)",938,4.869179859737827e-18,0.60463636557152667,c2
"(Eukaryota_Opisthokonta_Nucletmycea_Fungi_Dikarya_Ascomycota_Saccharomycotina_Saccharomycetes_Saccharomycetales_Saccharomyces_cerevisiae_baker_s_yeast, Node1652*)",950,0.95863435521217666,0.60463636557152667,c2
"(Eukaryota_Opisthokonta_Nucletmycea_Fungi_Dikarya_Ascomycota_Saccharomycotina_Saccharomycetes_Saccharomycetales_Saccharomyces_cerevisiae_baker_s_yeast, Node1652*)",951,-1.0184431053686383e-17,0.60463636557152667,c2
"(Eukaryota_Opisthokonta_Nucletmycea_Fungi_Dikarya_Ascomycota_Saccharomycotina_Saccharomycetes_Saccharomycetales_Saccharomyces_cerevisiae_baker_s_yeast, Node1652*)",952,0.54414759139363145,0.60463636557152667,c2
"(Eukaryota_Opisthokonta_Nucletmycea_Fungi_Dikarya_Ascomycota_Saccharomycotina_Saccharomycetes_Saccharomycetales_Saccharomyces_cerevisiae_baker_s_yeast, Node1652*)",954,-8.4558933012037292e-18,0.60463636557152667,c2
"(Eukaryota_Opisthokonta_Nucletmycea_Fungi_Dikarya_Ascomycota_Saccharomycotina_Saccharomycetes_Saccharomycetales_Saccharomyces_cerevisiae_baker_s_yeast, Node1652*)",955,0.95863435521217666,0.60463636557152667,c2
"(Eukaryota_Opisthokonta_Nucletmycea_Fungi_Dikarya_Ascomycota_Saccharomycotina_Saccharomycetes_Saccharomycetales_Saccharomyces_cerevisiae_baker_s_yeast, Node1652*)",956,0.54414759139363145,0.60463636557152667,c2
"(Eukaryota_Opisthokonta_Nucletmycea_Fungi_Dikarya_Ascomycota_Saccharomycotina_Saccharomycetes_Saccharomycetales_Saccharomyces_cerevisiae_baker_s_yeast, Node1652*)",961,0.54414759139363145,0.60463636557152667,c2
"(Eukaryota_Opisthokonta_Nucletmycea_Fungi_Dikarya_Ascomycota_Saccharomycotina_Saccharomycetes_Saccharomycetales_Saccharomyces_cerevisiae_baker_s_yeast, Node1652*)",963,0.54414759139363145,0.60463636557152667,c2
"(Eukaryota_Opisthokonta_Nucletmycea_Fungi_Dikarya_Ascomycota_Saccharomycotina_Saccharomycetes_Saccharomycetales_Saccharomyces_cerevisiae_baker_s_yeast, Node1652*)",969,0.95863435521217666,0.60463636557152667,c2
"(Eukaryota_Opisthokonta_Nucletmycea_Fungi_Dikarya_Ascomycota_Saccharomycotina_Saccharomycetes_Saccharomycetales_Saccharomyces_cerevisiae_baker_s_yeast, Node1652*)",970,0.95863435521217666,0.60463636557152667,c2
"(Eukaryota_Opisthokonta_Nucletmycea_Fungi_Dikarya_Ascomycota_Saccharomycotina_Saccharomycetes_Saccharomycetales_Saccharomyces_cerevisiae_baker_s_yeast, Node1652*)",971,2.2503216788931462e-18,0.60463636557152667,c2
"(Eukaryota_Opisthokonta_Nucletmycea_Fungi_Dikarya_Ascomycota_Saccharomycotina_Saccharomycetes_Saccharomycetales_Saccharomyces_cerevisiae_baker_s_yeast, Node1652*)",972,1.6371415384930377,0.60463636557152667,c2
"(Eukaryota_Opisthokonta_Nucletmycea_Fungi_Dikarya_Ascomycota_Saccharomycotina_Saccharomycetes_Saccharomycetales_Saccharomyces_cerevisiae_baker_s_yeast, Node1652*)",980,-1.0086423297947934e-17,0.60463636557152667,c2
"(Eukaryota_Opisthokonta_Nucletmycea_Fungi_Dikarya_Ascomycota_Saccharomycotina_Saccharomycetes_Saccharomycetales_Saccharomyces_cerevisiae_baker_s_yeast, Node1652*)",981,1.6371415384930377,0.60463636557152667,c2
"(Eukaryota_Opisthokonta_Nucletmycea_Fungi_Dikarya_Ascomycota_Saccharomycotina_Saccharomycetes_Saccharomycetales_Saccharomyces_cerevisiae_baker_s_yeast, Node1652*)",982,0.54414759139363145,0.60463636557152667,c2
"(Eukaryota_Opisthokonta_Nucletmycea_Fungi_Dikarya_Ascomycota_Saccharomycotina_Saccharomycetes_Saccharomycetales_Saccharomyces_cerevisiae_baker_s_yeast, Node1652*)",986,-1.048944251642536e-17,0.60463636557152667,c2
"(Eukaryota_Opisthokonta_Nucletmycea_Fungi_Dikarya_Ascomycota_Saccharomycotina_Saccharomycetes_Saccharomycetales_Saccharomyces_cerevisiae_baker_s_yeast, Node1652*)",987,-1.0264009124756744e-17,0.60463636557152667,c2
"(Eukaryota_Opisthokonta_Nucletmycea_Fungi_Dikarya_Ascomycota_Saccharomycotina_Saccharomycetes_Saccharomycetales_Saccharomyces_cerevisiae_baker_s_yeast, Node1652*)",989,0.54414759139363145,0.60463636557152667,c2
"(Eukaryota_Opisthokonta_Nucletmycea_Fungi_Dikarya_Ascomycota_Saccharomycotina_Saccharomycetes_Saccharomycetales_Saccharomyces_cerevisiae_baker_s_yeast, Node1652*)",992,-1.020013597316897e-17,0.60463636557152667,c2
"(Eukaryota_Opisthokonta_Nucletmycea_Fungi_Dikarya_Ascomycota_Saccharomycotina_Saccharomycetes_Saccharomycetales_Saccharomyces_cerevisiae_baker_s_yeast, Node1652*)",995,1.6371415384930377,0.60463636557152667,c2
"(Eukaryota_Opisthokonta_Nucletmycea_Fungi_Dikarya_Ascomycota_Saccharomycotina_Saccharomycetes_Saccharomycetales_Saccharomyces_cerevisiae_baker_s_yeast, Node1652*)",998,0.54414759139363145,0.60463636557152667,c2
"(Eukaryota_Opisthokonta_Nucletmycea_Fungi_Dikarya_Ascomycota_Saccharomycotina_Saccharomycetes_Saccharomycetales_Saccharomyces_cerevisiae_baker_s_yeast, Node1652*)",999,0.95863435521217666,0.60463636557152667,c2
"(Eukaryota_Opisthokonta_Nucletmycea_Fungi_Dikarya_Ascomycota_Saccharomycotina_Saccharomycetes_Saccharomycetales_Saccharomyces_cerevisiae_baker_s_yeast, Node1652*)",1002,0.95863435521217666,0.60463636557152667,c2
"(Eukaryota_Opisthokonta_Nucletmycea_Fungi_Dikarya_Ascomycota_Saccharomycotina_Saccharomycetes_Saccharomycetales_Saccharomyces_cerevisiae_baker_s_yeast, Node1652*)",1003,0.54414759139363145,0.60463636557152667,c2
"(Eukaryota_Opisthokonta_Nucletmycea_Fungi_Dikarya_Ascomycota_Saccharomycotina_Saccharomycetes_Saccharomycetales_Saccharomyces_cerevisiae_baker_s_yeast, Node1652*)",1007,5.8858676015444376e-18,0.60463636557152667,c2
"(Eukaryota_Opisthokonta_Nucletmycea_Fungi_Dikarya_Ascomycota_Saccharomycotina_Saccharomycetes_Saccharomycetales_Saccharomyces_cerevisiae_baker_s_yeast, Node1652*)",1009,7.805208986061331e-18,0.60463636557152667,c2
"(Eukaryota_Opisthokonta_Nucletmycea_Fungi_Dikarya_Ascomycota_Saccharomycotina_Saccharomycetes_Saccharomycetales_Saccharomyces_cerevisiae_baker_s_yeast, Node1652*)",1014,-1.0266229773629314e-17,0.60463636557152667,c2
"(Eukaryota_Opisthokonta_Nucletmycea_Fungi_Dikarya_Ascomycota_Saccharomycotina_Saccharomycetes_Saccharomycetales_Saccharomyces_cerevisiae_baker_s_yeast, Node1652*)",1019,7.9033844845434058e-18,0.60463636557152667,c2
"(Eukaryota_Opisthokonta_Nucletmycea_Fungi_Dikarya_Ascomycota_Saccharomycotina_Saccharomycetes_Saccharomycetales_Saccharomyces_cerevisiae_baker_s_yeast, Node1652*)",1021,0.54414759139363145,0.60463636557152667,c2
"(Eukaryota_Opisthokonta_Nucletmycea_Fungi_Dikarya_Ascomycota_Saccharomycotina_Saccharomycetes_Saccharomycetales_Saccharomyces_cerevisiae_baker_s_yeast, Node1652*)",1026,8.0973880241188716e-18,0.60463636557152667,c2
"(Eukaryota_Opisthokonta_Nucletmycea_Fungi_Dikarya_Ascomycota_Saccharomycotina_Saccharomycetes_Saccharomycetales_Saccharomyces_cerevisiae_baker_s_yeast, Node1652*)",1027,0.54414759139363145,0.60463636557152667,c2
"(Eukaryota_Opisthokonta_Nucletmycea_Fungi_Dikarya_Ascomycota_Saccharomycotina_Saccharomycetes_Saccharomycetales_Saccharomyces_cerevisiae_baker_s_yeast, Node1652*)",1028,0.54414759139363145,0.60463636557152667,c2
"(Eukaryota_Opisthokonta_Nucletmycea_Fungi_Dikarya_Ascomycota_Saccharomycotina_Saccharomycetes_Saccharomycetales_Saccharomyces_cerevisiae_baker_s_yeast, Node1652*)",1033,1.6371415384930377,0.60463636557152667,c2
"(Eukaryota_Opisthokonta_Nucletmycea_Fungi_Dikarya_Ascomycota_Saccharomycotina_Saccharomycetes_Saccharomycetales_Saccharomyces_cerevisiae_baker_s_yeast, Node1652*)",1034,6.0331522377238138e-18,0.60463636557152667,c2
"(Eukaryota_Opisthokonta_Nucletmycea_Fungi_Dikarya_Ascomycota_Saccharomycotina_Saccharomycetes_Saccharomycetales_Saccharomyces_cerevisiae_baker_s_yeast, Node1652*)",1040,0.54414759139363145,0.60463636557152667,c2
"(Eukaryota_Opisthokonta_Nucletmycea_Fungi_Dikarya_Ascomycota_Saccharomycotina_Saccharomycetes_Saccharomycetales_Saccharomyces_cerevisiae_baker_s_yeast, Node1652*)",1043,0.54414759139363145,0.60463636557152667,c2
"(Eukaryota_Opisthokonta_Nucletmycea_Fungi_Dikarya_Ascomycota_Saccharomycotina_Saccharomycetes_Saccharomycetales_Saccharomyces_cerevisiae_baker_s_yeast, Node1652*)",1044,7.1503570710082046e-18,0.60463636557152667,c2
"(Eukaryota_Opisthokonta_Nucletmycea_Fungi_Dikarya_Ascomycota_Saccharomycotina_Saccharomycetes_Saccharomycetales_Saccharomyces_cerevisiae_baker_s_yeast, Node1652*)",1045,-1.0269059087817101e-17,0.60463636557152667,c2
"(Eukaryota_Opisthokonta_Nucletmycea_Fungi_Dikarya_Ascomycota_Saccharomycotina_Saccharomycetes_Saccharomycetales_Saccharomyces_cerevisiae_baker_s_yeast, Node1652*)",1052,0.95863435521217666,0.60463636557152667,c2
"(Eukaryota_Opisthokonta_Nucletmycea_Fungi_Dikarya_Ascomycota_Saccharomycotina_Saccharomycetes_Saccharomycetales_Saccharomyces_cerevisiae_baker_s_yeast, Node1652*)",1053,0.95863435521217666,0.60463636557152667,c2
"(Eukaryota_Opisthokonta_Nucletmycea_Fungi_Dikarya_Ascomycota_Saccharomycotina_Saccharomycetes_Saccharomycetales_Saccharomyces_cerevisiae_baker_s_yeast, Node1652*)",1054,0.54414759139363145,0.60463636557152667,c2
"(Eukaryota_Opisthokonta_Nucletmycea_Fungi_Dikarya_Ascomycota_Saccharomycotina_Saccharomycetes_Saccharomycetales_Saccharomyces_cerevisiae_baker_s_yeast, Node1652*)",1055,1.6371415384930377,0.60463636557152667,c2
"(Eukaryota_Opisthokonta_Nucletmycea_Fungi_Dikarya_Ascomycota_Saccharomycotina_Saccharomycetes_Saccharomycetales_Saccharomyces_cerevisiae_baker_s_yeast, Node1652*)",1064,-9.9838521349844408e-18,0.60463636557152667,c2
"(Eukaryota_Opisthokonta_Nucletmycea_Fungi_Dikarya_Ascomycota_Saccharomycotina_Saccharomycetes_Saccharomycetales_Saccharomyces_cerevisiae_baker_s_yeast, Node1652*)",1085,-1.0169506073946669e-17,0.60463636557152667,c2
"(Eukaryota_Opisthokonta_Nucletmycea_Fungi_Dikarya_Ascomycota_Saccharomycotina_Saccharomycetes_Saccharomycetales_Saccharomyces_cerevisiae_baker_s_yeast, Node1652*)",1086,0.54414759139363145,0.60463636557152667,c2
"(Eukaryota_Opisthokonta_Nucletmycea_Fungi_Dikarya_Ascomycota_Saccharomycotina_Saccharomycetes_Saccharomycetales_Saccharomyces_cerevisiae_baker_s_yeast, Node1652*)",1092,7.8992375842064532e-18,0.60463636557152667,c2
"(Eukaryota_Opisthokonta_Nucletmycea_Fungi_Dikarya_Ascomycota_Saccharomycotina_Saccharomycetes_Saccharomycetales_Saccharomyces_cerevisiae_baker_s_yeast, Node1652*)",1097,0.95863435521217666,0.60463636557152667,c2
"(Eukaryota_Opisthokonta_Nucletmycea_Fungi_Dikarya_Ascomycota_Saccharomycotina_Saccharomycetes_Saccharomycetales_Saccharomyces_cerevisiae_baker_s_yeast, Node1652*)",1098,0.54414759139363145,0.60463636557152667,c2
"(Eukaryota_Opisthokonta_Nucletmycea_Fungi_Dikarya_Ascomycota_Saccharomycotina_Saccharomycetes_Saccharomycetales_Saccharomyces_cerevisiae_baker_s_yeast, Node1652*)",1112,-1.0543199482311225e-17,0.60463636557152667,c2
"(Eukaryota_Opisthokonta_Nucletmycea_Fungi_Dikarya_Ascomycota_Saccharomycotina_Saccharomycetes_Saccharomycetales_Saccharomyces_cerevisiae_baker_s_yeast, Node1652*)",1113,1.6371415384930377,0.60463636557152667,c2
"(Eukaryota_Opisthokonta_Nucletmycea_Fungi_Dikarya_Ascomycota_Saccharomycotina_Saccharomycetes_Saccharomycetales_Saccharomyces_cerevisiae_baker_s_yeast, Node1652*)",1121,-1.023986698820329e-17,0.60463636557152667,c2
"(Eukaryota_Opisthokonta_Nucletmycea_Fungi_Dikarya_Ascomycota_Saccharomycotina_Saccharomycetes_Saccharomycetales_Saccharomyces_cerevisiae_baker_s_yeast, Node1652*)",1122,0.54414759139363145,0.60463636557152667,c2
"(Eukaryota_Opisthokonta_Nucletmycea_Fungi_Dikarya_Ascomycota_Saccharomycotina_Saccharomycetes_Saccharomycetales_Saccharomyces_cerevisiae_baker_s_yeast, Node1652*)",1123,0.54414759139363145,0.60463636557152667,c2
"(Eukaryota_Opisthokonta_Nucletmycea_Fungi_Dikarya_Ascomycota_Saccharomycotina_Saccharomycetes_Saccharomycetales_Saccharomyces_cerevisiae_baker_s_yeast, Node1652*)",1126,0.54414759139363145,0.60463636557152667,c2
"(Eukaryota_Opisthokonta_Nucletmycea_Fungi_Dikarya_Ascomycota_Saccharomycotina_Saccharomycetes_Saccharomycetales_Saccharomyces_cerevisiae_baker_s_yeast, Node1652*)",1132,8.0281158543825011e-18,0.60463636557152667,c2
"(Eukaryota_Opisthokonta_Nucletmycea_Fungi_Dikarya_Ascomycota_Saccharomycotina_Saccharomycetes_Saccharomycetales_Saccharomyces_cerevisiae_baker_s_yeast, Node1652*)",1133,0.54414759139363145,0.60463636557152667,c2
"(Eukaryota_Opisthokonta_Nucletmycea_Fungi_Dikarya_Ascomycota_Saccharomycotina_Saccharomycetes_Saccharomycetales_Saccharomyces_cerevisiae_baker_s_yeast, Node1652*)",1139,0.54414759139363145,0.60463636557152667,c2
"(Eukaryota_Opisthokonta_Nucletmycea_Fungi_Dikarya_Ascomycota_Saccharomycotina_Saccharomycetes_Saccharomycetales_Saccharomyces_cerevisiae_baker_s_yeast, Node1652*)",1140,1.6371415384930377,0.60463636557152667,c2
"(Eukaryota_Opisthokonta_Nucletmycea_Fungi_Dikarya_Ascomycota_Saccharomycotina_Saccharomycetes_Saccharomycetales_Saccharomyces_cerevisiae_baker_s_yeast, Node1652*)",1142,0.54414759139363145,0.60463636557152667,c2
"(Eukaryota_Opisthokonta_Nucletmycea_Fungi_Dikarya_Ascomycota_Saccharomycotina_Saccharomycetes_Saccharomycetales_Saccharomyces_cerevisiae_baker_s_yeast, Node1652*)",1143,0.95863435521217666,0.60463636557152667,c2
"(Eukaryota_Opisthokonta_Nucletmycea_Fungi_Dikarya_Ascomycota_Saccharomycotina_Saccharomycetes_Saccharomycetales_Saccharomyces_cerevisiae_baker_s_yeast, Node1652*)",1145,0.95863435521217666,0.60463636557152667,c2
"(Eukaryota_Opisthokonta_Nucletmycea_Fungi_Dikarya_Ascomycota_Saccharomycotina_Saccharomycetes_Saccharomycetales_Saccharomyces_cerevisiae_baker_s_yeast, Node1652*)",1146,0.54414759139363145,0.60463636557152667,c2
"(Eukaryota_Opisthokonta_Nucletmycea_Fungi_Dikarya_Ascomycota_Saccharomycotina_Saccharomycetes_Saccharomycetales_Saccharomyces_cerevisiae_baker_s_yeast, Node1652*)",1147,-6.9836462304494242e-18,0.60463636557152667,c2
"(Eukaryota_Opisthokonta_Nucletmycea_Fungi_Dikarya_Ascomycota_Saccharomycotina_Saccharomycetes_Saccharomycetales_Saccharomyces_cerevisiae_baker_s_yeast, Node1652*)",1150,0.95863435521217666,0.60463636557152667,c2
"(Eukaryota_Opisthokonta_Nucletmycea_Fungi_Dikarya_Ascomycota_Saccharomycotina_Saccharomycetes_Saccharomycetales_Saccharomyces_cerevisiae_baker_s_yeast, Node1652*)",1178,0.95863435521217666,0.60463636557152667,c2
"(Eukaryota_Opisthokonta_Nucletmycea_Fungi_Dikarya_Ascomycota_Saccharomycotina_Saccharomycetes_Saccharomycetales_Saccharomyces_cerevisiae_baker_s_yeast, Node1652*)",1179,1.6371415384930377,0.60463636557152667,c2
"(Eukaryota_Opisthokonta_Nucletmycea_Fungi_Dikarya_Ascomycota_Saccharomycotina_Saccharomycetes_Saccharomycetales_Saccharomyces_cerevisiae_baker_s_yeast, Node1652*)",1180,0.54414759139363145,0.60463636557152667,c2
"(Eukaryota_Opisthokonta_Nucletmycea_Fungi_Dikarya_Ascomycota_Saccharomycotina_Saccharomycetes_Saccharomycetales_Saccharomyces_cerevisiae_baker_s_yeast, Node1652*)",1182,1.6371415384930377,0.60463636557152667,c2
"(Eukaryota_Opisthokonta_Nucletmycea_Fungi_Dikarya_Ascomycota_Saccharomycotina_Saccharomycetes_Saccharomycetales_Saccharomyces_cerevisiae_baker_s_yeast, Node1652*)",1183,-9.7589910532781849e-18,0.60463636557152667,c2
"(Eukaryota_Opisthokonta_Nucletmycea_Fungi_Dikarya_Ascomycota_Saccharomycotina_Saccharomycetes_Saccharomycetales_Saccharomyces_cerevisiae_baker_s_yeast, Node1652*)",1185,0.54414759139363145,0.60463636557152667,c2
"(Eukaryota_Opisthokonta_Nucletmycea_Fungi_Dikarya_Ascomycota_Saccharomycotina_Saccharomycetes_Saccharomycetales_Saccharomyces_cerevisiae_baker_s_yeast, Node1652*)",1189,0.95863435521217666,0.60463636557152667,c2
"(Eukaryota_Opisthokonta_Nucletmycea_Fungi_Dikarya_Ascomycota_Saccharomycotina_Saccharomycetes_Saccharomycetales_Saccharomyces_cerevisiae_baker_s_yeast, Node1652*)",1193,-6.3979271419658902e-18,0.60463636557152667,c2
"(Eukaryota_Opisthokonta_Nucletmycea_Fungi_Dikarya_Ascomycota_Saccharomycotina_Saccharomycetes_Saccharomycetales_Saccharomyces_cerevisiae_baker_s_yeast, Node1652*)",1200,0.95863435521217666,0.60463636557152667,c2
"(Eukaryota_Opisthokonta_Nucletmycea_Fungi_Dikarya_Ascomycota_Saccharomycotina_Saccharomycetes_Saccharomycetales_Saccharomyces_cerevisiae_baker_s_yeast, Node1652*)",1201,-9.5659549379362806e-18,0.60463636557152667,c2
"(Eukaryota_Opisthokonta_Nucletmycea_Fungi_Dikarya_Ascomycota_Saccharomycotina_Saccharomycetes_Saccharomycetales_Saccharomyces_cerevisiae_baker_s_yeast, Node1652*)",1204,-1.0581775712304563e-17,0.60463636557152667,c2
"(Eukaryota_Opisthokonta_Nucletmycea_Fungi_Dikarya_Ascomycota_Saccharomycotina_Saccharomycetes_Saccharomycetales_Saccharomyces_cerevisiae_baker_s_yeast, Node1652*)",1205,-1.064020158211334e-17,0.60463636557152667,c2
"(Eukaryota_Opisthokonta_Nucletmycea_Fungi_Dikarya_Ascomycota_Saccharomycotina_Saccharomycetes_Saccharomycetales_Saccharomyces_cerevisiae_baker_s_yeast, Node1652*)",1206,0.95863435521217666,0.60463636557152667,c2
"(Eukaryota_Opisthokonta_Nucletmycea_Fungi_Dikarya_Ascomycota_Saccharomycotina_Saccharomycetes_Saccharomycetales_Saccharomyces_cerevisiae_baker_s_yeast, Node1652*)",1211,1.6371415384930377,0.60463636557152667,c2
"(Eukaryota_Opisthokonta_Nucletmycea_Fungi_Dikarya_Ascomycota_Saccharomycotina_Saccharomycetes_Saccharomycetales_Saccharomyces_cerevisiae_baker_s_yeast, Node1652*)",1218,0.95863435521217666,0.60463636557152667,c2
"(Eukaryota_Opisthokonta_Nucletmycea_Fungi_Dikarya_Ascomycota_Saccharomycotina_Saccharomycetes_Saccharomycetales_Saccharomyces_cerevisiae_baker_s_yeast, Node1652*)",1220,0.95863435521217666,0.60463636557152667,c2
"(Eukaryota_Opisthokonta_Nucletmycea_Fungi_Dikarya_Ascomycota_Saccharomycotina_Saccharomycetes_Saccharomycetales_Saccharomyces_cerevisiae_baker_s_yeast, Node1652*)",1236,0.95863435521217666,0.60463636557152667,c2
"(Eukaryota_Opisthokonta_Nucletmycea_Fungi_Dikarya_Ascomycota_Saccharomycotina_Saccharomycetes_Saccharomycetales_Saccharomyces_cerevisiae_baker_s_yeast, Node1652*)",1247,0.95863435521217666,0.60463636557152667,c2
"(Eukaryota_Opisthokonta_Nucletmycea_Fungi_Dikarya_Ascomycota_Saccharomycotina_Saccharomycetes_Saccharomycetales_Saccharomyces_cerevisiae_baker_s_yeast, Node1652*)",1259,0.95863435521217666,0.60463636557152667,c2
"(Eukaryota_Opisthokonta_Nucletmycea_Fungi_Dikarya_Ascomycota_Saccharomycotina_Saccharomycetes_Saccharomycetales_Saccharomyces_cerevisiae_baker_s_yeast, Node1652*)",1260,0.95863435521217666,0.60463636557152667,c2
"(Eukaryota_Opisthokonta_Nucletmycea_Fungi_Dikarya_Ascomycota_Saccharomycotina_Saccharomycetes_Saccharomycetales_Saccharomyces_cerevisiae_baker_s_yeast, Node1652*)",1273,0.54414759139363145,0.60463636557152667,c2
"(Eukaryota_Opisthokonta_Nucletmycea_Fungi_Dikarya_Ascomycota_Saccharomycotina_Saccharomycetes_Saccharomycetales_Saccharomyces_cerevisiae_baker_s_yeast, Node1652*)",1279,0.95863435521217666,0.60463636557152667,c2
"(Eukaryota_Opisthokonta_Nucletmycea_Fungi_Dikarya_Ascomycota_Saccharomycotina_Saccharomycetes_Saccharomycetales_Saccharomyces_cerevisiae_baker_s_yeast, Node1652*)",1280,1.6371415384930377,0.60463636557152667,c2
"(Eukaryota_Opisthokonta_Nucletmycea_Fungi_Dikarya_Ascomycota_Saccharomycotina_Saccharomycetes_Saccharomycetales_Saccharomyces_cerevisiae_baker_s_yeast, Node1652*)",1281,1.6371415384930377,0.60463636557152667,c2
"(Eukaryota_Opisthokonta_Nucletmycea_Fungi_Dikarya_Ascomycota_Saccharomycotina_Saccharomycetes_Saccharomycetales_Saccharomyces_cerevisiae_baker_s_yeast, Node1652*)",1289,7.4336735686038947e-18,0.60463636557152667,c2
"(Eukaryota_Opisthokonta_Nucletmycea_Fungi_Dikarya_Ascomycota_Saccharomycotina_Saccharomycetes_Saccharomycetales_Saccharomyces_cerevisiae_baker_s_yeast, Node1652*)",1298,-1.0575414750105479e-17,0.60463636557152667,c2
"(Eukaryota_Opisthokonta_Nucletmycea_Fungi_Dikarya_Ascomycota_Saccharomycotina_Saccharomycetes_Saccharomycetales_Saccharomyces_cerevisiae_baker_s_yeast, Node1652*)",1299,1.6371415384930377,0.60463636557152667,c2
"(Eukaryota_Opisthokonta_Nucletmycea_Fungi_Dikarya_Ascomycota_Saccharomycotina_Saccharomycetes_Saccharomycetales_Saccharomyces_cerevisiae_baker_s_yeast, Node1652*)",1300,0.54414759139363145,0.60463636557152667,c2
"(Eukaryota_Opisthokonta_Nucletmycea_Fungi_Dikarya_Ascomycota_Saccharomycotina_Saccharomycetes_Saccharomycetales_Saccharomyces_cerevisiae_baker_s_yeast, Node1652*)",1303,0.54414759139363145,0.60463636557152667,c2
"(Eukaryota_Opisthokonta_Nucletmycea_Fungi_Dikarya_Ascomycota_Saccharomycotina_Saccharomycetes_Saccharomycetales_Saccharomyces_cerevisiae_baker_s_yeast, Node1652*)",1306,0.95863435521217666,0.60463636557152667,c2
"(Eukaryota_Opisthokonta_Nucletmycea_Fungi_Dikarya_Ascomycota_Saccharomycotina_Saccharomycetes_Saccharomycetales_Saccharomyces_cerevisiae_baker_s_yeast, Node1652*)",1307,0.95863435521217666,0.60463636557152667,c2
"(Eukaryota_Opisthokonta_Nucletmycea_Fungi_Dikarya_Ascomycota_Saccharomycotina_Saccharomycetes_Saccharomycetales_Saccharomyces_cerevisiae_baker_s_yeast, Node1652*)",1308,0.95863435521217666,0.60463636557152667,c2
"(Eukaryota_Opisthokonta_Nucletmycea_Fungi_Dikarya_Ascomycota_Saccharomycotina_Saccharomycetes_Saccharomycetales_Saccharomyces_cerevisiae_baker_s_yeast, Node1652*)",1311,0.54414759139363145,0.60463636557152667,c2
"(Eukaryota_Opisthokonta_Nucletmycea_Fungi_Dikarya_Ascomycota_Saccharomycotina_Saccharomycetes_Saccharomycetales_Saccharomyces_cerevisiae_baker_s_yeast, Node1652*)",1314,1.6371415384930377,0.60463636557152667,c2
"(Eukaryota_Opisthokonta_Nucletmycea_Fungi_Dikarya_Ascomycota_Saccharomycotina_Saccharomycetes_Saccharomycetales_Saccharomyces_cerevisiae_baker_s_yeast, Node1652*)",1318,0.54414759139363145,0.60463636557152667,c2
"(Eukaryota_Opisthokonta_Nucletmycea_Fungi_Dikarya_Ascomycota_Saccharomycotina_Saccharomycetes_Saccharomycetales_Saccharomyces_cerevisiae_baker_s_yeast, Node1652*)",1320,0.95863435521217666,0.60463636557152667,c2
"(Eukaryota_Opisthokonta_Nucletmycea_Fungi_Dikarya_Ascomycota_Saccharomycotina_Saccharomycetes_Saccharomycetales_Saccharomyces_cerevisiae_baker_s_yeast, Node1652*)",1324,0.54414759139363145,0.60463636557152667,c2
"(Eukaryota_Opisthokonta_Nucletmycea_Fungi_Dikarya_Ascomycota_Saccharomycotina_Saccharomycetes_Saccharomycetales_Saccharomyces_cerevisiae_baker_s_yeast, Node1652*)",1327,1.6371415384930377,0.60463636557152667,c2
"(Eukaryota_Opisthokonta_Nucletmycea_Fungi_Dikarya_Ascomycota_Saccharomycotina_Saccharomycetes_Saccharomycetales_Saccharomyces_cerevisiae_baker_s_yeast, Node1652*)",1329,1.6371415384930377,0.60463636557152667,c2
"(Eukaryota_Opisthokonta_Nucletmycea_Fungi_Dikarya_Ascomycota_Saccharomycotina_Saccharomycetes_Saccharomycetales_Saccharomyces_cerevisiae_baker_s_yeast, Node1652*)",1335,0.54414759139363145,0.60463636557152667,c2
"(Eukaryota_Opisthokonta_Nucletmycea_Fungi_Dikarya_Ascomycota_Saccharomycotina_Saccharomycetes_Saccharomycetales_Saccharomyces_cerevisiae_baker_s_yeast, Node1652*)",1337,0.95863435521217666,0.60463636557152667,c2
"(Eukaryota_Opisthokonta_Nucletmycea_Fungi_Dikarya_Ascomycota_Saccharomycotina_Saccharomycetes_Saccharomycetales_Saccharomyces_cerevisiae_baker_s_yeast, Node1652*)",1342,2.1765766658128977e-18,0.60463636557152667,c2
"(Eukaryota_Opisthokonta_Nucletmycea_Fungi_Dikarya_Ascomycota_Saccharomycotina_Saccharomycetes_Saccharomycetales_Saccharomyces_cerevisiae_baker_s_yeast, Node1652*)",1358,3.8475345898270873e-18,0.60463636557152667,c2
"(Eukaryota_Opisthokonta_Nucletmycea_Fungi_Dikarya_Ascomycota_Saccharomycotina_Saccharomycetes_Saccharomycetales_Saccharomyces_cerevisiae_baker_s_yeast, Node1652*)",1360,2.901463917694007e-18,0.60463636557152667,c2
"(Eukaryota_Opisthokonta_Nucletmycea_Fungi_Dikarya_Ascomycota_Saccharomycotina_Saccharomycetes_Saccharomycetales_Saccharomyces_cerevisiae_baker_s_yeast, Node1652*)",1378,-7.223715490202365e-18,0.60463636557152667,c2
"(Eukaryota_Opisthokonta_Nucletmycea_Fungi_Dikarya_Ascomycota_Saccharomycotina_Saccharomycetes_Saccharomycetales_Saccharomyces_cerevisiae_baker_s_yeast, Node1652*)",1381,0.54414759139363145,0.60463636557152667,c2
"(Eukaryota_Opisthokonta_Nucletmycea_Fungi_Dikarya_Ascomycota_Saccharomycotina_Saccharomycetes_Saccharomycetales_Saccharomyces_cerevisiae_baker_s_yeast, Node1652*)",1385,1.6371415384930377,0.60463636557152667,c2
"(Eukaryota_Opisthokonta_Nucletmycea_Fungi_Dikarya_Ascomycota_Saccharomycotina_Saccharomycetes_Saccharomycetales_Saccharomyces_cerevisiae_baker_s_yeast, Node1652*)",1404,0.95863435521217666,0.60463636557152667,c2
"(Eukaryota_Opisthokonta_Nucletmycea_Fungi_Dikarya_Ascomycota_Saccharomycotina_Saccharomycetes_Saccharomycetales_Saccharomyces_cerevisiae_baker_s_yeast, Node1652*)",1405,-9.6054928563153315e-18,0.60463636557152667,c2
"(Eukaryota_Opisthokonta_Nucletmycea_Fungi_Dikarya_Ascomycota_Saccharomycotina_Saccharomycetes_Saccharomycetales_Saccharomyces_cerevisiae_baker_s_yeast, Node1652*)",1406,0.95863435521217666,0.60463636557152667,c2
"(Eukaryota_Opisthokonta_Nucletmycea_Fungi_Dikarya_Ascomycota_Saccharomycotina_Saccharomycetes_Saccharomycetales_Saccharomyces_cerevisiae_baker_s_yeast, Node1652*)",1407,0.95863435521217666,0.60463636557152667,c2
"(Eukaryota_Opisthokonta_Nucletmycea_Fungi_Dikarya_Ascomycota_Saccharomycotina_Saccharomycetes_Saccharomycetales_Saccharomyces_cerevisiae_baker_s_yeast, Node1652*)",1415,0.95863435521217666,0.60463636557152667,c2
"(Eukaryota_Opisthokonta_Nucletmycea_Fungi_Dikarya_Ascomycota_Saccharomycotina_Saccharomycetes_Saccharomycetales_Saccharomyces_cerevisiae_baker_s_yeast, Node1652*)",1423,1.6371415384930377,0.60463636557152667,c2
"(Eukaryota_Opisthokonta_Nucletmycea_Fungi_Dikarya_Ascomycota_Saccharomycotina_Saccharomycetes_Saccharomycetales_Saccharomyces_cerevisiae_baker_s_yeast, Node1652*)",1439,0.95863435521217666,0.60463636557152667,c2
"(Eukaryota_Opisthokonta_Nucletmycea_Fungi_Dikarya_Ascomycota_Saccharomycotina_Saccharomycetes_Saccharomycetales_Saccharomyces_cerevisiae_baker_s_yeast, Node1652*)",1440,0.54414759139363145,0.60463636557152667,c2
"(Eukaryota_Opisthokonta_Nucletmycea_Fungi_Dikarya_Ascomycota_Saccharomycotina_Saccharomycetes_Saccharomycetales_Saccharomyces_cerevisiae_baker_s_yeast, Node1652*)",1445,-1.0581170846698478e-17,0.60463636557152667,c2
"(Eukaryota_Opisthokonta_Nucletmycea_Fungi_Dikarya_Ascomycota_Saccharomycotina_Saccharomycetes_Saccharomycetales_Saccharomyces_cerevisiae_baker_s_yeast, Node1652*)",1446,-1.0570331473260694e-17,0.60463636557152667,c2
"(Eukaryota_Opisthokonta_Nucletmycea_Fungi_Dikarya_Ascomycota_Saccharomycotina_Saccharomycetes_Saccharomycetales_Saccharomyces_cerevisiae_baker_s_yeast, Node1652*)",1450,1.6371415384930377,0.60463636557152667,c2
"(Eukaryota_Opisthokonta_Nucletmycea_Fungi_Dikarya_Ascomycota_Saccharomycotina_Saccharomycetes_Saccharomycetales_Saccharomyces_cerevisiae_baker_s_yeast, Node1652*)",1451,5.9633420431493757e-18,0.60463636557152667,c2
"(Eukaryota_Opisthokonta_Nucletmycea_Fungi_Dikarya_Ascomycota_Saccharomycotina_Saccharomycetes_Saccharomycetales_Saccharomyces_cerevisiae_baker_s_yeast, Node1652*)",1452,0.95863435521217666,0.60463636557152667,c2
"(Eukaryota_Opisthokonta_Nucletmycea_Fungi_Dikarya_Ascomycota_Saccharomycotina_Saccharomycetes_Saccharomycetales_Saccharomyces_cerevisiae_baker_s_yeast, Node1652*)",1453,1.6371415384930377,0.60463636557152667,c2
"(Eukaryota_Opisthokonta_Nucletmycea_Fungi_Dikarya_Ascomycota_Saccharomycotina_Saccharomycetes_Saccharomycetales_Saccharomyces_cerevisiae_baker_s_yeast, Node1652*)",1461,1.6371415384930377,0.60463636557152667,c2
"(Eukaryota_Opisthokonta_Nucletmycea_Fungi_Dikarya_Ascomycota_Saccharomycotina_Saccharomycetes_Saccharomycetales_Saccharomyces_cerevisiae_baker_s_yeast, Node1652*)",1462,0.95863435521217666,0.60463636557152667,c2
"(Eukaryota_Opisthokonta_Nucletmycea_Fungi_Dikarya_Ascomycota_Saccharomycotina_Saccharomycetes_Saccharomycetales_Saccharomyces_cerevisiae_baker_s_yeast, Node1652*)",1463,0.54414759139363145,0.60463636557152667,c2
"(Eukaryota_Opisthokonta_Nucletmycea_Fungi_Dikarya_Ascomycota_Saccharomycotina_Saccharomycetes_Saccharomycetales_Saccharomyces_cerevisiae_baker_s_yeast, Node1652*)",1464,-1.0553270624530746e-17,0.60463636557152667,c2
"(Eukaryota_Opisthokonta_Nucletmycea_Fungi_Dikarya_Ascomycota_Saccharomycotina_Saccharomycetes_Saccharomycetales_Saccharomyces_cerevisiae_baker_s_yeast, Node1652*)",1480,0.54414759139363145,0.60463636557152667,c2
"(Eukaryota_Opisthokonta_Nucletmycea_Fungi_Dikarya_Ascomycota_Saccharomycotina_Saccharomycetes_Saccharomycetales_Saccharomyces_cerevisiae_baker_s_yeast, Node1652*)",1488,0.54414759139363145,0.60463636557152667,c2
"(Eukaryota_Opisthokonta_Nucletmycea_Fungi_Dikarya_Ascomycota_Saccharomycotina_Saccharomycetes_Saccharomycetales_Saccharomyces_cerevisiae_baker_s_yeast, Node1652*)",1489,0.54414759139363145,0.60463636557152667,c2
"(Eukaryota_Opisthokonta_Nucletmycea_Fungi_Dikarya_Ascomycota_Saccharomycotina_Saccharomycetes_Saccharomycetales_Saccharomyces_cerevisiae_baker_s_yeast, Node1652*)",1493,0.95863435521217666,0.60463636557152667,c2
"(Eukaryota_Opisthokonta_Nucletmycea_Fungi_Dikarya_Ascomycota_Saccharomycotina_Saccharomycetes_Saccharomycetales_Saccharomyces_cerevisiae_baker_s_yeast, Node1652*)",1494,-1.0653906958695409e-17,0.60463636557152667,c2
"(Eukaryota_Opisthokonta_Nucletmycea_Fungi_Dikarya_Ascomycota_Saccharomycotina_Saccharomycetes_Saccharomycetales_Saccharomyces_cerevisiae_baker_s_yeast, Node1652*)",1497,-8.9310680628588887e-18,0.60463636557152667,c2
"(Eukaryota_Opisthokonta_Nucletmycea_Fungi_Dikarya_Ascomycota_Saccharomycotina_Saccharomycetes_Saccharomycetales_Saccharomyces_cerevisiae_baker_s_yeast, Node1652*)",1499,7.7946912923385321e-18,0.60463636557152667,c2
"(Eukaryota_Opisthokonta_Nucletmycea_Fungi_Dikarya_Ascomycota_Saccharomycotina_Saccharomycetes_Saccharomycetales_Saccharomyces_cerevisiae_baker_s_yeast, Node1652*)",1514,1.0856311915625094e-18,0.60463636557152667,c2
"(Eukaryota_Opisthokonta_Nucletmycea_Fungi_Dikarya_Ascomycota_Saccharomycotina_Saccharomycetes_Saccharomycetales_Saccharomyces_cerevisiae_baker_s_yeast, Node1652*)",1517,-6.2489534170542435e-19,0.60463636557152667,c2
"(Eukaryota_Opisthokonta_Nucletmycea_Fungi_Dikarya_Ascomycota_Saccharomycotina_Saccharomycetes_Saccharomycetales_Saccharomyces_cerevisiae_baker_s_yeast, Node1652*)",1522,0.54414759147643621,0.60463636557152667,c2
"(Eukaryota_Opisthokonta_Nucletmycea_Fungi_Dikarya_Ascomycota_Saccharomycotina_Saccharomycetes_Saccharomycetales_Saccharomyces_cerevisiae_baker_s_yeast, Node1652*)",1524,5.8349412622964047e-18,0.60463636557152667,c2
"(Eukaryota_Opisthokonta_Nucletmycea_Fungi_Dikarya_Ascomycota_Saccharomycotina_Saccharomycetes_Saccharomycetales_Saccharomyces_cerevisiae_baker_s_yeast, Node1652*)",1527,6.0220047765368675e-18,0.60463636557152667,c2
"(Eukaryota_Opisthokonta_Nucletmycea_Fungi_Dikarya_Ascomycota_Saccharomycotina_Saccharomycetes_Saccharomycetales_Saccharomyces_cerevisiae_baker_s_yeast, Node1652*)",1528,-3.1220138795198852e-18,0.60463636557152667,c2
"(Eukaryota_Opisthokonta_Nucletmycea_Fungi_Dikarya_Ascomycota_Saccharomycotina_Saccharomycetes_Saccharomycetales_Saccharomyces_cerevisiae_baker_s_yeast, Node1652*)",1534,0.95863435521217666,0.60463636557152667,c2
"(Eukaryota_Opisthokonta_Nucletmycea_Fungi_Dikarya_Ascomycota_Saccharomycotina_Saccharomycetes_Saccharomycetales_Saccharomyces_cerevisiae_baker_s_yeast, Node1652*)",1537,6.0993814426970189e-18,0.60463636557152667,c2
"(Eukaryota_Opisthokonta_Nucletmycea_Fungi_Dikarya_Ascomycota_Saccharomycotina_Saccharomycetes_Saccharomycetales_Saccharomyces_cerevisiae_baker_s_yeast, Node1652*)",1539,-1.0322354048395392e-17,0.60463636557152667,c2
"(Eukaryota_Opisthokonta_Nucletmycea_Fungi_Dikarya_Ascomycota_Saccharomycotina_Saccharomycetes_Saccharomycetales_Saccharomyces_cerevisiae_baker_s_yeast, Node1652*)",1540,1.6371415384930377,0.60463636557152667,c2
"(Eukaryota_Opisthokonta_Nucletmycea_Fungi_Dikarya_Ascomycota_Saccharomycotina_Saccharomycetes_Saccharomycetales_Saccharomyces_cerevisiae_baker_s_yeast, Node1652*)",1544,6.234482309850078e-18,0.60463636557152667,c2
"(Eukaryota_Opisthokonta_Nucletmycea_Fungi_Dikarya_Ascomycota_Saccharomycotina_Saccharomycetes_Saccharomycetales_Saccharomyces_cerevisiae_baker_s_yeast, Node1652*)",1545,6.1417232751837188e-18,0.60463636557152667,c2
"(Eukaryota_Opisthokonta_Nucletmycea_Fungi_Dikarya_Ascomycota_Saccharomycotina_Saccharomycetes_Saccharomycetales_Saccharomyces_cerevisiae_baker_s_yeast, Node1652*)",1547,0.54414759139363145,0.60463636557152667,c2
"(Eukaryota_Opisthokonta_Nucletmycea_Fungi_Dikarya_Ascomycota_Saccharomycotina_Saccharomycetes_Saccharomycetales_Saccharomyces_cerevisiae_baker_s_yeast, Node1652*)",1548,0.54414759139363145,0.60463636557152667,c2
"(Eukaryota_Opisthokonta_Nucletmycea_Fungi_Dikarya_Ascomycota_Saccharomycotina_Saccharomycetes_Saccharomycetales_Saccharomyces_cerevisiae_baker_s_yeast, Node1652*)",1552,0.95863435521217666,0.60463636557152667,c2
"(Eukaryota_Opisthokonta_Nucletmycea_Fungi_Dikarya_Ascomycota_Saccharomycotina_Saccharomycetes_Saccharomycetales_Saccharomyces_cerevisiae_baker_s_yeast, Node1652*)",1554,0.54414759139363145,0.60463636557152667,c2
"(Eukaryota_Opisthokonta_Nucletmycea_Fungi_Dikarya_Ascomycota_Saccharomycotina_Saccharomycetes_Saccharomycetales_Saccharomyces_cerevisiae_baker_s_yeast, Node1652*)",1563,-1.0547501834525229e-17,0.60463636557152667,c2
"(Eukaryota_Opisthokonta_Nucletmycea_Fungi_Dikarya_Ascomycota_Saccharomycotina_Saccharomycetes_Saccharomycetales_Saccharomyces_cerevisiae_baker_s_yeast, Node1652*)",1564,0.95863435521217666,0.60463636557152667,c2
"(Eukaryota_Opisthokonta_Nucletmycea_Fungi_Dikarya_Ascomycota_Saccharomycotina_Saccharomycetes_Saccharomycetales_Saccharomyces_cerevisiae_baker_s_yeast, Node1652*)",1568,1.6371415384930377,0.60463636557152667,c2
"(Eukaryota_Opisthokonta_Nucletmycea_Fungi_Dikarya_Ascomycota_Saccharomycotina_Saccharomycetes_Saccharomycetales_Saccharomyces_cerevisiae_baker_s_yeast, Node1652*)",1569,0.54414759139363145,0.60463636557152667,c2
"(Eukaryota_Opisthokonta_Nucletmycea_Fungi_Dikarya_Ascomycota_Saccharomycotina_Saccharomycetes_Saccharomycetales_Saccharomyces_cerevisiae_baker_s_yeast, Node1652*)",1571,-1.0767841928139489e-17,0.60463636557152667,c2
"(Eukaryota_Opisthokonta_Nucletmycea_Fungi_Dikarya_Ascomycota_Saccharomycotina_Saccharomycetes_Saccharomycetales_Saccharomyces_cerevisiae_baker_s_yeast, Node1652*)",1577,0.95863435521217666,0.60463636557152667,c2
"(Eukaryota_Opisthokonta_Nucletmycea_Fungi_Dikarya_Ascomycota_Saccharomycotina_Saccharomycetes_Saccharomycetales_Saccharomyces_cerevisiae_baker_s_yeast, Node1652*)",1580,7.5493109029797579e-18,0.60463636557152667,c2
"(Eukaryota_Opisthokonta_Nucletmycea_Fungi_Dikarya_Ascomycota_Saccharomycotina_Saccharomycetes_Saccharomycetales_Saccharomyces_cerevisiae_baker_s_yeast, Node1652*)",1581,1.2642194837246737e-18,0.60463636557152667,c2
"(Eukaryota_Opisthokonta_Nucletmycea_Fungi_Dikarya_Ascomycota_Saccharomycotina_Saccharomycetes_Saccharomycetales_Saccharomyces_cerevisiae_baker_s_yeast, Node1652*)",1584,0.72224550909394591,0.60463636557152667,c2
"(Eukaryota_Opisthokonta_Nucletmycea_Fungi_Dikarya_Ascomycota_Saccharomycotina_Saccharomycetes_Saccharomycetales_Saccharomyces_cerevisiae_baker_s_yeast, Node1652*)",1588,1.6371415384930377,0.60463636557152667,c2
"(Eukaryota_Opisthokonta_Nucletmycea_Fungi_Dikarya_Ascomycota_Saccharomycotina_Saccharomycetes_Saccharomycetales_Saccharomyces_cerevisiae_baker_s_yeast, Node1652*)",1591,-1.0259202449537624e-17,0.60463636557152667,c2
"(Eukaryota_Opisthokonta_Nucletmycea_Fungi_Dikarya_Ascomycota_Saccharomycotina_Saccharomycetes_Saccharomycetales_Saccharomyces_cerevisiae_baker_s_yeast, Node1652*)",1594,0.95863435521217666,0.60463636557152667,c2
"(Eukaryota_Opisthokonta_Nucletmycea_Fungi_Dikarya_Ascomycota_Saccharomycotina_Saccharomycetes_Saccharomycetales_Saccharomyces_cerevisiae_baker_s_yeast, Node1652*)",1596,1.6371415384930377,0.60463636557152667,c2
"(Eukaryota_Opisthokonta_Nucletmycea_Fungi_Dikarya_Ascomycota_Saccharomycotina_Saccharomycetes_Saccharomycetales_Saccharomyces_cerevisiae_baker_s_yeast, Node1652*)",1597,0.95863435521217666,0.60463636557152667,c2
"(Eukaryota_Opisthokonta_Nucletmycea_Fungi_Dikarya_Ascomycota_Saccharomycotina_Saccharomycetes_Saccharomycetales_Saccharomyces_cerevisiae_baker_s_yeast, Node1652*)",1599,-1.0271556199407556e-17,0.60463636557152667,c2
"(Eukaryota_Opisthokonta_Nucletmycea_Fungi_Dikarya_Ascomycota_Saccharomycotina_Saccharomycetes_Saccharomycetales_Saccharomyces_cerevisiae_baker_s_yeast, Node1652*)",1601,-1.044900008377197e-17,0.60463636557152667,c2
"(Eukaryota_Opisthokonta_Nucletmycea_Fungi_Dikarya_Ascomycota_Saccharomycotina_Saccharomycetes_Saccharomycetales_Saccharomyces_cerevisiae_baker_s_yeast, Node1652*)",1606,1.6371415384930377,0.60463636557152667,c2
"(Eukaryota_Opisthokonta_Nucletmycea_Fungi_Dikarya_Ascomycota_Saccharomycotina_Saccharomycetes_Saccharomycetales_Saccharomyces_cerevisiae_baker_s_yeast, Node1652*)",1613,0.95863435521217666,0.60463636557152667,c2
"(Eukaryota_Opisthokonta_Nucletmycea_Fungi_Dikarya_Ascomycota_Saccharomycotina_Saccharomycetes_Saccharomycetales_Saccharomyces_cerevisiae_baker_s_yeast, Node1652*)",1615,0.95863435521217666,0.60463636557152667,c2
"(Eukaryota_Opisthokonta_Nucletmycea_Fungi_Dikarya_Ascomycota_Saccharomycotina_Saccharomycetes_Saccharomycetales_Saccharomyces_cerevisiae_baker_s_yeast, Node1652*)",1616,-1.0886554220399813e-17,0.60463636557152667,c2
"(Eukaryota_Opisthokonta_Nucletmycea_Fungi_Dikarya_Ascomycota_Saccharomycotina_Saccharomycetes_Saccharomycetales_Saccharomyces_cerevisiae_baker_s_yeast, Node1652*)",1624,0.54414759139363145,0.60463636557152667,c2
"(Eukaryota_Opisthokonta_Nucletmycea_Fungi_Dikarya_Ascomycota_Saccharomycotina_Saccharomycetes_Saccharomycetales_Saccharomyces_cerevisiae_baker_s_yeast, Node1652*)",1630,1.6371415384930377,0.60463636557152667,c2
"(Eukaryota_Opisthokonta_Nucletmycea_Fungi_Dikarya_Ascomycota_Saccharomycotina_Saccharomycetes_Saccharomycetales_Saccharomyces_cerevisiae_baker_s_yeast, Node1652*)",1635,0.95863435521217666,0.60463636557152667,c2
"(Eukaryota_Opisthokonta_Nucletmycea_Fungi_Dikarya_Ascomycota_Saccharomycotina_Saccharomycetes_Saccharomycetales_Saccharomyces_cerevisiae_baker_s_yeast, Node1652*)",1643,1.6371415384930377,0.60463636557152667,c2
"(Eukaryota_Opisthokonta_Nucletmycea_Fungi_Dikarya_Ascomycota_Saccharomycotina_Saccharomycetes_Saccharomycetales_Saccharomyces_cerevisiae_baker_s_yeast, Node1652*)",1646,2.6800935323998937e-19,0.60463636557152667,c2
"(Eukaryota_Opisthokonta_Nucletmycea_Fungi_Dikarya_Ascomycota_Saccharomycotina_Saccharomycetes_Saccharomycetales_Saccharomyces_cerevisiae_baker_s_yeast, Node1652*)",1660,8.3254273847093439e-18,0.60463636557152667,c2
"(Eukaryota_Opisthokonta_Nucletmycea_Fungi_Dikarya_Ascomycota_Saccharomycotina_Saccharomycetes_Saccharomycetales_Saccharomyces_cerevisiae_baker_s_yeast, Node1652*)",1665,0.54414759139363145,0.60463636557152667,c2
"(Eukaryota_Opisthokonta_Nucletmycea_Fungi_Dikarya_Ascomycota_Saccharomycotina_Saccharomycetes_Saccharomycetales_Saccharomyces_cerevisiae_baker_s_yeast, Node1652*)",1667,-9.4170978838459709e-18,0.60463636557152667,c2
"(Eukaryota_Opisthokonta_Nucletmycea_Fungi_Dikarya_Ascomycota_Saccharomycotina_Saccharomycetes_Saccharomycetales_Saccharomyces_cerevisiae_baker_s_yeast, Node1652*)",1684,6.0988254932992068e-18,0.60463636557152667,c2
"(Eukaryota_Opisthokonta_Nucletmycea_Fungi_Dikarya_Ascomycota_Saccharomycotina_Saccharomycetes_Saccharomycetales_Saccharomyces_cerevisiae_baker_s_yeast, Node1652*)",1686,1.6371415384930377,0.60463636557152667,c2
"(Eukaryota_Opisthokonta_Nucletmycea_Fungi_Dikarya_Ascomycota_Saccharomycotina_Saccharomycetes_Saccharomycetales_Saccharomyces_cerevisiae_baker_s_yeast, Node1652*)",1688,0.95863435521217666,0.60463636557152667,c2
"(Eukaryota_Opisthokonta_Nucletmycea_Fungi_Dikarya_Ascomycota_Saccharomycotina_Saccharomycetes_Saccharomycetales_Saccharomyces_cerevisiae_baker_s_yeast, Node1652*)",1690,0.95863435521217666,0.60463636557152667,c2
"(Eukaryota_Opisthokonta_Nucletmycea_Fungi_Dikarya_Ascomycota_Saccharomycotina_Saccharomycetes_Saccharomycetales_Saccharomyces_cerevisiae_baker_s_yeast, Node1652*)",1698,1.6371415384930377,0.60463636557152667,c2
"(Eukaryota_Opisthokonta_Nucletmycea_Fungi_Dikarya_Ascomycota_Saccharomycotina_Saccharomycetes_Saccharomycetales_Saccharomyces_cerevisiae_baker_s_yeast, Node1652*)",1699,0.54414759139363145,0.60463636557152667,c2
"(Eukaryota_Opisthokonta_Nucletmycea_Fungi_Dikarya_Ascomycota_Saccharomycotina_Saccharomycetes_Saccharomycetales_Saccharomyces_cerevisiae_baker_s_yeast, Node1652*)",1703,-1.0866136083945615e-17,0.60463636557152667,c2
"(Eukaryota_Opisthokonta_Nucletmycea_Fungi_Dikarya_Ascomycota_Saccharomycotina_Saccharomycetes_Saccharomycetales_Saccharomyces_cerevisiae_baker_s_yeast, Node1652*)",1706,-7.1463786267768774e-18,0.60463636557152667,c2
"(Eukaryota_Opisthokonta_Nucletmycea_Fungi_Dikarya_Ascomycota_Saccharomycotina_Saccharomycetes_Saccharomycetales_Saccharomyces_cerevisiae_baker_s_yeast, Node1652*)",1707,-1.6650039458682782e-18,0.60463636557152667,c2
"(Eukaryota_Opisthokonta_Nucletmycea_Fungi_Dikarya_Ascomycota_Saccharomycotina_Saccharomycetes_Saccharomycetales_Saccharomyces_cerevisiae_baker_s_yeast, Node1652*)",1708,0.54414759139362612,0.60463636557152667,c2
"(Eukaryota_Opisthokonta_Nucletmycea_Fungi_Dikarya_Ascomycota_Saccharomycotina_Saccharomycetes_Saccharomycetales_Saccharomyces_cerevisiae_baker_s_yeast, Node1652*)",1711,0.95863435521217666,0.60463636557152667,c2
"(Eukaryota_Opisthokonta_Nucletmycea_Fungi_Dikarya_Ascomycota_Saccharomycotina_Saccharomycetes_Saccharomycetales_Saccharomyces_cerevisiae_baker_s_yeast, Node1652*)",1728,8.0813643887237017e-18,0.60463636557152667,c2
"(Eukaryota_Opisthokonta_Nucletmycea_Fungi_Dikarya_Ascomycota_Saccharomycotina_Saccharomycetes_Saccharomycetales_Saccharomyces_cerevisiae_baker_s_yeast, Node1652*)",1729,1.6371415384930377,0.60463636557152667,c2
"(Eukaryota_Opisthokonta_Nucletmycea_Fungi_Dikarya_Ascomycota_Saccharomycotina_Saccharomycetes_Saccharomycetales_Saccharomyces_cerevisiae_baker_s_yeast, Node1652*)",1737,0.95863435521217666,0.60463636557152667,c2
"(Eukaryota_Opisthokonta_Nucletmycea_Fungi_Dikarya_Ascomycota_Saccharomycotina_Saccharomycetes_Saccharomycetales_Saccharomyces_cerevisiae_baker_s_yeast, Node1652*)",1743,0.95863435521217666,0.60463636557152667,c2
"(Eukaryota_Opisthokonta_Nucletmycea_Fungi_Dikarya_Ascomycota_Saccharomycotina_Saccharomycetes_Saccharomycetales_Saccharomyces_cerevisiae_baker_s_yeast, Node1652*)",1747,-1.0560245606340627e-17,0.60463636557152667,c2
"(Eukaryota_Opisthokonta_Nucletmycea_Fungi_Dikarya_Ascomycota_Saccharomycotina_Saccharomycetes_Saccharomycetales_Saccharomyces_cerevisiae_baker_s_yeast, Node1652*)",1748,4.109494403226302e-18,0.60463636557152667,c2
"(Eukaryota_Opisthokonta_Nucletmycea_Fungi_Dikarya_Ascomycota_Saccharomycotina_Saccharomycetes_Saccharomycetales_Saccharomyces_cerevisiae_baker_s_yeast, Node1652*)",1752,1.6371415384930377,0.60463636557152667,c2
"(Eukaryota_Opisthokonta_Nucletmycea_Fungi_Dikarya_Ascomycota_Saccharomycotina_Saccharomycetes_Saccharomycetales_Saccharomyces_cerevisiae_baker_s_yeast, Node1652*)",1758,-1.0652396987752218e-17,0.60463636557152667,c2
"(Eukaryota_Opisthokonta_Nucletmycea_Fungi_Dikarya_Ascomycota_Saccharomycotina_Saccharomycetes_Saccharomycetales_Saccharomyces_cerevisiae_baker_s_yeast, Node1652*)",1764,0.54414759139363145,0.60463636557152667,c2
"(Eukaryota_Opisthokonta_Nucletmycea_Fungi_Dikarya_Ascomycota_Saccharomycotina_Saccharomycetes_Saccharomycetales_Saccharomyces_cerevisiae_baker_s_yeast, Node1652*)",1774,1.6371415384930377,0.60463636557152667,c2
"(Eukaryota_Opisthokonta_Nucletmycea_Fungi_Dikarya_Ascomycota_Saccharomycotina_Saccharomycetes_Saccharomycetales_Saccharomyces_cerevisiae_baker_s_yeast, Node1652*)",1775,1.6371415384930377,0.60463636557152667,c2
"(Eukaryota_Opisthokonta_Nucletmycea_Fungi_Dikarya_Ascomycota_Saccharomycotina_Saccharomycetes_Saccharomycetales_Saccharomyces_cerevisiae_baker_s_yeast, Node1652*)",1796,1.6371415384930377,0.60463636557152667,c2
"(Eukaryota_Opisthokonta_Nucletmycea_Fungi_Dikarya_Ascomycota_Saccharomycotina_Saccharomycetes_Saccharomycetales_Saccharomyces_cerevisiae_baker_s_yeast, Node1652*)",1797,5.9166194754533822e-18,0.60463636557152667,c2
"(Eukaryota_Opisthokonta_Nucletmycea_Fungi_Dikarya_Ascomycota_Saccharomycotina_Saccharomycetes_Saccharomycetales_Saccharomyces_cerevisiae_baker_s_yeast, Node1652*)",1798,0.54414759139363145,0.60463636557152667,c2
"(Eukaryota_Opisthokonta_Nucletmycea_Fungi_Dikarya_Ascomycota_Saccharomycotina_Saccharomycetes_Saccharomycetales_Saccharomyces_cerevisiae_baker_s_yeast, Node1652*)",1799,0.95863435521217666,0.60463636557152667,c2
"(Eukaryota_Opisthokonta_Nucletmycea_Fungi_Dikarya_Ascomycota_Saccharomycotina_Saccharomycetes_Saccharomycetales_Saccharomyces_cerevisiae_baker_s_yeast, Node1652*)",1801,0.54414759139363145,0.60463636557152667,c2
"(Eukaryota_Opisthokonta_Nucletmycea_Fungi_Dikarya_Ascomycota_Saccharomycotina_Saccharomycetes_Saccharomycetales_Saccharomyces_cerevisiae_baker_s_yeast, Node1652*)",1802,1.6371415384930377,0.60463636557152667,c2
"(Eukaryota_Opisthokonta_Nucletmycea_Fungi_Dikarya_Ascomycota_Saccharomycotina_Saccharomycetes_Saccharomycetales_Saccharomyces_cerevisiae_baker_s_yeast, Node1652*)",1803,1.6371415384930377,0.60463636557152667,c2
"(Eukaryota_Opisthokonta_Nucletmycea_Fungi_Dikarya_Ascomycota_Saccharomycotina_Saccharomycetes_Saccharomycetales_Saccharomyces_cerevisiae_baker_s_yeast, Node1652*)",1807,-7.8032188251274918e-18,0.60463636557152667,c2
"(Eukaryota_Opisthokonta_Nucletmycea_Fungi_Dikarya_Ascomycota_Saccharomycotina_Saccharomycetes_Saccharomycetales_Saccharomyces_cerevisiae_baker_s_yeast, Node1652*)",1808,0.95863435521217666,0.60463636557152667,c2
"(Eukaryota_Opisthokonta_Nucletmycea_Fungi_Dikarya_Ascomycota_Saccharomycotina_Saccharomycetes_Saccharomycetales_Saccharomyces_cerevisiae_baker_s_yeast, Node1652*)",1817,0.54414759139363145,0.60463636557152667,c2
"(Eukaryota_Opisthokonta_Nucletmycea_Fungi_Dikarya_Ascomycota_Saccharomycotina_Saccharomycetes_Saccharomycetales_Saccharomyces_cerevisiae_baker_s_yeast, Node1652*)",1818,0.95863435521217666,0.60463636557152667,c2
"(Eukaryota_Opisthokonta_Nucletmycea_Fungi_Dikarya_Ascomycota_Saccharomycotina_Saccharomycetes_Saccharomycetales_Saccharomyces_cerevisiae_baker_s_yeast, Node1652*)",1819,6.7517037300693793e-18,0.60463636557152667,c2
"(Eukaryota_Opisthokonta_Nucletmycea_Fungi_Dikarya_Ascomycota_Saccharomycotina_Saccharomycetes_Saccharomycetales_Saccharomyces_cerevisiae_baker_s_yeast, Node1652*)",1820,0.95863435521217666,0.60463636557152667,c2
"(Eukaryota_Opisthokonta_Nucletmycea_Fungi_Dikarya_Ascomycota_Saccharomycotina_Saccharomycetes_Saccharomycetales_Saccharomyces_cerevisiae_baker_s_yeast, Node1652*)",1822,2.4471541721980166e-18,0.60463636557152667,c2
"(Eukaryota_Opisthokonta_Nucletmycea_Fungi_Dikarya_Ascomycota_Saccharomycotina_Saccharomycetes_Saccharomycetales_Saccharomyces_cerevisiae_baker_s_yeast, Node1652*)",1823,0.95863435521217666,0.60463636557152667,c2
"(Eukaryota_Opisthokonta_Nucletmycea_Fungi_Dikarya_Ascomycota_Saccharomycotina_Saccharomycetes_Saccharomycetales_Saccharomyces_cerevisiae_baker_s_yeast, Node1652*)",1834,2.3525501920901267e-18,0.60463636557152667,c2
"(Eukaryota_Opisthokonta_Nucletmycea_Fungi_Dikarya_Ascomycota_Saccharomycotina_Saccharomycetes_Saccharomycetales_Saccharomyces_cerevisiae_baker_s_yeast, Node1652*)",1835,5.8291109685221897e-18,0.60463636557152667,c2
"(Eukaryota_Opisthokonta_Nucletmycea_Fungi_Dikarya_Ascomycota_Saccharomycotina_Saccharomycetes_Saccharomycetales_Saccharomyces_cerevisiae_baker_s_yeast, Node1652*)",1836,-9.175923451434383e-18,0.60463636557152667,c2
"(Eukaryota_Opisthokonta_Nucletmycea_Fungi_Dikarya_Ascomycota_Saccharomycotina_Saccharomycetes_Saccharomycetales_Saccharomyces_cerevisiae_baker_s_yeast, Node1652*)",1873,0.54414759139363145,0.60463636557152667,c2
"(Eukaryota_Opisthokonta_Nucletmycea_Fungi_Dikarya_Ascomycota_Saccharomycotina_Saccharomycetes_Saccharomycetales_Saccharomyces_cerevisiae_baker_s_yeast, Node1652*)",1884,1.6371415384930377,0.60463636557152667,c2
"(Eukaryota_Opisthokonta_Nucletmycea_Fungi_Dikarya_Ascomycota_Saccharomycotina_Saccharomycetes_Saccharomycetales_Saccharomyces_cerevisiae_baker_s_yeast, Node1652*)",1887,0.54414759139363145,0.60463636557152667,c2
"(Eukaryota_Opisthokonta_Nucletmycea_Fungi_Dikarya_Ascomycota_Saccharomycotina_Saccharomycetes_Saccharomycetales_Saccharomyces_cerevisiae_baker_s_yeast, Node1652*)",1888,1.6371415384930377,0.60463636557152667,c2
"(Eukaryota_Opisthokonta_Nucletmycea_Fungi_Dikarya_Ascomycota_Saccharomycotina_Saccharomycetes_Saccharomycetales_Saccharomyces_cerevisiae_baker_s_yeast, Node1652*)",1889,-9.3068139984144017e-18,0.60463636557152667,c2
"(Eukaryota_Opisthokonta_Nucletmycea_Fungi_Dikarya_Ascomycota_Saccharomycotina_Saccharomycetes_Saccharomycetales_Saccharomyces_cerevisiae_baker_s_yeast, Node1652*)",1890,-1.0581998643801831e-17,0.60463636557152667,c2
"(Eukaryota_Opisthokonta_Nucletmycea_Fungi_Dikarya_Ascomycota_Saccharomycotina_Saccharomycetes_Saccharomycetales_Saccharomyces_cerevisiae_baker_s_yeast, Node1652*)",1899,0.54414759139363145,0.60463636557152667,c2
"(Eukaryota_Opisthokonta_Nucletmycea_Fungi_Dikarya_Ascomycota_Saccharomycotina_Saccharomycetes_Saccharomycetales_Saccharomyces_cerevisiae_baker_s_yeast, Node1652*)",1902,0.95863435521217666,0.60463636557152667,c2
"(Eukaryota_Opisthokonta_Nucletmycea_Fungi_Dikarya_Ascomycota_Saccharomycotina_Saccharomycetes_Saccharomycetales_Saccharomyces_cerevisiae_baker_s_yeast, Node1652*)",1903,0.95863435521217666,0.60463636557152667,c2
"(Eukaryota_Opisthokonta_Nucletmycea_Fungi_Dikarya_Ascomycota_Saccharomycotina_Saccharomycetes_Saccharomycetales_Saccharomyces_cerevisiae_baker_s_yeast, Node1652*)",1904,0.54414759139363145,0.60463636557152667,c2
"(Eukaryota_Opisthokonta_Nucletmycea_Fungi_Dikarya_Ascomycota_Saccharomycotina_Saccharomycetes_Saccharomycetales_Saccharomyces_cerevisiae_baker_s_yeast, Node1652*)",1905,0.54414759139363145,0.60463636557152667,c2
"(Eukaryota_Opisthokonta_Nucletmycea_Fungi_Dikarya_Ascomycota_Saccharomycotina_Saccharomycetes_Saccharomycetales_Saccharomyces_cerevisiae_baker_s_yeast, Node1652*)",1906,1.6371415384930377,0.60463636557152667,c2
"(Eukaryota_Opisthokonta_Nucletmycea_Fungi_Dikarya_Ascomycota_Saccharomycotina_Saccharomycetes_Saccharomycetales_Saccharomyces_cerevisiae_baker_s_yeast, Node1652*)",1907,8.096250807879074e-18,0.60463636557152667,c2
"(Eukaryota_Opisthokonta_Nucletmycea_Fungi_Dikarya_Ascomycota_Saccharomycotina_Saccharomycetes_Saccharomycetales_Saccharomyces_cerevisiae_baker_s_yeast, Node1652*)",1908,0.54414759139363145,0.60463636557152667,c2
"(Eukaryota_Opisthokonta_Nucletmycea_Fungi_Dikarya_Ascomycota_Saccharomycotina_Saccharomycetes_Saccharomycetales_Saccharomyces_cerevisiae_baker_s_yeast, Node1652*)",1909,0.54414759139363145,0.60463636557152667,c2
"(Eukaryota_Opisthokonta_Nucletmycea_Fungi_Dikarya_Ascomycota_Saccharomycotina_Saccharomycetes_Saccharomycetales_Saccharomyces_cerevisiae_baker_s_yeast, Node1652*)",1925,-1.0551117672272967e-17,0.60463636557152667,c2
"(Eukaryota_Opisthokonta_Nucletmycea_Fungi_Dikarya_Ascomycota_Saccharomycotina_Saccharomycetes_Saccharomycetales_Saccharomyces_cerevisiae_baker_s_yeast, Node1652*)",1926,7.0778329901561625e-18,0.60463636557152667,c2
"(Eukaryota_Opisthokonta_Nucletmycea_Fungi_Dikarya_Ascomycota_Saccharomycotina_Saccharomycetes_Saccharomycetales_Saccharomyces_cerevisiae_baker_s_yeast, Node1652*)",1928,1.6371415384930375,0.60463636557152667,c2
"(Eukaryota_Opisthokonta_Nucletmycea_Fungi_Dikarya_Ascomycota_Saccharomycotina_Saccharomycetes_Saccharomycetales_Saccharomyces_cerevisiae_baker_s_yeast, Node1652*)",1929,0.95863435521217677,0.60463636557152667,c2
"(Eukaryota_Opisthokonta_Nucletmycea_Fungi_Dikarya_Ascomycota_Saccharomycotina_Saccharomycetes_Saccharomycetales_Saccharomyces_cerevisiae_baker_s_yeast, Node1652*)",1932,0.95863435521217677,0.60463636557152667,c2
"(Eukaryota_Opisthokonta_Nucletmycea_Fungi_Dikarya_Ascomycota_Saccharomycotina_Saccharomycetes_Saccharomycetales_Saccharomyces_cerevisiae_baker_s_yeast, Node1652*)",1933,0.95863435521217677,0.60463636557152667,c2
"(Eukaryota_Opisthokonta_Nucletmycea_Fungi_Dikarya_Ascomycota_Saccharomycotina_Saccharomycetes_Saccharomycetales_Saccharomyces_cerevisiae_baker_s_yeast, Node1652*)",1934,6.1537450487252374e-18,0.60463636557152667,c2
"(Eukaryota_Opisthokonta_Nucletmycea_Fungi_Dikarya_Ascomycota_Saccharomycotina_Saccharomycetes_Saccharomycetales_Saccharomyces_cerevisiae_baker_s_yeast, Node1652*)",1938,1.6371415384930375,0.60463636557152667,c2
"(Eukaryota_Opisthokonta_Nucletmycea_Fungi_Dikarya_Ascomycota_Saccharomycotina_Saccharomycetes_Saccharomycetales_Saccharomyces_cerevisiae_baker_s_yeast, Node1652*)",1939,1.6371415384930375,0.60463636557152667,c2
"(Eukaryota_Opisthokonta_Nucletmycea_Fungi_Dikarya_Ascomycota_Saccharomycotina_Saccharomycetes_Saccharomycetales_Saccharomyces_cerevisiae_baker_s_yeast, Node1652*)",1942,1.6371415384930375,0.60463636557152667,c2
"(Eukaryota_Opisthokonta_Nucletmycea_Fungi_Dikarya_Ascomycota_Saccharomycotina_Saccharomycetes_Saccharomycetales_Saccharomyces_cerevisiae_baker_s_yeast, Node1652*)",1943,0.95863435521217677,0.60463636557152667,c2
"(Eukaryota_Opisthokonta_Nucletmycea_Fungi_Dikarya_Ascomycota_Saccharomycotina_Saccharomycetes_Saccharomycetales_Saccharomyces_cerevisiae_baker_s_yeast, Node1652*)",1944,0.95863435521217677,0.60463636557152667,c2
"(Eukaryota_Opisthokonta_Nucletmycea_Fungi_Dikarya_Ascomycota_Saccharomycotina_Saccharomycetes_Saccharomycetales_Saccharomyces_cerevisiae_baker_s_yeast, Node1652*)",1945,0.54414759139363145,0.60463636557152667,c2
"(Eukaryota_Opisthokonta_Nucletmycea_Fungi_Dikarya_Ascomycota_Saccharomycotina_Saccharomycetes_Saccharomycetales_Saccharomyces_cerevisiae_baker_s_yeast, Node1652*)",1946,0.54414759139363145,0.60463636557152667,c2
"(Eukaryota_Opisthokonta_Nucletmycea_Fungi_Dikarya_Ascomycota_Saccharomycotina_Saccharomycetes_Saccharomycetales_Saccharomyces_cerevisiae_baker_s_yeast, Node1652*)",1947,0.95863435521217677,0.60463636557152667,c2
