branch,site,coherence,category_variance,rate_category,dataset
"(Eukaryota_Opisthokonta_Nucletmycea_Fungi_Dikarya_Ascomycota_Saccharomycotina_Saccharomycetes_Saccharomycetales_Saccharomyces_cerevisiae_baker_s_yeast, Node1652*)",0,-5.2897702170613016e-17,0.939546945073676,c2,branch_to_yeast
"(Eukaryota_Opisthokonta_Nucletmycea_Fungi_Dikarya_Ascomycota_Saccharomycotina_Saccharomycetes_Saccharomycetales_Saccharomyces_cerevisiae_baker_s_yeast, Node1652*)",1,1.6372983374601648,0.9304262177623468,c1,branch_to_yeast
"(Eukaryota_Opisthokonta_Nucletmycea_Fungi_Dikarya_Ascomycota_Saccharomycotina_Saccharomycetes_Saccharomycetales_Saccharomyces_cerevisiae_baker_s_yeast, Node1652*)",2,0.908057073652776,0.939546945073676,c2,branch_to_yeast
"(Eukaryota_Opisthokonta_Nucletmycea_Fungi_Dikarya_Ascomycota_Saccharomycotina_Saccharomycetes_Saccharomycetales_Saccharomyces_cerevisiae_baker_s_yeast, Node1652*)",3,0.9585603439987752,0.9304262177623468,c1,branch_to_yeast
"(Eukaryota_Opisthokonta_Nucletmycea_Fungi_Dikarya_Ascomycota_Saccharomycotina_Saccharomycetes_Saccharomycetales_Saccharomyces_cerevisiae_baker_s_yeast, Node1652*)",4,0.9585603439987752,0.9304262177623468,c1,branch_to_yeast
"(Eukaryota_Opisthokonta_Nucletmycea_Fungi_Dikarya_Ascomycota_Saccharomycotina_Saccharomycetes_Saccharomycetales_Saccharomyces_cerevisiae_baker_s_yeast, Node1652*)",5,0.9080570736672596,0.9304262177623468,c1,branch_to_yeast
"(Eukaryota_Opisthokonta_Nucletmycea_Fungi_Dikarya_Ascomycota_Saccharomycotina_Saccharomycetes_Saccharomycetales_Saccharomyces_cerevisiae_baker_s_yeast, Node1652*)",6,0.9080570736672594,0.9304262177623468,c1,branch_to_yeast
"(Eukaryota_Opisthokonta_Nucletmycea_Fungi_Dikarya_Ascomycota_Saccharomycotina_Saccharomycetes_Saccharomycetales_Saccharomyces_cerevisiae_baker_s_yeast, Node1652*)",7,0.9585603439987752,0.9304262177623468,c1,branch_to_yeast
"(Eukaryota_Opisthokonta_Nucletmycea_Fungi_Dikarya_Ascomycota_Saccharomycotina_Saccharomycetes_Saccharomycetales_Saccharomyces_cerevisiae_baker_s_yeast, Node1652*)",8,0.5440990588803539,0.9304262177623468,c1,branch_to_yeast
"(Eukaryota_Opisthokonta_Nucletmycea_Fungi_Dikarya_Ascomycota_Saccharomycotina_Saccharomycetes_Saccharomycetales_Saccharomyces_cerevisiae_baker_s_yeast, Node1652*)",9,0.9080570736672594,0.9304262177623468,c1,branch_to_yeast
"(Eukaryota_Opisthokonta_Nucletmycea_Fungi_Dikarya_Ascomycota_Saccharomycotina_Saccharomycetes_Saccharomycetales_Saccharomyces_cerevisiae_baker_s_yeast, Node1652*)",10,1.6372983373746668,0.939546945073676,c2,branch_to_yeast
"(Eukaryota_Opisthokonta_Nucletmycea_Fungi_Dikarya_Ascomycota_Saccharomycotina_Saccharomycetes_Saccharomycetales_Saccharomyces_cerevisiae_baker_s_yeast, Node1652*)",11,1.6372983373746668,0.939546945073676,c2,branch_to_yeast
"(Eukaryota_Opisthokonta_Nucletmycea_Fungi_Dikarya_Ascomycota_Saccharomycotina_Saccharomycetes_Saccharomycetales_Saccharomyces_cerevisiae_baker_s_yeast, Node1652*)",12,0.9080570736672594,0.9304262177623468,c1,branch_to_yeast
"(Eukaryota_Opisthokonta_Nucletmycea_Fungi_Dikarya_Ascomycota_Saccharomycotina_Saccharomycetes_Saccharomycetales_Saccharomyces_cerevisiae_baker_s_yeast, Node1652*)",13,0.9585603439457026,0.939546945073676,c2,branch_to_yeast
"(Eukaryota_Opisthokonta_Nucletmycea_Fungi_Dikarya_Ascomycota_Saccharomycotina_Saccharomycetes_Saccharomycetales_Saccharomyces_cerevisiae_baker_s_yeast, Node1652*)",14,1.6372983374601646,0.9304262177623468,c1,branch_to_yeast
"(Eukaryota_Opisthokonta_Nucletmycea_Fungi_Dikarya_Ascomycota_Saccharomycotina_Saccharomycetes_Saccharomycetales_Saccharomyces_cerevisiae_baker_s_yeast, Node1652*)",15,1.6372983374601648,0.9304262177623468,c1,branch_to_yeast
"(Eukaryota_Opisthokonta_Nucletmycea_Fungi_Dikarya_Ascomycota_Saccharomycotina_Saccharomycetes_Saccharomycetales_Saccharomyces_cerevisiae_baker_s_yeast, Node1652*)",16,0.5440990588803539,0.9304262177623468,c1,branch_to_yeast
"(Eukaryota_Opisthokonta_Nucletmycea_Fungi_Dikarya_Ascomycota_Saccharomycotina_Saccharomycetes_Saccharomycetales_Saccharomyces_cerevisiae_baker_s_yeast, Node1652*)",17,0.9585603439987752,0.9304262177623468,c1,branch_to_yeast
"(Eukaryota_Opisthokonta_Nucletmycea_Fungi_Dikarya_Ascomycota_Saccharomycotina_Saccharomycetes_Saccharomycetales_Saccharomyces_cerevisiae_baker_s_yeast, Node1652*)",18,0.9080570736672594,0.9304262177623468,c1,branch_to_yeast
"(Eukaryota_Opisthokonta_Nucletmycea_Fungi_Dikarya_Ascomycota_Saccharomycotina_Saccharomycetes_Saccharomycetales_Saccharomyces_cerevisiae_baker_s_yeast, Node1652*)",19,0.5440990588803539,0.9304262177623468,c1,branch_to_yeast
"(Eukaryota_Opisthokonta_Nucletmycea_Fungi_Dikarya_Ascomycota_Saccharomycotina_Saccharomycetes_Saccharomycetales_Saccharomyces_cerevisiae_baker_s_yeast, Node1652*)",20,0.9585603439457028,0.939546945073676,c2,branch_to_yeast
"(Eukaryota_Opisthokonta_Nucletmycea_Fungi_Dikarya_Ascomycota_Saccharomycotina_Saccharomycetes_Saccharomycetales_Saccharomyces_cerevisiae_baker_s_yeast, Node1652*)",21,0.908057073652776,0.939546945073676,c2,branch_to_yeast
"(Eukaryota_Opisthokonta_Nucletmycea_Fungi_Dikarya_Ascomycota_Saccharomycotina_Saccharomycetes_Saccharomycetales_Saccharomyces_cerevisiae_baker_s_yeast, Node1652*)",22,1.6372983373746668,0.939546945073676,c2,branch_to_yeast
"(Eukaryota_Opisthokonta_Nucletmycea_Fungi_Dikarya_Ascomycota_Saccharomycotina_Saccharomycetes_Saccharomycetales_Saccharomyces_cerevisiae_baker_s_yeast, Node1652*)",23,0.5440990588598469,0.939546945073676,c2,branch_to_yeast
"(Eukaryota_Opisthokonta_Nucletmycea_Fungi_Dikarya_Ascomycota_Saccharomycotina_Saccharomycetes_Saccharomycetales_Saccharomyces_cerevisiae_baker_s_yeast, Node1652*)",24,1.2798995169545254e-17,0.939546945073676,c2,branch_to_yeast
"(Eukaryota_Opisthokonta_Nucletmycea_Fungi_Dikarya_Ascomycota_Saccharomycotina_Saccharomycetes_Saccharomycetales_Saccharomyces_cerevisiae_baker_s_yeast, Node1652*)",25,0.9080570736672594,0.9304262177623468,c1,branch_to_yeast
"(Eukaryota_Opisthokonta_Nucletmycea_Fungi_Dikarya_Ascomycota_Saccharomycotina_Saccharomycetes_Saccharomycetales_Saccharomyces_cerevisiae_baker_s_yeast, Node1652*)",26,0.5440990588803539,0.9304262177623468,c1,branch_to_yeast
"(Eukaryota_Opisthokonta_Nucletmycea_Fungi_Dikarya_Ascomycota_Saccharomycotina_Saccharomycetes_Saccharomycetales_Saccharomyces_cerevisiae_baker_s_yeast, Node1652*)",27,0.9080570736672594,0.9304262177623468,c1,branch_to_yeast
"(Eukaryota_Opisthokonta_Nucletmycea_Fungi_Dikarya_Ascomycota_Saccharomycotina_Saccharomycetes_Saccharomycetales_Saccharomyces_cerevisiae_baker_s_yeast, Node1652*)",28,0.9585603439987752,0.9304262177623468,c1,branch_to_yeast
"(Eukaryota_Opisthokonta_Nucletmycea_Fungi_Dikarya_Ascomycota_Saccharomycotina_Saccharomycetes_Saccharomycetales_Saccharomyces_cerevisiae_baker_s_yeast, Node1652*)",29,1.6372983374601648,0.9304262177623468,c1,branch_to_yeast
"(Eukaryota_Opisthokonta_Nucletmycea_Fungi_Dikarya_Ascomycota_Saccharomycotina_Saccharomycetes_Saccharomycetales_Saccharomyces_cerevisiae_baker_s_yeast, Node1652*)",30,0.9080570736672594,0.9304262177623468,c1,branch_to_yeast
"(Eukaryota_Opisthokonta_Nucletmycea_Fungi_Dikarya_Ascomycota_Saccharomycotina_Saccharomycetes_Saccharomycetales_Saccharomyces_cerevisiae_baker_s_yeast, Node1652*)",31,1.9861541489023964e-17,0.939546945073676,c2,branch_to_yeast
"(Eukaryota_Opisthokonta_Nucletmycea_Fungi_Dikarya_Ascomycota_Saccharomycotina_Saccharomycetes_Saccharomycetales_Saccharomyces_cerevisiae_baker_s_yeast, Node1652*)",32,0.9080570736672596,0.9304262177623468,c1,branch_to_yeast
"(Eukaryota_Opisthokonta_Nucletmycea_Fungi_Dikarya_Ascomycota_Saccharomycotina_Saccharomycetes_Saccharomycetales_Saccharomyces_cerevisiae_baker_s_yeast, Node1652*)",33,0.9585603439457028,0.939546945073676,c2,branch_to_yeast
"(Eukaryota_Opisthokonta_Nucletmycea_Fungi_Dikarya_Ascomycota_Saccharomycotina_Saccharomycetes_Saccharomycetales_Saccharomyces_cerevisiae_baker_s_yeast, Node1652*)",34,0.908057073652776,0.939546945073676,c2,branch_to_yeast
"(Eukaryota_Opisthokonta_Nucletmycea_Fungi_Dikarya_Ascomycota_Saccharomycotina_Saccharomycetes_Saccharomycetales_Saccharomyces_cerevisiae_baker_s_yeast, Node1652*)",35,1.6372983373746668,0.939546945073676,c2,branch_to_yeast
"(Eukaryota_Opisthokonta_Nucletmycea_Fungi_Dikarya_Ascomycota_Saccharomycotina_Saccharomycetes_Saccharomycetales_Saccharomyces_cerevisiae_baker_s_yeast, Node1652*)",36,0.908057073652776,0.939546945073676,c2,branch_to_yeast
"(Eukaryota_Opisthokonta_Nucletmycea_Fungi_Dikarya_Ascomycota_Saccharomycotina_Saccharomycetes_Saccharomycetales_Saccharomyces_cerevisiae_baker_s_yeast, Node1652*)",37,1.6372983373746668,0.939546945073676,c2,branch_to_yeast
"(Eukaryota_Opisthokonta_Nucletmycea_Fungi_Dikarya_Ascomycota_Saccharomycotina_Saccharomycetes_Saccharomycetales_Saccharomyces_cerevisiae_baker_s_yeast, Node1652*)",38,-4.583608547605707e-17,0.9304262177623468,c1,branch_to_yeast
"(Eukaryota_Opisthokonta_Nucletmycea_Fungi_Dikarya_Ascomycota_Saccharomycotina_Saccharomycetes_Saccharomycetales_Saccharomyces_cerevisiae_baker_s_yeast, Node1652*)",39,0.5440990588598469,0.939546945073676,c2,branch_to_yeast
"(Eukaryota_Opisthokonta_Nucletmycea_Fungi_Dikarya_Ascomycota_Saccharomycotina_Saccharomycetes_Saccharomycetales_Saccharomyces_cerevisiae_baker_s_yeast, Node1652*)",40,0.5440990588803538,0.9304262177623468,c1,branch_to_yeast
"(Eukaryota_Opisthokonta_Nucletmycea_Fungi_Dikarya_Ascomycota_Saccharomycotina_Saccharomycetes_Saccharomycetales_Saccharomyces_cerevisiae_baker_s_yeast, Node1652*)",41,0.9585603439457026,0.939546945073676,c2,branch_to_yeast
"(Eukaryota_Opisthokonta_Nucletmycea_Fungi_Dikarya_Ascomycota_Saccharomycotina_Saccharomycetes_Saccharomycetales_Saccharomyces_cerevisiae_baker_s_yeast, Node1652*)",42,0.5440990588598469,0.939546945073676,c2,branch_to_yeast
"(Eukaryota_Opisthokonta_Nucletmycea_Fungi_Dikarya_Ascomycota_Saccharomycotina_Saccharomycetes_Saccharomycetales_Saccharomyces_cerevisiae_baker_s_yeast, Node1652*)",43,0.9080570735543574,0.921514902531969,c3,branch_to_yeast
"(Eukaryota_Opisthokonta_Nucletmycea_Fungi_Dikarya_Ascomycota_Saccharomycotina_Saccharomycetes_Saccharomycetales_Saccharomyces_cerevisiae_baker_s_yeast, Node1652*)",44,0.9080570736672594,0.9304262177623468,c1,branch_to_yeast
"(Eukaryota_Opisthokonta_Nucletmycea_Fungi_Dikarya_Ascomycota_Saccharomycotina_Saccharomycetes_Saccharomycetales_Saccharomyces_cerevisiae_baker_s_yeast, Node1652*)",45,0.544099058859847,0.939546945073676,c2,branch_to_yeast
"(Eukaryota_Opisthokonta_Nucletmycea_Fungi_Dikarya_Ascomycota_Saccharomycotina_Saccharomycetes_Saccharomycetales_Saccharomyces_cerevisiae_baker_s_yeast, Node1652*)",46,0.5440990588803539,0.9304262177623468,c1,branch_to_yeast
"(Eukaryota_Opisthokonta_Nucletmycea_Fungi_Dikarya_Ascomycota_Saccharomycotina_Saccharomycetes_Saccharomycetales_Saccharomyces_cerevisiae_baker_s_yeast, Node1652*)",47,0.9585603439457026,0.939546945073676,c2,branch_to_yeast
"(Eukaryota_Opisthokonta_Nucletmycea_Fungi_Dikarya_Ascomycota_Saccharomycotina_Saccharomycetes_Saccharomycetales_Saccharomyces_cerevisiae_baker_s_yeast, Node1652*)",48,1.637298337374667,0.939546945073676,c2,branch_to_yeast
"(Eukaryota_Opisthokonta_Nucletmycea_Fungi_Dikarya_Ascomycota_Saccharomycotina_Saccharomycetes_Saccharomycetales_Saccharomyces_cerevisiae_baker_s_yeast, Node1652*)",49,1.6372983374601648,0.9304262177623468,c1,branch_to_yeast
"(Eukaryota_Opisthokonta_Nucletmycea_Fungi_Dikarya_Ascomycota_Saccharomycotina_Saccharomycetes_Saccharomycetales_Saccharomyces_cerevisiae_baker_s_yeast, Node1652*)",50,0.5440990588803539,0.9304262177623468,c1,branch_to_yeast
"(Eukaryota_Opisthokonta_Nucletmycea_Fungi_Dikarya_Ascomycota_Saccharomycotina_Saccharomycetes_Saccharomycetales_Saccharomyces_cerevisiae_baker_s_yeast, Node1652*)",51,0.9080570736672596,0.9304262177623468,c1,branch_to_yeast
"(Eukaryota_Opisthokonta_Nucletmycea_Fungi_Dikarya_Ascomycota_Saccharomycotina_Saccharomycetes_Saccharomycetales_Saccharomyces_cerevisiae_baker_s_yeast, Node1652*)",52,0.9585603439987752,0.9304262177623468,c1,branch_to_yeast
"(Eukaryota_Opisthokonta_Nucletmycea_Fungi_Dikarya_Ascomycota_Saccharomycotina_Saccharomycetes_Saccharomycetales_Saccharomyces_cerevisiae_baker_s_yeast, Node1652*)",53,1.6372983374601653,0.9304262177623468,c1,branch_to_yeast
"(Eukaryota_Opisthokonta_Nucletmycea_Fungi_Dikarya_Ascomycota_Saccharomycotina_Saccharomycetes_Saccharomycetales_Saccharomyces_cerevisiae_baker_s_yeast, Node1652*)",54,0.544099058880354,0.9304262177623468,c1,branch_to_yeast
"(Eukaryota_Opisthokonta_Nucletmycea_Fungi_Dikarya_Ascomycota_Saccharomycotina_Saccharomycetes_Saccharomycetales_Saccharomyces_cerevisiae_baker_s_yeast, Node1652*)",55,0.9080570736672596,0.9304262177623468,c1,branch_to_yeast
"(Eukaryota_Opisthokonta_Nucletmycea_Fungi_Dikarya_Ascomycota_Saccharomycotina_Saccharomycetes_Saccharomycetales_Saccharomyces_cerevisiae_baker_s_yeast, Node1652*)",56,0.958560343998775,0.9304262177623468,c1,branch_to_yeast
"(Eukaryota_Opisthokonta_Nucletmycea_Fungi_Dikarya_Ascomycota_Saccharomycotina_Saccharomycetes_Saccharomycetales_Saccharomyces_cerevisiae_baker_s_yeast, Node1652*)",57,0.9080570736672594,0.9304262177623468,c1,branch_to_yeast
"(Eukaryota_Opisthokonta_Nucletmycea_Fungi_Dikarya_Ascomycota_Saccharomycotina_Saccharomycetes_Saccharomycetales_Saccharomyces_cerevisiae_baker_s_yeast, Node1652*)",58,1.6372983373746668,0.939546945073676,c2,branch_to_yeast
"(Eukaryota_Opisthokonta_Nucletmycea_Fungi_Dikarya_Ascomycota_Saccharomycotina_Saccharomycetes_Saccharomycetales_Saccharomyces_cerevisiae_baker_s_yeast, Node1652*)",59,0.908057073652776,0.939546945073676,c2,branch_to_yeast
"(Eukaryota_Opisthokonta_Nucletmycea_Fungi_Dikarya_Ascomycota_Saccharomycotina_Saccharomycetes_Saccharomycetales_Saccharomyces_cerevisiae_baker_s_yeast, Node1652*)",60,0.544099058720381,0.921514902531969,c3,branch_to_yeast
"(Eukaryota_Opisthokonta_Nucletmycea_Fungi_Dikarya_Ascomycota_Saccharomycotina_Saccharomycetes_Saccharomycetales_Saccharomyces_cerevisiae_baker_s_yeast, Node1652*)",61,0.544099058720381,0.921514902531969,c3,branch_to_yeast
"(Eukaryota_Opisthokonta_Nucletmycea_Fungi_Dikarya_Ascomycota_Saccharomycotina_Saccharomycetes_Saccharomycetales_Saccharomyces_cerevisiae_baker_s_yeast, Node1652*)",62,0.9585603439457024,0.939546945073676,c2,branch_to_yeast
"(Eukaryota_Opisthokonta_Nucletmycea_Fungi_Dikarya_Ascomycota_Saccharomycotina_Saccharomycetes_Saccharomycetales_Saccharomyces_cerevisiae_baker_s_yeast, Node1652*)",63,0.908057073652776,0.939546945073676,c2,branch_to_yeast
"(Eukaryota_Opisthokonta_Nucletmycea_Fungi_Dikarya_Ascomycota_Saccharomycotina_Saccharomycetes_Saccharomycetales_Saccharomyces_cerevisiae_baker_s_yeast, Node1652*)",64,-4.7265512091751264e-21,0.7421390212290799,c4,branch_to_yeast
"(Eukaryota_Opisthokonta_Nucletmycea_Fungi_Dikarya_Ascomycota_Saccharomycotina_Saccharomycetes_Saccharomycetales_Saccharomyces_cerevisiae_baker_s_yeast, Node1652*)",65,0.5440990573737672,0.7421390212290799,c4,branch_to_yeast
"(Eukaryota_Opisthokonta_Nucletmycea_Fungi_Dikarya_Ascomycota_Saccharomycotina_Saccharomycetes_Saccharomycetales_Saccharomyces_cerevisiae_baker_s_yeast, Node1652*)",66,0.9080570726075052,0.7421390212290799,c4,branch_to_yeast
"(Eukaryota_Opisthokonta_Nucletmycea_Fungi_Dikarya_Ascomycota_Saccharomycotina_Saccharomycetes_Saccharomycetales_Saccharomyces_cerevisiae_baker_s_yeast, Node1652*)",67,0.544099058720381,0.921514902531969,c3,branch_to_yeast
"(Eukaryota_Opisthokonta_Nucletmycea_Fungi_Dikarya_Ascomycota_Saccharomycotina_Saccharomycetes_Saccharomycetales_Saccharomyces_cerevisiae_baker_s_yeast, Node1652*)",68,0.5440990573737672,0.7421390212290799,c4,branch_to_yeast
"(Eukaryota_Opisthokonta_Nucletmycea_Fungi_Dikarya_Ascomycota_Saccharomycotina_Saccharomycetes_Saccharomycetales_Saccharomyces_cerevisiae_baker_s_yeast, Node1652*)",69,0.958560340096797,0.7421390212290799,c4,branch_to_yeast
"(Eukaryota_Opisthokonta_Nucletmycea_Fungi_Dikarya_Ascomycota_Saccharomycotina_Saccharomycetes_Saccharomycetales_Saccharomyces_cerevisiae_baker_s_yeast, Node1652*)",70,1.6372983311639282,0.7421390212290799,c4,branch_to_yeast
"(Eukaryota_Opisthokonta_Nucletmycea_Fungi_Dikarya_Ascomycota_Saccharomycotina_Saccharomycetes_Saccharomycetales_Saccharomyces_cerevisiae_baker_s_yeast, Node1652*)",71,0.5440990573737672,0.7421390212290799,c4,branch_to_yeast
"(Eukaryota_Opisthokonta_Nucletmycea_Fungi_Dikarya_Ascomycota_Saccharomycotina_Saccharomycetes_Saccharomycetales_Saccharomyces_cerevisiae_baker_s_yeast, Node1652*)",72,-1.0338930394215618e-20,0.7421390212290799,c4,branch_to_yeast
"(Eukaryota_Opisthokonta_Nucletmycea_Fungi_Dikarya_Ascomycota_Saccharomycotina_Saccharomycetes_Saccharomycetales_Saccharomyces_cerevisiae_baker_s_yeast, Node1652*)",73,6.1350955869185354e-21,0.7421390212290799,c4,branch_to_yeast
"(Eukaryota_Opisthokonta_Nucletmycea_Fungi_Dikarya_Ascomycota_Saccharomycotina_Saccharomycetes_Saccharomycetales_Saccharomyces_cerevisiae_baker_s_yeast, Node1652*)",74,-8.956026705792421e-21,0.7421390212290799,c4,branch_to_yeast
"(Eukaryota_Opisthokonta_Nucletmycea_Fungi_Dikarya_Ascomycota_Saccharomycotina_Saccharomycetes_Saccharomycetales_Saccharomyces_cerevisiae_baker_s_yeast, Node1652*)",75,-2.9108211771067448e-21,0.7421390212290799,c4,branch_to_yeast
"(Eukaryota_Opisthokonta_Nucletmycea_Fungi_Dikarya_Ascomycota_Saccharomycotina_Saccharomycetes_Saccharomycetales_Saccharomyces_cerevisiae_baker_s_yeast, Node1652*)",76,7.768357104128669e-21,0.7421390212290799,c4,branch_to_yeast
"(Eukaryota_Opisthokonta_Nucletmycea_Fungi_Dikarya_Ascomycota_Saccharomycotina_Saccharomycetes_Saccharomycetales_Saccharomyces_cerevisiae_baker_s_yeast, Node1652*)",77,-1.8730334607653224e-20,0.7421390212290799,c4,branch_to_yeast
"(Eukaryota_Opisthokonta_Nucletmycea_Fungi_Dikarya_Ascomycota_Saccharomycotina_Saccharomycetes_Saccharomycetales_Saccharomyces_cerevisiae_baker_s_yeast, Node1652*)",78,-4.076455373470289e-20,0.7421390212290799,c4,branch_to_yeast
"(Eukaryota_Opisthokonta_Nucletmycea_Fungi_Dikarya_Ascomycota_Saccharomycotina_Saccharomycetes_Saccharomycetales_Saccharomyces_cerevisiae_baker_s_yeast, Node1652*)",79,-7.031244854664567e-21,0.7421390212290799,c4,branch_to_yeast
"(Eukaryota_Opisthokonta_Nucletmycea_Fungi_Dikarya_Ascomycota_Saccharomycotina_Saccharomycetes_Saccharomycetales_Saccharomyces_cerevisiae_baker_s_yeast, Node1652*)",80,3.2983309487722594e-20,0.7421390212290799,c4,branch_to_yeast
"(Eukaryota_Opisthokonta_Nucletmycea_Fungi_Dikarya_Ascomycota_Saccharomycotina_Saccharomycetes_Saccharomycetales_Saccharomyces_cerevisiae_baker_s_yeast, Node1652*)",81,-2.7038705213220872e-20,0.7421390212290799,c4,branch_to_yeast
"(Eukaryota_Opisthokonta_Nucletmycea_Fungi_Dikarya_Ascomycota_Saccharomycotina_Saccharomycetes_Saccharomycetales_Saccharomyces_cerevisiae_baker_s_yeast, Node1652*)",82,-2.5588323359817163e-20,0.7421390212290799,c4,branch_to_yeast
"(Eukaryota_Opisthokonta_Nucletmycea_Fungi_Dikarya_Ascomycota_Saccharomycotina_Saccharomycetes_Saccharomycetales_Saccharomyces_cerevisiae_baker_s_yeast, Node1652*)",83,1.2998549437971294e-20,0.7421390212290799,c4,branch_to_yeast
"(Eukaryota_Opisthokonta_Nucletmycea_Fungi_Dikarya_Ascomycota_Saccharomycotina_Saccharomycetes_Saccharomycetales_Saccharomyces_cerevisiae_baker_s_yeast, Node1652*)",84,-3.608272840914328e-20,0.7421390212290799,c4,branch_to_yeast
"(Eukaryota_Opisthokonta_Nucletmycea_Fungi_Dikarya_Ascomycota_Saccharomycotina_Saccharomycetes_Saccharomycetales_Saccharomyces_cerevisiae_baker_s_yeast, Node1652*)",85,0.9080570726075052,0.7421390212290799,c4,branch_to_yeast
"(Eukaryota_Opisthokonta_Nucletmycea_Fungi_Dikarya_Ascomycota_Saccharomycotina_Saccharomycetes_Saccharomycetales_Saccharomyces_cerevisiae_baker_s_yeast, Node1652*)",86,0.9080570726075052,0.7421390212290799,c4,branch_to_yeast
"(Eukaryota_Opisthokonta_Nucletmycea_Fungi_Dikarya_Ascomycota_Saccharomycotina_Saccharomycetes_Saccharomycetales_Saccharomyces_cerevisiae_baker_s_yeast, Node1652*)",87,0.9080570726075052,0.7421390212290799,c4,branch_to_yeast
"(Eukaryota_Opisthokonta_Nucletmycea_Fungi_Dikarya_Ascomycota_Saccharomycotina_Saccharomycetes_Saccharomycetales_Saccharomyces_cerevisiae_baker_s_yeast, Node1652*)",88,0.544099058720381,0.921514902531969,c3,branch_to_yeast
"(Eukaryota_Opisthokonta_Nucletmycea_Fungi_Dikarya_Ascomycota_Saccharomycotina_Saccharomycetes_Saccharomycetales_Saccharomyces_cerevisiae_baker_s_yeast, Node1652*)",89,0.9080570726075052,0.7421390212290799,c4,branch_to_yeast
"(Eukaryota_Opisthokonta_Nucletmycea_Fungi_Dikarya_Ascomycota_Saccharomycotina_Saccharomycetes_Saccharomycetales_Saccharomyces_cerevisiae_baker_s_yeast, Node1652*)",90,0.544099058720381,0.921514902531969,c3,branch_to_yeast
"(Eukaryota_Opisthokonta_Nucletmycea_Fungi_Dikarya_Ascomycota_Saccharomycotina_Saccharomycetes_Saccharomycetales_Saccharomyces_cerevisiae_baker_s_yeast, Node1652*)",91,1.6372983367928842,0.921514902531969,c3,branch_to_yeast
"(Eukaryota_Opisthokonta_Nucletmycea_Fungi_Dikarya_Ascomycota_Saccharomycotina_Saccharomycetes_Saccharomycetales_Saccharomyces_cerevisiae_baker_s_yeast, Node1652*)",92,2.0853858597481362e-20,0.7421390212290799,c4,branch_to_yeast
"(Eukaryota_Opisthokonta_Nucletmycea_Fungi_Dikarya_Ascomycota_Saccharomycotina_Saccharomycetes_Saccharomycetales_Saccharomyces_cerevisiae_baker_s_yeast, Node1652*)",93,-2.337896598255405e-20,0.7421390212290799,c4,branch_to_yeast
"(Eukaryota_Opisthokonta_Nucletmycea_Fungi_Dikarya_Ascomycota_Saccharomycotina_Saccharomycetes_Saccharomycetales_Saccharomyces_cerevisiae_baker_s_yeast, Node1652*)",94,1.374346110733132e-20,0.7421390212290799,c4,branch_to_yeast
"(Eukaryota_Opisthokonta_Nucletmycea_Fungi_Dikarya_Ascomycota_Saccharomycotina_Saccharomycetes_Saccharomycetales_Saccharomyces_cerevisiae_baker_s_yeast, Node1652*)",95,2.1786357481673102e-20,0.7421390212290799,c4,branch_to_yeast
"(Eukaryota_Opisthokonta_Nucletmycea_Fungi_Dikarya_Ascomycota_Saccharomycotina_Saccharomycetes_Saccharomycetales_Saccharomyces_cerevisiae_baker_s_yeast, Node1652*)",96,-4.0649604369125903e-20,0.7421390212290799,c4,branch_to_yeast
"(Eukaryota_Opisthokonta_Nucletmycea_Fungi_Dikarya_Ascomycota_Saccharomycotina_Saccharomycetes_Saccharomycetales_Saccharomyces_cerevisiae_baker_s_yeast, Node1652*)",97,1.0442021771956112e-20,0.7421390212290799,c4,branch_to_yeast
"(Eukaryota_Opisthokonta_Nucletmycea_Fungi_Dikarya_Ascomycota_Saccharomycotina_Saccharomycetes_Saccharomycetales_Saccharomyces_cerevisiae_baker_s_yeast, Node1652*)",98,3.749895055690603e-20,0.7421390212290799,c4,branch_to_yeast
"(Eukaryota_Opisthokonta_Nucletmycea_Fungi_Dikarya_Ascomycota_Saccharomycotina_Saccharomycetes_Saccharomycetales_Saccharomyces_cerevisiae_baker_s_yeast, Node1652*)",99,1.4981464210151962e-20,0.7421390212290799,c4,branch_to_yeast
"(Eukaryota_Opisthokonta_Nucletmycea_Fungi_Dikarya_Ascomycota_Saccharomycotina_Saccharomycetes_Saccharomycetales_Saccharomyces_cerevisiae_baker_s_yeast, Node1652*)",100,-1.0343209504708208e-20,0.7421390212290799,c4,branch_to_yeast
"(Eukaryota_Opisthokonta_Nucletmycea_Fungi_Dikarya_Ascomycota_Saccharomycotina_Saccharomycetes_Saccharomycetales_Saccharomyces_cerevisiae_baker_s_yeast, Node1652*)",101,-2.773362641056593e-21,0.7421390212290799,c4,branch_to_yeast
"(Eukaryota_Opisthokonta_Nucletmycea_Fungi_Dikarya_Ascomycota_Saccharomycotina_Saccharomycetes_Saccharomycetales_Saccharomyces_cerevisiae_baker_s_yeast, Node1652*)",102,-2.26543113417426e-21,0.7421390212290799,c4,branch_to_yeast
"(Eukaryota_Opisthokonta_Nucletmycea_Fungi_Dikarya_Ascomycota_Saccharomycotina_Saccharomycetes_Saccharomycetales_Saccharomyces_cerevisiae_baker_s_yeast, Node1652*)",103,-1.0517813803960818e-21,0.7421390212290799,c4,branch_to_yeast
"(Eukaryota_Opisthokonta_Nucletmycea_Fungi_Dikarya_Ascomycota_Saccharomycotina_Saccharomycetes_Saccharomycetales_Saccharomyces_cerevisiae_baker_s_yeast, Node1652*)",104,-5.492414726949825e-21,0.7421390212290799,c4,branch_to_yeast
"(Eukaryota_Opisthokonta_Nucletmycea_Fungi_Dikarya_Ascomycota_Saccharomycotina_Saccharomycetes_Saccharomycetales_Saccharomyces_cerevisiae_baker_s_yeast, Node1652*)",105,1.5596332590335597e-17,0.921514902531969,c3,branch_to_yeast
"(Eukaryota_Opisthokonta_Nucletmycea_Fungi_Dikarya_Ascomycota_Saccharomycotina_Saccharomycetes_Saccharomycetales_Saccharomyces_cerevisiae_baker_s_yeast, Node1652*)",106,0.5440990573737672,0.7421390212290799,c4,branch_to_yeast
"(Eukaryota_Opisthokonta_Nucletmycea_Fungi_Dikarya_Ascomycota_Saccharomycotina_Saccharomycetes_Saccharomycetales_Saccharomyces_cerevisiae_baker_s_yeast, Node1652*)",107,0.9585603400967968,0.7421390212290799,c4,branch_to_yeast
"(Eukaryota_Opisthokonta_Nucletmycea_Fungi_Dikarya_Ascomycota_Saccharomycotina_Saccharomycetes_Saccharomycetales_Saccharomyces_cerevisiae_baker_s_yeast, Node1652*)",108,0.9080570726075052,0.7421390212290799,c4,branch_to_yeast
"(Eukaryota_Opisthokonta_Nucletmycea_Fungi_Dikarya_Ascomycota_Saccharomycotina_Saccharomycetes_Saccharomycetales_Saccharomyces_cerevisiae_baker_s_yeast, Node1652*)",109,0.9585603400967968,0.7421390212290799,c4,branch_to_yeast
"(Eukaryota_Opisthokonta_Nucletmycea_Fungi_Dikarya_Ascomycota_Saccharomycotina_Saccharomycetes_Saccharomycetales_Saccharomyces_cerevisiae_baker_s_yeast, Node1652*)",110,0.5440990573737672,0.7421390212290799,c4,branch_to_yeast
"(Eukaryota_Opisthokonta_Nucletmycea_Fungi_Dikarya_Ascomycota_Saccharomycotina_Saccharomycetes_Saccharomycetales_Saccharomyces_cerevisiae_baker_s_yeast, Node1652*)",111,4.186548521866183e-18,0.7421390212290799,c4,branch_to_yeast
"(Eukaryota_Opisthokonta_Nucletmycea_Fungi_Dikarya_Ascomycota_Saccharomycotina_Saccharomycetes_Saccharomycetales_Saccharomyces_cerevisiae_baker_s_yeast, Node1652*)",112,0.5440990588598469,0.939546945073676,c2,branch_to_yeast
"(Eukaryota_Opisthokonta_Nucletmycea_Fungi_Dikarya_Ascomycota_Saccharomycotina_Saccharomycetes_Saccharomycetales_Saccharomyces_cerevisiae_baker_s_yeast, Node1652*)",113,0.5440990588598469,0.939546945073676,c2,branch_to_yeast
"(Eukaryota_Opisthokonta_Nucletmycea_Fungi_Dikarya_Ascomycota_Saccharomycotina_Saccharomycetes_Saccharomycetales_Saccharomyces_cerevisiae_baker_s_yeast, Node1652*)",114,1.6372983367928842,0.921514902531969,c3,branch_to_yeast
"(Eukaryota_Opisthokonta_Nucletmycea_Fungi_Dikarya_Ascomycota_Saccharomycotina_Saccharomycetes_Saccharomycetales_Saccharomyces_cerevisiae_baker_s_yeast, Node1652*)",115,0.908057073652776,0.939546945073676,c2,branch_to_yeast
"(Eukaryota_Opisthokonta_Nucletmycea_Fungi_Dikarya_Ascomycota_Saccharomycotina_Saccharomycetes_Saccharomycetales_Saccharomyces_cerevisiae_baker_s_yeast, Node1652*)",116,0.9585603439987752,0.9304262177623468,c1,branch_to_yeast
"(Eukaryota_Opisthokonta_Nucletmycea_Fungi_Dikarya_Ascomycota_Saccharomycotina_Saccharomycetes_Saccharomycetales_Saccharomyces_cerevisiae_baker_s_yeast, Node1652*)",117,1.6372983374601648,0.9304262177623468,c1,branch_to_yeast
"(Eukaryota_Opisthokonta_Nucletmycea_Fungi_Dikarya_Ascomycota_Saccharomycotina_Saccharomycetes_Saccharomycetales_Saccharomyces_cerevisiae_baker_s_yeast, Node1652*)",118,0.9585603439457028,0.939546945073676,c2,branch_to_yeast
"(Eukaryota_Opisthokonta_Nucletmycea_Fungi_Dikarya_Ascomycota_Saccharomycotina_Saccharomycetes_Saccharomycetales_Saccharomyces_cerevisiae_baker_s_yeast, Node1652*)",119,0.544099058720381,0.921514902531969,c3,branch_to_yeast
"(Eukaryota_Opisthokonta_Nucletmycea_Fungi_Dikarya_Ascomycota_Saccharomycotina_Saccharomycetes_Saccharomycetales_Saccharomyces_cerevisiae_baker_s_yeast, Node1652*)",120,0.5440990588803539,0.9304262177623468,c1,branch_to_yeast
"(Eukaryota_Opisthokonta_Nucletmycea_Fungi_Dikarya_Ascomycota_Saccharomycotina_Saccharomycetes_Saccharomycetales_Saccharomyces_cerevisiae_baker_s_yeast, Node1652*)",121,0.908057073652776,0.939546945073676,c2,branch_to_yeast
"(Eukaryota_Opisthokonta_Nucletmycea_Fungi_Dikarya_Ascomycota_Saccharomycotina_Saccharomycetes_Saccharomycetales_Saccharomyces_cerevisiae_baker_s_yeast, Node1652*)",122,0.9585603439457028,0.939546945073676,c2,branch_to_yeast
"(Eukaryota_Opisthokonta_Nucletmycea_Fungi_Dikarya_Ascomycota_Saccharomycotina_Saccharomycetes_Saccharomycetales_Saccharomyces_cerevisiae_baker_s_yeast, Node1652*)",123,0.9585603439987752,0.9304262177623468,c1,branch_to_yeast
"(Eukaryota_Opisthokonta_Nucletmycea_Fungi_Dikarya_Ascomycota_Saccharomycotina_Saccharomycetes_Saccharomycetales_Saccharomyces_cerevisiae_baker_s_yeast, Node1652*)",124,1.6372983374601648,0.9304262177623468,c1,branch_to_yeast
"(Eukaryota_Opisthokonta_Nucletmycea_Fungi_Dikarya_Ascomycota_Saccharomycotina_Saccharomycetes_Saccharomycetales_Saccharomyces_cerevisiae_baker_s_yeast, Node1652*)",125,0.9080570736672596,0.9304262177623468,c1,branch_to_yeast
"(Eukaryota_Opisthokonta_Nucletmycea_Fungi_Dikarya_Ascomycota_Saccharomycotina_Saccharomycetes_Saccharomycetales_Saccharomyces_cerevisiae_baker_s_yeast, Node1652*)",126,1.6372983374601648,0.9304262177623468,c1,branch_to_yeast
"(Eukaryota_Opisthokonta_Nucletmycea_Fungi_Dikarya_Ascomycota_Saccharomycotina_Saccharomycetes_Saccharomycetales_Saccharomyces_cerevisiae_baker_s_yeast, Node1652*)",127,0.5440990588598469,0.939546945073676,c2,branch_to_yeast
"(Eukaryota_Opisthokonta_Nucletmycea_Fungi_Dikarya_Ascomycota_Saccharomycotina_Saccharomycetes_Saccharomycetales_Saccharomyces_cerevisiae_baker_s_yeast, Node1652*)",128,0.9080570736672596,0.9304262177623468,c1,branch_to_yeast
"(Eukaryota_Opisthokonta_Nucletmycea_Fungi_Dikarya_Ascomycota_Saccharomycotina_Saccharomycetes_Saccharomycetales_Saccharomyces_cerevisiae_baker_s_yeast, Node1652*)",129,0.9080570736672594,0.9304262177623468,c1,branch_to_yeast
"(Eukaryota_Opisthokonta_Nucletmycea_Fungi_Dikarya_Ascomycota_Saccharomycotina_Saccharomycetes_Saccharomycetales_Saccharomyces_cerevisiae_baker_s_yeast, Node1652*)",130,0.5440990588803539,0.9304262177623468,c1,branch_to_yeast
"(Eukaryota_Opisthokonta_Nucletmycea_Fungi_Dikarya_Ascomycota_Saccharomycotina_Saccharomycetes_Saccharomycetales_Saccharomyces_cerevisiae_baker_s_yeast, Node1652*)",131,0.5440990588598469,0.939546945073676,c2,branch_to_yeast
"(Eukaryota_Opisthokonta_Nucletmycea_Fungi_Dikarya_Ascomycota_Saccharomycotina_Saccharomycetes_Saccharomycetales_Saccharomyces_cerevisiae_baker_s_yeast, Node1652*)",132,0.5440990588598468,0.939546945073676,c2,branch_to_yeast
"(Eukaryota_Opisthokonta_Nucletmycea_Fungi_Dikarya_Ascomycota_Saccharomycotina_Saccharomycetes_Saccharomycetales_Saccharomyces_cerevisiae_baker_s_yeast, Node1652*)",133,0.9080570735543574,0.921514902531969,c3,branch_to_yeast
"(Eukaryota_Opisthokonta_Nucletmycea_Fungi_Dikarya_Ascomycota_Saccharomycotina_Saccharomycetes_Saccharomycetales_Saccharomyces_cerevisiae_baker_s_yeast, Node1652*)",134,1.6372983373746666,0.939546945073676,c2,branch_to_yeast
"(Eukaryota_Opisthokonta_Nucletmycea_Fungi_Dikarya_Ascomycota_Saccharomycotina_Saccharomycetes_Saccharomycetales_Saccharomyces_cerevisiae_baker_s_yeast, Node1652*)",135,0.5440990588598469,0.939546945073676,c2,branch_to_yeast
"(Eukaryota_Opisthokonta_Nucletmycea_Fungi_Dikarya_Ascomycota_Saccharomycotina_Saccharomycetes_Saccharomycetales_Saccharomyces_cerevisiae_baker_s_yeast, Node1652*)",136,0.9585603439987752,0.9304262177623468,c1,branch_to_yeast
"(Eukaryota_Opisthokonta_Nucletmycea_Fungi_Dikarya_Ascomycota_Saccharomycotina_Saccharomycetes_Saccharomycetales_Saccharomyces_cerevisiae_baker_s_yeast, Node1652*)",137,0.9080570735543576,0.921514902531969,c3,branch_to_yeast
"(Eukaryota_Opisthokonta_Nucletmycea_Fungi_Dikarya_Ascomycota_Saccharomycotina_Saccharomycetes_Saccharomycetales_Saccharomyces_cerevisiae_baker_s_yeast, Node1652*)",138,0.908057073652776,0.939546945073676,c2,branch_to_yeast
"(Eukaryota_Opisthokonta_Nucletmycea_Fungi_Dikarya_Ascomycota_Saccharomycotina_Saccharomycetes_Saccharomycetales_Saccharomyces_cerevisiae_baker_s_yeast, Node1652*)",139,0.544099058720381,0.921514902531969,c3,branch_to_yeast
"(Eukaryota_Opisthokonta_Nucletmycea_Fungi_Dikarya_Ascomycota_Saccharomycotina_Saccharomycetes_Saccharomycetales_Saccharomyces_cerevisiae_baker_s_yeast, Node1652*)",140,0.908057073652776,0.939546945073676,c2,branch_to_yeast
"(Eukaryota_Opisthokonta_Nucletmycea_Fungi_Dikarya_Ascomycota_Saccharomycotina_Saccharomycetes_Saccharomycetales_Saccharomyces_cerevisiae_baker_s_yeast, Node1652*)",141,1.6372983367928842,0.921514902531969,c3,branch_to_yeast
"(Eukaryota_Opisthokonta_Nucletmycea_Fungi_Dikarya_Ascomycota_Saccharomycotina_Saccharomycetes_Saccharomycetales_Saccharomyces_cerevisiae_baker_s_yeast, Node1652*)",142,1.893092356641301e-17,0.939546945073676,c2,branch_to_yeast
"(Eukaryota_Opisthokonta_Nucletmycea_Fungi_Dikarya_Ascomycota_Saccharomycotina_Saccharomycetes_Saccharomycetales_Saccharomyces_cerevisiae_baker_s_yeast, Node1652*)",143,0.9585603439987752,0.9304262177623468,c1,branch_to_yeast
"(Eukaryota_Opisthokonta_Nucletmycea_Fungi_Dikarya_Ascomycota_Saccharomycotina_Saccharomycetes_Saccharomycetales_Saccharomyces_cerevisiae_baker_s_yeast, Node1652*)",144,0.9080570735543574,0.921514902531969,c3,branch_to_yeast
"(Eukaryota_Opisthokonta_Nucletmycea_Fungi_Dikarya_Ascomycota_Saccharomycotina_Saccharomycetes_Saccharomycetales_Saccharomyces_cerevisiae_baker_s_yeast, Node1652*)",145,0.9080570735543574,0.921514902531969,c3,branch_to_yeast
"(Eukaryota_Opisthokonta_Nucletmycea_Fungi_Dikarya_Ascomycota_Saccharomycotina_Saccharomycetes_Saccharomycetales_Saccharomyces_cerevisiae_baker_s_yeast, Node1652*)",146,0.9080570736672594,0.9304262177623468,c1,branch_to_yeast
"(Eukaryota_Opisthokonta_Nucletmycea_Fungi_Dikarya_Ascomycota_Saccharomycotina_Saccharomycetes_Saccharomycetales_Saccharomyces_cerevisiae_baker_s_yeast, Node1652*)",147,0.5440990573737672,0.7421390212290799,c4,branch_to_yeast
"(Eukaryota_Opisthokonta_Nucletmycea_Fungi_Dikarya_Ascomycota_Saccharomycotina_Saccharomycetes_Saccharomycetales_Saccharomyces_cerevisiae_baker_s_yeast, Node1652*)",148,0.908057073652776,0.939546945073676,c2,branch_to_yeast
"(Eukaryota_Opisthokonta_Nucletmycea_Fungi_Dikarya_Ascomycota_Saccharomycotina_Saccharomycetes_Saccharomycetales_Saccharomyces_cerevisiae_baker_s_yeast, Node1652*)",149,0.9080570736672596,0.9304262177623468,c1,branch_to_yeast
"(Eukaryota_Opisthokonta_Nucletmycea_Fungi_Dikarya_Ascomycota_Saccharomycotina_Saccharomycetes_Saccharomycetales_Saccharomyces_cerevisiae_baker_s_yeast, Node1652*)",150,0.9080570735543574,0.921514902531969,c3,branch_to_yeast
"(Eukaryota_Opisthokonta_Nucletmycea_Fungi_Dikarya_Ascomycota_Saccharomycotina_Saccharomycetes_Saccharomycetales_Saccharomyces_cerevisiae_baker_s_yeast, Node1652*)",151,0.9585603400967968,0.7421390212290799,c4,branch_to_yeast
"(Eukaryota_Opisthokonta_Nucletmycea_Fungi_Dikarya_Ascomycota_Saccharomycotina_Saccharomycetes_Saccharomycetales_Saccharomyces_cerevisiae_baker_s_yeast, Node1652*)",152,0.5440990573737671,0.7421390212290799,c4,branch_to_yeast
"(Eukaryota_Opisthokonta_Nucletmycea_Fungi_Dikarya_Ascomycota_Saccharomycotina_Saccharomycetes_Saccharomycetales_Saccharomyces_cerevisiae_baker_s_yeast, Node1652*)",153,0.9080570726075052,0.7421390212290799,c4,branch_to_yeast
"(Eukaryota_Opisthokonta_Nucletmycea_Fungi_Dikarya_Ascomycota_Saccharomycotina_Saccharomycetes_Saccharomycetales_Saccharomyces_cerevisiae_baker_s_yeast, Node1652*)",154,0.544099058720381,0.921514902531969,c3,branch_to_yeast
"(Eukaryota_Opisthokonta_Nucletmycea_Fungi_Dikarya_Ascomycota_Saccharomycotina_Saccharomycetes_Saccharomycetales_Saccharomyces_cerevisiae_baker_s_yeast, Node1652*)",155,0.9585603435847064,0.921514902531969,c3,branch_to_yeast
"(Eukaryota_Opisthokonta_Nucletmycea_Fungi_Dikarya_Ascomycota_Saccharomycotina_Saccharomycetes_Saccharomycetales_Saccharomyces_cerevisiae_baker_s_yeast, Node1652*)",156,0.908057073652776,0.939546945073676,c2,branch_to_yeast
"(Eukaryota_Opisthokonta_Nucletmycea_Fungi_Dikarya_Ascomycota_Saccharomycotina_Saccharomycetes_Saccharomycetales_Saccharomyces_cerevisiae_baker_s_yeast, Node1652*)",157,0.9080570726075052,0.7421390212290799,c4,branch_to_yeast
"(Eukaryota_Opisthokonta_Nucletmycea_Fungi_Dikarya_Ascomycota_Saccharomycotina_Saccharomycetes_Saccharomycetales_Saccharomyces_cerevisiae_baker_s_yeast, Node1652*)",158,0.9080570735543574,0.921514902531969,c3,branch_to_yeast
"(Eukaryota_Opisthokonta_Nucletmycea_Fungi_Dikarya_Ascomycota_Saccharomycotina_Saccharomycetes_Saccharomycetales_Saccharomyces_cerevisiae_baker_s_yeast, Node1652*)",159,0.5440990573737672,0.7421390212290799,c4,branch_to_yeast
"(Eukaryota_Opisthokonta_Nucletmycea_Fungi_Dikarya_Ascomycota_Saccharomycotina_Saccharomycetes_Saccharomycetales_Saccharomyces_cerevisiae_baker_s_yeast, Node1652*)",160,1.6372983367928842,0.921514902531969,c3,branch_to_yeast
"(Eukaryota_Opisthokonta_Nucletmycea_Fungi_Dikarya_Ascomycota_Saccharomycotina_Saccharomycetes_Saccharomycetales_Saccharomyces_cerevisiae_baker_s_yeast, Node1652*)",161,0.908057073652776,0.939546945073676,c2,branch_to_yeast
"(Eukaryota_Opisthokonta_Nucletmycea_Fungi_Dikarya_Ascomycota_Saccharomycotina_Saccharomycetes_Saccharomycetales_Saccharomyces_cerevisiae_baker_s_yeast, Node1652*)",162,0.5440990588598468,0.939546945073676,c2,branch_to_yeast
"(Eukaryota_Opisthokonta_Nucletmycea_Fungi_Dikarya_Ascomycota_Saccharomycotina_Saccharomycetes_Saccharomycetales_Saccharomyces_cerevisiae_baker_s_yeast, Node1652*)",163,1.609069583940417e-17,0.921514902531969,c3,branch_to_yeast
"(Eukaryota_Opisthokonta_Nucletmycea_Fungi_Dikarya_Ascomycota_Saccharomycotina_Saccharomycetes_Saccharomycetales_Saccharomyces_cerevisiae_baker_s_yeast, Node1652*)",164,1.6372983367928842,0.921514902531969,c3,branch_to_yeast
"(Eukaryota_Opisthokonta_Nucletmycea_Fungi_Dikarya_Ascomycota_Saccharomycotina_Saccharomycetes_Saccharomycetales_Saccharomyces_cerevisiae_baker_s_yeast, Node1652*)",165,0.5440990573737671,0.7421390212290799,c4,branch_to_yeast
"(Eukaryota_Opisthokonta_Nucletmycea_Fungi_Dikarya_Ascomycota_Saccharomycotina_Saccharomycetes_Saccharomycetales_Saccharomyces_cerevisiae_baker_s_yeast, Node1652*)",166,0.9080570735543574,0.921514902531969,c3,branch_to_yeast
"(Eukaryota_Opisthokonta_Nucletmycea_Fungi_Dikarya_Ascomycota_Saccharomycotina_Saccharomycetes_Saccharomycetales_Saccharomyces_cerevisiae_baker_s_yeast, Node1652*)",167,0.9585603439457028,0.939546945073676,c2,branch_to_yeast
"(Eukaryota_Opisthokonta_Nucletmycea_Fungi_Dikarya_Ascomycota_Saccharomycotina_Saccharomycetes_Saccharomycetales_Saccharomyces_cerevisiae_baker_s_yeast, Node1652*)",168,0.9585603435847064,0.921514902531969,c3,branch_to_yeast
"(Eukaryota_Opisthokonta_Nucletmycea_Fungi_Dikarya_Ascomycota_Saccharomycotina_Saccharomycetes_Saccharomycetales_Saccharomyces_cerevisiae_baker_s_yeast, Node1652*)",169,0.5440990588803539,0.9304262177623468,c1,branch_to_yeast
"(Eukaryota_Opisthokonta_Nucletmycea_Fungi_Dikarya_Ascomycota_Saccharomycotina_Saccharomycetes_Saccharomycetales_Saccharomyces_cerevisiae_baker_s_yeast, Node1652*)",170,0.908057073652776,0.939546945073676,c2,branch_to_yeast
"(Eukaryota_Opisthokonta_Nucletmycea_Fungi_Dikarya_Ascomycota_Saccharomycotina_Saccharomycetes_Saccharomycetales_Saccharomyces_cerevisiae_baker_s_yeast, Node1652*)",171,0.5440990588803539,0.9304262177623468,c1,branch_to_yeast
"(Eukaryota_Opisthokonta_Nucletmycea_Fungi_Dikarya_Ascomycota_Saccharomycotina_Saccharomycetes_Saccharomycetales_Saccharomyces_cerevisiae_baker_s_yeast, Node1652*)",172,0.5440990586980994,0.921514902531969,c3,branch_to_yeast
"(Eukaryota_Opisthokonta_Nucletmycea_Fungi_Dikarya_Ascomycota_Saccharomycotina_Saccharomycetes_Saccharomycetales_Saccharomyces_cerevisiae_baker_s_yeast, Node1652*)",173,1.6372983373746666,0.939546945073676,c2,branch_to_yeast
"(Eukaryota_Opisthokonta_Nucletmycea_Fungi_Dikarya_Ascomycota_Saccharomycotina_Saccharomycetes_Saccharomycetales_Saccharomyces_cerevisiae_baker_s_yeast, Node1652*)",174,0.9080570726075052,0.7421390212290799,c4,branch_to_yeast
"(Eukaryota_Opisthokonta_Nucletmycea_Fungi_Dikarya_Ascomycota_Saccharomycotina_Saccharomycetes_Saccharomycetales_Saccharomyces_cerevisiae_baker_s_yeast, Node1652*)",175,0.9585603400967968,0.7421390212290799,c4,branch_to_yeast
"(Eukaryota_Opisthokonta_Nucletmycea_Fungi_Dikarya_Ascomycota_Saccharomycotina_Saccharomycetes_Saccharomycetales_Saccharomyces_cerevisiae_baker_s_yeast, Node1652*)",176,0.9080570726075052,0.7421390212290799,c4,branch_to_yeast
"(Eukaryota_Opisthokonta_Nucletmycea_Fungi_Dikarya_Ascomycota_Saccharomycotina_Saccharomycetes_Saccharomycetales_Saccharomyces_cerevisiae_baker_s_yeast, Node1652*)",177,0.9585603400967968,0.7421390212290799,c4,branch_to_yeast
"(Eukaryota_Opisthokonta_Nucletmycea_Fungi_Dikarya_Ascomycota_Saccharomycotina_Saccharomycetes_Saccharomycetales_Saccharomyces_cerevisiae_baker_s_yeast, Node1652*)",178,0.9585603435847064,0.921514902531969,c3,branch_to_yeast
"(Eukaryota_Opisthokonta_Nucletmycea_Fungi_Dikarya_Ascomycota_Saccharomycotina_Saccharomycetes_Saccharomycetales_Saccharomyces_cerevisiae_baker_s_yeast, Node1652*)",179,0.9080570736672596,0.9304262177623468,c1,branch_to_yeast
"(Eukaryota_Opisthokonta_Nucletmycea_Fungi_Dikarya_Ascomycota_Saccharomycotina_Saccharomycetes_Saccharomycetales_Saccharomyces_cerevisiae_baker_s_yeast, Node1652*)",180,0.5440990588803539,0.9304262177623468,c1,branch_to_yeast
"(Eukaryota_Opisthokonta_Nucletmycea_Fungi_Dikarya_Ascomycota_Saccharomycotina_Saccharomycetes_Saccharomycetales_Saccharomyces_cerevisiae_baker_s_yeast, Node1652*)",181,0.5440990588803539,0.9304262177623468,c1,branch_to_yeast
"(Eukaryota_Opisthokonta_Nucletmycea_Fungi_Dikarya_Ascomycota_Saccharomycotina_Saccharomycetes_Saccharomycetales_Saccharomyces_cerevisiae_baker_s_yeast, Node1652*)",182,0.9080570736672594,0.9304262177623468,c1,branch_to_yeast
"(Eukaryota_Opisthokonta_Nucletmycea_Fungi_Dikarya_Ascomycota_Saccharomycotina_Saccharomycetes_Saccharomycetales_Saccharomyces_cerevisiae_baker_s_yeast, Node1652*)",183,0.908057073652776,0.939546945073676,c2,branch_to_yeast
"(Eukaryota_Opisthokonta_Nucletmycea_Fungi_Dikarya_Ascomycota_Saccharomycotina_Saccharomycetes_Saccharomycetales_Saccharomyces_cerevisiae_baker_s_yeast, Node1652*)",184,1.6372983367928846,0.921514902531969,c3,branch_to_yeast
"(Eukaryota_Opisthokonta_Nucletmycea_Fungi_Dikarya_Ascomycota_Saccharomycotina_Saccharomycetes_Saccharomycetales_Saccharomyces_cerevisiae_baker_s_yeast, Node1652*)",185,0.9080570726075052,0.7421390212290799,c4,branch_to_yeast
"(Eukaryota_Opisthokonta_Nucletmycea_Fungi_Dikarya_Ascomycota_Saccharomycotina_Saccharomycetes_Saccharomycetales_Saccharomyces_cerevisiae_baker_s_yeast, Node1652*)",186,0.5440990573737672,0.7421390212290799,c4,branch_to_yeast
"(Eukaryota_Opisthokonta_Nucletmycea_Fungi_Dikarya_Ascomycota_Saccharomycotina_Saccharomycetes_Saccharomycetales_Saccharomyces_cerevisiae_baker_s_yeast, Node1652*)",187,0.9585603400967968,0.7421390212290799,c4,branch_to_yeast
"(Eukaryota_Opisthokonta_Nucletmycea_Fungi_Dikarya_Ascomycota_Saccharomycotina_Saccharomycetes_Saccharomycetales_Saccharomyces_cerevisiae_baker_s_yeast, Node1652*)",188,0.5440990573737672,0.7421390212290799,c4,branch_to_yeast
"(Eukaryota_Opisthokonta_Nucletmycea_Fungi_Dikarya_Ascomycota_Saccharomycotina_Saccharomycetes_Saccharomycetales_Saccharomyces_cerevisiae_baker_s_yeast, Node1652*)",189,0.9585603435847064,0.921514902531969,c3,branch_to_yeast
"(Eukaryota_Opisthokonta_Nucletmycea_Fungi_Dikarya_Ascomycota_Saccharomycotina_Saccharomycetes_Saccharomycetales_Saccharomyces_cerevisiae_baker_s_yeast, Node1652*)",190,1.6372983367928842,0.921514902531969,c3,branch_to_yeast
"(Eukaryota_Opisthokonta_Nucletmycea_Fungi_Dikarya_Ascomycota_Saccharomycotina_Saccharomycetes_Saccharomycetales_Saccharomyces_cerevisiae_baker_s_yeast, Node1652*)",191,0.9080570736672596,0.9304262177623468,c1,branch_to_yeast
"(Eukaryota_Opisthokonta_Nucletmycea_Fungi_Dikarya_Ascomycota_Saccharomycotina_Saccharomycetes_Saccharomycetales_Saccharomyces_cerevisiae_baker_s_yeast, Node1652*)",192,0.5440990588803539,0.9304262177623468,c1,branch_to_yeast
"(Eukaryota_Opisthokonta_Nucletmycea_Fungi_Dikarya_Ascomycota_Saccharomycotina_Saccharomycetes_Saccharomycetales_Saccharomyces_cerevisiae_baker_s_yeast, Node1652*)",193,0.5440990588803539,0.9304262177623468,c1,branch_to_yeast
"(Eukaryota_Opisthokonta_Nucletmycea_Fungi_Dikarya_Ascomycota_Saccharomycotina_Saccharomycetes_Saccharomycetales_Saccharomyces_cerevisiae_baker_s_yeast, Node1652*)",194,0.908057073652776,0.939546945073676,c2,branch_to_yeast
"(Eukaryota_Opisthokonta_Nucletmycea_Fungi_Dikarya_Ascomycota_Saccharomycotina_Saccharomycetes_Saccharomycetales_Saccharomyces_cerevisiae_baker_s_yeast, Node1652*)",195,0.5440990587203809,0.921514902531969,c3,branch_to_yeast
"(Eukaryota_Opisthokonta_Nucletmycea_Fungi_Dikarya_Ascomycota_Saccharomycotina_Saccharomycetes_Saccharomycetales_Saccharomyces_cerevisiae_baker_s_yeast, Node1652*)",196,1.6372983373746668,0.939546945073676,c2,branch_to_yeast
"(Eukaryota_Opisthokonta_Nucletmycea_Fungi_Dikarya_Ascomycota_Saccharomycotina_Saccharomycetes_Saccharomycetales_Saccharomyces_cerevisiae_baker_s_yeast, Node1652*)",197,0.5440990587203809,0.921514902531969,c3,branch_to_yeast
"(Eukaryota_Opisthokonta_Nucletmycea_Fungi_Dikarya_Ascomycota_Saccharomycotina_Saccharomycetes_Saccharomycetales_Saccharomyces_cerevisiae_baker_s_yeast, Node1652*)",198,0.9080570735543574,0.921514902531969,c3,branch_to_yeast
"(Eukaryota_Opisthokonta_Nucletmycea_Fungi_Dikarya_Ascomycota_Saccharomycotina_Saccharomycetes_Saccharomycetales_Saccharomyces_cerevisiae_baker_s_yeast, Node1652*)",199,0.9585603435847064,0.921514902531969,c3,branch_to_yeast
"(Eukaryota_Opisthokonta_Nucletmycea_Fungi_Dikarya_Ascomycota_Saccharomycotina_Saccharomycetes_Saccharomycetales_Saccharomyces_cerevisiae_baker_s_yeast, Node1652*)",200,1.6372983373746668,0.939546945073676,c2,branch_to_yeast
"(Eukaryota_Opisthokonta_Nucletmycea_Fungi_Dikarya_Ascomycota_Saccharomycotina_Saccharomycetes_Saccharomycetales_Saccharomyces_cerevisiae_baker_s_yeast, Node1652*)",201,0.9080570736672596,0.9304262177623468,c1,branch_to_yeast
"(Eukaryota_Opisthokonta_Nucletmycea_Fungi_Dikarya_Ascomycota_Saccharomycotina_Saccharomycetes_Saccharomycetales_Saccharomyces_cerevisiae_baker_s_yeast, Node1652*)",202,0.9080570735543576,0.921514902531969,c3,branch_to_yeast
"(Eukaryota_Opisthokonta_Nucletmycea_Fungi_Dikarya_Ascomycota_Saccharomycotina_Saccharomycetes_Saccharomycetales_Saccharomyces_cerevisiae_baker_s_yeast, Node1652*)",203,0.5440990573737672,0.7421390212290799,c4,branch_to_yeast
"(Eukaryota_Opisthokonta_Nucletmycea_Fungi_Dikarya_Ascomycota_Saccharomycotina_Saccharomycetes_Saccharomycetales_Saccharomyces_cerevisiae_baker_s_yeast, Node1652*)",204,0.5440990573737672,0.7421390212290799,c4,branch_to_yeast
"(Eukaryota_Opisthokonta_Nucletmycea_Fungi_Dikarya_Ascomycota_Saccharomycotina_Saccharomycetes_Saccharomycetales_Saccharomyces_cerevisiae_baker_s_yeast, Node1652*)",205,0.5440990573737672,0.7421390212290799,c4,branch_to_yeast
"(Eukaryota_Opisthokonta_Nucletmycea_Fungi_Dikarya_Ascomycota_Saccharomycotina_Saccharomycetes_Saccharomycetales_Saccharomyces_cerevisiae_baker_s_yeast, Node1652*)",206,0.5440990573737672,0.7421390212290799,c4,branch_to_yeast
"(Eukaryota_Opisthokonta_Nucletmycea_Fungi_Dikarya_Ascomycota_Saccharomycotina_Saccharomycetes_Saccharomycetales_Saccharomyces_cerevisiae_baker_s_yeast, Node1652*)",207,3.9008068704194577e-17,0.7421390212290799,c4,branch_to_yeast
"(Eukaryota_Opisthokonta_Nucletmycea_Fungi_Dikarya_Ascomycota_Saccharomycotina_Saccharomycetes_Saccharomycetales_Saccharomyces_cerevisiae_baker_s_yeast, Node1652*)",208,0.9080570726075052,0.7421390212290799,c4,branch_to_yeast
"(Eukaryota_Opisthokonta_Nucletmycea_Fungi_Dikarya_Ascomycota_Saccharomycotina_Saccharomycetes_Saccharomycetales_Saccharomyces_cerevisiae_baker_s_yeast, Node1652*)",209,1.6372983311639282,0.7421390212290799,c4,branch_to_yeast
"(Eukaryota_Opisthokonta_Nucletmycea_Fungi_Dikarya_Ascomycota_Saccharomycotina_Saccharomycetes_Saccharomycetales_Saccharomyces_cerevisiae_baker_s_yeast, Node1652*)",210,0.9080570726075052,0.7421390212290799,c4,branch_to_yeast
"(Eukaryota_Opisthokonta_Nucletmycea_Fungi_Dikarya_Ascomycota_Saccharomycotina_Saccharomycetes_Saccharomycetales_Saccharomyces_cerevisiae_baker_s_yeast, Node1652*)",211,1.6372983311639282,0.7421390212290799,c4,branch_to_yeast
"(Eukaryota_Opisthokonta_Nucletmycea_Fungi_Dikarya_Ascomycota_Saccharomycotina_Saccharomycetes_Saccharomycetales_Saccharomyces_cerevisiae_baker_s_yeast, Node1652*)",212,1.2310002100533867e-17,0.7421390212290799,c4,branch_to_yeast
"(Eukaryota_Opisthokonta_Nucletmycea_Fungi_Dikarya_Ascomycota_Saccharomycotina_Saccharomycetes_Saccharomycetales_Saccharomyces_cerevisiae_baker_s_yeast, Node1652*)",213,0.9585603435847064,0.921514902531969,c3,branch_to_yeast
"(Eukaryota_Opisthokonta_Nucletmycea_Fungi_Dikarya_Ascomycota_Saccharomycotina_Saccharomycetes_Saccharomycetales_Saccharomyces_cerevisiae_baker_s_yeast, Node1652*)",214,-8.979887401548511e-19,0.7421390212290799,c4,branch_to_yeast
"(Eukaryota_Opisthokonta_Nucletmycea_Fungi_Dikarya_Ascomycota_Saccharomycotina_Saccharomycetes_Saccharomycetales_Saccharomyces_cerevisiae_baker_s_yeast, Node1652*)",215,1.1539327336132916e-19,0.7421390212290799,c4,branch_to_yeast
"(Eukaryota_Opisthokonta_Nucletmycea_Fungi_Dikarya_Ascomycota_Saccharomycotina_Saccharomycetes_Saccharomycetales_Saccharomyces_cerevisiae_baker_s_yeast, Node1652*)",216,0.544099058720381,0.921514902531969,c3,branch_to_yeast
"(Eukaryota_Opisthokonta_Nucletmycea_Fungi_Dikarya_Ascomycota_Saccharomycotina_Saccharomycetes_Saccharomycetales_Saccharomyces_cerevisiae_baker_s_yeast, Node1652*)",217,-1.4055522378058756e-17,0.7421390212290799,c4,branch_to_yeast
"(Eukaryota_Opisthokonta_Nucletmycea_Fungi_Dikarya_Ascomycota_Saccharomycotina_Saccharomycetes_Saccharomycetales_Saccharomyces_cerevisiae_baker_s_yeast, Node1652*)",218,-7.06999825236042e-18,0.7421390212290799,c4,branch_to_yeast
"(Eukaryota_Opisthokonta_Nucletmycea_Fungi_Dikarya_Ascomycota_Saccharomycotina_Saccharomycetes_Saccharomycetales_Saccharomyces_cerevisiae_baker_s_yeast, Node1652*)",219,1.6372983311639278,0.7421390212290799,c4,branch_to_yeast
"(Eukaryota_Opisthokonta_Nucletmycea_Fungi_Dikarya_Ascomycota_Saccharomycotina_Saccharomycetes_Saccharomycetales_Saccharomyces_cerevisiae_baker_s_yeast, Node1652*)",220,1.6372983367928842,0.921514902531969,c3,branch_to_yeast
"(Eukaryota_Opisthokonta_Nucletmycea_Fungi_Dikarya_Ascomycota_Saccharomycotina_Saccharomycetes_Saccharomycetales_Saccharomyces_cerevisiae_baker_s_yeast, Node1652*)",221,3.650182578825206e-17,0.939546945073676,c2,branch_to_yeast
"(Eukaryota_Opisthokonta_Nucletmycea_Fungi_Dikarya_Ascomycota_Saccharomycotina_Saccharomycetes_Saccharomycetales_Saccharomyces_cerevisiae_baker_s_yeast, Node1652*)",222,1.6372978278436527,0.921514902531969,c3,branch_to_yeast
"(Eukaryota_Opisthokonta_Nucletmycea_Fungi_Dikarya_Ascomycota_Saccharomycotina_Saccharomycetes_Saccharomycetales_Saccharomyces_cerevisiae_baker_s_yeast, Node1652*)",223,0.908057073012912,0.7421390212290799,c4,branch_to_yeast
"(Eukaryota_Opisthokonta_Nucletmycea_Fungi_Dikarya_Ascomycota_Saccharomycotina_Saccharomycetes_Saccharomycetales_Saccharomyces_cerevisiae_baker_s_yeast, Node1652*)",224,0.9080570735808048,0.921514902531969,c3,branch_to_yeast
"(Eukaryota_Opisthokonta_Nucletmycea_Fungi_Dikarya_Ascomycota_Saccharomycotina_Saccharomycetes_Saccharomycetales_Saccharomyces_cerevisiae_baker_s_yeast, Node1652*)",225,0.9080570735543574,0.921514902531969,c3,branch_to_yeast
"(Eukaryota_Opisthokonta_Nucletmycea_Fungi_Dikarya_Ascomycota_Saccharomycotina_Saccharomycetes_Saccharomycetales_Saccharomyces_cerevisiae_baker_s_yeast, Node1652*)",226,-3.813933676077537e-17,0.7421390212290799,c4,branch_to_yeast
"(Eukaryota_Opisthokonta_Nucletmycea_Fungi_Dikarya_Ascomycota_Saccharomycotina_Saccharomycetes_Saccharomycetales_Saccharomyces_cerevisiae_baker_s_yeast, Node1652*)",227,0.9585603435847064,0.921514902531969,c3,branch_to_yeast
"(Eukaryota_Opisthokonta_Nucletmycea_Fungi_Dikarya_Ascomycota_Saccharomycotina_Saccharomycetes_Saccharomycetales_Saccharomyces_cerevisiae_baker_s_yeast, Node1652*)",228,0.9585603400967968,0.7421390212290799,c4,branch_to_yeast
"(Eukaryota_Opisthokonta_Nucletmycea_Fungi_Dikarya_Ascomycota_Saccharomycotina_Saccharomycetes_Saccharomycetales_Saccharomyces_cerevisiae_baker_s_yeast, Node1652*)",229,8.482652362057737e-18,0.7421390212290799,c4,branch_to_yeast
"(Eukaryota_Opisthokonta_Nucletmycea_Fungi_Dikarya_Ascomycota_Saccharomycotina_Saccharomycetes_Saccharomycetales_Saccharomyces_cerevisiae_baker_s_yeast, Node1652*)",230,-7.645295309344927e-19,0.7421390212290799,c4,branch_to_yeast
"(Eukaryota_Opisthokonta_Nucletmycea_Fungi_Dikarya_Ascomycota_Saccharomycotina_Saccharomycetes_Saccharomycetales_Saccharomyces_cerevisiae_baker_s_yeast, Node1652*)",231,-1.5657560692938205e-18,0.7421390212290799,c4,branch_to_yeast
"(Eukaryota_Opisthokonta_Nucletmycea_Fungi_Dikarya_Ascomycota_Saccharomycotina_Saccharomycetes_Saccharomycetales_Saccharomyces_cerevisiae_baker_s_yeast, Node1652*)",232,0.5440990587203809,0.921514902531969,c3,branch_to_yeast
"(Eukaryota_Opisthokonta_Nucletmycea_Fungi_Dikarya_Ascomycota_Saccharomycotina_Saccharomycetes_Saccharomycetales_Saccharomyces_cerevisiae_baker_s_yeast, Node1652*)",233,0.5440990587203809,0.921514902531969,c3,branch_to_yeast
"(Eukaryota_Opisthokonta_Nucletmycea_Fungi_Dikarya_Ascomycota_Saccharomycotina_Saccharomycetes_Saccharomycetales_Saccharomyces_cerevisiae_baker_s_yeast, Node1652*)",234,7.445608593131747e-18,0.7421390212290799,c4,branch_to_yeast
"(Eukaryota_Opisthokonta_Nucletmycea_Fungi_Dikarya_Ascomycota_Saccharomycotina_Saccharomycetes_Saccharomycetales_Saccharomyces_cerevisiae_baker_s_yeast, Node1652*)",235,0.9585603400967968,0.7421390212290799,c4,branch_to_yeast
"(Eukaryota_Opisthokonta_Nucletmycea_Fungi_Dikarya_Ascomycota_Saccharomycotina_Saccharomycetes_Saccharomycetales_Saccharomyces_cerevisiae_baker_s_yeast, Node1652*)",236,0.5440990573737672,0.7421390212290799,c4,branch_to_yeast
"(Eukaryota_Opisthokonta_Nucletmycea_Fungi_Dikarya_Ascomycota_Saccharomycotina_Saccharomycetes_Saccharomycetales_Saccharomyces_cerevisiae_baker_s_yeast, Node1652*)",237,0.9585603400967968,0.7421390212290799,c4,branch_to_yeast
"(Eukaryota_Opisthokonta_Nucletmycea_Fungi_Dikarya_Ascomycota_Saccharomycotina_Saccharomycetes_Saccharomycetales_Saccharomyces_cerevisiae_baker_s_yeast, Node1652*)",238,0.5440990573737672,0.7421390212290799,c4,branch_to_yeast
"(Eukaryota_Opisthokonta_Nucletmycea_Fungi_Dikarya_Ascomycota_Saccharomycotina_Saccharomycetes_Saccharomycetales_Saccharomyces_cerevisiae_baker_s_yeast, Node1652*)",239,0.9080570726075052,0.7421390212290799,c4,branch_to_yeast
"(Eukaryota_Opisthokonta_Nucletmycea_Fungi_Dikarya_Ascomycota_Saccharomycotina_Saccharomycetes_Saccharomycetales_Saccharomyces_cerevisiae_baker_s_yeast, Node1652*)",240,0.9585603439457026,0.939546945073676,c2,branch_to_yeast
"(Eukaryota_Opisthokonta_Nucletmycea_Fungi_Dikarya_Ascomycota_Saccharomycotina_Saccharomycetes_Saccharomycetales_Saccharomyces_cerevisiae_baker_s_yeast, Node1652*)",241,0.9080570735543574,0.921514902531969,c3,branch_to_yeast
"(Eukaryota_Opisthokonta_Nucletmycea_Fungi_Dikarya_Ascomycota_Saccharomycotina_Saccharomycetes_Saccharomycetales_Saccharomyces_cerevisiae_baker_s_yeast, Node1652*)",242,0.5440990587203809,0.921514902531969,c3,branch_to_yeast
"(Eukaryota_Opisthokonta_Nucletmycea_Fungi_Dikarya_Ascomycota_Saccharomycotina_Saccharomycetes_Saccharomycetales_Saccharomyces_cerevisiae_baker_s_yeast, Node1652*)",243,0.908057073652776,0.939546945073676,c2,branch_to_yeast
"(Eukaryota_Opisthokonta_Nucletmycea_Fungi_Dikarya_Ascomycota_Saccharomycotina_Saccharomycetes_Saccharomycetales_Saccharomyces_cerevisiae_baker_s_yeast, Node1652*)",244,0.908057073652776,0.939546945073676,c2,branch_to_yeast
"(Eukaryota_Opisthokonta_Nucletmycea_Fungi_Dikarya_Ascomycota_Saccharomycotina_Saccharomycetes_Saccharomycetales_Saccharomyces_cerevisiae_baker_s_yeast, Node1652*)",245,0.908057073652776,0.939546945073676,c2,branch_to_yeast
"(Eukaryota_Opisthokonta_Nucletmycea_Fungi_Dikarya_Ascomycota_Saccharomycotina_Saccharomycetes_Saccharomycetales_Saccharomyces_cerevisiae_baker_s_yeast, Node1652*)",246,0.5440990588598469,0.939546945073676,c2,branch_to_yeast
"(Eukaryota_Opisthokonta_Nucletmycea_Fungi_Dikarya_Ascomycota_Saccharomycotina_Saccharomycetes_Saccharomycetales_Saccharomyces_cerevisiae_baker_s_yeast, Node1652*)",247,0.908057073652776,0.939546945073676,c2,branch_to_yeast
"(Eukaryota_Opisthokonta_Nucletmycea_Fungi_Dikarya_Ascomycota_Saccharomycotina_Saccharomycetes_Saccharomycetales_Saccharomyces_cerevisiae_baker_s_yeast, Node1652*)",248,0.908057073652776,0.939546945073676,c2,branch_to_yeast
"(Eukaryota_Opisthokonta_Nucletmycea_Fungi_Dikarya_Ascomycota_Saccharomycotina_Saccharomycetes_Saccharomycetales_Saccharomyces_cerevisiae_baker_s_yeast, Node1652*)",249,0.5440990588598469,0.939546945073676,c2,branch_to_yeast
"(Eukaryota_Opisthokonta_Nucletmycea_Fungi_Dikarya_Ascomycota_Saccharomycotina_Saccharomycetes_Saccharomycetales_Saccharomyces_cerevisiae_baker_s_yeast, Node1652*)",250,0.9585603439457026,0.939546945073676,c2,branch_to_yeast
"(Eukaryota_Opisthokonta_Nucletmycea_Fungi_Dikarya_Ascomycota_Saccharomycotina_Saccharomycetes_Saccharomycetales_Saccharomyces_cerevisiae_baker_s_yeast, Node1652*)",251,0.5440990587203809,0.921514902531969,c3,branch_to_yeast
"(Eukaryota_Opisthokonta_Nucletmycea_Fungi_Dikarya_Ascomycota_Saccharomycotina_Saccharomycetes_Saccharomycetales_Saccharomyces_cerevisiae_baker_s_yeast, Node1652*)",252,0.9080570735543574,0.921514902531969,c3,branch_to_yeast
"(Eukaryota_Opisthokonta_Nucletmycea_Fungi_Dikarya_Ascomycota_Saccharomycotina_Saccharomycetes_Saccharomycetales_Saccharomyces_cerevisiae_baker_s_yeast, Node1652*)",253,0.5440990573737672,0.7421390212290799,c4,branch_to_yeast
"(Eukaryota_Opisthokonta_Nucletmycea_Fungi_Dikarya_Ascomycota_Saccharomycotina_Saccharomycetes_Saccharomycetales_Saccharomyces_cerevisiae_baker_s_yeast, Node1652*)",254,0.5440990573737672,0.7421390212290799,c4,branch_to_yeast
"(Eukaryota_Opisthokonta_Nucletmycea_Fungi_Dikarya_Ascomycota_Saccharomycotina_Saccharomycetes_Saccharomycetales_Saccharomyces_cerevisiae_baker_s_yeast, Node1652*)",255,0.5440990587203809,0.921514902531969,c3,branch_to_yeast
"(Eukaryota_Opisthokonta_Nucletmycea_Fungi_Dikarya_Ascomycota_Saccharomycotina_Saccharomycetes_Saccharomycetales_Saccharomyces_cerevisiae_baker_s_yeast, Node1652*)",256,0.5440990587203809,0.921514902531969,c3,branch_to_yeast
"(Eukaryota_Opisthokonta_Nucletmycea_Fungi_Dikarya_Ascomycota_Saccharomycotina_Saccharomycetes_Saccharomycetales_Saccharomyces_cerevisiae_baker_s_yeast, Node1652*)",257,0.5440990587203809,0.921514902531969,c3,branch_to_yeast
"(Eukaryota_Opisthokonta_Nucletmycea_Fungi_Dikarya_Ascomycota_Saccharomycotina_Saccharomycetes_Saccharomycetales_Saccharomyces_cerevisiae_baker_s_yeast, Node1652*)",258,0.544099058720381,0.921514902531969,c3,branch_to_yeast
"(Eukaryota_Opisthokonta_Nucletmycea_Fungi_Dikarya_Ascomycota_Saccharomycotina_Saccharomycetes_Saccharomycetales_Saccharomyces_cerevisiae_baker_s_yeast, Node1652*)",259,0.908057073652776,0.939546945073676,c2,branch_to_yeast
"(Eukaryota_Opisthokonta_Nucletmycea_Fungi_Dikarya_Ascomycota_Saccharomycotina_Saccharomycetes_Saccharomycetales_Saccharomyces_cerevisiae_baker_s_yeast, Node1652*)",260,1.6372983373746666,0.939546945073676,c2,branch_to_yeast
"(Eukaryota_Opisthokonta_Nucletmycea_Fungi_Dikarya_Ascomycota_Saccharomycotina_Saccharomycetes_Saccharomycetales_Saccharomyces_cerevisiae_baker_s_yeast, Node1652*)",261,0.5440990588598469,0.939546945073676,c2,branch_to_yeast
"(Eukaryota_Opisthokonta_Nucletmycea_Fungi_Dikarya_Ascomycota_Saccharomycotina_Saccharomycetes_Saccharomycetales_Saccharomyces_cerevisiae_baker_s_yeast, Node1652*)",262,0.5440990587203809,0.921514902531969,c3,branch_to_yeast
"(Eukaryota_Opisthokonta_Nucletmycea_Fungi_Dikarya_Ascomycota_Saccharomycotina_Saccharomycetes_Saccharomycetales_Saccharomyces_cerevisiae_baker_s_yeast, Node1652*)",263,0.9080570726075052,0.7421390212290799,c4,branch_to_yeast
"(Eukaryota_Opisthokonta_Nucletmycea_Fungi_Dikarya_Ascomycota_Saccharomycotina_Saccharomycetes_Saccharomycetales_Saccharomyces_cerevisiae_baker_s_yeast, Node1652*)",264,0.9585603400967968,0.7421390212290799,c4,branch_to_yeast
"(Eukaryota_Opisthokonta_Nucletmycea_Fungi_Dikarya_Ascomycota_Saccharomycotina_Saccharomycetes_Saccharomycetales_Saccharomyces_cerevisiae_baker_s_yeast, Node1652*)",265,0.9080570726075052,0.7421390212290799,c4,branch_to_yeast
"(Eukaryota_Opisthokonta_Nucletmycea_Fungi_Dikarya_Ascomycota_Saccharomycotina_Saccharomycetes_Saccharomycetales_Saccharomyces_cerevisiae_baker_s_yeast, Node1652*)",266,-6.115265538726881e-17,0.7421390212290799,c4,branch_to_yeast
"(Eukaryota_Opisthokonta_Nucletmycea_Fungi_Dikarya_Ascomycota_Saccharomycotina_Saccharomycetes_Saccharomycetales_Saccharomyces_cerevisiae_baker_s_yeast, Node1652*)",267,1.6372983311639282,0.7421390212290799,c4,branch_to_yeast
"(Eukaryota_Opisthokonta_Nucletmycea_Fungi_Dikarya_Ascomycota_Saccharomycotina_Saccharomycetes_Saccharomycetales_Saccharomyces_cerevisiae_baker_s_yeast, Node1652*)",268,0.9080570726075052,0.7421390212290799,c4,branch_to_yeast
"(Eukaryota_Opisthokonta_Nucletmycea_Fungi_Dikarya_Ascomycota_Saccharomycotina_Saccharomycetes_Saccharomycetales_Saccharomyces_cerevisiae_baker_s_yeast, Node1652*)",269,0.9080570726075052,0.7421390212290799,c4,branch_to_yeast
"(Eukaryota_Opisthokonta_Nucletmycea_Fungi_Dikarya_Ascomycota_Saccharomycotina_Saccharomycetes_Saccharomycetales_Saccharomyces_cerevisiae_baker_s_yeast, Node1652*)",270,1.637298331163928,0.7421390212290799,c4,branch_to_yeast
"(Eukaryota_Opisthokonta_Nucletmycea_Fungi_Dikarya_Ascomycota_Saccharomycotina_Saccharomycetes_Saccharomycetales_Saccharomyces_cerevisiae_baker_s_yeast, Node1652*)",271,0.9585603400967968,0.7421390212290799,c4,branch_to_yeast
"(Eukaryota_Opisthokonta_Nucletmycea_Fungi_Dikarya_Ascomycota_Saccharomycotina_Saccharomycetes_Saccharomycetales_Saccharomyces_cerevisiae_baker_s_yeast, Node1652*)",272,0.9585603400967968,0.7421390212290799,c4,branch_to_yeast
"(Eukaryota_Opisthokonta_Nucletmycea_Fungi_Dikarya_Ascomycota_Saccharomycotina_Saccharomycetes_Saccharomycetales_Saccharomyces_cerevisiae_baker_s_yeast, Node1652*)",273,4.70725915179592e-17,0.7421390212290799,c4,branch_to_yeast
"(Eukaryota_Opisthokonta_Nucletmycea_Fungi_Dikarya_Ascomycota_Saccharomycotina_Saccharomycetes_Saccharomycetales_Saccharomyces_cerevisiae_baker_s_yeast, Node1652*)",274,0.5440990573737672,0.7421390212290799,c4,branch_to_yeast
"(Eukaryota_Opisthokonta_Nucletmycea_Fungi_Dikarya_Ascomycota_Saccharomycotina_Saccharomycetes_Saccharomycetales_Saccharomyces_cerevisiae_baker_s_yeast, Node1652*)",275,1.6372983311639282,0.7421390212290799,c4,branch_to_yeast
"(Eukaryota_Opisthokonta_Nucletmycea_Fungi_Dikarya_Ascomycota_Saccharomycotina_Saccharomycetes_Saccharomycetales_Saccharomyces_cerevisiae_baker_s_yeast, Node1652*)",276,0.9080570735543574,0.921514902531969,c3,branch_to_yeast
"(Eukaryota_Opisthokonta_Nucletmycea_Fungi_Dikarya_Ascomycota_Saccharomycotina_Saccharomycetes_Saccharomycetales_Saccharomyces_cerevisiae_baker_s_yeast, Node1652*)",277,1.6372983212494006,0.7421390212290799,c4,branch_to_yeast
"(Eukaryota_Opisthokonta_Nucletmycea_Fungi_Dikarya_Ascomycota_Saccharomycotina_Saccharomycetes_Saccharomycetales_Saccharomyces_cerevisiae_baker_s_yeast, Node1652*)",278,0.9080570728563466,0.7421390212290799,c4,branch_to_yeast
"(Eukaryota_Opisthokonta_Nucletmycea_Fungi_Dikarya_Ascomycota_Saccharomycotina_Saccharomycetes_Saccharomycetales_Saccharomyces_cerevisiae_baker_s_yeast, Node1652*)",279,0.9080570726075052,0.7421390212290799,c4,branch_to_yeast
"(Eukaryota_Opisthokonta_Nucletmycea_Fungi_Dikarya_Ascomycota_Saccharomycotina_Saccharomycetes_Saccharomycetales_Saccharomyces_cerevisiae_baker_s_yeast, Node1652*)",280,0.9080570735543574,0.921514902531969,c3,branch_to_yeast
"(Eukaryota_Opisthokonta_Nucletmycea_Fungi_Dikarya_Ascomycota_Saccharomycotina_Saccharomycetes_Saccharomycetales_Saccharomyces_cerevisiae_baker_s_yeast, Node1652*)",281,0.9585603439457028,0.939546945073676,c2,branch_to_yeast
"(Eukaryota_Opisthokonta_Nucletmycea_Fungi_Dikarya_Ascomycota_Saccharomycotina_Saccharomycetes_Saccharomycetales_Saccharomyces_cerevisiae_baker_s_yeast, Node1652*)",282,0.544099058720381,0.921514902531969,c3,branch_to_yeast
"(Eukaryota_Opisthokonta_Nucletmycea_Fungi_Dikarya_Ascomycota_Saccharomycotina_Saccharomycetes_Saccharomycetales_Saccharomyces_cerevisiae_baker_s_yeast, Node1652*)",283,0.9080570736672596,0.9304262177623468,c1,branch_to_yeast
"(Eukaryota_Opisthokonta_Nucletmycea_Fungi_Dikarya_Ascomycota_Saccharomycotina_Saccharomycetes_Saccharomycetales_Saccharomyces_cerevisiae_baker_s_yeast, Node1652*)",284,0.9585603439987752,0.9304262177623468,c1,branch_to_yeast
"(Eukaryota_Opisthokonta_Nucletmycea_Fungi_Dikarya_Ascomycota_Saccharomycotina_Saccharomycetes_Saccharomycetales_Saccharomyces_cerevisiae_baker_s_yeast, Node1652*)",285,0.5440990588803538,0.9304262177623468,c1,branch_to_yeast
"(Eukaryota_Opisthokonta_Nucletmycea_Fungi_Dikarya_Ascomycota_Saccharomycotina_Saccharomycetes_Saccharomycetales_Saccharomyces_cerevisiae_baker_s_yeast, Node1652*)",286,0.9080570726075052,0.7421390212290799,c4,branch_to_yeast
"(Eukaryota_Opisthokonta_Nucletmycea_Fungi_Dikarya_Ascomycota_Saccharomycotina_Saccharomycetes_Saccharomycetales_Saccharomyces_cerevisiae_baker_s_yeast, Node1652*)",287,0.9080570736672596,0.9304262177623468,c1,branch_to_yeast
"(Eukaryota_Opisthokonta_Nucletmycea_Fungi_Dikarya_Ascomycota_Saccharomycotina_Saccharomycetes_Saccharomycetales_Saccharomyces_cerevisiae_baker_s_yeast, Node1652*)",288,1.6372983373746668,0.939546945073676,c2,branch_to_yeast
"(Eukaryota_Opisthokonta_Nucletmycea_Fungi_Dikarya_Ascomycota_Saccharomycotina_Saccharomycetes_Saccharomycetales_Saccharomyces_cerevisiae_baker_s_yeast, Node1652*)",289,0.5440990588598469,0.939546945073676,c2,branch_to_yeast
"(Eukaryota_Opisthokonta_Nucletmycea_Fungi_Dikarya_Ascomycota_Saccharomycotina_Saccharomycetes_Saccharomycetales_Saccharomyces_cerevisiae_baker_s_yeast, Node1652*)",290,0.9080570735543574,0.921514902531969,c3,branch_to_yeast
"(Eukaryota_Opisthokonta_Nucletmycea_Fungi_Dikarya_Ascomycota_Saccharomycotina_Saccharomycetes_Saccharomycetales_Saccharomyces_cerevisiae_baker_s_yeast, Node1652*)",291,0.5440990587203809,0.921514902531969,c3,branch_to_yeast
"(Eukaryota_Opisthokonta_Nucletmycea_Fungi_Dikarya_Ascomycota_Saccharomycotina_Saccharomycetes_Saccharomycetales_Saccharomyces_cerevisiae_baker_s_yeast, Node1652*)",292,0.544099058720381,0.921514902531969,c3,branch_to_yeast
"(Eukaryota_Opisthokonta_Nucletmycea_Fungi_Dikarya_Ascomycota_Saccharomycotina_Saccharomycetes_Saccharomycetales_Saccharomyces_cerevisiae_baker_s_yeast, Node1652*)",293,0.908057073652776,0.939546945073676,c2,branch_to_yeast
"(Eukaryota_Opisthokonta_Nucletmycea_Fungi_Dikarya_Ascomycota_Saccharomycotina_Saccharomycetes_Saccharomycetales_Saccharomyces_cerevisiae_baker_s_yeast, Node1652*)",294,0.5440990588598468,0.939546945073676,c2,branch_to_yeast
"(Eukaryota_Opisthokonta_Nucletmycea_Fungi_Dikarya_Ascomycota_Saccharomycotina_Saccharomycetes_Saccharomycetales_Saccharomyces_cerevisiae_baker_s_yeast, Node1652*)",295,0.5440990588598468,0.939546945073676,c2,branch_to_yeast
"(Eukaryota_Opisthokonta_Nucletmycea_Fungi_Dikarya_Ascomycota_Saccharomycotina_Saccharomycetes_Saccharomycetales_Saccharomyces_cerevisiae_baker_s_yeast, Node1652*)",296,1.6372983373746668,0.939546945073676,c2,branch_to_yeast
"(Eukaryota_Opisthokonta_Nucletmycea_Fungi_Dikarya_Ascomycota_Saccharomycotina_Saccharomycetes_Saccharomycetales_Saccharomyces_cerevisiae_baker_s_yeast, Node1652*)",297,0.9080570735543574,0.921514902531969,c3,branch_to_yeast
"(Eukaryota_Opisthokonta_Nucletmycea_Fungi_Dikarya_Ascomycota_Saccharomycotina_Saccharomycetes_Saccharomycetales_Saccharomyces_cerevisiae_baker_s_yeast, Node1652*)",298,0.9080570735543574,0.921514902531969,c3,branch_to_yeast
"(Eukaryota_Opisthokonta_Nucletmycea_Fungi_Dikarya_Ascomycota_Saccharomycotina_Saccharomycetes_Saccharomycetales_Saccharomyces_cerevisiae_baker_s_yeast, Node1652*)",299,0.9080570726075052,0.7421390212290799,c4,branch_to_yeast
"(Eukaryota_Opisthokonta_Nucletmycea_Fungi_Dikarya_Ascomycota_Saccharomycotina_Saccharomycetes_Saccharomycetales_Saccharomyces_cerevisiae_baker_s_yeast, Node1652*)",300,0.9080570726075052,0.7421390212290799,c4,branch_to_yeast
"(Eukaryota_Opisthokonta_Nucletmycea_Fungi_Dikarya_Ascomycota_Saccharomycotina_Saccharomycetes_Saccharomycetales_Saccharomyces_cerevisiae_baker_s_yeast, Node1652*)",301,1.6372983367928846,0.921514902531969,c3,branch_to_yeast
"(Eukaryota_Opisthokonta_Nucletmycea_Fungi_Dikarya_Ascomycota_Saccharomycotina_Saccharomycetes_Saccharomycetales_Saccharomyces_cerevisiae_baker_s_yeast, Node1652*)",302,0.9585603439987752,0.9304262177623468,c1,branch_to_yeast
"(Eukaryota_Opisthokonta_Nucletmycea_Fungi_Dikarya_Ascomycota_Saccharomycotina_Saccharomycetes_Saccharomycetales_Saccharomyces_cerevisiae_baker_s_yeast, Node1652*)",303,0.5440990588803539,0.9304262177623468,c1,branch_to_yeast
"(Eukaryota_Opisthokonta_Nucletmycea_Fungi_Dikarya_Ascomycota_Saccharomycotina_Saccharomycetes_Saccharomycetales_Saccharomyces_cerevisiae_baker_s_yeast, Node1652*)",304,-6.949753057997412e-17,0.9304262177623468,c1,branch_to_yeast
"(Eukaryota_Opisthokonta_Nucletmycea_Fungi_Dikarya_Ascomycota_Saccharomycotina_Saccharomycetes_Saccharomycetales_Saccharomyces_cerevisiae_baker_s_yeast, Node1652*)",305,5.96583123381589e-20,0.7421390212290799,c4,branch_to_yeast
"(Eukaryota_Opisthokonta_Nucletmycea_Fungi_Dikarya_Ascomycota_Saccharomycotina_Saccharomycetes_Saccharomycetales_Saccharomyces_cerevisiae_baker_s_yeast, Node1652*)",306,0.5440990587203809,0.921514902531969,c3,branch_to_yeast
"(Eukaryota_Opisthokonta_Nucletmycea_Fungi_Dikarya_Ascomycota_Saccharomycotina_Saccharomycetes_Saccharomycetales_Saccharomyces_cerevisiae_baker_s_yeast, Node1652*)",307,0.9080570726075052,0.7421390212290799,c4,branch_to_yeast
"(Eukaryota_Opisthokonta_Nucletmycea_Fungi_Dikarya_Ascomycota_Saccharomycotina_Saccharomycetes_Saccharomycetales_Saccharomyces_cerevisiae_baker_s_yeast, Node1652*)",308,1.637298331163928,0.7421390212290799,c4,branch_to_yeast
"(Eukaryota_Opisthokonta_Nucletmycea_Fungi_Dikarya_Ascomycota_Saccharomycotina_Saccharomycetes_Saccharomycetales_Saccharomyces_cerevisiae_baker_s_yeast, Node1652*)",309,0.9585603435847064,0.921514902531969,c3,branch_to_yeast
"(Eukaryota_Opisthokonta_Nucletmycea_Fungi_Dikarya_Ascomycota_Saccharomycotina_Saccharomycetes_Saccharomycetales_Saccharomyces_cerevisiae_baker_s_yeast, Node1652*)",310,1.6372983367928842,0.921514902531969,c3,branch_to_yeast
"(Eukaryota_Opisthokonta_Nucletmycea_Fungi_Dikarya_Ascomycota_Saccharomycotina_Saccharomycetes_Saccharomycetales_Saccharomyces_cerevisiae_baker_s_yeast, Node1652*)",311,0.5440990588598468,0.939546945073676,c2,branch_to_yeast
"(Eukaryota_Opisthokonta_Nucletmycea_Fungi_Dikarya_Ascomycota_Saccharomycotina_Saccharomycetes_Saccharomycetales_Saccharomyces_cerevisiae_baker_s_yeast, Node1652*)",312,0.9080570735543574,0.921514902531969,c3,branch_to_yeast
"(Eukaryota_Opisthokonta_Nucletmycea_Fungi_Dikarya_Ascomycota_Saccharomycotina_Saccharomycetes_Saccharomycetales_Saccharomyces_cerevisiae_baker_s_yeast, Node1652*)",313,-4.412692598905549e-17,0.921514902531969,c3,branch_to_yeast
"(Eukaryota_Opisthokonta_Nucletmycea_Fungi_Dikarya_Ascomycota_Saccharomycotina_Saccharomycetes_Saccharomycetales_Saccharomyces_cerevisiae_baker_s_yeast, Node1652*)",314,3.6173414943769815e-17,0.921514902531969,c3,branch_to_yeast
"(Eukaryota_Opisthokonta_Nucletmycea_Fungi_Dikarya_Ascomycota_Saccharomycotina_Saccharomycetes_Saccharomycetales_Saccharomyces_cerevisiae_baker_s_yeast, Node1652*)",315,0.9585603400967968,0.7421390212290799,c4,branch_to_yeast
"(Eukaryota_Opisthokonta_Nucletmycea_Fungi_Dikarya_Ascomycota_Saccharomycotina_Saccharomycetes_Saccharomycetales_Saccharomyces_cerevisiae_baker_s_yeast, Node1652*)",316,-3.20163492464578e-17,0.939546945073676,c2,branch_to_yeast
"(Eukaryota_Opisthokonta_Nucletmycea_Fungi_Dikarya_Ascomycota_Saccharomycotina_Saccharomycetes_Saccharomycetales_Saccharomyces_cerevisiae_baker_s_yeast, Node1652*)",317,0.9585603435847064,0.921514902531969,c3,branch_to_yeast
"(Eukaryota_Opisthokonta_Nucletmycea_Fungi_Dikarya_Ascomycota_Saccharomycotina_Saccharomycetes_Saccharomycetales_Saccharomyces_cerevisiae_baker_s_yeast, Node1652*)",318,1.6372983311639282,0.7421390212290799,c4,branch_to_yeast
"(Eukaryota_Opisthokonta_Nucletmycea_Fungi_Dikarya_Ascomycota_Saccharomycotina_Saccharomycetes_Saccharomycetales_Saccharomyces_cerevisiae_baker_s_yeast, Node1652*)",319,-3.670517309141663e-17,0.7421390212290799,c4,branch_to_yeast
"(Eukaryota_Opisthokonta_Nucletmycea_Fungi_Dikarya_Ascomycota_Saccharomycotina_Saccharomycetes_Saccharomycetales_Saccharomyces_cerevisiae_baker_s_yeast, Node1652*)",320,1.6372983367761822,0.921514902531969,c3,branch_to_yeast
"(Eukaryota_Opisthokonta_Nucletmycea_Fungi_Dikarya_Ascomycota_Saccharomycotina_Saccharomycetes_Saccharomycetales_Saccharomyces_cerevisiae_baker_s_yeast, Node1652*)",321,0.9080570735543574,0.921514902531969,c3,branch_to_yeast
"(Eukaryota_Opisthokonta_Nucletmycea_Fungi_Dikarya_Ascomycota_Saccharomycotina_Saccharomycetes_Saccharomycetales_Saccharomyces_cerevisiae_baker_s_yeast, Node1652*)",322,0.9080570726075052,0.7421390212290799,c4,branch_to_yeast
"(Eukaryota_Opisthokonta_Nucletmycea_Fungi_Dikarya_Ascomycota_Saccharomycotina_Saccharomycetes_Saccharomycetales_Saccharomyces_cerevisiae_baker_s_yeast, Node1652*)",323,0.9585603398313796,0.7421390212290799,c4,branch_to_yeast
"(Eukaryota_Opisthokonta_Nucletmycea_Fungi_Dikarya_Ascomycota_Saccharomycotina_Saccharomycetes_Saccharomycetales_Saccharomyces_cerevisiae_baker_s_yeast, Node1652*)",324,0.9080570726075052,0.7421390212290799,c4,branch_to_yeast
"(Eukaryota_Opisthokonta_Nucletmycea_Fungi_Dikarya_Ascomycota_Saccharomycotina_Saccharomycetes_Saccharomycetales_Saccharomyces_cerevisiae_baker_s_yeast, Node1652*)",325,1.7461407663689045e-17,0.7421390212290799,c4,branch_to_yeast
"(Eukaryota_Opisthokonta_Nucletmycea_Fungi_Dikarya_Ascomycota_Saccharomycotina_Saccharomycetes_Saccharomycetales_Saccharomyces_cerevisiae_baker_s_yeast, Node1652*)",326,0.9585603400967968,0.7421390212290799,c4,branch_to_yeast
"(Eukaryota_Opisthokonta_Nucletmycea_Fungi_Dikarya_Ascomycota_Saccharomycotina_Saccharomycetes_Saccharomycetales_Saccharomyces_cerevisiae_baker_s_yeast, Node1652*)",327,1.637298336792884,0.921514902531969,c3,branch_to_yeast
"(Eukaryota_Opisthokonta_Nucletmycea_Fungi_Dikarya_Ascomycota_Saccharomycotina_Saccharomycetes_Saccharomycetales_Saccharomyces_cerevisiae_baker_s_yeast, Node1652*)",328,0.9080570726075052,0.7421390212290799,c4,branch_to_yeast
"(Eukaryota_Opisthokonta_Nucletmycea_Fungi_Dikarya_Ascomycota_Saccharomycotina_Saccharomycetes_Saccharomycetales_Saccharomyces_cerevisiae_baker_s_yeast, Node1652*)",329,0.9585603435847064,0.921514902531969,c3,branch_to_yeast
"(Eukaryota_Opisthokonta_Nucletmycea_Fungi_Dikarya_Ascomycota_Saccharomycotina_Saccharomycetes_Saccharomycetales_Saccharomyces_cerevisiae_baker_s_yeast, Node1652*)",330,0.9585603435847064,0.921514902531969,c3,branch_to_yeast
"(Eukaryota_Opisthokonta_Nucletmycea_Fungi_Dikarya_Ascomycota_Saccharomycotina_Saccharomycetes_Saccharomycetales_Saccharomyces_cerevisiae_baker_s_yeast, Node1652*)",331,1.6372983367928842,0.921514902531969,c3,branch_to_yeast
"(Eukaryota_Opisthokonta_Nucletmycea_Fungi_Dikarya_Ascomycota_Saccharomycotina_Saccharomycetes_Saccharomycetales_Saccharomyces_cerevisiae_baker_s_yeast, Node1652*)",332,0.9585603400967968,0.7421390212290799,c4,branch_to_yeast
"(Eukaryota_Opisthokonta_Nucletmycea_Fungi_Dikarya_Ascomycota_Saccharomycotina_Saccharomycetes_Saccharomycetales_Saccharomyces_cerevisiae_baker_s_yeast, Node1652*)",333,0.5440990573737672,0.7421390212290799,c4,branch_to_yeast
"(Eukaryota_Opisthokonta_Nucletmycea_Fungi_Dikarya_Ascomycota_Saccharomycotina_Saccharomycetes_Saccharomycetales_Saccharomyces_cerevisiae_baker_s_yeast, Node1652*)",334,0.9080570735543574,0.921514902531969,c3,branch_to_yeast
"(Eukaryota_Opisthokonta_Nucletmycea_Fungi_Dikarya_Ascomycota_Saccharomycotina_Saccharomycetes_Saccharomycetales_Saccharomyces_cerevisiae_baker_s_yeast, Node1652*)",335,5.0712101405663667e-17,0.939546945073676,c2,branch_to_yeast
"(Eukaryota_Opisthokonta_Nucletmycea_Fungi_Dikarya_Ascomycota_Saccharomycotina_Saccharomycetes_Saccharomycetales_Saccharomyces_cerevisiae_baker_s_yeast, Node1652*)",336,0.9585603435847064,0.921514902531969,c3,branch_to_yeast
"(Eukaryota_Opisthokonta_Nucletmycea_Fungi_Dikarya_Ascomycota_Saccharomycotina_Saccharomycetes_Saccharomycetales_Saccharomyces_cerevisiae_baker_s_yeast, Node1652*)",337,0.9585603435847064,0.921514902531969,c3,branch_to_yeast
"(Eukaryota_Opisthokonta_Nucletmycea_Fungi_Dikarya_Ascomycota_Saccharomycotina_Saccharomycetes_Saccharomycetales_Saccharomyces_cerevisiae_baker_s_yeast, Node1652*)",338,0.9080570726075052,0.7421390212290799,c4,branch_to_yeast
"(Eukaryota_Opisthokonta_Nucletmycea_Fungi_Dikarya_Ascomycota_Saccharomycotina_Saccharomycetes_Saccharomycetales_Saccharomyces_cerevisiae_baker_s_yeast, Node1652*)",339,0.9080570726075052,0.7421390212290799,c4,branch_to_yeast
"(Eukaryota_Opisthokonta_Nucletmycea_Fungi_Dikarya_Ascomycota_Saccharomycotina_Saccharomycetes_Saccharomycetales_Saccharomyces_cerevisiae_baker_s_yeast, Node1652*)",340,1.6372983311639282,0.7421390212290799,c4,branch_to_yeast
"(Eukaryota_Opisthokonta_Nucletmycea_Fungi_Dikarya_Ascomycota_Saccharomycotina_Saccharomycetes_Saccharomycetales_Saccharomyces_cerevisiae_baker_s_yeast, Node1652*)",341,0.5440990573737671,0.7421390212290799,c4,branch_to_yeast
"(Eukaryota_Opisthokonta_Nucletmycea_Fungi_Dikarya_Ascomycota_Saccharomycotina_Saccharomycetes_Saccharomycetales_Saccharomyces_cerevisiae_baker_s_yeast, Node1652*)",342,0.9080570736672594,0.9304262177623468,c1,branch_to_yeast
"(Eukaryota_Opisthokonta_Nucletmycea_Fungi_Dikarya_Ascomycota_Saccharomycotina_Saccharomycetes_Saccharomycetales_Saccharomyces_cerevisiae_baker_s_yeast, Node1652*)",343,0.9080570736672596,0.9304262177623468,c1,branch_to_yeast
"(Eukaryota_Opisthokonta_Nucletmycea_Fungi_Dikarya_Ascomycota_Saccharomycotina_Saccharomycetes_Saccharomycetales_Saccharomyces_cerevisiae_baker_s_yeast, Node1652*)",344,1.6372983367928846,0.921514902531969,c3,branch_to_yeast
"(Eukaryota_Opisthokonta_Nucletmycea_Fungi_Dikarya_Ascomycota_Saccharomycotina_Saccharomycetes_Saccharomycetales_Saccharomyces_cerevisiae_baker_s_yeast, Node1652*)",345,0.5440990587203809,0.921514902531969,c3,branch_to_yeast
"(Eukaryota_Opisthokonta_Nucletmycea_Fungi_Dikarya_Ascomycota_Saccharomycotina_Saccharomycetes_Saccharomycetales_Saccharomyces_cerevisiae_baker_s_yeast, Node1652*)",346,0.544099058720381,0.921514902531969,c3,branch_to_yeast
"(Eukaryota_Opisthokonta_Nucletmycea_Fungi_Dikarya_Ascomycota_Saccharomycotina_Saccharomycetes_Saccharomycetales_Saccharomyces_cerevisiae_baker_s_yeast, Node1652*)",347,0.544099058720381,0.921514902531969,c3,branch_to_yeast
"(Eukaryota_Opisthokonta_Nucletmycea_Fungi_Dikarya_Ascomycota_Saccharomycotina_Saccharomycetes_Saccharomycetales_Saccharomyces_cerevisiae_baker_s_yeast, Node1652*)",348,0.9080570735543576,0.921514902531969,c3,branch_to_yeast
"(Eukaryota_Opisthokonta_Nucletmycea_Fungi_Dikarya_Ascomycota_Saccharomycotina_Saccharomycetes_Saccharomycetales_Saccharomyces_cerevisiae_baker_s_yeast, Node1652*)",349,0.908057073652776,0.939546945073676,c2,branch_to_yeast
"(Eukaryota_Opisthokonta_Nucletmycea_Fungi_Dikarya_Ascomycota_Saccharomycotina_Saccharomycetes_Saccharomycetales_Saccharomyces_cerevisiae_baker_s_yeast, Node1652*)",350,0.908057073652776,0.939546945073676,c2,branch_to_yeast
"(Eukaryota_Opisthokonta_Nucletmycea_Fungi_Dikarya_Ascomycota_Saccharomycotina_Saccharomycetes_Saccharomycetales_Saccharomyces_cerevisiae_baker_s_yeast, Node1652*)",351,1.6372983373746668,0.939546945073676,c2,branch_to_yeast
"(Eukaryota_Opisthokonta_Nucletmycea_Fungi_Dikarya_Ascomycota_Saccharomycotina_Saccharomycetes_Saccharomycetales_Saccharomyces_cerevisiae_baker_s_yeast, Node1652*)",352,0.908057073652776,0.939546945073676,c2,branch_to_yeast
"(Eukaryota_Opisthokonta_Nucletmycea_Fungi_Dikarya_Ascomycota_Saccharomycotina_Saccharomycetes_Saccharomycetales_Saccharomyces_cerevisiae_baker_s_yeast, Node1652*)",353,0.9585603439457026,0.939546945073676,c2,branch_to_yeast
"(Eukaryota_Opisthokonta_Nucletmycea_Fungi_Dikarya_Ascomycota_Saccharomycotina_Saccharomycetes_Saccharomycetales_Saccharomyces_cerevisiae_baker_s_yeast, Node1652*)",354,1.6372983367928846,0.921514902531969,c3,branch_to_yeast
"(Eukaryota_Opisthokonta_Nucletmycea_Fungi_Dikarya_Ascomycota_Saccharomycotina_Saccharomycetes_Saccharomycetales_Saccharomyces_cerevisiae_baker_s_yeast, Node1652*)",355,1.6372983367928846,0.921514902531969,c3,branch_to_yeast
"(Eukaryota_Opisthokonta_Nucletmycea_Fungi_Dikarya_Ascomycota_Saccharomycotina_Saccharomycetes_Saccharomycetales_Saccharomyces_cerevisiae_baker_s_yeast, Node1652*)",356,1.637298336792884,0.921514902531969,c3,branch_to_yeast
"(Eukaryota_Opisthokonta_Nucletmycea_Fungi_Dikarya_Ascomycota_Saccharomycotina_Saccharomycetes_Saccharomycetales_Saccharomyces_cerevisiae_baker_s_yeast, Node1652*)",357,0.908057073652776,0.939546945073676,c2,branch_to_yeast
"(Eukaryota_Opisthokonta_Nucletmycea_Fungi_Dikarya_Ascomycota_Saccharomycotina_Saccharomycetes_Saccharomycetales_Saccharomyces_cerevisiae_baker_s_yeast, Node1652*)",358,0.5440990588803539,0.9304262177623468,c1,branch_to_yeast
"(Eukaryota_Opisthokonta_Nucletmycea_Fungi_Dikarya_Ascomycota_Saccharomycotina_Saccharomycetes_Saccharomycetales_Saccharomyces_cerevisiae_baker_s_yeast, Node1652*)",359,0.9080570736672594,0.9304262177623468,c1,branch_to_yeast
"(Eukaryota_Opisthokonta_Nucletmycea_Fungi_Dikarya_Ascomycota_Saccharomycotina_Saccharomycetes_Saccharomycetales_Saccharomyces_cerevisiae_baker_s_yeast, Node1652*)",360,1.6372983373746666,0.939546945073676,c2,branch_to_yeast
"(Eukaryota_Opisthokonta_Nucletmycea_Fungi_Dikarya_Ascomycota_Saccharomycotina_Saccharomycetes_Saccharomycetales_Saccharomyces_cerevisiae_baker_s_yeast, Node1652*)",361,0.5440990588803539,0.9304262177623468,c1,branch_to_yeast
"(Eukaryota_Opisthokonta_Nucletmycea_Fungi_Dikarya_Ascomycota_Saccharomycotina_Saccharomycetes_Saccharomycetales_Saccharomyces_cerevisiae_baker_s_yeast, Node1652*)",362,0.5440990588803538,0.9304262177623468,c1,branch_to_yeast
"(Eukaryota_Opisthokonta_Nucletmycea_Fungi_Dikarya_Ascomycota_Saccharomycotina_Saccharomycetes_Saccharomycetales_Saccharomyces_cerevisiae_baker_s_yeast, Node1652*)",363,1.6372983367928842,0.921514902531969,c3,branch_to_yeast
"(Eukaryota_Opisthokonta_Nucletmycea_Fungi_Dikarya_Ascomycota_Saccharomycotina_Saccharomycetes_Saccharomycetales_Saccharomyces_cerevisiae_baker_s_yeast, Node1652*)",364,0.9080570736672594,0.9304262177623468,c1,branch_to_yeast
"(Eukaryota_Opisthokonta_Nucletmycea_Fungi_Dikarya_Ascomycota_Saccharomycotina_Saccharomycetes_Saccharomycetales_Saccharomyces_cerevisiae_baker_s_yeast, Node1652*)",365,0.9080570735543574,0.921514902531969,c3,branch_to_yeast
"(Eukaryota_Opisthokonta_Nucletmycea_Fungi_Dikarya_Ascomycota_Saccharomycotina_Saccharomycetes_Saccharomycetales_Saccharomyces_cerevisiae_baker_s_yeast, Node1652*)",366,0.908057073652776,0.939546945073676,c2,branch_to_yeast
"(Eukaryota_Opisthokonta_Nucletmycea_Fungi_Dikarya_Ascomycota_Saccharomycotina_Saccharomycetes_Saccharomycetales_Saccharomyces_cerevisiae_baker_s_yeast, Node1652*)",367,1.6372983367928848,0.921514902531969,c3,branch_to_yeast
"(Eukaryota_Opisthokonta_Nucletmycea_Fungi_Dikarya_Ascomycota_Saccharomycotina_Saccharomycetes_Saccharomycetales_Saccharomyces_cerevisiae_baker_s_yeast, Node1652*)",368,0.9585603439987752,0.9304262177623468,c1,branch_to_yeast
"(Eukaryota_Opisthokonta_Nucletmycea_Fungi_Dikarya_Ascomycota_Saccharomycotina_Saccharomycetes_Saccharomycetales_Saccharomyces_cerevisiae_baker_s_yeast, Node1652*)",369,0.5440990588598469,0.939546945073676,c2,branch_to_yeast
"(Eukaryota_Opisthokonta_Nucletmycea_Fungi_Dikarya_Ascomycota_Saccharomycotina_Saccharomycetes_Saccharomycetales_Saccharomyces_cerevisiae_baker_s_yeast, Node1652*)",370,0.908057073652776,0.939546945073676,c2,branch_to_yeast
"(Eukaryota_Opisthokonta_Nucletmycea_Fungi_Dikarya_Ascomycota_Saccharomycotina_Saccharomycetes_Saccharomycetales_Saccharomyces_cerevisiae_baker_s_yeast, Node1652*)",371,0.9585603439987752,0.9304262177623468,c1,branch_to_yeast
"(Eukaryota_Opisthokonta_Nucletmycea_Fungi_Dikarya_Ascomycota_Saccharomycotina_Saccharomycetes_Saccharomycetales_Saccharomyces_cerevisiae_baker_s_yeast, Node1652*)",372,0.958560343998775,0.9304262177623468,c1,branch_to_yeast
"(Eukaryota_Opisthokonta_Nucletmycea_Fungi_Dikarya_Ascomycota_Saccharomycotina_Saccharomycetes_Saccharomycetales_Saccharomyces_cerevisiae_baker_s_yeast, Node1652*)",373,0.908057073652776,0.939546945073676,c2,branch_to_yeast
"(Eukaryota_Opisthokonta_Nucletmycea_Fungi_Dikarya_Ascomycota_Saccharomycotina_Saccharomycetes_Saccharomycetales_Saccharomyces_cerevisiae_baker_s_yeast, Node1652*)",374,0.544099058720381,0.921514902531969,c3,branch_to_yeast
"(Eukaryota_Opisthokonta_Nucletmycea_Fungi_Dikarya_Ascomycota_Saccharomycotina_Saccharomycetes_Saccharomycetales_Saccharomyces_cerevisiae_baker_s_yeast, Node1652*)",375,0.9585603400967968,0.7421390212290799,c4,branch_to_yeast
"(Eukaryota_Opisthokonta_Nucletmycea_Fungi_Dikarya_Ascomycota_Saccharomycotina_Saccharomycetes_Saccharomycetales_Saccharomyces_cerevisiae_baker_s_yeast, Node1652*)",376,0.9585603439457026,0.939546945073676,c2,branch_to_yeast
"(Eukaryota_Opisthokonta_Nucletmycea_Fungi_Dikarya_Ascomycota_Saccharomycotina_Saccharomycetes_Saccharomycetales_Saccharomyces_cerevisiae_baker_s_yeast, Node1652*)",377,0.5440990588598469,0.939546945073676,c2,branch_to_yeast
"(Eukaryota_Opisthokonta_Nucletmycea_Fungi_Dikarya_Ascomycota_Saccharomycotina_Saccharomycetes_Saccharomycetales_Saccharomyces_cerevisiae_baker_s_yeast, Node1652*)",378,0.9080570736672596,0.9304262177623468,c1,branch_to_yeast
"(Eukaryota_Opisthokonta_Nucletmycea_Fungi_Dikarya_Ascomycota_Saccharomycotina_Saccharomycetes_Saccharomycetales_Saccharomyces_cerevisiae_baker_s_yeast, Node1652*)",379,0.5440990588803538,0.9304262177623468,c1,branch_to_yeast
"(Eukaryota_Opisthokonta_Nucletmycea_Fungi_Dikarya_Ascomycota_Saccharomycotina_Saccharomycetes_Saccharomycetales_Saccharomyces_cerevisiae_baker_s_yeast, Node1652*)",380,0.9585603439457026,0.939546945073676,c2,branch_to_yeast
"(Eukaryota_Opisthokonta_Nucletmycea_Fungi_Dikarya_Ascomycota_Saccharomycotina_Saccharomycetes_Saccharomycetales_Saccharomyces_cerevisiae_baker_s_yeast, Node1652*)",381,0.9080570726075052,0.7421390212290799,c4,branch_to_yeast
"(Eukaryota_Opisthokonta_Nucletmycea_Fungi_Dikarya_Ascomycota_Saccharomycotina_Saccharomycetes_Saccharomycetales_Saccharomyces_cerevisiae_baker_s_yeast, Node1652*)",382,0.9585603435847068,0.921514902531969,c3,branch_to_yeast
"(Eukaryota_Opisthokonta_Nucletmycea_Fungi_Dikarya_Ascomycota_Saccharomycotina_Saccharomycetes_Saccharomycetales_Saccharomyces_cerevisiae_baker_s_yeast, Node1652*)",383,0.958560343998775,0.9304262177623468,c1,branch_to_yeast
"(Eukaryota_Opisthokonta_Nucletmycea_Fungi_Dikarya_Ascomycota_Saccharomycotina_Saccharomycetes_Saccharomycetales_Saccharomyces_cerevisiae_baker_s_yeast, Node1652*)",384,1.6372983373746666,0.939546945073676,c2,branch_to_yeast
"(Eukaryota_Opisthokonta_Nucletmycea_Fungi_Dikarya_Ascomycota_Saccharomycotina_Saccharomycetes_Saccharomycetales_Saccharomyces_cerevisiae_baker_s_yeast, Node1652*)",385,1.6372983367928846,0.921514902531969,c3,branch_to_yeast
"(Eukaryota_Opisthokonta_Nucletmycea_Fungi_Dikarya_Ascomycota_Saccharomycotina_Saccharomycetes_Saccharomycetales_Saccharomyces_cerevisiae_baker_s_yeast, Node1652*)",386,0.9080570735543574,0.921514902531969,c3,branch_to_yeast
"(Eukaryota_Opisthokonta_Nucletmycea_Fungi_Dikarya_Ascomycota_Saccharomycotina_Saccharomycetes_Saccharomycetales_Saccharomyces_cerevisiae_baker_s_yeast, Node1652*)",387,0.5440990588803538,0.9304262177623468,c1,branch_to_yeast
"(Eukaryota_Opisthokonta_Nucletmycea_Fungi_Dikarya_Ascomycota_Saccharomycotina_Saccharomycetes_Saccharomycetales_Saccharomyces_cerevisiae_baker_s_yeast, Node1652*)",388,1.6372983374601648,0.9304262177623468,c1,branch_to_yeast
"(Eukaryota_Opisthokonta_Nucletmycea_Fungi_Dikarya_Ascomycota_Saccharomycotina_Saccharomycetes_Saccharomycetales_Saccharomyces_cerevisiae_baker_s_yeast, Node1652*)",389,1.6372983374601648,0.9304262177623468,c1,branch_to_yeast
"(Eukaryota_Opisthokonta_Nucletmycea_Fungi_Dikarya_Ascomycota_Saccharomycotina_Saccharomycetes_Saccharomycetales_Saccharomyces_cerevisiae_baker_s_yeast, Node1652*)",390,0.5440990588598469,0.939546945073676,c2,branch_to_yeast
"(Eukaryota_Opisthokonta_Nucletmycea_Fungi_Dikarya_Ascomycota_Saccharomycotina_Saccharomycetes_Saccharomycetales_Saccharomyces_cerevisiae_baker_s_yeast, Node1652*)",391,0.908057073652776,0.939546945073676,c2,branch_to_yeast
"(Eukaryota_Opisthokonta_Nucletmycea_Fungi_Dikarya_Ascomycota_Saccharomycotina_Saccharomycetes_Saccharomycetales_Saccharomyces_cerevisiae_baker_s_yeast, Node1652*)",392,0.958560343998775,0.9304262177623468,c1,branch_to_yeast
"(Eukaryota_Opisthokonta_Nucletmycea_Fungi_Dikarya_Ascomycota_Saccharomycotina_Saccharomycetes_Saccharomycetales_Saccharomyces_cerevisiae_baker_s_yeast, Node1652*)",393,0.9585603435847064,0.921514902531969,c3,branch_to_yeast
"(Eukaryota_Opisthokonta_Nucletmycea_Fungi_Dikarya_Ascomycota_Saccharomycotina_Saccharomycetes_Saccharomycetales_Saccharomyces_cerevisiae_baker_s_yeast, Node1652*)",394,0.9080570736672596,0.9304262177623468,c1,branch_to_yeast
"(Eukaryota_Opisthokonta_Nucletmycea_Fungi_Dikarya_Ascomycota_Saccharomycotina_Saccharomycetes_Saccharomycetales_Saccharomyces_cerevisiae_baker_s_yeast, Node1652*)",395,0.9080570726075052,0.7421390212290799,c4,branch_to_yeast
"(Eukaryota_Opisthokonta_Nucletmycea_Fungi_Dikarya_Ascomycota_Saccharomycotina_Saccharomycetes_Saccharomycetales_Saccharomyces_cerevisiae_baker_s_yeast, Node1652*)",396,0.9080570735543574,0.921514902531969,c3,branch_to_yeast
"(Eukaryota_Opisthokonta_Nucletmycea_Fungi_Dikarya_Ascomycota_Saccharomycotina_Saccharomycetes_Saccharomycetales_Saccharomyces_cerevisiae_baker_s_yeast, Node1652*)",397,1.6372983367928842,0.921514902531969,c3,branch_to_yeast
"(Eukaryota_Opisthokonta_Nucletmycea_Fungi_Dikarya_Ascomycota_Saccharomycotina_Saccharomycetes_Saccharomycetales_Saccharomyces_cerevisiae_baker_s_yeast, Node1652*)",398,0.5440990588598469,0.939546945073676,c2,branch_to_yeast
"(Eukaryota_Opisthokonta_Nucletmycea_Fungi_Dikarya_Ascomycota_Saccharomycotina_Saccharomycetes_Saccharomycetales_Saccharomyces_cerevisiae_baker_s_yeast, Node1652*)",399,0.5440990588803539,0.9304262177623468,c1,branch_to_yeast
"(Eukaryota_Opisthokonta_Nucletmycea_Fungi_Dikarya_Ascomycota_Saccharomycotina_Saccharomycetes_Saccharomycetales_Saccharomyces_cerevisiae_baker_s_yeast, Node1652*)",400,1.6372983373746668,0.939546945073676,c2,branch_to_yeast
"(Eukaryota_Opisthokonta_Nucletmycea_Fungi_Dikarya_Ascomycota_Saccharomycotina_Saccharomycetes_Saccharomycetales_Saccharomyces_cerevisiae_baker_s_yeast, Node1652*)",401,0.9585603439457024,0.939546945073676,c2,branch_to_yeast
"(Eukaryota_Opisthokonta_Nucletmycea_Fungi_Dikarya_Ascomycota_Saccharomycotina_Saccharomycetes_Saccharomycetales_Saccharomyces_cerevisiae_baker_s_yeast, Node1652*)",402,0.9585603435847068,0.921514902531969,c3,branch_to_yeast
"(Eukaryota_Opisthokonta_Nucletmycea_Fungi_Dikarya_Ascomycota_Saccharomycotina_Saccharomycetes_Saccharomycetales_Saccharomyces_cerevisiae_baker_s_yeast, Node1652*)",403,0.9585603435847064,0.921514902531969,c3,branch_to_yeast
"(Eukaryota_Opisthokonta_Nucletmycea_Fungi_Dikarya_Ascomycota_Saccharomycotina_Saccharomycetes_Saccharomycetales_Saccharomyces_cerevisiae_baker_s_yeast, Node1652*)",404,0.9080570736672596,0.9304262177623468,c1,branch_to_yeast
"(Eukaryota_Opisthokonta_Nucletmycea_Fungi_Dikarya_Ascomycota_Saccharomycotina_Saccharomycetes_Saccharomycetales_Saccharomyces_cerevisiae_baker_s_yeast, Node1652*)",405,0.5440990587203809,0.921514902531969,c3,branch_to_yeast
"(Eukaryota_Opisthokonta_Nucletmycea_Fungi_Dikarya_Ascomycota_Saccharomycotina_Saccharomycetes_Saccharomycetales_Saccharomyces_cerevisiae_baker_s_yeast, Node1652*)",406,0.5440990588803539,0.9304262177623468,c1,branch_to_yeast
"(Eukaryota_Opisthokonta_Nucletmycea_Fungi_Dikarya_Ascomycota_Saccharomycotina_Saccharomycetes_Saccharomycetales_Saccharomyces_cerevisiae_baker_s_yeast, Node1652*)",407,1.6372983373746666,0.939546945073676,c2,branch_to_yeast
"(Eukaryota_Opisthokonta_Nucletmycea_Fungi_Dikarya_Ascomycota_Saccharomycotina_Saccharomycetes_Saccharomycetales_Saccharomyces_cerevisiae_baker_s_yeast, Node1652*)",408,0.9585603439457026,0.939546945073676,c2,branch_to_yeast
"(Eukaryota_Opisthokonta_Nucletmycea_Fungi_Dikarya_Ascomycota_Saccharomycotina_Saccharomycetes_Saccharomycetales_Saccharomyces_cerevisiae_baker_s_yeast, Node1652*)",409,0.9585603439457026,0.939546945073676,c2,branch_to_yeast
"(Eukaryota_Opisthokonta_Nucletmycea_Fungi_Dikarya_Ascomycota_Saccharomycotina_Saccharomycetes_Saccharomycetales_Saccharomyces_cerevisiae_baker_s_yeast, Node1652*)",410,0.958560343998775,0.9304262177623468,c1,branch_to_yeast
"(Eukaryota_Opisthokonta_Nucletmycea_Fungi_Dikarya_Ascomycota_Saccharomycotina_Saccharomycetes_Saccharomycetales_Saccharomyces_cerevisiae_baker_s_yeast, Node1652*)",411,0.9585603435847064,0.921514902531969,c3,branch_to_yeast
"(Eukaryota_Opisthokonta_Nucletmycea_Fungi_Dikarya_Ascomycota_Saccharomycotina_Saccharomycetes_Saccharomycetales_Saccharomyces_cerevisiae_baker_s_yeast, Node1652*)",412,0.544099058720381,0.921514902531969,c3,branch_to_yeast
"(Eukaryota_Opisthokonta_Nucletmycea_Fungi_Dikarya_Ascomycota_Saccharomycotina_Saccharomycetes_Saccharomycetales_Saccharomyces_cerevisiae_baker_s_yeast, Node1652*)",413,0.544099058859847,0.939546945073676,c2,branch_to_yeast
"(Eukaryota_Opisthokonta_Nucletmycea_Fungi_Dikarya_Ascomycota_Saccharomycotina_Saccharomycetes_Saccharomycetales_Saccharomyces_cerevisiae_baker_s_yeast, Node1652*)",414,0.9080570736672594,0.9304262177623468,c1,branch_to_yeast
"(Eukaryota_Opisthokonta_Nucletmycea_Fungi_Dikarya_Ascomycota_Saccharomycotina_Saccharomycetes_Saccharomycetales_Saccharomyces_cerevisiae_baker_s_yeast, Node1652*)",415,0.5440990588598469,0.939546945073676,c2,branch_to_yeast
"(Eukaryota_Opisthokonta_Nucletmycea_Fungi_Dikarya_Ascomycota_Saccharomycotina_Saccharomycetes_Saccharomycetales_Saccharomyces_cerevisiae_baker_s_yeast, Node1652*)",416,0.5440990588803539,0.9304262177623468,c1,branch_to_yeast
"(Eukaryota_Opisthokonta_Nucletmycea_Fungi_Dikarya_Ascomycota_Saccharomycotina_Saccharomycetes_Saccharomycetales_Saccharomyces_cerevisiae_baker_s_yeast, Node1652*)",417,0.958560343998775,0.9304262177623468,c1,branch_to_yeast
"(Eukaryota_Opisthokonta_Nucletmycea_Fungi_Dikarya_Ascomycota_Saccharomycotina_Saccharomycetes_Saccharomycetales_Saccharomyces_cerevisiae_baker_s_yeast, Node1652*)",418,0.9585603439987752,0.9304262177623468,c1,branch_to_yeast
"(Eukaryota_Opisthokonta_Nucletmycea_Fungi_Dikarya_Ascomycota_Saccharomycotina_Saccharomycetes_Saccharomycetales_Saccharomyces_cerevisiae_baker_s_yeast, Node1652*)",419,0.9585603439987752,0.9304262177623468,c1,branch_to_yeast
"(Eukaryota_Opisthokonta_Nucletmycea_Fungi_Dikarya_Ascomycota_Saccharomycotina_Saccharomycetes_Saccharomycetales_Saccharomyces_cerevisiae_baker_s_yeast, Node1652*)",420,0.908057073652776,0.939546945073676,c2,branch_to_yeast
"(Eukaryota_Opisthokonta_Nucletmycea_Fungi_Dikarya_Ascomycota_Saccharomycotina_Saccharomycetes_Saccharomycetales_Saccharomyces_cerevisiae_baker_s_yeast, Node1652*)",421,0.9080570735543574,0.921514902531969,c3,branch_to_yeast
"(Eukaryota_Opisthokonta_Nucletmycea_Fungi_Dikarya_Ascomycota_Saccharomycotina_Saccharomycetes_Saccharomycetales_Saccharomyces_cerevisiae_baker_s_yeast, Node1652*)",422,1.6372983367928842,0.921514902531969,c3,branch_to_yeast
"(Eukaryota_Opisthokonta_Nucletmycea_Fungi_Dikarya_Ascomycota_Saccharomycotina_Saccharomycetes_Saccharomycetales_Saccharomyces_cerevisiae_baker_s_yeast, Node1652*)",423,0.9585603439457026,0.939546945073676,c2,branch_to_yeast
"(Eukaryota_Opisthokonta_Nucletmycea_Fungi_Dikarya_Ascomycota_Saccharomycotina_Saccharomycetes_Saccharomycetales_Saccharomyces_cerevisiae_baker_s_yeast, Node1652*)",424,0.5440990587203809,0.921514902531969,c3,branch_to_yeast
"(Eukaryota_Opisthokonta_Nucletmycea_Fungi_Dikarya_Ascomycota_Saccharomycotina_Saccharomycetes_Saccharomycetales_Saccharomyces_cerevisiae_baker_s_yeast, Node1652*)",425,0.9080570735543574,0.921514902531969,c3,branch_to_yeast
"(Eukaryota_Opisthokonta_Nucletmycea_Fungi_Dikarya_Ascomycota_Saccharomycotina_Saccharomycetes_Saccharomycetales_Saccharomyces_cerevisiae_baker_s_yeast, Node1652*)",426,0.9080570736672594,0.9304262177623468,c1,branch_to_yeast
"(Eukaryota_Opisthokonta_Nucletmycea_Fungi_Dikarya_Ascomycota_Saccharomycotina_Saccharomycetes_Saccharomycetales_Saccharomyces_cerevisiae_baker_s_yeast, Node1652*)",427,1.6372983373746666,0.939546945073676,c2,branch_to_yeast
"(Eukaryota_Opisthokonta_Nucletmycea_Fungi_Dikarya_Ascomycota_Saccharomycotina_Saccharomycetes_Saccharomycetales_Saccharomyces_cerevisiae_baker_s_yeast, Node1652*)",428,1.6372983373746668,0.939546945073676,c2,branch_to_yeast
"(Eukaryota_Opisthokonta_Nucletmycea_Fungi_Dikarya_Ascomycota_Saccharomycotina_Saccharomycetes_Saccharomycetales_Saccharomyces_cerevisiae_baker_s_yeast, Node1652*)",429,0.9585603439457026,0.939546945073676,c2,branch_to_yeast
"(Eukaryota_Opisthokonta_Nucletmycea_Fungi_Dikarya_Ascomycota_Saccharomycotina_Saccharomycetes_Saccharomycetales_Saccharomyces_cerevisiae_baker_s_yeast, Node1652*)",430,0.9585603439987752,0.9304262177623468,c1,branch_to_yeast
"(Eukaryota_Opisthokonta_Nucletmycea_Fungi_Dikarya_Ascomycota_Saccharomycotina_Saccharomycetes_Saccharomycetales_Saccharomyces_cerevisiae_baker_s_yeast, Node1652*)",431,0.5440990588803539,0.9304262177623468,c1,branch_to_yeast
"(Eukaryota_Opisthokonta_Nucletmycea_Fungi_Dikarya_Ascomycota_Saccharomycotina_Saccharomycetes_Saccharomycetales_Saccharomyces_cerevisiae_baker_s_yeast, Node1652*)",432,0.9585603439987752,0.9304262177623468,c1,branch_to_yeast
"(Eukaryota_Opisthokonta_Nucletmycea_Fungi_Dikarya_Ascomycota_Saccharomycotina_Saccharomycetes_Saccharomycetales_Saccharomyces_cerevisiae_baker_s_yeast, Node1652*)",433,0.5440990588803539,0.9304262177623468,c1,branch_to_yeast
"(Eukaryota_Opisthokonta_Nucletmycea_Fungi_Dikarya_Ascomycota_Saccharomycotina_Saccharomycetes_Saccharomycetales_Saccharomyces_cerevisiae_baker_s_yeast, Node1652*)",434,0.9585603435847064,0.921514902531969,c3,branch_to_yeast
"(Eukaryota_Opisthokonta_Nucletmycea_Fungi_Dikarya_Ascomycota_Saccharomycotina_Saccharomycetes_Saccharomycetales_Saccharomyces_cerevisiae_baker_s_yeast, Node1652*)",435,0.9585603439457026,0.939546945073676,c2,branch_to_yeast
"(Eukaryota_Opisthokonta_Nucletmycea_Fungi_Dikarya_Ascomycota_Saccharomycotina_Saccharomycetes_Saccharomycetales_Saccharomyces_cerevisiae_baker_s_yeast, Node1652*)",436,0.9585603439987752,0.9304262177623468,c1,branch_to_yeast
"(Eukaryota_Opisthokonta_Nucletmycea_Fungi_Dikarya_Ascomycota_Saccharomycotina_Saccharomycetes_Saccharomycetales_Saccharomyces_cerevisiae_baker_s_yeast, Node1652*)",437,0.5440990588598469,0.939546945073676,c2,branch_to_yeast
"(Eukaryota_Opisthokonta_Nucletmycea_Fungi_Dikarya_Ascomycota_Saccharomycotina_Saccharomycetes_Saccharomycetales_Saccharomyces_cerevisiae_baker_s_yeast, Node1652*)",438,0.9585603435847064,0.921514902531969,c3,branch_to_yeast
"(Eukaryota_Opisthokonta_Nucletmycea_Fungi_Dikarya_Ascomycota_Saccharomycotina_Saccharomycetes_Saccharomycetales_Saccharomyces_cerevisiae_baker_s_yeast, Node1652*)",439,1.6372983374601653,0.9304262177623468,c1,branch_to_yeast
"(Eukaryota_Opisthokonta_Nucletmycea_Fungi_Dikarya_Ascomycota_Saccharomycotina_Saccharomycetes_Saccharomycetales_Saccharomyces_cerevisiae_baker_s_yeast, Node1652*)",440,1.6372983374601648,0.9304262177623468,c1,branch_to_yeast
"(Eukaryota_Opisthokonta_Nucletmycea_Fungi_Dikarya_Ascomycota_Saccharomycotina_Saccharomycetes_Saccharomycetales_Saccharomyces_cerevisiae_baker_s_yeast, Node1652*)",441,0.9080570736672596,0.9304262177623468,c1,branch_to_yeast
"(Eukaryota_Opisthokonta_Nucletmycea_Fungi_Dikarya_Ascomycota_Saccharomycotina_Saccharomycetes_Saccharomycetales_Saccharomyces_cerevisiae_baker_s_yeast, Node1652*)",442,0.9585603439987752,0.9304262177623468,c1,branch_to_yeast
"(Eukaryota_Opisthokonta_Nucletmycea_Fungi_Dikarya_Ascomycota_Saccharomycotina_Saccharomycetes_Saccharomycetales_Saccharomyces_cerevisiae_baker_s_yeast, Node1652*)",443,0.5440990588803539,0.9304262177623468,c1,branch_to_yeast
"(Eukaryota_Opisthokonta_Nucletmycea_Fungi_Dikarya_Ascomycota_Saccharomycotina_Saccharomycetes_Saccharomycetales_Saccharomyces_cerevisiae_baker_s_yeast, Node1652*)",444,0.9585603439987752,0.9304262177623468,c1,branch_to_yeast
"(Eukaryota_Opisthokonta_Nucletmycea_Fungi_Dikarya_Ascomycota_Saccharomycotina_Saccharomycetes_Saccharomycetales_Saccharomyces_cerevisiae_baker_s_yeast, Node1652*)",445,0.5440990588803539,0.9304262177623468,c1,branch_to_yeast
"(Eukaryota_Opisthokonta_Nucletmycea_Fungi_Dikarya_Ascomycota_Saccharomycotina_Saccharomycetes_Saccharomycetales_Saccharomyces_cerevisiae_baker_s_yeast, Node1652*)",446,0.5440990588598468,0.939546945073676,c2,branch_to_yeast
"(Eukaryota_Opisthokonta_Nucletmycea_Fungi_Dikarya_Ascomycota_Saccharomycotina_Saccharomycetes_Saccharomycetales_Saccharomyces_cerevisiae_baker_s_yeast, Node1652*)",447,0.5440990588803539,0.9304262177623468,c1,branch_to_yeast
"(Eukaryota_Opisthokonta_Nucletmycea_Fungi_Dikarya_Ascomycota_Saccharomycotina_Saccharomycetes_Saccharomycetales_Saccharomyces_cerevisiae_baker_s_yeast, Node1652*)",448,1.6372983374601648,0.9304262177623468,c1,branch_to_yeast
"(Eukaryota_Opisthokonta_Nucletmycea_Fungi_Dikarya_Ascomycota_Saccharomycotina_Saccharomycetes_Saccharomycetales_Saccharomyces_cerevisiae_baker_s_yeast, Node1652*)",449,0.958560343998775,0.9304262177623468,c1,branch_to_yeast
"(Eukaryota_Opisthokonta_Nucletmycea_Fungi_Dikarya_Ascomycota_Saccharomycotina_Saccharomycetes_Saccharomycetales_Saccharomyces_cerevisiae_baker_s_yeast, Node1652*)",450,0.9585603439987752,0.9304262177623468,c1,branch_to_yeast
"(Eukaryota_Opisthokonta_Nucletmycea_Fungi_Dikarya_Ascomycota_Saccharomycotina_Saccharomycetes_Saccharomycetales_Saccharomyces_cerevisiae_baker_s_yeast, Node1652*)",451,1.6372983367928846,0.921514902531969,c3,branch_to_yeast
"(Eukaryota_Opisthokonta_Nucletmycea_Fungi_Dikarya_Ascomycota_Saccharomycotina_Saccharomycetes_Saccharomycetales_Saccharomyces_cerevisiae_baker_s_yeast, Node1652*)",452,0.908057073652776,0.939546945073676,c2,branch_to_yeast
"(Eukaryota_Opisthokonta_Nucletmycea_Fungi_Dikarya_Ascomycota_Saccharomycotina_Saccharomycetes_Saccharomycetales_Saccharomyces_cerevisiae_baker_s_yeast, Node1652*)",453,0.5440990588803539,0.9304262177623468,c1,branch_to_yeast
"(Eukaryota_Opisthokonta_Nucletmycea_Fungi_Dikarya_Ascomycota_Saccharomycotina_Saccharomycetes_Saccharomycetales_Saccharomyces_cerevisiae_baker_s_yeast, Node1652*)",454,1.637298337374667,0.939546945073676,c2,branch_to_yeast
"(Eukaryota_Opisthokonta_Nucletmycea_Fungi_Dikarya_Ascomycota_Saccharomycotina_Saccharomycetes_Saccharomycetales_Saccharomyces_cerevisiae_baker_s_yeast, Node1652*)",455,1.6372983373746668,0.939546945073676,c2,branch_to_yeast
"(Eukaryota_Opisthokonta_Nucletmycea_Fungi_Dikarya_Ascomycota_Saccharomycotina_Saccharomycetes_Saccharomycetales_Saccharomyces_cerevisiae_baker_s_yeast, Node1652*)",456,0.5440990588803539,0.9304262177623468,c1,branch_to_yeast
"(Eukaryota_Opisthokonta_Nucletmycea_Fungi_Dikarya_Ascomycota_Saccharomycotina_Saccharomycetes_Saccharomycetales_Saccharomyces_cerevisiae_baker_s_yeast, Node1652*)",457,1.6372983374601648,0.9304262177623468,c1,branch_to_yeast
"(Eukaryota_Opisthokonta_Nucletmycea_Fungi_Dikarya_Ascomycota_Saccharomycotina_Saccharomycetes_Saccharomycetales_Saccharomyces_cerevisiae_baker_s_yeast, Node1652*)",458,0.5440990588803539,0.9304262177623468,c1,branch_to_yeast
"(Eukaryota_Opisthokonta_Nucletmycea_Fungi_Dikarya_Ascomycota_Saccharomycotina_Saccharomycetes_Saccharomycetales_Saccharomyces_cerevisiae_baker_s_yeast, Node1652*)",459,0.9080570736672594,0.9304262177623468,c1,branch_to_yeast
"(Eukaryota_Opisthokonta_Nucletmycea_Fungi_Dikarya_Ascomycota_Saccharomycotina_Saccharomycetes_Saccharomycetales_Saccharomyces_cerevisiae_baker_s_yeast, Node1652*)",460,1.6372983374601648,0.9304262177623468,c1,branch_to_yeast
"(Eukaryota_Opisthokonta_Nucletmycea_Fungi_Dikarya_Ascomycota_Saccharomycotina_Saccharomycetes_Saccharomycetales_Saccharomyces_cerevisiae_baker_s_yeast, Node1652*)",461,1.6372983374601648,0.9304262177623468,c1,branch_to_yeast
"(Eukaryota_Opisthokonta_Nucletmycea_Fungi_Dikarya_Ascomycota_Saccharomycotina_Saccharomycetes_Saccharomycetales_Saccharomyces_cerevisiae_baker_s_yeast, Node1652*)",462,0.5440990588803539,0.9304262177623468,c1,branch_to_yeast
"(Eukaryota_Opisthokonta_Nucletmycea_Fungi_Dikarya_Ascomycota_Saccharomycotina_Saccharomycetes_Saccharomycetales_Saccharomyces_cerevisiae_baker_s_yeast, Node1652*)",463,0.5440990588803538,0.9304262177623468,c1,branch_to_yeast
"(Eukaryota_Opisthokonta_Nucletmycea_Fungi_Dikarya_Ascomycota_Saccharomycotina_Saccharomycetes_Saccharomycetales_Saccharomyces_cerevisiae_baker_s_yeast, Node1652*)",464,0.9585603439987752,0.9304262177623468,c1,branch_to_yeast
"(Eukaryota_Opisthokonta_Nucletmycea_Fungi_Dikarya_Ascomycota_Saccharomycotina_Saccharomycetes_Saccharomycetales_Saccharomyces_cerevisiae_baker_s_yeast, Node1652*)",465,0.9585603439987752,0.9304262177623468,c1,branch_to_yeast
"(Eukaryota_Opisthokonta_Nucletmycea_Fungi_Dikarya_Ascomycota_Saccharomycotina_Saccharomycetes_Saccharomycetales_Saccharomyces_cerevisiae_baker_s_yeast, Node1652*)",466,0.5440990588803539,0.9304262177623468,c1,branch_to_yeast
"(Eukaryota_Opisthokonta_Nucletmycea_Fungi_Dikarya_Ascomycota_Saccharomycotina_Saccharomycetes_Saccharomycetales_Saccharomyces_cerevisiae_baker_s_yeast, Node1652*)",467,0.5440990588598469,0.939546945073676,c2,branch_to_yeast
"(Eukaryota_Opisthokonta_Nucletmycea_Fungi_Dikarya_Ascomycota_Saccharomycotina_Saccharomycetes_Saccharomycetales_Saccharomyces_cerevisiae_baker_s_yeast, Node1652*)",468,0.9585603439987752,0.9304262177623468,c1,branch_to_yeast
"(Eukaryota_Opisthokonta_Nucletmycea_Fungi_Dikarya_Ascomycota_Saccharomycotina_Saccharomycetes_Saccharomycetales_Saccharomyces_cerevisiae_baker_s_yeast, Node1652*)",469,0.9585603439987752,0.9304262177623468,c1,branch_to_yeast
"(Eukaryota_Opisthokonta_Nucletmycea_Fungi_Dikarya_Ascomycota_Saccharomycotina_Saccharomycetes_Saccharomycetales_Saccharomyces_cerevisiae_baker_s_yeast, Node1652*)",470,1.6372983374601648,0.9304262177623468,c1,branch_to_yeast
"(Eukaryota_Opisthokonta_Nucletmycea_Fungi_Dikarya_Ascomycota_Saccharomycotina_Saccharomycetes_Saccharomycetales_Saccharomyces_cerevisiae_baker_s_yeast, Node1652*)",471,0.5440990588803539,0.9304262177623468,c1,branch_to_yeast
"(Eukaryota_Opisthokonta_Nucletmycea_Fungi_Dikarya_Ascomycota_Saccharomycotina_Saccharomycetes_Saccharomycetales_Saccharomyces_cerevisiae_baker_s_yeast, Node1652*)",472,0.9585603439987752,0.9304262177623468,c1,branch_to_yeast
"(Eukaryota_Opisthokonta_Nucletmycea_Fungi_Dikarya_Ascomycota_Saccharomycotina_Saccharomycetes_Saccharomycetales_Saccharomyces_cerevisiae_baker_s_yeast, Node1652*)",473,1.6372983374601648,0.9304262177623468,c1,branch_to_yeast
"(Eukaryota_Opisthokonta_Nucletmycea_Fungi_Dikarya_Ascomycota_Saccharomycotina_Saccharomycetes_Saccharomycetales_Saccharomyces_cerevisiae_baker_s_yeast, Node1652*)",474,0.5440990588803539,0.9304262177623468,c1,branch_to_yeast
"(Eukaryota_Opisthokonta_Nucletmycea_Fungi_Dikarya_Ascomycota_Saccharomycotina_Saccharomycetes_Saccharomycetales_Saccharomyces_cerevisiae_baker_s_yeast, Node1652*)",475,0.9585603439987752,0.9304262177623468,c1,branch_to_yeast
"(Eukaryota_Opisthokonta_Nucletmycea_Fungi_Dikarya_Ascomycota_Saccharomycotina_Saccharomycetes_Saccharomycetales_Saccharomyces_cerevisiae_baker_s_yeast, Node1652*)",476,0.958560343998775,0.9304262177623468,c1,branch_to_yeast
"(Eukaryota_Opisthokonta_Nucletmycea_Fungi_Dikarya_Ascomycota_Saccharomycotina_Saccharomycetes_Saccharomycetales_Saccharomyces_cerevisiae_baker_s_yeast, Node1652*)",477,1.6372983373746668,0.939546945073676,c2,branch_to_yeast
"(Eukaryota_Opisthokonta_Nucletmycea_Fungi_Dikarya_Ascomycota_Saccharomycotina_Saccharomycetes_Saccharomycetales_Saccharomyces_cerevisiae_baker_s_yeast, Node1652*)",478,0.9585603439457026,0.939546945073676,c2,branch_to_yeast
"(Eukaryota_Opisthokonta_Nucletmycea_Fungi_Dikarya_Ascomycota_Saccharomycotina_Saccharomycetes_Saccharomycetales_Saccharomyces_cerevisiae_baker_s_yeast, Node1652*)",479,1.6372983374601648,0.9304262177623468,c1,branch_to_yeast
"(Eukaryota_Opisthokonta_Nucletmycea_Fungi_Dikarya_Ascomycota_Saccharomycotina_Saccharomycetes_Saccharomycetales_Saccharomyces_cerevisiae_baker_s_yeast, Node1652*)",480,0.9585603439987752,0.9304262177623468,c1,branch_to_yeast
"(Eukaryota_Opisthokonta_Nucletmycea_Fungi_Dikarya_Ascomycota_Saccharomycotina_Saccharomycetes_Saccharomycetales_Saccharomyces_cerevisiae_baker_s_yeast, Node1652*)",481,1.6372983374601648,0.9304262177623468,c1,branch_to_yeast
"(Eukaryota_Opisthokonta_Nucletmycea_Fungi_Dikarya_Ascomycota_Saccharomycotina_Saccharomycetes_Saccharomycetales_Saccharomyces_cerevisiae_baker_s_yeast, Node1652*)",482,0.5440990588803539,0.9304262177623468,c1,branch_to_yeast
"(Eukaryota_Opisthokonta_Nucletmycea_Fungi_Dikarya_Ascomycota_Saccharomycotina_Saccharomycetes_Saccharomycetales_Saccharomyces_cerevisiae_baker_s_yeast, Node1652*)",483,0.544099058880354,0.9304262177623468,c1,branch_to_yeast
"(Eukaryota_Opisthokonta_Nucletmycea_Fungi_Dikarya_Ascomycota_Saccharomycotina_Saccharomycetes_Saccharomycetales_Saccharomyces_cerevisiae_baker_s_yeast, Node1652*)",484,0.5440990587203809,0.921514902531969,c3,branch_to_yeast
"(Eukaryota_Opisthokonta_Nucletmycea_Fungi_Dikarya_Ascomycota_Saccharomycotina_Saccharomycetes_Saccharomycetales_Saccharomyces_cerevisiae_baker_s_yeast, Node1652*)",485,0.9080570736672596,0.9304262177623468,c1,branch_to_yeast
"(Eukaryota_Opisthokonta_Nucletmycea_Fungi_Dikarya_Ascomycota_Saccharomycotina_Saccharomycetes_Saccharomycetales_Saccharomyces_cerevisiae_baker_s_yeast, Node1652*)",486,0.9080570736672596,0.9304262177623468,c1,branch_to_yeast
"(Eukaryota_Opisthokonta_Nucletmycea_Fungi_Dikarya_Ascomycota_Saccharomycotina_Saccharomycetes_Saccharomycetales_Saccharomyces_cerevisiae_baker_s_yeast, Node1652*)",487,0.5440990588598468,0.939546945073676,c2,branch_to_yeast
"(Eukaryota_Opisthokonta_Nucletmycea_Fungi_Dikarya_Ascomycota_Saccharomycotina_Saccharomycetes_Saccharomycetales_Saccharomyces_cerevisiae_baker_s_yeast, Node1652*)",488,1.6372983373746666,0.939546945073676,c2,branch_to_yeast
"(Eukaryota_Opisthokonta_Nucletmycea_Fungi_Dikarya_Ascomycota_Saccharomycotina_Saccharomycetes_Saccharomycetales_Saccharomyces_cerevisiae_baker_s_yeast, Node1652*)",489,1.6372983367928842,0.921514902531969,c3,branch_to_yeast
"(Eukaryota_Opisthokonta_Nucletmycea_Fungi_Dikarya_Ascomycota_Saccharomycotina_Saccharomycetes_Saccharomycetales_Saccharomyces_cerevisiae_baker_s_yeast, Node1652*)",490,1.6372983374601648,0.9304262177623468,c1,branch_to_yeast
"(Eukaryota_Opisthokonta_Nucletmycea_Fungi_Dikarya_Ascomycota_Saccharomycotina_Saccharomycetes_Saccharomycetales_Saccharomyces_cerevisiae_baker_s_yeast, Node1652*)",491,0.5440990588803539,0.9304262177623468,c1,branch_to_yeast
"(Eukaryota_Opisthokonta_Nucletmycea_Fungi_Dikarya_Ascomycota_Saccharomycotina_Saccharomycetes_Saccharomycetales_Saccharomyces_cerevisiae_baker_s_yeast, Node1652*)",492,0.5440990588803539,0.9304262177623468,c1,branch_to_yeast
"(Eukaryota_Opisthokonta_Nucletmycea_Fungi_Dikarya_Ascomycota_Saccharomycotina_Saccharomycetes_Saccharomycetales_Saccharomyces_cerevisiae_baker_s_yeast, Node1652*)",493,0.9080570736672596,0.9304262177623468,c1,branch_to_yeast
"(Eukaryota_Opisthokonta_Nucletmycea_Fungi_Dikarya_Ascomycota_Saccharomycotina_Saccharomycetes_Saccharomycetales_Saccharomyces_cerevisiae_baker_s_yeast, Node1652*)",494,1.6372983374601648,0.9304262177623468,c1,branch_to_yeast
"(Eukaryota_Opisthokonta_Nucletmycea_Fungi_Dikarya_Ascomycota_Saccharomycotina_Saccharomycetes_Saccharomycetales_Saccharomyces_cerevisiae_baker_s_yeast, Node1652*)",495,1.6372983373746668,0.939546945073676,c2,branch_to_yeast
"(Eukaryota_Opisthokonta_Nucletmycea_Fungi_Dikarya_Ascomycota_Saccharomycotina_Saccharomycetes_Saccharomycetales_Saccharomyces_cerevisiae_baker_s_yeast, Node1652*)",496,0.9080570735543574,0.921514902531969,c3,branch_to_yeast
"(Eukaryota_Opisthokonta_Nucletmycea_Fungi_Dikarya_Ascomycota_Saccharomycotina_Saccharomycetes_Saccharomycetales_Saccharomyces_cerevisiae_baker_s_yeast, Node1652*)",497,0.5440990587324428,0.921514902531969,c3,branch_to_yeast
"(Eukaryota_Opisthokonta_Nucletmycea_Fungi_Dikarya_Ascomycota_Saccharomycotina_Saccharomycetes_Saccharomycetales_Saccharomyces_cerevisiae_baker_s_yeast, Node1652*)",498,0.5440990588803539,0.9304262177623468,c1,branch_to_yeast
"(Eukaryota_Opisthokonta_Nucletmycea_Fungi_Dikarya_Ascomycota_Saccharomycotina_Saccharomycetes_Saccharomycetales_Saccharomyces_cerevisiae_baker_s_yeast, Node1652*)",499,0.9080570730129122,0.7421390212290799,c4,branch_to_yeast
"(Eukaryota_Opisthokonta_Nucletmycea_Fungi_Dikarya_Ascomycota_Saccharomycotina_Saccharomycetes_Saccharomycetales_Saccharomyces_cerevisiae_baker_s_yeast, Node1652*)",500,0.9080570736453496,0.939546945073676,c2,branch_to_yeast
"(Eukaryota_Opisthokonta_Nucletmycea_Fungi_Dikarya_Ascomycota_Saccharomycotina_Saccharomycetes_Saccharomycetales_Saccharomyces_cerevisiae_baker_s_yeast, Node1652*)",501,3.991579814097521e-17,0.9304262177623468,c1,branch_to_yeast
"(Eukaryota_Opisthokonta_Nucletmycea_Fungi_Dikarya_Ascomycota_Saccharomycotina_Saccharomycetes_Saccharomycetales_Saccharomyces_cerevisiae_baker_s_yeast, Node1652*)",502,1.6372983367928846,0.921514902531969,c3,branch_to_yeast
"(Eukaryota_Opisthokonta_Nucletmycea_Fungi_Dikarya_Ascomycota_Saccharomycotina_Saccharomycetes_Saccharomycetales_Saccharomyces_cerevisiae_baker_s_yeast, Node1652*)",503,0.5440990587203809,0.921514902531969,c3,branch_to_yeast
"(Eukaryota_Opisthokonta_Nucletmycea_Fungi_Dikarya_Ascomycota_Saccharomycotina_Saccharomycetes_Saccharomycetales_Saccharomyces_cerevisiae_baker_s_yeast, Node1652*)",504,0.9585603439457028,0.939546945073676,c2,branch_to_yeast
"(Eukaryota_Opisthokonta_Nucletmycea_Fungi_Dikarya_Ascomycota_Saccharomycotina_Saccharomycetes_Saccharomycetales_Saccharomyces_cerevisiae_baker_s_yeast, Node1652*)",505,0.9585603439987752,0.9304262177623468,c1,branch_to_yeast
"(Eukaryota_Opisthokonta_Nucletmycea_Fungi_Dikarya_Ascomycota_Saccharomycotina_Saccharomycetes_Saccharomycetales_Saccharomyces_cerevisiae_baker_s_yeast, Node1652*)",506,0.9585603439987752,0.9304262177623468,c1,branch_to_yeast
"(Eukaryota_Opisthokonta_Nucletmycea_Fungi_Dikarya_Ascomycota_Saccharomycotina_Saccharomycetes_Saccharomycetales_Saccharomyces_cerevisiae_baker_s_yeast, Node1652*)",507,0.5440990588803539,0.9304262177623468,c1,branch_to_yeast
"(Eukaryota_Opisthokonta_Nucletmycea_Fungi_Dikarya_Ascomycota_Saccharomycotina_Saccharomycetes_Saccharomycetales_Saccharomyces_cerevisiae_baker_s_yeast, Node1652*)",508,0.9585603435847064,0.921514902531969,c3,branch_to_yeast
"(Eukaryota_Opisthokonta_Nucletmycea_Fungi_Dikarya_Ascomycota_Saccharomycotina_Saccharomycetes_Saccharomycetales_Saccharomyces_cerevisiae_baker_s_yeast, Node1652*)",509,0.9585603439457028,0.939546945073676,c2,branch_to_yeast
"(Eukaryota_Opisthokonta_Nucletmycea_Fungi_Dikarya_Ascomycota_Saccharomycotina_Saccharomycetes_Saccharomycetales_Saccharomyces_cerevisiae_baker_s_yeast, Node1652*)",510,0.908057073652776,0.939546945073676,c2,branch_to_yeast
"(Eukaryota_Opisthokonta_Nucletmycea_Fungi_Dikarya_Ascomycota_Saccharomycotina_Saccharomycetes_Saccharomycetales_Saccharomyces_cerevisiae_baker_s_yeast, Node1652*)",511,0.5440990588803539,0.9304262177623468,c1,branch_to_yeast
"(Eukaryota_Opisthokonta_Nucletmycea_Fungi_Dikarya_Ascomycota_Saccharomycotina_Saccharomycetes_Saccharomycetales_Saccharomyces_cerevisiae_baker_s_yeast, Node1652*)",512,0.9585603439987752,0.9304262177623468,c1,branch_to_yeast
"(Eukaryota_Opisthokonta_Nucletmycea_Fungi_Dikarya_Ascomycota_Saccharomycotina_Saccharomycetes_Saccharomycetales_Saccharomyces_cerevisiae_baker_s_yeast, Node1652*)",513,0.9080570736672596,0.9304262177623468,c1,branch_to_yeast
"(Eukaryota_Opisthokonta_Nucletmycea_Fungi_Dikarya_Ascomycota_Saccharomycotina_Saccharomycetes_Saccharomycetales_Saccharomyces_cerevisiae_baker_s_yeast, Node1652*)",514,0.9585603435847064,0.921514902531969,c3,branch_to_yeast
"(Eukaryota_Opisthokonta_Nucletmycea_Fungi_Dikarya_Ascomycota_Saccharomycotina_Saccharomycetes_Saccharomycetales_Saccharomyces_cerevisiae_baker_s_yeast, Node1652*)",515,0.5440990588803539,0.9304262177623468,c1,branch_to_yeast
"(Eukaryota_Opisthokonta_Nucletmycea_Fungi_Dikarya_Ascomycota_Saccharomycotina_Saccharomycetes_Saccharomycetales_Saccharomyces_cerevisiae_baker_s_yeast, Node1652*)",516,1.6372983373746666,0.939546945073676,c2,branch_to_yeast
"(Eukaryota_Opisthokonta_Nucletmycea_Fungi_Dikarya_Ascomycota_Saccharomycotina_Saccharomycetes_Saccharomycetales_Saccharomyces_cerevisiae_baker_s_yeast, Node1652*)",517,0.5440990588598469,0.939546945073676,c2,branch_to_yeast
"(Eukaryota_Opisthokonta_Nucletmycea_Fungi_Dikarya_Ascomycota_Saccharomycotina_Saccharomycetes_Saccharomycetales_Saccharomyces_cerevisiae_baker_s_yeast, Node1652*)",518,0.5440990588598469,0.939546945073676,c2,branch_to_yeast
"(Eukaryota_Opisthokonta_Nucletmycea_Fungi_Dikarya_Ascomycota_Saccharomycotina_Saccharomycetes_Saccharomycetales_Saccharomyces_cerevisiae_baker_s_yeast, Node1652*)",519,0.908057073652776,0.939546945073676,c2,branch_to_yeast
"(Eukaryota_Opisthokonta_Nucletmycea_Fungi_Dikarya_Ascomycota_Saccharomycotina_Saccharomycetes_Saccharomycetales_Saccharomyces_cerevisiae_baker_s_yeast, Node1652*)",520,0.5440990588803539,0.9304262177623468,c1,branch_to_yeast
"(Eukaryota_Opisthokonta_Nucletmycea_Fungi_Dikarya_Ascomycota_Saccharomycotina_Saccharomycetes_Saccharomycetales_Saccharomyces_cerevisiae_baker_s_yeast, Node1652*)",521,0.5440990588598469,0.939546945073676,c2,branch_to_yeast
"(Eukaryota_Opisthokonta_Nucletmycea_Fungi_Dikarya_Ascomycota_Saccharomycotina_Saccharomycetes_Saccharomycetales_Saccharomyces_cerevisiae_baker_s_yeast, Node1652*)",522,0.5440990588803539,0.9304262177623468,c1,branch_to_yeast
"(Eukaryota_Opisthokonta_Nucletmycea_Fungi_Dikarya_Ascomycota_Saccharomycotina_Saccharomycetes_Saccharomycetales_Saccharomyces_cerevisiae_baker_s_yeast, Node1652*)",523,4.740123923686092e-17,0.9304262177623468,c1,branch_to_yeast
"(Eukaryota_Opisthokonta_Nucletmycea_Fungi_Dikarya_Ascomycota_Saccharomycotina_Saccharomycetes_Saccharomycetales_Saccharomyces_cerevisiae_baker_s_yeast, Node1652*)",524,0.9080570736672594,0.9304262177623468,c1,branch_to_yeast
"(Eukaryota_Opisthokonta_Nucletmycea_Fungi_Dikarya_Ascomycota_Saccharomycotina_Saccharomycetes_Saccharomycetales_Saccharomyces_cerevisiae_baker_s_yeast, Node1652*)",525,0.5440990588803539,0.9304262177623468,c1,branch_to_yeast
"(Eukaryota_Opisthokonta_Nucletmycea_Fungi_Dikarya_Ascomycota_Saccharomycotina_Saccharomycetes_Saccharomycetales_Saccharomyces_cerevisiae_baker_s_yeast, Node1652*)",526,0.5440990588803538,0.9304262177623468,c1,branch_to_yeast
"(Eukaryota_Opisthokonta_Nucletmycea_Fungi_Dikarya_Ascomycota_Saccharomycotina_Saccharomycetes_Saccharomycetales_Saccharomyces_cerevisiae_baker_s_yeast, Node1652*)",527,1.6372983367928842,0.921514902531969,c3,branch_to_yeast
"(Eukaryota_Opisthokonta_Nucletmycea_Fungi_Dikarya_Ascomycota_Saccharomycotina_Saccharomycetes_Saccharomycetales_Saccharomyces_cerevisiae_baker_s_yeast, Node1652*)",528,0.9585603435847068,0.921514902531969,c3,branch_to_yeast
"(Eukaryota_Opisthokonta_Nucletmycea_Fungi_Dikarya_Ascomycota_Saccharomycotina_Saccharomycetes_Saccharomycetales_Saccharomyces_cerevisiae_baker_s_yeast, Node1652*)",529,0.544099058720381,0.921514902531969,c3,branch_to_yeast
"(Eukaryota_Opisthokonta_Nucletmycea_Fungi_Dikarya_Ascomycota_Saccharomycotina_Saccharomycetes_Saccharomycetales_Saccharomyces_cerevisiae_baker_s_yeast, Node1652*)",530,0.908057073652776,0.939546945073676,c2,branch_to_yeast
"(Eukaryota_Opisthokonta_Nucletmycea_Fungi_Dikarya_Ascomycota_Saccharomycotina_Saccharomycetes_Saccharomycetales_Saccharomyces_cerevisiae_baker_s_yeast, Node1652*)",531,0.5440990588803538,0.9304262177623468,c1,branch_to_yeast
"(Eukaryota_Opisthokonta_Nucletmycea_Fungi_Dikarya_Ascomycota_Saccharomycotina_Saccharomycetes_Saccharomycetales_Saccharomyces_cerevisiae_baker_s_yeast, Node1652*)",532,-4.684625147637727e-17,0.921514902531969,c3,branch_to_yeast
"(Eukaryota_Opisthokonta_Nucletmycea_Fungi_Dikarya_Ascomycota_Saccharomycotina_Saccharomycetes_Saccharomycetales_Saccharomyces_cerevisiae_baker_s_yeast, Node1652*)",533,1.6372983374601648,0.9304262177623468,c1,branch_to_yeast
"(Eukaryota_Opisthokonta_Nucletmycea_Fungi_Dikarya_Ascomycota_Saccharomycotina_Saccharomycetes_Saccharomycetales_Saccharomyces_cerevisiae_baker_s_yeast, Node1652*)",534,0.5440990573737672,0.7421390212290799,c4,branch_to_yeast
"(Eukaryota_Opisthokonta_Nucletmycea_Fungi_Dikarya_Ascomycota_Saccharomycotina_Saccharomycetes_Saccharomycetales_Saccharomyces_cerevisiae_baker_s_yeast, Node1652*)",535,0.958560343998775,0.9304262177623468,c1,branch_to_yeast
"(Eukaryota_Opisthokonta_Nucletmycea_Fungi_Dikarya_Ascomycota_Saccharomycotina_Saccharomycetes_Saccharomycetales_Saccharomyces_cerevisiae_baker_s_yeast, Node1652*)",536,0.9585603435847068,0.921514902531969,c3,branch_to_yeast
"(Eukaryota_Opisthokonta_Nucletmycea_Fungi_Dikarya_Ascomycota_Saccharomycotina_Saccharomycetes_Saccharomycetales_Saccharomyces_cerevisiae_baker_s_yeast, Node1652*)",537,0.9585603439457026,0.939546945073676,c2,branch_to_yeast
"(Eukaryota_Opisthokonta_Nucletmycea_Fungi_Dikarya_Ascomycota_Saccharomycotina_Saccharomycetes_Saccharomycetales_Saccharomyces_cerevisiae_baker_s_yeast, Node1652*)",538,1.6372983373746666,0.939546945073676,c2,branch_to_yeast
"(Eukaryota_Opisthokonta_Nucletmycea_Fungi_Dikarya_Ascomycota_Saccharomycotina_Saccharomycetes_Saccharomycetales_Saccharomyces_cerevisiae_baker_s_yeast, Node1652*)",539,1.6372983367928846,0.921514902531969,c3,branch_to_yeast
"(Eukaryota_Opisthokonta_Nucletmycea_Fungi_Dikarya_Ascomycota_Saccharomycotina_Saccharomycetes_Saccharomycetales_Saccharomyces_cerevisiae_baker_s_yeast, Node1652*)",540,1.637298336792884,0.921514902531969,c3,branch_to_yeast
"(Eukaryota_Opisthokonta_Nucletmycea_Fungi_Dikarya_Ascomycota_Saccharomycotina_Saccharomycetes_Saccharomycetales_Saccharomyces_cerevisiae_baker_s_yeast, Node1652*)",541,-2.4243135532361586e-17,0.939546945073676,c2,branch_to_yeast
"(Eukaryota_Opisthokonta_Nucletmycea_Fungi_Dikarya_Ascomycota_Saccharomycotina_Saccharomycetes_Saccharomycetales_Saccharomyces_cerevisiae_baker_s_yeast, Node1652*)",542,0.5440990586980995,0.921514902531969,c3,branch_to_yeast
"(Eukaryota_Opisthokonta_Nucletmycea_Fungi_Dikarya_Ascomycota_Saccharomycotina_Saccharomycetes_Saccharomycetales_Saccharomyces_cerevisiae_baker_s_yeast, Node1652*)",543,0.908057073652776,0.939546945073676,c2,branch_to_yeast
"(Eukaryota_Opisthokonta_Nucletmycea_Fungi_Dikarya_Ascomycota_Saccharomycotina_Saccharomycetes_Saccharomycetales_Saccharomyces_cerevisiae_baker_s_yeast, Node1652*)",544,0.9080570735543574,0.921514902531969,c3,branch_to_yeast
"(Eukaryota_Opisthokonta_Nucletmycea_Fungi_Dikarya_Ascomycota_Saccharomycotina_Saccharomycetes_Saccharomycetales_Saccharomyces_cerevisiae_baker_s_yeast, Node1652*)",545,1.6372983139416712,0.939546945073676,c2,branch_to_yeast
"(Eukaryota_Opisthokonta_Nucletmycea_Fungi_Dikarya_Ascomycota_Saccharomycotina_Saccharomycetes_Saccharomycetales_Saccharomyces_cerevisiae_baker_s_yeast, Node1652*)",546,0.9585603439457026,0.939546945073676,c2,branch_to_yeast
"(Eukaryota_Opisthokonta_Nucletmycea_Fungi_Dikarya_Ascomycota_Saccharomycotina_Saccharomycetes_Saccharomycetales_Saccharomyces_cerevisiae_baker_s_yeast, Node1652*)",547,0.9585603435847064,0.921514902531969,c3,branch_to_yeast
"(Eukaryota_Opisthokonta_Nucletmycea_Fungi_Dikarya_Ascomycota_Saccharomycotina_Saccharomycetes_Saccharomycetales_Saccharomyces_cerevisiae_baker_s_yeast, Node1652*)",548,0.9585603439457024,0.939546945073676,c2,branch_to_yeast
"(Eukaryota_Opisthokonta_Nucletmycea_Fungi_Dikarya_Ascomycota_Saccharomycotina_Saccharomycetes_Saccharomycetales_Saccharomyces_cerevisiae_baker_s_yeast, Node1652*)",549,0.9080570735543574,0.921514902531969,c3,branch_to_yeast
"(Eukaryota_Opisthokonta_Nucletmycea_Fungi_Dikarya_Ascomycota_Saccharomycotina_Saccharomycetes_Saccharomycetales_Saccharomyces_cerevisiae_baker_s_yeast, Node1652*)",550,1.6372983373746668,0.939546945073676,c2,branch_to_yeast
"(Eukaryota_Opisthokonta_Nucletmycea_Fungi_Dikarya_Ascomycota_Saccharomycotina_Saccharomycetes_Saccharomycetales_Saccharomyces_cerevisiae_baker_s_yeast, Node1652*)",551,0.9080570736672596,0.9304262177623468,c1,branch_to_yeast
"(Eukaryota_Opisthokonta_Nucletmycea_Fungi_Dikarya_Ascomycota_Saccharomycotina_Saccharomycetes_Saccharomycetales_Saccharomyces_cerevisiae_baker_s_yeast, Node1652*)",552,0.9080570726075052,0.7421390212290799,c4,branch_to_yeast
"(Eukaryota_Opisthokonta_Nucletmycea_Fungi_Dikarya_Ascomycota_Saccharomycotina_Saccharomycetes_Saccharomycetales_Saccharomyces_cerevisiae_baker_s_yeast, Node1652*)",553,0.958560343998775,0.9304262177623468,c1,branch_to_yeast
"(Eukaryota_Opisthokonta_Nucletmycea_Fungi_Dikarya_Ascomycota_Saccharomycotina_Saccharomycetes_Saccharomycetales_Saccharomyces_cerevisiae_baker_s_yeast, Node1652*)",554,0.9080570735543574,0.921514902531969,c3,branch_to_yeast
"(Eukaryota_Opisthokonta_Nucletmycea_Fungi_Dikarya_Ascomycota_Saccharomycotina_Saccharomycetes_Saccharomycetales_Saccharomyces_cerevisiae_baker_s_yeast, Node1652*)",555,0.5440990588598468,0.939546945073676,c2,branch_to_yeast
"(Eukaryota_Opisthokonta_Nucletmycea_Fungi_Dikarya_Ascomycota_Saccharomycotina_Saccharomycetes_Saccharomycetales_Saccharomyces_cerevisiae_baker_s_yeast, Node1652*)",556,0.5440990588803539,0.9304262177623468,c1,branch_to_yeast
"(Eukaryota_Opisthokonta_Nucletmycea_Fungi_Dikarya_Ascomycota_Saccharomycotina_Saccharomycetes_Saccharomycetales_Saccharomyces_cerevisiae_baker_s_yeast, Node1652*)",557,0.9080570735543574,0.921514902531969,c3,branch_to_yeast
"(Eukaryota_Opisthokonta_Nucletmycea_Fungi_Dikarya_Ascomycota_Saccharomycotina_Saccharomycetes_Saccharomycetales_Saccharomyces_cerevisiae_baker_s_yeast, Node1652*)",558,0.9080570735543574,0.921514902531969,c3,branch_to_yeast
"(Eukaryota_Opisthokonta_Nucletmycea_Fungi_Dikarya_Ascomycota_Saccharomycotina_Saccharomycetes_Saccharomycetales_Saccharomyces_cerevisiae_baker_s_yeast, Node1652*)",559,0.9585603435847064,0.921514902531969,c3,branch_to_yeast
"(Eukaryota_Opisthokonta_Nucletmycea_Fungi_Dikarya_Ascomycota_Saccharomycotina_Saccharomycetes_Saccharomycetales_Saccharomyces_cerevisiae_baker_s_yeast, Node1652*)",560,0.9585603439987752,0.9304262177623468,c1,branch_to_yeast
"(Eukaryota_Opisthokonta_Nucletmycea_Fungi_Dikarya_Ascomycota_Saccharomycotina_Saccharomycetes_Saccharomycetales_Saccharomyces_cerevisiae_baker_s_yeast, Node1652*)",561,0.5440990588803539,0.9304262177623468,c1,branch_to_yeast
"(Eukaryota_Opisthokonta_Nucletmycea_Fungi_Dikarya_Ascomycota_Saccharomycotina_Saccharomycetes_Saccharomycetales_Saccharomyces_cerevisiae_baker_s_yeast, Node1652*)",562,0.5440990588803539,0.9304262177623468,c1,branch_to_yeast
"(Eukaryota_Opisthokonta_Nucletmycea_Fungi_Dikarya_Ascomycota_Saccharomycotina_Saccharomycetes_Saccharomycetales_Saccharomyces_cerevisiae_baker_s_yeast, Node1652*)",563,0.908057073652776,0.939546945073676,c2,branch_to_yeast
"(Eukaryota_Opisthokonta_Nucletmycea_Fungi_Dikarya_Ascomycota_Saccharomycotina_Saccharomycetes_Saccharomycetales_Saccharomyces_cerevisiae_baker_s_yeast, Node1652*)",564,0.958560343998775,0.9304262177623468,c1,branch_to_yeast
"(Eukaryota_Opisthokonta_Nucletmycea_Fungi_Dikarya_Ascomycota_Saccharomycotina_Saccharomycetes_Saccharomycetales_Saccharomyces_cerevisiae_baker_s_yeast, Node1652*)",565,0.5440990588598469,0.939546945073676,c2,branch_to_yeast
"(Eukaryota_Opisthokonta_Nucletmycea_Fungi_Dikarya_Ascomycota_Saccharomycotina_Saccharomycetes_Saccharomycetales_Saccharomyces_cerevisiae_baker_s_yeast, Node1652*)",566,0.9585603435847064,0.921514902531969,c3,branch_to_yeast
"(Eukaryota_Opisthokonta_Nucletmycea_Fungi_Dikarya_Ascomycota_Saccharomycotina_Saccharomycetes_Saccharomycetales_Saccharomyces_cerevisiae_baker_s_yeast, Node1652*)",567,0.9080570735543574,0.921514902531969,c3,branch_to_yeast
"(Eukaryota_Opisthokonta_Nucletmycea_Fungi_Dikarya_Ascomycota_Saccharomycotina_Saccharomycetes_Saccharomycetales_Saccharomyces_cerevisiae_baker_s_yeast, Node1652*)",568,0.5440990573737671,0.7421390212290799,c4,branch_to_yeast
"(Eukaryota_Opisthokonta_Nucletmycea_Fungi_Dikarya_Ascomycota_Saccharomycotina_Saccharomycetes_Saccharomycetales_Saccharomyces_cerevisiae_baker_s_yeast, Node1652*)",569,1.637298331163928,0.7421390212290799,c4,branch_to_yeast
"(Eukaryota_Opisthokonta_Nucletmycea_Fungi_Dikarya_Ascomycota_Saccharomycotina_Saccharomycetes_Saccharomycetales_Saccharomyces_cerevisiae_baker_s_yeast, Node1652*)",570,0.5440990587203809,0.921514902531969,c3,branch_to_yeast
"(Eukaryota_Opisthokonta_Nucletmycea_Fungi_Dikarya_Ascomycota_Saccharomycotina_Saccharomycetes_Saccharomycetales_Saccharomyces_cerevisiae_baker_s_yeast, Node1652*)",571,0.5440990587203811,0.921514902531969,c3,branch_to_yeast
"(Eukaryota_Opisthokonta_Nucletmycea_Fungi_Dikarya_Ascomycota_Saccharomycotina_Saccharomycetes_Saccharomycetales_Saccharomyces_cerevisiae_baker_s_yeast, Node1652*)",572,0.908057073652776,0.939546945073676,c2,branch_to_yeast
"(Eukaryota_Opisthokonta_Nucletmycea_Fungi_Dikarya_Ascomycota_Saccharomycotina_Saccharomycetes_Saccharomycetales_Saccharomyces_cerevisiae_baker_s_yeast, Node1652*)",573,0.9585603439457024,0.939546945073676,c2,branch_to_yeast
"(Eukaryota_Opisthokonta_Nucletmycea_Fungi_Dikarya_Ascomycota_Saccharomycotina_Saccharomycetes_Saccharomycetales_Saccharomyces_cerevisiae_baker_s_yeast, Node1652*)",574,0.9080570735543574,0.921514902531969,c3,branch_to_yeast
"(Eukaryota_Opisthokonta_Nucletmycea_Fungi_Dikarya_Ascomycota_Saccharomycotina_Saccharomycetes_Saccharomycetales_Saccharomyces_cerevisiae_baker_s_yeast, Node1652*)",575,1.2266036132505677e-17,0.939546945073676,c2,branch_to_yeast
"(Eukaryota_Opisthokonta_Nucletmycea_Fungi_Dikarya_Ascomycota_Saccharomycotina_Saccharomycetes_Saccharomycetales_Saccharomyces_cerevisiae_baker_s_yeast, Node1652*)",576,-4.199258664564754e-17,0.9304262177623468,c1,branch_to_yeast
"(Eukaryota_Opisthokonta_Nucletmycea_Fungi_Dikarya_Ascomycota_Saccharomycotina_Saccharomycetes_Saccharomycetales_Saccharomyces_cerevisiae_baker_s_yeast, Node1652*)",577,3.4425190364055e-17,0.939546945073676,c2,branch_to_yeast
"(Eukaryota_Opisthokonta_Nucletmycea_Fungi_Dikarya_Ascomycota_Saccharomycotina_Saccharomycetes_Saccharomycetales_Saccharomyces_cerevisiae_baker_s_yeast, Node1652*)",578,-2.8492921217629425e-19,0.7421390212290799,c4,branch_to_yeast
"(Eukaryota_Opisthokonta_Nucletmycea_Fungi_Dikarya_Ascomycota_Saccharomycotina_Saccharomycetes_Saccharomycetales_Saccharomyces_cerevisiae_baker_s_yeast, Node1652*)",579,1.8530510614151904e-19,0.7421390212290799,c4,branch_to_yeast
"(Eukaryota_Opisthokonta_Nucletmycea_Fungi_Dikarya_Ascomycota_Saccharomycotina_Saccharomycetes_Saccharomycetales_Saccharomyces_cerevisiae_baker_s_yeast, Node1652*)",580,2.4135723489784253e-19,0.7421390212290799,c4,branch_to_yeast
"(Eukaryota_Opisthokonta_Nucletmycea_Fungi_Dikarya_Ascomycota_Saccharomycotina_Saccharomycetes_Saccharomycetales_Saccharomyces_cerevisiae_baker_s_yeast, Node1652*)",581,-3.1210320761955303e-19,0.7421390212290799,c4,branch_to_yeast
"(Eukaryota_Opisthokonta_Nucletmycea_Fungi_Dikarya_Ascomycota_Saccharomycotina_Saccharomycetes_Saccharomycetales_Saccharomyces_cerevisiae_baker_s_yeast, Node1652*)",582,-2.2743444617893413e-19,0.7421390212290799,c4,branch_to_yeast
"(Eukaryota_Opisthokonta_Nucletmycea_Fungi_Dikarya_Ascomycota_Saccharomycotina_Saccharomycetes_Saccharomycetales_Saccharomyces_cerevisiae_baker_s_yeast, Node1652*)",583,-3.1537564507282653e-19,0.7421390212290799,c4,branch_to_yeast
"(Eukaryota_Opisthokonta_Nucletmycea_Fungi_Dikarya_Ascomycota_Saccharomycotina_Saccharomycetes_Saccharomycetales_Saccharomyces_cerevisiae_baker_s_yeast, Node1652*)",584,2.3890779663609784e-19,0.7421390212290799,c4,branch_to_yeast
"(Eukaryota_Opisthokonta_Nucletmycea_Fungi_Dikarya_Ascomycota_Saccharomycotina_Saccharomycetes_Saccharomycetales_Saccharomyces_cerevisiae_baker_s_yeast, Node1652*)",585,-1.3003070882817694e-21,0.7421390212290799,c4,branch_to_yeast
"(Eukaryota_Opisthokonta_Nucletmycea_Fungi_Dikarya_Ascomycota_Saccharomycotina_Saccharomycetes_Saccharomycetales_Saccharomyces_cerevisiae_baker_s_yeast, Node1652*)",586,-5.005339535697827e-21,0.7421390212290799,c4,branch_to_yeast
"(Eukaryota_Opisthokonta_Nucletmycea_Fungi_Dikarya_Ascomycota_Saccharomycotina_Saccharomycetes_Saccharomycetales_Saccharomyces_cerevisiae_baker_s_yeast, Node1652*)",587,7.384174366434643e-21,0.7421390212290799,c4,branch_to_yeast
"(Eukaryota_Opisthokonta_Nucletmycea_Fungi_Dikarya_Ascomycota_Saccharomycotina_Saccharomycetes_Saccharomycetales_Saccharomyces_cerevisiae_baker_s_yeast, Node1652*)",588,1.7525743686831927e-20,0.7421390212290799,c4,branch_to_yeast
"(Eukaryota_Opisthokonta_Nucletmycea_Fungi_Dikarya_Ascomycota_Saccharomycotina_Saccharomycetes_Saccharomycetales_Saccharomyces_cerevisiae_baker_s_yeast, Node1652*)",589,0.5440990573737671,0.7421390212290799,c4,branch_to_yeast
"(Eukaryota_Opisthokonta_Nucletmycea_Fungi_Dikarya_Ascomycota_Saccharomycotina_Saccharomycetes_Saccharomycetales_Saccharomyces_cerevisiae_baker_s_yeast, Node1652*)",590,0.544099058720381,0.921514902531969,c3,branch_to_yeast
"(Eukaryota_Opisthokonta_Nucletmycea_Fungi_Dikarya_Ascomycota_Saccharomycotina_Saccharomycetes_Saccharomycetales_Saccharomyces_cerevisiae_baker_s_yeast, Node1652*)",591,0.5440990587203812,0.921514902531969,c3,branch_to_yeast
"(Eukaryota_Opisthokonta_Nucletmycea_Fungi_Dikarya_Ascomycota_Saccharomycotina_Saccharomycetes_Saccharomycetales_Saccharomyces_cerevisiae_baker_s_yeast, Node1652*)",592,0.9080570735543574,0.921514902531969,c3,branch_to_yeast
"(Eukaryota_Opisthokonta_Nucletmycea_Fungi_Dikarya_Ascomycota_Saccharomycotina_Saccharomycetes_Saccharomycetales_Saccharomyces_cerevisiae_baker_s_yeast, Node1652*)",593,0.544099058720381,0.921514902531969,c3,branch_to_yeast
"(Eukaryota_Opisthokonta_Nucletmycea_Fungi_Dikarya_Ascomycota_Saccharomycotina_Saccharomycetes_Saccharomycetales_Saccharomyces_cerevisiae_baker_s_yeast, Node1652*)",594,2.3838700039881677e-18,0.921514902531969,c3,branch_to_yeast
"(Eukaryota_Opisthokonta_Nucletmycea_Fungi_Dikarya_Ascomycota_Saccharomycotina_Saccharomycetes_Saccharomycetales_Saccharomyces_cerevisiae_baker_s_yeast, Node1652*)",595,4.494678513819774e-20,0.7421390212290799,c4,branch_to_yeast
"(Eukaryota_Opisthokonta_Nucletmycea_Fungi_Dikarya_Ascomycota_Saccharomycotina_Saccharomycetes_Saccharomycetales_Saccharomyces_cerevisiae_baker_s_yeast, Node1652*)",596,-2.2902408736240855e-20,0.7421390212290799,c4,branch_to_yeast
"(Eukaryota_Opisthokonta_Nucletmycea_Fungi_Dikarya_Ascomycota_Saccharomycotina_Saccharomycetes_Saccharomycetales_Saccharomyces_cerevisiae_baker_s_yeast, Node1652*)",597,-2.2563349653527167e-20,0.7421390212290799,c4,branch_to_yeast
"(Eukaryota_Opisthokonta_Nucletmycea_Fungi_Dikarya_Ascomycota_Saccharomycotina_Saccharomycetes_Saccharomycetales_Saccharomyces_cerevisiae_baker_s_yeast, Node1652*)",598,-6.586383935495204e-21,0.7421390212290799,c4,branch_to_yeast
"(Eukaryota_Opisthokonta_Nucletmycea_Fungi_Dikarya_Ascomycota_Saccharomycotina_Saccharomycetes_Saccharomycetales_Saccharomyces_cerevisiae_baker_s_yeast, Node1652*)",599,3.910399716669784e-21,0.7421390212290799,c4,branch_to_yeast
"(Eukaryota_Opisthokonta_Nucletmycea_Fungi_Dikarya_Ascomycota_Saccharomycotina_Saccharomycetes_Saccharomycetales_Saccharomyces_cerevisiae_baker_s_yeast, Node1652*)",600,-1.6959429511398254e-20,0.7421390212290799,c4,branch_to_yeast
"(Eukaryota_Opisthokonta_Nucletmycea_Fungi_Dikarya_Ascomycota_Saccharomycotina_Saccharomycetes_Saccharomycetales_Saccharomyces_cerevisiae_baker_s_yeast, Node1652*)",601,5.743976898843168e-21,0.7421390212290799,c4,branch_to_yeast
"(Eukaryota_Opisthokonta_Nucletmycea_Fungi_Dikarya_Ascomycota_Saccharomycotina_Saccharomycetes_Saccharomycetales_Saccharomyces_cerevisiae_baker_s_yeast, Node1652*)",602,6.217485781930752e-21,0.7421390212290799,c4,branch_to_yeast
"(Eukaryota_Opisthokonta_Nucletmycea_Fungi_Dikarya_Ascomycota_Saccharomycotina_Saccharomycetes_Saccharomycetales_Saccharomyces_cerevisiae_baker_s_yeast, Node1652*)",603,1.147171038907202e-20,0.7421390212290799,c4,branch_to_yeast
"(Eukaryota_Opisthokonta_Nucletmycea_Fungi_Dikarya_Ascomycota_Saccharomycotina_Saccharomycetes_Saccharomycetales_Saccharomyces_cerevisiae_baker_s_yeast, Node1652*)",604,-7.169792018754679e-21,0.7421390212290799,c4,branch_to_yeast
"(Eukaryota_Opisthokonta_Nucletmycea_Fungi_Dikarya_Ascomycota_Saccharomycotina_Saccharomycetes_Saccharomycetales_Saccharomyces_cerevisiae_baker_s_yeast, Node1652*)",605,-4.611011545706562e-21,0.7421390212290799,c4,branch_to_yeast
"(Eukaryota_Opisthokonta_Nucletmycea_Fungi_Dikarya_Ascomycota_Saccharomycotina_Saccharomycetes_Saccharomycetales_Saccharomyces_cerevisiae_baker_s_yeast, Node1652*)",606,-2.634308575063325e-17,0.939546945073676,c2,branch_to_yeast
"(Eukaryota_Opisthokonta_Nucletmycea_Fungi_Dikarya_Ascomycota_Saccharomycotina_Saccharomycetes_Saccharomycetales_Saccharomyces_cerevisiae_baker_s_yeast, Node1652*)",607,4.597829041286924e-17,0.9304262177623468,c1,branch_to_yeast
"(Eukaryota_Opisthokonta_Nucletmycea_Fungi_Dikarya_Ascomycota_Saccharomycotina_Saccharomycetes_Saccharomycetales_Saccharomyces_cerevisiae_baker_s_yeast, Node1652*)",608,3.464058440137453e-17,0.9304262177623468,c1,branch_to_yeast
"(Eukaryota_Opisthokonta_Nucletmycea_Fungi_Dikarya_Ascomycota_Saccharomycotina_Saccharomycetes_Saccharomycetales_Saccharomyces_cerevisiae_baker_s_yeast, Node1652*)",609,-3.6814042621292116e-17,0.939546945073676,c2,branch_to_yeast
"(Eukaryota_Opisthokonta_Nucletmycea_Fungi_Dikarya_Ascomycota_Saccharomycotina_Saccharomycetes_Saccharomycetales_Saccharomyces_cerevisiae_baker_s_yeast, Node1652*)",610,-4.849322604992003e-18,0.921514902531969,c3,branch_to_yeast
"(Eukaryota_Opisthokonta_Nucletmycea_Fungi_Dikarya_Ascomycota_Saccharomycotina_Saccharomycetes_Saccharomycetales_Saccharomyces_cerevisiae_baker_s_yeast, Node1652*)",611,1.6372983373746666,0.939546945073676,c2,branch_to_yeast
"(Eukaryota_Opisthokonta_Nucletmycea_Fungi_Dikarya_Ascomycota_Saccharomycotina_Saccharomycetes_Saccharomycetales_Saccharomyces_cerevisiae_baker_s_yeast, Node1652*)",612,1.6372983374601648,0.9304262177623468,c1,branch_to_yeast
"(Eukaryota_Opisthokonta_Nucletmycea_Fungi_Dikarya_Ascomycota_Saccharomycotina_Saccharomycetes_Saccharomycetales_Saccharomyces_cerevisiae_baker_s_yeast, Node1652*)",613,0.908057073652776,0.939546945073676,c2,branch_to_yeast
"(Eukaryota_Opisthokonta_Nucletmycea_Fungi_Dikarya_Ascomycota_Saccharomycotina_Saccharomycetes_Saccharomycetales_Saccharomyces_cerevisiae_baker_s_yeast, Node1652*)",614,0.908057073652776,0.939546945073676,c2,branch_to_yeast
"(Eukaryota_Opisthokonta_Nucletmycea_Fungi_Dikarya_Ascomycota_Saccharomycotina_Saccharomycetes_Saccharomycetales_Saccharomyces_cerevisiae_baker_s_yeast, Node1652*)",615,0.544099058720381,0.921514902531969,c3,branch_to_yeast
"(Eukaryota_Opisthokonta_Nucletmycea_Fungi_Dikarya_Ascomycota_Saccharomycotina_Saccharomycetes_Saccharomycetales_Saccharomyces_cerevisiae_baker_s_yeast, Node1652*)",616,0.544099058720381,0.921514902531969,c3,branch_to_yeast
"(Eukaryota_Opisthokonta_Nucletmycea_Fungi_Dikarya_Ascomycota_Saccharomycotina_Saccharomycetes_Saccharomycetales_Saccharomyces_cerevisiae_baker_s_yeast, Node1652*)",617,1.6372983311639282,0.7421390212290799,c4,branch_to_yeast
"(Eukaryota_Opisthokonta_Nucletmycea_Fungi_Dikarya_Ascomycota_Saccharomycotina_Saccharomycetes_Saccharomycetales_Saccharomyces_cerevisiae_baker_s_yeast, Node1652*)",618,0.9585603400967968,0.7421390212290799,c4,branch_to_yeast
"(Eukaryota_Opisthokonta_Nucletmycea_Fungi_Dikarya_Ascomycota_Saccharomycotina_Saccharomycetes_Saccharomycetales_Saccharomyces_cerevisiae_baker_s_yeast, Node1652*)",619,0.5440990587203809,0.921514902531969,c3,branch_to_yeast
"(Eukaryota_Opisthokonta_Nucletmycea_Fungi_Dikarya_Ascomycota_Saccharomycotina_Saccharomycetes_Saccharomycetales_Saccharomyces_cerevisiae_baker_s_yeast, Node1652*)",620,0.9585603435847064,0.921514902531969,c3,branch_to_yeast
"(Eukaryota_Opisthokonta_Nucletmycea_Fungi_Dikarya_Ascomycota_Saccharomycotina_Saccharomycetes_Saccharomycetales_Saccharomyces_cerevisiae_baker_s_yeast, Node1652*)",621,0.9585603435847064,0.921514902531969,c3,branch_to_yeast
"(Eukaryota_Opisthokonta_Nucletmycea_Fungi_Dikarya_Ascomycota_Saccharomycotina_Saccharomycetes_Saccharomycetales_Saccharomyces_cerevisiae_baker_s_yeast, Node1652*)",622,0.5440990588803539,0.9304262177623468,c1,branch_to_yeast
"(Eukaryota_Opisthokonta_Nucletmycea_Fungi_Dikarya_Ascomycota_Saccharomycotina_Saccharomycetes_Saccharomycetales_Saccharomyces_cerevisiae_baker_s_yeast, Node1652*)",623,0.5440990588598469,0.939546945073676,c2,branch_to_yeast
"(Eukaryota_Opisthokonta_Nucletmycea_Fungi_Dikarya_Ascomycota_Saccharomycotina_Saccharomycetes_Saccharomycetales_Saccharomyces_cerevisiae_baker_s_yeast, Node1652*)",624,1.6372983373746666,0.939546945073676,c2,branch_to_yeast
"(Eukaryota_Opisthokonta_Nucletmycea_Fungi_Dikarya_Ascomycota_Saccharomycotina_Saccharomycetes_Saccharomycetales_Saccharomyces_cerevisiae_baker_s_yeast, Node1652*)",625,0.5440990588598469,0.939546945073676,c2,branch_to_yeast
"(Eukaryota_Opisthokonta_Nucletmycea_Fungi_Dikarya_Ascomycota_Saccharomycotina_Saccharomycetes_Saccharomycetales_Saccharomyces_cerevisiae_baker_s_yeast, Node1652*)",626,0.5440990588803539,0.9304262177623468,c1,branch_to_yeast
"(Eukaryota_Opisthokonta_Nucletmycea_Fungi_Dikarya_Ascomycota_Saccharomycotina_Saccharomycetes_Saccharomycetales_Saccharomyces_cerevisiae_baker_s_yeast, Node1652*)",627,0.9080570736672594,0.9304262177623468,c1,branch_to_yeast
"(Eukaryota_Opisthokonta_Nucletmycea_Fungi_Dikarya_Ascomycota_Saccharomycotina_Saccharomycetes_Saccharomycetales_Saccharomyces_cerevisiae_baker_s_yeast, Node1652*)",628,0.9080570735543574,0.921514902531969,c3,branch_to_yeast
"(Eukaryota_Opisthokonta_Nucletmycea_Fungi_Dikarya_Ascomycota_Saccharomycotina_Saccharomycetes_Saccharomycetales_Saccharomyces_cerevisiae_baker_s_yeast, Node1652*)",629,0.9585603435847064,0.921514902531969,c3,branch_to_yeast
"(Eukaryota_Opisthokonta_Nucletmycea_Fungi_Dikarya_Ascomycota_Saccharomycotina_Saccharomycetes_Saccharomycetales_Saccharomyces_cerevisiae_baker_s_yeast, Node1652*)",630,0.9585603439457026,0.939546945073676,c2,branch_to_yeast
"(Eukaryota_Opisthokonta_Nucletmycea_Fungi_Dikarya_Ascomycota_Saccharomycotina_Saccharomycetes_Saccharomycetales_Saccharomyces_cerevisiae_baker_s_yeast, Node1652*)",631,0.5440990588598469,0.939546945073676,c2,branch_to_yeast
"(Eukaryota_Opisthokonta_Nucletmycea_Fungi_Dikarya_Ascomycota_Saccharomycotina_Saccharomycetes_Saccharomycetales_Saccharomyces_cerevisiae_baker_s_yeast, Node1652*)",632,4.031706833309074e-17,0.9304262177623468,c1,branch_to_yeast
"(Eukaryota_Opisthokonta_Nucletmycea_Fungi_Dikarya_Ascomycota_Saccharomycotina_Saccharomycetes_Saccharomycetales_Saccharomyces_cerevisiae_baker_s_yeast, Node1652*)",633,0.9585603439987752,0.9304262177623468,c1,branch_to_yeast
"(Eukaryota_Opisthokonta_Nucletmycea_Fungi_Dikarya_Ascomycota_Saccharomycotina_Saccharomycetes_Saccharomycetales_Saccharomyces_cerevisiae_baker_s_yeast, Node1652*)",634,0.9585603439987752,0.9304262177623468,c1,branch_to_yeast
"(Eukaryota_Opisthokonta_Nucletmycea_Fungi_Dikarya_Ascomycota_Saccharomycotina_Saccharomycetes_Saccharomycetales_Saccharomyces_cerevisiae_baker_s_yeast, Node1652*)",635,0.9585603439457026,0.939546945073676,c2,branch_to_yeast
"(Eukaryota_Opisthokonta_Nucletmycea_Fungi_Dikarya_Ascomycota_Saccharomycotina_Saccharomycetes_Saccharomycetales_Saccharomyces_cerevisiae_baker_s_yeast, Node1652*)",636,1.6372983374601648,0.9304262177623468,c1,branch_to_yeast
"(Eukaryota_Opisthokonta_Nucletmycea_Fungi_Dikarya_Ascomycota_Saccharomycotina_Saccharomycetes_Saccharomycetales_Saccharomyces_cerevisiae_baker_s_yeast, Node1652*)",637,-2.063064964667299e-17,0.939546945073676,c2,branch_to_yeast
"(Eukaryota_Opisthokonta_Nucletmycea_Fungi_Dikarya_Ascomycota_Saccharomycotina_Saccharomycetes_Saccharomycetales_Saccharomyces_cerevisiae_baker_s_yeast, Node1652*)",638,0.5440990588803538,0.9304262177623468,c1,branch_to_yeast
"(Eukaryota_Opisthokonta_Nucletmycea_Fungi_Dikarya_Ascomycota_Saccharomycotina_Saccharomycetes_Saccharomycetales_Saccharomyces_cerevisiae_baker_s_yeast, Node1652*)",639,0.5440990588803538,0.9304262177623468,c1,branch_to_yeast
"(Eukaryota_Opisthokonta_Nucletmycea_Fungi_Dikarya_Ascomycota_Saccharomycotina_Saccharomycetes_Saccharomycetales_Saccharomyces_cerevisiae_baker_s_yeast, Node1652*)",640,0.9585603439457024,0.939546945073676,c2,branch_to_yeast
"(Eukaryota_Opisthokonta_Nucletmycea_Fungi_Dikarya_Ascomycota_Saccharomycotina_Saccharomycetes_Saccharomycetales_Saccharomyces_cerevisiae_baker_s_yeast, Node1652*)",641,0.908057073652776,0.939546945073676,c2,branch_to_yeast
"(Eukaryota_Opisthokonta_Nucletmycea_Fungi_Dikarya_Ascomycota_Saccharomycotina_Saccharomycetes_Saccharomycetales_Saccharomyces_cerevisiae_baker_s_yeast, Node1652*)",642,1.6372983374601648,0.9304262177623468,c1,branch_to_yeast
"(Eukaryota_Opisthokonta_Nucletmycea_Fungi_Dikarya_Ascomycota_Saccharomycotina_Saccharomycetes_Saccharomycetales_Saccharomyces_cerevisiae_baker_s_yeast, Node1652*)",643,0.908057073652776,0.939546945073676,c2,branch_to_yeast
"(Eukaryota_Opisthokonta_Nucletmycea_Fungi_Dikarya_Ascomycota_Saccharomycotina_Saccharomycetes_Saccharomycetales_Saccharomyces_cerevisiae_baker_s_yeast, Node1652*)",644,0.9585603439457024,0.939546945073676,c2,branch_to_yeast
"(Eukaryota_Opisthokonta_Nucletmycea_Fungi_Dikarya_Ascomycota_Saccharomycotina_Saccharomycetes_Saccharomycetales_Saccharomyces_cerevisiae_baker_s_yeast, Node1652*)",645,0.9585603439987752,0.9304262177623468,c1,branch_to_yeast
"(Eukaryota_Opisthokonta_Nucletmycea_Fungi_Dikarya_Ascomycota_Saccharomycotina_Saccharomycetes_Saccharomycetales_Saccharomyces_cerevisiae_baker_s_yeast, Node1652*)",646,0.9080570736672596,0.9304262177623468,c1,branch_to_yeast
"(Eukaryota_Opisthokonta_Nucletmycea_Fungi_Dikarya_Ascomycota_Saccharomycotina_Saccharomycetes_Saccharomycetales_Saccharomyces_cerevisiae_baker_s_yeast, Node1652*)",647,0.9585603439987752,0.9304262177623468,c1,branch_to_yeast
"(Eukaryota_Opisthokonta_Nucletmycea_Fungi_Dikarya_Ascomycota_Saccharomycotina_Saccharomycetes_Saccharomycetales_Saccharomyces_cerevisiae_baker_s_yeast, Node1652*)",648,1.6372983374601653,0.9304262177623468,c1,branch_to_yeast
"(Eukaryota_Opisthokonta_Nucletmycea_Fungi_Dikarya_Ascomycota_Saccharomycotina_Saccharomycetes_Saccharomycetales_Saccharomyces_cerevisiae_baker_s_yeast, Node1652*)",649,1.6372983374601648,0.9304262177623468,c1,branch_to_yeast
"(Eukaryota_Opisthokonta_Nucletmycea_Fungi_Dikarya_Ascomycota_Saccharomycotina_Saccharomycetes_Saccharomycetales_Saccharomyces_cerevisiae_baker_s_yeast, Node1652*)",650,0.5440990588803539,0.9304262177623468,c1,branch_to_yeast
"(Eukaryota_Opisthokonta_Nucletmycea_Fungi_Dikarya_Ascomycota_Saccharomycotina_Saccharomycetes_Saccharomycetales_Saccharomyces_cerevisiae_baker_s_yeast, Node1652*)",651,0.958560343998775,0.9304262177623468,c1,branch_to_yeast
"(Eukaryota_Opisthokonta_Nucletmycea_Fungi_Dikarya_Ascomycota_Saccharomycotina_Saccharomycetes_Saccharomycetales_Saccharomyces_cerevisiae_baker_s_yeast, Node1652*)",652,1.6372983374601648,0.9304262177623468,c1,branch_to_yeast
"(Eukaryota_Opisthokonta_Nucletmycea_Fungi_Dikarya_Ascomycota_Saccharomycotina_Saccharomycetes_Saccharomycetales_Saccharomyces_cerevisiae_baker_s_yeast, Node1652*)",653,0.5440990588803538,0.9304262177623468,c1,branch_to_yeast
"(Eukaryota_Opisthokonta_Nucletmycea_Fungi_Dikarya_Ascomycota_Saccharomycotina_Saccharomycetes_Saccharomycetales_Saccharomyces_cerevisiae_baker_s_yeast, Node1652*)",654,0.9585603439987752,0.9304262177623468,c1,branch_to_yeast
"(Eukaryota_Opisthokonta_Nucletmycea_Fungi_Dikarya_Ascomycota_Saccharomycotina_Saccharomycetes_Saccharomycetales_Saccharomyces_cerevisiae_baker_s_yeast, Node1652*)",655,1.6372983374601653,0.9304262177623468,c1,branch_to_yeast
"(Eukaryota_Opisthokonta_Nucletmycea_Fungi_Dikarya_Ascomycota_Saccharomycotina_Saccharomycetes_Saccharomycetales_Saccharomyces_cerevisiae_baker_s_yeast, Node1652*)",656,1.6372983374601653,0.9304262177623468,c1,branch_to_yeast
"(Eukaryota_Opisthokonta_Nucletmycea_Fungi_Dikarya_Ascomycota_Saccharomycotina_Saccharomycetes_Saccharomycetales_Saccharomyces_cerevisiae_baker_s_yeast, Node1652*)",657,0.958560343998775,0.9304262177623468,c1,branch_to_yeast
"(Eukaryota_Opisthokonta_Nucletmycea_Fungi_Dikarya_Ascomycota_Saccharomycotina_Saccharomycetes_Saccharomycetales_Saccharomyces_cerevisiae_baker_s_yeast, Node1652*)",658,1.6372983374601648,0.9304262177623468,c1,branch_to_yeast
"(Eukaryota_Opisthokonta_Nucletmycea_Fungi_Dikarya_Ascomycota_Saccharomycotina_Saccharomycetes_Saccharomycetales_Saccharomyces_cerevisiae_baker_s_yeast, Node1652*)",659,0.9585603439987752,0.9304262177623468,c1,branch_to_yeast
"(Eukaryota_Opisthokonta_Nucletmycea_Fungi_Dikarya_Ascomycota_Saccharomycotina_Saccharomycetes_Saccharomycetales_Saccharomyces_cerevisiae_baker_s_yeast, Node1652*)",660,0.9585603439987752,0.9304262177623468,c1,branch_to_yeast
"(Eukaryota_Opisthokonta_Nucletmycea_Fungi_Dikarya_Ascomycota_Saccharomycotina_Saccharomycetes_Saccharomycetales_Saccharomyces_cerevisiae_baker_s_yeast, Node1652*)",661,0.9080570736672594,0.9304262177623468,c1,branch_to_yeast
"(Eukaryota_Opisthokonta_Nucletmycea_Fungi_Dikarya_Ascomycota_Saccharomycotina_Saccharomycetes_Saccharomycetales_Saccharomyces_cerevisiae_baker_s_yeast, Node1652*)",662,0.5440990588803539,0.9304262177623468,c1,branch_to_yeast
"(Eukaryota_Opisthokonta_Nucletmycea_Fungi_Dikarya_Ascomycota_Saccharomycotina_Saccharomycetes_Saccharomycetales_Saccharomyces_cerevisiae_baker_s_yeast, Node1652*)",663,0.5440990588803539,0.9304262177623468,c1,branch_to_yeast
"(Eukaryota_Opisthokonta_Nucletmycea_Fungi_Dikarya_Ascomycota_Saccharomycotina_Saccharomycetes_Saccharomycetales_Saccharomyces_cerevisiae_baker_s_yeast, Node1652*)",664,0.908057073652776,0.939546945073676,c2,branch_to_yeast
"(Eukaryota_Opisthokonta_Nucletmycea_Fungi_Dikarya_Ascomycota_Saccharomycotina_Saccharomycetes_Saccharomycetales_Saccharomyces_cerevisiae_baker_s_yeast, Node1652*)",665,0.9080570736672594,0.9304262177623468,c1,branch_to_yeast
"(Eukaryota_Opisthokonta_Nucletmycea_Fungi_Dikarya_Ascomycota_Saccharomycotina_Saccharomycetes_Saccharomycetales_Saccharomyces_cerevisiae_baker_s_yeast, Node1652*)",666,1.6372983374601648,0.9304262177623468,c1,branch_to_yeast
"(Eukaryota_Opisthokonta_Nucletmycea_Fungi_Dikarya_Ascomycota_Saccharomycotina_Saccharomycetes_Saccharomycetales_Saccharomyces_cerevisiae_baker_s_yeast, Node1652*)",667,1.6372983373746668,0.939546945073676,c2,branch_to_yeast
"(Eukaryota_Opisthokonta_Nucletmycea_Fungi_Dikarya_Ascomycota_Saccharomycotina_Saccharomycetes_Saccharomycetales_Saccharomyces_cerevisiae_baker_s_yeast, Node1652*)",668,0.5440990588598469,0.939546945073676,c2,branch_to_yeast
"(Eukaryota_Opisthokonta_Nucletmycea_Fungi_Dikarya_Ascomycota_Saccharomycotina_Saccharomycetes_Saccharomycetales_Saccharomyces_cerevisiae_baker_s_yeast, Node1652*)",669,0.9585603439457026,0.939546945073676,c2,branch_to_yeast
"(Eukaryota_Opisthokonta_Nucletmycea_Fungi_Dikarya_Ascomycota_Saccharomycotina_Saccharomycetes_Saccharomycetales_Saccharomyces_cerevisiae_baker_s_yeast, Node1652*)",670,1.6372983373746668,0.939546945073676,c2,branch_to_yeast
"(Eukaryota_Opisthokonta_Nucletmycea_Fungi_Dikarya_Ascomycota_Saccharomycotina_Saccharomycetes_Saccharomycetales_Saccharomyces_cerevisiae_baker_s_yeast, Node1652*)",671,0.908057073652776,0.939546945073676,c2,branch_to_yeast
"(Eukaryota_Opisthokonta_Nucletmycea_Fungi_Dikarya_Ascomycota_Saccharomycotina_Saccharomycetes_Saccharomycetales_Saccharomyces_cerevisiae_baker_s_yeast, Node1652*)",672,1.6372983373746666,0.939546945073676,c2,branch_to_yeast
"(Eukaryota_Opisthokonta_Nucletmycea_Fungi_Dikarya_Ascomycota_Saccharomycotina_Saccharomycetes_Saccharomycetales_Saccharomyces_cerevisiae_baker_s_yeast, Node1652*)",673,1.6372983373746666,0.939546945073676,c2,branch_to_yeast
"(Eukaryota_Opisthokonta_Nucletmycea_Fungi_Dikarya_Ascomycota_Saccharomycotina_Saccharomycetes_Saccharomycetales_Saccharomyces_cerevisiae_baker_s_yeast, Node1652*)",674,0.5440990587203809,0.921514902531969,c3,branch_to_yeast
"(Eukaryota_Opisthokonta_Nucletmycea_Fungi_Dikarya_Ascomycota_Saccharomycotina_Saccharomycetes_Saccharomycetales_Saccharomyces_cerevisiae_baker_s_yeast, Node1652*)",675,0.5440990588803539,0.9304262177623468,c1,branch_to_yeast
"(Eukaryota_Opisthokonta_Nucletmycea_Fungi_Dikarya_Ascomycota_Saccharomycotina_Saccharomycetes_Saccharomycetales_Saccharomyces_cerevisiae_baker_s_yeast, Node1652*)",676,0.9080570735543574,0.921514902531969,c3,branch_to_yeast
"(Eukaryota_Opisthokonta_Nucletmycea_Fungi_Dikarya_Ascomycota_Saccharomycotina_Saccharomycetes_Saccharomycetales_Saccharomyces_cerevisiae_baker_s_yeast, Node1652*)",677,0.5440990588803539,0.9304262177623468,c1,branch_to_yeast
"(Eukaryota_Opisthokonta_Nucletmycea_Fungi_Dikarya_Ascomycota_Saccharomycotina_Saccharomycetes_Saccharomycetales_Saccharomyces_cerevisiae_baker_s_yeast, Node1652*)",678,0.958560343998775,0.9304262177623468,c1,branch_to_yeast
"(Eukaryota_Opisthokonta_Nucletmycea_Fungi_Dikarya_Ascomycota_Saccharomycotina_Saccharomycetes_Saccharomycetales_Saccharomyces_cerevisiae_baker_s_yeast, Node1652*)",679,1.6372983374601646,0.9304262177623468,c1,branch_to_yeast
"(Eukaryota_Opisthokonta_Nucletmycea_Fungi_Dikarya_Ascomycota_Saccharomycotina_Saccharomycetes_Saccharomycetales_Saccharomyces_cerevisiae_baker_s_yeast, Node1652*)",680,0.958560343998775,0.9304262177623468,c1,branch_to_yeast
"(Eukaryota_Opisthokonta_Nucletmycea_Fungi_Dikarya_Ascomycota_Saccharomycotina_Saccharomycetes_Saccharomycetales_Saccharomyces_cerevisiae_baker_s_yeast, Node1652*)",681,0.9080570736672596,0.9304262177623468,c1,branch_to_yeast
"(Eukaryota_Opisthokonta_Nucletmycea_Fungi_Dikarya_Ascomycota_Saccharomycotina_Saccharomycetes_Saccharomycetales_Saccharomyces_cerevisiae_baker_s_yeast, Node1652*)",682,0.5440990588803539,0.9304262177623468,c1,branch_to_yeast
"(Eukaryota_Opisthokonta_Nucletmycea_Fungi_Dikarya_Ascomycota_Saccharomycotina_Saccharomycetes_Saccharomycetales_Saccharomyces_cerevisiae_baker_s_yeast, Node1652*)",683,0.908057073652776,0.939546945073676,c2,branch_to_yeast
"(Eukaryota_Opisthokonta_Nucletmycea_Fungi_Dikarya_Ascomycota_Saccharomycotina_Saccharomycetes_Saccharomycetales_Saccharomyces_cerevisiae_baker_s_yeast, Node1652*)",684,0.5440990588598469,0.939546945073676,c2,branch_to_yeast
"(Eukaryota_Opisthokonta_Nucletmycea_Fungi_Dikarya_Ascomycota_Saccharomycotina_Saccharomycetes_Saccharomycetales_Saccharomyces_cerevisiae_baker_s_yeast, Node1652*)",685,0.908057073652776,0.939546945073676,c2,branch_to_yeast
"(Eukaryota_Opisthokonta_Nucletmycea_Fungi_Dikarya_Ascomycota_Saccharomycotina_Saccharomycetes_Saccharomycetales_Saccharomyces_cerevisiae_baker_s_yeast, Node1652*)",686,0.9080570736672594,0.9304262177623468,c1,branch_to_yeast
"(Eukaryota_Opisthokonta_Nucletmycea_Fungi_Dikarya_Ascomycota_Saccharomycotina_Saccharomycetes_Saccharomycetales_Saccharomyces_cerevisiae_baker_s_yeast, Node1652*)",687,0.5440990588598469,0.939546945073676,c2,branch_to_yeast
"(Eukaryota_Opisthokonta_Nucletmycea_Fungi_Dikarya_Ascomycota_Saccharomycotina_Saccharomycetes_Saccharomycetales_Saccharomyces_cerevisiae_baker_s_yeast, Node1652*)",688,0.5440990588598469,0.939546945073676,c2,branch_to_yeast
"(Eukaryota_Opisthokonta_Nucletmycea_Fungi_Dikarya_Ascomycota_Saccharomycotina_Saccharomycetes_Saccharomycetales_Saccharomyces_cerevisiae_baker_s_yeast, Node1652*)",689,0.5440990588803539,0.9304262177623468,c1,branch_to_yeast
"(Eukaryota_Opisthokonta_Nucletmycea_Fungi_Dikarya_Ascomycota_Saccharomycotina_Saccharomycetes_Saccharomycetales_Saccharomyces_cerevisiae_baker_s_yeast, Node1652*)",690,0.9585603435847064,0.921514902531969,c3,branch_to_yeast
"(Eukaryota_Opisthokonta_Nucletmycea_Fungi_Dikarya_Ascomycota_Saccharomycotina_Saccharomycetes_Saccharomycetales_Saccharomyces_cerevisiae_baker_s_yeast, Node1652*)",691,0.9080570736672596,0.9304262177623468,c1,branch_to_yeast
"(Eukaryota_Opisthokonta_Nucletmycea_Fungi_Dikarya_Ascomycota_Saccharomycotina_Saccharomycetes_Saccharomycetales_Saccharomyces_cerevisiae_baker_s_yeast, Node1652*)",692,0.908057073652776,0.939546945073676,c2,branch_to_yeast
"(Eukaryota_Opisthokonta_Nucletmycea_Fungi_Dikarya_Ascomycota_Saccharomycotina_Saccharomycetes_Saccharomycetales_Saccharomyces_cerevisiae_baker_s_yeast, Node1652*)",693,0.9585603439987752,0.9304262177623468,c1,branch_to_yeast
"(Eukaryota_Opisthokonta_Nucletmycea_Fungi_Dikarya_Ascomycota_Saccharomycotina_Saccharomycetes_Saccharomycetales_Saccharomyces_cerevisiae_baker_s_yeast, Node1652*)",694,0.908057073652776,0.939546945073676,c2,branch_to_yeast
"(Eukaryota_Opisthokonta_Nucletmycea_Fungi_Dikarya_Ascomycota_Saccharomycotina_Saccharomycetes_Saccharomycetales_Saccharomyces_cerevisiae_baker_s_yeast, Node1652*)",695,0.9080570736672594,0.9304262177623468,c1,branch_to_yeast
"(Eukaryota_Opisthokonta_Nucletmycea_Fungi_Dikarya_Ascomycota_Saccharomycotina_Saccharomycetes_Saccharomycetales_Saccharomyces_cerevisiae_baker_s_yeast, Node1652*)",696,0.958560343998775,0.9304262177623468,c1,branch_to_yeast
"(Eukaryota_Opisthokonta_Nucletmycea_Fungi_Dikarya_Ascomycota_Saccharomycotina_Saccharomycetes_Saccharomycetales_Saccharomyces_cerevisiae_baker_s_yeast, Node1652*)",697,1.6372983374601648,0.9304262177623468,c1,branch_to_yeast
"(Eukaryota_Opisthokonta_Nucletmycea_Fungi_Dikarya_Ascomycota_Saccharomycotina_Saccharomycetes_Saccharomycetales_Saccharomyces_cerevisiae_baker_s_yeast, Node1652*)",698,0.5440990588803539,0.9304262177623468,c1,branch_to_yeast
"(Eukaryota_Opisthokonta_Nucletmycea_Fungi_Dikarya_Ascomycota_Saccharomycotina_Saccharomycetes_Saccharomycetales_Saccharomyces_cerevisiae_baker_s_yeast, Node1652*)",699,0.9585603439987752,0.9304262177623468,c1,branch_to_yeast
"(Eukaryota_Opisthokonta_Nucletmycea_Fungi_Dikarya_Ascomycota_Saccharomycotina_Saccharomycetes_Saccharomycetales_Saccharomyces_cerevisiae_baker_s_yeast, Node1652*)",700,0.9080570736672596,0.9304262177623468,c1,branch_to_yeast
"(Eukaryota_Opisthokonta_Nucletmycea_Fungi_Dikarya_Ascomycota_Saccharomycotina_Saccharomycetes_Saccharomycetales_Saccharomyces_cerevisiae_baker_s_yeast, Node1652*)",701,0.9080570736672596,0.9304262177623468,c1,branch_to_yeast
"(Eukaryota_Opisthokonta_Nucletmycea_Fungi_Dikarya_Ascomycota_Saccharomycotina_Saccharomycetes_Saccharomycetales_Saccharomyces_cerevisiae_baker_s_yeast, Node1652*)",702,0.5440990588803538,0.9304262177623468,c1,branch_to_yeast
"(Eukaryota_Opisthokonta_Nucletmycea_Fungi_Dikarya_Ascomycota_Saccharomycotina_Saccharomycetes_Saccharomycetales_Saccharomyces_cerevisiae_baker_s_yeast, Node1652*)",703,0.5440990588803539,0.9304262177623468,c1,branch_to_yeast
"(Eukaryota_Opisthokonta_Nucletmycea_Fungi_Dikarya_Ascomycota_Saccharomycotina_Saccharomycetes_Saccharomycetales_Saccharomyces_cerevisiae_baker_s_yeast, Node1652*)",704,0.5440990588803539,0.9304262177623468,c1,branch_to_yeast
"(Eukaryota_Opisthokonta_Nucletmycea_Fungi_Dikarya_Ascomycota_Saccharomycotina_Saccharomycetes_Saccharomycetales_Saccharomyces_cerevisiae_baker_s_yeast, Node1652*)",705,0.5440990588803539,0.9304262177623468,c1,branch_to_yeast
"(Eukaryota_Opisthokonta_Nucletmycea_Fungi_Dikarya_Ascomycota_Saccharomycotina_Saccharomycetes_Saccharomycetales_Saccharomyces_cerevisiae_baker_s_yeast, Node1652*)",706,0.5440990587203809,0.921514902531969,c3,branch_to_yeast
"(Eukaryota_Opisthokonta_Nucletmycea_Fungi_Dikarya_Ascomycota_Saccharomycotina_Saccharomycetes_Saccharomycetales_Saccharomyces_cerevisiae_baker_s_yeast, Node1652*)",707,0.958560343998775,0.9304262177623468,c1,branch_to_yeast
"(Eukaryota_Opisthokonta_Nucletmycea_Fungi_Dikarya_Ascomycota_Saccharomycotina_Saccharomycetes_Saccharomycetales_Saccharomyces_cerevisiae_baker_s_yeast, Node1652*)",708,1.6372983373746666,0.939546945073676,c2,branch_to_yeast
"(Eukaryota_Opisthokonta_Nucletmycea_Fungi_Dikarya_Ascomycota_Saccharomycotina_Saccharomycetes_Saccharomycetales_Saccharomyces_cerevisiae_baker_s_yeast, Node1652*)",709,0.9080570735543574,0.921514902531969,c3,branch_to_yeast
"(Eukaryota_Opisthokonta_Nucletmycea_Fungi_Dikarya_Ascomycota_Saccharomycotina_Saccharomycetes_Saccharomycetales_Saccharomyces_cerevisiae_baker_s_yeast, Node1652*)",710,1.6372983367928842,0.921514902531969,c3,branch_to_yeast
"(Eukaryota_Opisthokonta_Nucletmycea_Fungi_Dikarya_Ascomycota_Saccharomycotina_Saccharomycetes_Saccharomycetales_Saccharomyces_cerevisiae_baker_s_yeast, Node1652*)",711,0.9585603439987752,0.9304262177623468,c1,branch_to_yeast
"(Eukaryota_Opisthokonta_Nucletmycea_Fungi_Dikarya_Ascomycota_Saccharomycotina_Saccharomycetes_Saccharomycetales_Saccharomyces_cerevisiae_baker_s_yeast, Node1652*)",712,0.908057073652776,0.939546945073676,c2,branch_to_yeast
"(Eukaryota_Opisthokonta_Nucletmycea_Fungi_Dikarya_Ascomycota_Saccharomycotina_Saccharomycetes_Saccharomycetales_Saccharomyces_cerevisiae_baker_s_yeast, Node1652*)",713,0.5440990588803539,0.9304262177623468,c1,branch_to_yeast
"(Eukaryota_Opisthokonta_Nucletmycea_Fungi_Dikarya_Ascomycota_Saccharomycotina_Saccharomycetes_Saccharomycetales_Saccharomyces_cerevisiae_baker_s_yeast, Node1652*)",714,0.9585603439987752,0.9304262177623468,c1,branch_to_yeast
"(Eukaryota_Opisthokonta_Nucletmycea_Fungi_Dikarya_Ascomycota_Saccharomycotina_Saccharomycetes_Saccharomycetales_Saccharomyces_cerevisiae_baker_s_yeast, Node1652*)",715,0.9080570736672594,0.9304262177623468,c1,branch_to_yeast
"(Eukaryota_Opisthokonta_Nucletmycea_Fungi_Dikarya_Ascomycota_Saccharomycotina_Saccharomycetes_Saccharomycetales_Saccharomyces_cerevisiae_baker_s_yeast, Node1652*)",716,0.9080570735543574,0.921514902531969,c3,branch_to_yeast
"(Eukaryota_Opisthokonta_Nucletmycea_Fungi_Dikarya_Ascomycota_Saccharomycotina_Saccharomycetes_Saccharomycetales_Saccharomyces_cerevisiae_baker_s_yeast, Node1652*)",717,0.9585603439457024,0.939546945073676,c2,branch_to_yeast
"(Eukaryota_Opisthokonta_Nucletmycea_Fungi_Dikarya_Ascomycota_Saccharomycotina_Saccharomycetes_Saccharomycetales_Saccharomyces_cerevisiae_baker_s_yeast, Node1652*)",718,0.5440990587203809,0.921514902531969,c3,branch_to_yeast
"(Eukaryota_Opisthokonta_Nucletmycea_Fungi_Dikarya_Ascomycota_Saccharomycotina_Saccharomycetes_Saccharomycetales_Saccharomyces_cerevisiae_baker_s_yeast, Node1652*)",719,0.5440990588598469,0.939546945073676,c2,branch_to_yeast
"(Eukaryota_Opisthokonta_Nucletmycea_Fungi_Dikarya_Ascomycota_Saccharomycotina_Saccharomycetes_Saccharomycetales_Saccharomyces_cerevisiae_baker_s_yeast, Node1652*)",720,1.6372983367928846,0.921514902531969,c3,branch_to_yeast
"(Eukaryota_Opisthokonta_Nucletmycea_Fungi_Dikarya_Ascomycota_Saccharomycotina_Saccharomycetes_Saccharomycetales_Saccharomyces_cerevisiae_baker_s_yeast, Node1652*)",721,0.9080570735543574,0.921514902531969,c3,branch_to_yeast
"(Eukaryota_Opisthokonta_Nucletmycea_Fungi_Dikarya_Ascomycota_Saccharomycotina_Saccharomycetes_Saccharomycetales_Saccharomyces_cerevisiae_baker_s_yeast, Node1652*)",722,0.908057073652776,0.939546945073676,c2,branch_to_yeast
"(Eukaryota_Opisthokonta_Nucletmycea_Fungi_Dikarya_Ascomycota_Saccharomycotina_Saccharomycetes_Saccharomycetales_Saccharomyces_cerevisiae_baker_s_yeast, Node1652*)",723,0.9080570726075052,0.7421390212290799,c4,branch_to_yeast
"(Eukaryota_Opisthokonta_Nucletmycea_Fungi_Dikarya_Ascomycota_Saccharomycotina_Saccharomycetes_Saccharomycetales_Saccharomyces_cerevisiae_baker_s_yeast, Node1652*)",724,0.9585603439457026,0.939546945073676,c2,branch_to_yeast
"(Eukaryota_Opisthokonta_Nucletmycea_Fungi_Dikarya_Ascomycota_Saccharomycotina_Saccharomycetes_Saccharomycetales_Saccharomyces_cerevisiae_baker_s_yeast, Node1652*)",725,0.9585603400967968,0.7421390212290799,c4,branch_to_yeast
"(Eukaryota_Opisthokonta_Nucletmycea_Fungi_Dikarya_Ascomycota_Saccharomycotina_Saccharomycetes_Saccharomycetales_Saccharomyces_cerevisiae_baker_s_yeast, Node1652*)",726,0.9585603400967968,0.7421390212290799,c4,branch_to_yeast
"(Eukaryota_Opisthokonta_Nucletmycea_Fungi_Dikarya_Ascomycota_Saccharomycotina_Saccharomycetes_Saccharomycetales_Saccharomyces_cerevisiae_baker_s_yeast, Node1652*)",727,1.6372983311639249,0.7421390212290799,c4,branch_to_yeast
"(Eukaryota_Opisthokonta_Nucletmycea_Fungi_Dikarya_Ascomycota_Saccharomycotina_Saccharomycetes_Saccharomycetales_Saccharomyces_cerevisiae_baker_s_yeast, Node1652*)",728,1.6372983309734668,0.7421390212290799,c4,branch_to_yeast
"(Eukaryota_Opisthokonta_Nucletmycea_Fungi_Dikarya_Ascomycota_Saccharomycotina_Saccharomycetes_Saccharomycetales_Saccharomyces_cerevisiae_baker_s_yeast, Node1652*)",729,1.6371342238035955,0.7421390212290799,c4,branch_to_yeast
"(Eukaryota_Opisthokonta_Nucletmycea_Fungi_Dikarya_Ascomycota_Saccharomycotina_Saccharomycetes_Saccharomycetales_Saccharomyces_cerevisiae_baker_s_yeast, Node1652*)",730,0.9585603435847064,0.921514902531969,c3,branch_to_yeast
"(Eukaryota_Opisthokonta_Nucletmycea_Fungi_Dikarya_Ascomycota_Saccharomycotina_Saccharomycetes_Saccharomycetales_Saccharomyces_cerevisiae_baker_s_yeast, Node1652*)",731,-4.8386114455307444e-17,0.939546945073676,c2,branch_to_yeast
"(Eukaryota_Opisthokonta_Nucletmycea_Fungi_Dikarya_Ascomycota_Saccharomycotina_Saccharomycetes_Saccharomycetales_Saccharomyces_cerevisiae_baker_s_yeast, Node1652*)",732,0.9585603439457024,0.939546945073676,c2,branch_to_yeast
"(Eukaryota_Opisthokonta_Nucletmycea_Fungi_Dikarya_Ascomycota_Saccharomycotina_Saccharomycetes_Saccharomycetales_Saccharomyces_cerevisiae_baker_s_yeast, Node1652*)",733,0.908057073638734,0.939546945073676,c2,branch_to_yeast
"(Eukaryota_Opisthokonta_Nucletmycea_Fungi_Dikarya_Ascomycota_Saccharomycotina_Saccharomycetes_Saccharomycetales_Saccharomyces_cerevisiae_baker_s_yeast, Node1652*)",734,0.908057073651206,0.939546945073676,c2,branch_to_yeast
"(Eukaryota_Opisthokonta_Nucletmycea_Fungi_Dikarya_Ascomycota_Saccharomycotina_Saccharomycetes_Saccharomycetales_Saccharomyces_cerevisiae_baker_s_yeast, Node1652*)",735,0.9585603435847064,0.921514902531969,c3,branch_to_yeast
"(Eukaryota_Opisthokonta_Nucletmycea_Fungi_Dikarya_Ascomycota_Saccharomycotina_Saccharomycetes_Saccharomycetales_Saccharomyces_cerevisiae_baker_s_yeast, Node1652*)",736,0.9585603400967968,0.7421390212290799,c4,branch_to_yeast
"(Eukaryota_Opisthokonta_Nucletmycea_Fungi_Dikarya_Ascomycota_Saccharomycotina_Saccharomycetes_Saccharomycetales_Saccharomyces_cerevisiae_baker_s_yeast, Node1652*)",737,1.6372983367928842,0.921514902531969,c3,branch_to_yeast
"(Eukaryota_Opisthokonta_Nucletmycea_Fungi_Dikarya_Ascomycota_Saccharomycotina_Saccharomycetes_Saccharomycetales_Saccharomyces_cerevisiae_baker_s_yeast, Node1652*)",738,1.6287849907819762,0.7421390212290799,c4,branch_to_yeast
"(Eukaryota_Opisthokonta_Nucletmycea_Fungi_Dikarya_Ascomycota_Saccharomycotina_Saccharomycetes_Saccharomycetales_Saccharomyces_cerevisiae_baker_s_yeast, Node1652*)",739,0.9585603435847064,0.921514902531969,c3,branch_to_yeast
"(Eukaryota_Opisthokonta_Nucletmycea_Fungi_Dikarya_Ascomycota_Saccharomycotina_Saccharomycetes_Saccharomycetales_Saccharomyces_cerevisiae_baker_s_yeast, Node1652*)",740,0.9585603439457028,0.939546945073676,c2,branch_to_yeast
"(Eukaryota_Opisthokonta_Nucletmycea_Fungi_Dikarya_Ascomycota_Saccharomycotina_Saccharomycetes_Saccharomycetales_Saccharomyces_cerevisiae_baker_s_yeast, Node1652*)",741,0.9080570736672594,0.9304262177623468,c1,branch_to_yeast
"(Eukaryota_Opisthokonta_Nucletmycea_Fungi_Dikarya_Ascomycota_Saccharomycotina_Saccharomycetes_Saccharomycetales_Saccharomyces_cerevisiae_baker_s_yeast, Node1652*)",742,7.075979976439269e-19,0.921514902531969,c3,branch_to_yeast
"(Eukaryota_Opisthokonta_Nucletmycea_Fungi_Dikarya_Ascomycota_Saccharomycotina_Saccharomycetes_Saccharomycetales_Saccharomyces_cerevisiae_baker_s_yeast, Node1652*)",743,4.055083128609836e-17,0.9304262177623468,c1,branch_to_yeast
"(Eukaryota_Opisthokonta_Nucletmycea_Fungi_Dikarya_Ascomycota_Saccharomycotina_Saccharomycetes_Saccharomycetales_Saccharomyces_cerevisiae_baker_s_yeast, Node1652*)",744,5.3397273227283323e-17,0.9304262177623468,c1,branch_to_yeast
"(Eukaryota_Opisthokonta_Nucletmycea_Fungi_Dikarya_Ascomycota_Saccharomycotina_Saccharomycetes_Saccharomycetales_Saccharomyces_cerevisiae_baker_s_yeast, Node1652*)",745,-2.1622228315857266e-17,0.9304262177623468,c1,branch_to_yeast
"(Eukaryota_Opisthokonta_Nucletmycea_Fungi_Dikarya_Ascomycota_Saccharomycotina_Saccharomycetes_Saccharomycetales_Saccharomyces_cerevisiae_baker_s_yeast, Node1652*)",746,-4.2140930715552435e-17,0.921514902531969,c3,branch_to_yeast
"(Eukaryota_Opisthokonta_Nucletmycea_Fungi_Dikarya_Ascomycota_Saccharomycotina_Saccharomycetes_Saccharomycetales_Saccharomyces_cerevisiae_baker_s_yeast, Node1652*)",747,1.6372983367928842,0.921514902531969,c3,branch_to_yeast
"(Eukaryota_Opisthokonta_Nucletmycea_Fungi_Dikarya_Ascomycota_Saccharomycotina_Saccharomycetes_Saccharomycetales_Saccharomyces_cerevisiae_baker_s_yeast, Node1652*)",748,1.6372983367928842,0.921514902531969,c3,branch_to_yeast
"(Eukaryota_Opisthokonta_Nucletmycea_Fungi_Dikarya_Ascomycota_Saccharomycotina_Saccharomycetes_Saccharomycetales_Saccharomyces_cerevisiae_baker_s_yeast, Node1652*)",749,0.9585603435847064,0.921514902531969,c3,branch_to_yeast
"(Eukaryota_Opisthokonta_Nucletmycea_Fungi_Dikarya_Ascomycota_Saccharomycotina_Saccharomycetes_Saccharomycetales_Saccharomyces_cerevisiae_baker_s_yeast, Node1652*)",750,0.5440990573737672,0.7421390212290799,c4,branch_to_yeast
"(Eukaryota_Opisthokonta_Nucletmycea_Fungi_Dikarya_Ascomycota_Saccharomycotina_Saccharomycetes_Saccharomycetales_Saccharomyces_cerevisiae_baker_s_yeast, Node1652*)",751,0.9080570726075052,0.7421390212290799,c4,branch_to_yeast
"(Eukaryota_Opisthokonta_Nucletmycea_Fungi_Dikarya_Ascomycota_Saccharomycotina_Saccharomycetes_Saccharomycetales_Saccharomyces_cerevisiae_baker_s_yeast, Node1652*)",752,-5.0153555499566095e-18,0.7421390212290799,c4,branch_to_yeast
"(Eukaryota_Opisthokonta_Nucletmycea_Fungi_Dikarya_Ascomycota_Saccharomycotina_Saccharomycetes_Saccharomycetales_Saccharomyces_cerevisiae_baker_s_yeast, Node1652*)",753,5.362168963116666e-17,0.9304262177623468,c1,branch_to_yeast
"(Eukaryota_Opisthokonta_Nucletmycea_Fungi_Dikarya_Ascomycota_Saccharomycotina_Saccharomycetes_Saccharomycetales_Saccharomyces_cerevisiae_baker_s_yeast, Node1652*)",754,-5.288227054102178e-17,0.9304262177623468,c1,branch_to_yeast
"(Eukaryota_Opisthokonta_Nucletmycea_Fungi_Dikarya_Ascomycota_Saccharomycotina_Saccharomycetes_Saccharomycetales_Saccharomyces_cerevisiae_baker_s_yeast, Node1652*)",755,0.908057073652776,0.939546945073676,c2,branch_to_yeast
"(Eukaryota_Opisthokonta_Nucletmycea_Fungi_Dikarya_Ascomycota_Saccharomycotina_Saccharomycetes_Saccharomycetales_Saccharomyces_cerevisiae_baker_s_yeast, Node1652*)",756,0.908057073534938,0.921514902531969,c3,branch_to_yeast
"(Eukaryota_Opisthokonta_Nucletmycea_Fungi_Dikarya_Ascomycota_Saccharomycotina_Saccharomycetes_Saccharomycetales_Saccharomyces_cerevisiae_baker_s_yeast, Node1652*)",757,0.9080570736672594,0.9304262177623468,c1,branch_to_yeast
"(Eukaryota_Opisthokonta_Nucletmycea_Fungi_Dikarya_Ascomycota_Saccharomycotina_Saccharomycetes_Saccharomycetales_Saccharomyces_cerevisiae_baker_s_yeast, Node1652*)",758,-5.28803280103852e-17,0.9304262177623468,c1,branch_to_yeast
"(Eukaryota_Opisthokonta_Nucletmycea_Fungi_Dikarya_Ascomycota_Saccharomycotina_Saccharomycetes_Saccharomycetales_Saccharomyces_cerevisiae_baker_s_yeast, Node1652*)",759,-1.986013546002825e-17,0.9304262177623468,c1,branch_to_yeast
"(Eukaryota_Opisthokonta_Nucletmycea_Fungi_Dikarya_Ascomycota_Saccharomycotina_Saccharomycetes_Saccharomycetales_Saccharomyces_cerevisiae_baker_s_yeast, Node1652*)",760,4.0602087955127225e-17,0.7421390212290799,c4,branch_to_yeast
"(Eukaryota_Opisthokonta_Nucletmycea_Fungi_Dikarya_Ascomycota_Saccharomycotina_Saccharomycetes_Saccharomycetales_Saccharomyces_cerevisiae_baker_s_yeast, Node1652*)",761,0.9080570726075052,0.7421390212290799,c4,branch_to_yeast
"(Eukaryota_Opisthokonta_Nucletmycea_Fungi_Dikarya_Ascomycota_Saccharomycotina_Saccharomycetes_Saccharomycetales_Saccharomyces_cerevisiae_baker_s_yeast, Node1652*)",762,0.9080570726075052,0.7421390212290799,c4,branch_to_yeast
"(Eukaryota_Opisthokonta_Nucletmycea_Fungi_Dikarya_Ascomycota_Saccharomycotina_Saccharomycetes_Saccharomycetales_Saccharomyces_cerevisiae_baker_s_yeast, Node1652*)",763,1.6372983367928842,0.921514902531969,c3,branch_to_yeast
"(Eukaryota_Opisthokonta_Nucletmycea_Fungi_Dikarya_Ascomycota_Saccharomycotina_Saccharomycetes_Saccharomycetales_Saccharomyces_cerevisiae_baker_s_yeast, Node1652*)",764,0.9585603435847064,0.921514902531969,c3,branch_to_yeast
"(Eukaryota_Opisthokonta_Nucletmycea_Fungi_Dikarya_Ascomycota_Saccharomycotina_Saccharomycetes_Saccharomycetales_Saccharomyces_cerevisiae_baker_s_yeast, Node1652*)",765,0.9080570735349378,0.921514902531969,c3,branch_to_yeast
"(Eukaryota_Opisthokonta_Nucletmycea_Fungi_Dikarya_Ascomycota_Saccharomycotina_Saccharomycetes_Saccharomycetales_Saccharomyces_cerevisiae_baker_s_yeast, Node1652*)",766,0.9585603435847064,0.921514902531969,c3,branch_to_yeast
"(Eukaryota_Opisthokonta_Nucletmycea_Fungi_Dikarya_Ascomycota_Saccharomycotina_Saccharomycetes_Saccharomycetales_Saccharomyces_cerevisiae_baker_s_yeast, Node1652*)",767,0.9080570724314592,0.7421390212290799,c4,branch_to_yeast
"(Eukaryota_Opisthokonta_Nucletmycea_Fungi_Dikarya_Ascomycota_Saccharomycotina_Saccharomycetes_Saccharomycetales_Saccharomyces_cerevisiae_baker_s_yeast, Node1652*)",768,-4.8403584384120055e-17,0.921514902531969,c3,branch_to_yeast
"(Eukaryota_Opisthokonta_Nucletmycea_Fungi_Dikarya_Ascomycota_Saccharomycotina_Saccharomycetes_Saccharomycetales_Saccharomyces_cerevisiae_baker_s_yeast, Node1652*)",769,-3.512811407134524e-17,0.921514902531969,c3,branch_to_yeast
"(Eukaryota_Opisthokonta_Nucletmycea_Fungi_Dikarya_Ascomycota_Saccharomycotina_Saccharomycetes_Saccharomycetales_Saccharomyces_cerevisiae_baker_s_yeast, Node1652*)",770,0.5440990588598469,0.939546945073676,c2,branch_to_yeast
"(Eukaryota_Opisthokonta_Nucletmycea_Fungi_Dikarya_Ascomycota_Saccharomycotina_Saccharomycetes_Saccharomycetales_Saccharomyces_cerevisiae_baker_s_yeast, Node1652*)",771,1.6372983373746666,0.939546945073676,c2,branch_to_yeast
"(Eukaryota_Opisthokonta_Nucletmycea_Fungi_Dikarya_Ascomycota_Saccharomycotina_Saccharomycetes_Saccharomycetales_Saccharomyces_cerevisiae_baker_s_yeast, Node1652*)",772,0.9080570726075052,0.7421390212290799,c4,branch_to_yeast
"(Eukaryota_Opisthokonta_Nucletmycea_Fungi_Dikarya_Ascomycota_Saccharomycotina_Saccharomycetes_Saccharomycetales_Saccharomyces_cerevisiae_baker_s_yeast, Node1652*)",773,0.9585603435847064,0.921514902531969,c3,branch_to_yeast
"(Eukaryota_Opisthokonta_Nucletmycea_Fungi_Dikarya_Ascomycota_Saccharomycotina_Saccharomycetes_Saccharomycetales_Saccharomyces_cerevisiae_baker_s_yeast, Node1652*)",774,0.9585603435847064,0.921514902531969,c3,branch_to_yeast
"(Eukaryota_Opisthokonta_Nucletmycea_Fungi_Dikarya_Ascomycota_Saccharomycotina_Saccharomycetes_Saccharomycetales_Saccharomyces_cerevisiae_baker_s_yeast, Node1652*)",775,0.9080571661033848,0.7421390212290799,c4,branch_to_yeast
"(Eukaryota_Opisthokonta_Nucletmycea_Fungi_Dikarya_Ascomycota_Saccharomycotina_Saccharomycetes_Saccharomycetales_Saccharomyces_cerevisiae_baker_s_yeast, Node1652*)",776,1.6372983338050957,0.921514902531969,c3,branch_to_yeast
"(Eukaryota_Opisthokonta_Nucletmycea_Fungi_Dikarya_Ascomycota_Saccharomycotina_Saccharomycetes_Saccharomycetales_Saccharomyces_cerevisiae_baker_s_yeast, Node1652*)",777,-4.4923404005900125e-17,0.939546945073676,c2,branch_to_yeast
"(Eukaryota_Opisthokonta_Nucletmycea_Fungi_Dikarya_Ascomycota_Saccharomycotina_Saccharomycetes_Saccharomycetales_Saccharomyces_cerevisiae_baker_s_yeast, Node1652*)",778,1.6372983367928846,0.921514902531969,c3,branch_to_yeast
"(Eukaryota_Opisthokonta_Nucletmycea_Fungi_Dikarya_Ascomycota_Saccharomycotina_Saccharomycetes_Saccharomycetales_Saccharomyces_cerevisiae_baker_s_yeast, Node1652*)",779,0.5440990588803113,0.9304262177623468,c1,branch_to_yeast
"(Eukaryota_Opisthokonta_Nucletmycea_Fungi_Dikarya_Ascomycota_Saccharomycotina_Saccharomycetes_Saccharomycetales_Saccharomyces_cerevisiae_baker_s_yeast, Node1652*)",780,0.5440990588385044,0.939546945073676,c2,branch_to_yeast
"(Eukaryota_Opisthokonta_Nucletmycea_Fungi_Dikarya_Ascomycota_Saccharomycotina_Saccharomycetes_Saccharomycetales_Saccharomyces_cerevisiae_baker_s_yeast, Node1652*)",781,1.6372983373746668,0.939546945073676,c2,branch_to_yeast
"(Eukaryota_Opisthokonta_Nucletmycea_Fungi_Dikarya_Ascomycota_Saccharomycotina_Saccharomycetes_Saccharomycetales_Saccharomyces_cerevisiae_baker_s_yeast, Node1652*)",782,0.957599351702674,0.921514902531969,c3,branch_to_yeast
"(Eukaryota_Opisthokonta_Nucletmycea_Fungi_Dikarya_Ascomycota_Saccharomycotina_Saccharomycetes_Saccharomycetales_Saccharomyces_cerevisiae_baker_s_yeast, Node1652*)",783,0.9585603400967968,0.7421390212290799,c4,branch_to_yeast
"(Eukaryota_Opisthokonta_Nucletmycea_Fungi_Dikarya_Ascomycota_Saccharomycotina_Saccharomycetes_Saccharomycetales_Saccharomyces_cerevisiae_baker_s_yeast, Node1652*)",784,0.9585603398312236,0.7421390212290799,c4,branch_to_yeast
"(Eukaryota_Opisthokonta_Nucletmycea_Fungi_Dikarya_Ascomycota_Saccharomycotina_Saccharomycetes_Saccharomycetales_Saccharomyces_cerevisiae_baker_s_yeast, Node1652*)",785,0.9585603400967962,0.7421390212290799,c4,branch_to_yeast
"(Eukaryota_Opisthokonta_Nucletmycea_Fungi_Dikarya_Ascomycota_Saccharomycotina_Saccharomycetes_Saccharomycetales_Saccharomyces_cerevisiae_baker_s_yeast, Node1652*)",786,1.6372983311639282,0.7421390212290799,c4,branch_to_yeast
"(Eukaryota_Opisthokonta_Nucletmycea_Fungi_Dikarya_Ascomycota_Saccharomycotina_Saccharomycetes_Saccharomycetales_Saccharomyces_cerevisiae_baker_s_yeast, Node1652*)",787,1.6372983311639282,0.7421390212290799,c4,branch_to_yeast
"(Eukaryota_Opisthokonta_Nucletmycea_Fungi_Dikarya_Ascomycota_Saccharomycotina_Saccharomycetes_Saccharomycetales_Saccharomyces_cerevisiae_baker_s_yeast, Node1652*)",788,0.908057073652776,0.939546945073676,c2,branch_to_yeast
"(Eukaryota_Opisthokonta_Nucletmycea_Fungi_Dikarya_Ascomycota_Saccharomycotina_Saccharomycetes_Saccharomycetales_Saccharomyces_cerevisiae_baker_s_yeast, Node1652*)",789,0.9080570735543574,0.921514902531969,c3,branch_to_yeast
"(Eukaryota_Opisthokonta_Nucletmycea_Fungi_Dikarya_Ascomycota_Saccharomycotina_Saccharomycetes_Saccharomycetales_Saccharomyces_cerevisiae_baker_s_yeast, Node1652*)",790,0.9080570726075052,0.7421390212290799,c4,branch_to_yeast
"(Eukaryota_Opisthokonta_Nucletmycea_Fungi_Dikarya_Ascomycota_Saccharomycotina_Saccharomycetes_Saccharomycetales_Saccharomyces_cerevisiae_baker_s_yeast, Node1652*)",791,1.6372983311639282,0.7421390212290799,c4,branch_to_yeast
"(Eukaryota_Opisthokonta_Nucletmycea_Fungi_Dikarya_Ascomycota_Saccharomycotina_Saccharomycetes_Saccharomycetales_Saccharomyces_cerevisiae_baker_s_yeast, Node1652*)",792,1.637298331163928,0.7421390212290799,c4,branch_to_yeast
"(Eukaryota_Opisthokonta_Nucletmycea_Fungi_Dikarya_Ascomycota_Saccharomycotina_Saccharomycetes_Saccharomycetales_Saccharomyces_cerevisiae_baker_s_yeast, Node1652*)",793,0.9080570726075052,0.7421390212290799,c4,branch_to_yeast
"(Eukaryota_Opisthokonta_Nucletmycea_Fungi_Dikarya_Ascomycota_Saccharomycotina_Saccharomycetes_Saccharomycetales_Saccharomyces_cerevisiae_baker_s_yeast, Node1652*)",794,0.9080570726075052,0.7421390212290799,c4,branch_to_yeast
"(Eukaryota_Opisthokonta_Nucletmycea_Fungi_Dikarya_Ascomycota_Saccharomycotina_Saccharomycetes_Saccharomycetales_Saccharomyces_cerevisiae_baker_s_yeast, Node1652*)",795,1.6372983311639282,0.7421390212290799,c4,branch_to_yeast
"(Eukaryota_Opisthokonta_Nucletmycea_Fungi_Dikarya_Ascomycota_Saccharomycotina_Saccharomycetes_Saccharomycetales_Saccharomyces_cerevisiae_baker_s_yeast, Node1652*)",796,0.9080570726075052,0.7421390212290799,c4,branch_to_yeast
"(Eukaryota_Opisthokonta_Nucletmycea_Fungi_Dikarya_Ascomycota_Saccharomycotina_Saccharomycetes_Saccharomycetales_Saccharomyces_cerevisiae_baker_s_yeast, Node1652*)",797,0.9585603435847064,0.921514902531969,c3,branch_to_yeast
"(Eukaryota_Opisthokonta_Nucletmycea_Fungi_Dikarya_Ascomycota_Saccharomycotina_Saccharomycetes_Saccharomycetales_Saccharomyces_cerevisiae_baker_s_yeast, Node1652*)",798,0.9585603400967968,0.7421390212290799,c4,branch_to_yeast
"(Eukaryota_Opisthokonta_Nucletmycea_Fungi_Dikarya_Ascomycota_Saccharomycotina_Saccharomycetes_Saccharomycetales_Saccharomyces_cerevisiae_baker_s_yeast, Node1652*)",799,1.6372983309833216,0.7421390212290799,c4,branch_to_yeast
"(Eukaryota_Opisthokonta_Nucletmycea_Fungi_Dikarya_Ascomycota_Saccharomycotina_Saccharomycetes_Saccharomycetales_Saccharomyces_cerevisiae_baker_s_yeast, Node1652*)",800,0.9080570724985452,0.7421390212290799,c4,branch_to_yeast
"(Eukaryota_Opisthokonta_Nucletmycea_Fungi_Dikarya_Ascomycota_Saccharomycotina_Saccharomycetes_Saccharomycetales_Saccharomyces_cerevisiae_baker_s_yeast, Node1652*)",801,0.5440990573737672,0.7421390212290799,c4,branch_to_yeast
"(Eukaryota_Opisthokonta_Nucletmycea_Fungi_Dikarya_Ascomycota_Saccharomycotina_Saccharomycetes_Saccharomycetales_Saccharomyces_cerevisiae_baker_s_yeast, Node1652*)",802,0.5440990573737673,0.7421390212290799,c4,branch_to_yeast
"(Eukaryota_Opisthokonta_Nucletmycea_Fungi_Dikarya_Ascomycota_Saccharomycotina_Saccharomycetes_Saccharomycetales_Saccharomyces_cerevisiae_baker_s_yeast, Node1652*)",803,1.6372983311639282,0.7421390212290799,c4,branch_to_yeast
"(Eukaryota_Opisthokonta_Nucletmycea_Fungi_Dikarya_Ascomycota_Saccharomycotina_Saccharomycetes_Saccharomycetales_Saccharomyces_cerevisiae_baker_s_yeast, Node1652*)",804,1.6372983311639282,0.7421390212290799,c4,branch_to_yeast
"(Eukaryota_Opisthokonta_Nucletmycea_Fungi_Dikarya_Ascomycota_Saccharomycotina_Saccharomycetes_Saccharomycetales_Saccharomyces_cerevisiae_baker_s_yeast, Node1652*)",805,0.908057073012912,0.7421390212290799,c4,branch_to_yeast
"(Eukaryota_Opisthokonta_Nucletmycea_Fungi_Dikarya_Ascomycota_Saccharomycotina_Saccharomycetes_Saccharomycetales_Saccharomyces_cerevisiae_baker_s_yeast, Node1652*)",806,-3.9858161813545616e-17,0.7421390212290799,c4,branch_to_yeast
"(Eukaryota_Opisthokonta_Nucletmycea_Fungi_Dikarya_Ascomycota_Saccharomycotina_Saccharomycetes_Saccharomycetales_Saccharomyces_cerevisiae_baker_s_yeast, Node1652*)",807,-4.4372278892448857e-17,0.7421390212290799,c4,branch_to_yeast
"(Eukaryota_Opisthokonta_Nucletmycea_Fungi_Dikarya_Ascomycota_Saccharomycotina_Saccharomycetes_Saccharomycetales_Saccharomyces_cerevisiae_baker_s_yeast, Node1652*)",808,0.9080570730644438,0.7421390212290799,c4,branch_to_yeast
"(Eukaryota_Opisthokonta_Nucletmycea_Fungi_Dikarya_Ascomycota_Saccharomycotina_Saccharomycetes_Saccharomycetales_Saccharomyces_cerevisiae_baker_s_yeast, Node1652*)",809,0.9585603434753336,0.921514902531969,c3,branch_to_yeast
"(Eukaryota_Opisthokonta_Nucletmycea_Fungi_Dikarya_Ascomycota_Saccharomycotina_Saccharomycetes_Saccharomycetales_Saccharomyces_cerevisiae_baker_s_yeast, Node1652*)",810,0.5440992909541947,0.7421390212290799,c4,branch_to_yeast
"(Eukaryota_Opisthokonta_Nucletmycea_Fungi_Dikarya_Ascomycota_Saccharomycotina_Saccharomycetes_Saccharomycetales_Saccharomyces_cerevisiae_baker_s_yeast, Node1652*)",811,0.9585603398828118,0.7421390212290799,c4,branch_to_yeast
"(Eukaryota_Opisthokonta_Nucletmycea_Fungi_Dikarya_Ascomycota_Saccharomycotina_Saccharomycetes_Saccharomycetales_Saccharomyces_cerevisiae_baker_s_yeast, Node1652*)",812,0.9080570726075052,0.7421390212290799,c4,branch_to_yeast
"(Eukaryota_Opisthokonta_Nucletmycea_Fungi_Dikarya_Ascomycota_Saccharomycotina_Saccharomycetes_Saccharomycetales_Saccharomyces_cerevisiae_baker_s_yeast, Node1652*)",813,1.637298336792884,0.921514902531969,c3,branch_to_yeast
"(Eukaryota_Opisthokonta_Nucletmycea_Fungi_Dikarya_Ascomycota_Saccharomycotina_Saccharomycetes_Saccharomycetales_Saccharomyces_cerevisiae_baker_s_yeast, Node1652*)",814,1.6372983373746668,0.939546945073676,c2,branch_to_yeast
"(Eukaryota_Opisthokonta_Nucletmycea_Fungi_Dikarya_Ascomycota_Saccharomycotina_Saccharomycetes_Saccharomycetales_Saccharomyces_cerevisiae_baker_s_yeast, Node1652*)",815,0.908057073652776,0.939546945073676,c2,branch_to_yeast
"(Eukaryota_Opisthokonta_Nucletmycea_Fungi_Dikarya_Ascomycota_Saccharomycotina_Saccharomycetes_Saccharomycetales_Saccharomyces_cerevisiae_baker_s_yeast, Node1652*)",816,0.9080570726075052,0.7421390212290799,c4,branch_to_yeast
"(Eukaryota_Opisthokonta_Nucletmycea_Fungi_Dikarya_Ascomycota_Saccharomycotina_Saccharomycetes_Saccharomycetales_Saccharomyces_cerevisiae_baker_s_yeast, Node1652*)",817,0.9585603435847064,0.921514902531969,c3,branch_to_yeast
"(Eukaryota_Opisthokonta_Nucletmycea_Fungi_Dikarya_Ascomycota_Saccharomycotina_Saccharomycetes_Saccharomycetales_Saccharomyces_cerevisiae_baker_s_yeast, Node1652*)",818,0.9080570726075052,0.7421390212290799,c4,branch_to_yeast
"(Eukaryota_Opisthokonta_Nucletmycea_Fungi_Dikarya_Ascomycota_Saccharomycotina_Saccharomycetes_Saccharomycetales_Saccharomyces_cerevisiae_baker_s_yeast, Node1652*)",819,-3.655604276318115e-17,0.921514902531969,c3,branch_to_yeast
"(Eukaryota_Opisthokonta_Nucletmycea_Fungi_Dikarya_Ascomycota_Saccharomycotina_Saccharomycetes_Saccharomycetales_Saccharomyces_cerevisiae_baker_s_yeast, Node1652*)",820,0.9585603435847064,0.921514902531969,c3,branch_to_yeast
"(Eukaryota_Opisthokonta_Nucletmycea_Fungi_Dikarya_Ascomycota_Saccharomycotina_Saccharomycetes_Saccharomycetales_Saccharomyces_cerevisiae_baker_s_yeast, Node1652*)",821,0.9585603400967968,0.7421390212290799,c4,branch_to_yeast
"(Eukaryota_Opisthokonta_Nucletmycea_Fungi_Dikarya_Ascomycota_Saccharomycotina_Saccharomycetes_Saccharomycetales_Saccharomyces_cerevisiae_baker_s_yeast, Node1652*)",822,1.6372983309833191,0.7421390212290799,c4,branch_to_yeast
"(Eukaryota_Opisthokonta_Nucletmycea_Fungi_Dikarya_Ascomycota_Saccharomycotina_Saccharomycetes_Saccharomycetales_Saccharomyces_cerevisiae_baker_s_yeast, Node1652*)",823,0.9080571205367842,0.7421390212290799,c4,branch_to_yeast
"(Eukaryota_Opisthokonta_Nucletmycea_Fungi_Dikarya_Ascomycota_Saccharomycotina_Saccharomycetes_Saccharomycetales_Saccharomyces_cerevisiae_baker_s_yeast, Node1652*)",824,1.637298336604675,0.921514902531969,c3,branch_to_yeast
"(Eukaryota_Opisthokonta_Nucletmycea_Fungi_Dikarya_Ascomycota_Saccharomycotina_Saccharomycetes_Saccharomycetales_Saccharomyces_cerevisiae_baker_s_yeast, Node1652*)",825,0.9080570724355916,0.7421390212290799,c4,branch_to_yeast
"(Eukaryota_Opisthokonta_Nucletmycea_Fungi_Dikarya_Ascomycota_Saccharomycotina_Saccharomycetes_Saccharomycetales_Saccharomyces_cerevisiae_baker_s_yeast, Node1652*)",826,1.324813081044786e-17,0.7421390212290799,c4,branch_to_yeast
"(Eukaryota_Opisthokonta_Nucletmycea_Fungi_Dikarya_Ascomycota_Saccharomycotina_Saccharomycetes_Saccharomycetales_Saccharomyces_cerevisiae_baker_s_yeast, Node1652*)",827,0.9080570716354216,0.7421390212290799,c4,branch_to_yeast
"(Eukaryota_Opisthokonta_Nucletmycea_Fungi_Dikarya_Ascomycota_Saccharomycotina_Saccharomycetes_Saccharomycetales_Saccharomyces_cerevisiae_baker_s_yeast, Node1652*)",828,0.958560340096797,0.7421390212290799,c4,branch_to_yeast
"(Eukaryota_Opisthokonta_Nucletmycea_Fungi_Dikarya_Ascomycota_Saccharomycotina_Saccharomycetes_Saccharomycetales_Saccharomyces_cerevisiae_baker_s_yeast, Node1652*)",829,0.9585603400967968,0.7421390212290799,c4,branch_to_yeast
"(Eukaryota_Opisthokonta_Nucletmycea_Fungi_Dikarya_Ascomycota_Saccharomycotina_Saccharomycetes_Saccharomycetales_Saccharomyces_cerevisiae_baker_s_yeast, Node1652*)",830,1.6372983309833218,0.7421390212290799,c4,branch_to_yeast
"(Eukaryota_Opisthokonta_Nucletmycea_Fungi_Dikarya_Ascomycota_Saccharomycotina_Saccharomycetes_Saccharomycetales_Saccharomyces_cerevisiae_baker_s_yeast, Node1652*)",831,0.9585603400967968,0.7421390212290799,c4,branch_to_yeast
"(Eukaryota_Opisthokonta_Nucletmycea_Fungi_Dikarya_Ascomycota_Saccharomycotina_Saccharomycetes_Saccharomycetales_Saccharomyces_cerevisiae_baker_s_yeast, Node1652*)",832,0.5440990571722453,0.7421390212290799,c4,branch_to_yeast
"(Eukaryota_Opisthokonta_Nucletmycea_Fungi_Dikarya_Ascomycota_Saccharomycotina_Saccharomycetes_Saccharomycetales_Saccharomyces_cerevisiae_baker_s_yeast, Node1652*)",833,1.6372983311639282,0.7421390212290799,c4,branch_to_yeast
"(Eukaryota_Opisthokonta_Nucletmycea_Fungi_Dikarya_Ascomycota_Saccharomycotina_Saccharomycetes_Saccharomycetales_Saccharomyces_cerevisiae_baker_s_yeast, Node1652*)",834,1.637298331163928,0.7421390212290799,c4,branch_to_yeast
"(Eukaryota_Opisthokonta_Nucletmycea_Fungi_Dikarya_Ascomycota_Saccharomycotina_Saccharomycetes_Saccharomycetales_Saccharomyces_cerevisiae_baker_s_yeast, Node1652*)",835,0.5440990573737672,0.7421390212290799,c4,branch_to_yeast
"(Eukaryota_Opisthokonta_Nucletmycea_Fungi_Dikarya_Ascomycota_Saccharomycotina_Saccharomycetes_Saccharomycetales_Saccharomyces_cerevisiae_baker_s_yeast, Node1652*)",836,0.9585603435847064,0.921514902531969,c3,branch_to_yeast
"(Eukaryota_Opisthokonta_Nucletmycea_Fungi_Dikarya_Ascomycota_Saccharomycotina_Saccharomycetes_Saccharomycetales_Saccharomyces_cerevisiae_baker_s_yeast, Node1652*)",837,0.958560340096797,0.7421390212290799,c4,branch_to_yeast
"(Eukaryota_Opisthokonta_Nucletmycea_Fungi_Dikarya_Ascomycota_Saccharomycotina_Saccharomycetes_Saccharomycetales_Saccharomyces_cerevisiae_baker_s_yeast, Node1652*)",838,0.5440990573737673,0.7421390212290799,c4,branch_to_yeast
"(Eukaryota_Opisthokonta_Nucletmycea_Fungi_Dikarya_Ascomycota_Saccharomycotina_Saccharomycetes_Saccharomycetales_Saccharomyces_cerevisiae_baker_s_yeast, Node1652*)",839,1.637298330754384,0.7421390212290799,c4,branch_to_yeast
"(Eukaryota_Opisthokonta_Nucletmycea_Fungi_Dikarya_Ascomycota_Saccharomycotina_Saccharomycetes_Saccharomycetales_Saccharomyces_cerevisiae_baker_s_yeast, Node1652*)",840,0.9080570726075052,0.7421390212290799,c4,branch_to_yeast
"(Eukaryota_Opisthokonta_Nucletmycea_Fungi_Dikarya_Ascomycota_Saccharomycotina_Saccharomycetes_Saccharomycetales_Saccharomyces_cerevisiae_baker_s_yeast, Node1652*)",841,0.9080570735543574,0.921514902531969,c3,branch_to_yeast
"(Eukaryota_Opisthokonta_Nucletmycea_Fungi_Dikarya_Ascomycota_Saccharomycotina_Saccharomycetes_Saccharomycetales_Saccharomyces_cerevisiae_baker_s_yeast, Node1652*)",842,0.9080570736672596,0.9304262177623468,c1,branch_to_yeast
"(Eukaryota_Opisthokonta_Nucletmycea_Fungi_Dikarya_Ascomycota_Saccharomycotina_Saccharomycetes_Saccharomycetales_Saccharomyces_cerevisiae_baker_s_yeast, Node1652*)",843,0.908057073652776,0.939546945073676,c2,branch_to_yeast
"(Eukaryota_Opisthokonta_Nucletmycea_Fungi_Dikarya_Ascomycota_Saccharomycotina_Saccharomycetes_Saccharomycetales_Saccharomyces_cerevisiae_baker_s_yeast, Node1652*)",844,0.5440990588803538,0.9304262177623468,c1,branch_to_yeast
"(Eukaryota_Opisthokonta_Nucletmycea_Fungi_Dikarya_Ascomycota_Saccharomycotina_Saccharomycetes_Saccharomycetales_Saccharomyces_cerevisiae_baker_s_yeast, Node1652*)",845,1.6372983374601648,0.9304262177623468,c1,branch_to_yeast
"(Eukaryota_Opisthokonta_Nucletmycea_Fungi_Dikarya_Ascomycota_Saccharomycotina_Saccharomycetes_Saccharomycetales_Saccharomyces_cerevisiae_baker_s_yeast, Node1652*)",846,0.908057073652776,0.939546945073676,c2,branch_to_yeast
"(Eukaryota_Opisthokonta_Nucletmycea_Fungi_Dikarya_Ascomycota_Saccharomycotina_Saccharomycetes_Saccharomycetales_Saccharomyces_cerevisiae_baker_s_yeast, Node1652*)",847,0.9080570735543574,0.921514902531969,c3,branch_to_yeast
"(Eukaryota_Opisthokonta_Nucletmycea_Fungi_Dikarya_Ascomycota_Saccharomycotina_Saccharomycetes_Saccharomycetales_Saccharomyces_cerevisiae_baker_s_yeast, Node1652*)",848,0.9080570736672594,0.9304262177623468,c1,branch_to_yeast
"(Eukaryota_Opisthokonta_Nucletmycea_Fungi_Dikarya_Ascomycota_Saccharomycotina_Saccharomycetes_Saccharomycetales_Saccharomyces_cerevisiae_baker_s_yeast, Node1652*)",849,0.9585603439987752,0.9304262177623468,c1,branch_to_yeast
"(Eukaryota_Opisthokonta_Nucletmycea_Fungi_Dikarya_Ascomycota_Saccharomycotina_Saccharomycetes_Saccharomycetales_Saccharomyces_cerevisiae_baker_s_yeast, Node1652*)",850,0.5440990588803539,0.9304262177623468,c1,branch_to_yeast
"(Eukaryota_Opisthokonta_Nucletmycea_Fungi_Dikarya_Ascomycota_Saccharomycotina_Saccharomycetes_Saccharomycetales_Saccharomyces_cerevisiae_baker_s_yeast, Node1652*)",851,0.5440990587203809,0.921514902531969,c3,branch_to_yeast
"(Eukaryota_Opisthokonta_Nucletmycea_Fungi_Dikarya_Ascomycota_Saccharomycotina_Saccharomycetes_Saccharomycetales_Saccharomyces_cerevisiae_baker_s_yeast, Node1652*)",852,0.544099058720381,0.921514902531969,c3,branch_to_yeast
"(Eukaryota_Opisthokonta_Nucletmycea_Fungi_Dikarya_Ascomycota_Saccharomycotina_Saccharomycetes_Saccharomycetales_Saccharomyces_cerevisiae_baker_s_yeast, Node1652*)",853,0.5440990588803538,0.9304262177623468,c1,branch_to_yeast
"(Eukaryota_Opisthokonta_Nucletmycea_Fungi_Dikarya_Ascomycota_Saccharomycotina_Saccharomycetes_Saccharomycetales_Saccharomyces_cerevisiae_baker_s_yeast, Node1652*)",854,0.5440990588803539,0.9304262177623468,c1,branch_to_yeast
"(Eukaryota_Opisthokonta_Nucletmycea_Fungi_Dikarya_Ascomycota_Saccharomycotina_Saccharomycetes_Saccharomycetales_Saccharomyces_cerevisiae_baker_s_yeast, Node1652*)",855,0.5440990588803539,0.9304262177623468,c1,branch_to_yeast
"(Eukaryota_Opisthokonta_Nucletmycea_Fungi_Dikarya_Ascomycota_Saccharomycotina_Saccharomycetes_Saccharomycetales_Saccharomyces_cerevisiae_baker_s_yeast, Node1652*)",856,0.908057073652776,0.939546945073676,c2,branch_to_yeast
"(Eukaryota_Opisthokonta_Nucletmycea_Fungi_Dikarya_Ascomycota_Saccharomycotina_Saccharomycetes_Saccharomycetales_Saccharomyces_cerevisiae_baker_s_yeast, Node1652*)",857,0.908057073652776,0.939546945073676,c2,branch_to_yeast
"(Eukaryota_Opisthokonta_Nucletmycea_Fungi_Dikarya_Ascomycota_Saccharomycotina_Saccharomycetes_Saccharomycetales_Saccharomyces_cerevisiae_baker_s_yeast, Node1652*)",858,0.5440990588598468,0.939546945073676,c2,branch_to_yeast
"(Eukaryota_Opisthokonta_Nucletmycea_Fungi_Dikarya_Ascomycota_Saccharomycotina_Saccharomycetes_Saccharomycetales_Saccharomyces_cerevisiae_baker_s_yeast, Node1652*)",859,0.9585603439457026,0.939546945073676,c2,branch_to_yeast
"(Eukaryota_Opisthokonta_Nucletmycea_Fungi_Dikarya_Ascomycota_Saccharomycotina_Saccharomycetes_Saccharomycetales_Saccharomyces_cerevisiae_baker_s_yeast, Node1652*)",860,0.5440990588598469,0.939546945073676,c2,branch_to_yeast
"(Eukaryota_Opisthokonta_Nucletmycea_Fungi_Dikarya_Ascomycota_Saccharomycotina_Saccharomycetes_Saccharomycetales_Saccharomyces_cerevisiae_baker_s_yeast, Node1652*)",861,0.9585603439987752,0.9304262177623468,c1,branch_to_yeast
"(Eukaryota_Opisthokonta_Nucletmycea_Fungi_Dikarya_Ascomycota_Saccharomycotina_Saccharomycetes_Saccharomycetales_Saccharomyces_cerevisiae_baker_s_yeast, Node1652*)",862,0.908057073652776,0.939546945073676,c2,branch_to_yeast
"(Eukaryota_Opisthokonta_Nucletmycea_Fungi_Dikarya_Ascomycota_Saccharomycotina_Saccharomycetes_Saccharomycetales_Saccharomyces_cerevisiae_baker_s_yeast, Node1652*)",863,0.958560343998775,0.9304262177623468,c1,branch_to_yeast
"(Eukaryota_Opisthokonta_Nucletmycea_Fungi_Dikarya_Ascomycota_Saccharomycotina_Saccharomycetes_Saccharomycetales_Saccharomyces_cerevisiae_baker_s_yeast, Node1652*)",864,0.908057073652776,0.939546945073676,c2,branch_to_yeast
"(Eukaryota_Opisthokonta_Nucletmycea_Fungi_Dikarya_Ascomycota_Saccharomycotina_Saccharomycetes_Saccharomycetales_Saccharomyces_cerevisiae_baker_s_yeast, Node1652*)",865,0.9080570736672596,0.9304262177623468,c1,branch_to_yeast
"(Eukaryota_Opisthokonta_Nucletmycea_Fungi_Dikarya_Ascomycota_Saccharomycotina_Saccharomycetes_Saccharomycetales_Saccharomyces_cerevisiae_baker_s_yeast, Node1652*)",866,1.6372983367928842,0.921514902531969,c3,branch_to_yeast
"(Eukaryota_Opisthokonta_Nucletmycea_Fungi_Dikarya_Ascomycota_Saccharomycotina_Saccharomycetes_Saccharomycetales_Saccharomyces_cerevisiae_baker_s_yeast, Node1652*)",867,0.5440990588598469,0.939546945073676,c2,branch_to_yeast
"(Eukaryota_Opisthokonta_Nucletmycea_Fungi_Dikarya_Ascomycota_Saccharomycotina_Saccharomycetes_Saccharomycetales_Saccharomyces_cerevisiae_baker_s_yeast, Node1652*)",868,0.5440990588803537,0.9304262177623468,c1,branch_to_yeast
"(Eukaryota_Opisthokonta_Nucletmycea_Fungi_Dikarya_Ascomycota_Saccharomycotina_Saccharomycetes_Saccharomycetales_Saccharomyces_cerevisiae_baker_s_yeast, Node1652*)",869,0.5440990588598469,0.939546945073676,c2,branch_to_yeast
"(Eukaryota_Opisthokonta_Nucletmycea_Fungi_Dikarya_Ascomycota_Saccharomycotina_Saccharomycetes_Saccharomycetales_Saccharomyces_cerevisiae_baker_s_yeast, Node1652*)",870,0.958560343998775,0.9304262177623468,c1,branch_to_yeast
"(Eukaryota_Opisthokonta_Nucletmycea_Fungi_Dikarya_Ascomycota_Saccharomycotina_Saccharomycetes_Saccharomycetales_Saccharomyces_cerevisiae_baker_s_yeast, Node1652*)",871,1.6372983374601646,0.9304262177623468,c1,branch_to_yeast
"(Eukaryota_Opisthokonta_Nucletmycea_Fungi_Dikarya_Ascomycota_Saccharomycotina_Saccharomycetes_Saccharomycetales_Saccharomyces_cerevisiae_baker_s_yeast, Node1652*)",872,0.544099058880354,0.9304262177623468,c1,branch_to_yeast
"(Eukaryota_Opisthokonta_Nucletmycea_Fungi_Dikarya_Ascomycota_Saccharomycotina_Saccharomycetes_Saccharomycetales_Saccharomyces_cerevisiae_baker_s_yeast, Node1652*)",873,0.9585603439457026,0.939546945073676,c2,branch_to_yeast
"(Eukaryota_Opisthokonta_Nucletmycea_Fungi_Dikarya_Ascomycota_Saccharomycotina_Saccharomycetes_Saccharomycetales_Saccharomyces_cerevisiae_baker_s_yeast, Node1652*)",874,0.9585603439457026,0.939546945073676,c2,branch_to_yeast
"(Eukaryota_Opisthokonta_Nucletmycea_Fungi_Dikarya_Ascomycota_Saccharomycotina_Saccharomycetes_Saccharomycetales_Saccharomyces_cerevisiae_baker_s_yeast, Node1652*)",875,1.6372983373746666,0.939546945073676,c2,branch_to_yeast
"(Eukaryota_Opisthokonta_Nucletmycea_Fungi_Dikarya_Ascomycota_Saccharomycotina_Saccharomycetes_Saccharomycetales_Saccharomyces_cerevisiae_baker_s_yeast, Node1652*)",876,0.9080570726075036,0.7421390212290799,c4,branch_to_yeast
"(Eukaryota_Opisthokonta_Nucletmycea_Fungi_Dikarya_Ascomycota_Saccharomycotina_Saccharomycetes_Saccharomycetales_Saccharomyces_cerevisiae_baker_s_yeast, Node1652*)",877,0.5440990573737672,0.7421390212290799,c4,branch_to_yeast
"(Eukaryota_Opisthokonta_Nucletmycea_Fungi_Dikarya_Ascomycota_Saccharomycotina_Saccharomycetes_Saccharomycetales_Saccharomyces_cerevisiae_baker_s_yeast, Node1652*)",878,0.9080570726075052,0.7421390212290799,c4,branch_to_yeast
"(Eukaryota_Opisthokonta_Nucletmycea_Fungi_Dikarya_Ascomycota_Saccharomycotina_Saccharomycetes_Saccharomycetales_Saccharomyces_cerevisiae_baker_s_yeast, Node1652*)",879,0.9080570726075052,0.7421390212290799,c4,branch_to_yeast
"(Eukaryota_Opisthokonta_Nucletmycea_Fungi_Dikarya_Ascomycota_Saccharomycotina_Saccharomycetes_Saccharomycetales_Saccharomyces_cerevisiae_baker_s_yeast, Node1652*)",880,0.9585603439457024,0.939546945073676,c2,branch_to_yeast
"(Eukaryota_Opisthokonta_Nucletmycea_Fungi_Dikarya_Ascomycota_Saccharomycotina_Saccharomycetes_Saccharomycetales_Saccharomyces_cerevisiae_baker_s_yeast, Node1652*)",881,1.6372983373746668,0.939546945073676,c2,branch_to_yeast
"(Eukaryota_Opisthokonta_Nucletmycea_Fungi_Dikarya_Ascomycota_Saccharomycotina_Saccharomycetes_Saccharomycetales_Saccharomyces_cerevisiae_baker_s_yeast, Node1652*)",882,0.9080570735543574,0.921514902531969,c3,branch_to_yeast
"(Eukaryota_Opisthokonta_Nucletmycea_Fungi_Dikarya_Ascomycota_Saccharomycotina_Saccharomycetes_Saccharomycetales_Saccharomyces_cerevisiae_baker_s_yeast, Node1652*)",883,1.6372983373746666,0.939546945073676,c2,branch_to_yeast
"(Eukaryota_Opisthokonta_Nucletmycea_Fungi_Dikarya_Ascomycota_Saccharomycotina_Saccharomycetes_Saccharomycetales_Saccharomyces_cerevisiae_baker_s_yeast, Node1652*)",884,0.9585603439987752,0.9304262177623468,c1,branch_to_yeast
"(Eukaryota_Opisthokonta_Nucletmycea_Fungi_Dikarya_Ascomycota_Saccharomycotina_Saccharomycetes_Saccharomycetales_Saccharomyces_cerevisiae_baker_s_yeast, Node1652*)",885,0.544099058720381,0.921514902531969,c3,branch_to_yeast
"(Eukaryota_Opisthokonta_Nucletmycea_Fungi_Dikarya_Ascomycota_Saccharomycotina_Saccharomycetes_Saccharomycetales_Saccharomyces_cerevisiae_baker_s_yeast, Node1652*)",886,0.5440990588803539,0.9304262177623468,c1,branch_to_yeast
"(Eukaryota_Opisthokonta_Nucletmycea_Fungi_Dikarya_Ascomycota_Saccharomycotina_Saccharomycetes_Saccharomycetales_Saccharomyces_cerevisiae_baker_s_yeast, Node1652*)",887,0.908057073652776,0.939546945073676,c2,branch_to_yeast
"(Eukaryota_Opisthokonta_Nucletmycea_Fungi_Dikarya_Ascomycota_Saccharomycotina_Saccharomycetes_Saccharomycetales_Saccharomyces_cerevisiae_baker_s_yeast, Node1652*)",888,0.5440990587203809,0.921514902531969,c3,branch_to_yeast
"(Eukaryota_Opisthokonta_Nucletmycea_Fungi_Dikarya_Ascomycota_Saccharomycotina_Saccharomycetes_Saccharomycetales_Saccharomyces_cerevisiae_baker_s_yeast, Node1652*)",889,0.9080570726075052,0.7421390212290799,c4,branch_to_yeast
"(Eukaryota_Opisthokonta_Nucletmycea_Fungi_Dikarya_Ascomycota_Saccharomycotina_Saccharomycetes_Saccharomycetales_Saccharomyces_cerevisiae_baker_s_yeast, Node1652*)",890,0.5440990573737671,0.7421390212290799,c4,branch_to_yeast
"(Eukaryota_Opisthokonta_Nucletmycea_Fungi_Dikarya_Ascomycota_Saccharomycotina_Saccharomycetes_Saccharomycetales_Saccharomyces_cerevisiae_baker_s_yeast, Node1652*)",891,0.9080570735543574,0.921514902531969,c3,branch_to_yeast
"(Eukaryota_Opisthokonta_Nucletmycea_Fungi_Dikarya_Ascomycota_Saccharomycotina_Saccharomycetes_Saccharomycetales_Saccharomyces_cerevisiae_baker_s_yeast, Node1652*)",892,0.9080570735543574,0.921514902531969,c3,branch_to_yeast
"(Eukaryota_Opisthokonta_Nucletmycea_Fungi_Dikarya_Ascomycota_Saccharomycotina_Saccharomycetes_Saccharomycetales_Saccharomyces_cerevisiae_baker_s_yeast, Node1652*)",893,0.5440990588598469,0.939546945073676,c2,branch_to_yeast
"(Eukaryota_Opisthokonta_Nucletmycea_Fungi_Dikarya_Ascomycota_Saccharomycotina_Saccharomycetes_Saccharomycetales_Saccharomyces_cerevisiae_baker_s_yeast, Node1652*)",894,0.958560343998775,0.9304262177623468,c1,branch_to_yeast
"(Eukaryota_Opisthokonta_Nucletmycea_Fungi_Dikarya_Ascomycota_Saccharomycotina_Saccharomycetes_Saccharomycetales_Saccharomyces_cerevisiae_baker_s_yeast, Node1652*)",895,1.6372983374601648,0.9304262177623468,c1,branch_to_yeast
"(Eukaryota_Opisthokonta_Nucletmycea_Fungi_Dikarya_Ascomycota_Saccharomycotina_Saccharomycetes_Saccharomycetales_Saccharomyces_cerevisiae_baker_s_yeast, Node1652*)",896,0.5440990588803539,0.9304262177623468,c1,branch_to_yeast
"(Eukaryota_Opisthokonta_Nucletmycea_Fungi_Dikarya_Ascomycota_Saccharomycotina_Saccharomycetes_Saccharomycetales_Saccharomyces_cerevisiae_baker_s_yeast, Node1652*)",897,0.9080570736672594,0.9304262177623468,c1,branch_to_yeast
"(Eukaryota_Opisthokonta_Nucletmycea_Fungi_Dikarya_Ascomycota_Saccharomycotina_Saccharomycetes_Saccharomycetales_Saccharomyces_cerevisiae_baker_s_yeast, Node1652*)",898,0.9585603439987752,0.9304262177623468,c1,branch_to_yeast
"(Eukaryota_Opisthokonta_Nucletmycea_Fungi_Dikarya_Ascomycota_Saccharomycotina_Saccharomycetes_Saccharomycetales_Saccharomyces_cerevisiae_baker_s_yeast, Node1652*)",899,0.958560343998775,0.9304262177623468,c1,branch_to_yeast
"(Eukaryota_Opisthokonta_Nucletmycea_Fungi_Dikarya_Ascomycota_Saccharomycotina_Saccharomycetes_Saccharomycetales_Saccharomyces_cerevisiae_baker_s_yeast, Node1652*)",900,0.5440990587203809,0.921514902531969,c3,branch_to_yeast
"(Eukaryota_Opisthokonta_Nucletmycea_Fungi_Dikarya_Ascomycota_Saccharomycotina_Saccharomycetes_Saccharomycetales_Saccharomyces_cerevisiae_baker_s_yeast, Node1652*)",901,0.5440990588803539,0.9304262177623468,c1,branch_to_yeast
"(Eukaryota_Opisthokonta_Nucletmycea_Fungi_Dikarya_Ascomycota_Saccharomycotina_Saccharomycetes_Saccharomycetales_Saccharomyces_cerevisiae_baker_s_yeast, Node1652*)",902,0.9080570736672596,0.9304262177623468,c1,branch_to_yeast
"(Eukaryota_Opisthokonta_Nucletmycea_Fungi_Dikarya_Ascomycota_Saccharomycotina_Saccharomycetes_Saccharomycetales_Saccharomyces_cerevisiae_baker_s_yeast, Node1652*)",903,0.5440990588598469,0.939546945073676,c2,branch_to_yeast
"(Eukaryota_Opisthokonta_Nucletmycea_Fungi_Dikarya_Ascomycota_Saccharomycotina_Saccharomycetes_Saccharomycetales_Saccharomyces_cerevisiae_baker_s_yeast, Node1652*)",904,0.5440990588803539,0.9304262177623468,c1,branch_to_yeast
"(Eukaryota_Opisthokonta_Nucletmycea_Fungi_Dikarya_Ascomycota_Saccharomycotina_Saccharomycetes_Saccharomycetales_Saccharomyces_cerevisiae_baker_s_yeast, Node1652*)",905,0.908057073652776,0.939546945073676,c2,branch_to_yeast
"(Eukaryota_Opisthokonta_Nucletmycea_Fungi_Dikarya_Ascomycota_Saccharomycotina_Saccharomycetes_Saccharomycetales_Saccharomyces_cerevisiae_baker_s_yeast, Node1652*)",906,0.544099057490395,0.7421390212290799,c4,branch_to_yeast
"(Eukaryota_Opisthokonta_Nucletmycea_Fungi_Dikarya_Ascomycota_Saccharomycotina_Saccharomycetes_Saccharomycetales_Saccharomyces_cerevisiae_baker_s_yeast, Node1652*)",907,0.9585603400967968,0.7421390212290799,c4,branch_to_yeast
"(Eukaryota_Opisthokonta_Nucletmycea_Fungi_Dikarya_Ascomycota_Saccharomycotina_Saccharomycetes_Saccharomycetales_Saccharomyces_cerevisiae_baker_s_yeast, Node1652*)",908,0.544099058720381,0.921514902531969,c3,branch_to_yeast
"(Eukaryota_Opisthokonta_Nucletmycea_Fungi_Dikarya_Ascomycota_Saccharomycotina_Saccharomycetes_Saccharomycetales_Saccharomyces_cerevisiae_baker_s_yeast, Node1652*)",909,0.5440990588598469,0.939546945073676,c2,branch_to_yeast
"(Eukaryota_Opisthokonta_Nucletmycea_Fungi_Dikarya_Ascomycota_Saccharomycotina_Saccharomycetes_Saccharomycetales_Saccharomyces_cerevisiae_baker_s_yeast, Node1652*)",910,0.908057073652776,0.939546945073676,c2,branch_to_yeast
"(Eukaryota_Opisthokonta_Nucletmycea_Fungi_Dikarya_Ascomycota_Saccharomycotina_Saccharomycetes_Saccharomycetales_Saccharomyces_cerevisiae_baker_s_yeast, Node1652*)",911,0.5440990588598469,0.939546945073676,c2,branch_to_yeast
"(Eukaryota_Opisthokonta_Nucletmycea_Fungi_Dikarya_Ascomycota_Saccharomycotina_Saccharomycetes_Saccharomycetales_Saccharomyces_cerevisiae_baker_s_yeast, Node1652*)",912,0.9585603435847064,0.921514902531969,c3,branch_to_yeast
"(Eukaryota_Opisthokonta_Nucletmycea_Fungi_Dikarya_Ascomycota_Saccharomycotina_Saccharomycetes_Saccharomycetales_Saccharomyces_cerevisiae_baker_s_yeast, Node1652*)",913,0.9585603439457024,0.939546945073676,c2,branch_to_yeast
"(Eukaryota_Opisthokonta_Nucletmycea_Fungi_Dikarya_Ascomycota_Saccharomycotina_Saccharomycetes_Saccharomycetales_Saccharomyces_cerevisiae_baker_s_yeast, Node1652*)",914,0.544099058859847,0.939546945073676,c2,branch_to_yeast
"(Eukaryota_Opisthokonta_Nucletmycea_Fungi_Dikarya_Ascomycota_Saccharomycotina_Saccharomycetes_Saccharomycetales_Saccharomyces_cerevisiae_baker_s_yeast, Node1652*)",915,1.6372983373746668,0.939546945073676,c2,branch_to_yeast
"(Eukaryota_Opisthokonta_Nucletmycea_Fungi_Dikarya_Ascomycota_Saccharomycotina_Saccharomycetes_Saccharomycetales_Saccharomyces_cerevisiae_baker_s_yeast, Node1652*)",916,0.9585603435847064,0.921514902531969,c3,branch_to_yeast
"(Eukaryota_Opisthokonta_Nucletmycea_Fungi_Dikarya_Ascomycota_Saccharomycotina_Saccharomycetes_Saccharomycetales_Saccharomyces_cerevisiae_baker_s_yeast, Node1652*)",917,0.9080570735543574,0.921514902531969,c3,branch_to_yeast
"(Eukaryota_Opisthokonta_Nucletmycea_Fungi_Dikarya_Ascomycota_Saccharomycotina_Saccharomycetes_Saccharomycetales_Saccharomyces_cerevisiae_baker_s_yeast, Node1652*)",918,0.9080570735543574,0.921514902531969,c3,branch_to_yeast
"(Eukaryota_Opisthokonta_Nucletmycea_Fungi_Dikarya_Ascomycota_Saccharomycotina_Saccharomycetes_Saccharomycetales_Saccharomyces_cerevisiae_baker_s_yeast, Node1652*)",919,0.9585603435847064,0.921514902531969,c3,branch_to_yeast
"(Eukaryota_Opisthokonta_Nucletmycea_Fungi_Dikarya_Ascomycota_Saccharomycotina_Saccharomycetes_Saccharomycetales_Saccharomyces_cerevisiae_baker_s_yeast, Node1652*)",920,0.9585603435847068,0.921514902531969,c3,branch_to_yeast
"(Eukaryota_Opisthokonta_Nucletmycea_Fungi_Dikarya_Ascomycota_Saccharomycotina_Saccharomycetes_Saccharomycetales_Saccharomyces_cerevisiae_baker_s_yeast, Node1652*)",921,0.908057073652776,0.939546945073676,c2,branch_to_yeast
"(Eukaryota_Opisthokonta_Nucletmycea_Fungi_Dikarya_Ascomycota_Saccharomycotina_Saccharomycetes_Saccharomycetales_Saccharomyces_cerevisiae_baker_s_yeast, Node1652*)",922,0.9080570735543574,0.921514902531969,c3,branch_to_yeast
"(Eukaryota_Opisthokonta_Nucletmycea_Fungi_Dikarya_Ascomycota_Saccharomycotina_Saccharomycetes_Saccharomycetales_Saccharomyces_cerevisiae_baker_s_yeast, Node1652*)",923,1.6372983367928842,0.921514902531969,c3,branch_to_yeast
"(Eukaryota_Opisthokonta_Nucletmycea_Fungi_Dikarya_Ascomycota_Saccharomycotina_Saccharomycetes_Saccharomycetales_Saccharomyces_cerevisiae_baker_s_yeast, Node1652*)",924,0.908057073652776,0.939546945073676,c2,branch_to_yeast
"(Eukaryota_Opisthokonta_Nucletmycea_Fungi_Dikarya_Ascomycota_Saccharomycotina_Saccharomycetes_Saccharomycetales_Saccharomyces_cerevisiae_baker_s_yeast, Node1652*)",925,0.5440990587203809,0.921514902531969,c3,branch_to_yeast
"(Eukaryota_Opisthokonta_Nucletmycea_Fungi_Dikarya_Ascomycota_Saccharomycotina_Saccharomycetes_Saccharomycetales_Saccharomyces_cerevisiae_baker_s_yeast, Node1652*)",926,0.908057073652776,0.939546945073676,c2,branch_to_yeast
"(Eukaryota_Opisthokonta_Nucletmycea_Fungi_Dikarya_Ascomycota_Saccharomycotina_Saccharomycetes_Saccharomycetales_Saccharomyces_cerevisiae_baker_s_yeast, Node1652*)",927,0.908057073652776,0.939546945073676,c2,branch_to_yeast
"(Eukaryota_Opisthokonta_Nucletmycea_Fungi_Dikarya_Ascomycota_Saccharomycotina_Saccharomycetes_Saccharomycetales_Saccharomyces_cerevisiae_baker_s_yeast, Node1652*)",928,0.908057073652776,0.939546945073676,c2,branch_to_yeast
"(Eukaryota_Opisthokonta_Nucletmycea_Fungi_Dikarya_Ascomycota_Saccharomycotina_Saccharomycetes_Saccharomycetales_Saccharomyces_cerevisiae_baker_s_yeast, Node1652*)",929,0.908057073652776,0.939546945073676,c2,branch_to_yeast
"(Eukaryota_Opisthokonta_Nucletmycea_Fungi_Dikarya_Ascomycota_Saccharomycotina_Saccharomycetes_Saccharomycetales_Saccharomyces_cerevisiae_baker_s_yeast, Node1652*)",930,0.9585603435847064,0.921514902531969,c3,branch_to_yeast
"(Eukaryota_Opisthokonta_Nucletmycea_Fungi_Dikarya_Ascomycota_Saccharomycotina_Saccharomycetes_Saccharomycetales_Saccharomyces_cerevisiae_baker_s_yeast, Node1652*)",931,0.908057073652776,0.939546945073676,c2,branch_to_yeast
"(Eukaryota_Opisthokonta_Nucletmycea_Fungi_Dikarya_Ascomycota_Saccharomycotina_Saccharomycetes_Saccharomycetales_Saccharomyces_cerevisiae_baker_s_yeast, Node1652*)",932,0.908057073652776,0.939546945073676,c2,branch_to_yeast
"(Eukaryota_Opisthokonta_Nucletmycea_Fungi_Dikarya_Ascomycota_Saccharomycotina_Saccharomycetes_Saccharomycetales_Saccharomyces_cerevisiae_baker_s_yeast, Node1652*)",933,0.9585603439457026,0.939546945073676,c2,branch_to_yeast
"(Eukaryota_Opisthokonta_Nucletmycea_Fungi_Dikarya_Ascomycota_Saccharomycotina_Saccharomycetes_Saccharomycetales_Saccharomyces_cerevisiae_baker_s_yeast, Node1652*)",934,0.9585603439457028,0.939546945073676,c2,branch_to_yeast
"(Eukaryota_Opisthokonta_Nucletmycea_Fungi_Dikarya_Ascomycota_Saccharomycotina_Saccharomycetes_Saccharomycetales_Saccharomyces_cerevisiae_baker_s_yeast, Node1652*)",935,0.908057073652776,0.939546945073676,c2,branch_to_yeast
"(Eukaryota_Opisthokonta_Nucletmycea_Fungi_Dikarya_Ascomycota_Saccharomycotina_Saccharomycetes_Saccharomycetales_Saccharomyces_cerevisiae_baker_s_yeast, Node1652*)",936,0.908057073652776,0.939546945073676,c2,branch_to_yeast
"(Eukaryota_Opisthokonta_Nucletmycea_Fungi_Dikarya_Ascomycota_Saccharomycotina_Saccharomycetes_Saccharomycetales_Saccharomyces_cerevisiae_baker_s_yeast, Node1652*)",937,0.908057073652776,0.939546945073676,c2,branch_to_yeast
"(Eukaryota_Opisthokonta_Nucletmycea_Fungi_Dikarya_Ascomycota_Saccharomycotina_Saccharomycetes_Saccharomycetales_Saccharomyces_cerevisiae_baker_s_yeast, Node1652*)",938,1.6372983367928846,0.921514902531969,c3,branch_to_yeast
"(Eukaryota_Opisthokonta_Nucletmycea_Fungi_Dikarya_Ascomycota_Saccharomycotina_Saccharomycetes_Saccharomycetales_Saccharomyces_cerevisiae_baker_s_yeast, Node1652*)",939,0.9080570735543574,0.921514902531969,c3,branch_to_yeast
"(Eukaryota_Opisthokonta_Nucletmycea_Fungi_Dikarya_Ascomycota_Saccharomycotina_Saccharomycetes_Saccharomycetales_Saccharomyces_cerevisiae_baker_s_yeast, Node1652*)",940,0.544099058720381,0.921514902531969,c3,branch_to_yeast
"(Eukaryota_Opisthokonta_Nucletmycea_Fungi_Dikarya_Ascomycota_Saccharomycotina_Saccharomycetes_Saccharomycetales_Saccharomyces_cerevisiae_baker_s_yeast, Node1652*)",941,0.9585603435847064,0.921514902531969,c3,branch_to_yeast
"(Eukaryota_Opisthokonta_Nucletmycea_Fungi_Dikarya_Ascomycota_Saccharomycotina_Saccharomycetes_Saccharomycetales_Saccharomyces_cerevisiae_baker_s_yeast, Node1652*)",942,0.9585603400967968,0.7421390212290799,c4,branch_to_yeast
"(Eukaryota_Opisthokonta_Nucletmycea_Fungi_Dikarya_Ascomycota_Saccharomycotina_Saccharomycetes_Saccharomycetales_Saccharomyces_cerevisiae_baker_s_yeast, Node1652*)",943,0.5440990587203809,0.921514902531969,c3,branch_to_yeast
"(Eukaryota_Opisthokonta_Nucletmycea_Fungi_Dikarya_Ascomycota_Saccharomycotina_Saccharomycetes_Saccharomycetales_Saccharomyces_cerevisiae_baker_s_yeast, Node1652*)",944,1.6372983367928842,0.921514902531969,c3,branch_to_yeast
"(Eukaryota_Opisthokonta_Nucletmycea_Fungi_Dikarya_Ascomycota_Saccharomycotina_Saccharomycetes_Saccharomycetales_Saccharomyces_cerevisiae_baker_s_yeast, Node1652*)",945,1.6372983367928846,0.921514902531969,c3,branch_to_yeast
"(Eukaryota_Opisthokonta_Nucletmycea_Fungi_Dikarya_Ascomycota_Saccharomycotina_Saccharomycetes_Saccharomycetales_Saccharomyces_cerevisiae_baker_s_yeast, Node1652*)",946,0.5440990573737672,0.7421390212290799,c4,branch_to_yeast
"(Eukaryota_Opisthokonta_Nucletmycea_Fungi_Dikarya_Ascomycota_Saccharomycotina_Saccharomycetes_Saccharomycetales_Saccharomyces_cerevisiae_baker_s_yeast, Node1652*)",947,0.9080570726075052,0.7421390212290799,c4,branch_to_yeast
"(Eukaryota_Opisthokonta_Nucletmycea_Fungi_Dikarya_Ascomycota_Saccharomycotina_Saccharomycetes_Saccharomycetales_Saccharomyces_cerevisiae_baker_s_yeast, Node1652*)",948,1.6372983367928846,0.921514902531969,c3,branch_to_yeast
"(Eukaryota_Opisthokonta_Nucletmycea_Fungi_Dikarya_Ascomycota_Saccharomycotina_Saccharomycetes_Saccharomycetales_Saccharomyces_cerevisiae_baker_s_yeast, Node1652*)",949,0.9585603439457026,0.939546945073676,c2,branch_to_yeast
"(Eukaryota_Opisthokonta_Nucletmycea_Fungi_Dikarya_Ascomycota_Saccharomycotina_Saccharomycetes_Saccharomycetales_Saccharomyces_cerevisiae_baker_s_yeast, Node1652*)",950,0.908057073652776,0.939546945073676,c2,branch_to_yeast
"(Eukaryota_Opisthokonta_Nucletmycea_Fungi_Dikarya_Ascomycota_Saccharomycotina_Saccharomycetes_Saccharomycetales_Saccharomyces_cerevisiae_baker_s_yeast, Node1652*)",951,0.5440990588598469,0.939546945073676,c2,branch_to_yeast
"(Eukaryota_Opisthokonta_Nucletmycea_Fungi_Dikarya_Ascomycota_Saccharomycotina_Saccharomycetes_Saccharomycetales_Saccharomyces_cerevisiae_baker_s_yeast, Node1652*)",952,0.5440990588803538,0.9304262177623468,c1,branch_to_yeast
"(Eukaryota_Opisthokonta_Nucletmycea_Fungi_Dikarya_Ascomycota_Saccharomycotina_Saccharomycetes_Saccharomycetales_Saccharomyces_cerevisiae_baker_s_yeast, Node1652*)",953,0.908057073652776,0.939546945073676,c2,branch_to_yeast
"(Eukaryota_Opisthokonta_Nucletmycea_Fungi_Dikarya_Ascomycota_Saccharomycotina_Saccharomycetes_Saccharomycetales_Saccharomyces_cerevisiae_baker_s_yeast, Node1652*)",954,0.9585603439457026,0.939546945073676,c2,branch_to_yeast
"(Eukaryota_Opisthokonta_Nucletmycea_Fungi_Dikarya_Ascomycota_Saccharomycotina_Saccharomycetes_Saccharomycetales_Saccharomyces_cerevisiae_baker_s_yeast, Node1652*)",955,0.5440990588598468,0.939546945073676,c2,branch_to_yeast
"(Eukaryota_Opisthokonta_Nucletmycea_Fungi_Dikarya_Ascomycota_Saccharomycotina_Saccharomycetes_Saccharomycetales_Saccharomyces_cerevisiae_baker_s_yeast, Node1652*)",956,0.9080570736672594,0.9304262177623468,c1,branch_to_yeast
"(Eukaryota_Opisthokonta_Nucletmycea_Fungi_Dikarya_Ascomycota_Saccharomycotina_Saccharomycetes_Saccharomycetales_Saccharomyces_cerevisiae_baker_s_yeast, Node1652*)",957,0.9080570735543574,0.921514902531969,c3,branch_to_yeast
"(Eukaryota_Opisthokonta_Nucletmycea_Fungi_Dikarya_Ascomycota_Saccharomycotina_Saccharomycetes_Saccharomycetales_Saccharomyces_cerevisiae_baker_s_yeast, Node1652*)",958,4.7401239236861386e-17,0.9304262177623468,c1,branch_to_yeast
"(Eukaryota_Opisthokonta_Nucletmycea_Fungi_Dikarya_Ascomycota_Saccharomycotina_Saccharomycetes_Saccharomycetales_Saccharomyces_cerevisiae_baker_s_yeast, Node1652*)",959,0.5440990588803538,0.9304262177623468,c1,branch_to_yeast
"(Eukaryota_Opisthokonta_Nucletmycea_Fungi_Dikarya_Ascomycota_Saccharomycotina_Saccharomycetes_Saccharomycetales_Saccharomyces_cerevisiae_baker_s_yeast, Node1652*)",960,0.5440990588598469,0.939546945073676,c2,branch_to_yeast
"(Eukaryota_Opisthokonta_Nucletmycea_Fungi_Dikarya_Ascomycota_Saccharomycotina_Saccharomycetes_Saccharomycetales_Saccharomyces_cerevisiae_baker_s_yeast, Node1652*)",961,0.9080570735543574,0.921514902531969,c3,branch_to_yeast
"(Eukaryota_Opisthokonta_Nucletmycea_Fungi_Dikarya_Ascomycota_Saccharomycotina_Saccharomycetes_Saccharomycetales_Saccharomyces_cerevisiae_baker_s_yeast, Node1652*)",962,0.5440990588598469,0.939546945073676,c2,branch_to_yeast
"(Eukaryota_Opisthokonta_Nucletmycea_Fungi_Dikarya_Ascomycota_Saccharomycotina_Saccharomycetes_Saccharomycetales_Saccharomyces_cerevisiae_baker_s_yeast, Node1652*)",963,0.9585603400967968,0.7421390212290799,c4,branch_to_yeast
"(Eukaryota_Opisthokonta_Nucletmycea_Fungi_Dikarya_Ascomycota_Saccharomycotina_Saccharomycetes_Saccharomycetales_Saccharomyces_cerevisiae_baker_s_yeast, Node1652*)",964,0.9585603435847064,0.921514902531969,c3,branch_to_yeast
"(Eukaryota_Opisthokonta_Nucletmycea_Fungi_Dikarya_Ascomycota_Saccharomycotina_Saccharomycetes_Saccharomycetales_Saccharomyces_cerevisiae_baker_s_yeast, Node1652*)",965,0.9585603435847064,0.921514902531969,c3,branch_to_yeast
"(Eukaryota_Opisthokonta_Nucletmycea_Fungi_Dikarya_Ascomycota_Saccharomycotina_Saccharomycetes_Saccharomycetales_Saccharomyces_cerevisiae_baker_s_yeast, Node1652*)",966,0.5440990587203811,0.921514902531969,c3,branch_to_yeast
"(Eukaryota_Opisthokonta_Nucletmycea_Fungi_Dikarya_Ascomycota_Saccharomycotina_Saccharomycetes_Saccharomycetales_Saccharomyces_cerevisiae_baker_s_yeast, Node1652*)",967,1.6372983367928842,0.921514902531969,c3,branch_to_yeast
"(Eukaryota_Opisthokonta_Nucletmycea_Fungi_Dikarya_Ascomycota_Saccharomycotina_Saccharomycetes_Saccharomycetales_Saccharomyces_cerevisiae_baker_s_yeast, Node1652*)",968,0.9585603439457026,0.939546945073676,c2,branch_to_yeast
"(Eukaryota_Opisthokonta_Nucletmycea_Fungi_Dikarya_Ascomycota_Saccharomycotina_Saccharomycetes_Saccharomycetales_Saccharomyces_cerevisiae_baker_s_yeast, Node1652*)",969,0.9585603439457026,0.939546945073676,c2,branch_to_yeast
"(Eukaryota_Opisthokonta_Nucletmycea_Fungi_Dikarya_Ascomycota_Saccharomycotina_Saccharomycetes_Saccharomycetales_Saccharomyces_cerevisiae_baker_s_yeast, Node1652*)",970,0.908057073652776,0.939546945073676,c2,branch_to_yeast
"(Eukaryota_Opisthokonta_Nucletmycea_Fungi_Dikarya_Ascomycota_Saccharomycotina_Saccharomycetes_Saccharomycetales_Saccharomyces_cerevisiae_baker_s_yeast, Node1652*)",971,1.6372983373746668,0.939546945073676,c2,branch_to_yeast
"(Eukaryota_Opisthokonta_Nucletmycea_Fungi_Dikarya_Ascomycota_Saccharomycotina_Saccharomycetes_Saccharomycetales_Saccharomyces_cerevisiae_baker_s_yeast, Node1652*)",972,0.9585603439987752,0.9304262177623468,c1,branch_to_yeast
"(Eukaryota_Opisthokonta_Nucletmycea_Fungi_Dikarya_Ascomycota_Saccharomycotina_Saccharomycetes_Saccharomycetales_Saccharomyces_cerevisiae_baker_s_yeast, Node1652*)",973,0.9585603435847064,0.921514902531969,c3,branch_to_yeast
"(Eukaryota_Opisthokonta_Nucletmycea_Fungi_Dikarya_Ascomycota_Saccharomycotina_Saccharomycetes_Saccharomycetales_Saccharomyces_cerevisiae_baker_s_yeast, Node1652*)",974,0.9585603435847064,0.921514902531969,c3,branch_to_yeast
"(Eukaryota_Opisthokonta_Nucletmycea_Fungi_Dikarya_Ascomycota_Saccharomycotina_Saccharomycetes_Saccharomycetales_Saccharomyces_cerevisiae_baker_s_yeast, Node1652*)",975,0.958560343998775,0.9304262177623468,c1,branch_to_yeast
"(Eukaryota_Opisthokonta_Nucletmycea_Fungi_Dikarya_Ascomycota_Saccharomycotina_Saccharomycetes_Saccharomycetales_Saccharomyces_cerevisiae_baker_s_yeast, Node1652*)",976,0.9585603435847064,0.921514902531969,c3,branch_to_yeast
"(Eukaryota_Opisthokonta_Nucletmycea_Fungi_Dikarya_Ascomycota_Saccharomycotina_Saccharomycetes_Saccharomycetales_Saccharomyces_cerevisiae_baker_s_yeast, Node1652*)",977,1.6372983367802123,0.921514902531969,c3,branch_to_yeast
"(Eukaryota_Opisthokonta_Nucletmycea_Fungi_Dikarya_Ascomycota_Saccharomycotina_Saccharomycetes_Saccharomycetales_Saccharomyces_cerevisiae_baker_s_yeast, Node1652*)",978,0.544099058720381,0.921514902531969,c3,branch_to_yeast
"(Eukaryota_Opisthokonta_Nucletmycea_Fungi_Dikarya_Ascomycota_Saccharomycotina_Saccharomycetes_Saccharomycetales_Saccharomyces_cerevisiae_baker_s_yeast, Node1652*)",979,0.908057073652776,0.939546945073676,c2,branch_to_yeast
"(Eukaryota_Opisthokonta_Nucletmycea_Fungi_Dikarya_Ascomycota_Saccharomycotina_Saccharomycetes_Saccharomycetales_Saccharomyces_cerevisiae_baker_s_yeast, Node1652*)",980,1.637298337374667,0.939546945073676,c2,branch_to_yeast
"(Eukaryota_Opisthokonta_Nucletmycea_Fungi_Dikarya_Ascomycota_Saccharomycotina_Saccharomycetes_Saccharomycetales_Saccharomyces_cerevisiae_baker_s_yeast, Node1652*)",981,0.5440990588598468,0.939546945073676,c2,branch_to_yeast
"(Eukaryota_Opisthokonta_Nucletmycea_Fungi_Dikarya_Ascomycota_Saccharomycotina_Saccharomycetes_Saccharomycetales_Saccharomyces_cerevisiae_baker_s_yeast, Node1652*)",982,0.958560343998775,0.9304262177623468,c1,branch_to_yeast
"(Eukaryota_Opisthokonta_Nucletmycea_Fungi_Dikarya_Ascomycota_Saccharomycotina_Saccharomycetes_Saccharomycetales_Saccharomyces_cerevisiae_baker_s_yeast, Node1652*)",983,0.9080570736672594,0.9304262177623468,c1,branch_to_yeast
"(Eukaryota_Opisthokonta_Nucletmycea_Fungi_Dikarya_Ascomycota_Saccharomycotina_Saccharomycetes_Saccharomycetales_Saccharomyces_cerevisiae_baker_s_yeast, Node1652*)",984,0.5440990588803539,0.9304262177623468,c1,branch_to_yeast
"(Eukaryota_Opisthokonta_Nucletmycea_Fungi_Dikarya_Ascomycota_Saccharomycotina_Saccharomycetes_Saccharomycetales_Saccharomyces_cerevisiae_baker_s_yeast, Node1652*)",985,0.908057073652776,0.939546945073676,c2,branch_to_yeast
"(Eukaryota_Opisthokonta_Nucletmycea_Fungi_Dikarya_Ascomycota_Saccharomycotina_Saccharomycetes_Saccharomycetales_Saccharomyces_cerevisiae_baker_s_yeast, Node1652*)",986,0.908057073652776,0.939546945073676,c2,branch_to_yeast
"(Eukaryota_Opisthokonta_Nucletmycea_Fungi_Dikarya_Ascomycota_Saccharomycotina_Saccharomycetes_Saccharomycetales_Saccharomyces_cerevisiae_baker_s_yeast, Node1652*)",987,1.637298336792884,0.921514902531969,c3,branch_to_yeast
"(Eukaryota_Opisthokonta_Nucletmycea_Fungi_Dikarya_Ascomycota_Saccharomycotina_Saccharomycetes_Saccharomycetales_Saccharomyces_cerevisiae_baker_s_yeast, Node1652*)",988,0.5440990588598469,0.939546945073676,c2,branch_to_yeast
"(Eukaryota_Opisthokonta_Nucletmycea_Fungi_Dikarya_Ascomycota_Saccharomycotina_Saccharomycetes_Saccharomycetales_Saccharomyces_cerevisiae_baker_s_yeast, Node1652*)",989,0.5440990587203809,0.921514902531969,c3,branch_to_yeast
"(Eukaryota_Opisthokonta_Nucletmycea_Fungi_Dikarya_Ascomycota_Saccharomycotina_Saccharomycetes_Saccharomycetales_Saccharomyces_cerevisiae_baker_s_yeast, Node1652*)",990,0.9080570735543574,0.921514902531969,c3,branch_to_yeast
"(Eukaryota_Opisthokonta_Nucletmycea_Fungi_Dikarya_Ascomycota_Saccharomycotina_Saccharomycetes_Saccharomycetales_Saccharomyces_cerevisiae_baker_s_yeast, Node1652*)",991,0.908057073652776,0.939546945073676,c2,branch_to_yeast
"(Eukaryota_Opisthokonta_Nucletmycea_Fungi_Dikarya_Ascomycota_Saccharomycotina_Saccharomycetes_Saccharomycetales_Saccharomyces_cerevisiae_baker_s_yeast, Node1652*)",992,0.9585603439987752,0.9304262177623468,c1,branch_to_yeast
"(Eukaryota_Opisthokonta_Nucletmycea_Fungi_Dikarya_Ascomycota_Saccharomycotina_Saccharomycetes_Saccharomycetales_Saccharomyces_cerevisiae_baker_s_yeast, Node1652*)",993,0.9080570736672594,0.9304262177623468,c1,branch_to_yeast
"(Eukaryota_Opisthokonta_Nucletmycea_Fungi_Dikarya_Ascomycota_Saccharomycotina_Saccharomycetes_Saccharomycetales_Saccharomyces_cerevisiae_baker_s_yeast, Node1652*)",994,1.6372983373746668,0.939546945073676,c2,branch_to_yeast
"(Eukaryota_Opisthokonta_Nucletmycea_Fungi_Dikarya_Ascomycota_Saccharomycotina_Saccharomycetes_Saccharomycetales_Saccharomyces_cerevisiae_baker_s_yeast, Node1652*)",995,0.5440990588803539,0.9304262177623468,c1,branch_to_yeast
"(Eukaryota_Opisthokonta_Nucletmycea_Fungi_Dikarya_Ascomycota_Saccharomycotina_Saccharomycetes_Saccharomycetales_Saccharomyces_cerevisiae_baker_s_yeast, Node1652*)",996,0.9585603439987752,0.9304262177623468,c1,branch_to_yeast
"(Eukaryota_Opisthokonta_Nucletmycea_Fungi_Dikarya_Ascomycota_Saccharomycotina_Saccharomycetes_Saccharomycetales_Saccharomyces_cerevisiae_baker_s_yeast, Node1652*)",997,0.5440990588598469,0.939546945073676,c2,branch_to_yeast
"(Eukaryota_Opisthokonta_Nucletmycea_Fungi_Dikarya_Ascomycota_Saccharomycotina_Saccharomycetes_Saccharomycetales_Saccharomyces_cerevisiae_baker_s_yeast, Node1652*)",998,0.9585603439457026,0.939546945073676,c2,branch_to_yeast
"(Eukaryota_Opisthokonta_Nucletmycea_Fungi_Dikarya_Ascomycota_Saccharomycotina_Saccharomycetes_Saccharomycetales_Saccharomyces_cerevisiae_baker_s_yeast, Node1652*)",999,0.9585603439987752,0.9304262177623468,c1,branch_to_yeast
"(Eukaryota_Opisthokonta_Nucletmycea_Fungi_Dikarya_Ascomycota_Saccharomycotina_Saccharomycetes_Saccharomycetales_Saccharomyces_cerevisiae_baker_s_yeast, Node1652*)",1000,0.9080570736672596,0.9304262177623468,c1,branch_to_yeast
"(Eukaryota_Opisthokonta_Nucletmycea_Fungi_Dikarya_Ascomycota_Saccharomycotina_Saccharomycetes_Saccharomycetales_Saccharomyces_cerevisiae_baker_s_yeast, Node1652*)",1001,0.9585603439457026,0.939546945073676,c2,branch_to_yeast
"(Eukaryota_Opisthokonta_Nucletmycea_Fungi_Dikarya_Ascomycota_Saccharomycotina_Saccharomycetes_Saccharomycetales_Saccharomyces_cerevisiae_baker_s_yeast, Node1652*)",1002,0.5440990588598469,0.939546945073676,c2,branch_to_yeast
"(Eukaryota_Opisthokonta_Nucletmycea_Fungi_Dikarya_Ascomycota_Saccharomycotina_Saccharomycetes_Saccharomycetales_Saccharomyces_cerevisiae_baker_s_yeast, Node1652*)",1003,0.5440990588803539,0.9304262177623468,c1,branch_to_yeast
"(Eukaryota_Opisthokonta_Nucletmycea_Fungi_Dikarya_Ascomycota_Saccharomycotina_Saccharomycetes_Saccharomycetales_Saccharomyces_cerevisiae_baker_s_yeast, Node1652*)",1004,0.5440990588803539,0.9304262177623468,c1,branch_to_yeast
"(Eukaryota_Opisthokonta_Nucletmycea_Fungi_Dikarya_Ascomycota_Saccharomycotina_Saccharomycetes_Saccharomycetales_Saccharomyces_cerevisiae_baker_s_yeast, Node1652*)",1005,0.9080570736672594,0.9304262177623468,c1,branch_to_yeast
"(Eukaryota_Opisthokonta_Nucletmycea_Fungi_Dikarya_Ascomycota_Saccharomycotina_Saccharomycetes_Saccharomycetales_Saccharomyces_cerevisiae_baker_s_yeast, Node1652*)",1006,0.908057073652776,0.939546945073676,c2,branch_to_yeast
"(Eukaryota_Opisthokonta_Nucletmycea_Fungi_Dikarya_Ascomycota_Saccharomycotina_Saccharomycetes_Saccharomycetales_Saccharomyces_cerevisiae_baker_s_yeast, Node1652*)",1007,1.6372983374601648,0.9304262177623468,c1,branch_to_yeast
"(Eukaryota_Opisthokonta_Nucletmycea_Fungi_Dikarya_Ascomycota_Saccharomycotina_Saccharomycetes_Saccharomycetales_Saccharomyces_cerevisiae_baker_s_yeast, Node1652*)",1008,0.908057073652776,0.939546945073676,c2,branch_to_yeast
"(Eukaryota_Opisthokonta_Nucletmycea_Fungi_Dikarya_Ascomycota_Saccharomycotina_Saccharomycetes_Saccharomycetales_Saccharomyces_cerevisiae_baker_s_yeast, Node1652*)",1009,0.9080570736672594,0.9304262177623468,c1,branch_to_yeast
"(Eukaryota_Opisthokonta_Nucletmycea_Fungi_Dikarya_Ascomycota_Saccharomycotina_Saccharomycetes_Saccharomycetales_Saccharomyces_cerevisiae_baker_s_yeast, Node1652*)",1010,0.9585603439987752,0.9304262177623468,c1,branch_to_yeast
"(Eukaryota_Opisthokonta_Nucletmycea_Fungi_Dikarya_Ascomycota_Saccharomycotina_Saccharomycetes_Saccharomycetales_Saccharomyces_cerevisiae_baker_s_yeast, Node1652*)",1011,0.958560343998775,0.9304262177623468,c1,branch_to_yeast
"(Eukaryota_Opisthokonta_Nucletmycea_Fungi_Dikarya_Ascomycota_Saccharomycotina_Saccharomycetes_Saccharomycetales_Saccharomyces_cerevisiae_baker_s_yeast, Node1652*)",1012,0.544099058880354,0.9304262177623468,c1,branch_to_yeast
"(Eukaryota_Opisthokonta_Nucletmycea_Fungi_Dikarya_Ascomycota_Saccharomycotina_Saccharomycetes_Saccharomycetales_Saccharomyces_cerevisiae_baker_s_yeast, Node1652*)",1013,0.908057073652776,0.939546945073676,c2,branch_to_yeast
"(Eukaryota_Opisthokonta_Nucletmycea_Fungi_Dikarya_Ascomycota_Saccharomycotina_Saccharomycetes_Saccharomycetales_Saccharomyces_cerevisiae_baker_s_yeast, Node1652*)",1014,0.9080570736672594,0.9304262177623468,c1,branch_to_yeast
"(Eukaryota_Opisthokonta_Nucletmycea_Fungi_Dikarya_Ascomycota_Saccharomycotina_Saccharomycetes_Saccharomycetales_Saccharomyces_cerevisiae_baker_s_yeast, Node1652*)",1015,0.9080570736672596,0.9304262177623468,c1,branch_to_yeast
"(Eukaryota_Opisthokonta_Nucletmycea_Fungi_Dikarya_Ascomycota_Saccharomycotina_Saccharomycetes_Saccharomycetales_Saccharomyces_cerevisiae_baker_s_yeast, Node1652*)",1016,0.544099058720381,0.921514902531969,c3,branch_to_yeast
"(Eukaryota_Opisthokonta_Nucletmycea_Fungi_Dikarya_Ascomycota_Saccharomycotina_Saccharomycetes_Saccharomycetales_Saccharomyces_cerevisiae_baker_s_yeast, Node1652*)",1017,0.9080570735543574,0.921514902531969,c3,branch_to_yeast
"(Eukaryota_Opisthokonta_Nucletmycea_Fungi_Dikarya_Ascomycota_Saccharomycotina_Saccharomycetes_Saccharomycetales_Saccharomyces_cerevisiae_baker_s_yeast, Node1652*)",1018,0.908057073652776,0.939546945073676,c2,branch_to_yeast
"(Eukaryota_Opisthokonta_Nucletmycea_Fungi_Dikarya_Ascomycota_Saccharomycotina_Saccharomycetes_Saccharomycetales_Saccharomyces_cerevisiae_baker_s_yeast, Node1652*)",1019,0.9585603435847064,0.921514902531969,c3,branch_to_yeast
"(Eukaryota_Opisthokonta_Nucletmycea_Fungi_Dikarya_Ascomycota_Saccharomycotina_Saccharomycetes_Saccharomycetales_Saccharomyces_cerevisiae_baker_s_yeast, Node1652*)",1020,0.5440990588598469,0.939546945073676,c2,branch_to_yeast
"(Eukaryota_Opisthokonta_Nucletmycea_Fungi_Dikarya_Ascomycota_Saccharomycotina_Saccharomycetes_Saccharomycetales_Saccharomyces_cerevisiae_baker_s_yeast, Node1652*)",1021,0.544099058720381,0.921514902531969,c3,branch_to_yeast
"(Eukaryota_Opisthokonta_Nucletmycea_Fungi_Dikarya_Ascomycota_Saccharomycotina_Saccharomycetes_Saccharomycetales_Saccharomyces_cerevisiae_baker_s_yeast, Node1652*)",1022,0.958560343998775,0.9304262177623468,c1,branch_to_yeast
"(Eukaryota_Opisthokonta_Nucletmycea_Fungi_Dikarya_Ascomycota_Saccharomycotina_Saccharomycetes_Saccharomycetales_Saccharomyces_cerevisiae_baker_s_yeast, Node1652*)",1023,0.5440990588803539,0.9304262177623468,c1,branch_to_yeast
"(Eukaryota_Opisthokonta_Nucletmycea_Fungi_Dikarya_Ascomycota_Saccharomycotina_Saccharomycetes_Saccharomycetales_Saccharomyces_cerevisiae_baker_s_yeast, Node1652*)",1024,1.6372983374601655,0.9304262177623468,c1,branch_to_yeast
"(Eukaryota_Opisthokonta_Nucletmycea_Fungi_Dikarya_Ascomycota_Saccharomycotina_Saccharomycetes_Saccharomycetales_Saccharomyces_cerevisiae_baker_s_yeast, Node1652*)",1025,0.908057073652776,0.939546945073676,c2,branch_to_yeast
"(Eukaryota_Opisthokonta_Nucletmycea_Fungi_Dikarya_Ascomycota_Saccharomycotina_Saccharomycetes_Saccharomycetales_Saccharomyces_cerevisiae_baker_s_yeast, Node1652*)",1026,0.5440990588598468,0.939546945073676,c2,branch_to_yeast
"(Eukaryota_Opisthokonta_Nucletmycea_Fungi_Dikarya_Ascomycota_Saccharomycotina_Saccharomycetes_Saccharomycetales_Saccharomyces_cerevisiae_baker_s_yeast, Node1652*)",1027,0.5440990588598469,0.939546945073676,c2,branch_to_yeast
"(Eukaryota_Opisthokonta_Nucletmycea_Fungi_Dikarya_Ascomycota_Saccharomycotina_Saccharomycetes_Saccharomycetales_Saccharomyces_cerevisiae_baker_s_yeast, Node1652*)",1028,1.6372983374601648,0.9304262177623468,c1,branch_to_yeast
"(Eukaryota_Opisthokonta_Nucletmycea_Fungi_Dikarya_Ascomycota_Saccharomycotina_Saccharomycetes_Saccharomycetales_Saccharomyces_cerevisiae_baker_s_yeast, Node1652*)",1029,-3.638615510418948e-17,0.921514902531969,c3,branch_to_yeast
"(Eukaryota_Opisthokonta_Nucletmycea_Fungi_Dikarya_Ascomycota_Saccharomycotina_Saccharomycetes_Saccharomycetales_Saccharomyces_cerevisiae_baker_s_yeast, Node1652*)",1030,0.9080570735543574,0.921514902531969,c3,branch_to_yeast
"(Eukaryota_Opisthokonta_Nucletmycea_Fungi_Dikarya_Ascomycota_Saccharomycotina_Saccharomycetes_Saccharomycetales_Saccharomyces_cerevisiae_baker_s_yeast, Node1652*)",1031,0.5440990587203809,0.921514902531969,c3,branch_to_yeast
"(Eukaryota_Opisthokonta_Nucletmycea_Fungi_Dikarya_Ascomycota_Saccharomycotina_Saccharomycetes_Saccharomycetales_Saccharomyces_cerevisiae_baker_s_yeast, Node1652*)",1032,1.637298337374667,0.939546945073676,c2,branch_to_yeast
"(Eukaryota_Opisthokonta_Nucletmycea_Fungi_Dikarya_Ascomycota_Saccharomycotina_Saccharomycetes_Saccharomycetales_Saccharomyces_cerevisiae_baker_s_yeast, Node1652*)",1033,0.908057073652776,0.939546945073676,c2,branch_to_yeast
"(Eukaryota_Opisthokonta_Nucletmycea_Fungi_Dikarya_Ascomycota_Saccharomycotina_Saccharomycetes_Saccharomycetales_Saccharomyces_cerevisiae_baker_s_yeast, Node1652*)",1034,0.9585603439987752,0.9304262177623468,c1,branch_to_yeast
"(Eukaryota_Opisthokonta_Nucletmycea_Fungi_Dikarya_Ascomycota_Saccharomycotina_Saccharomycetes_Saccharomycetales_Saccharomyces_cerevisiae_baker_s_yeast, Node1652*)",1035,1.6372983374601653,0.9304262177623468,c1,branch_to_yeast
"(Eukaryota_Opisthokonta_Nucletmycea_Fungi_Dikarya_Ascomycota_Saccharomycotina_Saccharomycetes_Saccharomycetales_Saccharomyces_cerevisiae_baker_s_yeast, Node1652*)",1036,0.958560343998775,0.9304262177623468,c1,branch_to_yeast
"(Eukaryota_Opisthokonta_Nucletmycea_Fungi_Dikarya_Ascomycota_Saccharomycotina_Saccharomycetes_Saccharomycetales_Saccharomyces_cerevisiae_baker_s_yeast, Node1652*)",1037,0.5440990588803539,0.9304262177623468,c1,branch_to_yeast
"(Eukaryota_Opisthokonta_Nucletmycea_Fungi_Dikarya_Ascomycota_Saccharomycotina_Saccharomycetes_Saccharomycetales_Saccharomyces_cerevisiae_baker_s_yeast, Node1652*)",1038,0.5440990588803539,0.9304262177623468,c1,branch_to_yeast
"(Eukaryota_Opisthokonta_Nucletmycea_Fungi_Dikarya_Ascomycota_Saccharomycotina_Saccharomycetes_Saccharomycetales_Saccharomyces_cerevisiae_baker_s_yeast, Node1652*)",1039,0.5440990588598469,0.939546945073676,c2,branch_to_yeast
"(Eukaryota_Opisthokonta_Nucletmycea_Fungi_Dikarya_Ascomycota_Saccharomycotina_Saccharomycetes_Saccharomycetales_Saccharomyces_cerevisiae_baker_s_yeast, Node1652*)",1040,0.958560343998775,0.9304262177623468,c1,branch_to_yeast
"(Eukaryota_Opisthokonta_Nucletmycea_Fungi_Dikarya_Ascomycota_Saccharomycotina_Saccharomycetes_Saccharomycetales_Saccharomyces_cerevisiae_baker_s_yeast, Node1652*)",1041,1.6372983374601648,0.9304262177623468,c1,branch_to_yeast
"(Eukaryota_Opisthokonta_Nucletmycea_Fungi_Dikarya_Ascomycota_Saccharomycotina_Saccharomycetes_Saccharomycetales_Saccharomyces_cerevisiae_baker_s_yeast, Node1652*)",1042,0.5440990588598469,0.939546945073676,c2,branch_to_yeast
"(Eukaryota_Opisthokonta_Nucletmycea_Fungi_Dikarya_Ascomycota_Saccharomycotina_Saccharomycetes_Saccharomycetales_Saccharomyces_cerevisiae_baker_s_yeast, Node1652*)",1043,0.908057073652776,0.939546945073676,c2,branch_to_yeast
"(Eukaryota_Opisthokonta_Nucletmycea_Fungi_Dikarya_Ascomycota_Saccharomycotina_Saccharomycetes_Saccharomycetales_Saccharomyces_cerevisiae_baker_s_yeast, Node1652*)",1044,0.908057073652776,0.939546945073676,c2,branch_to_yeast
"(Eukaryota_Opisthokonta_Nucletmycea_Fungi_Dikarya_Ascomycota_Saccharomycotina_Saccharomycetes_Saccharomycetales_Saccharomyces_cerevisiae_baker_s_yeast, Node1652*)",1045,0.9080570735543574,0.921514902531969,c3,branch_to_yeast
"(Eukaryota_Opisthokonta_Nucletmycea_Fungi_Dikarya_Ascomycota_Saccharomycotina_Saccharomycetes_Saccharomycetales_Saccharomyces_cerevisiae_baker_s_yeast, Node1652*)",1046,0.9585603435847064,0.921514902531969,c3,branch_to_yeast
"(Eukaryota_Opisthokonta_Nucletmycea_Fungi_Dikarya_Ascomycota_Saccharomycotina_Saccharomycetes_Saccharomycetales_Saccharomyces_cerevisiae_baker_s_yeast, Node1652*)",1047,1.6372983367928842,0.921514902531969,c3,branch_to_yeast
"(Eukaryota_Opisthokonta_Nucletmycea_Fungi_Dikarya_Ascomycota_Saccharomycotina_Saccharomycetes_Saccharomycetales_Saccharomyces_cerevisiae_baker_s_yeast, Node1652*)",1048,1.6372983367928842,0.921514902531969,c3,branch_to_yeast
"(Eukaryota_Opisthokonta_Nucletmycea_Fungi_Dikarya_Ascomycota_Saccharomycotina_Saccharomycetes_Saccharomycetales_Saccharomyces_cerevisiae_baker_s_yeast, Node1652*)",1049,0.544099058720381,0.921514902531969,c3,branch_to_yeast
"(Eukaryota_Opisthokonta_Nucletmycea_Fungi_Dikarya_Ascomycota_Saccharomycotina_Saccharomycetes_Saccharomycetales_Saccharomyces_cerevisiae_baker_s_yeast, Node1652*)",1050,0.544099058880354,0.9304262177623468,c1,branch_to_yeast
"(Eukaryota_Opisthokonta_Nucletmycea_Fungi_Dikarya_Ascomycota_Saccharomycotina_Saccharomycetes_Saccharomycetales_Saccharomyces_cerevisiae_baker_s_yeast, Node1652*)",1051,0.9585603439457024,0.939546945073676,c2,branch_to_yeast
"(Eukaryota_Opisthokonta_Nucletmycea_Fungi_Dikarya_Ascomycota_Saccharomycotina_Saccharomycetes_Saccharomycetales_Saccharomyces_cerevisiae_baker_s_yeast, Node1652*)",1052,0.9585603439457024,0.939546945073676,c2,branch_to_yeast
"(Eukaryota_Opisthokonta_Nucletmycea_Fungi_Dikarya_Ascomycota_Saccharomycotina_Saccharomycetes_Saccharomycetales_Saccharomyces_cerevisiae_baker_s_yeast, Node1652*)",1053,0.5440990588598469,0.939546945073676,c2,branch_to_yeast
"(Eukaryota_Opisthokonta_Nucletmycea_Fungi_Dikarya_Ascomycota_Saccharomycotina_Saccharomycetes_Saccharomycetales_Saccharomyces_cerevisiae_baker_s_yeast, Node1652*)",1054,1.6372983373746666,0.939546945073676,c2,branch_to_yeast
"(Eukaryota_Opisthokonta_Nucletmycea_Fungi_Dikarya_Ascomycota_Saccharomycotina_Saccharomycetes_Saccharomycetales_Saccharomyces_cerevisiae_baker_s_yeast, Node1652*)",1055,0.9585603435847064,0.921514902531969,c3,branch_to_yeast
"(Eukaryota_Opisthokonta_Nucletmycea_Fungi_Dikarya_Ascomycota_Saccharomycotina_Saccharomycetes_Saccharomycetales_Saccharomyces_cerevisiae_baker_s_yeast, Node1652*)",1056,0.9080570735543574,0.921514902531969,c3,branch_to_yeast
"(Eukaryota_Opisthokonta_Nucletmycea_Fungi_Dikarya_Ascomycota_Saccharomycotina_Saccharomycetes_Saccharomycetales_Saccharomyces_cerevisiae_baker_s_yeast, Node1652*)",1057,0.9080570735543574,0.921514902531969,c3,branch_to_yeast
"(Eukaryota_Opisthokonta_Nucletmycea_Fungi_Dikarya_Ascomycota_Saccharomycotina_Saccharomycetes_Saccharomycetales_Saccharomyces_cerevisiae_baker_s_yeast, Node1652*)",1058,0.9080570726075052,0.7421390212290799,c4,branch_to_yeast
"(Eukaryota_Opisthokonta_Nucletmycea_Fungi_Dikarya_Ascomycota_Saccharomycotina_Saccharomycetes_Saccharomycetales_Saccharomyces_cerevisiae_baker_s_yeast, Node1652*)",1059,0.9080570726075052,0.7421390212290799,c4,branch_to_yeast
"(Eukaryota_Opisthokonta_Nucletmycea_Fungi_Dikarya_Ascomycota_Saccharomycotina_Saccharomycetes_Saccharomycetales_Saccharomyces_cerevisiae_baker_s_yeast, Node1652*)",1060,1.6372983367928842,0.921514902531969,c3,branch_to_yeast
"(Eukaryota_Opisthokonta_Nucletmycea_Fungi_Dikarya_Ascomycota_Saccharomycotina_Saccharomycetes_Saccharomycetales_Saccharomyces_cerevisiae_baker_s_yeast, Node1652*)",1061,5.769432329094983e-18,0.921514902531969,c3,branch_to_yeast
"(Eukaryota_Opisthokonta_Nucletmycea_Fungi_Dikarya_Ascomycota_Saccharomycotina_Saccharomycetes_Saccharomycetales_Saccharomyces_cerevisiae_baker_s_yeast, Node1652*)",1062,0.544099058720381,0.921514902531969,c3,branch_to_yeast
"(Eukaryota_Opisthokonta_Nucletmycea_Fungi_Dikarya_Ascomycota_Saccharomycotina_Saccharomycetes_Saccharomycetales_Saccharomyces_cerevisiae_baker_s_yeast, Node1652*)",1063,0.908057073652776,0.939546945073676,c2,branch_to_yeast
"(Eukaryota_Opisthokonta_Nucletmycea_Fungi_Dikarya_Ascomycota_Saccharomycotina_Saccharomycetes_Saccharomycetales_Saccharomyces_cerevisiae_baker_s_yeast, Node1652*)",1064,0.9080570736672594,0.9304262177623468,c1,branch_to_yeast
"(Eukaryota_Opisthokonta_Nucletmycea_Fungi_Dikarya_Ascomycota_Saccharomycotina_Saccharomycetes_Saccharomycetales_Saccharomyces_cerevisiae_baker_s_yeast, Node1652*)",1065,4.740123923686138e-17,0.9304262177623468,c1,branch_to_yeast
"(Eukaryota_Opisthokonta_Nucletmycea_Fungi_Dikarya_Ascomycota_Saccharomycotina_Saccharomycetes_Saccharomycetales_Saccharomyces_cerevisiae_baker_s_yeast, Node1652*)",1066,3.571331671671109e-17,0.9304262177623468,c1,branch_to_yeast
"(Eukaryota_Opisthokonta_Nucletmycea_Fungi_Dikarya_Ascomycota_Saccharomycotina_Saccharomycetes_Saccharomycetales_Saccharomyces_cerevisiae_baker_s_yeast, Node1652*)",1067,0.5440990588803538,0.9304262177623468,c1,branch_to_yeast
"(Eukaryota_Opisthokonta_Nucletmycea_Fungi_Dikarya_Ascomycota_Saccharomycotina_Saccharomycetes_Saccharomycetales_Saccharomyces_cerevisiae_baker_s_yeast, Node1652*)",1068,0.5440990587203809,0.921514902531969,c3,branch_to_yeast
"(Eukaryota_Opisthokonta_Nucletmycea_Fungi_Dikarya_Ascomycota_Saccharomycotina_Saccharomycetes_Saccharomycetales_Saccharomyces_cerevisiae_baker_s_yeast, Node1652*)",1069,0.9080570736672594,0.9304262177623468,c1,branch_to_yeast
"(Eukaryota_Opisthokonta_Nucletmycea_Fungi_Dikarya_Ascomycota_Saccharomycotina_Saccharomycetes_Saccharomycetales_Saccharomyces_cerevisiae_baker_s_yeast, Node1652*)",1070,1.6372983374601648,0.9304262177623468,c1,branch_to_yeast
"(Eukaryota_Opisthokonta_Nucletmycea_Fungi_Dikarya_Ascomycota_Saccharomycotina_Saccharomycetes_Saccharomycetales_Saccharomyces_cerevisiae_baker_s_yeast, Node1652*)",1071,0.544099058720381,0.921514902531969,c3,branch_to_yeast
"(Eukaryota_Opisthokonta_Nucletmycea_Fungi_Dikarya_Ascomycota_Saccharomycotina_Saccharomycetes_Saccharomycetales_Saccharomyces_cerevisiae_baker_s_yeast, Node1652*)",1072,0.5440990588803539,0.9304262177623468,c1,branch_to_yeast
"(Eukaryota_Opisthokonta_Nucletmycea_Fungi_Dikarya_Ascomycota_Saccharomycotina_Saccharomycetes_Saccharomycetales_Saccharomyces_cerevisiae_baker_s_yeast, Node1652*)",1073,-4.8678296902126333e-17,0.921514902531969,c3,branch_to_yeast
"(Eukaryota_Opisthokonta_Nucletmycea_Fungi_Dikarya_Ascomycota_Saccharomycotina_Saccharomycetes_Saccharomycetales_Saccharomyces_cerevisiae_baker_s_yeast, Node1652*)",1074,0.9585603435847064,0.921514902531969,c3,branch_to_yeast
"(Eukaryota_Opisthokonta_Nucletmycea_Fungi_Dikarya_Ascomycota_Saccharomycotina_Saccharomycetes_Saccharomycetales_Saccharomyces_cerevisiae_baker_s_yeast, Node1652*)",1075,0.5440990587203811,0.921514902531969,c3,branch_to_yeast
"(Eukaryota_Opisthokonta_Nucletmycea_Fungi_Dikarya_Ascomycota_Saccharomycotina_Saccharomycetes_Saccharomycetales_Saccharomyces_cerevisiae_baker_s_yeast, Node1652*)",1076,0.544099058720381,0.921514902531969,c3,branch_to_yeast
"(Eukaryota_Opisthokonta_Nucletmycea_Fungi_Dikarya_Ascomycota_Saccharomycotina_Saccharomycetes_Saccharomycetales_Saccharomyces_cerevisiae_baker_s_yeast, Node1652*)",1077,1.6372983374601648,0.9304262177623468,c1,branch_to_yeast
"(Eukaryota_Opisthokonta_Nucletmycea_Fungi_Dikarya_Ascomycota_Saccharomycotina_Saccharomycetes_Saccharomycetales_Saccharomyces_cerevisiae_baker_s_yeast, Node1652*)",1078,0.9585603439987752,0.9304262177623468,c1,branch_to_yeast
"(Eukaryota_Opisthokonta_Nucletmycea_Fungi_Dikarya_Ascomycota_Saccharomycotina_Saccharomycetes_Saccharomycetales_Saccharomyces_cerevisiae_baker_s_yeast, Node1652*)",1079,0.5440990588803539,0.9304262177623468,c1,branch_to_yeast
"(Eukaryota_Opisthokonta_Nucletmycea_Fungi_Dikarya_Ascomycota_Saccharomycotina_Saccharomycetes_Saccharomycetales_Saccharomyces_cerevisiae_baker_s_yeast, Node1652*)",1080,0.5440990588803538,0.9304262177623468,c1,branch_to_yeast
"(Eukaryota_Opisthokonta_Nucletmycea_Fungi_Dikarya_Ascomycota_Saccharomycotina_Saccharomycetes_Saccharomycetales_Saccharomyces_cerevisiae_baker_s_yeast, Node1652*)",1081,0.5440990588803539,0.9304262177623468,c1,branch_to_yeast
"(Eukaryota_Opisthokonta_Nucletmycea_Fungi_Dikarya_Ascomycota_Saccharomycotina_Saccharomycetes_Saccharomycetales_Saccharomyces_cerevisiae_baker_s_yeast, Node1652*)",1082,0.958560343998775,0.9304262177623468,c1,branch_to_yeast
"(Eukaryota_Opisthokonta_Nucletmycea_Fungi_Dikarya_Ascomycota_Saccharomycotina_Saccharomycetes_Saccharomycetales_Saccharomyces_cerevisiae_baker_s_yeast, Node1652*)",1083,0.9080570736672596,0.9304262177623468,c1,branch_to_yeast
"(Eukaryota_Opisthokonta_Nucletmycea_Fungi_Dikarya_Ascomycota_Saccharomycotina_Saccharomycetes_Saccharomycetales_Saccharomyces_cerevisiae_baker_s_yeast, Node1652*)",1084,0.908057073652776,0.939546945073676,c2,branch_to_yeast
"(Eukaryota_Opisthokonta_Nucletmycea_Fungi_Dikarya_Ascomycota_Saccharomycotina_Saccharomycetes_Saccharomycetales_Saccharomyces_cerevisiae_baker_s_yeast, Node1652*)",1085,0.5440990588598469,0.939546945073676,c2,branch_to_yeast
"(Eukaryota_Opisthokonta_Nucletmycea_Fungi_Dikarya_Ascomycota_Saccharomycotina_Saccharomycetes_Saccharomycetales_Saccharomyces_cerevisiae_baker_s_yeast, Node1652*)",1086,0.9585603439987752,0.9304262177623468,c1,branch_to_yeast
"(Eukaryota_Opisthokonta_Nucletmycea_Fungi_Dikarya_Ascomycota_Saccharomycotina_Saccharomycetes_Saccharomycetales_Saccharomyces_cerevisiae_baker_s_yeast, Node1652*)",1087,0.9585603439987752,0.9304262177623468,c1,branch_to_yeast
"(Eukaryota_Opisthokonta_Nucletmycea_Fungi_Dikarya_Ascomycota_Saccharomycotina_Saccharomycetes_Saccharomycetales_Saccharomyces_cerevisiae_baker_s_yeast, Node1652*)",1088,0.958560343998775,0.9304262177623468,c1,branch_to_yeast
"(Eukaryota_Opisthokonta_Nucletmycea_Fungi_Dikarya_Ascomycota_Saccharomycotina_Saccharomycetes_Saccharomycetales_Saccharomyces_cerevisiae_baker_s_yeast, Node1652*)",1089,0.9585603435847068,0.921514902531969,c3,branch_to_yeast
"(Eukaryota_Opisthokonta_Nucletmycea_Fungi_Dikarya_Ascomycota_Saccharomycotina_Saccharomycetes_Saccharomycetales_Saccharomyces_cerevisiae_baker_s_yeast, Node1652*)",1090,0.5440990588803539,0.9304262177623468,c1,branch_to_yeast
"(Eukaryota_Opisthokonta_Nucletmycea_Fungi_Dikarya_Ascomycota_Saccharomycotina_Saccharomycetes_Saccharomycetales_Saccharomyces_cerevisiae_baker_s_yeast, Node1652*)",1091,0.908057073652776,0.939546945073676,c2,branch_to_yeast
"(Eukaryota_Opisthokonta_Nucletmycea_Fungi_Dikarya_Ascomycota_Saccharomycotina_Saccharomycetes_Saccharomycetales_Saccharomyces_cerevisiae_baker_s_yeast, Node1652*)",1092,1.6372983374601648,0.9304262177623468,c1,branch_to_yeast
"(Eukaryota_Opisthokonta_Nucletmycea_Fungi_Dikarya_Ascomycota_Saccharomycotina_Saccharomycetes_Saccharomycetales_Saccharomyces_cerevisiae_baker_s_yeast, Node1652*)",1093,0.9585603435847064,0.921514902531969,c3,branch_to_yeast
"(Eukaryota_Opisthokonta_Nucletmycea_Fungi_Dikarya_Ascomycota_Saccharomycotina_Saccharomycetes_Saccharomycetales_Saccharomyces_cerevisiae_baker_s_yeast, Node1652*)",1094,0.5440990588803539,0.9304262177623468,c1,branch_to_yeast
"(Eukaryota_Opisthokonta_Nucletmycea_Fungi_Dikarya_Ascomycota_Saccharomycotina_Saccharomycetes_Saccharomycetales_Saccharomyces_cerevisiae_baker_s_yeast, Node1652*)",1095,0.5440990588803539,0.9304262177623468,c1,branch_to_yeast
"(Eukaryota_Opisthokonta_Nucletmycea_Fungi_Dikarya_Ascomycota_Saccharomycotina_Saccharomycetes_Saccharomycetales_Saccharomyces_cerevisiae_baker_s_yeast, Node1652*)",1096,0.9585603439457026,0.939546945073676,c2,branch_to_yeast
"(Eukaryota_Opisthokonta_Nucletmycea_Fungi_Dikarya_Ascomycota_Saccharomycotina_Saccharomycetes_Saccharomycetales_Saccharomyces_cerevisiae_baker_s_yeast, Node1652*)",1097,0.5440990588598469,0.939546945073676,c2,branch_to_yeast
"(Eukaryota_Opisthokonta_Nucletmycea_Fungi_Dikarya_Ascomycota_Saccharomycotina_Saccharomycetes_Saccharomycetales_Saccharomyces_cerevisiae_baker_s_yeast, Node1652*)",1098,0.9080570736672594,0.9304262177623468,c1,branch_to_yeast
"(Eukaryota_Opisthokonta_Nucletmycea_Fungi_Dikarya_Ascomycota_Saccharomycotina_Saccharomycetes_Saccharomycetales_Saccharomyces_cerevisiae_baker_s_yeast, Node1652*)",1099,0.9585603439987752,0.9304262177623468,c1,branch_to_yeast
"(Eukaryota_Opisthokonta_Nucletmycea_Fungi_Dikarya_Ascomycota_Saccharomycotina_Saccharomycetes_Saccharomycetales_Saccharomyces_cerevisiae_baker_s_yeast, Node1652*)",1100,0.5440990588803539,0.9304262177623468,c1,branch_to_yeast
"(Eukaryota_Opisthokonta_Nucletmycea_Fungi_Dikarya_Ascomycota_Saccharomycotina_Saccharomycetes_Saccharomycetales_Saccharomyces_cerevisiae_baker_s_yeast, Node1652*)",1101,0.9080570736672596,0.9304262177623468,c1,branch_to_yeast
"(Eukaryota_Opisthokonta_Nucletmycea_Fungi_Dikarya_Ascomycota_Saccharomycotina_Saccharomycetes_Saccharomycetales_Saccharomyces_cerevisiae_baker_s_yeast, Node1652*)",1102,1.6372983374601648,0.9304262177623468,c1,branch_to_yeast
"(Eukaryota_Opisthokonta_Nucletmycea_Fungi_Dikarya_Ascomycota_Saccharomycotina_Saccharomycetes_Saccharomycetales_Saccharomyces_cerevisiae_baker_s_yeast, Node1652*)",1103,0.5440990588803539,0.9304262177623468,c1,branch_to_yeast
"(Eukaryota_Opisthokonta_Nucletmycea_Fungi_Dikarya_Ascomycota_Saccharomycotina_Saccharomycetes_Saccharomycetales_Saccharomyces_cerevisiae_baker_s_yeast, Node1652*)",1104,0.958560343998775,0.9304262177623468,c1,branch_to_yeast
"(Eukaryota_Opisthokonta_Nucletmycea_Fungi_Dikarya_Ascomycota_Saccharomycotina_Saccharomycetes_Saccharomycetales_Saccharomyces_cerevisiae_baker_s_yeast, Node1652*)",1105,0.5440990588803539,0.9304262177623468,c1,branch_to_yeast
"(Eukaryota_Opisthokonta_Nucletmycea_Fungi_Dikarya_Ascomycota_Saccharomycotina_Saccharomycetes_Saccharomycetales_Saccharomyces_cerevisiae_baker_s_yeast, Node1652*)",1106,0.9080570736672596,0.9304262177623468,c1,branch_to_yeast
"(Eukaryota_Opisthokonta_Nucletmycea_Fungi_Dikarya_Ascomycota_Saccharomycotina_Saccharomycetes_Saccharomycetales_Saccharomyces_cerevisiae_baker_s_yeast, Node1652*)",1107,0.5440990588803539,0.9304262177623468,c1,branch_to_yeast
"(Eukaryota_Opisthokonta_Nucletmycea_Fungi_Dikarya_Ascomycota_Saccharomycotina_Saccharomycetes_Saccharomycetales_Saccharomyces_cerevisiae_baker_s_yeast, Node1652*)",1108,1.6372983374601653,0.9304262177623468,c1,branch_to_yeast
"(Eukaryota_Opisthokonta_Nucletmycea_Fungi_Dikarya_Ascomycota_Saccharomycotina_Saccharomycetes_Saccharomycetales_Saccharomyces_cerevisiae_baker_s_yeast, Node1652*)",1109,1.6372983374601648,0.9304262177623468,c1,branch_to_yeast
"(Eukaryota_Opisthokonta_Nucletmycea_Fungi_Dikarya_Ascomycota_Saccharomycotina_Saccharomycetes_Saccharomycetales_Saccharomyces_cerevisiae_baker_s_yeast, Node1652*)",1110,0.9585603439987752,0.9304262177623468,c1,branch_to_yeast
"(Eukaryota_Opisthokonta_Nucletmycea_Fungi_Dikarya_Ascomycota_Saccharomycotina_Saccharomycetes_Saccharomycetales_Saccharomyces_cerevisiae_baker_s_yeast, Node1652*)",1111,0.908057073652776,0.939546945073676,c2,branch_to_yeast
"(Eukaryota_Opisthokonta_Nucletmycea_Fungi_Dikarya_Ascomycota_Saccharomycotina_Saccharomycetes_Saccharomycetales_Saccharomyces_cerevisiae_baker_s_yeast, Node1652*)",1112,1.6372983373746668,0.939546945073676,c2,branch_to_yeast
"(Eukaryota_Opisthokonta_Nucletmycea_Fungi_Dikarya_Ascomycota_Saccharomycotina_Saccharomycetes_Saccharomycetales_Saccharomyces_cerevisiae_baker_s_yeast, Node1652*)",1113,0.9585603439987752,0.9304262177623468,c1,branch_to_yeast
"(Eukaryota_Opisthokonta_Nucletmycea_Fungi_Dikarya_Ascomycota_Saccharomycotina_Saccharomycetes_Saccharomycetales_Saccharomyces_cerevisiae_baker_s_yeast, Node1652*)",1114,0.9080570736672596,0.9304262177623468,c1,branch_to_yeast
"(Eukaryota_Opisthokonta_Nucletmycea_Fungi_Dikarya_Ascomycota_Saccharomycotina_Saccharomycetes_Saccharomycetales_Saccharomyces_cerevisiae_baker_s_yeast, Node1652*)",1115,0.5440990588803539,0.9304262177623468,c1,branch_to_yeast
"(Eukaryota_Opisthokonta_Nucletmycea_Fungi_Dikarya_Ascomycota_Saccharomycotina_Saccharomycetes_Saccharomycetales_Saccharomyces_cerevisiae_baker_s_yeast, Node1652*)",1116,0.9585603439987752,0.9304262177623468,c1,branch_to_yeast
"(Eukaryota_Opisthokonta_Nucletmycea_Fungi_Dikarya_Ascomycota_Saccharomycotina_Saccharomycetes_Saccharomycetales_Saccharomyces_cerevisiae_baker_s_yeast, Node1652*)",1117,0.9080570736672594,0.9304262177623468,c1,branch_to_yeast
"(Eukaryota_Opisthokonta_Nucletmycea_Fungi_Dikarya_Ascomycota_Saccharomycotina_Saccharomycetes_Saccharomycetales_Saccharomyces_cerevisiae_baker_s_yeast, Node1652*)",1118,1.6372983374601648,0.9304262177623468,c1,branch_to_yeast
"(Eukaryota_Opisthokonta_Nucletmycea_Fungi_Dikarya_Ascomycota_Saccharomycotina_Saccharomycetes_Saccharomycetales_Saccharomyces_cerevisiae_baker_s_yeast, Node1652*)",1119,0.9080570736672596,0.9304262177623468,c1,branch_to_yeast
"(Eukaryota_Opisthokonta_Nucletmycea_Fungi_Dikarya_Ascomycota_Saccharomycotina_Saccharomycetes_Saccharomycetales_Saccharomyces_cerevisiae_baker_s_yeast, Node1652*)",1120,0.908057073652776,0.939546945073676,c2,branch_to_yeast
"(Eukaryota_Opisthokonta_Nucletmycea_Fungi_Dikarya_Ascomycota_Saccharomycotina_Saccharomycetes_Saccharomycetales_Saccharomyces_cerevisiae_baker_s_yeast, Node1652*)",1121,0.5440990588598469,0.939546945073676,c2,branch_to_yeast
"(Eukaryota_Opisthokonta_Nucletmycea_Fungi_Dikarya_Ascomycota_Saccharomycotina_Saccharomycetes_Saccharomycetales_Saccharomyces_cerevisiae_baker_s_yeast, Node1652*)",1122,0.5440990588598469,0.939546945073676,c2,branch_to_yeast
"(Eukaryota_Opisthokonta_Nucletmycea_Fungi_Dikarya_Ascomycota_Saccharomycotina_Saccharomycetes_Saccharomycetales_Saccharomyces_cerevisiae_baker_s_yeast, Node1652*)",1123,1.6372983374601648,0.9304262177623468,c1,branch_to_yeast
"(Eukaryota_Opisthokonta_Nucletmycea_Fungi_Dikarya_Ascomycota_Saccharomycotina_Saccharomycetes_Saccharomycetales_Saccharomyces_cerevisiae_baker_s_yeast, Node1652*)",1124,1.637298336792884,0.921514902531969,c3,branch_to_yeast
"(Eukaryota_Opisthokonta_Nucletmycea_Fungi_Dikarya_Ascomycota_Saccharomycotina_Saccharomycetes_Saccharomycetales_Saccharomyces_cerevisiae_baker_s_yeast, Node1652*)",1125,0.5440990588598468,0.939546945073676,c2,branch_to_yeast
"(Eukaryota_Opisthokonta_Nucletmycea_Fungi_Dikarya_Ascomycota_Saccharomycotina_Saccharomycetes_Saccharomycetales_Saccharomyces_cerevisiae_baker_s_yeast, Node1652*)",1126,0.9080570736672596,0.9304262177623468,c1,branch_to_yeast
"(Eukaryota_Opisthokonta_Nucletmycea_Fungi_Dikarya_Ascomycota_Saccharomycotina_Saccharomycetes_Saccharomycetales_Saccharomyces_cerevisiae_baker_s_yeast, Node1652*)",1127,0.5440990588803539,0.9304262177623468,c1,branch_to_yeast
"(Eukaryota_Opisthokonta_Nucletmycea_Fungi_Dikarya_Ascomycota_Saccharomycotina_Saccharomycetes_Saccharomycetales_Saccharomyces_cerevisiae_baker_s_yeast, Node1652*)",1128,0.5440990588803539,0.9304262177623468,c1,branch_to_yeast
"(Eukaryota_Opisthokonta_Nucletmycea_Fungi_Dikarya_Ascomycota_Saccharomycotina_Saccharomycetes_Saccharomycetales_Saccharomyces_cerevisiae_baker_s_yeast, Node1652*)",1129,0.5440990588803539,0.9304262177623468,c1,branch_to_yeast
"(Eukaryota_Opisthokonta_Nucletmycea_Fungi_Dikarya_Ascomycota_Saccharomycotina_Saccharomycetes_Saccharomycetales_Saccharomyces_cerevisiae_baker_s_yeast, Node1652*)",1130,1.6372983374601648,0.9304262177623468,c1,branch_to_yeast
"(Eukaryota_Opisthokonta_Nucletmycea_Fungi_Dikarya_Ascomycota_Saccharomycotina_Saccharomycetes_Saccharomycetales_Saccharomyces_cerevisiae_baker_s_yeast, Node1652*)",1131,0.908057073652776,0.939546945073676,c2,branch_to_yeast
"(Eukaryota_Opisthokonta_Nucletmycea_Fungi_Dikarya_Ascomycota_Saccharomycotina_Saccharomycetes_Saccharomycetales_Saccharomyces_cerevisiae_baker_s_yeast, Node1652*)",1132,0.5440990588598469,0.939546945073676,c2,branch_to_yeast
"(Eukaryota_Opisthokonta_Nucletmycea_Fungi_Dikarya_Ascomycota_Saccharomycotina_Saccharomycetes_Saccharomycetales_Saccharomyces_cerevisiae_baker_s_yeast, Node1652*)",1133,0.9080570736672594,0.9304262177623468,c1,branch_to_yeast
"(Eukaryota_Opisthokonta_Nucletmycea_Fungi_Dikarya_Ascomycota_Saccharomycotina_Saccharomycetes_Saccharomycetales_Saccharomyces_cerevisiae_baker_s_yeast, Node1652*)",1134,0.958560343998775,0.9304262177623468,c1,branch_to_yeast
"(Eukaryota_Opisthokonta_Nucletmycea_Fungi_Dikarya_Ascomycota_Saccharomycotina_Saccharomycetes_Saccharomycetales_Saccharomyces_cerevisiae_baker_s_yeast, Node1652*)",1135,1.6372983367928846,0.921514902531969,c3,branch_to_yeast
"(Eukaryota_Opisthokonta_Nucletmycea_Fungi_Dikarya_Ascomycota_Saccharomycotina_Saccharomycetes_Saccharomycetales_Saccharomyces_cerevisiae_baker_s_yeast, Node1652*)",1136,1.6372983367928846,0.921514902531969,c3,branch_to_yeast
"(Eukaryota_Opisthokonta_Nucletmycea_Fungi_Dikarya_Ascomycota_Saccharomycotina_Saccharomycetes_Saccharomycetales_Saccharomyces_cerevisiae_baker_s_yeast, Node1652*)",1137,0.9585603435847068,0.921514902531969,c3,branch_to_yeast
"(Eukaryota_Opisthokonta_Nucletmycea_Fungi_Dikarya_Ascomycota_Saccharomycotina_Saccharomycetes_Saccharomycetales_Saccharomyces_cerevisiae_baker_s_yeast, Node1652*)",1138,0.5440990588598469,0.939546945073676,c2,branch_to_yeast
"(Eukaryota_Opisthokonta_Nucletmycea_Fungi_Dikarya_Ascomycota_Saccharomycotina_Saccharomycetes_Saccharomycetales_Saccharomyces_cerevisiae_baker_s_yeast, Node1652*)",1139,1.6372983373746666,0.939546945073676,c2,branch_to_yeast
"(Eukaryota_Opisthokonta_Nucletmycea_Fungi_Dikarya_Ascomycota_Saccharomycotina_Saccharomycetes_Saccharomycetales_Saccharomyces_cerevisiae_baker_s_yeast, Node1652*)",1140,0.9080570736672596,0.9304262177623468,c1,branch_to_yeast
"(Eukaryota_Opisthokonta_Nucletmycea_Fungi_Dikarya_Ascomycota_Saccharomycotina_Saccharomycetes_Saccharomycetales_Saccharomyces_cerevisiae_baker_s_yeast, Node1652*)",1141,0.5440990588598469,0.939546945073676,c2,branch_to_yeast
"(Eukaryota_Opisthokonta_Nucletmycea_Fungi_Dikarya_Ascomycota_Saccharomycotina_Saccharomycetes_Saccharomycetales_Saccharomyces_cerevisiae_baker_s_yeast, Node1652*)",1142,0.9585603439457026,0.939546945073676,c2,branch_to_yeast
"(Eukaryota_Opisthokonta_Nucletmycea_Fungi_Dikarya_Ascomycota_Saccharomycotina_Saccharomycetes_Saccharomycetales_Saccharomyces_cerevisiae_baker_s_yeast, Node1652*)",1143,0.9585603435847064,0.921514902531969,c3,branch_to_yeast
"(Eukaryota_Opisthokonta_Nucletmycea_Fungi_Dikarya_Ascomycota_Saccharomycotina_Saccharomycetes_Saccharomycetales_Saccharomyces_cerevisiae_baker_s_yeast, Node1652*)",1144,0.9585603439457024,0.939546945073676,c2,branch_to_yeast
"(Eukaryota_Opisthokonta_Nucletmycea_Fungi_Dikarya_Ascomycota_Saccharomycotina_Saccharomycetes_Saccharomycetales_Saccharomyces_cerevisiae_baker_s_yeast, Node1652*)",1145,0.5440990588598469,0.939546945073676,c2,branch_to_yeast
"(Eukaryota_Opisthokonta_Nucletmycea_Fungi_Dikarya_Ascomycota_Saccharomycotina_Saccharomycetes_Saccharomycetales_Saccharomyces_cerevisiae_baker_s_yeast, Node1652*)",1146,0.908057073652776,0.939546945073676,c2,branch_to_yeast
"(Eukaryota_Opisthokonta_Nucletmycea_Fungi_Dikarya_Ascomycota_Saccharomycotina_Saccharomycetes_Saccharomycetales_Saccharomyces_cerevisiae_baker_s_yeast, Node1652*)",1147,1.6372983367928846,0.921514902531969,c3,branch_to_yeast
"(Eukaryota_Opisthokonta_Nucletmycea_Fungi_Dikarya_Ascomycota_Saccharomycotina_Saccharomycetes_Saccharomycetales_Saccharomyces_cerevisiae_baker_s_yeast, Node1652*)",1148,0.9585603435847064,0.921514902531969,c3,branch_to_yeast
"(Eukaryota_Opisthokonta_Nucletmycea_Fungi_Dikarya_Ascomycota_Saccharomycotina_Saccharomycetes_Saccharomycetales_Saccharomyces_cerevisiae_baker_s_yeast, Node1652*)",1149,0.9585603439457026,0.939546945073676,c2,branch_to_yeast
"(Eukaryota_Opisthokonta_Nucletmycea_Fungi_Dikarya_Ascomycota_Saccharomycotina_Saccharomycetes_Saccharomycetales_Saccharomyces_cerevisiae_baker_s_yeast, Node1652*)",1150,0.9585603400967968,0.7421390212290799,c4,branch_to_yeast
"(Eukaryota_Opisthokonta_Nucletmycea_Fungi_Dikarya_Ascomycota_Saccharomycotina_Saccharomycetes_Saccharomycetales_Saccharomyces_cerevisiae_baker_s_yeast, Node1652*)",1151,0.9080570726075052,0.7421390212290799,c4,branch_to_yeast
"(Eukaryota_Opisthokonta_Nucletmycea_Fungi_Dikarya_Ascomycota_Saccharomycotina_Saccharomycetes_Saccharomycetales_Saccharomyces_cerevisiae_baker_s_yeast, Node1652*)",1152,0.9585603400967968,0.7421390212290799,c4,branch_to_yeast
"(Eukaryota_Opisthokonta_Nucletmycea_Fungi_Dikarya_Ascomycota_Saccharomycotina_Saccharomycetes_Saccharomycetales_Saccharomyces_cerevisiae_baker_s_yeast, Node1652*)",1153,0.9585603398313794,0.7421390212290799,c4,branch_to_yeast
"(Eukaryota_Opisthokonta_Nucletmycea_Fungi_Dikarya_Ascomycota_Saccharomycotina_Saccharomycetes_Saccharomycetales_Saccharomyces_cerevisiae_baker_s_yeast, Node1652*)",1154,0.9080570726075052,0.7421390212290799,c4,branch_to_yeast
"(Eukaryota_Opisthokonta_Nucletmycea_Fungi_Dikarya_Ascomycota_Saccharomycotina_Saccharomycetes_Saccharomycetales_Saccharomyces_cerevisiae_baker_s_yeast, Node1652*)",1155,0.9585603435847068,0.921514902531969,c3,branch_to_yeast
"(Eukaryota_Opisthokonta_Nucletmycea_Fungi_Dikarya_Ascomycota_Saccharomycotina_Saccharomycetes_Saccharomycetales_Saccharomyces_cerevisiae_baker_s_yeast, Node1652*)",1156,0.9080570735543574,0.921514902531969,c3,branch_to_yeast
"(Eukaryota_Opisthokonta_Nucletmycea_Fungi_Dikarya_Ascomycota_Saccharomycotina_Saccharomycetes_Saccharomycetales_Saccharomyces_cerevisiae_baker_s_yeast, Node1652*)",1157,0.9080570735543574,0.921514902531969,c3,branch_to_yeast
"(Eukaryota_Opisthokonta_Nucletmycea_Fungi_Dikarya_Ascomycota_Saccharomycotina_Saccharomycetes_Saccharomycetales_Saccharomyces_cerevisiae_baker_s_yeast, Node1652*)",1158,0.9080570735543574,0.921514902531969,c3,branch_to_yeast
"(Eukaryota_Opisthokonta_Nucletmycea_Fungi_Dikarya_Ascomycota_Saccharomycotina_Saccharomycetes_Saccharomycetales_Saccharomyces_cerevisiae_baker_s_yeast, Node1652*)",1159,0.9080570735543574,0.921514902531969,c3,branch_to_yeast
"(Eukaryota_Opisthokonta_Nucletmycea_Fungi_Dikarya_Ascomycota_Saccharomycotina_Saccharomycetes_Saccharomycetales_Saccharomyces_cerevisiae_baker_s_yeast, Node1652*)",1160,0.9080570735543574,0.921514902531969,c3,branch_to_yeast
"(Eukaryota_Opisthokonta_Nucletmycea_Fungi_Dikarya_Ascomycota_Saccharomycotina_Saccharomycetes_Saccharomycetales_Saccharomyces_cerevisiae_baker_s_yeast, Node1652*)",1161,0.9080570735543574,0.921514902531969,c3,branch_to_yeast
"(Eukaryota_Opisthokonta_Nucletmycea_Fungi_Dikarya_Ascomycota_Saccharomycotina_Saccharomycetes_Saccharomycetales_Saccharomyces_cerevisiae_baker_s_yeast, Node1652*)",1162,0.9080570726075052,0.7421390212290799,c4,branch_to_yeast
"(Eukaryota_Opisthokonta_Nucletmycea_Fungi_Dikarya_Ascomycota_Saccharomycotina_Saccharomycetes_Saccharomycetales_Saccharomyces_cerevisiae_baker_s_yeast, Node1652*)",1163,0.5440990587203809,0.921514902531969,c3,branch_to_yeast
"(Eukaryota_Opisthokonta_Nucletmycea_Fungi_Dikarya_Ascomycota_Saccharomycotina_Saccharomycetes_Saccharomycetales_Saccharomyces_cerevisiae_baker_s_yeast, Node1652*)",1164,0.544099201687388,0.921514902531969,c3,branch_to_yeast
"(Eukaryota_Opisthokonta_Nucletmycea_Fungi_Dikarya_Ascomycota_Saccharomycotina_Saccharomycetes_Saccharomycetales_Saccharomyces_cerevisiae_baker_s_yeast, Node1652*)",1165,0.9080570735543574,0.921514902531969,c3,branch_to_yeast
"(Eukaryota_Opisthokonta_Nucletmycea_Fungi_Dikarya_Ascomycota_Saccharomycotina_Saccharomycetes_Saccharomycetales_Saccharomyces_cerevisiae_baker_s_yeast, Node1652*)",1166,-4.85168865809012e-17,0.921514902531969,c3,branch_to_yeast
"(Eukaryota_Opisthokonta_Nucletmycea_Fungi_Dikarya_Ascomycota_Saccharomycotina_Saccharomycetes_Saccharomycetales_Saccharomyces_cerevisiae_baker_s_yeast, Node1652*)",1167,0.9585603435847064,0.921514902531969,c3,branch_to_yeast
"(Eukaryota_Opisthokonta_Nucletmycea_Fungi_Dikarya_Ascomycota_Saccharomycotina_Saccharomycetes_Saccharomycetales_Saccharomyces_cerevisiae_baker_s_yeast, Node1652*)",1168,0.544099058720381,0.921514902531969,c3,branch_to_yeast
"(Eukaryota_Opisthokonta_Nucletmycea_Fungi_Dikarya_Ascomycota_Saccharomycotina_Saccharomycetes_Saccharomycetales_Saccharomyces_cerevisiae_baker_s_yeast, Node1652*)",1169,1.6372983367928846,0.921514902531969,c3,branch_to_yeast
"(Eukaryota_Opisthokonta_Nucletmycea_Fungi_Dikarya_Ascomycota_Saccharomycotina_Saccharomycetes_Saccharomycetales_Saccharomyces_cerevisiae_baker_s_yeast, Node1652*)",1170,1.6372983309740663,0.7421390212290799,c4,branch_to_yeast
"(Eukaryota_Opisthokonta_Nucletmycea_Fungi_Dikarya_Ascomycota_Saccharomycotina_Saccharomycetes_Saccharomycetales_Saccharomyces_cerevisiae_baker_s_yeast, Node1652*)",1171,1.6372983311639278,0.7421390212290799,c4,branch_to_yeast
"(Eukaryota_Opisthokonta_Nucletmycea_Fungi_Dikarya_Ascomycota_Saccharomycotina_Saccharomycetes_Saccharomycetales_Saccharomyces_cerevisiae_baker_s_yeast, Node1652*)",1172,0.5440990573737673,0.7421390212290799,c4,branch_to_yeast
"(Eukaryota_Opisthokonta_Nucletmycea_Fungi_Dikarya_Ascomycota_Saccharomycotina_Saccharomycetes_Saccharomycetales_Saccharomyces_cerevisiae_baker_s_yeast, Node1652*)",1173,1.6372983311639282,0.7421390212290799,c4,branch_to_yeast
"(Eukaryota_Opisthokonta_Nucletmycea_Fungi_Dikarya_Ascomycota_Saccharomycotina_Saccharomycetes_Saccharomycetales_Saccharomyces_cerevisiae_baker_s_yeast, Node1652*)",1174,0.9080570735543574,0.921514902531969,c3,branch_to_yeast
"(Eukaryota_Opisthokonta_Nucletmycea_Fungi_Dikarya_Ascomycota_Saccharomycotina_Saccharomycetes_Saccharomycetales_Saccharomyces_cerevisiae_baker_s_yeast, Node1652*)",1175,1.6372983367928842,0.921514902531969,c3,branch_to_yeast
"(Eukaryota_Opisthokonta_Nucletmycea_Fungi_Dikarya_Ascomycota_Saccharomycotina_Saccharomycetes_Saccharomycetales_Saccharomyces_cerevisiae_baker_s_yeast, Node1652*)",1176,0.9585603435847064,0.921514902531969,c3,branch_to_yeast
"(Eukaryota_Opisthokonta_Nucletmycea_Fungi_Dikarya_Ascomycota_Saccharomycotina_Saccharomycetes_Saccharomycetales_Saccharomyces_cerevisiae_baker_s_yeast, Node1652*)",1177,0.9585603439457026,0.939546945073676,c2,branch_to_yeast
"(Eukaryota_Opisthokonta_Nucletmycea_Fungi_Dikarya_Ascomycota_Saccharomycotina_Saccharomycetes_Saccharomycetales_Saccharomyces_cerevisiae_baker_s_yeast, Node1652*)",1178,1.6372983373746666,0.939546945073676,c2,branch_to_yeast
"(Eukaryota_Opisthokonta_Nucletmycea_Fungi_Dikarya_Ascomycota_Saccharomycotina_Saccharomycetes_Saccharomycetales_Saccharomyces_cerevisiae_baker_s_yeast, Node1652*)",1179,0.5440990588598469,0.939546945073676,c2,branch_to_yeast
"(Eukaryota_Opisthokonta_Nucletmycea_Fungi_Dikarya_Ascomycota_Saccharomycotina_Saccharomycetes_Saccharomycetales_Saccharomyces_cerevisiae_baker_s_yeast, Node1652*)",1180,1.6372983367928842,0.921514902531969,c3,branch_to_yeast
"(Eukaryota_Opisthokonta_Nucletmycea_Fungi_Dikarya_Ascomycota_Saccharomycotina_Saccharomycetes_Saccharomycetales_Saccharomyces_cerevisiae_baker_s_yeast, Node1652*)",1181,1.6372983373746668,0.939546945073676,c2,branch_to_yeast
"(Eukaryota_Opisthokonta_Nucletmycea_Fungi_Dikarya_Ascomycota_Saccharomycotina_Saccharomycetes_Saccharomycetales_Saccharomyces_cerevisiae_baker_s_yeast, Node1652*)",1182,0.908057073652776,0.939546945073676,c2,branch_to_yeast
"(Eukaryota_Opisthokonta_Nucletmycea_Fungi_Dikarya_Ascomycota_Saccharomycotina_Saccharomycetes_Saccharomycetales_Saccharomyces_cerevisiae_baker_s_yeast, Node1652*)",1183,0.9080570726075052,0.7421390212290799,c4,branch_to_yeast
"(Eukaryota_Opisthokonta_Nucletmycea_Fungi_Dikarya_Ascomycota_Saccharomycotina_Saccharomycetes_Saccharomycetales_Saccharomyces_cerevisiae_baker_s_yeast, Node1652*)",1184,0.5440990588598468,0.939546945073676,c2,branch_to_yeast
"(Eukaryota_Opisthokonta_Nucletmycea_Fungi_Dikarya_Ascomycota_Saccharomycotina_Saccharomycetes_Saccharomycetales_Saccharomyces_cerevisiae_baker_s_yeast, Node1652*)",1185,1.6372983367928846,0.921514902531969,c3,branch_to_yeast
"(Eukaryota_Opisthokonta_Nucletmycea_Fungi_Dikarya_Ascomycota_Saccharomycotina_Saccharomycetes_Saccharomycetales_Saccharomyces_cerevisiae_baker_s_yeast, Node1652*)",1186,0.9585603439987752,0.9304262177623468,c1,branch_to_yeast
"(Eukaryota_Opisthokonta_Nucletmycea_Fungi_Dikarya_Ascomycota_Saccharomycotina_Saccharomycetes_Saccharomycetales_Saccharomyces_cerevisiae_baker_s_yeast, Node1652*)",1187,0.5440990587203811,0.921514902531969,c3,branch_to_yeast
"(Eukaryota_Opisthokonta_Nucletmycea_Fungi_Dikarya_Ascomycota_Saccharomycotina_Saccharomycetes_Saccharomycetales_Saccharomyces_cerevisiae_baker_s_yeast, Node1652*)",1188,0.9585603439457028,0.939546945073676,c2,branch_to_yeast
"(Eukaryota_Opisthokonta_Nucletmycea_Fungi_Dikarya_Ascomycota_Saccharomycotina_Saccharomycetes_Saccharomycetales_Saccharomyces_cerevisiae_baker_s_yeast, Node1652*)",1189,0.5440990588803539,0.9304262177623468,c1,branch_to_yeast
"(Eukaryota_Opisthokonta_Nucletmycea_Fungi_Dikarya_Ascomycota_Saccharomycotina_Saccharomycetes_Saccharomycetales_Saccharomyces_cerevisiae_baker_s_yeast, Node1652*)",1190,0.5440990588803539,0.9304262177623468,c1,branch_to_yeast
"(Eukaryota_Opisthokonta_Nucletmycea_Fungi_Dikarya_Ascomycota_Saccharomycotina_Saccharomycetes_Saccharomycetales_Saccharomyces_cerevisiae_baker_s_yeast, Node1652*)",1191,0.5440990588803539,0.9304262177623468,c1,branch_to_yeast
"(Eukaryota_Opisthokonta_Nucletmycea_Fungi_Dikarya_Ascomycota_Saccharomycotina_Saccharomycetes_Saccharomycetales_Saccharomyces_cerevisiae_baker_s_yeast, Node1652*)",1192,0.908057073652776,0.939546945073676,c2,branch_to_yeast
"(Eukaryota_Opisthokonta_Nucletmycea_Fungi_Dikarya_Ascomycota_Saccharomycotina_Saccharomycetes_Saccharomycetales_Saccharomyces_cerevisiae_baker_s_yeast, Node1652*)",1193,1.6372983374601653,0.9304262177623468,c1,branch_to_yeast
"(Eukaryota_Opisthokonta_Nucletmycea_Fungi_Dikarya_Ascomycota_Saccharomycotina_Saccharomycetes_Saccharomycetales_Saccharomyces_cerevisiae_baker_s_yeast, Node1652*)",1194,6.158457555527113e-18,0.921514902531969,c3,branch_to_yeast
"(Eukaryota_Opisthokonta_Nucletmycea_Fungi_Dikarya_Ascomycota_Saccharomycotina_Saccharomycetes_Saccharomycetales_Saccharomyces_cerevisiae_baker_s_yeast, Node1652*)",1195,-3.9666831408963136e-17,0.921514902531969,c3,branch_to_yeast
"(Eukaryota_Opisthokonta_Nucletmycea_Fungi_Dikarya_Ascomycota_Saccharomycotina_Saccharomycetes_Saccharomycetales_Saccharomyces_cerevisiae_baker_s_yeast, Node1652*)",1196,0.5440990588803539,0.9304262177623468,c1,branch_to_yeast
"(Eukaryota_Opisthokonta_Nucletmycea_Fungi_Dikarya_Ascomycota_Saccharomycotina_Saccharomycetes_Saccharomycetales_Saccharomyces_cerevisiae_baker_s_yeast, Node1652*)",1197,0.5440990588803539,0.9304262177623468,c1,branch_to_yeast
"(Eukaryota_Opisthokonta_Nucletmycea_Fungi_Dikarya_Ascomycota_Saccharomycotina_Saccharomycetes_Saccharomycetales_Saccharomyces_cerevisiae_baker_s_yeast, Node1652*)",1198,0.5440990588803539,0.9304262177623468,c1,branch_to_yeast
"(Eukaryota_Opisthokonta_Nucletmycea_Fungi_Dikarya_Ascomycota_Saccharomycotina_Saccharomycetes_Saccharomycetales_Saccharomyces_cerevisiae_baker_s_yeast, Node1652*)",1199,0.9585603439457024,0.939546945073676,c2,branch_to_yeast
"(Eukaryota_Opisthokonta_Nucletmycea_Fungi_Dikarya_Ascomycota_Saccharomycotina_Saccharomycetes_Saccharomycetales_Saccharomyces_cerevisiae_baker_s_yeast, Node1652*)",1200,0.908057073652776,0.939546945073676,c2,branch_to_yeast
"(Eukaryota_Opisthokonta_Nucletmycea_Fungi_Dikarya_Ascomycota_Saccharomycotina_Saccharomycetes_Saccharomycetales_Saccharomyces_cerevisiae_baker_s_yeast, Node1652*)",1201,1.63729792582716,0.7421390212290799,c4,branch_to_yeast
"(Eukaryota_Opisthokonta_Nucletmycea_Fungi_Dikarya_Ascomycota_Saccharomycotina_Saccharomycetes_Saccharomycetales_Saccharomyces_cerevisiae_baker_s_yeast, Node1652*)",1202,0.9080570735543574,0.921514902531969,c3,branch_to_yeast
"(Eukaryota_Opisthokonta_Nucletmycea_Fungi_Dikarya_Ascomycota_Saccharomycotina_Saccharomycetes_Saccharomycetales_Saccharomyces_cerevisiae_baker_s_yeast, Node1652*)",1203,0.908057073652776,0.939546945073676,c2,branch_to_yeast
"(Eukaryota_Opisthokonta_Nucletmycea_Fungi_Dikarya_Ascomycota_Saccharomycotina_Saccharomycetes_Saccharomycetales_Saccharomyces_cerevisiae_baker_s_yeast, Node1652*)",1204,0.908057073652776,0.939546945073676,c2,branch_to_yeast
"(Eukaryota_Opisthokonta_Nucletmycea_Fungi_Dikarya_Ascomycota_Saccharomycotina_Saccharomycetes_Saccharomycetales_Saccharomyces_cerevisiae_baker_s_yeast, Node1652*)",1205,0.9585603439457024,0.939546945073676,c2,branch_to_yeast
"(Eukaryota_Opisthokonta_Nucletmycea_Fungi_Dikarya_Ascomycota_Saccharomycotina_Saccharomycetes_Saccharomycetales_Saccharomyces_cerevisiae_baker_s_yeast, Node1652*)",1206,0.9585603435847064,0.921514902531969,c3,branch_to_yeast
"(Eukaryota_Opisthokonta_Nucletmycea_Fungi_Dikarya_Ascomycota_Saccharomycotina_Saccharomycetes_Saccharomycetales_Saccharomyces_cerevisiae_baker_s_yeast, Node1652*)",1207,0.9585603435847064,0.921514902531969,c3,branch_to_yeast
"(Eukaryota_Opisthokonta_Nucletmycea_Fungi_Dikarya_Ascomycota_Saccharomycotina_Saccharomycetes_Saccharomycetales_Saccharomyces_cerevisiae_baker_s_yeast, Node1652*)",1208,0.9080570736672594,0.9304262177623468,c1,branch_to_yeast
"(Eukaryota_Opisthokonta_Nucletmycea_Fungi_Dikarya_Ascomycota_Saccharomycotina_Saccharomycetes_Saccharomycetales_Saccharomyces_cerevisiae_baker_s_yeast, Node1652*)",1209,0.9080570736672596,0.9304262177623468,c1,branch_to_yeast
"(Eukaryota_Opisthokonta_Nucletmycea_Fungi_Dikarya_Ascomycota_Saccharomycotina_Saccharomycetes_Saccharomycetales_Saccharomyces_cerevisiae_baker_s_yeast, Node1652*)",1210,1.6372983373746668,0.939546945073676,c2,branch_to_yeast
"(Eukaryota_Opisthokonta_Nucletmycea_Fungi_Dikarya_Ascomycota_Saccharomycotina_Saccharomycetes_Saccharomycetales_Saccharomyces_cerevisiae_baker_s_yeast, Node1652*)",1211,0.9080570736672594,0.9304262177623468,c1,branch_to_yeast
"(Eukaryota_Opisthokonta_Nucletmycea_Fungi_Dikarya_Ascomycota_Saccharomycotina_Saccharomycetes_Saccharomycetales_Saccharomyces_cerevisiae_baker_s_yeast, Node1652*)",1212,0.958560343998775,0.9304262177623468,c1,branch_to_yeast
"(Eukaryota_Opisthokonta_Nucletmycea_Fungi_Dikarya_Ascomycota_Saccharomycotina_Saccharomycetes_Saccharomycetales_Saccharomyces_cerevisiae_baker_s_yeast, Node1652*)",1213,0.958560343998775,0.9304262177623468,c1,branch_to_yeast
"(Eukaryota_Opisthokonta_Nucletmycea_Fungi_Dikarya_Ascomycota_Saccharomycotina_Saccharomycetes_Saccharomycetales_Saccharomyces_cerevisiae_baker_s_yeast, Node1652*)",1214,0.9585603439987752,0.9304262177623468,c1,branch_to_yeast
"(Eukaryota_Opisthokonta_Nucletmycea_Fungi_Dikarya_Ascomycota_Saccharomycotina_Saccharomycetes_Saccharomycetales_Saccharomyces_cerevisiae_baker_s_yeast, Node1652*)",1215,0.9585603439987752,0.9304262177623468,c1,branch_to_yeast
"(Eukaryota_Opisthokonta_Nucletmycea_Fungi_Dikarya_Ascomycota_Saccharomycotina_Saccharomycetes_Saccharomycetales_Saccharomyces_cerevisiae_baker_s_yeast, Node1652*)",1216,0.9585603439987752,0.9304262177623468,c1,branch_to_yeast
"(Eukaryota_Opisthokonta_Nucletmycea_Fungi_Dikarya_Ascomycota_Saccharomycotina_Saccharomycetes_Saccharomycetales_Saccharomyces_cerevisiae_baker_s_yeast, Node1652*)",1217,0.9585603439457026,0.939546945073676,c2,branch_to_yeast
"(Eukaryota_Opisthokonta_Nucletmycea_Fungi_Dikarya_Ascomycota_Saccharomycotina_Saccharomycetes_Saccharomycetales_Saccharomyces_cerevisiae_baker_s_yeast, Node1652*)",1218,0.5440990588803539,0.9304262177623468,c1,branch_to_yeast
"(Eukaryota_Opisthokonta_Nucletmycea_Fungi_Dikarya_Ascomycota_Saccharomycotina_Saccharomycetes_Saccharomycetales_Saccharomyces_cerevisiae_baker_s_yeast, Node1652*)",1219,0.9585603439457026,0.939546945073676,c2,branch_to_yeast
"(Eukaryota_Opisthokonta_Nucletmycea_Fungi_Dikarya_Ascomycota_Saccharomycotina_Saccharomycetes_Saccharomycetales_Saccharomyces_cerevisiae_baker_s_yeast, Node1652*)",1220,0.9080570736672596,0.9304262177623468,c1,branch_to_yeast
"(Eukaryota_Opisthokonta_Nucletmycea_Fungi_Dikarya_Ascomycota_Saccharomycotina_Saccharomycetes_Saccharomycetales_Saccharomyces_cerevisiae_baker_s_yeast, Node1652*)",1221,0.544099058880354,0.9304262177623468,c1,branch_to_yeast
"(Eukaryota_Opisthokonta_Nucletmycea_Fungi_Dikarya_Ascomycota_Saccharomycotina_Saccharomycetes_Saccharomycetales_Saccharomyces_cerevisiae_baker_s_yeast, Node1652*)",1222,0.9080570736672596,0.9304262177623468,c1,branch_to_yeast
"(Eukaryota_Opisthokonta_Nucletmycea_Fungi_Dikarya_Ascomycota_Saccharomycotina_Saccharomycetes_Saccharomycetales_Saccharomyces_cerevisiae_baker_s_yeast, Node1652*)",1223,0.9585603439987748,0.9304262177623468,c1,branch_to_yeast
"(Eukaryota_Opisthokonta_Nucletmycea_Fungi_Dikarya_Ascomycota_Saccharomycotina_Saccharomycetes_Saccharomycetales_Saccharomyces_cerevisiae_baker_s_yeast, Node1652*)",1224,0.9585603435847064,0.921514902531969,c3,branch_to_yeast
"(Eukaryota_Opisthokonta_Nucletmycea_Fungi_Dikarya_Ascomycota_Saccharomycotina_Saccharomycetes_Saccharomycetales_Saccharomyces_cerevisiae_baker_s_yeast, Node1652*)",1225,0.9080570735543574,0.921514902531969,c3,branch_to_yeast
"(Eukaryota_Opisthokonta_Nucletmycea_Fungi_Dikarya_Ascomycota_Saccharomycotina_Saccharomycetes_Saccharomycetales_Saccharomyces_cerevisiae_baker_s_yeast, Node1652*)",1226,1.6372983374601646,0.9304262177623468,c1,branch_to_yeast
"(Eukaryota_Opisthokonta_Nucletmycea_Fungi_Dikarya_Ascomycota_Saccharomycotina_Saccharomycetes_Saccharomycetales_Saccharomyces_cerevisiae_baker_s_yeast, Node1652*)",1227,0.958560343998775,0.9304262177623468,c1,branch_to_yeast
"(Eukaryota_Opisthokonta_Nucletmycea_Fungi_Dikarya_Ascomycota_Saccharomycotina_Saccharomycetes_Saccharomycetales_Saccharomyces_cerevisiae_baker_s_yeast, Node1652*)",1228,1.6372983374601648,0.9304262177623468,c1,branch_to_yeast
"(Eukaryota_Opisthokonta_Nucletmycea_Fungi_Dikarya_Ascomycota_Saccharomycotina_Saccharomycetes_Saccharomycetales_Saccharomyces_cerevisiae_baker_s_yeast, Node1652*)",1229,0.5440990588803539,0.9304262177623468,c1,branch_to_yeast
"(Eukaryota_Opisthokonta_Nucletmycea_Fungi_Dikarya_Ascomycota_Saccharomycotina_Saccharomycetes_Saccharomycetales_Saccharomyces_cerevisiae_baker_s_yeast, Node1652*)",1230,0.5440990588803539,0.9304262177623468,c1,branch_to_yeast
"(Eukaryota_Opisthokonta_Nucletmycea_Fungi_Dikarya_Ascomycota_Saccharomycotina_Saccharomycetes_Saccharomycetales_Saccharomyces_cerevisiae_baker_s_yeast, Node1652*)",1231,0.958560343998775,0.9304262177623468,c1,branch_to_yeast
"(Eukaryota_Opisthokonta_Nucletmycea_Fungi_Dikarya_Ascomycota_Saccharomycotina_Saccharomycetes_Saccharomycetales_Saccharomyces_cerevisiae_baker_s_yeast, Node1652*)",1232,0.9585603435847064,0.921514902531969,c3,branch_to_yeast
"(Eukaryota_Opisthokonta_Nucletmycea_Fungi_Dikarya_Ascomycota_Saccharomycotina_Saccharomycetes_Saccharomycetales_Saccharomyces_cerevisiae_baker_s_yeast, Node1652*)",1233,1.6372983367928846,0.921514902531969,c3,branch_to_yeast
"(Eukaryota_Opisthokonta_Nucletmycea_Fungi_Dikarya_Ascomycota_Saccharomycotina_Saccharomycetes_Saccharomycetales_Saccharomyces_cerevisiae_baker_s_yeast, Node1652*)",1234,0.9080570736672596,0.9304262177623468,c1,branch_to_yeast
"(Eukaryota_Opisthokonta_Nucletmycea_Fungi_Dikarya_Ascomycota_Saccharomycotina_Saccharomycetes_Saccharomycetales_Saccharomyces_cerevisiae_baker_s_yeast, Node1652*)",1235,0.9585603439457026,0.939546945073676,c2,branch_to_yeast
"(Eukaryota_Opisthokonta_Nucletmycea_Fungi_Dikarya_Ascomycota_Saccharomycotina_Saccharomycetes_Saccharomycetales_Saccharomyces_cerevisiae_baker_s_yeast, Node1652*)",1236,0.5440990588803539,0.9304262177623468,c1,branch_to_yeast
"(Eukaryota_Opisthokonta_Nucletmycea_Fungi_Dikarya_Ascomycota_Saccharomycotina_Saccharomycetes_Saccharomycetales_Saccharomyces_cerevisiae_baker_s_yeast, Node1652*)",1237,0.5440990588803539,0.9304262177623468,c1,branch_to_yeast
"(Eukaryota_Opisthokonta_Nucletmycea_Fungi_Dikarya_Ascomycota_Saccharomycotina_Saccharomycetes_Saccharomycetales_Saccharomyces_cerevisiae_baker_s_yeast, Node1652*)",1238,0.5440990588803539,0.9304262177623468,c1,branch_to_yeast
"(Eukaryota_Opisthokonta_Nucletmycea_Fungi_Dikarya_Ascomycota_Saccharomycotina_Saccharomycetes_Saccharomycetales_Saccharomyces_cerevisiae_baker_s_yeast, Node1652*)",1239,1.6372983374601648,0.9304262177623468,c1,branch_to_yeast
"(Eukaryota_Opisthokonta_Nucletmycea_Fungi_Dikarya_Ascomycota_Saccharomycotina_Saccharomycetes_Saccharomycetales_Saccharomyces_cerevisiae_baker_s_yeast, Node1652*)",1240,0.9080570736672594,0.9304262177623468,c1,branch_to_yeast
"(Eukaryota_Opisthokonta_Nucletmycea_Fungi_Dikarya_Ascomycota_Saccharomycotina_Saccharomycetes_Saccharomycetales_Saccharomyces_cerevisiae_baker_s_yeast, Node1652*)",1241,0.9080570736672594,0.9304262177623468,c1,branch_to_yeast
"(Eukaryota_Opisthokonta_Nucletmycea_Fungi_Dikarya_Ascomycota_Saccharomycotina_Saccharomycetes_Saccharomycetales_Saccharomyces_cerevisiae_baker_s_yeast, Node1652*)",1242,0.5440990588803538,0.9304262177623468,c1,branch_to_yeast
"(Eukaryota_Opisthokonta_Nucletmycea_Fungi_Dikarya_Ascomycota_Saccharomycotina_Saccharomycetes_Saccharomycetales_Saccharomyces_cerevisiae_baker_s_yeast, Node1652*)",1243,0.5440990588803539,0.9304262177623468,c1,branch_to_yeast
"(Eukaryota_Opisthokonta_Nucletmycea_Fungi_Dikarya_Ascomycota_Saccharomycotina_Saccharomycetes_Saccharomycetales_Saccharomyces_cerevisiae_baker_s_yeast, Node1652*)",1244,0.5440990588803539,0.9304262177623468,c1,branch_to_yeast
"(Eukaryota_Opisthokonta_Nucletmycea_Fungi_Dikarya_Ascomycota_Saccharomycotina_Saccharomycetes_Saccharomycetales_Saccharomyces_cerevisiae_baker_s_yeast, Node1652*)",1245,0.9585603439987752,0.9304262177623468,c1,branch_to_yeast
"(Eukaryota_Opisthokonta_Nucletmycea_Fungi_Dikarya_Ascomycota_Saccharomycotina_Saccharomycetes_Saccharomycetales_Saccharomyces_cerevisiae_baker_s_yeast, Node1652*)",1246,0.9585603439457026,0.939546945073676,c2,branch_to_yeast
"(Eukaryota_Opisthokonta_Nucletmycea_Fungi_Dikarya_Ascomycota_Saccharomycotina_Saccharomycetes_Saccharomycetales_Saccharomyces_cerevisiae_baker_s_yeast, Node1652*)",1247,0.5440990588803539,0.9304262177623468,c1,branch_to_yeast
"(Eukaryota_Opisthokonta_Nucletmycea_Fungi_Dikarya_Ascomycota_Saccharomycotina_Saccharomycetes_Saccharomycetales_Saccharomyces_cerevisiae_baker_s_yeast, Node1652*)",1248,0.5440990588803539,0.9304262177623468,c1,branch_to_yeast
"(Eukaryota_Opisthokonta_Nucletmycea_Fungi_Dikarya_Ascomycota_Saccharomycotina_Saccharomycetes_Saccharomycetales_Saccharomyces_cerevisiae_baker_s_yeast, Node1652*)",1249,0.9080570736672594,0.9304262177623468,c1,branch_to_yeast
"(Eukaryota_Opisthokonta_Nucletmycea_Fungi_Dikarya_Ascomycota_Saccharomycotina_Saccharomycetes_Saccharomycetales_Saccharomyces_cerevisiae_baker_s_yeast, Node1652*)",1250,0.9080570736672596,0.9304262177623468,c1,branch_to_yeast
"(Eukaryota_Opisthokonta_Nucletmycea_Fungi_Dikarya_Ascomycota_Saccharomycotina_Saccharomycetes_Saccharomycetales_Saccharomyces_cerevisiae_baker_s_yeast, Node1652*)",1251,0.9585603439987752,0.9304262177623468,c1,branch_to_yeast
"(Eukaryota_Opisthokonta_Nucletmycea_Fungi_Dikarya_Ascomycota_Saccharomycotina_Saccharomycetes_Saccharomycetales_Saccharomyces_cerevisiae_baker_s_yeast, Node1652*)",1252,0.5440990588803539,0.9304262177623468,c1,branch_to_yeast
"(Eukaryota_Opisthokonta_Nucletmycea_Fungi_Dikarya_Ascomycota_Saccharomycotina_Saccharomycetes_Saccharomycetales_Saccharomyces_cerevisiae_baker_s_yeast, Node1652*)",1253,1.6372983374601648,0.9304262177623468,c1,branch_to_yeast
"(Eukaryota_Opisthokonta_Nucletmycea_Fungi_Dikarya_Ascomycota_Saccharomycotina_Saccharomycetes_Saccharomycetales_Saccharomyces_cerevisiae_baker_s_yeast, Node1652*)",1254,0.9585603439987752,0.9304262177623468,c1,branch_to_yeast
"(Eukaryota_Opisthokonta_Nucletmycea_Fungi_Dikarya_Ascomycota_Saccharomycotina_Saccharomycetes_Saccharomycetales_Saccharomyces_cerevisiae_baker_s_yeast, Node1652*)",1255,0.9585603439987752,0.9304262177623468,c1,branch_to_yeast
"(Eukaryota_Opisthokonta_Nucletmycea_Fungi_Dikarya_Ascomycota_Saccharomycotina_Saccharomycetes_Saccharomycetales_Saccharomyces_cerevisiae_baker_s_yeast, Node1652*)",1256,0.5440990588803539,0.9304262177623468,c1,branch_to_yeast
"(Eukaryota_Opisthokonta_Nucletmycea_Fungi_Dikarya_Ascomycota_Saccharomycotina_Saccharomycetes_Saccharomycetales_Saccharomyces_cerevisiae_baker_s_yeast, Node1652*)",1257,0.544099058880354,0.9304262177623468,c1,branch_to_yeast
"(Eukaryota_Opisthokonta_Nucletmycea_Fungi_Dikarya_Ascomycota_Saccharomycotina_Saccharomycetes_Saccharomycetales_Saccharomyces_cerevisiae_baker_s_yeast, Node1652*)",1258,0.9585603439457026,0.939546945073676,c2,branch_to_yeast
"(Eukaryota_Opisthokonta_Nucletmycea_Fungi_Dikarya_Ascomycota_Saccharomycotina_Saccharomycetes_Saccharomycetales_Saccharomyces_cerevisiae_baker_s_yeast, Node1652*)",1259,0.9585603439457026,0.939546945073676,c2,branch_to_yeast
"(Eukaryota_Opisthokonta_Nucletmycea_Fungi_Dikarya_Ascomycota_Saccharomycotina_Saccharomycetes_Saccharomycetales_Saccharomyces_cerevisiae_baker_s_yeast, Node1652*)",1260,0.958560343998775,0.9304262177623468,c1,branch_to_yeast
"(Eukaryota_Opisthokonta_Nucletmycea_Fungi_Dikarya_Ascomycota_Saccharomycotina_Saccharomycetes_Saccharomycetales_Saccharomyces_cerevisiae_baker_s_yeast, Node1652*)",1261,1.6372983374601648,0.9304262177623468,c1,branch_to_yeast
"(Eukaryota_Opisthokonta_Nucletmycea_Fungi_Dikarya_Ascomycota_Saccharomycotina_Saccharomycetes_Saccharomycetales_Saccharomyces_cerevisiae_baker_s_yeast, Node1652*)",1262,0.5440990588803539,0.9304262177623468,c1,branch_to_yeast
"(Eukaryota_Opisthokonta_Nucletmycea_Fungi_Dikarya_Ascomycota_Saccharomycotina_Saccharomycetes_Saccharomycetales_Saccharomyces_cerevisiae_baker_s_yeast, Node1652*)",1263,1.6372983374601648,0.9304262177623468,c1,branch_to_yeast
"(Eukaryota_Opisthokonta_Nucletmycea_Fungi_Dikarya_Ascomycota_Saccharomycotina_Saccharomycetes_Saccharomycetales_Saccharomyces_cerevisiae_baker_s_yeast, Node1652*)",1264,1.6372983374601648,0.9304262177623468,c1,branch_to_yeast
"(Eukaryota_Opisthokonta_Nucletmycea_Fungi_Dikarya_Ascomycota_Saccharomycotina_Saccharomycetes_Saccharomycetales_Saccharomyces_cerevisiae_baker_s_yeast, Node1652*)",1265,-7.541400644351273e-18,0.921514902531969,c3,branch_to_yeast
"(Eukaryota_Opisthokonta_Nucletmycea_Fungi_Dikarya_Ascomycota_Saccharomycotina_Saccharomycetes_Saccharomycetales_Saccharomyces_cerevisiae_baker_s_yeast, Node1652*)",1266,0.5440990588803539,0.9304262177623468,c1,branch_to_yeast
"(Eukaryota_Opisthokonta_Nucletmycea_Fungi_Dikarya_Ascomycota_Saccharomycotina_Saccharomycetes_Saccharomycetales_Saccharomyces_cerevisiae_baker_s_yeast, Node1652*)",1267,1.6372983374601648,0.9304262177623468,c1,branch_to_yeast
"(Eukaryota_Opisthokonta_Nucletmycea_Fungi_Dikarya_Ascomycota_Saccharomycotina_Saccharomycetes_Saccharomycetales_Saccharomyces_cerevisiae_baker_s_yeast, Node1652*)",1268,1.6372983374601648,0.9304262177623468,c1,branch_to_yeast
"(Eukaryota_Opisthokonta_Nucletmycea_Fungi_Dikarya_Ascomycota_Saccharomycotina_Saccharomycetes_Saccharomycetales_Saccharomyces_cerevisiae_baker_s_yeast, Node1652*)",1269,0.5440990588803539,0.9304262177623468,c1,branch_to_yeast
"(Eukaryota_Opisthokonta_Nucletmycea_Fungi_Dikarya_Ascomycota_Saccharomycotina_Saccharomycetes_Saccharomycetales_Saccharomyces_cerevisiae_baker_s_yeast, Node1652*)",1270,0.9585603439987752,0.9304262177623468,c1,branch_to_yeast
"(Eukaryota_Opisthokonta_Nucletmycea_Fungi_Dikarya_Ascomycota_Saccharomycotina_Saccharomycetes_Saccharomycetales_Saccharomyces_cerevisiae_baker_s_yeast, Node1652*)",1271,0.958560343998775,0.9304262177623468,c1,branch_to_yeast
"(Eukaryota_Opisthokonta_Nucletmycea_Fungi_Dikarya_Ascomycota_Saccharomycotina_Saccharomycetes_Saccharomycetales_Saccharomyces_cerevisiae_baker_s_yeast, Node1652*)",1272,0.5440990588598469,0.939546945073676,c2,branch_to_yeast
"(Eukaryota_Opisthokonta_Nucletmycea_Fungi_Dikarya_Ascomycota_Saccharomycotina_Saccharomycetes_Saccharomycetales_Saccharomyces_cerevisiae_baker_s_yeast, Node1652*)",1273,0.958560343998775,0.9304262177623468,c1,branch_to_yeast
"(Eukaryota_Opisthokonta_Nucletmycea_Fungi_Dikarya_Ascomycota_Saccharomycotina_Saccharomycetes_Saccharomycetales_Saccharomyces_cerevisiae_baker_s_yeast, Node1652*)",1274,0.9080570736672596,0.9304262177623468,c1,branch_to_yeast
"(Eukaryota_Opisthokonta_Nucletmycea_Fungi_Dikarya_Ascomycota_Saccharomycotina_Saccharomycetes_Saccharomycetales_Saccharomyces_cerevisiae_baker_s_yeast, Node1652*)",1275,0.9585603439987752,0.9304262177623468,c1,branch_to_yeast
"(Eukaryota_Opisthokonta_Nucletmycea_Fungi_Dikarya_Ascomycota_Saccharomycotina_Saccharomycetes_Saccharomycetales_Saccharomyces_cerevisiae_baker_s_yeast, Node1652*)",1276,0.9585603439987752,0.9304262177623468,c1,branch_to_yeast
"(Eukaryota_Opisthokonta_Nucletmycea_Fungi_Dikarya_Ascomycota_Saccharomycotina_Saccharomycetes_Saccharomycetales_Saccharomyces_cerevisiae_baker_s_yeast, Node1652*)",1277,0.5440990588803539,0.9304262177623468,c1,branch_to_yeast
"(Eukaryota_Opisthokonta_Nucletmycea_Fungi_Dikarya_Ascomycota_Saccharomycotina_Saccharomycetes_Saccharomycetales_Saccharomyces_cerevisiae_baker_s_yeast, Node1652*)",1278,0.9585603439457026,0.939546945073676,c2,branch_to_yeast
"(Eukaryota_Opisthokonta_Nucletmycea_Fungi_Dikarya_Ascomycota_Saccharomycotina_Saccharomycetes_Saccharomycetales_Saccharomyces_cerevisiae_baker_s_yeast, Node1652*)",1279,1.6372983373746666,0.939546945073676,c2,branch_to_yeast
"(Eukaryota_Opisthokonta_Nucletmycea_Fungi_Dikarya_Ascomycota_Saccharomycotina_Saccharomycetes_Saccharomycetales_Saccharomyces_cerevisiae_baker_s_yeast, Node1652*)",1280,1.6372983373746668,0.939546945073676,c2,branch_to_yeast
"(Eukaryota_Opisthokonta_Nucletmycea_Fungi_Dikarya_Ascomycota_Saccharomycotina_Saccharomycetes_Saccharomycetales_Saccharomyces_cerevisiae_baker_s_yeast, Node1652*)",1281,0.9080570736672594,0.9304262177623468,c1,branch_to_yeast
"(Eukaryota_Opisthokonta_Nucletmycea_Fungi_Dikarya_Ascomycota_Saccharomycotina_Saccharomycetes_Saccharomycetales_Saccharomyces_cerevisiae_baker_s_yeast, Node1652*)",1282,0.9585603439987752,0.9304262177623468,c1,branch_to_yeast
"(Eukaryota_Opisthokonta_Nucletmycea_Fungi_Dikarya_Ascomycota_Saccharomycotina_Saccharomycetes_Saccharomycetales_Saccharomyces_cerevisiae_baker_s_yeast, Node1652*)",1283,1.6372983374601648,0.9304262177623468,c1,branch_to_yeast
"(Eukaryota_Opisthokonta_Nucletmycea_Fungi_Dikarya_Ascomycota_Saccharomycotina_Saccharomycetes_Saccharomycetales_Saccharomyces_cerevisiae_baker_s_yeast, Node1652*)",1284,0.9585603439987752,0.9304262177623468,c1,branch_to_yeast
"(Eukaryota_Opisthokonta_Nucletmycea_Fungi_Dikarya_Ascomycota_Saccharomycotina_Saccharomycetes_Saccharomycetales_Saccharomyces_cerevisiae_baker_s_yeast, Node1652*)",1285,0.9585603439987752,0.9304262177623468,c1,branch_to_yeast
"(Eukaryota_Opisthokonta_Nucletmycea_Fungi_Dikarya_Ascomycota_Saccharomycotina_Saccharomycetes_Saccharomycetales_Saccharomyces_cerevisiae_baker_s_yeast, Node1652*)",1286,1.6372983374601648,0.9304262177623468,c1,branch_to_yeast
"(Eukaryota_Opisthokonta_Nucletmycea_Fungi_Dikarya_Ascomycota_Saccharomycotina_Saccharomycetes_Saccharomycetales_Saccharomyces_cerevisiae_baker_s_yeast, Node1652*)",1287,0.9080570736672596,0.9304262177623468,c1,branch_to_yeast
"(Eukaryota_Opisthokonta_Nucletmycea_Fungi_Dikarya_Ascomycota_Saccharomycotina_Saccharomycetes_Saccharomycetales_Saccharomyces_cerevisiae_baker_s_yeast, Node1652*)",1288,0.908057073652776,0.939546945073676,c2,branch_to_yeast
"(Eukaryota_Opisthokonta_Nucletmycea_Fungi_Dikarya_Ascomycota_Saccharomycotina_Saccharomycetes_Saccharomycetales_Saccharomyces_cerevisiae_baker_s_yeast, Node1652*)",1289,0.5440990588803537,0.9304262177623468,c1,branch_to_yeast
"(Eukaryota_Opisthokonta_Nucletmycea_Fungi_Dikarya_Ascomycota_Saccharomycotina_Saccharomycetes_Saccharomycetales_Saccharomyces_cerevisiae_baker_s_yeast, Node1652*)",1290,0.5440990588803538,0.9304262177623468,c1,branch_to_yeast
"(Eukaryota_Opisthokonta_Nucletmycea_Fungi_Dikarya_Ascomycota_Saccharomycotina_Saccharomycetes_Saccharomycetales_Saccharomyces_cerevisiae_baker_s_yeast, Node1652*)",1291,0.9080570736672594,0.9304262177623468,c1,branch_to_yeast
"(Eukaryota_Opisthokonta_Nucletmycea_Fungi_Dikarya_Ascomycota_Saccharomycotina_Saccharomycetes_Saccharomycetales_Saccharomyces_cerevisiae_baker_s_yeast, Node1652*)",1292,0.9080570736672596,0.9304262177623468,c1,branch_to_yeast
"(Eukaryota_Opisthokonta_Nucletmycea_Fungi_Dikarya_Ascomycota_Saccharomycotina_Saccharomycetes_Saccharomycetales_Saccharomyces_cerevisiae_baker_s_yeast, Node1652*)",1293,0.9080570736672594,0.9304262177623468,c1,branch_to_yeast
"(Eukaryota_Opisthokonta_Nucletmycea_Fungi_Dikarya_Ascomycota_Saccharomycotina_Saccharomycetes_Saccharomycetales_Saccharomyces_cerevisiae_baker_s_yeast, Node1652*)",1294,0.9585603439987752,0.9304262177623468,c1,branch_to_yeast
"(Eukaryota_Opisthokonta_Nucletmycea_Fungi_Dikarya_Ascomycota_Saccharomycotina_Saccharomycetes_Saccharomycetales_Saccharomyces_cerevisiae_baker_s_yeast, Node1652*)",1295,0.5440990588803539,0.9304262177623468,c1,branch_to_yeast
"(Eukaryota_Opisthokonta_Nucletmycea_Fungi_Dikarya_Ascomycota_Saccharomycotina_Saccharomycetes_Saccharomycetales_Saccharomyces_cerevisiae_baker_s_yeast, Node1652*)",1296,1.6372983367928846,0.921514902531969,c3,branch_to_yeast
"(Eukaryota_Opisthokonta_Nucletmycea_Fungi_Dikarya_Ascomycota_Saccharomycotina_Saccharomycetes_Saccharomycetales_Saccharomyces_cerevisiae_baker_s_yeast, Node1652*)",1297,0.908057073652776,0.939546945073676,c2,branch_to_yeast
"(Eukaryota_Opisthokonta_Nucletmycea_Fungi_Dikarya_Ascomycota_Saccharomycotina_Saccharomycetes_Saccharomycetales_Saccharomyces_cerevisiae_baker_s_yeast, Node1652*)",1298,1.637298337374667,0.939546945073676,c2,branch_to_yeast
"(Eukaryota_Opisthokonta_Nucletmycea_Fungi_Dikarya_Ascomycota_Saccharomycotina_Saccharomycetes_Saccharomycetales_Saccharomyces_cerevisiae_baker_s_yeast, Node1652*)",1299,0.5440990588598469,0.939546945073676,c2,branch_to_yeast
"(Eukaryota_Opisthokonta_Nucletmycea_Fungi_Dikarya_Ascomycota_Saccharomycotina_Saccharomycetes_Saccharomycetales_Saccharomyces_cerevisiae_baker_s_yeast, Node1652*)",1300,0.544099058880354,0.9304262177623468,c1,branch_to_yeast
"(Eukaryota_Opisthokonta_Nucletmycea_Fungi_Dikarya_Ascomycota_Saccharomycotina_Saccharomycetes_Saccharomycetales_Saccharomyces_cerevisiae_baker_s_yeast, Node1652*)",1301,1.6372983374601648,0.9304262177623468,c1,branch_to_yeast
"(Eukaryota_Opisthokonta_Nucletmycea_Fungi_Dikarya_Ascomycota_Saccharomycotina_Saccharomycetes_Saccharomycetales_Saccharomyces_cerevisiae_baker_s_yeast, Node1652*)",1302,0.5440990588598471,0.939546945073676,c2,branch_to_yeast
"(Eukaryota_Opisthokonta_Nucletmycea_Fungi_Dikarya_Ascomycota_Saccharomycotina_Saccharomycetes_Saccharomycetales_Saccharomyces_cerevisiae_baker_s_yeast, Node1652*)",1303,1.6372983374601648,0.9304262177623468,c1,branch_to_yeast
"(Eukaryota_Opisthokonta_Nucletmycea_Fungi_Dikarya_Ascomycota_Saccharomycotina_Saccharomycetes_Saccharomycetales_Saccharomyces_cerevisiae_baker_s_yeast, Node1652*)",1304,0.9585603439987752,0.9304262177623468,c1,branch_to_yeast
"(Eukaryota_Opisthokonta_Nucletmycea_Fungi_Dikarya_Ascomycota_Saccharomycotina_Saccharomycetes_Saccharomycetales_Saccharomyces_cerevisiae_baker_s_yeast, Node1652*)",1305,0.9585603439457024,0.939546945073676,c2,branch_to_yeast
"(Eukaryota_Opisthokonta_Nucletmycea_Fungi_Dikarya_Ascomycota_Saccharomycotina_Saccharomycetes_Saccharomycetales_Saccharomyces_cerevisiae_baker_s_yeast, Node1652*)",1306,0.9585603439457026,0.939546945073676,c2,branch_to_yeast
"(Eukaryota_Opisthokonta_Nucletmycea_Fungi_Dikarya_Ascomycota_Saccharomycotina_Saccharomycetes_Saccharomycetales_Saccharomyces_cerevisiae_baker_s_yeast, Node1652*)",1307,0.9585603439457028,0.939546945073676,c2,branch_to_yeast
"(Eukaryota_Opisthokonta_Nucletmycea_Fungi_Dikarya_Ascomycota_Saccharomycotina_Saccharomycetes_Saccharomycetales_Saccharomyces_cerevisiae_baker_s_yeast, Node1652*)",1308,0.5440990588803539,0.9304262177623468,c1,branch_to_yeast
"(Eukaryota_Opisthokonta_Nucletmycea_Fungi_Dikarya_Ascomycota_Saccharomycotina_Saccharomycetes_Saccharomycetales_Saccharomyces_cerevisiae_baker_s_yeast, Node1652*)",1309,0.5440990588803539,0.9304262177623468,c1,branch_to_yeast
"(Eukaryota_Opisthokonta_Nucletmycea_Fungi_Dikarya_Ascomycota_Saccharomycotina_Saccharomycetes_Saccharomycetales_Saccharomyces_cerevisiae_baker_s_yeast, Node1652*)",1310,0.5440990588598469,0.939546945073676,c2,branch_to_yeast
"(Eukaryota_Opisthokonta_Nucletmycea_Fungi_Dikarya_Ascomycota_Saccharomycotina_Saccharomycetes_Saccharomycetales_Saccharomyces_cerevisiae_baker_s_yeast, Node1652*)",1311,1.6372983374601648,0.9304262177623468,c1,branch_to_yeast
"(Eukaryota_Opisthokonta_Nucletmycea_Fungi_Dikarya_Ascomycota_Saccharomycotina_Saccharomycetes_Saccharomycetales_Saccharomyces_cerevisiae_baker_s_yeast, Node1652*)",1312,0.9080570736672596,0.9304262177623468,c1,branch_to_yeast
"(Eukaryota_Opisthokonta_Nucletmycea_Fungi_Dikarya_Ascomycota_Saccharomycotina_Saccharomycetes_Saccharomycetales_Saccharomyces_cerevisiae_baker_s_yeast, Node1652*)",1313,1.637298337374667,0.939546945073676,c2,branch_to_yeast
"(Eukaryota_Opisthokonta_Nucletmycea_Fungi_Dikarya_Ascomycota_Saccharomycotina_Saccharomycetes_Saccharomycetales_Saccharomyces_cerevisiae_baker_s_yeast, Node1652*)",1314,0.5440990588803538,0.9304262177623468,c1,branch_to_yeast
"(Eukaryota_Opisthokonta_Nucletmycea_Fungi_Dikarya_Ascomycota_Saccharomycotina_Saccharomycetes_Saccharomycetales_Saccharomyces_cerevisiae_baker_s_yeast, Node1652*)",1315,1.6372983374601648,0.9304262177623468,c1,branch_to_yeast
"(Eukaryota_Opisthokonta_Nucletmycea_Fungi_Dikarya_Ascomycota_Saccharomycotina_Saccharomycetes_Saccharomycetales_Saccharomyces_cerevisiae_baker_s_yeast, Node1652*)",1316,1.6372983374601648,0.9304262177623468,c1,branch_to_yeast
"(Eukaryota_Opisthokonta_Nucletmycea_Fungi_Dikarya_Ascomycota_Saccharomycotina_Saccharomycetes_Saccharomycetales_Saccharomyces_cerevisiae_baker_s_yeast, Node1652*)",1317,0.5440990588598469,0.939546945073676,c2,branch_to_yeast
"(Eukaryota_Opisthokonta_Nucletmycea_Fungi_Dikarya_Ascomycota_Saccharomycotina_Saccharomycetes_Saccharomycetales_Saccharomyces_cerevisiae_baker_s_yeast, Node1652*)",1318,0.9585603435847064,0.921514902531969,c3,branch_to_yeast
"(Eukaryota_Opisthokonta_Nucletmycea_Fungi_Dikarya_Ascomycota_Saccharomycotina_Saccharomycetes_Saccharomycetales_Saccharomyces_cerevisiae_baker_s_yeast, Node1652*)",1319,0.9585603439457026,0.939546945073676,c2,branch_to_yeast
"(Eukaryota_Opisthokonta_Nucletmycea_Fungi_Dikarya_Ascomycota_Saccharomycotina_Saccharomycetes_Saccharomycetales_Saccharomyces_cerevisiae_baker_s_yeast, Node1652*)",1320,0.9080570735543574,0.921514902531969,c3,branch_to_yeast
"(Eukaryota_Opisthokonta_Nucletmycea_Fungi_Dikarya_Ascomycota_Saccharomycotina_Saccharomycetes_Saccharomycetales_Saccharomyces_cerevisiae_baker_s_yeast, Node1652*)",1321,1.6372983367928846,0.921514902531969,c3,branch_to_yeast
"(Eukaryota_Opisthokonta_Nucletmycea_Fungi_Dikarya_Ascomycota_Saccharomycotina_Saccharomycetes_Saccharomycetales_Saccharomyces_cerevisiae_baker_s_yeast, Node1652*)",1322,1.6372983374601648,0.9304262177623468,c1,branch_to_yeast
"(Eukaryota_Opisthokonta_Nucletmycea_Fungi_Dikarya_Ascomycota_Saccharomycotina_Saccharomycetes_Saccharomycetales_Saccharomyces_cerevisiae_baker_s_yeast, Node1652*)",1323,0.5440990588598469,0.939546945073676,c2,branch_to_yeast
"(Eukaryota_Opisthokonta_Nucletmycea_Fungi_Dikarya_Ascomycota_Saccharomycotina_Saccharomycetes_Saccharomycetales_Saccharomyces_cerevisiae_baker_s_yeast, Node1652*)",1324,0.9585603439987752,0.9304262177623468,c1,branch_to_yeast
"(Eukaryota_Opisthokonta_Nucletmycea_Fungi_Dikarya_Ascomycota_Saccharomycotina_Saccharomycetes_Saccharomycetales_Saccharomyces_cerevisiae_baker_s_yeast, Node1652*)",1325,0.5440990588803539,0.9304262177623468,c1,branch_to_yeast
"(Eukaryota_Opisthokonta_Nucletmycea_Fungi_Dikarya_Ascomycota_Saccharomycotina_Saccharomycetes_Saccharomycetales_Saccharomyces_cerevisiae_baker_s_yeast, Node1652*)",1326,1.6372983373746668,0.939546945073676,c2,branch_to_yeast
"(Eukaryota_Opisthokonta_Nucletmycea_Fungi_Dikarya_Ascomycota_Saccharomycotina_Saccharomycetes_Saccharomycetales_Saccharomyces_cerevisiae_baker_s_yeast, Node1652*)",1327,0.5440990588803539,0.9304262177623468,c1,branch_to_yeast
"(Eukaryota_Opisthokonta_Nucletmycea_Fungi_Dikarya_Ascomycota_Saccharomycotina_Saccharomycetes_Saccharomycetales_Saccharomyces_cerevisiae_baker_s_yeast, Node1652*)",1328,1.6372983373746668,0.939546945073676,c2,branch_to_yeast
"(Eukaryota_Opisthokonta_Nucletmycea_Fungi_Dikarya_Ascomycota_Saccharomycotina_Saccharomycetes_Saccharomycetales_Saccharomyces_cerevisiae_baker_s_yeast, Node1652*)",1329,3.6941964522589085e-18,0.921514902531969,c3,branch_to_yeast
"(Eukaryota_Opisthokonta_Nucletmycea_Fungi_Dikarya_Ascomycota_Saccharomycotina_Saccharomycetes_Saccharomycetales_Saccharomyces_cerevisiae_baker_s_yeast, Node1652*)",1330,0.5440990587203809,0.921514902531969,c3,branch_to_yeast
"(Eukaryota_Opisthokonta_Nucletmycea_Fungi_Dikarya_Ascomycota_Saccharomycotina_Saccharomycetes_Saccharomycetales_Saccharomyces_cerevisiae_baker_s_yeast, Node1652*)",1331,0.5440990587203809,0.921514902531969,c3,branch_to_yeast
"(Eukaryota_Opisthokonta_Nucletmycea_Fungi_Dikarya_Ascomycota_Saccharomycotina_Saccharomycetes_Saccharomycetales_Saccharomyces_cerevisiae_baker_s_yeast, Node1652*)",1332,0.9080570726075052,0.7421390212290799,c4,branch_to_yeast
"(Eukaryota_Opisthokonta_Nucletmycea_Fungi_Dikarya_Ascomycota_Saccharomycotina_Saccharomycetes_Saccharomycetales_Saccharomyces_cerevisiae_baker_s_yeast, Node1652*)",1333,0.5440990573737671,0.7421390212290799,c4,branch_to_yeast
"(Eukaryota_Opisthokonta_Nucletmycea_Fungi_Dikarya_Ascomycota_Saccharomycotina_Saccharomycetes_Saccharomycetales_Saccharomyces_cerevisiae_baker_s_yeast, Node1652*)",1334,0.5440990588598469,0.939546945073676,c2,branch_to_yeast
"(Eukaryota_Opisthokonta_Nucletmycea_Fungi_Dikarya_Ascomycota_Saccharomycotina_Saccharomycetes_Saccharomycetales_Saccharomyces_cerevisiae_baker_s_yeast, Node1652*)",1335,0.9585603435847064,0.921514902531969,c3,branch_to_yeast
"(Eukaryota_Opisthokonta_Nucletmycea_Fungi_Dikarya_Ascomycota_Saccharomycotina_Saccharomycetes_Saccharomycetales_Saccharomyces_cerevisiae_baker_s_yeast, Node1652*)",1336,0.9585603439457024,0.939546945073676,c2,branch_to_yeast
"(Eukaryota_Opisthokonta_Nucletmycea_Fungi_Dikarya_Ascomycota_Saccharomycotina_Saccharomycetes_Saccharomycetales_Saccharomyces_cerevisiae_baker_s_yeast, Node1652*)",1337,0.544099058720381,0.921514902531969,c3,branch_to_yeast
"(Eukaryota_Opisthokonta_Nucletmycea_Fungi_Dikarya_Ascomycota_Saccharomycotina_Saccharomycetes_Saccharomycetales_Saccharomyces_cerevisiae_baker_s_yeast, Node1652*)",1338,0.9080570726075052,0.7421390212290799,c4,branch_to_yeast
"(Eukaryota_Opisthokonta_Nucletmycea_Fungi_Dikarya_Ascomycota_Saccharomycotina_Saccharomycetes_Saccharomycetales_Saccharomyces_cerevisiae_baker_s_yeast, Node1652*)",1339,0.9080570726075052,0.7421390212290799,c4,branch_to_yeast
"(Eukaryota_Opisthokonta_Nucletmycea_Fungi_Dikarya_Ascomycota_Saccharomycotina_Saccharomycetes_Saccharomycetales_Saccharomyces_cerevisiae_baker_s_yeast, Node1652*)",1340,5.180800730473849e-18,0.921514902531969,c3,branch_to_yeast
"(Eukaryota_Opisthokonta_Nucletmycea_Fungi_Dikarya_Ascomycota_Saccharomycotina_Saccharomycetes_Saccharomycetales_Saccharomyces_cerevisiae_baker_s_yeast, Node1652*)",1341,1.3475731835591395e-17,0.939546945073676,c2,branch_to_yeast
"(Eukaryota_Opisthokonta_Nucletmycea_Fungi_Dikarya_Ascomycota_Saccharomycotina_Saccharomycetes_Saccharomycetales_Saccharomyces_cerevisiae_baker_s_yeast, Node1652*)",1342,0.9585603435847064,0.921514902531969,c3,branch_to_yeast
"(Eukaryota_Opisthokonta_Nucletmycea_Fungi_Dikarya_Ascomycota_Saccharomycotina_Saccharomycetes_Saccharomycetales_Saccharomyces_cerevisiae_baker_s_yeast, Node1652*)",1343,0.544099058720381,0.921514902531969,c3,branch_to_yeast
"(Eukaryota_Opisthokonta_Nucletmycea_Fungi_Dikarya_Ascomycota_Saccharomycotina_Saccharomycetes_Saccharomycetales_Saccharomyces_cerevisiae_baker_s_yeast, Node1652*)",1344,-3.394619125641926e-18,0.921514902531969,c3,branch_to_yeast
"(Eukaryota_Opisthokonta_Nucletmycea_Fungi_Dikarya_Ascomycota_Saccharomycotina_Saccharomycetes_Saccharomycetales_Saccharomyces_cerevisiae_baker_s_yeast, Node1652*)",1345,4.84697105050978e-18,0.921514902531969,c3,branch_to_yeast
"(Eukaryota_Opisthokonta_Nucletmycea_Fungi_Dikarya_Ascomycota_Saccharomycotina_Saccharomycetes_Saccharomycetales_Saccharomyces_cerevisiae_baker_s_yeast, Node1652*)",1346,-3.8600869676745225e-18,0.921514902531969,c3,branch_to_yeast
"(Eukaryota_Opisthokonta_Nucletmycea_Fungi_Dikarya_Ascomycota_Saccharomycotina_Saccharomycetes_Saccharomycetales_Saccharomyces_cerevisiae_baker_s_yeast, Node1652*)",1347,4.8249082261095176e-18,0.921514902531969,c3,branch_to_yeast
"(Eukaryota_Opisthokonta_Nucletmycea_Fungi_Dikarya_Ascomycota_Saccharomycotina_Saccharomycetes_Saccharomycetales_Saccharomyces_cerevisiae_baker_s_yeast, Node1652*)",1348,5.32298065802576e-20,0.7421390212290799,c4,branch_to_yeast
"(Eukaryota_Opisthokonta_Nucletmycea_Fungi_Dikarya_Ascomycota_Saccharomycotina_Saccharomycetes_Saccharomycetales_Saccharomyces_cerevisiae_baker_s_yeast, Node1652*)",1349,3.997785224601169e-20,0.7421390212290799,c4,branch_to_yeast
"(Eukaryota_Opisthokonta_Nucletmycea_Fungi_Dikarya_Ascomycota_Saccharomycotina_Saccharomycetes_Saccharomycetales_Saccharomyces_cerevisiae_baker_s_yeast, Node1652*)",1350,-7.774618420950755e-20,0.7421390212290799,c4,branch_to_yeast
"(Eukaryota_Opisthokonta_Nucletmycea_Fungi_Dikarya_Ascomycota_Saccharomycotina_Saccharomycetes_Saccharomycetales_Saccharomyces_cerevisiae_baker_s_yeast, Node1652*)",1351,-7.801274994873954e-18,0.921514902531969,c3,branch_to_yeast
"(Eukaryota_Opisthokonta_Nucletmycea_Fungi_Dikarya_Ascomycota_Saccharomycotina_Saccharomycetes_Saccharomycetales_Saccharomyces_cerevisiae_baker_s_yeast, Node1652*)",1352,4.7976959223347356e-20,0.7421390212290799,c4,branch_to_yeast
"(Eukaryota_Opisthokonta_Nucletmycea_Fungi_Dikarya_Ascomycota_Saccharomycotina_Saccharomycetes_Saccharomycetales_Saccharomyces_cerevisiae_baker_s_yeast, Node1652*)",1353,4.735385341721882e-20,0.7421390212290799,c4,branch_to_yeast
"(Eukaryota_Opisthokonta_Nucletmycea_Fungi_Dikarya_Ascomycota_Saccharomycotina_Saccharomycetes_Saccharomycetales_Saccharomyces_cerevisiae_baker_s_yeast, Node1652*)",1354,4.121041670379308e-20,0.7421390212290799,c4,branch_to_yeast
"(Eukaryota_Opisthokonta_Nucletmycea_Fungi_Dikarya_Ascomycota_Saccharomycotina_Saccharomycetes_Saccharomycetales_Saccharomyces_cerevisiae_baker_s_yeast, Node1652*)",1355,-7.717635688710816e-18,0.921514902531969,c3,branch_to_yeast
"(Eukaryota_Opisthokonta_Nucletmycea_Fungi_Dikarya_Ascomycota_Saccharomycotina_Saccharomycetes_Saccharomycetales_Saccharomyces_cerevisiae_baker_s_yeast, Node1652*)",1356,-6.257669914852758e-18,0.921514902531969,c3,branch_to_yeast
"(Eukaryota_Opisthokonta_Nucletmycea_Fungi_Dikarya_Ascomycota_Saccharomycotina_Saccharomycetes_Saccharomycetales_Saccharomyces_cerevisiae_baker_s_yeast, Node1652*)",1357,2.5101521747692167e-17,0.939546945073676,c2,branch_to_yeast
"(Eukaryota_Opisthokonta_Nucletmycea_Fungi_Dikarya_Ascomycota_Saccharomycotina_Saccharomycetes_Saccharomycetales_Saccharomyces_cerevisiae_baker_s_yeast, Node1652*)",1358,3.5713316716726645e-17,0.9304262177623468,c1,branch_to_yeast
"(Eukaryota_Opisthokonta_Nucletmycea_Fungi_Dikarya_Ascomycota_Saccharomycotina_Saccharomycetes_Saccharomycetales_Saccharomyces_cerevisiae_baker_s_yeast, Node1652*)",1359,1.8923234544094792e-17,0.939546945073676,c2,branch_to_yeast
"(Eukaryota_Opisthokonta_Nucletmycea_Fungi_Dikarya_Ascomycota_Saccharomycotina_Saccharomycetes_Saccharomycetales_Saccharomyces_cerevisiae_baker_s_yeast, Node1652*)",1360,4.493508344735136e-17,0.9304262177623468,c1,branch_to_yeast
"(Eukaryota_Opisthokonta_Nucletmycea_Fungi_Dikarya_Ascomycota_Saccharomycotina_Saccharomycetes_Saccharomycetales_Saccharomyces_cerevisiae_baker_s_yeast, Node1652*)",1361,4.616366816536492e-18,0.921514902531969,c3,branch_to_yeast
"(Eukaryota_Opisthokonta_Nucletmycea_Fungi_Dikarya_Ascomycota_Saccharomycotina_Saccharomycetes_Saccharomycetales_Saccharomyces_cerevisiae_baker_s_yeast, Node1652*)",1362,-5.967869570395857e-20,0.7421390212290799,c4,branch_to_yeast
"(Eukaryota_Opisthokonta_Nucletmycea_Fungi_Dikarya_Ascomycota_Saccharomycotina_Saccharomycetes_Saccharomycetales_Saccharomyces_cerevisiae_baker_s_yeast, Node1652*)",1363,-6.495636227463086e-20,0.7421390212290799,c4,branch_to_yeast
"(Eukaryota_Opisthokonta_Nucletmycea_Fungi_Dikarya_Ascomycota_Saccharomycotina_Saccharomycetes_Saccharomycetales_Saccharomyces_cerevisiae_baker_s_yeast, Node1652*)",1364,-6.154151673869144e-20,0.7421390212290799,c4,branch_to_yeast
"(Eukaryota_Opisthokonta_Nucletmycea_Fungi_Dikarya_Ascomycota_Saccharomycotina_Saccharomycetes_Saccharomycetales_Saccharomyces_cerevisiae_baker_s_yeast, Node1652*)",1365,-3.608100489635519e-18,0.921514902531969,c3,branch_to_yeast
"(Eukaryota_Opisthokonta_Nucletmycea_Fungi_Dikarya_Ascomycota_Saccharomycotina_Saccharomycetes_Saccharomycetales_Saccharomyces_cerevisiae_baker_s_yeast, Node1652*)",1366,5.691652126220852e-20,0.7421390212290799,c4,branch_to_yeast
"(Eukaryota_Opisthokonta_Nucletmycea_Fungi_Dikarya_Ascomycota_Saccharomycotina_Saccharomycetes_Saccharomycetales_Saccharomyces_cerevisiae_baker_s_yeast, Node1652*)",1367,-5.812151119259811e-20,0.7421390212290799,c4,branch_to_yeast
"(Eukaryota_Opisthokonta_Nucletmycea_Fungi_Dikarya_Ascomycota_Saccharomycotina_Saccharomycetes_Saccharomycetales_Saccharomyces_cerevisiae_baker_s_yeast, Node1652*)",1368,-7.010390146280702e-20,0.7421390212290799,c4,branch_to_yeast
"(Eukaryota_Opisthokonta_Nucletmycea_Fungi_Dikarya_Ascomycota_Saccharomycotina_Saccharomycetes_Saccharomycetales_Saccharomyces_cerevisiae_baker_s_yeast, Node1652*)",1369,1.6372983367928842,0.921514902531969,c3,branch_to_yeast
"(Eukaryota_Opisthokonta_Nucletmycea_Fungi_Dikarya_Ascomycota_Saccharomycotina_Saccharomycetes_Saccharomycetales_Saccharomyces_cerevisiae_baker_s_yeast, Node1652*)",1370,0.544099058720381,0.921514902531969,c3,branch_to_yeast
"(Eukaryota_Opisthokonta_Nucletmycea_Fungi_Dikarya_Ascomycota_Saccharomycotina_Saccharomycetes_Saccharomycetales_Saccharomyces_cerevisiae_baker_s_yeast, Node1652*)",1371,2.4548198301574425e-18,0.921514902531969,c3,branch_to_yeast
"(Eukaryota_Opisthokonta_Nucletmycea_Fungi_Dikarya_Ascomycota_Saccharomycotina_Saccharomycetes_Saccharomycetales_Saccharomyces_cerevisiae_baker_s_yeast, Node1652*)",1372,-5.2718138776633954e-18,0.921514902531969,c3,branch_to_yeast
"(Eukaryota_Opisthokonta_Nucletmycea_Fungi_Dikarya_Ascomycota_Saccharomycotina_Saccharomycetes_Saccharomycetales_Saccharomyces_cerevisiae_baker_s_yeast, Node1652*)",1373,-2.352902416436222e-20,0.7421390212290799,c4,branch_to_yeast
"(Eukaryota_Opisthokonta_Nucletmycea_Fungi_Dikarya_Ascomycota_Saccharomycotina_Saccharomycetes_Saccharomycetales_Saccharomyces_cerevisiae_baker_s_yeast, Node1652*)",1374,-1.514845959748825e-21,0.7421390212290799,c4,branch_to_yeast
"(Eukaryota_Opisthokonta_Nucletmycea_Fungi_Dikarya_Ascomycota_Saccharomycotina_Saccharomycetes_Saccharomycetales_Saccharomyces_cerevisiae_baker_s_yeast, Node1652*)",1375,0.9585603435847064,0.921514902531969,c3,branch_to_yeast
"(Eukaryota_Opisthokonta_Nucletmycea_Fungi_Dikarya_Ascomycota_Saccharomycotina_Saccharomycetes_Saccharomycetales_Saccharomyces_cerevisiae_baker_s_yeast, Node1652*)",1376,0.544099058720381,0.921514902531969,c3,branch_to_yeast
"(Eukaryota_Opisthokonta_Nucletmycea_Fungi_Dikarya_Ascomycota_Saccharomycotina_Saccharomycetes_Saccharomycetales_Saccharomyces_cerevisiae_baker_s_yeast, Node1652*)",1377,0.908057073652776,0.939546945073676,c2,branch_to_yeast
"(Eukaryota_Opisthokonta_Nucletmycea_Fungi_Dikarya_Ascomycota_Saccharomycotina_Saccharomycetes_Saccharomycetales_Saccharomyces_cerevisiae_baker_s_yeast, Node1652*)",1378,0.9080570735543574,0.921514902531969,c3,branch_to_yeast
"(Eukaryota_Opisthokonta_Nucletmycea_Fungi_Dikarya_Ascomycota_Saccharomycotina_Saccharomycetes_Saccharomycetales_Saccharomyces_cerevisiae_baker_s_yeast, Node1652*)",1379,0.9585603435847064,0.921514902531969,c3,branch_to_yeast
"(Eukaryota_Opisthokonta_Nucletmycea_Fungi_Dikarya_Ascomycota_Saccharomycotina_Saccharomycetes_Saccharomycetales_Saccharomyces_cerevisiae_baker_s_yeast, Node1652*)",1380,0.5440990588598469,0.939546945073676,c2,branch_to_yeast
"(Eukaryota_Opisthokonta_Nucletmycea_Fungi_Dikarya_Ascomycota_Saccharomycotina_Saccharomycetes_Saccharomycetales_Saccharomyces_cerevisiae_baker_s_yeast, Node1652*)",1381,0.9585603435847064,0.921514902531969,c3,branch_to_yeast
"(Eukaryota_Opisthokonta_Nucletmycea_Fungi_Dikarya_Ascomycota_Saccharomycotina_Saccharomycetes_Saccharomycetales_Saccharomyces_cerevisiae_baker_s_yeast, Node1652*)",1382,0.5440990587203811,0.921514902531969,c3,branch_to_yeast
"(Eukaryota_Opisthokonta_Nucletmycea_Fungi_Dikarya_Ascomycota_Saccharomycotina_Saccharomycetes_Saccharomycetales_Saccharomyces_cerevisiae_baker_s_yeast, Node1652*)",1383,0.9585603435847064,0.921514902531969,c3,branch_to_yeast
"(Eukaryota_Opisthokonta_Nucletmycea_Fungi_Dikarya_Ascomycota_Saccharomycotina_Saccharomycetes_Saccharomycetales_Saccharomyces_cerevisiae_baker_s_yeast, Node1652*)",1384,1.6372983373746668,0.939546945073676,c2,branch_to_yeast
"(Eukaryota_Opisthokonta_Nucletmycea_Fungi_Dikarya_Ascomycota_Saccharomycotina_Saccharomycetes_Saccharomycetales_Saccharomyces_cerevisiae_baker_s_yeast, Node1652*)",1385,0.9080570735543574,0.921514902531969,c3,branch_to_yeast
"(Eukaryota_Opisthokonta_Nucletmycea_Fungi_Dikarya_Ascomycota_Saccharomycotina_Saccharomycetes_Saccharomycetales_Saccharomyces_cerevisiae_baker_s_yeast, Node1652*)",1386,1.6372983367928842,0.921514902531969,c3,branch_to_yeast
"(Eukaryota_Opisthokonta_Nucletmycea_Fungi_Dikarya_Ascomycota_Saccharomycotina_Saccharomycetes_Saccharomycetales_Saccharomyces_cerevisiae_baker_s_yeast, Node1652*)",1387,-6.880310768382538e-21,0.7421390212290799,c4,branch_to_yeast
"(Eukaryota_Opisthokonta_Nucletmycea_Fungi_Dikarya_Ascomycota_Saccharomycotina_Saccharomycetes_Saccharomycetales_Saccharomyces_cerevisiae_baker_s_yeast, Node1652*)",1388,1.2664504224026144e-20,0.7421390212290799,c4,branch_to_yeast
"(Eukaryota_Opisthokonta_Nucletmycea_Fungi_Dikarya_Ascomycota_Saccharomycotina_Saccharomycetes_Saccharomycetales_Saccharomyces_cerevisiae_baker_s_yeast, Node1652*)",1389,4.024916409960461e-18,0.921514902531969,c3,branch_to_yeast
"(Eukaryota_Opisthokonta_Nucletmycea_Fungi_Dikarya_Ascomycota_Saccharomycotina_Saccharomycetes_Saccharomycetales_Saccharomyces_cerevisiae_baker_s_yeast, Node1652*)",1390,-2.297483878991203e-18,0.921514902531969,c3,branch_to_yeast
"(Eukaryota_Opisthokonta_Nucletmycea_Fungi_Dikarya_Ascomycota_Saccharomycotina_Saccharomycetes_Saccharomycetales_Saccharomyces_cerevisiae_baker_s_yeast, Node1652*)",1391,0.9080570735543576,0.921514902531969,c3,branch_to_yeast
"(Eukaryota_Opisthokonta_Nucletmycea_Fungi_Dikarya_Ascomycota_Saccharomycotina_Saccharomycetes_Saccharomycetales_Saccharomyces_cerevisiae_baker_s_yeast, Node1652*)",1392,0.9080570736672596,0.9304262177623468,c1,branch_to_yeast
"(Eukaryota_Opisthokonta_Nucletmycea_Fungi_Dikarya_Ascomycota_Saccharomycotina_Saccharomycetes_Saccharomycetales_Saccharomyces_cerevisiae_baker_s_yeast, Node1652*)",1393,0.9080570736672596,0.9304262177623468,c1,branch_to_yeast
"(Eukaryota_Opisthokonta_Nucletmycea_Fungi_Dikarya_Ascomycota_Saccharomycotina_Saccharomycetes_Saccharomycetales_Saccharomyces_cerevisiae_baker_s_yeast, Node1652*)",1394,1.6372983374601648,0.9304262177623468,c1,branch_to_yeast
"(Eukaryota_Opisthokonta_Nucletmycea_Fungi_Dikarya_Ascomycota_Saccharomycotina_Saccharomycetes_Saccharomycetales_Saccharomyces_cerevisiae_baker_s_yeast, Node1652*)",1395,0.9080570735543574,0.921514902531969,c3,branch_to_yeast
"(Eukaryota_Opisthokonta_Nucletmycea_Fungi_Dikarya_Ascomycota_Saccharomycotina_Saccharomycetes_Saccharomycetales_Saccharomyces_cerevisiae_baker_s_yeast, Node1652*)",1396,0.9080570726075052,0.7421390212290799,c4,branch_to_yeast
"(Eukaryota_Opisthokonta_Nucletmycea_Fungi_Dikarya_Ascomycota_Saccharomycotina_Saccharomycetes_Saccharomycetales_Saccharomyces_cerevisiae_baker_s_yeast, Node1652*)",1397,0.9585603400967968,0.7421390212290799,c4,branch_to_yeast
"(Eukaryota_Opisthokonta_Nucletmycea_Fungi_Dikarya_Ascomycota_Saccharomycotina_Saccharomycetes_Saccharomycetales_Saccharomyces_cerevisiae_baker_s_yeast, Node1652*)",1398,0.5440990573737672,0.7421390212290799,c4,branch_to_yeast
"(Eukaryota_Opisthokonta_Nucletmycea_Fungi_Dikarya_Ascomycota_Saccharomycotina_Saccharomycetes_Saccharomycetales_Saccharomyces_cerevisiae_baker_s_yeast, Node1652*)",1399,0.9080570735543574,0.921514902531969,c3,branch_to_yeast
"(Eukaryota_Opisthokonta_Nucletmycea_Fungi_Dikarya_Ascomycota_Saccharomycotina_Saccharomycetes_Saccharomycetales_Saccharomyces_cerevisiae_baker_s_yeast, Node1652*)",1400,0.9080570735543574,0.921514902531969,c3,branch_to_yeast
"(Eukaryota_Opisthokonta_Nucletmycea_Fungi_Dikarya_Ascomycota_Saccharomycotina_Saccharomycetes_Saccharomycetales_Saccharomyces_cerevisiae_baker_s_yeast, Node1652*)",1401,0.9080570735543574,0.921514902531969,c3,branch_to_yeast
"(Eukaryota_Opisthokonta_Nucletmycea_Fungi_Dikarya_Ascomycota_Saccharomycotina_Saccharomycetes_Saccharomycetales_Saccharomyces_cerevisiae_baker_s_yeast, Node1652*)",1402,0.9080570735543574,0.921514902531969,c3,branch_to_yeast
"(Eukaryota_Opisthokonta_Nucletmycea_Fungi_Dikarya_Ascomycota_Saccharomycotina_Saccharomycetes_Saccharomycetales_Saccharomyces_cerevisiae_baker_s_yeast, Node1652*)",1403,0.9585603439457026,0.939546945073676,c2,branch_to_yeast
"(Eukaryota_Opisthokonta_Nucletmycea_Fungi_Dikarya_Ascomycota_Saccharomycotina_Saccharomycetes_Saccharomycetales_Saccharomyces_cerevisiae_baker_s_yeast, Node1652*)",1404,0.908057073652776,0.939546945073676,c2,branch_to_yeast
"(Eukaryota_Opisthokonta_Nucletmycea_Fungi_Dikarya_Ascomycota_Saccharomycotina_Saccharomycetes_Saccharomycetales_Saccharomyces_cerevisiae_baker_s_yeast, Node1652*)",1405,0.9585603439457024,0.939546945073676,c2,branch_to_yeast
"(Eukaryota_Opisthokonta_Nucletmycea_Fungi_Dikarya_Ascomycota_Saccharomycotina_Saccharomycetes_Saccharomycetales_Saccharomyces_cerevisiae_baker_s_yeast, Node1652*)",1406,0.9585603439457024,0.939546945073676,c2,branch_to_yeast
"(Eukaryota_Opisthokonta_Nucletmycea_Fungi_Dikarya_Ascomycota_Saccharomycotina_Saccharomycetes_Saccharomycetales_Saccharomyces_cerevisiae_baker_s_yeast, Node1652*)",1407,0.9585603435847064,0.921514902531969,c3,branch_to_yeast
"(Eukaryota_Opisthokonta_Nucletmycea_Fungi_Dikarya_Ascomycota_Saccharomycotina_Saccharomycetes_Saccharomycetales_Saccharomyces_cerevisiae_baker_s_yeast, Node1652*)",1408,-6.009074066040128e-17,0.9304262177623468,c1,branch_to_yeast
"(Eukaryota_Opisthokonta_Nucletmycea_Fungi_Dikarya_Ascomycota_Saccharomycotina_Saccharomycetes_Saccharomycetales_Saccharomyces_cerevisiae_baker_s_yeast, Node1652*)",1409,0.9080570736672594,0.9304262177623468,c1,branch_to_yeast
"(Eukaryota_Opisthokonta_Nucletmycea_Fungi_Dikarya_Ascomycota_Saccharomycotina_Saccharomycetes_Saccharomycetales_Saccharomyces_cerevisiae_baker_s_yeast, Node1652*)",1410,0.9585603439987752,0.9304262177623468,c1,branch_to_yeast
"(Eukaryota_Opisthokonta_Nucletmycea_Fungi_Dikarya_Ascomycota_Saccharomycotina_Saccharomycetes_Saccharomycetales_Saccharomyces_cerevisiae_baker_s_yeast, Node1652*)",1411,0.9585603439987752,0.9304262177623468,c1,branch_to_yeast
"(Eukaryota_Opisthokonta_Nucletmycea_Fungi_Dikarya_Ascomycota_Saccharomycotina_Saccharomycetes_Saccharomycetales_Saccharomyces_cerevisiae_baker_s_yeast, Node1652*)",1412,0.9080570736672596,0.9304262177623468,c1,branch_to_yeast
"(Eukaryota_Opisthokonta_Nucletmycea_Fungi_Dikarya_Ascomycota_Saccharomycotina_Saccharomycetes_Saccharomycetales_Saccharomyces_cerevisiae_baker_s_yeast, Node1652*)",1413,0.9585603439987752,0.9304262177623468,c1,branch_to_yeast
"(Eukaryota_Opisthokonta_Nucletmycea_Fungi_Dikarya_Ascomycota_Saccharomycotina_Saccharomycetes_Saccharomycetales_Saccharomyces_cerevisiae_baker_s_yeast, Node1652*)",1414,0.9585603439457024,0.939546945073676,c2,branch_to_yeast
"(Eukaryota_Opisthokonta_Nucletmycea_Fungi_Dikarya_Ascomycota_Saccharomycotina_Saccharomycetes_Saccharomycetales_Saccharomyces_cerevisiae_baker_s_yeast, Node1652*)",1415,0.9080570736672594,0.9304262177623468,c1,branch_to_yeast
"(Eukaryota_Opisthokonta_Nucletmycea_Fungi_Dikarya_Ascomycota_Saccharomycotina_Saccharomycetes_Saccharomycetales_Saccharomyces_cerevisiae_baker_s_yeast, Node1652*)",1416,0.9585603439987752,0.9304262177623468,c1,branch_to_yeast
"(Eukaryota_Opisthokonta_Nucletmycea_Fungi_Dikarya_Ascomycota_Saccharomycotina_Saccharomycetes_Saccharomycetales_Saccharomyces_cerevisiae_baker_s_yeast, Node1652*)",1417,1.6372983374601648,0.9304262177623468,c1,branch_to_yeast
"(Eukaryota_Opisthokonta_Nucletmycea_Fungi_Dikarya_Ascomycota_Saccharomycotina_Saccharomycetes_Saccharomycetales_Saccharomyces_cerevisiae_baker_s_yeast, Node1652*)",1418,0.5440990588803539,0.9304262177623468,c1,branch_to_yeast
"(Eukaryota_Opisthokonta_Nucletmycea_Fungi_Dikarya_Ascomycota_Saccharomycotina_Saccharomycetes_Saccharomycetales_Saccharomyces_cerevisiae_baker_s_yeast, Node1652*)",1419,0.9080570736672596,0.9304262177623468,c1,branch_to_yeast
"(Eukaryota_Opisthokonta_Nucletmycea_Fungi_Dikarya_Ascomycota_Saccharomycotina_Saccharomycetes_Saccharomycetales_Saccharomyces_cerevisiae_baker_s_yeast, Node1652*)",1420,0.9585603439987752,0.9304262177623468,c1,branch_to_yeast
"(Eukaryota_Opisthokonta_Nucletmycea_Fungi_Dikarya_Ascomycota_Saccharomycotina_Saccharomycetes_Saccharomycetales_Saccharomyces_cerevisiae_baker_s_yeast, Node1652*)",1421,0.9585603439987752,0.9304262177623468,c1,branch_to_yeast
"(Eukaryota_Opisthokonta_Nucletmycea_Fungi_Dikarya_Ascomycota_Saccharomycotina_Saccharomycetes_Saccharomycetales_Saccharomyces_cerevisiae_baker_s_yeast, Node1652*)",1422,1.637298337374667,0.939546945073676,c2,branch_to_yeast
"(Eukaryota_Opisthokonta_Nucletmycea_Fungi_Dikarya_Ascomycota_Saccharomycotina_Saccharomycetes_Saccharomycetales_Saccharomyces_cerevisiae_baker_s_yeast, Node1652*)",1423,1.6372983374601646,0.9304262177623468,c1,branch_to_yeast
"(Eukaryota_Opisthokonta_Nucletmycea_Fungi_Dikarya_Ascomycota_Saccharomycotina_Saccharomycetes_Saccharomycetales_Saccharomyces_cerevisiae_baker_s_yeast, Node1652*)",1424,0.958560343998775,0.9304262177623468,c1,branch_to_yeast
"(Eukaryota_Opisthokonta_Nucletmycea_Fungi_Dikarya_Ascomycota_Saccharomycotina_Saccharomycetes_Saccharomycetales_Saccharomyces_cerevisiae_baker_s_yeast, Node1652*)",1425,0.9080570736672596,0.9304262177623468,c1,branch_to_yeast
"(Eukaryota_Opisthokonta_Nucletmycea_Fungi_Dikarya_Ascomycota_Saccharomycotina_Saccharomycetes_Saccharomycetales_Saccharomyces_cerevisiae_baker_s_yeast, Node1652*)",1426,0.9080570736672594,0.9304262177623468,c1,branch_to_yeast
"(Eukaryota_Opisthokonta_Nucletmycea_Fungi_Dikarya_Ascomycota_Saccharomycotina_Saccharomycetes_Saccharomycetales_Saccharomyces_cerevisiae_baker_s_yeast, Node1652*)",1427,1.6372983374601648,0.9304262177623468,c1,branch_to_yeast
"(Eukaryota_Opisthokonta_Nucletmycea_Fungi_Dikarya_Ascomycota_Saccharomycotina_Saccharomycetes_Saccharomycetales_Saccharomyces_cerevisiae_baker_s_yeast, Node1652*)",1428,0.9080570736672596,0.9304262177623468,c1,branch_to_yeast
"(Eukaryota_Opisthokonta_Nucletmycea_Fungi_Dikarya_Ascomycota_Saccharomycotina_Saccharomycetes_Saccharomycetales_Saccharomyces_cerevisiae_baker_s_yeast, Node1652*)",1429,0.9080570736672596,0.9304262177623468,c1,branch_to_yeast
"(Eukaryota_Opisthokonta_Nucletmycea_Fungi_Dikarya_Ascomycota_Saccharomycotina_Saccharomycetes_Saccharomycetales_Saccharomyces_cerevisiae_baker_s_yeast, Node1652*)",1430,0.5440990588803539,0.9304262177623468,c1,branch_to_yeast
"(Eukaryota_Opisthokonta_Nucletmycea_Fungi_Dikarya_Ascomycota_Saccharomycotina_Saccharomycetes_Saccharomycetales_Saccharomyces_cerevisiae_baker_s_yeast, Node1652*)",1431,0.958560343998775,0.9304262177623468,c1,branch_to_yeast
"(Eukaryota_Opisthokonta_Nucletmycea_Fungi_Dikarya_Ascomycota_Saccharomycotina_Saccharomycetes_Saccharomycetales_Saccharomyces_cerevisiae_baker_s_yeast, Node1652*)",1432,0.9080570736672594,0.9304262177623468,c1,branch_to_yeast
"(Eukaryota_Opisthokonta_Nucletmycea_Fungi_Dikarya_Ascomycota_Saccharomycotina_Saccharomycetes_Saccharomycetales_Saccharomyces_cerevisiae_baker_s_yeast, Node1652*)",1433,0.9080570736672596,0.9304262177623468,c1,branch_to_yeast
"(Eukaryota_Opisthokonta_Nucletmycea_Fungi_Dikarya_Ascomycota_Saccharomycotina_Saccharomycetes_Saccharomycetales_Saccharomyces_cerevisiae_baker_s_yeast, Node1652*)",1434,0.958560343998775,0.9304262177623468,c1,branch_to_yeast
"(Eukaryota_Opisthokonta_Nucletmycea_Fungi_Dikarya_Ascomycota_Saccharomycotina_Saccharomycetes_Saccharomycetales_Saccharomyces_cerevisiae_baker_s_yeast, Node1652*)",1435,0.958560343998775,0.9304262177623468,c1,branch_to_yeast
"(Eukaryota_Opisthokonta_Nucletmycea_Fungi_Dikarya_Ascomycota_Saccharomycotina_Saccharomycetes_Saccharomycetales_Saccharomyces_cerevisiae_baker_s_yeast, Node1652*)",1436,0.9080570736672594,0.9304262177623468,c1,branch_to_yeast
"(Eukaryota_Opisthokonta_Nucletmycea_Fungi_Dikarya_Ascomycota_Saccharomycotina_Saccharomycetes_Saccharomycetales_Saccharomyces_cerevisiae_baker_s_yeast, Node1652*)",1437,0.958560343998775,0.9304262177623468,c1,branch_to_yeast
"(Eukaryota_Opisthokonta_Nucletmycea_Fungi_Dikarya_Ascomycota_Saccharomycotina_Saccharomycetes_Saccharomycetales_Saccharomyces_cerevisiae_baker_s_yeast, Node1652*)",1438,0.9585603439457026,0.939546945073676,c2,branch_to_yeast
"(Eukaryota_Opisthokonta_Nucletmycea_Fungi_Dikarya_Ascomycota_Saccharomycotina_Saccharomycetes_Saccharomycetales_Saccharomyces_cerevisiae_baker_s_yeast, Node1652*)",1439,0.5440990588598469,0.939546945073676,c2,branch_to_yeast
"(Eukaryota_Opisthokonta_Nucletmycea_Fungi_Dikarya_Ascomycota_Saccharomycotina_Saccharomycetes_Saccharomycetales_Saccharomyces_cerevisiae_baker_s_yeast, Node1652*)",1440,0.9585603439987752,0.9304262177623468,c1,branch_to_yeast
"(Eukaryota_Opisthokonta_Nucletmycea_Fungi_Dikarya_Ascomycota_Saccharomycotina_Saccharomycetes_Saccharomycetales_Saccharomyces_cerevisiae_baker_s_yeast, Node1652*)",1441,0.9080570736672596,0.9304262177623468,c1,branch_to_yeast
"(Eukaryota_Opisthokonta_Nucletmycea_Fungi_Dikarya_Ascomycota_Saccharomycotina_Saccharomycetes_Saccharomycetales_Saccharomyces_cerevisiae_baker_s_yeast, Node1652*)",1442,0.958560343998775,0.9304262177623468,c1,branch_to_yeast
"(Eukaryota_Opisthokonta_Nucletmycea_Fungi_Dikarya_Ascomycota_Saccharomycotina_Saccharomycetes_Saccharomycetales_Saccharomyces_cerevisiae_baker_s_yeast, Node1652*)",1443,0.5440990588803539,0.9304262177623468,c1,branch_to_yeast
"(Eukaryota_Opisthokonta_Nucletmycea_Fungi_Dikarya_Ascomycota_Saccharomycotina_Saccharomycetes_Saccharomycetales_Saccharomyces_cerevisiae_baker_s_yeast, Node1652*)",1444,0.908057073652776,0.939546945073676,c2,branch_to_yeast
"(Eukaryota_Opisthokonta_Nucletmycea_Fungi_Dikarya_Ascomycota_Saccharomycotina_Saccharomycetes_Saccharomycetales_Saccharomyces_cerevisiae_baker_s_yeast, Node1652*)",1445,0.908057073652776,0.939546945073676,c2,branch_to_yeast
"(Eukaryota_Opisthokonta_Nucletmycea_Fungi_Dikarya_Ascomycota_Saccharomycotina_Saccharomycetes_Saccharomycetales_Saccharomyces_cerevisiae_baker_s_yeast, Node1652*)",1446,0.9080570736672596,0.9304262177623468,c1,branch_to_yeast
"(Eukaryota_Opisthokonta_Nucletmycea_Fungi_Dikarya_Ascomycota_Saccharomycotina_Saccharomycetes_Saccharomycetales_Saccharomyces_cerevisiae_baker_s_yeast, Node1652*)",1447,0.9585603439987752,0.9304262177623468,c1,branch_to_yeast
"(Eukaryota_Opisthokonta_Nucletmycea_Fungi_Dikarya_Ascomycota_Saccharomycotina_Saccharomycetes_Saccharomycetales_Saccharomyces_cerevisiae_baker_s_yeast, Node1652*)",1448,0.9080570736672596,0.9304262177623468,c1,branch_to_yeast
"(Eukaryota_Opisthokonta_Nucletmycea_Fungi_Dikarya_Ascomycota_Saccharomycotina_Saccharomycetes_Saccharomycetales_Saccharomyces_cerevisiae_baker_s_yeast, Node1652*)",1449,1.6372983373746668,0.939546945073676,c2,branch_to_yeast
"(Eukaryota_Opisthokonta_Nucletmycea_Fungi_Dikarya_Ascomycota_Saccharomycotina_Saccharomycetes_Saccharomycetales_Saccharomyces_cerevisiae_baker_s_yeast, Node1652*)",1450,0.908057073652776,0.939546945073676,c2,branch_to_yeast
"(Eukaryota_Opisthokonta_Nucletmycea_Fungi_Dikarya_Ascomycota_Saccharomycotina_Saccharomycetes_Saccharomycetales_Saccharomyces_cerevisiae_baker_s_yeast, Node1652*)",1451,0.9585603439457024,0.939546945073676,c2,branch_to_yeast
"(Eukaryota_Opisthokonta_Nucletmycea_Fungi_Dikarya_Ascomycota_Saccharomycotina_Saccharomycetes_Saccharomycetales_Saccharomyces_cerevisiae_baker_s_yeast, Node1652*)",1452,1.6372983373746668,0.939546945073676,c2,branch_to_yeast
"(Eukaryota_Opisthokonta_Nucletmycea_Fungi_Dikarya_Ascomycota_Saccharomycotina_Saccharomycetes_Saccharomycetales_Saccharomyces_cerevisiae_baker_s_yeast, Node1652*)",1453,0.9080570736672594,0.9304262177623468,c1,branch_to_yeast
"(Eukaryota_Opisthokonta_Nucletmycea_Fungi_Dikarya_Ascomycota_Saccharomycotina_Saccharomycetes_Saccharomycetales_Saccharomyces_cerevisiae_baker_s_yeast, Node1652*)",1454,0.9080570736672596,0.9304262177623468,c1,branch_to_yeast
"(Eukaryota_Opisthokonta_Nucletmycea_Fungi_Dikarya_Ascomycota_Saccharomycotina_Saccharomycetes_Saccharomycetales_Saccharomyces_cerevisiae_baker_s_yeast, Node1652*)",1455,0.5440990588803539,0.9304262177623468,c1,branch_to_yeast
"(Eukaryota_Opisthokonta_Nucletmycea_Fungi_Dikarya_Ascomycota_Saccharomycotina_Saccharomycetes_Saccharomycetales_Saccharomyces_cerevisiae_baker_s_yeast, Node1652*)",1456,0.5440990588803539,0.9304262177623468,c1,branch_to_yeast
"(Eukaryota_Opisthokonta_Nucletmycea_Fungi_Dikarya_Ascomycota_Saccharomycotina_Saccharomycetes_Saccharomycetales_Saccharomyces_cerevisiae_baker_s_yeast, Node1652*)",1457,0.9080570736672594,0.9304262177623468,c1,branch_to_yeast
"(Eukaryota_Opisthokonta_Nucletmycea_Fungi_Dikarya_Ascomycota_Saccharomycotina_Saccharomycetes_Saccharomycetales_Saccharomyces_cerevisiae_baker_s_yeast, Node1652*)",1458,0.9080570736672594,0.9304262177623468,c1,branch_to_yeast
"(Eukaryota_Opisthokonta_Nucletmycea_Fungi_Dikarya_Ascomycota_Saccharomycotina_Saccharomycetes_Saccharomycetales_Saccharomyces_cerevisiae_baker_s_yeast, Node1652*)",1459,0.958560343998775,0.9304262177623468,c1,branch_to_yeast
"(Eukaryota_Opisthokonta_Nucletmycea_Fungi_Dikarya_Ascomycota_Saccharomycotina_Saccharomycetes_Saccharomycetales_Saccharomyces_cerevisiae_baker_s_yeast, Node1652*)",1460,1.6372983373746666,0.939546945073676,c2,branch_to_yeast
"(Eukaryota_Opisthokonta_Nucletmycea_Fungi_Dikarya_Ascomycota_Saccharomycotina_Saccharomycetes_Saccharomycetales_Saccharomyces_cerevisiae_baker_s_yeast, Node1652*)",1461,0.9585603439457024,0.939546945073676,c2,branch_to_yeast
"(Eukaryota_Opisthokonta_Nucletmycea_Fungi_Dikarya_Ascomycota_Saccharomycotina_Saccharomycetes_Saccharomycetales_Saccharomyces_cerevisiae_baker_s_yeast, Node1652*)",1462,0.5440990588598469,0.939546945073676,c2,branch_to_yeast
"(Eukaryota_Opisthokonta_Nucletmycea_Fungi_Dikarya_Ascomycota_Saccharomycotina_Saccharomycetes_Saccharomycetales_Saccharomyces_cerevisiae_baker_s_yeast, Node1652*)",1463,0.908057073652776,0.939546945073676,c2,branch_to_yeast
"(Eukaryota_Opisthokonta_Nucletmycea_Fungi_Dikarya_Ascomycota_Saccharomycotina_Saccharomycetes_Saccharomycetales_Saccharomyces_cerevisiae_baker_s_yeast, Node1652*)",1464,0.5440990588803539,0.9304262177623468,c1,branch_to_yeast
"(Eukaryota_Opisthokonta_Nucletmycea_Fungi_Dikarya_Ascomycota_Saccharomycotina_Saccharomycetes_Saccharomycetales_Saccharomyces_cerevisiae_baker_s_yeast, Node1652*)",1465,0.5440990588803538,0.9304262177623468,c1,branch_to_yeast
"(Eukaryota_Opisthokonta_Nucletmycea_Fungi_Dikarya_Ascomycota_Saccharomycotina_Saccharomycetes_Saccharomycetales_Saccharomyces_cerevisiae_baker_s_yeast, Node1652*)",1466,1.6372983374601648,0.9304262177623468,c1,branch_to_yeast
"(Eukaryota_Opisthokonta_Nucletmycea_Fungi_Dikarya_Ascomycota_Saccharomycotina_Saccharomycetes_Saccharomycetales_Saccharomyces_cerevisiae_baker_s_yeast, Node1652*)",1467,0.958560343998775,0.9304262177623468,c1,branch_to_yeast
"(Eukaryota_Opisthokonta_Nucletmycea_Fungi_Dikarya_Ascomycota_Saccharomycotina_Saccharomycetes_Saccharomycetales_Saccharomyces_cerevisiae_baker_s_yeast, Node1652*)",1468,0.5440990588803539,0.9304262177623468,c1,branch_to_yeast
"(Eukaryota_Opisthokonta_Nucletmycea_Fungi_Dikarya_Ascomycota_Saccharomycotina_Saccharomycetes_Saccharomycetales_Saccharomyces_cerevisiae_baker_s_yeast, Node1652*)",1469,0.5440990588803539,0.9304262177623468,c1,branch_to_yeast
"(Eukaryota_Opisthokonta_Nucletmycea_Fungi_Dikarya_Ascomycota_Saccharomycotina_Saccharomycetes_Saccharomycetales_Saccharomyces_cerevisiae_baker_s_yeast, Node1652*)",1470,1.6372983374601648,0.9304262177623468,c1,branch_to_yeast
"(Eukaryota_Opisthokonta_Nucletmycea_Fungi_Dikarya_Ascomycota_Saccharomycotina_Saccharomycetes_Saccharomycetales_Saccharomyces_cerevisiae_baker_s_yeast, Node1652*)",1471,0.9585603439987752,0.9304262177623468,c1,branch_to_yeast
"(Eukaryota_Opisthokonta_Nucletmycea_Fungi_Dikarya_Ascomycota_Saccharomycotina_Saccharomycetes_Saccharomycetales_Saccharomyces_cerevisiae_baker_s_yeast, Node1652*)",1472,0.5440990588803539,0.9304262177623468,c1,branch_to_yeast
"(Eukaryota_Opisthokonta_Nucletmycea_Fungi_Dikarya_Ascomycota_Saccharomycotina_Saccharomycetes_Saccharomycetales_Saccharomyces_cerevisiae_baker_s_yeast, Node1652*)",1473,0.9585603439987748,0.9304262177623468,c1,branch_to_yeast
"(Eukaryota_Opisthokonta_Nucletmycea_Fungi_Dikarya_Ascomycota_Saccharomycotina_Saccharomycetes_Saccharomycetales_Saccharomyces_cerevisiae_baker_s_yeast, Node1652*)",1474,0.5440990588803539,0.9304262177623468,c1,branch_to_yeast
"(Eukaryota_Opisthokonta_Nucletmycea_Fungi_Dikarya_Ascomycota_Saccharomycotina_Saccharomycetes_Saccharomycetales_Saccharomyces_cerevisiae_baker_s_yeast, Node1652*)",1475,1.6372983374601648,0.9304262177623468,c1,branch_to_yeast
"(Eukaryota_Opisthokonta_Nucletmycea_Fungi_Dikarya_Ascomycota_Saccharomycotina_Saccharomycetes_Saccharomycetales_Saccharomyces_cerevisiae_baker_s_yeast, Node1652*)",1476,1.6372983374601648,0.9304262177623468,c1,branch_to_yeast
"(Eukaryota_Opisthokonta_Nucletmycea_Fungi_Dikarya_Ascomycota_Saccharomycotina_Saccharomycetes_Saccharomycetales_Saccharomyces_cerevisiae_baker_s_yeast, Node1652*)",1477,0.9080570736672596,0.9304262177623468,c1,branch_to_yeast
"(Eukaryota_Opisthokonta_Nucletmycea_Fungi_Dikarya_Ascomycota_Saccharomycotina_Saccharomycetes_Saccharomycetales_Saccharomyces_cerevisiae_baker_s_yeast, Node1652*)",1478,0.9080570735543574,0.921514902531969,c3,branch_to_yeast
"(Eukaryota_Opisthokonta_Nucletmycea_Fungi_Dikarya_Ascomycota_Saccharomycotina_Saccharomycetes_Saccharomycetales_Saccharomyces_cerevisiae_baker_s_yeast, Node1652*)",1479,0.5440990588598469,0.939546945073676,c2,branch_to_yeast
"(Eukaryota_Opisthokonta_Nucletmycea_Fungi_Dikarya_Ascomycota_Saccharomycotina_Saccharomycetes_Saccharomycetales_Saccharomyces_cerevisiae_baker_s_yeast, Node1652*)",1480,0.544099058720381,0.921514902531969,c3,branch_to_yeast
"(Eukaryota_Opisthokonta_Nucletmycea_Fungi_Dikarya_Ascomycota_Saccharomycotina_Saccharomycetes_Saccharomycetales_Saccharomyces_cerevisiae_baker_s_yeast, Node1652*)",1481,1.6372983367928842,0.921514902531969,c3,branch_to_yeast
"(Eukaryota_Opisthokonta_Nucletmycea_Fungi_Dikarya_Ascomycota_Saccharomycotina_Saccharomycetes_Saccharomycetales_Saccharomyces_cerevisiae_baker_s_yeast, Node1652*)",1482,1.6372983367928842,0.921514902531969,c3,branch_to_yeast
"(Eukaryota_Opisthokonta_Nucletmycea_Fungi_Dikarya_Ascomycota_Saccharomycotina_Saccharomycetes_Saccharomycetales_Saccharomyces_cerevisiae_baker_s_yeast, Node1652*)",1483,0.9080570735543574,0.921514902531969,c3,branch_to_yeast
"(Eukaryota_Opisthokonta_Nucletmycea_Fungi_Dikarya_Ascomycota_Saccharomycotina_Saccharomycetes_Saccharomycetales_Saccharomyces_cerevisiae_baker_s_yeast, Node1652*)",1484,0.5440990587203809,0.921514902531969,c3,branch_to_yeast
"(Eukaryota_Opisthokonta_Nucletmycea_Fungi_Dikarya_Ascomycota_Saccharomycotina_Saccharomycetes_Saccharomycetales_Saccharomyces_cerevisiae_baker_s_yeast, Node1652*)",1485,1.6372983367928846,0.921514902531969,c3,branch_to_yeast
"(Eukaryota_Opisthokonta_Nucletmycea_Fungi_Dikarya_Ascomycota_Saccharomycotina_Saccharomycetes_Saccharomycetales_Saccharomyces_cerevisiae_baker_s_yeast, Node1652*)",1486,0.9080570735543574,0.921514902531969,c3,branch_to_yeast
"(Eukaryota_Opisthokonta_Nucletmycea_Fungi_Dikarya_Ascomycota_Saccharomycotina_Saccharomycetes_Saccharomycetales_Saccharomyces_cerevisiae_baker_s_yeast, Node1652*)",1487,0.5440990588598469,0.939546945073676,c2,branch_to_yeast
"(Eukaryota_Opisthokonta_Nucletmycea_Fungi_Dikarya_Ascomycota_Saccharomycotina_Saccharomycetes_Saccharomycetales_Saccharomyces_cerevisiae_baker_s_yeast, Node1652*)",1488,0.5440990588598469,0.939546945073676,c2,branch_to_yeast
"(Eukaryota_Opisthokonta_Nucletmycea_Fungi_Dikarya_Ascomycota_Saccharomycotina_Saccharomycetes_Saccharomycetales_Saccharomyces_cerevisiae_baker_s_yeast, Node1652*)",1489,0.5440990573737672,0.7421390212290799,c4,branch_to_yeast
"(Eukaryota_Opisthokonta_Nucletmycea_Fungi_Dikarya_Ascomycota_Saccharomycotina_Saccharomycetes_Saccharomycetales_Saccharomyces_cerevisiae_baker_s_yeast, Node1652*)",1490,0.9080570736672596,0.9304262177623468,c1,branch_to_yeast
"(Eukaryota_Opisthokonta_Nucletmycea_Fungi_Dikarya_Ascomycota_Saccharomycotina_Saccharomycetes_Saccharomycetales_Saccharomyces_cerevisiae_baker_s_yeast, Node1652*)",1491,0.5440990588803539,0.9304262177623468,c1,branch_to_yeast
"(Eukaryota_Opisthokonta_Nucletmycea_Fungi_Dikarya_Ascomycota_Saccharomycotina_Saccharomycetes_Saccharomycetales_Saccharomyces_cerevisiae_baker_s_yeast, Node1652*)",1492,0.9585603439457024,0.939546945073676,c2,branch_to_yeast
"(Eukaryota_Opisthokonta_Nucletmycea_Fungi_Dikarya_Ascomycota_Saccharomycotina_Saccharomycetes_Saccharomycetales_Saccharomyces_cerevisiae_baker_s_yeast, Node1652*)",1493,0.9080570739272936,0.939546945073676,c2,branch_to_yeast
"(Eukaryota_Opisthokonta_Nucletmycea_Fungi_Dikarya_Ascomycota_Saccharomycotina_Saccharomycetes_Saccharomycetales_Saccharomyces_cerevisiae_baker_s_yeast, Node1652*)",1494,0.9585603090034832,0.921514902531969,c3,branch_to_yeast
"(Eukaryota_Opisthokonta_Nucletmycea_Fungi_Dikarya_Ascomycota_Saccharomycotina_Saccharomycetes_Saccharomycetales_Saccharomyces_cerevisiae_baker_s_yeast, Node1652*)",1495,0.9585603398313794,0.7421390212290799,c4,branch_to_yeast
"(Eukaryota_Opisthokonta_Nucletmycea_Fungi_Dikarya_Ascomycota_Saccharomycotina_Saccharomycetes_Saccharomycetales_Saccharomyces_cerevisiae_baker_s_yeast, Node1652*)",1496,-6.255578211709004e-17,0.939546945073676,c2,branch_to_yeast
"(Eukaryota_Opisthokonta_Nucletmycea_Fungi_Dikarya_Ascomycota_Saccharomycotina_Saccharomycetes_Saccharomycetales_Saccharomyces_cerevisiae_baker_s_yeast, Node1652*)",1497,-1.0519661517255145e-17,0.7421390212290799,c4,branch_to_yeast
"(Eukaryota_Opisthokonta_Nucletmycea_Fungi_Dikarya_Ascomycota_Saccharomycotina_Saccharomycetes_Saccharomycetales_Saccharomyces_cerevisiae_baker_s_yeast, Node1652*)",1498,5.085277580512004e-17,0.939546945073676,c2,branch_to_yeast
"(Eukaryota_Opisthokonta_Nucletmycea_Fungi_Dikarya_Ascomycota_Saccharomycotina_Saccharomycetes_Saccharomycetales_Saccharomyces_cerevisiae_baker_s_yeast, Node1652*)",1499,1.6372983311639278,0.7421390212290799,c4,branch_to_yeast
"(Eukaryota_Opisthokonta_Nucletmycea_Fungi_Dikarya_Ascomycota_Saccharomycotina_Saccharomycetes_Saccharomycetales_Saccharomyces_cerevisiae_baker_s_yeast, Node1652*)",1500,0.9080570726075052,0.7421390212290799,c4,branch_to_yeast
"(Eukaryota_Opisthokonta_Nucletmycea_Fungi_Dikarya_Ascomycota_Saccharomycotina_Saccharomycetes_Saccharomycetales_Saccharomyces_cerevisiae_baker_s_yeast, Node1652*)",1501,0.5440990573737672,0.7421390212290799,c4,branch_to_yeast
"(Eukaryota_Opisthokonta_Nucletmycea_Fungi_Dikarya_Ascomycota_Saccharomycotina_Saccharomycetes_Saccharomycetales_Saccharomyces_cerevisiae_baker_s_yeast, Node1652*)",1502,0.9585603400967968,0.7421390212290799,c4,branch_to_yeast
"(Eukaryota_Opisthokonta_Nucletmycea_Fungi_Dikarya_Ascomycota_Saccharomycotina_Saccharomycetes_Saccharomycetales_Saccharomyces_cerevisiae_baker_s_yeast, Node1652*)",1503,1.637298331163928,0.7421390212290799,c4,branch_to_yeast
"(Eukaryota_Opisthokonta_Nucletmycea_Fungi_Dikarya_Ascomycota_Saccharomycotina_Saccharomycetes_Saccharomycetales_Saccharomyces_cerevisiae_baker_s_yeast, Node1652*)",1504,-5.834325678452704e-17,0.921514902531969,c3,branch_to_yeast
"(Eukaryota_Opisthokonta_Nucletmycea_Fungi_Dikarya_Ascomycota_Saccharomycotina_Saccharomycetes_Saccharomycetales_Saccharomyces_cerevisiae_baker_s_yeast, Node1652*)",1505,0.5440990587282001,0.921514902531969,c3,branch_to_yeast
"(Eukaryota_Opisthokonta_Nucletmycea_Fungi_Dikarya_Ascomycota_Saccharomycotina_Saccharomycetes_Saccharomycetales_Saccharomyces_cerevisiae_baker_s_yeast, Node1652*)",1506,0.9080570726075052,0.7421390212290799,c4,branch_to_yeast
"(Eukaryota_Opisthokonta_Nucletmycea_Fungi_Dikarya_Ascomycota_Saccharomycotina_Saccharomycetes_Saccharomycetales_Saccharomyces_cerevisiae_baker_s_yeast, Node1652*)",1507,0.9080570735543574,0.921514902531969,c3,branch_to_yeast
"(Eukaryota_Opisthokonta_Nucletmycea_Fungi_Dikarya_Ascomycota_Saccharomycotina_Saccharomycetes_Saccharomycetales_Saccharomyces_cerevisiae_baker_s_yeast, Node1652*)",1508,0.9080570735543574,0.921514902531969,c3,branch_to_yeast
"(Eukaryota_Opisthokonta_Nucletmycea_Fungi_Dikarya_Ascomycota_Saccharomycotina_Saccharomycetes_Saccharomycetales_Saccharomyces_cerevisiae_baker_s_yeast, Node1652*)",1509,6.654849336608278e-18,0.921514902531969,c3,branch_to_yeast
"(Eukaryota_Opisthokonta_Nucletmycea_Fungi_Dikarya_Ascomycota_Saccharomycotina_Saccharomycetes_Saccharomycetales_Saccharomyces_cerevisiae_baker_s_yeast, Node1652*)",1510,0.9585603400967968,0.7421390212290799,c4,branch_to_yeast
"(Eukaryota_Opisthokonta_Nucletmycea_Fungi_Dikarya_Ascomycota_Saccharomycotina_Saccharomycetes_Saccharomycetales_Saccharomyces_cerevisiae_baker_s_yeast, Node1652*)",1511,1.637298331163928,0.7421390212290799,c4,branch_to_yeast
"(Eukaryota_Opisthokonta_Nucletmycea_Fungi_Dikarya_Ascomycota_Saccharomycotina_Saccharomycetes_Saccharomycetales_Saccharomyces_cerevisiae_baker_s_yeast, Node1652*)",1512,0.9080570726075052,0.7421390212290799,c4,branch_to_yeast
"(Eukaryota_Opisthokonta_Nucletmycea_Fungi_Dikarya_Ascomycota_Saccharomycotina_Saccharomycetes_Saccharomycetales_Saccharomyces_cerevisiae_baker_s_yeast, Node1652*)",1513,7.081100542247189e-18,0.939546945073676,c2,branch_to_yeast
"(Eukaryota_Opisthokonta_Nucletmycea_Fungi_Dikarya_Ascomycota_Saccharomycotina_Saccharomycetes_Saccharomycetales_Saccharomyces_cerevisiae_baker_s_yeast, Node1652*)",1514,0.9585603400967968,0.7421390212290799,c4,branch_to_yeast
"(Eukaryota_Opisthokonta_Nucletmycea_Fungi_Dikarya_Ascomycota_Saccharomycotina_Saccharomycetes_Saccharomycetales_Saccharomyces_cerevisiae_baker_s_yeast, Node1652*)",1515,0.9585603435847064,0.921514902531969,c3,branch_to_yeast
"(Eukaryota_Opisthokonta_Nucletmycea_Fungi_Dikarya_Ascomycota_Saccharomycotina_Saccharomycetes_Saccharomycetales_Saccharomyces_cerevisiae_baker_s_yeast, Node1652*)",1516,0.9080570736501872,0.939546945073676,c2,branch_to_yeast
"(Eukaryota_Opisthokonta_Nucletmycea_Fungi_Dikarya_Ascomycota_Saccharomycotina_Saccharomycetes_Saccharomycetales_Saccharomyces_cerevisiae_baker_s_yeast, Node1652*)",1517,0.9080570726144238,0.7421390212290799,c4,branch_to_yeast
"(Eukaryota_Opisthokonta_Nucletmycea_Fungi_Dikarya_Ascomycota_Saccharomycotina_Saccharomycetes_Saccharomycetales_Saccharomyces_cerevisiae_baker_s_yeast, Node1652*)",1518,0.5440999812026083,0.7421390212290799,c4,branch_to_yeast
"(Eukaryota_Opisthokonta_Nucletmycea_Fungi_Dikarya_Ascomycota_Saccharomycotina_Saccharomycetes_Saccharomycetales_Saccharomyces_cerevisiae_baker_s_yeast, Node1652*)",1519,0.908057072498528,0.7421390212290799,c4,branch_to_yeast
"(Eukaryota_Opisthokonta_Nucletmycea_Fungi_Dikarya_Ascomycota_Saccharomycotina_Saccharomycetes_Saccharomycetales_Saccharomyces_cerevisiae_baker_s_yeast, Node1652*)",1520,1.6372983367928846,0.921514902531969,c3,branch_to_yeast
"(Eukaryota_Opisthokonta_Nucletmycea_Fungi_Dikarya_Ascomycota_Saccharomycotina_Saccharomycetes_Saccharomycetales_Saccharomyces_cerevisiae_baker_s_yeast, Node1652*)",1521,0.5440990589426508,0.939546945073676,c2,branch_to_yeast
"(Eukaryota_Opisthokonta_Nucletmycea_Fungi_Dikarya_Ascomycota_Saccharomycotina_Saccharomycetes_Saccharomycetales_Saccharomyces_cerevisiae_baker_s_yeast, Node1652*)",1522,1.6372983367928842,0.921514902531969,c3,branch_to_yeast
"(Eukaryota_Opisthokonta_Nucletmycea_Fungi_Dikarya_Ascomycota_Saccharomycotina_Saccharomycetes_Saccharomycetales_Saccharomyces_cerevisiae_baker_s_yeast, Node1652*)",1523,0.908057073652776,0.939546945073676,c2,branch_to_yeast
"(Eukaryota_Opisthokonta_Nucletmycea_Fungi_Dikarya_Ascomycota_Saccharomycotina_Saccharomycetes_Saccharomycetales_Saccharomyces_cerevisiae_baker_s_yeast, Node1652*)",1524,0.9080570736672596,0.9304262177623468,c1,branch_to_yeast
"(Eukaryota_Opisthokonta_Nucletmycea_Fungi_Dikarya_Ascomycota_Saccharomycotina_Saccharomycetes_Saccharomycetales_Saccharomyces_cerevisiae_baker_s_yeast, Node1652*)",1525,1.6372983374601648,0.9304262177623468,c1,branch_to_yeast
"(Eukaryota_Opisthokonta_Nucletmycea_Fungi_Dikarya_Ascomycota_Saccharomycotina_Saccharomycetes_Saccharomycetales_Saccharomyces_cerevisiae_baker_s_yeast, Node1652*)",1526,0.908057073652776,0.939546945073676,c2,branch_to_yeast
"(Eukaryota_Opisthokonta_Nucletmycea_Fungi_Dikarya_Ascomycota_Saccharomycotina_Saccharomycetes_Saccharomycetales_Saccharomyces_cerevisiae_baker_s_yeast, Node1652*)",1527,0.908057073652776,0.939546945073676,c2,branch_to_yeast
"(Eukaryota_Opisthokonta_Nucletmycea_Fungi_Dikarya_Ascomycota_Saccharomycotina_Saccharomycetes_Saccharomycetales_Saccharomyces_cerevisiae_baker_s_yeast, Node1652*)",1528,0.544099058720381,0.921514902531969,c3,branch_to_yeast
"(Eukaryota_Opisthokonta_Nucletmycea_Fungi_Dikarya_Ascomycota_Saccharomycotina_Saccharomycetes_Saccharomycetales_Saccharomyces_cerevisiae_baker_s_yeast, Node1652*)",1529,0.9585603400967968,0.7421390212290799,c4,branch_to_yeast
"(Eukaryota_Opisthokonta_Nucletmycea_Fungi_Dikarya_Ascomycota_Saccharomycotina_Saccharomycetes_Saccharomycetales_Saccharomyces_cerevisiae_baker_s_yeast, Node1652*)",1530,0.5440990573737671,0.7421390212290799,c4,branch_to_yeast
"(Eukaryota_Opisthokonta_Nucletmycea_Fungi_Dikarya_Ascomycota_Saccharomycotina_Saccharomycetes_Saccharomycetales_Saccharomyces_cerevisiae_baker_s_yeast, Node1652*)",1531,0.9585603435847064,0.921514902531969,c3,branch_to_yeast
"(Eukaryota_Opisthokonta_Nucletmycea_Fungi_Dikarya_Ascomycota_Saccharomycotina_Saccharomycetes_Saccharomycetales_Saccharomyces_cerevisiae_baker_s_yeast, Node1652*)",1532,0.9585603435847064,0.921514902531969,c3,branch_to_yeast
"(Eukaryota_Opisthokonta_Nucletmycea_Fungi_Dikarya_Ascomycota_Saccharomycotina_Saccharomycetes_Saccharomycetales_Saccharomyces_cerevisiae_baker_s_yeast, Node1652*)",1533,0.9585603439457024,0.939546945073676,c2,branch_to_yeast
"(Eukaryota_Opisthokonta_Nucletmycea_Fungi_Dikarya_Ascomycota_Saccharomycotina_Saccharomycetes_Saccharomycetales_Saccharomyces_cerevisiae_baker_s_yeast, Node1652*)",1534,0.5440990588803539,0.9304262177623468,c1,branch_to_yeast
"(Eukaryota_Opisthokonta_Nucletmycea_Fungi_Dikarya_Ascomycota_Saccharomycotina_Saccharomycetes_Saccharomycetales_Saccharomyces_cerevisiae_baker_s_yeast, Node1652*)",1535,1.6372983374601648,0.9304262177623468,c1,branch_to_yeast
"(Eukaryota_Opisthokonta_Nucletmycea_Fungi_Dikarya_Ascomycota_Saccharomycotina_Saccharomycetes_Saccharomycetales_Saccharomyces_cerevisiae_baker_s_yeast, Node1652*)",1536,0.908057073652776,0.939546945073676,c2,branch_to_yeast
"(Eukaryota_Opisthokonta_Nucletmycea_Fungi_Dikarya_Ascomycota_Saccharomycotina_Saccharomycetes_Saccharomycetales_Saccharomyces_cerevisiae_baker_s_yeast, Node1652*)",1537,0.544099058880354,0.9304262177623468,c1,branch_to_yeast
"(Eukaryota_Opisthokonta_Nucletmycea_Fungi_Dikarya_Ascomycota_Saccharomycotina_Saccharomycetes_Saccharomycetales_Saccharomyces_cerevisiae_baker_s_yeast, Node1652*)",1538,0.908057073652776,0.939546945073676,c2,branch_to_yeast
"(Eukaryota_Opisthokonta_Nucletmycea_Fungi_Dikarya_Ascomycota_Saccharomycotina_Saccharomycetes_Saccharomycetales_Saccharomyces_cerevisiae_baker_s_yeast, Node1652*)",1539,1.637298337374667,0.939546945073676,c2,branch_to_yeast
"(Eukaryota_Opisthokonta_Nucletmycea_Fungi_Dikarya_Ascomycota_Saccharomycotina_Saccharomycetes_Saccharomycetales_Saccharomyces_cerevisiae_baker_s_yeast, Node1652*)",1540,0.9585603435565678,0.921514902531969,c3,branch_to_yeast
"(Eukaryota_Opisthokonta_Nucletmycea_Fungi_Dikarya_Ascomycota_Saccharomycotina_Saccharomycetes_Saccharomycetales_Saccharomyces_cerevisiae_baker_s_yeast, Node1652*)",1541,0.9585602791241205,0.921514902531969,c3,branch_to_yeast
"(Eukaryota_Opisthokonta_Nucletmycea_Fungi_Dikarya_Ascomycota_Saccharomycotina_Saccharomycetes_Saccharomycetales_Saccharomyces_cerevisiae_baker_s_yeast, Node1652*)",1542,0.9080570735543574,0.921514902531969,c3,branch_to_yeast
"(Eukaryota_Opisthokonta_Nucletmycea_Fungi_Dikarya_Ascomycota_Saccharomycotina_Saccharomycetes_Saccharomycetales_Saccharomyces_cerevisiae_baker_s_yeast, Node1652*)",1543,0.908057073652776,0.939546945073676,c2,branch_to_yeast
"(Eukaryota_Opisthokonta_Nucletmycea_Fungi_Dikarya_Ascomycota_Saccharomycotina_Saccharomycetes_Saccharomycetales_Saccharomyces_cerevisiae_baker_s_yeast, Node1652*)",1544,0.908057073652776,0.939546945073676,c2,branch_to_yeast
"(Eukaryota_Opisthokonta_Nucletmycea_Fungi_Dikarya_Ascomycota_Saccharomycotina_Saccharomycetes_Saccharomycetales_Saccharomyces_cerevisiae_baker_s_yeast, Node1652*)",1545,1.6372983367928842,0.921514902531969,c3,branch_to_yeast
"(Eukaryota_Opisthokonta_Nucletmycea_Fungi_Dikarya_Ascomycota_Saccharomycotina_Saccharomycetes_Saccharomycetales_Saccharomyces_cerevisiae_baker_s_yeast, Node1652*)",1546,0.5440990588598469,0.939546945073676,c2,branch_to_yeast
"(Eukaryota_Opisthokonta_Nucletmycea_Fungi_Dikarya_Ascomycota_Saccharomycotina_Saccharomycetes_Saccharomycetales_Saccharomyces_cerevisiae_baker_s_yeast, Node1652*)",1547,0.5440990588598469,0.939546945073676,c2,branch_to_yeast
"(Eukaryota_Opisthokonta_Nucletmycea_Fungi_Dikarya_Ascomycota_Saccharomycotina_Saccharomycetes_Saccharomycetales_Saccharomyces_cerevisiae_baker_s_yeast, Node1652*)",1548,0.9585603435847064,0.921514902531969,c3,branch_to_yeast
"(Eukaryota_Opisthokonta_Nucletmycea_Fungi_Dikarya_Ascomycota_Saccharomycotina_Saccharomycetes_Saccharomycetales_Saccharomyces_cerevisiae_baker_s_yeast, Node1652*)",1549,1.6372981974406862,0.921514902531969,c3,branch_to_yeast
"(Eukaryota_Opisthokonta_Nucletmycea_Fungi_Dikarya_Ascomycota_Saccharomycotina_Saccharomycetes_Saccharomycetales_Saccharomyces_cerevisiae_baker_s_yeast, Node1652*)",1550,1.6372983367761822,0.921514902531969,c3,branch_to_yeast
"(Eukaryota_Opisthokonta_Nucletmycea_Fungi_Dikarya_Ascomycota_Saccharomycotina_Saccharomycetes_Saccharomycetales_Saccharomyces_cerevisiae_baker_s_yeast, Node1652*)",1551,0.9585603439457026,0.939546945073676,c2,branch_to_yeast
"(Eukaryota_Opisthokonta_Nucletmycea_Fungi_Dikarya_Ascomycota_Saccharomycotina_Saccharomycetes_Saccharomycetales_Saccharomyces_cerevisiae_baker_s_yeast, Node1652*)",1552,1.6605666231143168e-17,0.7421390212290799,c4,branch_to_yeast
"(Eukaryota_Opisthokonta_Nucletmycea_Fungi_Dikarya_Ascomycota_Saccharomycotina_Saccharomycetes_Saccharomycetales_Saccharomyces_cerevisiae_baker_s_yeast, Node1652*)",1553,0.5440990588598469,0.939546945073676,c2,branch_to_yeast
"(Eukaryota_Opisthokonta_Nucletmycea_Fungi_Dikarya_Ascomycota_Saccharomycotina_Saccharomycetes_Saccharomycetales_Saccharomyces_cerevisiae_baker_s_yeast, Node1652*)",1554,0.9080570736672596,0.9304262177623468,c1,branch_to_yeast
"(Eukaryota_Opisthokonta_Nucletmycea_Fungi_Dikarya_Ascomycota_Saccharomycotina_Saccharomycetes_Saccharomycetales_Saccharomyces_cerevisiae_baker_s_yeast, Node1652*)",1555,0.958560343998775,0.9304262177623468,c1,branch_to_yeast
"(Eukaryota_Opisthokonta_Nucletmycea_Fungi_Dikarya_Ascomycota_Saccharomycotina_Saccharomycetes_Saccharomycetales_Saccharomyces_cerevisiae_baker_s_yeast, Node1652*)",1556,0.9585603439987752,0.9304262177623468,c1,branch_to_yeast
"(Eukaryota_Opisthokonta_Nucletmycea_Fungi_Dikarya_Ascomycota_Saccharomycotina_Saccharomycetes_Saccharomycetales_Saccharomyces_cerevisiae_baker_s_yeast, Node1652*)",1557,0.5440990588803539,0.9304262177623468,c1,branch_to_yeast
"(Eukaryota_Opisthokonta_Nucletmycea_Fungi_Dikarya_Ascomycota_Saccharomycotina_Saccharomycetes_Saccharomycetales_Saccharomyces_cerevisiae_baker_s_yeast, Node1652*)",1558,0.544099058880354,0.9304262177623468,c1,branch_to_yeast
"(Eukaryota_Opisthokonta_Nucletmycea_Fungi_Dikarya_Ascomycota_Saccharomycotina_Saccharomycetes_Saccharomycetales_Saccharomyces_cerevisiae_baker_s_yeast, Node1652*)",1559,0.9585603439987752,0.9304262177623468,c1,branch_to_yeast
"(Eukaryota_Opisthokonta_Nucletmycea_Fungi_Dikarya_Ascomycota_Saccharomycotina_Saccharomycetes_Saccharomycetales_Saccharomyces_cerevisiae_baker_s_yeast, Node1652*)",1560,0.9080570736672596,0.9304262177623468,c1,branch_to_yeast
"(Eukaryota_Opisthokonta_Nucletmycea_Fungi_Dikarya_Ascomycota_Saccharomycotina_Saccharomycetes_Saccharomycetales_Saccharomyces_cerevisiae_baker_s_yeast, Node1652*)",1561,0.9080570735543574,0.921514902531969,c3,branch_to_yeast
"(Eukaryota_Opisthokonta_Nucletmycea_Fungi_Dikarya_Ascomycota_Saccharomycotina_Saccharomycetes_Saccharomycetales_Saccharomyces_cerevisiae_baker_s_yeast, Node1652*)",1562,0.908057073652776,0.939546945073676,c2,branch_to_yeast
"(Eukaryota_Opisthokonta_Nucletmycea_Fungi_Dikarya_Ascomycota_Saccharomycotina_Saccharomycetes_Saccharomycetales_Saccharomyces_cerevisiae_baker_s_yeast, Node1652*)",1563,0.9585603439457026,0.939546945073676,c2,branch_to_yeast
"(Eukaryota_Opisthokonta_Nucletmycea_Fungi_Dikarya_Ascomycota_Saccharomycotina_Saccharomycetes_Saccharomycetales_Saccharomyces_cerevisiae_baker_s_yeast, Node1652*)",1564,0.5440990588803539,0.9304262177623468,c1,branch_to_yeast
"(Eukaryota_Opisthokonta_Nucletmycea_Fungi_Dikarya_Ascomycota_Saccharomycotina_Saccharomycetes_Saccharomycetales_Saccharomyces_cerevisiae_baker_s_yeast, Node1652*)",1565,0.9585603439987752,0.9304262177623468,c1,branch_to_yeast
"(Eukaryota_Opisthokonta_Nucletmycea_Fungi_Dikarya_Ascomycota_Saccharomycotina_Saccharomycetes_Saccharomycetales_Saccharomyces_cerevisiae_baker_s_yeast, Node1652*)",1566,0.958560343998775,0.9304262177623468,c1,branch_to_yeast
"(Eukaryota_Opisthokonta_Nucletmycea_Fungi_Dikarya_Ascomycota_Saccharomycotina_Saccharomycetes_Saccharomycetales_Saccharomyces_cerevisiae_baker_s_yeast, Node1652*)",1567,1.6372983373746668,0.939546945073676,c2,branch_to_yeast
"(Eukaryota_Opisthokonta_Nucletmycea_Fungi_Dikarya_Ascomycota_Saccharomycotina_Saccharomycetes_Saccharomycetales_Saccharomyces_cerevisiae_baker_s_yeast, Node1652*)",1568,0.5440990588598469,0.939546945073676,c2,branch_to_yeast
"(Eukaryota_Opisthokonta_Nucletmycea_Fungi_Dikarya_Ascomycota_Saccharomycotina_Saccharomycetes_Saccharomycetales_Saccharomyces_cerevisiae_baker_s_yeast, Node1652*)",1569,0.5440990588803539,0.9304262177623468,c1,branch_to_yeast
"(Eukaryota_Opisthokonta_Nucletmycea_Fungi_Dikarya_Ascomycota_Saccharomycotina_Saccharomycetes_Saccharomycetales_Saccharomyces_cerevisiae_baker_s_yeast, Node1652*)",1570,0.908057073652776,0.939546945073676,c2,branch_to_yeast
"(Eukaryota_Opisthokonta_Nucletmycea_Fungi_Dikarya_Ascomycota_Saccharomycotina_Saccharomycetes_Saccharomycetales_Saccharomyces_cerevisiae_baker_s_yeast, Node1652*)",1571,0.5440990588803539,0.9304262177623468,c1,branch_to_yeast
"(Eukaryota_Opisthokonta_Nucletmycea_Fungi_Dikarya_Ascomycota_Saccharomycotina_Saccharomycetes_Saccharomycetales_Saccharomyces_cerevisiae_baker_s_yeast, Node1652*)",1572,0.5440990588803539,0.9304262177623468,c1,branch_to_yeast
"(Eukaryota_Opisthokonta_Nucletmycea_Fungi_Dikarya_Ascomycota_Saccharomycotina_Saccharomycetes_Saccharomycetales_Saccharomyces_cerevisiae_baker_s_yeast, Node1652*)",1573,1.6372983374601653,0.9304262177623468,c1,branch_to_yeast
"(Eukaryota_Opisthokonta_Nucletmycea_Fungi_Dikarya_Ascomycota_Saccharomycotina_Saccharomycetes_Saccharomycetales_Saccharomyces_cerevisiae_baker_s_yeast, Node1652*)",1574,0.5440990588803539,0.9304262177623468,c1,branch_to_yeast
"(Eukaryota_Opisthokonta_Nucletmycea_Fungi_Dikarya_Ascomycota_Saccharomycotina_Saccharomycetes_Saccharomycetales_Saccharomyces_cerevisiae_baker_s_yeast, Node1652*)",1575,0.9585603439987752,0.9304262177623468,c1,branch_to_yeast
"(Eukaryota_Opisthokonta_Nucletmycea_Fungi_Dikarya_Ascomycota_Saccharomycotina_Saccharomycetes_Saccharomycetales_Saccharomyces_cerevisiae_baker_s_yeast, Node1652*)",1576,0.9585603439457028,0.939546945073676,c2,branch_to_yeast
"(Eukaryota_Opisthokonta_Nucletmycea_Fungi_Dikarya_Ascomycota_Saccharomycotina_Saccharomycetes_Saccharomycetales_Saccharomyces_cerevisiae_baker_s_yeast, Node1652*)",1577,0.9080570736672596,0.9304262177623468,c1,branch_to_yeast
"(Eukaryota_Opisthokonta_Nucletmycea_Fungi_Dikarya_Ascomycota_Saccharomycotina_Saccharomycetes_Saccharomycetales_Saccharomyces_cerevisiae_baker_s_yeast, Node1652*)",1578,1.219327821806995,0.9304262177623468,c1,branch_to_yeast
"(Eukaryota_Opisthokonta_Nucletmycea_Fungi_Dikarya_Ascomycota_Saccharomycotina_Saccharomycetes_Saccharomycetales_Saccharomyces_cerevisiae_baker_s_yeast, Node1652*)",1579,0.908057073652776,0.939546945073676,c2,branch_to_yeast
"(Eukaryota_Opisthokonta_Nucletmycea_Fungi_Dikarya_Ascomycota_Saccharomycotina_Saccharomycetes_Saccharomycetales_Saccharomyces_cerevisiae_baker_s_yeast, Node1652*)",1580,7.637858434009503e-18,0.939546945073676,c2,branch_to_yeast
"(Eukaryota_Opisthokonta_Nucletmycea_Fungi_Dikarya_Ascomycota_Saccharomycotina_Saccharomycetes_Saccharomycetales_Saccharomyces_cerevisiae_baker_s_yeast, Node1652*)",1581,0.9585603439987752,0.9304262177623468,c1,branch_to_yeast
"(Eukaryota_Opisthokonta_Nucletmycea_Fungi_Dikarya_Ascomycota_Saccharomycotina_Saccharomycetes_Saccharomycetales_Saccharomyces_cerevisiae_baker_s_yeast, Node1652*)",1582,0.9080570736672594,0.9304262177623468,c1,branch_to_yeast
"(Eukaryota_Opisthokonta_Nucletmycea_Fungi_Dikarya_Ascomycota_Saccharomycotina_Saccharomycetes_Saccharomycetales_Saccharomyces_cerevisiae_baker_s_yeast, Node1652*)",1583,0.7221854200907881,0.939546945073676,c2,branch_to_yeast
"(Eukaryota_Opisthokonta_Nucletmycea_Fungi_Dikarya_Ascomycota_Saccharomycotina_Saccharomycetes_Saccharomycetales_Saccharomyces_cerevisiae_baker_s_yeast, Node1652*)",1584,0.5440990588803539,0.9304262177623468,c1,branch_to_yeast
"(Eukaryota_Opisthokonta_Nucletmycea_Fungi_Dikarya_Ascomycota_Saccharomycotina_Saccharomycetes_Saccharomycetales_Saccharomyces_cerevisiae_baker_s_yeast, Node1652*)",1585,0.9080570736672596,0.9304262177623468,c1,branch_to_yeast
"(Eukaryota_Opisthokonta_Nucletmycea_Fungi_Dikarya_Ascomycota_Saccharomycotina_Saccharomycetes_Saccharomycetales_Saccharomyces_cerevisiae_baker_s_yeast, Node1652*)",1586,0.9585603439987752,0.9304262177623468,c1,branch_to_yeast
"(Eukaryota_Opisthokonta_Nucletmycea_Fungi_Dikarya_Ascomycota_Saccharomycotina_Saccharomycetes_Saccharomycetales_Saccharomyces_cerevisiae_baker_s_yeast, Node1652*)",1587,1.6372983373746668,0.939546945073676,c2,branch_to_yeast
"(Eukaryota_Opisthokonta_Nucletmycea_Fungi_Dikarya_Ascomycota_Saccharomycotina_Saccharomycetes_Saccharomycetales_Saccharomyces_cerevisiae_baker_s_yeast, Node1652*)",1588,1.6372983374601646,0.9304262177623468,c1,branch_to_yeast
"(Eukaryota_Opisthokonta_Nucletmycea_Fungi_Dikarya_Ascomycota_Saccharomycotina_Saccharomycetes_Saccharomycetales_Saccharomyces_cerevisiae_baker_s_yeast, Node1652*)",1589,1.6372983374601648,0.9304262177623468,c1,branch_to_yeast
"(Eukaryota_Opisthokonta_Nucletmycea_Fungi_Dikarya_Ascomycota_Saccharomycotina_Saccharomycetes_Saccharomycetales_Saccharomyces_cerevisiae_baker_s_yeast, Node1652*)",1590,0.908057073652776,0.939546945073676,c2,branch_to_yeast
"(Eukaryota_Opisthokonta_Nucletmycea_Fungi_Dikarya_Ascomycota_Saccharomycotina_Saccharomycetes_Saccharomycetales_Saccharomyces_cerevisiae_baker_s_yeast, Node1652*)",1591,0.9080570736672594,0.9304262177623468,c1,branch_to_yeast
"(Eukaryota_Opisthokonta_Nucletmycea_Fungi_Dikarya_Ascomycota_Saccharomycotina_Saccharomycetes_Saccharomycetales_Saccharomyces_cerevisiae_baker_s_yeast, Node1652*)",1592,0.5440990588803539,0.9304262177623468,c1,branch_to_yeast
"(Eukaryota_Opisthokonta_Nucletmycea_Fungi_Dikarya_Ascomycota_Saccharomycotina_Saccharomycetes_Saccharomycetales_Saccharomyces_cerevisiae_baker_s_yeast, Node1652*)",1593,0.9585603439457026,0.939546945073676,c2,branch_to_yeast
"(Eukaryota_Opisthokonta_Nucletmycea_Fungi_Dikarya_Ascomycota_Saccharomycotina_Saccharomycetes_Saccharomycetales_Saccharomyces_cerevisiae_baker_s_yeast, Node1652*)",1594,0.5440990588803539,0.9304262177623468,c1,branch_to_yeast
"(Eukaryota_Opisthokonta_Nucletmycea_Fungi_Dikarya_Ascomycota_Saccharomycotina_Saccharomycetes_Saccharomycetales_Saccharomyces_cerevisiae_baker_s_yeast, Node1652*)",1595,1.6372983373746668,0.939546945073676,c2,branch_to_yeast
"(Eukaryota_Opisthokonta_Nucletmycea_Fungi_Dikarya_Ascomycota_Saccharomycotina_Saccharomycetes_Saccharomycetales_Saccharomyces_cerevisiae_baker_s_yeast, Node1652*)",1596,0.9585603439457024,0.939546945073676,c2,branch_to_yeast
"(Eukaryota_Opisthokonta_Nucletmycea_Fungi_Dikarya_Ascomycota_Saccharomycotina_Saccharomycetes_Saccharomycetales_Saccharomyces_cerevisiae_baker_s_yeast, Node1652*)",1597,0.9080570735543574,0.921514902531969,c3,branch_to_yeast
"(Eukaryota_Opisthokonta_Nucletmycea_Fungi_Dikarya_Ascomycota_Saccharomycotina_Saccharomycetes_Saccharomycetales_Saccharomyces_cerevisiae_baker_s_yeast, Node1652*)",1598,0.908057073652776,0.939546945073676,c2,branch_to_yeast
"(Eukaryota_Opisthokonta_Nucletmycea_Fungi_Dikarya_Ascomycota_Saccharomycotina_Saccharomycetes_Saccharomycetales_Saccharomyces_cerevisiae_baker_s_yeast, Node1652*)",1599,1.219327821310058,0.921514902531969,c3,branch_to_yeast
"(Eukaryota_Opisthokonta_Nucletmycea_Fungi_Dikarya_Ascomycota_Saccharomycotina_Saccharomycetes_Saccharomycetales_Saccharomyces_cerevisiae_baker_s_yeast, Node1652*)",1600,0.908057073652776,0.939546945073676,c2,branch_to_yeast
"(Eukaryota_Opisthokonta_Nucletmycea_Fungi_Dikarya_Ascomycota_Saccharomycotina_Saccharomycetes_Saccharomycetales_Saccharomyces_cerevisiae_baker_s_yeast, Node1652*)",1601,0.9585603439987752,0.9304262177623468,c1,branch_to_yeast
"(Eukaryota_Opisthokonta_Nucletmycea_Fungi_Dikarya_Ascomycota_Saccharomycotina_Saccharomycetes_Saccharomycetales_Saccharomyces_cerevisiae_baker_s_yeast, Node1652*)",1602,0.958560343998775,0.9304262177623468,c1,branch_to_yeast
"(Eukaryota_Opisthokonta_Nucletmycea_Fungi_Dikarya_Ascomycota_Saccharomycotina_Saccharomycetes_Saccharomycetales_Saccharomyces_cerevisiae_baker_s_yeast, Node1652*)",1603,0.9585603439987752,0.9304262177623468,c1,branch_to_yeast
"(Eukaryota_Opisthokonta_Nucletmycea_Fungi_Dikarya_Ascomycota_Saccharomycotina_Saccharomycetes_Saccharomycetales_Saccharomyces_cerevisiae_baker_s_yeast, Node1652*)",1604,1.6372983374601648,0.9304262177623468,c1,branch_to_yeast
"(Eukaryota_Opisthokonta_Nucletmycea_Fungi_Dikarya_Ascomycota_Saccharomycotina_Saccharomycetes_Saccharomycetales_Saccharomyces_cerevisiae_baker_s_yeast, Node1652*)",1605,1.6372983373746668,0.939546945073676,c2,branch_to_yeast
"(Eukaryota_Opisthokonta_Nucletmycea_Fungi_Dikarya_Ascomycota_Saccharomycotina_Saccharomycetes_Saccharomycetales_Saccharomyces_cerevisiae_baker_s_yeast, Node1652*)",1606,0.958560343998775,0.9304262177623468,c1,branch_to_yeast
"(Eukaryota_Opisthokonta_Nucletmycea_Fungi_Dikarya_Ascomycota_Saccharomycotina_Saccharomycetes_Saccharomycetales_Saccharomyces_cerevisiae_baker_s_yeast, Node1652*)",1607,1.6372983374601646,0.9304262177623468,c1,branch_to_yeast
"(Eukaryota_Opisthokonta_Nucletmycea_Fungi_Dikarya_Ascomycota_Saccharomycotina_Saccharomycetes_Saccharomycetales_Saccharomyces_cerevisiae_baker_s_yeast, Node1652*)",1608,0.5440990588803539,0.9304262177623468,c1,branch_to_yeast
"(Eukaryota_Opisthokonta_Nucletmycea_Fungi_Dikarya_Ascomycota_Saccharomycotina_Saccharomycetes_Saccharomycetales_Saccharomyces_cerevisiae_baker_s_yeast, Node1652*)",1609,1.6372983374601653,0.9304262177623468,c1,branch_to_yeast
"(Eukaryota_Opisthokonta_Nucletmycea_Fungi_Dikarya_Ascomycota_Saccharomycotina_Saccharomycetes_Saccharomycetales_Saccharomyces_cerevisiae_baker_s_yeast, Node1652*)",1610,0.9585603439987752,0.9304262177623468,c1,branch_to_yeast
"(Eukaryota_Opisthokonta_Nucletmycea_Fungi_Dikarya_Ascomycota_Saccharomycotina_Saccharomycetes_Saccharomycetales_Saccharomyces_cerevisiae_baker_s_yeast, Node1652*)",1611,1.6372983374601648,0.9304262177623468,c1,branch_to_yeast
"(Eukaryota_Opisthokonta_Nucletmycea_Fungi_Dikarya_Ascomycota_Saccharomycotina_Saccharomycetes_Saccharomycetales_Saccharomyces_cerevisiae_baker_s_yeast, Node1652*)",1612,0.9585603439457024,0.939546945073676,c2,branch_to_yeast
"(Eukaryota_Opisthokonta_Nucletmycea_Fungi_Dikarya_Ascomycota_Saccharomycotina_Saccharomycetes_Saccharomycetales_Saccharomyces_cerevisiae_baker_s_yeast, Node1652*)",1613,1.6372983374601648,0.9304262177623468,c1,branch_to_yeast
"(Eukaryota_Opisthokonta_Nucletmycea_Fungi_Dikarya_Ascomycota_Saccharomycotina_Saccharomycetes_Saccharomycetales_Saccharomyces_cerevisiae_baker_s_yeast, Node1652*)",1614,0.9585603439457026,0.939546945073676,c2,branch_to_yeast
"(Eukaryota_Opisthokonta_Nucletmycea_Fungi_Dikarya_Ascomycota_Saccharomycotina_Saccharomycetes_Saccharomycetales_Saccharomyces_cerevisiae_baker_s_yeast, Node1652*)",1615,1.2193278217433223,0.939546945073676,c2,branch_to_yeast
"(Eukaryota_Opisthokonta_Nucletmycea_Fungi_Dikarya_Ascomycota_Saccharomycotina_Saccharomycetes_Saccharomycetales_Saccharomyces_cerevisiae_baker_s_yeast, Node1652*)",1616,0.9080570736672596,0.9304262177623468,c1,branch_to_yeast
"(Eukaryota_Opisthokonta_Nucletmycea_Fungi_Dikarya_Ascomycota_Saccharomycotina_Saccharomycetes_Saccharomycetales_Saccharomyces_cerevisiae_baker_s_yeast, Node1652*)",1617,0.5440990588803539,0.9304262177623468,c1,branch_to_yeast
"(Eukaryota_Opisthokonta_Nucletmycea_Fungi_Dikarya_Ascomycota_Saccharomycotina_Saccharomycetes_Saccharomycetales_Saccharomyces_cerevisiae_baker_s_yeast, Node1652*)",1618,1.6372983374601648,0.9304262177623468,c1,branch_to_yeast
"(Eukaryota_Opisthokonta_Nucletmycea_Fungi_Dikarya_Ascomycota_Saccharomycotina_Saccharomycetes_Saccharomycetales_Saccharomyces_cerevisiae_baker_s_yeast, Node1652*)",1619,0.5440990588803538,0.9304262177623468,c1,branch_to_yeast
"(Eukaryota_Opisthokonta_Nucletmycea_Fungi_Dikarya_Ascomycota_Saccharomycotina_Saccharomycetes_Saccharomycetales_Saccharomyces_cerevisiae_baker_s_yeast, Node1652*)",1620,1.6372983374601648,0.9304262177623468,c1,branch_to_yeast
"(Eukaryota_Opisthokonta_Nucletmycea_Fungi_Dikarya_Ascomycota_Saccharomycotina_Saccharomycetes_Saccharomycetales_Saccharomyces_cerevisiae_baker_s_yeast, Node1652*)",1621,0.9080570736672596,0.9304262177623468,c1,branch_to_yeast
"(Eukaryota_Opisthokonta_Nucletmycea_Fungi_Dikarya_Ascomycota_Saccharomycotina_Saccharomycetes_Saccharomycetales_Saccharomyces_cerevisiae_baker_s_yeast, Node1652*)",1622,0.9585603439987752,0.9304262177623468,c1,branch_to_yeast
"(Eukaryota_Opisthokonta_Nucletmycea_Fungi_Dikarya_Ascomycota_Saccharomycotina_Saccharomycetes_Saccharomycetales_Saccharomyces_cerevisiae_baker_s_yeast, Node1652*)",1623,0.5440990588598469,0.939546945073676,c2,branch_to_yeast
"(Eukaryota_Opisthokonta_Nucletmycea_Fungi_Dikarya_Ascomycota_Saccharomycotina_Saccharomycetes_Saccharomycetales_Saccharomyces_cerevisiae_baker_s_yeast, Node1652*)",1624,1.6372983311639282,0.7421390212290799,c4,branch_to_yeast
"(Eukaryota_Opisthokonta_Nucletmycea_Fungi_Dikarya_Ascomycota_Saccharomycotina_Saccharomycetes_Saccharomycetales_Saccharomyces_cerevisiae_baker_s_yeast, Node1652*)",1625,0.9585603400967968,0.7421390212290799,c4,branch_to_yeast
"(Eukaryota_Opisthokonta_Nucletmycea_Fungi_Dikarya_Ascomycota_Saccharomycotina_Saccharomycetes_Saccharomycetales_Saccharomyces_cerevisiae_baker_s_yeast, Node1652*)",1626,0.9585603400967968,0.7421390212290799,c4,branch_to_yeast
"(Eukaryota_Opisthokonta_Nucletmycea_Fungi_Dikarya_Ascomycota_Saccharomycotina_Saccharomycetes_Saccharomycetales_Saccharomyces_cerevisiae_baker_s_yeast, Node1652*)",1627,0.544099058720381,0.921514902531969,c3,branch_to_yeast
"(Eukaryota_Opisthokonta_Nucletmycea_Fungi_Dikarya_Ascomycota_Saccharomycotina_Saccharomycetes_Saccharomycetales_Saccharomyces_cerevisiae_baker_s_yeast, Node1652*)",1628,0.9585603435847064,0.921514902531969,c3,branch_to_yeast
"(Eukaryota_Opisthokonta_Nucletmycea_Fungi_Dikarya_Ascomycota_Saccharomycotina_Saccharomycetes_Saccharomycetales_Saccharomyces_cerevisiae_baker_s_yeast, Node1652*)",1629,1.6372983373746666,0.939546945073676,c2,branch_to_yeast
"(Eukaryota_Opisthokonta_Nucletmycea_Fungi_Dikarya_Ascomycota_Saccharomycotina_Saccharomycetes_Saccharomycetales_Saccharomyces_cerevisiae_baker_s_yeast, Node1652*)",1630,1.6372983374601648,0.9304262177623468,c1,branch_to_yeast
"(Eukaryota_Opisthokonta_Nucletmycea_Fungi_Dikarya_Ascomycota_Saccharomycotina_Saccharomycetes_Saccharomycetales_Saccharomyces_cerevisiae_baker_s_yeast, Node1652*)",1631,0.5440990588803539,0.9304262177623468,c1,branch_to_yeast
"(Eukaryota_Opisthokonta_Nucletmycea_Fungi_Dikarya_Ascomycota_Saccharomycotina_Saccharomycetes_Saccharomycetales_Saccharomyces_cerevisiae_baker_s_yeast, Node1652*)",1632,0.9585603435847064,0.921514902531969,c3,branch_to_yeast
"(Eukaryota_Opisthokonta_Nucletmycea_Fungi_Dikarya_Ascomycota_Saccharomycotina_Saccharomycetes_Saccharomycetales_Saccharomyces_cerevisiae_baker_s_yeast, Node1652*)",1633,1.6372983367928846,0.921514902531969,c3,branch_to_yeast
"(Eukaryota_Opisthokonta_Nucletmycea_Fungi_Dikarya_Ascomycota_Saccharomycotina_Saccharomycetes_Saccharomycetales_Saccharomyces_cerevisiae_baker_s_yeast, Node1652*)",1634,0.9585603439457026,0.939546945073676,c2,branch_to_yeast
"(Eukaryota_Opisthokonta_Nucletmycea_Fungi_Dikarya_Ascomycota_Saccharomycotina_Saccharomycetes_Saccharomycetales_Saccharomyces_cerevisiae_baker_s_yeast, Node1652*)",1635,0.544099058720381,0.921514902531969,c3,branch_to_yeast
"(Eukaryota_Opisthokonta_Nucletmycea_Fungi_Dikarya_Ascomycota_Saccharomycotina_Saccharomycetes_Saccharomycetales_Saccharomyces_cerevisiae_baker_s_yeast, Node1652*)",1636,0.9585603439987752,0.9304262177623468,c1,branch_to_yeast
"(Eukaryota_Opisthokonta_Nucletmycea_Fungi_Dikarya_Ascomycota_Saccharomycotina_Saccharomycetes_Saccharomycetales_Saccharomyces_cerevisiae_baker_s_yeast, Node1652*)",1637,0.9080570726075052,0.7421390212290799,c4,branch_to_yeast
"(Eukaryota_Opisthokonta_Nucletmycea_Fungi_Dikarya_Ascomycota_Saccharomycotina_Saccharomycetes_Saccharomycetales_Saccharomyces_cerevisiae_baker_s_yeast, Node1652*)",1638,1.6372983311639089,0.7421390212290799,c4,branch_to_yeast
"(Eukaryota_Opisthokonta_Nucletmycea_Fungi_Dikarya_Ascomycota_Saccharomycotina_Saccharomycetes_Saccharomycetales_Saccharomyces_cerevisiae_baker_s_yeast, Node1652*)",1639,0.9080570726075052,0.7421390212290799,c4,branch_to_yeast
"(Eukaryota_Opisthokonta_Nucletmycea_Fungi_Dikarya_Ascomycota_Saccharomycotina_Saccharomycetes_Saccharomycetales_Saccharomyces_cerevisiae_baker_s_yeast, Node1652*)",1640,0.5440990573737671,0.7421390212290799,c4,branch_to_yeast
"(Eukaryota_Opisthokonta_Nucletmycea_Fungi_Dikarya_Ascomycota_Saccharomycotina_Saccharomycetes_Saccharomycetales_Saccharomyces_cerevisiae_baker_s_yeast, Node1652*)",1641,0.5440990573737672,0.7421390212290799,c4,branch_to_yeast
"(Eukaryota_Opisthokonta_Nucletmycea_Fungi_Dikarya_Ascomycota_Saccharomycotina_Saccharomycetes_Saccharomycetales_Saccharomyces_cerevisiae_baker_s_yeast, Node1652*)",1642,1.6372983373746668,0.939546945073676,c2,branch_to_yeast
"(Eukaryota_Opisthokonta_Nucletmycea_Fungi_Dikarya_Ascomycota_Saccharomycotina_Saccharomycetes_Saccharomycetales_Saccharomyces_cerevisiae_baker_s_yeast, Node1652*)",1643,-7.103038106055303e-17,0.9304262177623468,c1,branch_to_yeast
"(Eukaryota_Opisthokonta_Nucletmycea_Fungi_Dikarya_Ascomycota_Saccharomycotina_Saccharomycetes_Saccharomycetales_Saccharomyces_cerevisiae_baker_s_yeast, Node1652*)",1644,0.9080570726075052,0.7421390212290799,c4,branch_to_yeast
"(Eukaryota_Opisthokonta_Nucletmycea_Fungi_Dikarya_Ascomycota_Saccharomycotina_Saccharomycetes_Saccharomycetales_Saccharomyces_cerevisiae_baker_s_yeast, Node1652*)",1645,0.908057073652776,0.939546945073676,c2,branch_to_yeast
"(Eukaryota_Opisthokonta_Nucletmycea_Fungi_Dikarya_Ascomycota_Saccharomycotina_Saccharomycetes_Saccharomycetales_Saccharomyces_cerevisiae_baker_s_yeast, Node1652*)",1646,0.9585603398313796,0.7421390212290799,c4,branch_to_yeast
"(Eukaryota_Opisthokonta_Nucletmycea_Fungi_Dikarya_Ascomycota_Saccharomycotina_Saccharomycetes_Saccharomycetales_Saccharomyces_cerevisiae_baker_s_yeast, Node1652*)",1647,0.9585603400967968,0.7421390212290799,c4,branch_to_yeast
"(Eukaryota_Opisthokonta_Nucletmycea_Fungi_Dikarya_Ascomycota_Saccharomycotina_Saccharomycetes_Saccharomycetales_Saccharomyces_cerevisiae_baker_s_yeast, Node1652*)",1648,1.6372983367928846,0.921514902531969,c3,branch_to_yeast
"(Eukaryota_Opisthokonta_Nucletmycea_Fungi_Dikarya_Ascomycota_Saccharomycotina_Saccharomycetes_Saccharomycetales_Saccharomyces_cerevisiae_baker_s_yeast, Node1652*)",1649,1.6372983367928846,0.921514902531969,c3,branch_to_yeast
"(Eukaryota_Opisthokonta_Nucletmycea_Fungi_Dikarya_Ascomycota_Saccharomycotina_Saccharomycetes_Saccharomycetales_Saccharomyces_cerevisiae_baker_s_yeast, Node1652*)",1650,0.9585603439987752,0.9304262177623468,c1,branch_to_yeast
"(Eukaryota_Opisthokonta_Nucletmycea_Fungi_Dikarya_Ascomycota_Saccharomycotina_Saccharomycetes_Saccharomycetales_Saccharomyces_cerevisiae_baker_s_yeast, Node1652*)",1651,0.5440990587203809,0.921514902531969,c3,branch_to_yeast
"(Eukaryota_Opisthokonta_Nucletmycea_Fungi_Dikarya_Ascomycota_Saccharomycotina_Saccharomycetes_Saccharomycetales_Saccharomyces_cerevisiae_baker_s_yeast, Node1652*)",1652,0.7221854198188113,0.921514902531969,c3,branch_to_yeast
"(Eukaryota_Opisthokonta_Nucletmycea_Fungi_Dikarya_Ascomycota_Saccharomycotina_Saccharomycetes_Saccharomycetales_Saccharomyces_cerevisiae_baker_s_yeast, Node1652*)",1653,0.5440990588803539,0.9304262177623468,c1,branch_to_yeast
"(Eukaryota_Opisthokonta_Nucletmycea_Fungi_Dikarya_Ascomycota_Saccharomycotina_Saccharomycetes_Saccharomycetales_Saccharomyces_cerevisiae_baker_s_yeast, Node1652*)",1654,0.9585603435847064,0.921514902531969,c3,branch_to_yeast
"(Eukaryota_Opisthokonta_Nucletmycea_Fungi_Dikarya_Ascomycota_Saccharomycotina_Saccharomycetes_Saccharomycetales_Saccharomyces_cerevisiae_baker_s_yeast, Node1652*)",1655,0.9585603435847068,0.921514902531969,c3,branch_to_yeast
"(Eukaryota_Opisthokonta_Nucletmycea_Fungi_Dikarya_Ascomycota_Saccharomycotina_Saccharomycetes_Saccharomycetales_Saccharomyces_cerevisiae_baker_s_yeast, Node1652*)",1656,0.9080570726075052,0.7421390212290799,c4,branch_to_yeast
"(Eukaryota_Opisthokonta_Nucletmycea_Fungi_Dikarya_Ascomycota_Saccharomycotina_Saccharomycetes_Saccharomycetales_Saccharomyces_cerevisiae_baker_s_yeast, Node1652*)",1657,1.6372983309740663,0.7421390212290799,c4,branch_to_yeast
"(Eukaryota_Opisthokonta_Nucletmycea_Fungi_Dikarya_Ascomycota_Saccharomycotina_Saccharomycetes_Saccharomycetales_Saccharomyces_cerevisiae_baker_s_yeast, Node1652*)",1658,0.9080570735579148,0.921514902531969,c3,branch_to_yeast
"(Eukaryota_Opisthokonta_Nucletmycea_Fungi_Dikarya_Ascomycota_Saccharomycotina_Saccharomycetes_Saccharomycetales_Saccharomyces_cerevisiae_baker_s_yeast, Node1652*)",1659,0.9080564449982852,0.939546945073676,c2,branch_to_yeast
"(Eukaryota_Opisthokonta_Nucletmycea_Fungi_Dikarya_Ascomycota_Saccharomycotina_Saccharomycetes_Saccharomycetales_Saccharomyces_cerevisiae_baker_s_yeast, Node1652*)",1660,0.958560343998775,0.9304262177623468,c1,branch_to_yeast
"(Eukaryota_Opisthokonta_Nucletmycea_Fungi_Dikarya_Ascomycota_Saccharomycotina_Saccharomycetes_Saccharomycetales_Saccharomyces_cerevisiae_baker_s_yeast, Node1652*)",1661,0.958560343998775,0.9304262177623468,c1,branch_to_yeast
"(Eukaryota_Opisthokonta_Nucletmycea_Fungi_Dikarya_Ascomycota_Saccharomycotina_Saccharomycetes_Saccharomycetales_Saccharomyces_cerevisiae_baker_s_yeast, Node1652*)",1662,-1.0902709699010104e-18,0.921514902531969,c3,branch_to_yeast
"(Eukaryota_Opisthokonta_Nucletmycea_Fungi_Dikarya_Ascomycota_Saccharomycotina_Saccharomycetes_Saccharomycetales_Saccharomyces_cerevisiae_baker_s_yeast, Node1652*)",1663,0.9080570726075052,0.7421390212290799,c4,branch_to_yeast
"(Eukaryota_Opisthokonta_Nucletmycea_Fungi_Dikarya_Ascomycota_Saccharomycotina_Saccharomycetes_Saccharomycetales_Saccharomyces_cerevisiae_baker_s_yeast, Node1652*)",1664,0.5440990588598468,0.939546945073676,c2,branch_to_yeast
"(Eukaryota_Opisthokonta_Nucletmycea_Fungi_Dikarya_Ascomycota_Saccharomycotina_Saccharomycetes_Saccharomycetales_Saccharomyces_cerevisiae_baker_s_yeast, Node1652*)",1665,0.5440990588803539,0.9304262177623468,c1,branch_to_yeast
"(Eukaryota_Opisthokonta_Nucletmycea_Fungi_Dikarya_Ascomycota_Saccharomycotina_Saccharomycetes_Saccharomycetales_Saccharomyces_cerevisiae_baker_s_yeast, Node1652*)",1666,0.908057073652776,0.939546945073676,c2,branch_to_yeast
"(Eukaryota_Opisthokonta_Nucletmycea_Fungi_Dikarya_Ascomycota_Saccharomycotina_Saccharomycetes_Saccharomycetales_Saccharomyces_cerevisiae_baker_s_yeast, Node1652*)",1667,1.6372983374601648,0.9304262177623468,c1,branch_to_yeast
"(Eukaryota_Opisthokonta_Nucletmycea_Fungi_Dikarya_Ascomycota_Saccharomycotina_Saccharomycetes_Saccharomycetales_Saccharomyces_cerevisiae_baker_s_yeast, Node1652*)",1668,0.9080570735543574,0.921514902531969,c3,branch_to_yeast
"(Eukaryota_Opisthokonta_Nucletmycea_Fungi_Dikarya_Ascomycota_Saccharomycotina_Saccharomycetes_Saccharomycetales_Saccharomyces_cerevisiae_baker_s_yeast, Node1652*)",1669,0.9080570735543574,0.921514902531969,c3,branch_to_yeast
"(Eukaryota_Opisthokonta_Nucletmycea_Fungi_Dikarya_Ascomycota_Saccharomycotina_Saccharomycetes_Saccharomycetales_Saccharomyces_cerevisiae_baker_s_yeast, Node1652*)",1670,0.9080570735543574,0.921514902531969,c3,branch_to_yeast
"(Eukaryota_Opisthokonta_Nucletmycea_Fungi_Dikarya_Ascomycota_Saccharomycotina_Saccharomycetes_Saccharomycetales_Saccharomyces_cerevisiae_baker_s_yeast, Node1652*)",1671,0.9585603400967968,0.7421390212290799,c4,branch_to_yeast
"(Eukaryota_Opisthokonta_Nucletmycea_Fungi_Dikarya_Ascomycota_Saccharomycotina_Saccharomycetes_Saccharomycetales_Saccharomyces_cerevisiae_baker_s_yeast, Node1652*)",1672,0.5440990588803539,0.9304262177623468,c1,branch_to_yeast
"(Eukaryota_Opisthokonta_Nucletmycea_Fungi_Dikarya_Ascomycota_Saccharomycotina_Saccharomycetes_Saccharomycetales_Saccharomyces_cerevisiae_baker_s_yeast, Node1652*)",1673,0.5440990588803539,0.9304262177623468,c1,branch_to_yeast
"(Eukaryota_Opisthokonta_Nucletmycea_Fungi_Dikarya_Ascomycota_Saccharomycotina_Saccharomycetes_Saccharomycetales_Saccharomyces_cerevisiae_baker_s_yeast, Node1652*)",1674,0.544099058880354,0.9304262177623468,c1,branch_to_yeast
"(Eukaryota_Opisthokonta_Nucletmycea_Fungi_Dikarya_Ascomycota_Saccharomycotina_Saccharomycetes_Saccharomycetales_Saccharomyces_cerevisiae_baker_s_yeast, Node1652*)",1675,1.6372983367928842,0.921514902531969,c3,branch_to_yeast
"(Eukaryota_Opisthokonta_Nucletmycea_Fungi_Dikarya_Ascomycota_Saccharomycotina_Saccharomycetes_Saccharomycetales_Saccharomyces_cerevisiae_baker_s_yeast, Node1652*)",1676,0.9080570735543574,0.921514902531969,c3,branch_to_yeast
"(Eukaryota_Opisthokonta_Nucletmycea_Fungi_Dikarya_Ascomycota_Saccharomycotina_Saccharomycetes_Saccharomycetales_Saccharomyces_cerevisiae_baker_s_yeast, Node1652*)",1677,1.6372983367928842,0.921514902531969,c3,branch_to_yeast
"(Eukaryota_Opisthokonta_Nucletmycea_Fungi_Dikarya_Ascomycota_Saccharomycotina_Saccharomycetes_Saccharomycetales_Saccharomyces_cerevisiae_baker_s_yeast, Node1652*)",1678,1.6372983311639282,0.7421390212290799,c4,branch_to_yeast
"(Eukaryota_Opisthokonta_Nucletmycea_Fungi_Dikarya_Ascomycota_Saccharomycotina_Saccharomycetes_Saccharomycetales_Saccharomyces_cerevisiae_baker_s_yeast, Node1652*)",1679,0.9585603400967968,0.7421390212290799,c4,branch_to_yeast
"(Eukaryota_Opisthokonta_Nucletmycea_Fungi_Dikarya_Ascomycota_Saccharomycotina_Saccharomycetes_Saccharomycetales_Saccharomyces_cerevisiae_baker_s_yeast, Node1652*)",1680,0.908057072574147,0.921514902531969,c3,branch_to_yeast
"(Eukaryota_Opisthokonta_Nucletmycea_Fungi_Dikarya_Ascomycota_Saccharomycotina_Saccharomycetes_Saccharomycetales_Saccharomyces_cerevisiae_baker_s_yeast, Node1652*)",1681,1.6372983374601648,0.9304262177623468,c1,branch_to_yeast
"(Eukaryota_Opisthokonta_Nucletmycea_Fungi_Dikarya_Ascomycota_Saccharomycotina_Saccharomycetes_Saccharomycetales_Saccharomyces_cerevisiae_baker_s_yeast, Node1652*)",1682,0.9585603435847068,0.921514902531969,c3,branch_to_yeast
"(Eukaryota_Opisthokonta_Nucletmycea_Fungi_Dikarya_Ascomycota_Saccharomycotina_Saccharomycetes_Saccharomycetales_Saccharomyces_cerevisiae_baker_s_yeast, Node1652*)",1683,0.908057073652776,0.939546945073676,c2,branch_to_yeast
"(Eukaryota_Opisthokonta_Nucletmycea_Fungi_Dikarya_Ascomycota_Saccharomycotina_Saccharomycetes_Saccharomycetales_Saccharomyces_cerevisiae_baker_s_yeast, Node1652*)",1684,0.9585603439987752,0.9304262177623468,c1,branch_to_yeast
"(Eukaryota_Opisthokonta_Nucletmycea_Fungi_Dikarya_Ascomycota_Saccharomycotina_Saccharomycetes_Saccharomycetales_Saccharomyces_cerevisiae_baker_s_yeast, Node1652*)",1685,1.6372983373746668,0.939546945073676,c2,branch_to_yeast
"(Eukaryota_Opisthokonta_Nucletmycea_Fungi_Dikarya_Ascomycota_Saccharomycotina_Saccharomycetes_Saccharomycetales_Saccharomyces_cerevisiae_baker_s_yeast, Node1652*)",1686,0.9080570736672596,0.9304262177623468,c1,branch_to_yeast
"(Eukaryota_Opisthokonta_Nucletmycea_Fungi_Dikarya_Ascomycota_Saccharomycotina_Saccharomycetes_Saccharomycetales_Saccharomyces_cerevisiae_baker_s_yeast, Node1652*)",1687,0.9585603439457024,0.939546945073676,c2,branch_to_yeast
"(Eukaryota_Opisthokonta_Nucletmycea_Fungi_Dikarya_Ascomycota_Saccharomycotina_Saccharomycetes_Saccharomycetales_Saccharomyces_cerevisiae_baker_s_yeast, Node1652*)",1688,0.9585603439987752,0.9304262177623468,c1,branch_to_yeast
"(Eukaryota_Opisthokonta_Nucletmycea_Fungi_Dikarya_Ascomycota_Saccharomycotina_Saccharomycetes_Saccharomycetales_Saccharomyces_cerevisiae_baker_s_yeast, Node1652*)",1689,0.9585603439457026,0.939546945073676,c2,branch_to_yeast
"(Eukaryota_Opisthokonta_Nucletmycea_Fungi_Dikarya_Ascomycota_Saccharomycotina_Saccharomycetes_Saccharomycetales_Saccharomyces_cerevisiae_baker_s_yeast, Node1652*)",1690,0.9585603439987752,0.9304262177623468,c1,branch_to_yeast
"(Eukaryota_Opisthokonta_Nucletmycea_Fungi_Dikarya_Ascomycota_Saccharomycotina_Saccharomycetes_Saccharomycetales_Saccharomyces_cerevisiae_baker_s_yeast, Node1652*)",1691,0.5440990588803539,0.9304262177623468,c1,branch_to_yeast
"(Eukaryota_Opisthokonta_Nucletmycea_Fungi_Dikarya_Ascomycota_Saccharomycotina_Saccharomycetes_Saccharomycetales_Saccharomyces_cerevisiae_baker_s_yeast, Node1652*)",1692,0.9080570736672596,0.9304262177623468,c1,branch_to_yeast
"(Eukaryota_Opisthokonta_Nucletmycea_Fungi_Dikarya_Ascomycota_Saccharomycotina_Saccharomycetes_Saccharomycetales_Saccharomyces_cerevisiae_baker_s_yeast, Node1652*)",1693,0.544099058720381,0.921514902531969,c3,branch_to_yeast
"(Eukaryota_Opisthokonta_Nucletmycea_Fungi_Dikarya_Ascomycota_Saccharomycotina_Saccharomycetes_Saccharomycetales_Saccharomyces_cerevisiae_baker_s_yeast, Node1652*)",1694,0.9585603439987752,0.9304262177623468,c1,branch_to_yeast
"(Eukaryota_Opisthokonta_Nucletmycea_Fungi_Dikarya_Ascomycota_Saccharomycotina_Saccharomycetes_Saccharomycetales_Saccharomyces_cerevisiae_baker_s_yeast, Node1652*)",1695,0.5440990573737672,0.7421390212290799,c4,branch_to_yeast
"(Eukaryota_Opisthokonta_Nucletmycea_Fungi_Dikarya_Ascomycota_Saccharomycotina_Saccharomycetes_Saccharomycetales_Saccharomyces_cerevisiae_baker_s_yeast, Node1652*)",1696,0.9585603435847064,0.921514902531969,c3,branch_to_yeast
"(Eukaryota_Opisthokonta_Nucletmycea_Fungi_Dikarya_Ascomycota_Saccharomycotina_Saccharomycetes_Saccharomycetales_Saccharomyces_cerevisiae_baker_s_yeast, Node1652*)",1697,1.6372983373746668,0.939546945073676,c2,branch_to_yeast
"(Eukaryota_Opisthokonta_Nucletmycea_Fungi_Dikarya_Ascomycota_Saccharomycotina_Saccharomycetes_Saccharomycetales_Saccharomyces_cerevisiae_baker_s_yeast, Node1652*)",1698,0.5440990588598469,0.939546945073676,c2,branch_to_yeast
"(Eukaryota_Opisthokonta_Nucletmycea_Fungi_Dikarya_Ascomycota_Saccharomycotina_Saccharomycetes_Saccharomycetales_Saccharomyces_cerevisiae_baker_s_yeast, Node1652*)",1699,0.9080570736672594,0.9304262177623468,c1,branch_to_yeast
"(Eukaryota_Opisthokonta_Nucletmycea_Fungi_Dikarya_Ascomycota_Saccharomycotina_Saccharomycetes_Saccharomycetales_Saccharomyces_cerevisiae_baker_s_yeast, Node1652*)",1700,0.9080570736672596,0.9304262177623468,c1,branch_to_yeast
"(Eukaryota_Opisthokonta_Nucletmycea_Fungi_Dikarya_Ascomycota_Saccharomycotina_Saccharomycetes_Saccharomycetales_Saccharomyces_cerevisiae_baker_s_yeast, Node1652*)",1701,0.9585603439987752,0.9304262177623468,c1,branch_to_yeast
"(Eukaryota_Opisthokonta_Nucletmycea_Fungi_Dikarya_Ascomycota_Saccharomycotina_Saccharomycetes_Saccharomycetales_Saccharomyces_cerevisiae_baker_s_yeast, Node1652*)",1702,0.908057073652776,0.939546945073676,c2,branch_to_yeast
"(Eukaryota_Opisthokonta_Nucletmycea_Fungi_Dikarya_Ascomycota_Saccharomycotina_Saccharomycetes_Saccharomycetales_Saccharomyces_cerevisiae_baker_s_yeast, Node1652*)",1703,0.5440990588803539,0.9304262177623468,c1,branch_to_yeast
"(Eukaryota_Opisthokonta_Nucletmycea_Fungi_Dikarya_Ascomycota_Saccharomycotina_Saccharomycetes_Saccharomycetales_Saccharomyces_cerevisiae_baker_s_yeast, Node1652*)",1704,0.5440990588803539,0.9304262177623468,c1,branch_to_yeast
"(Eukaryota_Opisthokonta_Nucletmycea_Fungi_Dikarya_Ascomycota_Saccharomycotina_Saccharomycetes_Saccharomycetales_Saccharomyces_cerevisiae_baker_s_yeast, Node1652*)",1705,0.908057073652776,0.939546945073676,c2,branch_to_yeast
"(Eukaryota_Opisthokonta_Nucletmycea_Fungi_Dikarya_Ascomycota_Saccharomycotina_Saccharomycetes_Saccharomycetales_Saccharomyces_cerevisiae_baker_s_yeast, Node1652*)",1706,0.908057073652776,0.939546945073676,c2,branch_to_yeast
"(Eukaryota_Opisthokonta_Nucletmycea_Fungi_Dikarya_Ascomycota_Saccharomycotina_Saccharomycetes_Saccharomycetales_Saccharomyces_cerevisiae_baker_s_yeast, Node1652*)",1707,0.5440990588568749,0.939546945073676,c2,branch_to_yeast
"(Eukaryota_Opisthokonta_Nucletmycea_Fungi_Dikarya_Ascomycota_Saccharomycotina_Saccharomycetes_Saccharomycetales_Saccharomyces_cerevisiae_baker_s_yeast, Node1652*)",1708,0.9080570736672594,0.9304262177623468,c1,branch_to_yeast
"(Eukaryota_Opisthokonta_Nucletmycea_Fungi_Dikarya_Ascomycota_Saccharomycotina_Saccharomycetes_Saccharomycetales_Saccharomyces_cerevisiae_baker_s_yeast, Node1652*)",1709,0.9080570735543574,0.921514902531969,c3,branch_to_yeast
"(Eukaryota_Opisthokonta_Nucletmycea_Fungi_Dikarya_Ascomycota_Saccharomycotina_Saccharomycetes_Saccharomycetales_Saccharomyces_cerevisiae_baker_s_yeast, Node1652*)",1710,0.9585603439457028,0.939546945073676,c2,branch_to_yeast
"(Eukaryota_Opisthokonta_Nucletmycea_Fungi_Dikarya_Ascomycota_Saccharomycotina_Saccharomycetes_Saccharomycetales_Saccharomyces_cerevisiae_baker_s_yeast, Node1652*)",1711,1.6372983367928846,0.921514902531969,c3,branch_to_yeast
"(Eukaryota_Opisthokonta_Nucletmycea_Fungi_Dikarya_Ascomycota_Saccharomycotina_Saccharomycetes_Saccharomycetales_Saccharomyces_cerevisiae_baker_s_yeast, Node1652*)",1712,0.9080570735543576,0.921514902531969,c3,branch_to_yeast
"(Eukaryota_Opisthokonta_Nucletmycea_Fungi_Dikarya_Ascomycota_Saccharomycotina_Saccharomycetes_Saccharomycetales_Saccharomyces_cerevisiae_baker_s_yeast, Node1652*)",1713,1.6372983374601648,0.9304262177623468,c1,branch_to_yeast
"(Eukaryota_Opisthokonta_Nucletmycea_Fungi_Dikarya_Ascomycota_Saccharomycotina_Saccharomycetes_Saccharomycetales_Saccharomyces_cerevisiae_baker_s_yeast, Node1652*)",1714,0.9080570735543574,0.921514902531969,c3,branch_to_yeast
"(Eukaryota_Opisthokonta_Nucletmycea_Fungi_Dikarya_Ascomycota_Saccharomycotina_Saccharomycetes_Saccharomycetales_Saccharomyces_cerevisiae_baker_s_yeast, Node1652*)",1715,0.9080570736672596,0.9304262177623468,c1,branch_to_yeast
"(Eukaryota_Opisthokonta_Nucletmycea_Fungi_Dikarya_Ascomycota_Saccharomycotina_Saccharomycetes_Saccharomycetales_Saccharomyces_cerevisiae_baker_s_yeast, Node1652*)",1716,1.6372983374601648,0.9304262177623468,c1,branch_to_yeast
"(Eukaryota_Opisthokonta_Nucletmycea_Fungi_Dikarya_Ascomycota_Saccharomycotina_Saccharomycetes_Saccharomycetales_Saccharomyces_cerevisiae_baker_s_yeast, Node1652*)",1717,0.5440990588803539,0.9304262177623468,c1,branch_to_yeast
"(Eukaryota_Opisthokonta_Nucletmycea_Fungi_Dikarya_Ascomycota_Saccharomycotina_Saccharomycetes_Saccharomycetales_Saccharomyces_cerevisiae_baker_s_yeast, Node1652*)",1718,0.5440990588803539,0.9304262177623468,c1,branch_to_yeast
"(Eukaryota_Opisthokonta_Nucletmycea_Fungi_Dikarya_Ascomycota_Saccharomycotina_Saccharomycetes_Saccharomycetales_Saccharomyces_cerevisiae_baker_s_yeast, Node1652*)",1719,1.6372983374601648,0.9304262177623468,c1,branch_to_yeast
"(Eukaryota_Opisthokonta_Nucletmycea_Fungi_Dikarya_Ascomycota_Saccharomycotina_Saccharomycetes_Saccharomycetales_Saccharomyces_cerevisiae_baker_s_yeast, Node1652*)",1720,0.9585603435847064,0.921514902531969,c3,branch_to_yeast
"(Eukaryota_Opisthokonta_Nucletmycea_Fungi_Dikarya_Ascomycota_Saccharomycotina_Saccharomycetes_Saccharomycetales_Saccharomyces_cerevisiae_baker_s_yeast, Node1652*)",1721,0.544099058720381,0.921514902531969,c3,branch_to_yeast
"(Eukaryota_Opisthokonta_Nucletmycea_Fungi_Dikarya_Ascomycota_Saccharomycotina_Saccharomycetes_Saccharomycetales_Saccharomyces_cerevisiae_baker_s_yeast, Node1652*)",1722,0.9585603439987752,0.9304262177623468,c1,branch_to_yeast
"(Eukaryota_Opisthokonta_Nucletmycea_Fungi_Dikarya_Ascomycota_Saccharomycotina_Saccharomycetes_Saccharomycetales_Saccharomyces_cerevisiae_baker_s_yeast, Node1652*)",1723,0.9585603439987752,0.9304262177623468,c1,branch_to_yeast
"(Eukaryota_Opisthokonta_Nucletmycea_Fungi_Dikarya_Ascomycota_Saccharomycotina_Saccharomycetes_Saccharomycetales_Saccharomyces_cerevisiae_baker_s_yeast, Node1652*)",1724,0.5440990588803538,0.9304262177623468,c1,branch_to_yeast
"(Eukaryota_Opisthokonta_Nucletmycea_Fungi_Dikarya_Ascomycota_Saccharomycotina_Saccharomycetes_Saccharomycetales_Saccharomyces_cerevisiae_baker_s_yeast, Node1652*)",1725,0.5440990588803538,0.9304262177623468,c1,branch_to_yeast
"(Eukaryota_Opisthokonta_Nucletmycea_Fungi_Dikarya_Ascomycota_Saccharomycotina_Saccharomycetes_Saccharomycetales_Saccharomyces_cerevisiae_baker_s_yeast, Node1652*)",1726,0.9080570736672594,0.9304262177623468,c1,branch_to_yeast
"(Eukaryota_Opisthokonta_Nucletmycea_Fungi_Dikarya_Ascomycota_Saccharomycotina_Saccharomycetes_Saccharomycetales_Saccharomyces_cerevisiae_baker_s_yeast, Node1652*)",1727,0.908057073652776,0.939546945073676,c2,branch_to_yeast
"(Eukaryota_Opisthokonta_Nucletmycea_Fungi_Dikarya_Ascomycota_Saccharomycotina_Saccharomycetes_Saccharomycetales_Saccharomyces_cerevisiae_baker_s_yeast, Node1652*)",1728,1.6372983373746668,0.939546945073676,c2,branch_to_yeast
"(Eukaryota_Opisthokonta_Nucletmycea_Fungi_Dikarya_Ascomycota_Saccharomycotina_Saccharomycetes_Saccharomycetales_Saccharomyces_cerevisiae_baker_s_yeast, Node1652*)",1729,1.6372983374601648,0.9304262177623468,c1,branch_to_yeast
"(Eukaryota_Opisthokonta_Nucletmycea_Fungi_Dikarya_Ascomycota_Saccharomycotina_Saccharomycetes_Saccharomycetales_Saccharomyces_cerevisiae_baker_s_yeast, Node1652*)",1730,0.9080570736672594,0.9304262177623468,c1,branch_to_yeast
"(Eukaryota_Opisthokonta_Nucletmycea_Fungi_Dikarya_Ascomycota_Saccharomycotina_Saccharomycetes_Saccharomycetales_Saccharomyces_cerevisiae_baker_s_yeast, Node1652*)",1731,0.5440990588803539,0.9304262177623468,c1,branch_to_yeast
"(Eukaryota_Opisthokonta_Nucletmycea_Fungi_Dikarya_Ascomycota_Saccharomycotina_Saccharomycetes_Saccharomycetales_Saccharomyces_cerevisiae_baker_s_yeast, Node1652*)",1732,0.9585603439987752,0.9304262177623468,c1,branch_to_yeast
"(Eukaryota_Opisthokonta_Nucletmycea_Fungi_Dikarya_Ascomycota_Saccharomycotina_Saccharomycetes_Saccharomycetales_Saccharomyces_cerevisiae_baker_s_yeast, Node1652*)",1733,0.9080570736672594,0.9304262177623468,c1,branch_to_yeast
"(Eukaryota_Opisthokonta_Nucletmycea_Fungi_Dikarya_Ascomycota_Saccharomycotina_Saccharomycetes_Saccharomycetales_Saccharomyces_cerevisiae_baker_s_yeast, Node1652*)",1734,0.5440990588803539,0.9304262177623468,c1,branch_to_yeast
"(Eukaryota_Opisthokonta_Nucletmycea_Fungi_Dikarya_Ascomycota_Saccharomycotina_Saccharomycetes_Saccharomycetales_Saccharomyces_cerevisiae_baker_s_yeast, Node1652*)",1735,0.5440990588803539,0.9304262177623468,c1,branch_to_yeast
"(Eukaryota_Opisthokonta_Nucletmycea_Fungi_Dikarya_Ascomycota_Saccharomycotina_Saccharomycetes_Saccharomycetales_Saccharomyces_cerevisiae_baker_s_yeast, Node1652*)",1736,0.9585603439457028,0.939546945073676,c2,branch_to_yeast
"(Eukaryota_Opisthokonta_Nucletmycea_Fungi_Dikarya_Ascomycota_Saccharomycotina_Saccharomycetes_Saccharomycetales_Saccharomyces_cerevisiae_baker_s_yeast, Node1652*)",1737,1.6372983374601648,0.9304262177623468,c1,branch_to_yeast
"(Eukaryota_Opisthokonta_Nucletmycea_Fungi_Dikarya_Ascomycota_Saccharomycotina_Saccharomycetes_Saccharomycetales_Saccharomyces_cerevisiae_baker_s_yeast, Node1652*)",1738,0.958560343998775,0.9304262177623468,c1,branch_to_yeast
"(Eukaryota_Opisthokonta_Nucletmycea_Fungi_Dikarya_Ascomycota_Saccharomycotina_Saccharomycetes_Saccharomycetales_Saccharomyces_cerevisiae_baker_s_yeast, Node1652*)",1739,1.6372983367928846,0.921514902531969,c3,branch_to_yeast
"(Eukaryota_Opisthokonta_Nucletmycea_Fungi_Dikarya_Ascomycota_Saccharomycotina_Saccharomycetes_Saccharomycetales_Saccharomyces_cerevisiae_baker_s_yeast, Node1652*)",1740,0.544099058720381,0.921514902531969,c3,branch_to_yeast
"(Eukaryota_Opisthokonta_Nucletmycea_Fungi_Dikarya_Ascomycota_Saccharomycotina_Saccharomycetes_Saccharomycetales_Saccharomyces_cerevisiae_baker_s_yeast, Node1652*)",1741,0.544099058720381,0.921514902531969,c3,branch_to_yeast
"(Eukaryota_Opisthokonta_Nucletmycea_Fungi_Dikarya_Ascomycota_Saccharomycotina_Saccharomycetes_Saccharomycetales_Saccharomyces_cerevisiae_baker_s_yeast, Node1652*)",1742,0.9585603439457026,0.939546945073676,c2,branch_to_yeast
"(Eukaryota_Opisthokonta_Nucletmycea_Fungi_Dikarya_Ascomycota_Saccharomycotina_Saccharomycetes_Saccharomycetales_Saccharomyces_cerevisiae_baker_s_yeast, Node1652*)",1743,0.9080570736672594,0.9304262177623468,c1,branch_to_yeast
"(Eukaryota_Opisthokonta_Nucletmycea_Fungi_Dikarya_Ascomycota_Saccharomycotina_Saccharomycetes_Saccharomycetales_Saccharomyces_cerevisiae_baker_s_yeast, Node1652*)",1744,1.6372983374601648,0.9304262177623468,c1,branch_to_yeast
"(Eukaryota_Opisthokonta_Nucletmycea_Fungi_Dikarya_Ascomycota_Saccharomycotina_Saccharomycetes_Saccharomycetales_Saccharomyces_cerevisiae_baker_s_yeast, Node1652*)",1745,0.5440990588803539,0.9304262177623468,c1,branch_to_yeast
"(Eukaryota_Opisthokonta_Nucletmycea_Fungi_Dikarya_Ascomycota_Saccharomycotina_Saccharomycetes_Saccharomycetales_Saccharomyces_cerevisiae_baker_s_yeast, Node1652*)",1746,0.908057073652776,0.939546945073676,c2,branch_to_yeast
"(Eukaryota_Opisthokonta_Nucletmycea_Fungi_Dikarya_Ascomycota_Saccharomycotina_Saccharomycetes_Saccharomycetales_Saccharomyces_cerevisiae_baker_s_yeast, Node1652*)",1747,-3.48688087816696e-17,0.939546945073676,c2,branch_to_yeast
"(Eukaryota_Opisthokonta_Nucletmycea_Fungi_Dikarya_Ascomycota_Saccharomycotina_Saccharomycetes_Saccharomycetales_Saccharomyces_cerevisiae_baker_s_yeast, Node1652*)",1748,1.6372983367928846,0.921514902531969,c3,branch_to_yeast
"(Eukaryota_Opisthokonta_Nucletmycea_Fungi_Dikarya_Ascomycota_Saccharomycotina_Saccharomycetes_Saccharomycetales_Saccharomyces_cerevisiae_baker_s_yeast, Node1652*)",1749,0.5440990588803539,0.9304262177623468,c1,branch_to_yeast
"(Eukaryota_Opisthokonta_Nucletmycea_Fungi_Dikarya_Ascomycota_Saccharomycotina_Saccharomycetes_Saccharomycetales_Saccharomyces_cerevisiae_baker_s_yeast, Node1652*)",1750,0.9585603435847068,0.921514902531969,c3,branch_to_yeast
"(Eukaryota_Opisthokonta_Nucletmycea_Fungi_Dikarya_Ascomycota_Saccharomycotina_Saccharomycetes_Saccharomycetales_Saccharomyces_cerevisiae_baker_s_yeast, Node1652*)",1751,1.6372983373746668,0.939546945073676,c2,branch_to_yeast
"(Eukaryota_Opisthokonta_Nucletmycea_Fungi_Dikarya_Ascomycota_Saccharomycotina_Saccharomycetes_Saccharomycetales_Saccharomyces_cerevisiae_baker_s_yeast, Node1652*)",1752,0.9080570735543574,0.921514902531969,c3,branch_to_yeast
"(Eukaryota_Opisthokonta_Nucletmycea_Fungi_Dikarya_Ascomycota_Saccharomycotina_Saccharomycetes_Saccharomycetales_Saccharomyces_cerevisiae_baker_s_yeast, Node1652*)",1753,0.9080570735543574,0.921514902531969,c3,branch_to_yeast
"(Eukaryota_Opisthokonta_Nucletmycea_Fungi_Dikarya_Ascomycota_Saccharomycotina_Saccharomycetes_Saccharomycetales_Saccharomyces_cerevisiae_baker_s_yeast, Node1652*)",1754,0.9585603435847068,0.921514902531969,c3,branch_to_yeast
"(Eukaryota_Opisthokonta_Nucletmycea_Fungi_Dikarya_Ascomycota_Saccharomycotina_Saccharomycetes_Saccharomycetales_Saccharomyces_cerevisiae_baker_s_yeast, Node1652*)",1755,1.6372983374601648,0.9304262177623468,c1,branch_to_yeast
"(Eukaryota_Opisthokonta_Nucletmycea_Fungi_Dikarya_Ascomycota_Saccharomycotina_Saccharomycetes_Saccharomycetales_Saccharomyces_cerevisiae_baker_s_yeast, Node1652*)",1756,0.9585603439987752,0.9304262177623468,c1,branch_to_yeast
"(Eukaryota_Opisthokonta_Nucletmycea_Fungi_Dikarya_Ascomycota_Saccharomycotina_Saccharomycetes_Saccharomycetales_Saccharomyces_cerevisiae_baker_s_yeast, Node1652*)",1757,0.908057073652776,0.939546945073676,c2,branch_to_yeast
"(Eukaryota_Opisthokonta_Nucletmycea_Fungi_Dikarya_Ascomycota_Saccharomycotina_Saccharomycetes_Saccharomycetales_Saccharomyces_cerevisiae_baker_s_yeast, Node1652*)",1758,0.9080570736672596,0.9304262177623468,c1,branch_to_yeast
"(Eukaryota_Opisthokonta_Nucletmycea_Fungi_Dikarya_Ascomycota_Saccharomycotina_Saccharomycetes_Saccharomycetales_Saccharomyces_cerevisiae_baker_s_yeast, Node1652*)",1759,0.9585603439987752,0.9304262177623468,c1,branch_to_yeast
"(Eukaryota_Opisthokonta_Nucletmycea_Fungi_Dikarya_Ascomycota_Saccharomycotina_Saccharomycetes_Saccharomycetales_Saccharomyces_cerevisiae_baker_s_yeast, Node1652*)",1760,0.5440990588803539,0.9304262177623468,c1,branch_to_yeast
"(Eukaryota_Opisthokonta_Nucletmycea_Fungi_Dikarya_Ascomycota_Saccharomycotina_Saccharomycetes_Saccharomycetales_Saccharomyces_cerevisiae_baker_s_yeast, Node1652*)",1761,0.9080570736672596,0.9304262177623468,c1,branch_to_yeast
"(Eukaryota_Opisthokonta_Nucletmycea_Fungi_Dikarya_Ascomycota_Saccharomycotina_Saccharomycetes_Saccharomycetales_Saccharomyces_cerevisiae_baker_s_yeast, Node1652*)",1762,0.9080570736672594,0.9304262177623468,c1,branch_to_yeast
"(Eukaryota_Opisthokonta_Nucletmycea_Fungi_Dikarya_Ascomycota_Saccharomycotina_Saccharomycetes_Saccharomycetales_Saccharomyces_cerevisiae_baker_s_yeast, Node1652*)",1763,0.5440990588598469,0.939546945073676,c2,branch_to_yeast
"(Eukaryota_Opisthokonta_Nucletmycea_Fungi_Dikarya_Ascomycota_Saccharomycotina_Saccharomycetes_Saccharomycetales_Saccharomyces_cerevisiae_baker_s_yeast, Node1652*)",1764,1.6372983374601648,0.9304262177623468,c1,branch_to_yeast
"(Eukaryota_Opisthokonta_Nucletmycea_Fungi_Dikarya_Ascomycota_Saccharomycotina_Saccharomycetes_Saccharomycetales_Saccharomyces_cerevisiae_baker_s_yeast, Node1652*)",1765,0.9585603439987752,0.9304262177623468,c1,branch_to_yeast
"(Eukaryota_Opisthokonta_Nucletmycea_Fungi_Dikarya_Ascomycota_Saccharomycotina_Saccharomycetes_Saccharomycetales_Saccharomyces_cerevisiae_baker_s_yeast, Node1652*)",1766,0.9080570736672594,0.9304262177623468,c1,branch_to_yeast
"(Eukaryota_Opisthokonta_Nucletmycea_Fungi_Dikarya_Ascomycota_Saccharomycotina_Saccharomycetes_Saccharomycetales_Saccharomyces_cerevisiae_baker_s_yeast, Node1652*)",1767,1.6372983374601646,0.9304262177623468,c1,branch_to_yeast
"(Eukaryota_Opisthokonta_Nucletmycea_Fungi_Dikarya_Ascomycota_Saccharomycotina_Saccharomycetes_Saccharomycetales_Saccharomyces_cerevisiae_baker_s_yeast, Node1652*)",1768,1.6372983374601648,0.9304262177623468,c1,branch_to_yeast
"(Eukaryota_Opisthokonta_Nucletmycea_Fungi_Dikarya_Ascomycota_Saccharomycotina_Saccharomycetes_Saccharomycetales_Saccharomyces_cerevisiae_baker_s_yeast, Node1652*)",1769,1.6372983374601648,0.9304262177623468,c1,branch_to_yeast
"(Eukaryota_Opisthokonta_Nucletmycea_Fungi_Dikarya_Ascomycota_Saccharomycotina_Saccharomycetes_Saccharomycetales_Saccharomyces_cerevisiae_baker_s_yeast, Node1652*)",1770,0.9080570736672594,0.9304262177623468,c1,branch_to_yeast
"(Eukaryota_Opisthokonta_Nucletmycea_Fungi_Dikarya_Ascomycota_Saccharomycotina_Saccharomycetes_Saccharomycetales_Saccharomyces_cerevisiae_baker_s_yeast, Node1652*)",1771,0.9585603439987752,0.9304262177623468,c1,branch_to_yeast
"(Eukaryota_Opisthokonta_Nucletmycea_Fungi_Dikarya_Ascomycota_Saccharomycotina_Saccharomycetes_Saccharomycetales_Saccharomyces_cerevisiae_baker_s_yeast, Node1652*)",1772,1.6372983374601648,0.9304262177623468,c1,branch_to_yeast
"(Eukaryota_Opisthokonta_Nucletmycea_Fungi_Dikarya_Ascomycota_Saccharomycotina_Saccharomycetes_Saccharomycetales_Saccharomyces_cerevisiae_baker_s_yeast, Node1652*)",1773,1.6372983373746668,0.939546945073676,c2,branch_to_yeast
"(Eukaryota_Opisthokonta_Nucletmycea_Fungi_Dikarya_Ascomycota_Saccharomycotina_Saccharomycetes_Saccharomycetales_Saccharomyces_cerevisiae_baker_s_yeast, Node1652*)",1774,1.6372983373746668,0.939546945073676,c2,branch_to_yeast
"(Eukaryota_Opisthokonta_Nucletmycea_Fungi_Dikarya_Ascomycota_Saccharomycotina_Saccharomycetes_Saccharomycetales_Saccharomyces_cerevisiae_baker_s_yeast, Node1652*)",1775,0.9080570736672596,0.9304262177623468,c1,branch_to_yeast
"(Eukaryota_Opisthokonta_Nucletmycea_Fungi_Dikarya_Ascomycota_Saccharomycotina_Saccharomycetes_Saccharomycetales_Saccharomyces_cerevisiae_baker_s_yeast, Node1652*)",1776,0.9080570736672596,0.9304262177623468,c1,branch_to_yeast
"(Eukaryota_Opisthokonta_Nucletmycea_Fungi_Dikarya_Ascomycota_Saccharomycotina_Saccharomycetes_Saccharomycetales_Saccharomyces_cerevisiae_baker_s_yeast, Node1652*)",1777,0.9080570736672596,0.9304262177623468,c1,branch_to_yeast
"(Eukaryota_Opisthokonta_Nucletmycea_Fungi_Dikarya_Ascomycota_Saccharomycotina_Saccharomycetes_Saccharomycetales_Saccharomyces_cerevisiae_baker_s_yeast, Node1652*)",1778,0.9585603439987748,0.9304262177623468,c1,branch_to_yeast
"(Eukaryota_Opisthokonta_Nucletmycea_Fungi_Dikarya_Ascomycota_Saccharomycotina_Saccharomycetes_Saccharomycetales_Saccharomyces_cerevisiae_baker_s_yeast, Node1652*)",1779,0.9080570736672596,0.9304262177623468,c1,branch_to_yeast
"(Eukaryota_Opisthokonta_Nucletmycea_Fungi_Dikarya_Ascomycota_Saccharomycotina_Saccharomycetes_Saccharomycetales_Saccharomyces_cerevisiae_baker_s_yeast, Node1652*)",1780,0.5440990588803539,0.9304262177623468,c1,branch_to_yeast
"(Eukaryota_Opisthokonta_Nucletmycea_Fungi_Dikarya_Ascomycota_Saccharomycotina_Saccharomycetes_Saccharomycetales_Saccharomyces_cerevisiae_baker_s_yeast, Node1652*)",1781,1.6372983374601648,0.9304262177623468,c1,branch_to_yeast
"(Eukaryota_Opisthokonta_Nucletmycea_Fungi_Dikarya_Ascomycota_Saccharomycotina_Saccharomycetes_Saccharomycetales_Saccharomyces_cerevisiae_baker_s_yeast, Node1652*)",1782,0.5440990588803539,0.9304262177623468,c1,branch_to_yeast
"(Eukaryota_Opisthokonta_Nucletmycea_Fungi_Dikarya_Ascomycota_Saccharomycotina_Saccharomycetes_Saccharomycetales_Saccharomyces_cerevisiae_baker_s_yeast, Node1652*)",1783,1.6372983374601646,0.9304262177623468,c1,branch_to_yeast
"(Eukaryota_Opisthokonta_Nucletmycea_Fungi_Dikarya_Ascomycota_Saccharomycotina_Saccharomycetes_Saccharomycetales_Saccharomyces_cerevisiae_baker_s_yeast, Node1652*)",1784,0.5440990588803539,0.9304262177623468,c1,branch_to_yeast
"(Eukaryota_Opisthokonta_Nucletmycea_Fungi_Dikarya_Ascomycota_Saccharomycotina_Saccharomycetes_Saccharomycetales_Saccharomyces_cerevisiae_baker_s_yeast, Node1652*)",1785,1.6372983374601648,0.9304262177623468,c1,branch_to_yeast
"(Eukaryota_Opisthokonta_Nucletmycea_Fungi_Dikarya_Ascomycota_Saccharomycotina_Saccharomycetes_Saccharomycetales_Saccharomyces_cerevisiae_baker_s_yeast, Node1652*)",1786,1.6372983374601648,0.9304262177623468,c1,branch_to_yeast
"(Eukaryota_Opisthokonta_Nucletmycea_Fungi_Dikarya_Ascomycota_Saccharomycotina_Saccharomycetes_Saccharomycetales_Saccharomyces_cerevisiae_baker_s_yeast, Node1652*)",1787,0.958560343998775,0.9304262177623468,c1,branch_to_yeast
"(Eukaryota_Opisthokonta_Nucletmycea_Fungi_Dikarya_Ascomycota_Saccharomycotina_Saccharomycetes_Saccharomycetales_Saccharomyces_cerevisiae_baker_s_yeast, Node1652*)",1788,1.6372983374601648,0.9304262177623468,c1,branch_to_yeast
"(Eukaryota_Opisthokonta_Nucletmycea_Fungi_Dikarya_Ascomycota_Saccharomycotina_Saccharomycetes_Saccharomycetales_Saccharomyces_cerevisiae_baker_s_yeast, Node1652*)",1789,1.6372983374601648,0.9304262177623468,c1,branch_to_yeast
"(Eukaryota_Opisthokonta_Nucletmycea_Fungi_Dikarya_Ascomycota_Saccharomycotina_Saccharomycetes_Saccharomycetales_Saccharomyces_cerevisiae_baker_s_yeast, Node1652*)",1790,1.6372983374601648,0.9304262177623468,c1,branch_to_yeast
"(Eukaryota_Opisthokonta_Nucletmycea_Fungi_Dikarya_Ascomycota_Saccharomycotina_Saccharomycetes_Saccharomycetales_Saccharomyces_cerevisiae_baker_s_yeast, Node1652*)",1791,0.9585603439987752,0.9304262177623468,c1,branch_to_yeast
"(Eukaryota_Opisthokonta_Nucletmycea_Fungi_Dikarya_Ascomycota_Saccharomycotina_Saccharomycetes_Saccharomycetales_Saccharomyces_cerevisiae_baker_s_yeast, Node1652*)",1792,0.9080570736672594,0.9304262177623468,c1,branch_to_yeast
"(Eukaryota_Opisthokonta_Nucletmycea_Fungi_Dikarya_Ascomycota_Saccharomycotina_Saccharomycetes_Saccharomycetales_Saccharomyces_cerevisiae_baker_s_yeast, Node1652*)",1793,1.6372983374601648,0.9304262177623468,c1,branch_to_yeast
"(Eukaryota_Opisthokonta_Nucletmycea_Fungi_Dikarya_Ascomycota_Saccharomycotina_Saccharomycetes_Saccharomycetales_Saccharomyces_cerevisiae_baker_s_yeast, Node1652*)",1794,0.9585603439987752,0.9304262177623468,c1,branch_to_yeast
"(Eukaryota_Opisthokonta_Nucletmycea_Fungi_Dikarya_Ascomycota_Saccharomycotina_Saccharomycetes_Saccharomycetales_Saccharomyces_cerevisiae_baker_s_yeast, Node1652*)",1795,1.6372983373746666,0.939546945073676,c2,branch_to_yeast
"(Eukaryota_Opisthokonta_Nucletmycea_Fungi_Dikarya_Ascomycota_Saccharomycotina_Saccharomycetes_Saccharomycetales_Saccharomyces_cerevisiae_baker_s_yeast, Node1652*)",1796,0.908057073652776,0.939546945073676,c2,branch_to_yeast
"(Eukaryota_Opisthokonta_Nucletmycea_Fungi_Dikarya_Ascomycota_Saccharomycotina_Saccharomycetes_Saccharomycetales_Saccharomyces_cerevisiae_baker_s_yeast, Node1652*)",1797,0.5440990588598469,0.939546945073676,c2,branch_to_yeast
"(Eukaryota_Opisthokonta_Nucletmycea_Fungi_Dikarya_Ascomycota_Saccharomycotina_Saccharomycetes_Saccharomycetales_Saccharomyces_cerevisiae_baker_s_yeast, Node1652*)",1798,0.9585603439457028,0.939546945073676,c2,branch_to_yeast
"(Eukaryota_Opisthokonta_Nucletmycea_Fungi_Dikarya_Ascomycota_Saccharomycotina_Saccharomycetes_Saccharomycetales_Saccharomyces_cerevisiae_baker_s_yeast, Node1652*)",1799,0.9080570736672594,0.9304262177623468,c1,branch_to_yeast
"(Eukaryota_Opisthokonta_Nucletmycea_Fungi_Dikarya_Ascomycota_Saccharomycotina_Saccharomycetes_Saccharomycetales_Saccharomyces_cerevisiae_baker_s_yeast, Node1652*)",1800,0.5440990588598469,0.939546945073676,c2,branch_to_yeast
"(Eukaryota_Opisthokonta_Nucletmycea_Fungi_Dikarya_Ascomycota_Saccharomycotina_Saccharomycetes_Saccharomycetales_Saccharomyces_cerevisiae_baker_s_yeast, Node1652*)",1801,1.6372983373746668,0.939546945073676,c2,branch_to_yeast
"(Eukaryota_Opisthokonta_Nucletmycea_Fungi_Dikarya_Ascomycota_Saccharomycotina_Saccharomycetes_Saccharomycetales_Saccharomyces_cerevisiae_baker_s_yeast, Node1652*)",1802,1.6372983373746666,0.939546945073676,c2,branch_to_yeast
"(Eukaryota_Opisthokonta_Nucletmycea_Fungi_Dikarya_Ascomycota_Saccharomycotina_Saccharomycetes_Saccharomycetales_Saccharomyces_cerevisiae_baker_s_yeast, Node1652*)",1803,0.9585603435847064,0.921514902531969,c3,branch_to_yeast
"(Eukaryota_Opisthokonta_Nucletmycea_Fungi_Dikarya_Ascomycota_Saccharomycotina_Saccharomycetes_Saccharomycetales_Saccharomyces_cerevisiae_baker_s_yeast, Node1652*)",1804,0.5440990588803539,0.9304262177623468,c1,branch_to_yeast
"(Eukaryota_Opisthokonta_Nucletmycea_Fungi_Dikarya_Ascomycota_Saccharomycotina_Saccharomycetes_Saccharomycetales_Saccharomyces_cerevisiae_baker_s_yeast, Node1652*)",1805,0.9080570736672596,0.9304262177623468,c1,branch_to_yeast
"(Eukaryota_Opisthokonta_Nucletmycea_Fungi_Dikarya_Ascomycota_Saccharomycotina_Saccharomycetes_Saccharomycetales_Saccharomyces_cerevisiae_baker_s_yeast, Node1652*)",1806,0.908057073652776,0.939546945073676,c2,branch_to_yeast
"(Eukaryota_Opisthokonta_Nucletmycea_Fungi_Dikarya_Ascomycota_Saccharomycotina_Saccharomycetes_Saccharomycetales_Saccharomyces_cerevisiae_baker_s_yeast, Node1652*)",1807,0.9585603439457024,0.939546945073676,c2,branch_to_yeast
"(Eukaryota_Opisthokonta_Nucletmycea_Fungi_Dikarya_Ascomycota_Saccharomycotina_Saccharomycetes_Saccharomycetales_Saccharomyces_cerevisiae_baker_s_yeast, Node1652*)",1808,0.544099058720381,0.921514902531969,c3,branch_to_yeast
"(Eukaryota_Opisthokonta_Nucletmycea_Fungi_Dikarya_Ascomycota_Saccharomycotina_Saccharomycetes_Saccharomycetales_Saccharomyces_cerevisiae_baker_s_yeast, Node1652*)",1809,0.5440990587203811,0.921514902531969,c3,branch_to_yeast
"(Eukaryota_Opisthokonta_Nucletmycea_Fungi_Dikarya_Ascomycota_Saccharomycotina_Saccharomycetes_Saccharomycetales_Saccharomyces_cerevisiae_baker_s_yeast, Node1652*)",1810,0.9080570735543574,0.921514902531969,c3,branch_to_yeast
"(Eukaryota_Opisthokonta_Nucletmycea_Fungi_Dikarya_Ascomycota_Saccharomycotina_Saccharomycetes_Saccharomycetales_Saccharomyces_cerevisiae_baker_s_yeast, Node1652*)",1811,0.9585603435847064,0.921514902531969,c3,branch_to_yeast
"(Eukaryota_Opisthokonta_Nucletmycea_Fungi_Dikarya_Ascomycota_Saccharomycotina_Saccharomycetes_Saccharomycetales_Saccharomyces_cerevisiae_baker_s_yeast, Node1652*)",1812,0.9585603435847064,0.921514902531969,c3,branch_to_yeast
"(Eukaryota_Opisthokonta_Nucletmycea_Fungi_Dikarya_Ascomycota_Saccharomycotina_Saccharomycetes_Saccharomycetales_Saccharomyces_cerevisiae_baker_s_yeast, Node1652*)",1813,1.6372983367928842,0.921514902531969,c3,branch_to_yeast
"(Eukaryota_Opisthokonta_Nucletmycea_Fungi_Dikarya_Ascomycota_Saccharomycotina_Saccharomycetes_Saccharomycetales_Saccharomyces_cerevisiae_baker_s_yeast, Node1652*)",1814,0.9080570735543574,0.921514902531969,c3,branch_to_yeast
"(Eukaryota_Opisthokonta_Nucletmycea_Fungi_Dikarya_Ascomycota_Saccharomycotina_Saccharomycetes_Saccharomycetales_Saccharomyces_cerevisiae_baker_s_yeast, Node1652*)",1815,0.9080570735543574,0.921514902531969,c3,branch_to_yeast
"(Eukaryota_Opisthokonta_Nucletmycea_Fungi_Dikarya_Ascomycota_Saccharomycotina_Saccharomycetes_Saccharomycetales_Saccharomyces_cerevisiae_baker_s_yeast, Node1652*)",1816,0.5440990588598469,0.939546945073676,c2,branch_to_yeast
"(Eukaryota_Opisthokonta_Nucletmycea_Fungi_Dikarya_Ascomycota_Saccharomycotina_Saccharomycetes_Saccharomycetales_Saccharomyces_cerevisiae_baker_s_yeast, Node1652*)",1817,0.9585603439457026,0.939546945073676,c2,branch_to_yeast
"(Eukaryota_Opisthokonta_Nucletmycea_Fungi_Dikarya_Ascomycota_Saccharomycotina_Saccharomycetes_Saccharomycetales_Saccharomyces_cerevisiae_baker_s_yeast, Node1652*)",1818,0.908057073652776,0.939546945073676,c2,branch_to_yeast
"(Eukaryota_Opisthokonta_Nucletmycea_Fungi_Dikarya_Ascomycota_Saccharomycotina_Saccharomycetes_Saccharomycetales_Saccharomyces_cerevisiae_baker_s_yeast, Node1652*)",1819,0.9585603439457024,0.939546945073676,c2,branch_to_yeast
"(Eukaryota_Opisthokonta_Nucletmycea_Fungi_Dikarya_Ascomycota_Saccharomycotina_Saccharomycetes_Saccharomycetales_Saccharomyces_cerevisiae_baker_s_yeast, Node1652*)",1820,0.5440990588803538,0.9304262177623468,c1,branch_to_yeast
"(Eukaryota_Opisthokonta_Nucletmycea_Fungi_Dikarya_Ascomycota_Saccharomycotina_Saccharomycetes_Saccharomycetales_Saccharomyces_cerevisiae_baker_s_yeast, Node1652*)",1821,1.5965288966915833e-17,0.939546945073676,c2,branch_to_yeast
"(Eukaryota_Opisthokonta_Nucletmycea_Fungi_Dikarya_Ascomycota_Saccharomycotina_Saccharomycetes_Saccharomycetales_Saccharomyces_cerevisiae_baker_s_yeast, Node1652*)",1822,0.9585603439457026,0.939546945073676,c2,branch_to_yeast
"(Eukaryota_Opisthokonta_Nucletmycea_Fungi_Dikarya_Ascomycota_Saccharomycotina_Saccharomycetes_Saccharomycetales_Saccharomyces_cerevisiae_baker_s_yeast, Node1652*)",1823,0.9585603435847064,0.921514902531969,c3,branch_to_yeast
"(Eukaryota_Opisthokonta_Nucletmycea_Fungi_Dikarya_Ascomycota_Saccharomycotina_Saccharomycetes_Saccharomycetales_Saccharomyces_cerevisiae_baker_s_yeast, Node1652*)",1824,1.6372983367928846,0.921514902531969,c3,branch_to_yeast
"(Eukaryota_Opisthokonta_Nucletmycea_Fungi_Dikarya_Ascomycota_Saccharomycotina_Saccharomycetes_Saccharomycetales_Saccharomyces_cerevisiae_baker_s_yeast, Node1652*)",1825,1.6372983367928842,0.921514902531969,c3,branch_to_yeast
"(Eukaryota_Opisthokonta_Nucletmycea_Fungi_Dikarya_Ascomycota_Saccharomycotina_Saccharomycetes_Saccharomycetales_Saccharomyces_cerevisiae_baker_s_yeast, Node1652*)",1826,0.9080570726075052,0.7421390212290799,c4,branch_to_yeast
"(Eukaryota_Opisthokonta_Nucletmycea_Fungi_Dikarya_Ascomycota_Saccharomycotina_Saccharomycetes_Saccharomycetales_Saccharomyces_cerevisiae_baker_s_yeast, Node1652*)",1827,1.6372983367928846,0.921514902531969,c3,branch_to_yeast
"(Eukaryota_Opisthokonta_Nucletmycea_Fungi_Dikarya_Ascomycota_Saccharomycotina_Saccharomycetes_Saccharomycetales_Saccharomyces_cerevisiae_baker_s_yeast, Node1652*)",1828,-3.107563365904069e-17,0.921514902531969,c3,branch_to_yeast
"(Eukaryota_Opisthokonta_Nucletmycea_Fungi_Dikarya_Ascomycota_Saccharomycotina_Saccharomycetes_Saccharomycetales_Saccharomyces_cerevisiae_baker_s_yeast, Node1652*)",1829,0.5440990573737672,0.7421390212290799,c4,branch_to_yeast
"(Eukaryota_Opisthokonta_Nucletmycea_Fungi_Dikarya_Ascomycota_Saccharomycotina_Saccharomycetes_Saccharomycetales_Saccharomyces_cerevisiae_baker_s_yeast, Node1652*)",1830,0.9585603435847064,0.921514902531969,c3,branch_to_yeast
"(Eukaryota_Opisthokonta_Nucletmycea_Fungi_Dikarya_Ascomycota_Saccharomycotina_Saccharomycetes_Saccharomycetales_Saccharomyces_cerevisiae_baker_s_yeast, Node1652*)",1831,0.9585603435847064,0.921514902531969,c3,branch_to_yeast
"(Eukaryota_Opisthokonta_Nucletmycea_Fungi_Dikarya_Ascomycota_Saccharomycotina_Saccharomycetes_Saccharomycetales_Saccharomyces_cerevisiae_baker_s_yeast, Node1652*)",1832,0.5440990587203809,0.921514902531969,c3,branch_to_yeast
"(Eukaryota_Opisthokonta_Nucletmycea_Fungi_Dikarya_Ascomycota_Saccharomycotina_Saccharomycetes_Saccharomycetales_Saccharomyces_cerevisiae_baker_s_yeast, Node1652*)",1833,1.5348093425397688e-17,0.939546945073676,c2,branch_to_yeast
"(Eukaryota_Opisthokonta_Nucletmycea_Fungi_Dikarya_Ascomycota_Saccharomycotina_Saccharomycetes_Saccharomycetales_Saccharomyces_cerevisiae_baker_s_yeast, Node1652*)",1834,3.802908758576427e-17,0.939546945073676,c2,branch_to_yeast
"(Eukaryota_Opisthokonta_Nucletmycea_Fungi_Dikarya_Ascomycota_Saccharomycotina_Saccharomycetes_Saccharomycetales_Saccharomyces_cerevisiae_baker_s_yeast, Node1652*)",1835,0.908057073652776,0.939546945073676,c2,branch_to_yeast
"(Eukaryota_Opisthokonta_Nucletmycea_Fungi_Dikarya_Ascomycota_Saccharomycotina_Saccharomycetes_Saccharomycetales_Saccharomyces_cerevisiae_baker_s_yeast, Node1652*)",1836,1.6372983367489429,0.921514902531969,c3,branch_to_yeast
"(Eukaryota_Opisthokonta_Nucletmycea_Fungi_Dikarya_Ascomycota_Saccharomycotina_Saccharomycetes_Saccharomycetales_Saccharomyces_cerevisiae_baker_s_yeast, Node1652*)",1837,0.9080570726075052,0.7421390212290799,c4,branch_to_yeast
"(Eukaryota_Opisthokonta_Nucletmycea_Fungi_Dikarya_Ascomycota_Saccharomycotina_Saccharomycetes_Saccharomycetales_Saccharomyces_cerevisiae_baker_s_yeast, Node1652*)",1838,0.9585603400967968,0.7421390212290799,c4,branch_to_yeast
"(Eukaryota_Opisthokonta_Nucletmycea_Fungi_Dikarya_Ascomycota_Saccharomycotina_Saccharomycetes_Saccharomycetales_Saccharomyces_cerevisiae_baker_s_yeast, Node1652*)",1839,1.6372983311639282,0.7421390212290799,c4,branch_to_yeast
"(Eukaryota_Opisthokonta_Nucletmycea_Fungi_Dikarya_Ascomycota_Saccharomycotina_Saccharomycetes_Saccharomycetales_Saccharomyces_cerevisiae_baker_s_yeast, Node1652*)",1840,0.9080570726075052,0.7421390212290799,c4,branch_to_yeast
"(Eukaryota_Opisthokonta_Nucletmycea_Fungi_Dikarya_Ascomycota_Saccharomycotina_Saccharomycetes_Saccharomycetales_Saccharomyces_cerevisiae_baker_s_yeast, Node1652*)",1841,0.9080570726075052,0.7421390212290799,c4,branch_to_yeast
"(Eukaryota_Opisthokonta_Nucletmycea_Fungi_Dikarya_Ascomycota_Saccharomycotina_Saccharomycetes_Saccharomycetales_Saccharomyces_cerevisiae_baker_s_yeast, Node1652*)",1842,0.5440990573737672,0.7421390212290799,c4,branch_to_yeast
"(Eukaryota_Opisthokonta_Nucletmycea_Fungi_Dikarya_Ascomycota_Saccharomycotina_Saccharomycetes_Saccharomycetales_Saccharomyces_cerevisiae_baker_s_yeast, Node1652*)",1843,0.9585603400967968,0.7421390212290799,c4,branch_to_yeast
"(Eukaryota_Opisthokonta_Nucletmycea_Fungi_Dikarya_Ascomycota_Saccharomycotina_Saccharomycetes_Saccharomycetales_Saccharomyces_cerevisiae_baker_s_yeast, Node1652*)",1844,0.5440990573737672,0.7421390212290799,c4,branch_to_yeast
"(Eukaryota_Opisthokonta_Nucletmycea_Fungi_Dikarya_Ascomycota_Saccharomycotina_Saccharomycetes_Saccharomycetales_Saccharomyces_cerevisiae_baker_s_yeast, Node1652*)",1845,0.9585603398458964,0.7421390212290799,c4,branch_to_yeast
"(Eukaryota_Opisthokonta_Nucletmycea_Fungi_Dikarya_Ascomycota_Saccharomycotina_Saccharomycetes_Saccharomycetales_Saccharomyces_cerevisiae_baker_s_yeast, Node1652*)",1846,0.5440990593998133,0.7421390212290799,c4,branch_to_yeast
"(Eukaryota_Opisthokonta_Nucletmycea_Fungi_Dikarya_Ascomycota_Saccharomycotina_Saccharomycetes_Saccharomycetales_Saccharomyces_cerevisiae_baker_s_yeast, Node1652*)",1847,0.5440990573737672,0.7421390212290799,c4,branch_to_yeast
"(Eukaryota_Opisthokonta_Nucletmycea_Fungi_Dikarya_Ascomycota_Saccharomycotina_Saccharomycetes_Saccharomycetales_Saccharomyces_cerevisiae_baker_s_yeast, Node1652*)",1848,0.9585603400967968,0.7421390212290799,c4,branch_to_yeast
"(Eukaryota_Opisthokonta_Nucletmycea_Fungi_Dikarya_Ascomycota_Saccharomycotina_Saccharomycetes_Saccharomycetales_Saccharomyces_cerevisiae_baker_s_yeast, Node1652*)",1849,0.9585603399392878,0.7421390212290799,c4,branch_to_yeast
"(Eukaryota_Opisthokonta_Nucletmycea_Fungi_Dikarya_Ascomycota_Saccharomycotina_Saccharomycetes_Saccharomycetales_Saccharomyces_cerevisiae_baker_s_yeast, Node1652*)",1850,0.9585603400967968,0.7421390212290799,c4,branch_to_yeast
"(Eukaryota_Opisthokonta_Nucletmycea_Fungi_Dikarya_Ascomycota_Saccharomycotina_Saccharomycetes_Saccharomycetales_Saccharomyces_cerevisiae_baker_s_yeast, Node1652*)",1851,0.9585603400967968,0.7421390212290799,c4,branch_to_yeast
"(Eukaryota_Opisthokonta_Nucletmycea_Fungi_Dikarya_Ascomycota_Saccharomycotina_Saccharomycetes_Saccharomycetales_Saccharomyces_cerevisiae_baker_s_yeast, Node1652*)",1852,0.9585603400967968,0.7421390212290799,c4,branch_to_yeast
"(Eukaryota_Opisthokonta_Nucletmycea_Fungi_Dikarya_Ascomycota_Saccharomycotina_Saccharomycetes_Saccharomycetales_Saccharomyces_cerevisiae_baker_s_yeast, Node1652*)",1853,1.6372983311639282,0.7421390212290799,c4,branch_to_yeast
"(Eukaryota_Opisthokonta_Nucletmycea_Fungi_Dikarya_Ascomycota_Saccharomycotina_Saccharomycetes_Saccharomycetales_Saccharomyces_cerevisiae_baker_s_yeast, Node1652*)",1854,0.5440990593998133,0.7421390212290799,c4,branch_to_yeast
"(Eukaryota_Opisthokonta_Nucletmycea_Fungi_Dikarya_Ascomycota_Saccharomycotina_Saccharomycetes_Saccharomycetales_Saccharomyces_cerevisiae_baker_s_yeast, Node1652*)",1855,0.5440990573737671,0.7421390212290799,c4,branch_to_yeast
"(Eukaryota_Opisthokonta_Nucletmycea_Fungi_Dikarya_Ascomycota_Saccharomycotina_Saccharomycetes_Saccharomycetales_Saccharomyces_cerevisiae_baker_s_yeast, Node1652*)",1856,1.637298331163928,0.7421390212290799,c4,branch_to_yeast
"(Eukaryota_Opisthokonta_Nucletmycea_Fungi_Dikarya_Ascomycota_Saccharomycotina_Saccharomycetes_Saccharomycetales_Saccharomyces_cerevisiae_baker_s_yeast, Node1652*)",1857,0.9080570728563464,0.7421390212290799,c4,branch_to_yeast
"(Eukaryota_Opisthokonta_Nucletmycea_Fungi_Dikarya_Ascomycota_Saccharomycotina_Saccharomycetes_Saccharomycetales_Saccharomyces_cerevisiae_baker_s_yeast, Node1652*)",1858,1.637298330754384,0.7421390212290799,c4,branch_to_yeast
"(Eukaryota_Opisthokonta_Nucletmycea_Fungi_Dikarya_Ascomycota_Saccharomycotina_Saccharomycetes_Saccharomycetales_Saccharomyces_cerevisiae_baker_s_yeast, Node1652*)",1859,1.6372983311639282,0.7421390212290799,c4,branch_to_yeast
"(Eukaryota_Opisthokonta_Nucletmycea_Fungi_Dikarya_Ascomycota_Saccharomycotina_Saccharomycetes_Saccharomycetales_Saccharomyces_cerevisiae_baker_s_yeast, Node1652*)",1860,0.5440990573737672,0.7421390212290799,c4,branch_to_yeast
"(Eukaryota_Opisthokonta_Nucletmycea_Fungi_Dikarya_Ascomycota_Saccharomycotina_Saccharomycetes_Saccharomycetales_Saccharomyces_cerevisiae_baker_s_yeast, Node1652*)",1861,0.9080570782526606,0.7421390212290799,c4,branch_to_yeast
"(Eukaryota_Opisthokonta_Nucletmycea_Fungi_Dikarya_Ascomycota_Saccharomycotina_Saccharomycetes_Saccharomycetales_Saccharomyces_cerevisiae_baker_s_yeast, Node1652*)",1862,1.6372983304863056,0.7421390212290799,c4,branch_to_yeast
"(Eukaryota_Opisthokonta_Nucletmycea_Fungi_Dikarya_Ascomycota_Saccharomycotina_Saccharomycetes_Saccharomycetales_Saccharomyces_cerevisiae_baker_s_yeast, Node1652*)",1863,0.9080570726075052,0.7421390212290799,c4,branch_to_yeast
"(Eukaryota_Opisthokonta_Nucletmycea_Fungi_Dikarya_Ascomycota_Saccharomycotina_Saccharomycetes_Saccharomycetales_Saccharomyces_cerevisiae_baker_s_yeast, Node1652*)",1864,1.637298330754384,0.7421390212290799,c4,branch_to_yeast
"(Eukaryota_Opisthokonta_Nucletmycea_Fungi_Dikarya_Ascomycota_Saccharomycotina_Saccharomycetes_Saccharomycetales_Saccharomyces_cerevisiae_baker_s_yeast, Node1652*)",1865,0.5440990574443846,0.7421390212290799,c4,branch_to_yeast
"(Eukaryota_Opisthokonta_Nucletmycea_Fungi_Dikarya_Ascomycota_Saccharomycotina_Saccharomycetes_Saccharomycetales_Saccharomyces_cerevisiae_baker_s_yeast, Node1652*)",1866,0.9585603400967968,0.7421390212290799,c4,branch_to_yeast
"(Eukaryota_Opisthokonta_Nucletmycea_Fungi_Dikarya_Ascomycota_Saccharomycotina_Saccharomycetes_Saccharomycetales_Saccharomyces_cerevisiae_baker_s_yeast, Node1652*)",1867,0.5440990573737672,0.7421390212290799,c4,branch_to_yeast
"(Eukaryota_Opisthokonta_Nucletmycea_Fungi_Dikarya_Ascomycota_Saccharomycotina_Saccharomycetes_Saccharomycetales_Saccharomyces_cerevisiae_baker_s_yeast, Node1652*)",1868,0.9585603400967968,0.7421390212290799,c4,branch_to_yeast
"(Eukaryota_Opisthokonta_Nucletmycea_Fungi_Dikarya_Ascomycota_Saccharomycotina_Saccharomycetes_Saccharomycetales_Saccharomyces_cerevisiae_baker_s_yeast, Node1652*)",1869,1.6372983311639282,0.7421390212290799,c4,branch_to_yeast
"(Eukaryota_Opisthokonta_Nucletmycea_Fungi_Dikarya_Ascomycota_Saccharomycotina_Saccharomycetes_Saccharomycetales_Saccharomyces_cerevisiae_baker_s_yeast, Node1652*)",1870,0.9585603400967968,0.7421390212290799,c4,branch_to_yeast
"(Eukaryota_Opisthokonta_Nucletmycea_Fungi_Dikarya_Ascomycota_Saccharomycotina_Saccharomycetes_Saccharomycetales_Saccharomyces_cerevisiae_baker_s_yeast, Node1652*)",1871,0.9585603435682604,0.921514902531969,c3,branch_to_yeast
"(Eukaryota_Opisthokonta_Nucletmycea_Fungi_Dikarya_Ascomycota_Saccharomycotina_Saccharomycetes_Saccharomycetales_Saccharomyces_cerevisiae_baker_s_yeast, Node1652*)",1872,0.5440990588598469,0.939546945073676,c2,branch_to_yeast
"(Eukaryota_Opisthokonta_Nucletmycea_Fungi_Dikarya_Ascomycota_Saccharomycotina_Saccharomycetes_Saccharomycetales_Saccharomyces_cerevisiae_baker_s_yeast, Node1652*)",1873,-2.7553669763646168e-17,0.921514902531969,c3,branch_to_yeast
"(Eukaryota_Opisthokonta_Nucletmycea_Fungi_Dikarya_Ascomycota_Saccharomycotina_Saccharomycetes_Saccharomycetales_Saccharomyces_cerevisiae_baker_s_yeast, Node1652*)",1874,0.9585603435847068,0.921514902531969,c3,branch_to_yeast
"(Eukaryota_Opisthokonta_Nucletmycea_Fungi_Dikarya_Ascomycota_Saccharomycotina_Saccharomycetes_Saccharomycetales_Saccharomyces_cerevisiae_baker_s_yeast, Node1652*)",1875,0.5440990587203809,0.921514902531969,c3,branch_to_yeast
"(Eukaryota_Opisthokonta_Nucletmycea_Fungi_Dikarya_Ascomycota_Saccharomycotina_Saccharomycetes_Saccharomycetales_Saccharomyces_cerevisiae_baker_s_yeast, Node1652*)",1876,0.5440990587203811,0.921514902531969,c3,branch_to_yeast
"(Eukaryota_Opisthokonta_Nucletmycea_Fungi_Dikarya_Ascomycota_Saccharomycotina_Saccharomycetes_Saccharomycetales_Saccharomyces_cerevisiae_baker_s_yeast, Node1652*)",1877,0.9080570735543574,0.921514902531969,c3,branch_to_yeast
"(Eukaryota_Opisthokonta_Nucletmycea_Fungi_Dikarya_Ascomycota_Saccharomycotina_Saccharomycetes_Saccharomycetales_Saccharomyces_cerevisiae_baker_s_yeast, Node1652*)",1878,0.908190445890024,0.921514902531969,c3,branch_to_yeast
"(Eukaryota_Opisthokonta_Nucletmycea_Fungi_Dikarya_Ascomycota_Saccharomycotina_Saccharomycetes_Saccharomycetales_Saccharomyces_cerevisiae_baker_s_yeast, Node1652*)",1879,0.9080570726075052,0.7421390212290799,c4,branch_to_yeast
"(Eukaryota_Opisthokonta_Nucletmycea_Fungi_Dikarya_Ascomycota_Saccharomycotina_Saccharomycetes_Saccharomycetales_Saccharomyces_cerevisiae_baker_s_yeast, Node1652*)",1880,0.9585603435847064,0.921514902531969,c3,branch_to_yeast
"(Eukaryota_Opisthokonta_Nucletmycea_Fungi_Dikarya_Ascomycota_Saccharomycotina_Saccharomycetes_Saccharomycetales_Saccharomyces_cerevisiae_baker_s_yeast, Node1652*)",1881,0.9585603435847064,0.921514902531969,c3,branch_to_yeast
"(Eukaryota_Opisthokonta_Nucletmycea_Fungi_Dikarya_Ascomycota_Saccharomycotina_Saccharomycetes_Saccharomycetales_Saccharomyces_cerevisiae_baker_s_yeast, Node1652*)",1882,0.5440984361564472,0.921514902531969,c3,branch_to_yeast
"(Eukaryota_Opisthokonta_Nucletmycea_Fungi_Dikarya_Ascomycota_Saccharomycotina_Saccharomycetes_Saccharomycetales_Saccharomyces_cerevisiae_baker_s_yeast, Node1652*)",1883,1.6372983373746668,0.939546945073676,c2,branch_to_yeast
"(Eukaryota_Opisthokonta_Nucletmycea_Fungi_Dikarya_Ascomycota_Saccharomycotina_Saccharomycetes_Saccharomycetales_Saccharomyces_cerevisiae_baker_s_yeast, Node1652*)",1884,0.5440990587203809,0.921514902531969,c3,branch_to_yeast
"(Eukaryota_Opisthokonta_Nucletmycea_Fungi_Dikarya_Ascomycota_Saccharomycotina_Saccharomycetes_Saccharomycetales_Saccharomyces_cerevisiae_baker_s_yeast, Node1652*)",1885,0.5440990588803539,0.9304262177623468,c1,branch_to_yeast
"(Eukaryota_Opisthokonta_Nucletmycea_Fungi_Dikarya_Ascomycota_Saccharomycotina_Saccharomycetes_Saccharomycetales_Saccharomyces_cerevisiae_baker_s_yeast, Node1652*)",1886,0.5440990588598468,0.939546945073676,c2,branch_to_yeast
"(Eukaryota_Opisthokonta_Nucletmycea_Fungi_Dikarya_Ascomycota_Saccharomycotina_Saccharomycetes_Saccharomycetales_Saccharomyces_cerevisiae_baker_s_yeast, Node1652*)",1887,1.6372983373746666,0.939546945073676,c2,branch_to_yeast
"(Eukaryota_Opisthokonta_Nucletmycea_Fungi_Dikarya_Ascomycota_Saccharomycotina_Saccharomycetes_Saccharomycetales_Saccharomyces_cerevisiae_baker_s_yeast, Node1652*)",1888,0.908057073652776,0.939546945073676,c2,branch_to_yeast
"(Eukaryota_Opisthokonta_Nucletmycea_Fungi_Dikarya_Ascomycota_Saccharomycotina_Saccharomycetes_Saccharomycetales_Saccharomyces_cerevisiae_baker_s_yeast, Node1652*)",1889,0.908057073652776,0.939546945073676,c2,branch_to_yeast
"(Eukaryota_Opisthokonta_Nucletmycea_Fungi_Dikarya_Ascomycota_Saccharomycotina_Saccharomycetes_Saccharomycetales_Saccharomyces_cerevisiae_baker_s_yeast, Node1652*)",1890,0.9585603435847064,0.921514902531969,c3,branch_to_yeast
"(Eukaryota_Opisthokonta_Nucletmycea_Fungi_Dikarya_Ascomycota_Saccharomycotina_Saccharomycetes_Saccharomycetales_Saccharomyces_cerevisiae_baker_s_yeast, Node1652*)",1891,0.9585603435847064,0.921514902531969,c3,branch_to_yeast
"(Eukaryota_Opisthokonta_Nucletmycea_Fungi_Dikarya_Ascomycota_Saccharomycotina_Saccharomycetes_Saccharomycetales_Saccharomyces_cerevisiae_baker_s_yeast, Node1652*)",1892,0.9080570735543574,0.921514902531969,c3,branch_to_yeast
"(Eukaryota_Opisthokonta_Nucletmycea_Fungi_Dikarya_Ascomycota_Saccharomycotina_Saccharomycetes_Saccharomycetales_Saccharomyces_cerevisiae_baker_s_yeast, Node1652*)",1893,1.6372983367928842,0.921514902531969,c3,branch_to_yeast
"(Eukaryota_Opisthokonta_Nucletmycea_Fungi_Dikarya_Ascomycota_Saccharomycotina_Saccharomycetes_Saccharomycetales_Saccharomyces_cerevisiae_baker_s_yeast, Node1652*)",1894,0.544099058720381,0.921514902531969,c3,branch_to_yeast
"(Eukaryota_Opisthokonta_Nucletmycea_Fungi_Dikarya_Ascomycota_Saccharomycotina_Saccharomycetes_Saccharomycetales_Saccharomyces_cerevisiae_baker_s_yeast, Node1652*)",1895,0.9080570735543574,0.921514902531969,c3,branch_to_yeast
"(Eukaryota_Opisthokonta_Nucletmycea_Fungi_Dikarya_Ascomycota_Saccharomycotina_Saccharomycetes_Saccharomycetales_Saccharomyces_cerevisiae_baker_s_yeast, Node1652*)",1896,0.9080570735543574,0.921514902531969,c3,branch_to_yeast
"(Eukaryota_Opisthokonta_Nucletmycea_Fungi_Dikarya_Ascomycota_Saccharomycotina_Saccharomycetes_Saccharomycetales_Saccharomyces_cerevisiae_baker_s_yeast, Node1652*)",1897,0.9080570735543574,0.921514902531969,c3,branch_to_yeast
"(Eukaryota_Opisthokonta_Nucletmycea_Fungi_Dikarya_Ascomycota_Saccharomycotina_Saccharomycetes_Saccharomycetales_Saccharomyces_cerevisiae_baker_s_yeast, Node1652*)",1898,0.5440990588598469,0.939546945073676,c2,branch_to_yeast
"(Eukaryota_Opisthokonta_Nucletmycea_Fungi_Dikarya_Ascomycota_Saccharomycotina_Saccharomycetes_Saccharomycetales_Saccharomyces_cerevisiae_baker_s_yeast, Node1652*)",1899,0.9585603435847064,0.921514902531969,c3,branch_to_yeast
"(Eukaryota_Opisthokonta_Nucletmycea_Fungi_Dikarya_Ascomycota_Saccharomycotina_Saccharomycetes_Saccharomycetales_Saccharomyces_cerevisiae_baker_s_yeast, Node1652*)",1900,0.5440990588803539,0.9304262177623468,c1,branch_to_yeast
"(Eukaryota_Opisthokonta_Nucletmycea_Fungi_Dikarya_Ascomycota_Saccharomycotina_Saccharomycetes_Saccharomycetales_Saccharomyces_cerevisiae_baker_s_yeast, Node1652*)",1901,0.9585603439457026,0.939546945073676,c2,branch_to_yeast
"(Eukaryota_Opisthokonta_Nucletmycea_Fungi_Dikarya_Ascomycota_Saccharomycotina_Saccharomycetes_Saccharomycetales_Saccharomyces_cerevisiae_baker_s_yeast, Node1652*)",1902,0.9585603439457024,0.939546945073676,c2,branch_to_yeast
"(Eukaryota_Opisthokonta_Nucletmycea_Fungi_Dikarya_Ascomycota_Saccharomycotina_Saccharomycetes_Saccharomycetales_Saccharomyces_cerevisiae_baker_s_yeast, Node1652*)",1903,0.5440990588598469,0.939546945073676,c2,branch_to_yeast
"(Eukaryota_Opisthokonta_Nucletmycea_Fungi_Dikarya_Ascomycota_Saccharomycotina_Saccharomycetes_Saccharomycetales_Saccharomyces_cerevisiae_baker_s_yeast, Node1652*)",1904,0.5440990588598469,0.939546945073676,c2,branch_to_yeast
"(Eukaryota_Opisthokonta_Nucletmycea_Fungi_Dikarya_Ascomycota_Saccharomycotina_Saccharomycetes_Saccharomycetales_Saccharomyces_cerevisiae_baker_s_yeast, Node1652*)",1905,1.6372983373746668,0.939546945073676,c2,branch_to_yeast
"(Eukaryota_Opisthokonta_Nucletmycea_Fungi_Dikarya_Ascomycota_Saccharomycotina_Saccharomycetes_Saccharomycetales_Saccharomyces_cerevisiae_baker_s_yeast, Node1652*)",1906,0.908057073652776,0.939546945073676,c2,branch_to_yeast
"(Eukaryota_Opisthokonta_Nucletmycea_Fungi_Dikarya_Ascomycota_Saccharomycotina_Saccharomycetes_Saccharomycetales_Saccharomyces_cerevisiae_baker_s_yeast, Node1652*)",1907,0.5440990588598469,0.939546945073676,c2,branch_to_yeast
"(Eukaryota_Opisthokonta_Nucletmycea_Fungi_Dikarya_Ascomycota_Saccharomycotina_Saccharomycetes_Saccharomycetales_Saccharomyces_cerevisiae_baker_s_yeast, Node1652*)",1908,0.5440990588598468,0.939546945073676,c2,branch_to_yeast
"(Eukaryota_Opisthokonta_Nucletmycea_Fungi_Dikarya_Ascomycota_Saccharomycotina_Saccharomycetes_Saccharomycetales_Saccharomyces_cerevisiae_baker_s_yeast, Node1652*)",1909,0.5440990588803539,0.9304262177623468,c1,branch_to_yeast
"(Eukaryota_Opisthokonta_Nucletmycea_Fungi_Dikarya_Ascomycota_Saccharomycotina_Saccharomycetes_Saccharomycetales_Saccharomyces_cerevisiae_baker_s_yeast, Node1652*)",1910,0.5440990588803539,0.9304262177623468,c1,branch_to_yeast
"(Eukaryota_Opisthokonta_Nucletmycea_Fungi_Dikarya_Ascomycota_Saccharomycotina_Saccharomycetes_Saccharomycetales_Saccharomyces_cerevisiae_baker_s_yeast, Node1652*)",1911,0.9585603439987752,0.9304262177623468,c1,branch_to_yeast
"(Eukaryota_Opisthokonta_Nucletmycea_Fungi_Dikarya_Ascomycota_Saccharomycotina_Saccharomycetes_Saccharomycetales_Saccharomyces_cerevisiae_baker_s_yeast, Node1652*)",1912,0.9080570736672596,0.9304262177623468,c1,branch_to_yeast
"(Eukaryota_Opisthokonta_Nucletmycea_Fungi_Dikarya_Ascomycota_Saccharomycotina_Saccharomycetes_Saccharomycetales_Saccharomyces_cerevisiae_baker_s_yeast, Node1652*)",1913,1.6372983374601648,0.9304262177623468,c1,branch_to_yeast
"(Eukaryota_Opisthokonta_Nucletmycea_Fungi_Dikarya_Ascomycota_Saccharomycotina_Saccharomycetes_Saccharomycetales_Saccharomyces_cerevisiae_baker_s_yeast, Node1652*)",1914,0.9585603439987752,0.9304262177623468,c1,branch_to_yeast
"(Eukaryota_Opisthokonta_Nucletmycea_Fungi_Dikarya_Ascomycota_Saccharomycotina_Saccharomycetes_Saccharomycetales_Saccharomyces_cerevisiae_baker_s_yeast, Node1652*)",1915,0.9080570736672594,0.9304262177623468,c1,branch_to_yeast
"(Eukaryota_Opisthokonta_Nucletmycea_Fungi_Dikarya_Ascomycota_Saccharomycotina_Saccharomycetes_Saccharomycetales_Saccharomyces_cerevisiae_baker_s_yeast, Node1652*)",1916,0.5440990588803539,0.9304262177623468,c1,branch_to_yeast
"(Eukaryota_Opisthokonta_Nucletmycea_Fungi_Dikarya_Ascomycota_Saccharomycotina_Saccharomycetes_Saccharomycetales_Saccharomyces_cerevisiae_baker_s_yeast, Node1652*)",1917,0.5440990588803539,0.9304262177623468,c1,branch_to_yeast
"(Eukaryota_Opisthokonta_Nucletmycea_Fungi_Dikarya_Ascomycota_Saccharomycotina_Saccharomycetes_Saccharomycetales_Saccharomyces_cerevisiae_baker_s_yeast, Node1652*)",1918,1.6372983374601648,0.9304262177623468,c1,branch_to_yeast
"(Eukaryota_Opisthokonta_Nucletmycea_Fungi_Dikarya_Ascomycota_Saccharomycotina_Saccharomycetes_Saccharomycetales_Saccharomyces_cerevisiae_baker_s_yeast, Node1652*)",1919,0.5440990588803538,0.9304262177623468,c1,branch_to_yeast
"(Eukaryota_Opisthokonta_Nucletmycea_Fungi_Dikarya_Ascomycota_Saccharomycotina_Saccharomycetes_Saccharomycetales_Saccharomyces_cerevisiae_baker_s_yeast, Node1652*)",1920,0.5440990588803539,0.9304262177623468,c1,branch_to_yeast
"(Eukaryota_Opisthokonta_Nucletmycea_Fungi_Dikarya_Ascomycota_Saccharomycotina_Saccharomycetes_Saccharomycetales_Saccharomyces_cerevisiae_baker_s_yeast, Node1652*)",1921,0.9585603439987752,0.9304262177623468,c1,branch_to_yeast
"(Eukaryota_Opisthokonta_Nucletmycea_Fungi_Dikarya_Ascomycota_Saccharomycotina_Saccharomycetes_Saccharomycetales_Saccharomyces_cerevisiae_baker_s_yeast, Node1652*)",1922,0.9585603439987752,0.9304262177623468,c1,branch_to_yeast
"(Eukaryota_Opisthokonta_Nucletmycea_Fungi_Dikarya_Ascomycota_Saccharomycotina_Saccharomycetes_Saccharomycetales_Saccharomyces_cerevisiae_baker_s_yeast, Node1652*)",1923,0.9080570736672594,0.9304262177623468,c1,branch_to_yeast
"(Eukaryota_Opisthokonta_Nucletmycea_Fungi_Dikarya_Ascomycota_Saccharomycotina_Saccharomycetes_Saccharomycetales_Saccharomyces_cerevisiae_baker_s_yeast, Node1652*)",1924,0.908057073652776,0.939546945073676,c2,branch_to_yeast
"(Eukaryota_Opisthokonta_Nucletmycea_Fungi_Dikarya_Ascomycota_Saccharomycotina_Saccharomycetes_Saccharomycetales_Saccharomyces_cerevisiae_baker_s_yeast, Node1652*)",1925,0.908057073652776,0.939546945073676,c2,branch_to_yeast
"(Eukaryota_Opisthokonta_Nucletmycea_Fungi_Dikarya_Ascomycota_Saccharomycotina_Saccharomycetes_Saccharomycetales_Saccharomyces_cerevisiae_baker_s_yeast, Node1652*)",1926,1.6372983374601648,0.9304262177623468,c1,branch_to_yeast
"(Eukaryota_Opisthokonta_Nucletmycea_Fungi_Dikarya_Ascomycota_Saccharomycotina_Saccharomycetes_Saccharomycetales_Saccharomyces_cerevisiae_baker_s_yeast, Node1652*)",1927,1.6372983373746668,0.939546945073676,c2,branch_to_yeast
"(Eukaryota_Opisthokonta_Nucletmycea_Fungi_Dikarya_Ascomycota_Saccharomycotina_Saccharomycetes_Saccharomycetales_Saccharomyces_cerevisiae_baker_s_yeast, Node1652*)",1928,0.9585603439457026,0.939546945073676,c2,branch_to_yeast
"(Eukaryota_Opisthokonta_Nucletmycea_Fungi_Dikarya_Ascomycota_Saccharomycotina_Saccharomycetes_Saccharomycetales_Saccharomyces_cerevisiae_baker_s_yeast, Node1652*)",1929,0.9080570736672594,0.9304262177623468,c1,branch_to_yeast
"(Eukaryota_Opisthokonta_Nucletmycea_Fungi_Dikarya_Ascomycota_Saccharomycotina_Saccharomycetes_Saccharomycetales_Saccharomyces_cerevisiae_baker_s_yeast, Node1652*)",1930,0.5440990588803538,0.9304262177623468,c1,branch_to_yeast
"(Eukaryota_Opisthokonta_Nucletmycea_Fungi_Dikarya_Ascomycota_Saccharomycotina_Saccharomycetes_Saccharomycetales_Saccharomyces_cerevisiae_baker_s_yeast, Node1652*)",1931,0.9585603439457028,0.939546945073676,c2,branch_to_yeast
"(Eukaryota_Opisthokonta_Nucletmycea_Fungi_Dikarya_Ascomycota_Saccharomycotina_Saccharomycetes_Saccharomycetales_Saccharomyces_cerevisiae_baker_s_yeast, Node1652*)",1932,0.9585603439457028,0.939546945073676,c2,branch_to_yeast
"(Eukaryota_Opisthokonta_Nucletmycea_Fungi_Dikarya_Ascomycota_Saccharomycotina_Saccharomycetes_Saccharomycetales_Saccharomyces_cerevisiae_baker_s_yeast, Node1652*)",1933,0.908057073652776,0.939546945073676,c2,branch_to_yeast
"(Eukaryota_Opisthokonta_Nucletmycea_Fungi_Dikarya_Ascomycota_Saccharomycotina_Saccharomycetes_Saccharomycetales_Saccharomyces_cerevisiae_baker_s_yeast, Node1652*)",1934,0.9585603439987752,0.9304262177623468,c1,branch_to_yeast
"(Eukaryota_Opisthokonta_Nucletmycea_Fungi_Dikarya_Ascomycota_Saccharomycotina_Saccharomycetes_Saccharomycetales_Saccharomyces_cerevisiae_baker_s_yeast, Node1652*)",1935,0.544099058880354,0.9304262177623468,c1,branch_to_yeast
"(Eukaryota_Opisthokonta_Nucletmycea_Fungi_Dikarya_Ascomycota_Saccharomycotina_Saccharomycetes_Saccharomycetales_Saccharomyces_cerevisiae_baker_s_yeast, Node1652*)",1936,0.5440990588803539,0.9304262177623468,c1,branch_to_yeast
"(Eukaryota_Opisthokonta_Nucletmycea_Fungi_Dikarya_Ascomycota_Saccharomycotina_Saccharomycetes_Saccharomycetales_Saccharomyces_cerevisiae_baker_s_yeast, Node1652*)",1937,1.6372983373746668,0.939546945073676,c2,branch_to_yeast
"(Eukaryota_Opisthokonta_Nucletmycea_Fungi_Dikarya_Ascomycota_Saccharomycotina_Saccharomycetes_Saccharomycetales_Saccharomyces_cerevisiae_baker_s_yeast, Node1652*)",1938,1.6372983373746668,0.939546945073676,c2,branch_to_yeast
"(Eukaryota_Opisthokonta_Nucletmycea_Fungi_Dikarya_Ascomycota_Saccharomycotina_Saccharomycetes_Saccharomycetales_Saccharomyces_cerevisiae_baker_s_yeast, Node1652*)",1939,0.9080570736672596,0.9304262177623468,c1,branch_to_yeast
"(Eukaryota_Opisthokonta_Nucletmycea_Fungi_Dikarya_Ascomycota_Saccharomycotina_Saccharomycetes_Saccharomycetales_Saccharomyces_cerevisiae_baker_s_yeast, Node1652*)",1940,0.9585603439987752,0.9304262177623468,c1,branch_to_yeast
"(Eukaryota_Opisthokonta_Nucletmycea_Fungi_Dikarya_Ascomycota_Saccharomycotina_Saccharomycetes_Saccharomycetales_Saccharomyces_cerevisiae_baker_s_yeast, Node1652*)",1941,1.6372983373746666,0.939546945073676,c2,branch_to_yeast
"(Eukaryota_Opisthokonta_Nucletmycea_Fungi_Dikarya_Ascomycota_Saccharomycotina_Saccharomycetes_Saccharomycetales_Saccharomyces_cerevisiae_baker_s_yeast, Node1652*)",1942,0.9585603439457028,0.939546945073676,c2,branch_to_yeast
"(Eukaryota_Opisthokonta_Nucletmycea_Fungi_Dikarya_Ascomycota_Saccharomycotina_Saccharomycetes_Saccharomycetales_Saccharomyces_cerevisiae_baker_s_yeast, Node1652*)",1943,0.9585603439457026,0.939546945073676,c2,branch_to_yeast
"(Eukaryota_Opisthokonta_Nucletmycea_Fungi_Dikarya_Ascomycota_Saccharomycotina_Saccharomycetes_Saccharomycetales_Saccharomyces_cerevisiae_baker_s_yeast, Node1652*)",1944,0.5440990588598468,0.939546945073676,c2,branch_to_yeast
"(Eukaryota_Opisthokonta_Nucletmycea_Fungi_Dikarya_Ascomycota_Saccharomycotina_Saccharomycetes_Saccharomycetales_Saccharomyces_cerevisiae_baker_s_yeast, Node1652*)",1945,0.5440990588598469,0.939546945073676,c2,branch_to_yeast
"(Eukaryota_Opisthokonta_Nucletmycea_Fungi_Dikarya_Ascomycota_Saccharomycotina_Saccharomycetes_Saccharomycetales_Saccharomyces_cerevisiae_baker_s_yeast, Node1652*)",1946,0.9585603439457026,0.939546945073676,c2,branch_to_yeast
"(Node1612*, Node77*)",0,0.5946770077505027,0.5443780381213789,c2,branch_to_eukaryota
"(Node1612*, Node77*)",1,0.9340513276707784,0.7870527269252308,c1,branch_to_eukaryota
"(Node1612*, Node77*)",2,0.7850559655710652,0.5443780381213789,c2,branch_to_eukaryota
"(Node1612*, Node77*)",3,0.957849650252638,0.7870527269252308,c1,branch_to_eukaryota
"(Node1612*, Node77*)",4,0.4987740854461245,0.7870527269252308,c1,branch_to_eukaryota
"(Node1612*, Node77*)",5,0.9078405509964396,0.7870527269252308,c1,branch_to_eukaryota
"(Node1612*, Node77*)",6,0.9742947173142554,0.7870527269252308,c1,branch_to_eukaryota
"(Node1612*, Node77*)",7,0.9578500760860708,0.7870527269252308,c1,branch_to_eukaryota
"(Node1612*, Node77*)",8,0.5438187438134019,0.7870527269252308,c1,branch_to_eukaryota
"(Node1612*, Node77*)",9,0.9078405509964372,0.7870527269252308,c1,branch_to_eukaryota
"(Node1612*, Node77*)",10,1.5932508540094124,0.5443780381213789,c2,branch_to_eukaryota
"(Node1612*, Node77*)",11,1.5941112624151783,0.5443780381213789,c2,branch_to_eukaryota
"(Node1612*, Node77*)",12,0.907849726532931,0.7870527269252308,c1,branch_to_eukaryota
"(Node1612*, Node77*)",13,0.9329230325681872,0.5443780381213789,c2,branch_to_eukaryota
"(Node1612*, Node77*)",14,0.8216833323633439,0.7870527269252308,c1,branch_to_eukaryota
"(Node1612*, Node77*)",15,1.6361923926515365,0.7870527269252308,c1,branch_to_eukaryota
"(Node1612*, Node77*)",16,0.3432183589129332,0.7870527269252308,c1,branch_to_eukaryota
"(Node1612*, Node77*)",17,0.5124630246879055,0.7870527269252308,c1,branch_to_eukaryota
"(Node1612*, Node77*)",18,0.0033524295160901,0.7870527269252308,c1,branch_to_eukaryota
"(Node1612*, Node77*)",19,0.9172879769762272,0.7870527269252308,c1,branch_to_eukaryota
"(Node1612*, Node77*)",20,0.3239897249675333,0.5443780381213789,c2,branch_to_eukaryota
"(Node1612*, Node77*)",21,-0.0096771935568488,0.5443780381213789,c2,branch_to_eukaryota
"(Node1612*, Node77*)",22,2.7837689223668518e-15,0.5443780381213789,c2,branch_to_eukaryota
"(Node1612*, Node77*)",23,-0.2894405074995244,0.5443780381213789,c2,branch_to_eukaryota
"(Node1612*, Node77*)",24,5.5253788485403344e-17,0.5443780381213789,c2,branch_to_eukaryota
"(Node1612*, Node77*)",25,-0.3786742226028347,0.7870527269252308,c1,branch_to_eukaryota
"(Node1612*, Node77*)",26,-0.644467402268368,0.7870527269252308,c1,branch_to_eukaryota
"(Node1612*, Node77*)",27,1.544171672117981,0.7870527269252308,c1,branch_to_eukaryota
"(Node1612*, Node77*)",28,0.9495950121196588,0.7870527269252308,c1,branch_to_eukaryota
"(Node1612*, Node77*)",29,1.636264200702917,0.7870527269252308,c1,branch_to_eukaryota
"(Node1612*, Node77*)",30,0.9078631789839976,0.7870527269252308,c1,branch_to_eukaryota
"(Node1612*, Node77*)",31,8.574309138266375e-17,0.5443780381213789,c2,branch_to_eukaryota
"(Node1612*, Node77*)",32,0.5936273714619604,0.7870527269252308,c1,branch_to_eukaryota
"(Node1612*, Node77*)",33,-0.5268023362505246,0.5443780381213789,c2,branch_to_eukaryota
"(Node1612*, Node77*)",34,-0.8773245219018626,0.5443780381213789,c2,branch_to_eukaryota
"(Node1612*, Node77*)",35,-1.1519823814563437,0.5443780381213789,c2,branch_to_eukaryota
"(Node1612*, Node77*)",36,-0.5229223034797836,0.5443780381213789,c2,branch_to_eukaryota
"(Node1612*, Node77*)",37,-1.1730120865121545,0.5443780381213789,c2,branch_to_eukaryota
"(Node1612*, Node77*)",38,-3.6784923033947716e-16,0.7870527269252308,c1,branch_to_eukaryota
"(Node1612*, Node77*)",39,-0.8482462793859834,0.5443780381213789,c2,branch_to_eukaryota
"(Node1612*, Node77*)",40,0.7108648635495187,0.7870527269252308,c1,branch_to_eukaryota
"(Node1612*, Node77*)",41,-0.6908168903367639,0.5443780381213789,c2,branch_to_eukaryota
"(Node1612*, Node77*)",42,0.5327034872070371,0.5443780381213789,c2,branch_to_eukaryota
"(Node1612*, Node77*)",43,1.0604473117750997,0.2556358669557363,c3,branch_to_eukaryota
"(Node1612*, Node77*)",44,0.4904072479214248,0.7870527269252308,c1,branch_to_eukaryota
"(Node1612*, Node77*)",45,0.5280091134293131,0.5443780381213789,c2,branch_to_eukaryota
"(Node1612*, Node77*)",46,0.5438477660033739,0.7870527269252308,c1,branch_to_eukaryota
"(Node1612*, Node77*)",47,0.8782660690292887,0.5443780381213789,c2,branch_to_eukaryota
"(Node1612*, Node77*)",48,1.5849116339965863,0.5443780381213789,c2,branch_to_eukaryota
"(Node1612*, Node77*)",49,1.636264200702916,0.7870527269252308,c1,branch_to_eukaryota
"(Node1612*, Node77*)",50,0.5438477660033739,0.7870527269252308,c1,branch_to_eukaryota
"(Node1612*, Node77*)",51,0.9078631789839976,0.7870527269252308,c1,branch_to_eukaryota
"(Node1612*, Node77*)",52,0.9579234762914464,0.7870527269252308,c1,branch_to_eukaryota
"(Node1612*, Node77*)",53,1.636264199787429,0.7870527269252308,c1,branch_to_eukaryota
"(Node1612*, Node77*)",54,0.5448133334062868,0.7870527269252308,c1,branch_to_eukaryota
"(Node1612*, Node77*)",55,-0.6955561520383948,0.7870527269252308,c1,branch_to_eukaryota
"(Node1612*, Node77*)",56,0.9579234762914464,0.7870527269252308,c1,branch_to_eukaryota
"(Node1612*, Node77*)",57,0.97489508416503,0.7870527269252308,c1,branch_to_eukaryota
"(Node1612*, Node77*)",58,1.5042569243310326,0.5443780381213789,c2,branch_to_eukaryota
"(Node1612*, Node77*)",59,-0.7922793042168413,0.5443780381213789,c2,branch_to_eukaryota
"(Node1612*, Node77*)",60,-0.0433388008587908,0.2556358669557363,c3,branch_to_eukaryota
"(Node1612*, Node77*)",61,0.5870124185693086,0.2556358669557363,c3,branch_to_eukaryota
"(Node1612*, Node77*)",62,-0.5659139468293097,0.5443780381213789,c2,branch_to_eukaryota
"(Node1612*, Node77*)",63,-0.8884160237248627,0.5443780381213789,c2,branch_to_eukaryota
"(Node1612*, Node77*)",64,0.0,0.0023134757706565,c4,branch_to_eukaryota
"(Node1612*, Node77*)",65,-0.0283340578538129,0.0023134757706565,c4,branch_to_eukaryota
"(Node1612*, Node77*)",66,0.0731405713174703,0.0023134757706565,c4,branch_to_eukaryota
"(Node1612*, Node77*)",67,0.2073460430780841,0.2556358669557363,c3,branch_to_eukaryota
"(Node1612*, Node77*)",68,-0.0083488039386386,0.0023134757706565,c4,branch_to_eukaryota
"(Node1612*, Node77*)",69,-0.044969949020899,0.0023134757706565,c4,branch_to_eukaryota
"(Node1612*, Node77*)",70,0.0486620519765767,0.0023134757706565,c4,branch_to_eukaryota
"(Node1612*, Node77*)",71,0.0015042915451231,0.0023134757706565,c4,branch_to_eukaryota
"(Node1612*, Node77*)",72,0.0,0.0023134757706565,c4,branch_to_eukaryota
"(Node1612*, Node77*)",73,0.0,0.0023134757706565,c4,branch_to_eukaryota
"(Node1612*, Node77*)",74,0.0,0.0023134757706565,c4,branch_to_eukaryota
"(Node1612*, Node77*)",75,0.0,0.0023134757706565,c4,branch_to_eukaryota
"(Node1612*, Node77*)",76,0.0,0.0023134757706565,c4,branch_to_eukaryota
"(Node1612*, Node77*)",77,0.0,0.0023134757706565,c4,branch_to_eukaryota
"(Node1612*, Node77*)",78,0.0,0.0023134757706565,c4,branch_to_eukaryota
"(Node1612*, Node77*)",79,0.0,0.0023134757706565,c4,branch_to_eukaryota
"(Node1612*, Node77*)",80,0.0,0.0023134757706565,c4,branch_to_eukaryota
"(Node1612*, Node77*)",81,0.0,0.0023134757706565,c4,branch_to_eukaryota
"(Node1612*, Node77*)",82,0.0,0.0023134757706565,c4,branch_to_eukaryota
"(Node1612*, Node77*)",83,0.0,0.0023134757706565,c4,branch_to_eukaryota
"(Node1612*, Node77*)",84,0.0,0.0023134757706565,c4,branch_to_eukaryota
"(Node1612*, Node77*)",85,-0.0046824013443306,0.0023134757706565,c4,branch_to_eukaryota
"(Node1612*, Node77*)",86,-0.0491995613233039,0.0023134757706565,c4,branch_to_eukaryota
"(Node1612*, Node77*)",87,0.0064026205061116,0.0023134757706565,c4,branch_to_eukaryota
"(Node1612*, Node77*)",88,0.7226746193778,0.2556358669557363,c3,branch_to_eukaryota
"(Node1612*, Node77*)",89,0.1381791120847866,0.0023134757706565,c4,branch_to_eukaryota
"(Node1612*, Node77*)",90,0.1129527575252009,0.2556358669557363,c3,branch_to_eukaryota
"(Node1612*, Node77*)",91,0.5112780427140685,0.2556358669557363,c3,branch_to_eukaryota
"(Node1612*, Node77*)",92,0.0,0.0023134757706565,c4,branch_to_eukaryota
"(Node1612*, Node77*)",93,0.0,0.0023134757706565,c4,branch_to_eukaryota
"(Node1612*, Node77*)",94,0.0,0.0023134757706565,c4,branch_to_eukaryota
"(Node1612*, Node77*)",95,0.0,0.0023134757706565,c4,branch_to_eukaryota
"(Node1612*, Node77*)",96,0.0,0.0023134757706565,c4,branch_to_eukaryota
"(Node1612*, Node77*)",97,0.0,0.0023134757706565,c4,branch_to_eukaryota
"(Node1612*, Node77*)",98,0.0,0.0023134757706565,c4,branch_to_eukaryota
"(Node1612*, Node77*)",99,0.0,0.0023134757706565,c4,branch_to_eukaryota
"(Node1612*, Node77*)",100,0.0,0.0023134757706565,c4,branch_to_eukaryota
"(Node1612*, Node77*)",101,0.0,0.0023134757706565,c4,branch_to_eukaryota
"(Node1612*, Node77*)",102,0.0,0.0023134757706565,c4,branch_to_eukaryota
"(Node1612*, Node77*)",103,0.0,0.0023134757706565,c4,branch_to_eukaryota
"(Node1612*, Node77*)",104,0.0,0.0023134757706565,c4,branch_to_eukaryota
"(Node1612*, Node77*)",105,0.0967466954639243,0.2556358669557363,c3,branch_to_eukaryota
"(Node1612*, Node77*)",106,0.0148856100725197,0.0023134757706565,c4,branch_to_eukaryota
"(Node1612*, Node77*)",107,0.0018769668511196,0.0023134757706565,c4,branch_to_eukaryota
"(Node1612*, Node77*)",108,-0.0640618110583901,0.0023134757706565,c4,branch_to_eukaryota
"(Node1612*, Node77*)",109,0.0206128422836316,0.0023134757706565,c4,branch_to_eukaryota
"(Node1612*, Node77*)",110,0.0262464648171042,0.0023134757706565,c4,branch_to_eukaryota
"(Node1612*, Node77*)",111,0.0027419380678687,0.0023134757706565,c4,branch_to_eukaryota
"(Node1612*, Node77*)",112,-0.0195917542034295,0.5443780381213789,c2,branch_to_eukaryota
"(Node1612*, Node77*)",113,0.7304859021877039,0.5443780381213789,c2,branch_to_eukaryota
"(Node1612*, Node77*)",114,1.2827088159730269,0.2556358669557363,c3,branch_to_eukaryota
"(Node1612*, Node77*)",115,-0.4683486213896274,0.5443780381213789,c2,branch_to_eukaryota
"(Node1612*, Node77*)",116,0.9579234749193792,0.7870527269252308,c1,branch_to_eukaryota
"(Node1612*, Node77*)",117,1.6362641485785712,0.7870527269252308,c1,branch_to_eukaryota
"(Node1612*, Node77*)",118,0.9343656368600962,0.5443780381213789,c2,branch_to_eukaryota
"(Node1612*, Node77*)",119,-0.3123167641960336,0.2556358669557363,c3,branch_to_eukaryota
"(Node1612*, Node77*)",120,0.5438477660033739,0.7870527269252308,c1,branch_to_eukaryota
"(Node1612*, Node77*)",121,1.2795218817556455,0.5443780381213789,c2,branch_to_eukaryota
"(Node1612*, Node77*)",122,0.9143122212000512,0.5443780381213789,c2,branch_to_eukaryota
"(Node1612*, Node77*)",123,0.9579234762914464,0.7870527269252308,c1,branch_to_eukaryota
"(Node1612*, Node77*)",124,1.6263924386312505,0.7870527269252308,c1,branch_to_eukaryota
"(Node1612*, Node77*)",125,0.9077093306288352,0.7870527269252308,c1,branch_to_eukaryota
"(Node1612*, Node77*)",126,1.0554682812664042,0.7870527269252308,c1,branch_to_eukaryota
"(Node1612*, Node77*)",127,0.5132495192844408,0.5443780381213789,c2,branch_to_eukaryota
"(Node1612*, Node77*)",128,-0.5038311543391706,0.7870527269252308,c1,branch_to_eukaryota
"(Node1612*, Node77*)",129,0.4904072492279735,0.7870527269252308,c1,branch_to_eukaryota
"(Node1612*, Node77*)",130,0.543847766003374,0.7870527269252308,c1,branch_to_eukaryota
"(Node1612*, Node77*)",131,-0.8320986418182342,0.5443780381213789,c2,branch_to_eukaryota
"(Node1612*, Node77*)",132,-0.8346057648167811,0.5443780381213789,c2,branch_to_eukaryota
"(Node1612*, Node77*)",133,-0.0368584633452971,0.2556358669557363,c3,branch_to_eukaryota
"(Node1612*, Node77*)",134,1.597243740673388,0.5443780381213789,c2,branch_to_eukaryota
"(Node1612*, Node77*)",135,0.7992433281090147,0.5443780381213789,c2,branch_to_eukaryota
"(Node1612*, Node77*)",136,-0.9235965664468784,0.7870527269252308,c1,branch_to_eukaryota
"(Node1612*, Node77*)",137,-0.7637863432572665,0.2556358669557363,c3,branch_to_eukaryota
"(Node1612*, Node77*)",138,-0.9391323525256504,0.5443780381213789,c2,branch_to_eukaryota
"(Node1612*, Node77*)",139,-0.1811765718682139,0.2556358669557363,c3,branch_to_eukaryota
"(Node1612*, Node77*)",140,0.633612550258848,0.5443780381213789,c2,branch_to_eukaryota
"(Node1612*, Node77*)",141,-0.5839577381500852,0.2556358669557363,c3,branch_to_eukaryota
"(Node1612*, Node77*)",142,8.172557554055897e-17,0.5443780381213789,c2,branch_to_eukaryota
"(Node1612*, Node77*)",143,0.209714847410315,0.7870527269252308,c1,branch_to_eukaryota
"(Node1612*, Node77*)",144,1.054503536307189,0.2556358669557363,c3,branch_to_eukaryota
"(Node1612*, Node77*)",145,1.2523943196891374,0.2556358669557363,c3,branch_to_eukaryota
"(Node1612*, Node77*)",146,0.9748881975758114,0.7870527269252308,c1,branch_to_eukaryota
"(Node1612*, Node77*)",147,0.0503464178370865,0.0023134757706565,c4,branch_to_eukaryota
"(Node1612*, Node77*)",148,1.266611959785168,0.5443780381213789,c2,branch_to_eukaryota
"(Node1612*, Node77*)",149,0.6579558333576468,0.7870527269252308,c1,branch_to_eukaryota
"(Node1612*, Node77*)",150,1.056565946120383,0.2556358669557363,c3,branch_to_eukaryota
"(Node1612*, Node77*)",151,-0.1419020147094692,0.0023134757706565,c4,branch_to_eukaryota
"(Node1612*, Node77*)",152,-0.0784222691241112,0.0023134757706565,c4,branch_to_eukaryota
"(Node1612*, Node77*)",153,-0.1426615351300237,0.0023134757706565,c4,branch_to_eukaryota
"(Node1612*, Node77*)",154,0.7478293910253322,0.2556358669557363,c3,branch_to_eukaryota
"(Node1612*, Node77*)",155,0.7452589552935688,0.2556358669557363,c3,branch_to_eukaryota
"(Node1612*, Node77*)",156,2.495242307832588e-15,0.5443780381213789,c2,branch_to_eukaryota
"(Node1612*, Node77*)",157,4.7244579536451785e-17,0.0023134757706565,c4,branch_to_eukaryota
"(Node1612*, Node77*)",158,4.5424223218537226e-17,0.2556358669557363,c3,branch_to_eukaryota
"(Node1612*, Node77*)",159,-2.085176018699345e-17,0.0023134757706565,c4,branch_to_eukaryota
"(Node1612*, Node77*)",160,-3.0820017123352624e-16,0.2556358669557363,c3,branch_to_eukaryota
"(Node1612*, Node77*)",161,2.379689933535605e-15,0.5443780381213789,c2,branch_to_eukaryota
"(Node1612*, Node77*)",162,-6.990169097587791e-16,0.5443780381213789,c2,branch_to_eukaryota
"(Node1612*, Node77*)",163,0.1114963958266123,0.2556358669557363,c3,branch_to_eukaryota
"(Node1612*, Node77*)",164,0.2586259693215541,0.2556358669557363,c3,branch_to_eukaryota
"(Node1612*, Node77*)",165,0.0121246919374359,0.0023134757706565,c4,branch_to_eukaryota
"(Node1612*, Node77*)",166,-0.8383575134558724,0.2556358669557363,c3,branch_to_eukaryota
"(Node1612*, Node77*)",167,0.9343698269291232,0.5443780381213789,c2,branch_to_eukaryota
"(Node1612*, Node77*)",168,0.7531737133886917,0.2556358669557363,c3,branch_to_eukaryota
"(Node1612*, Node77*)",169,0.5438477660033738,0.7870527269252308,c1,branch_to_eukaryota
"(Node1612*, Node77*)",170,0.9524925934092484,0.5443780381213789,c2,branch_to_eukaryota
"(Node1612*, Node77*)",171,0.543847766003374,0.7870527269252308,c1,branch_to_eukaryota
"(Node1612*, Node77*)",172,-0.0330320481181362,0.2556358669557363,c3,branch_to_eukaryota
"(Node1612*, Node77*)",173,1.597243739672486,0.5443780381213789,c2,branch_to_eukaryota
"(Node1612*, Node77*)",174,0.14398153229403,0.0023134757706565,c4,branch_to_eukaryota
"(Node1612*, Node77*)",175,-0.1118933520181792,0.0023134757706565,c4,branch_to_eukaryota
"(Node1612*, Node77*)",176,0.1726402877701775,0.0023134757706565,c4,branch_to_eukaryota
"(Node1612*, Node77*)",177,0.1113162409811582,0.0023134757706565,c4,branch_to_eukaryota
"(Node1612*, Node77*)",178,0.7512502199366435,0.2556358669557363,c3,branch_to_eukaryota
"(Node1612*, Node77*)",179,-1.1894705554256777,0.7870527269252308,c1,branch_to_eukaryota
"(Node1612*, Node77*)",180,0.5438477660033739,0.7870527269252308,c1,branch_to_eukaryota
"(Node1612*, Node77*)",181,0.5438477660033738,0.7870527269252308,c1,branch_to_eukaryota
"(Node1612*, Node77*)",182,-0.9432716959432942,0.7870527269252308,c1,branch_to_eukaryota
"(Node1612*, Node77*)",183,2.380126549928591e-15,0.5443780381213789,c2,branch_to_eukaryota
"(Node1612*, Node77*)",184,1.296311548485889,0.2556358669557363,c3,branch_to_eukaryota
"(Node1612*, Node77*)",185,0.1569228892492518,0.0023134757706565,c4,branch_to_eukaryota
"(Node1612*, Node77*)",186,0.1049616313653111,0.0023134757706565,c4,branch_to_eukaryota
"(Node1612*, Node77*)",187,0.0795490784786936,0.0023134757706565,c4,branch_to_eukaryota
"(Node1612*, Node77*)",188,0.0486976293916916,0.0023134757706565,c4,branch_to_eukaryota
"(Node1612*, Node77*)",189,0.753173716775272,0.2556358669557363,c3,branch_to_eukaryota
"(Node1612*, Node77*)",190,1.2613299845888508,0.2556358669557363,c3,branch_to_eukaryota
"(Node1612*, Node77*)",191,0.9748881697406409,0.7870527269252308,c1,branch_to_eukaryota
"(Node1612*, Node77*)",192,0.543847766003374,0.7870527269252308,c1,branch_to_eukaryota
"(Node1612*, Node77*)",193,0.5438477660033738,0.7870527269252308,c1,branch_to_eukaryota
"(Node1612*, Node77*)",194,0.4566448953015489,0.5443780381213789,c2,branch_to_eukaryota
"(Node1612*, Node77*)",195,-0.2465459239711308,0.2556358669557363,c3,branch_to_eukaryota
"(Node1612*, Node77*)",196,1.597243740538194,0.5443780381213789,c2,branch_to_eukaryota
"(Node1612*, Node77*)",197,-0.7944812871896063,0.2556358669557363,c3,branch_to_eukaryota
"(Node1612*, Node77*)",198,0.8922782234848936,0.2556358669557363,c3,branch_to_eukaryota
"(Node1612*, Node77*)",199,0.413596062658896,0.2556358669557363,c3,branch_to_eukaryota
"(Node1612*, Node77*)",200,-0.9212275014696136,0.5443780381213789,c2,branch_to_eukaryota
"(Node1612*, Node77*)",201,-0.9302639438328508,0.7870527269252308,c1,branch_to_eukaryota
"(Node1612*, Node77*)",202,-0.5729735810002605,0.2556358669557363,c3,branch_to_eukaryota
"(Node1612*, Node77*)",203,-0.0012907132635973,0.0023134757706565,c4,branch_to_eukaryota
"(Node1612*, Node77*)",204,2.277945555276548e-17,0.0023134757706565,c4,branch_to_eukaryota
"(Node1612*, Node77*)",205,0.009316003690457,0.0023134757706565,c4,branch_to_eukaryota
"(Node1612*, Node77*)",206,-0.090485701889754,0.0023134757706565,c4,branch_to_eukaryota
"(Node1612*, Node77*)",207,0.0003849208261532,0.0023134757706565,c4,branch_to_eukaryota
"(Node1612*, Node77*)",208,-0.0799366731195556,0.0023134757706565,c4,branch_to_eukaryota
"(Node1612*, Node77*)",209,0.122015168581829,0.0023134757706565,c4,branch_to_eukaryota
"(Node1612*, Node77*)",210,-0.0973649393631284,0.0023134757706565,c4,branch_to_eukaryota
"(Node1612*, Node77*)",211,-0.0014381487142474,0.0023134757706565,c4,branch_to_eukaryota
"(Node1612*, Node77*)",212,0.0363213025538203,0.0023134757706565,c4,branch_to_eukaryota
"(Node1612*, Node77*)",213,0.1976938980509695,0.2556358669557363,c3,branch_to_eukaryota
"(Node1612*, Node77*)",214,-0.0017979107754955,0.0023134757706565,c4,branch_to_eukaryota
"(Node1612*, Node77*)",215,-0.0013628996282208,0.0023134757706565,c4,branch_to_eukaryota
"(Node1612*, Node77*)",216,-0.4177961589573821,0.2556358669557363,c3,branch_to_eukaryota
"(Node1612*, Node77*)",217,-0.0503000805707496,0.0023134757706565,c4,branch_to_eukaryota
"(Node1612*, Node77*)",218,0.0093598911390084,0.0023134757706565,c4,branch_to_eukaryota
"(Node1612*, Node77*)",219,0.1768500049861926,0.0023134757706565,c4,branch_to_eukaryota
"(Node1612*, Node77*)",220,0.6612528248658962,0.2556358669557363,c3,branch_to_eukaryota
"(Node1612*, Node77*)",221,-0.7094796903858122,0.5443780381213789,c2,branch_to_eukaryota
"(Node1612*, Node77*)",222,-0.046570127270624,0.2556358669557363,c3,branch_to_eukaryota
"(Node1612*, Node77*)",223,-0.1043873443002285,0.0023134757706565,c4,branch_to_eukaryota
"(Node1612*, Node77*)",224,0.1319536804508426,0.2556358669557363,c3,branch_to_eukaryota
"(Node1612*, Node77*)",225,0.3115370034156818,0.2556358669557363,c3,branch_to_eukaryota
"(Node1612*, Node77*)",226,0.0950036925996274,0.0023134757706565,c4,branch_to_eukaryota
"(Node1612*, Node77*)",227,0.332042171293259,0.2556358669557363,c3,branch_to_eukaryota
"(Node1612*, Node77*)",228,0.1007443481860339,0.0023134757706565,c4,branch_to_eukaryota
"(Node1612*, Node77*)",229,-0.0141002543150053,0.0023134757706565,c4,branch_to_eukaryota
"(Node1612*, Node77*)",230,0.0007747428800555,0.0023134757706565,c4,branch_to_eukaryota
"(Node1612*, Node77*)",231,0.0140457887504459,0.0023134757706565,c4,branch_to_eukaryota
"(Node1612*, Node77*)",232,-0.084631093565673,0.2556358669557363,c3,branch_to_eukaryota
"(Node1612*, Node77*)",233,-0.0003633177187968,0.2556358669557363,c3,branch_to_eukaryota
"(Node1612*, Node77*)",234,-0.0336221940951457,0.0023134757706565,c4,branch_to_eukaryota
"(Node1612*, Node77*)",235,-0.0240248575587214,0.0023134757706565,c4,branch_to_eukaryota
"(Node1612*, Node77*)",236,-0.114763719587632,0.0023134757706565,c4,branch_to_eukaryota
"(Node1612*, Node77*)",237,0.0656539379625543,0.0023134757706565,c4,branch_to_eukaryota
"(Node1612*, Node77*)",238,-0.0809709765602414,0.0023134757706565,c4,branch_to_eukaryota
"(Node1612*, Node77*)",239,0.0130211424151343,0.0023134757706565,c4,branch_to_eukaryota
"(Node1612*, Node77*)",240,-1.481093622665255e-15,0.5443780381213789,c2,branch_to_eukaryota
"(Node1612*, Node77*)",241,-1.4797346939066824e-16,0.2556358669557363,c3,branch_to_eukaryota
"(Node1612*, Node77*)",242,8.81308549010334e-17,0.2556358669557363,c3,branch_to_eukaryota
"(Node1612*, Node77*)",243,8.300842279970548e-16,0.5443780381213789,c2,branch_to_eukaryota
"(Node1612*, Node77*)",244,2.195821288553566e-15,0.5443780381213789,c2,branch_to_eukaryota
"(Node1612*, Node77*)",245,2.195821288553566e-15,0.5443780381213789,c2,branch_to_eukaryota
"(Node1612*, Node77*)",246,-1.682637953650136e-15,0.5443780381213789,c2,branch_to_eukaryota
"(Node1612*, Node77*)",247,2.1835476070594983e-15,0.5443780381213789,c2,branch_to_eukaryota
"(Node1612*, Node77*)",248,2.1832932822167854e-15,0.5443780381213789,c2,branch_to_eukaryota
"(Node1612*, Node77*)",249,-1.6988486350245953e-15,0.5443780381213789,c2,branch_to_eukaryota
"(Node1612*, Node77*)",250,-2.2257368398718952e-15,0.5443780381213789,c2,branch_to_eukaryota
"(Node1612*, Node77*)",251,4.827111939923342e-17,0.2556358669557363,c3,branch_to_eukaryota
"(Node1612*, Node77*)",252,-1.6843155993908731e-16,0.2556358669557363,c3,branch_to_eukaryota
"(Node1612*, Node77*)",253,3.828533036453073e-17,0.0023134757706565,c4,branch_to_eukaryota
"(Node1612*, Node77*)",254,3.2943427833345376e-17,0.0023134757706565,c4,branch_to_eukaryota
"(Node1612*, Node77*)",255,1.176235655730857e-16,0.2556358669557363,c3,branch_to_eukaryota
"(Node1612*, Node77*)",256,8.489397949962074e-17,0.2556358669557363,c3,branch_to_eukaryota
"(Node1612*, Node77*)",257,1.2727026824780703e-16,0.2556358669557363,c3,branch_to_eukaryota
"(Node1612*, Node77*)",258,1.385940443460196e-16,0.2556358669557363,c3,branch_to_eukaryota
"(Node1612*, Node77*)",259,1.805492839402512e-15,0.5443780381213789,c2,branch_to_eukaryota
"(Node1612*, Node77*)",260,2.947079097446384e-15,0.5443780381213789,c2,branch_to_eukaryota
"(Node1612*, Node77*)",261,-1.788491911374073e-15,0.5443780381213789,c2,branch_to_eukaryota
"(Node1612*, Node77*)",262,5.976715219507647e-17,0.2556358669557363,c3,branch_to_eukaryota
"(Node1612*, Node77*)",263,-9.113235660133563e-17,0.0023134757706565,c4,branch_to_eukaryota
"(Node1612*, Node77*)",264,-9.941647413289216e-17,0.0023134757706565,c4,branch_to_eukaryota
"(Node1612*, Node77*)",265,-8.926863902751008e-17,0.0023134757706565,c4,branch_to_eukaryota
"(Node1612*, Node77*)",266,-2.9733797062446477e-17,0.0023134757706565,c4,branch_to_eukaryota
"(Node1612*, Node77*)",267,7.551487647732827e-17,0.0023134757706565,c4,branch_to_eukaryota
"(Node1612*, Node77*)",268,-7.103533593372209e-17,0.0023134757706565,c4,branch_to_eukaryota
"(Node1612*, Node77*)",269,-6.485019228009541e-17,0.0023134757706565,c4,branch_to_eukaryota
"(Node1612*, Node77*)",270,-7.494209274424746e-17,0.0023134757706565,c4,branch_to_eukaryota
"(Node1612*, Node77*)",271,7.289160416998069e-17,0.0023134757706565,c4,branch_to_eukaryota
"(Node1612*, Node77*)",272,-5.2937697220687235e-17,0.0023134757706565,c4,branch_to_eukaryota
"(Node1612*, Node77*)",273,1.6874886557257186e-17,0.0023134757706565,c4,branch_to_eukaryota
"(Node1612*, Node77*)",274,6.669180488217453e-17,0.0023134757706565,c4,branch_to_eukaryota
"(Node1612*, Node77*)",275,6.15588686876108e-17,0.0023134757706565,c4,branch_to_eukaryota
"(Node1612*, Node77*)",276,4.248838940545188e-17,0.2556358669557363,c3,branch_to_eukaryota
"(Node1612*, Node77*)",277,-4.3634126562334705e-17,0.0023134757706565,c4,branch_to_eukaryota
"(Node1612*, Node77*)",278,-8.902924500799274e-17,0.0023134757706565,c4,branch_to_eukaryota
"(Node1612*, Node77*)",279,-1.269013630350988e-17,0.0023134757706565,c4,branch_to_eukaryota
"(Node1612*, Node77*)",280,-1.79780450790779e-16,0.2556358669557363,c3,branch_to_eukaryota
"(Node1612*, Node77*)",281,-2.2548243385966e-15,0.5443780381213789,c2,branch_to_eukaryota
"(Node1612*, Node77*)",282,-1.0383404698103117e-17,0.2556358669557363,c3,branch_to_eukaryota
"(Node1612*, Node77*)",283,6.630490398071795e-16,0.7870527269252308,c1,branch_to_eukaryota
"(Node1612*, Node77*)",284,-6.812231243050029e-16,0.7870527269252308,c1,branch_to_eukaryota
"(Node1612*, Node77*)",285,-5.132438227342136e-16,0.7870527269252308,c1,branch_to_eukaryota
"(Node1612*, Node77*)",286,-3.883447645784706e-17,0.0023134757706565,c4,branch_to_eukaryota
"(Node1612*, Node77*)",287,6.630519308929772e-16,0.7870527269252308,c1,branch_to_eukaryota
"(Node1612*, Node77*)",288,2.947040113896776e-15,0.5443780381213789,c2,branch_to_eukaryota
"(Node1612*, Node77*)",289,-1.7000378010622392e-15,0.5443780381213789,c2,branch_to_eukaryota
"(Node1612*, Node77*)",290,-1.7389988225849575e-16,0.2556358669557363,c3,branch_to_eukaryota
"(Node1612*, Node77*)",291,1.3488455999946666e-16,0.2556358669557363,c3,branch_to_eukaryota
"(Node1612*, Node77*)",292,1.3405967252289221e-16,0.2556358669557363,c3,branch_to_eukaryota
"(Node1612*, Node77*)",293,2.1819110567070005e-15,0.5443780381213789,c2,branch_to_eukaryota
"(Node1612*, Node77*)",294,-1.695578916967648e-15,0.5443780381213789,c2,branch_to_eukaryota
"(Node1612*, Node77*)",295,-1.680270113264007e-15,0.5443780381213789,c2,branch_to_eukaryota
"(Node1612*, Node77*)",296,2.946765274515936e-15,0.5443780381213789,c2,branch_to_eukaryota
"(Node1612*, Node77*)",297,-1.791380927549515e-16,0.2556358669557363,c3,branch_to_eukaryota
"(Node1612*, Node77*)",298,-2.9197929810786845e-17,0.2556358669557363,c3,branch_to_eukaryota
"(Node1612*, Node77*)",299,-8.011979800028424e-17,0.0023134757706565,c4,branch_to_eukaryota
"(Node1612*, Node77*)",300,4.0928120807975837e-17,0.0023134757706565,c4,branch_to_eukaryota
"(Node1612*, Node77*)",301,-0.4568184526305083,0.2556358669557363,c3,branch_to_eukaryota
"(Node1612*, Node77*)",302,0.4237458026854491,0.7870527269252308,c1,branch_to_eukaryota
"(Node1612*, Node77*)",303,0.2927222193190146,0.7870527269252308,c1,branch_to_eukaryota
"(Node1612*, Node77*)",304,-0.904575596809622,0.7870527269252308,c1,branch_to_eukaryota
"(Node1612*, Node77*)",305,0.0,0.0023134757706565,c4,branch_to_eukaryota
"(Node1612*, Node77*)",306,0.5207144870034746,0.2556358669557363,c3,branch_to_eukaryota
"(Node1612*, Node77*)",307,-0.0970162650164119,0.0023134757706565,c4,branch_to_eukaryota
"(Node1612*, Node77*)",308,0.1276425256438285,0.0023134757706565,c4,branch_to_eukaryota
"(Node1612*, Node77*)",309,0.1236841778220398,0.2556358669557363,c3,branch_to_eukaryota
"(Node1612*, Node77*)",310,0.7379703061535686,0.2556358669557363,c3,branch_to_eukaryota
"(Node1612*, Node77*)",311,0.0809423343834566,0.5443780381213789,c2,branch_to_eukaryota
"(Node1612*, Node77*)",312,0.0996076063283372,0.2556358669557363,c3,branch_to_eukaryota
"(Node1612*, Node77*)",313,0.3104965243588381,0.2556358669557363,c3,branch_to_eukaryota
"(Node1612*, Node77*)",314,0.2442237419830204,0.2556358669557363,c3,branch_to_eukaryota
"(Node1612*, Node77*)",315,0.0739081868670533,0.0023134757706565,c4,branch_to_eukaryota
"(Node1612*, Node77*)",316,-1.382158963187915e-16,0.5443780381213789,c2,branch_to_eukaryota
"(Node1612*, Node77*)",317,0.2275095975001975,0.2556358669557363,c3,branch_to_eukaryota
"(Node1612*, Node77*)",318,-0.1259940471734492,0.0023134757706565,c4,branch_to_eukaryota
"(Node1612*, Node77*)",319,-0.0331172660992609,0.0023134757706565,c4,branch_to_eukaryota
"(Node1612*, Node77*)",320,-0.1750722425460053,0.2556358669557363,c3,branch_to_eukaryota
"(Node1612*, Node77*)",321,0.0618838432318621,0.2556358669557363,c3,branch_to_eukaryota
"(Node1612*, Node77*)",322,0.0079358627234057,0.0023134757706565,c4,branch_to_eukaryota
"(Node1612*, Node77*)",323,0.0503670331528521,0.0023134757706565,c4,branch_to_eukaryota
"(Node1612*, Node77*)",324,0.0131621249121735,0.0023134757706565,c4,branch_to_eukaryota
"(Node1612*, Node77*)",325,-0.0095192687539821,0.0023134757706565,c4,branch_to_eukaryota
"(Node1612*, Node77*)",326,-0.1241878724757569,0.0023134757706565,c4,branch_to_eukaryota
"(Node1612*, Node77*)",327,0.618336089345707,0.2556358669557363,c3,branch_to_eukaryota
"(Node1612*, Node77*)",328,0.1350747810460403,0.0023134757706565,c4,branch_to_eukaryota
"(Node1612*, Node77*)",329,-0.412346913572003,0.2556358669557363,c3,branch_to_eukaryota
"(Node1612*, Node77*)",330,0.3526830009226286,0.2556358669557363,c3,branch_to_eukaryota
"(Node1612*, Node77*)",331,0.1990787139982804,0.2556358669557363,c3,branch_to_eukaryota
"(Node1612*, Node77*)",332,0.0383528944505858,0.0023134757706565,c4,branch_to_eukaryota
"(Node1612*, Node77*)",333,-0.1069067920732075,0.0023134757706565,c4,branch_to_eukaryota
"(Node1612*, Node77*)",334,1.0249007935035088,0.2556358669557363,c3,branch_to_eukaryota
"(Node1612*, Node77*)",335,0.456450216864762,0.5443780381213789,c2,branch_to_eukaryota
"(Node1612*, Node77*)",336,-0.9241585850001351,0.2556358669557363,c3,branch_to_eukaryota
"(Node1612*, Node77*)",337,0.0092543648780798,0.2556358669557363,c3,branch_to_eukaryota
"(Node1612*, Node77*)",338,0.0128922679742505,0.0023134757706565,c4,branch_to_eukaryota
"(Node1612*, Node77*)",339,-0.0238168977420186,0.0023134757706565,c4,branch_to_eukaryota
"(Node1612*, Node77*)",340,-0.1437073950440116,0.0023134757706565,c4,branch_to_eukaryota
"(Node1612*, Node77*)",341,0.1099348861590568,0.0023134757706565,c4,branch_to_eukaryota
"(Node1612*, Node77*)",342,-0.9886659041392796,0.7870527269252308,c1,branch_to_eukaryota
"(Node1612*, Node77*)",343,-0.7556752565283417,0.7870527269252308,c1,branch_to_eukaryota
"(Node1612*, Node77*)",344,0.9542199743407548,0.2556358669557363,c3,branch_to_eukaryota
"(Node1612*, Node77*)",345,0.6270273307829228,0.2556358669557363,c3,branch_to_eukaryota
"(Node1612*, Node77*)",346,0.5869163363930523,0.2556358669557363,c3,branch_to_eukaryota
"(Node1612*, Node77*)",347,0.4537643002311204,0.2556358669557363,c3,branch_to_eukaryota
"(Node1612*, Node77*)",348,0.2628665840926124,0.2556358669557363,c3,branch_to_eukaryota
"(Node1612*, Node77*)",349,1.1139076313399214,0.5443780381213789,c2,branch_to_eukaryota
"(Node1612*, Node77*)",350,1.022724268230638,0.5443780381213789,c2,branch_to_eukaryota
"(Node1612*, Node77*)",351,-1.153880792292735,0.5443780381213789,c2,branch_to_eukaryota
"(Node1612*, Node77*)",352,1.2598700352549317,0.5443780381213789,c2,branch_to_eukaryota
"(Node1612*, Node77*)",353,0.9343698269628954,0.5443780381213789,c2,branch_to_eukaryota
"(Node1612*, Node77*)",354,-0.158922119340734,0.2556358669557363,c3,branch_to_eukaryota
"(Node1612*, Node77*)",355,0.7375610249039908,0.2556358669557363,c3,branch_to_eukaryota
"(Node1612*, Node77*)",356,0.7375610231842394,0.2556358669557363,c3,branch_to_eukaryota
"(Node1612*, Node77*)",357,0.6240312801118473,0.5443780381213789,c2,branch_to_eukaryota
"(Node1612*, Node77*)",358,0.5438477660033738,0.7870527269252308,c1,branch_to_eukaryota
"(Node1612*, Node77*)",359,0.9078631789839976,0.7870527269252308,c1,branch_to_eukaryota
"(Node1612*, Node77*)",360,1.5946028409210589,0.5443780381213789,c2,branch_to_eukaryota
"(Node1612*, Node77*)",361,0.543847766003374,0.7870527269252308,c1,branch_to_eukaryota
"(Node1612*, Node77*)",362,0.4253760641013238,0.7870527269252308,c1,branch_to_eukaryota
"(Node1612*, Node77*)",363,-0.99187653754685,0.2556358669557363,c3,branch_to_eukaryota
"(Node1612*, Node77*)",364,0.9748882458004658,0.7870527269252308,c1,branch_to_eukaryota
"(Node1612*, Node77*)",365,-0.2752646318564858,0.2556358669557363,c3,branch_to_eukaryota
"(Node1612*, Node77*)",366,-4.4118033948063764e-16,0.5443780381213789,c2,branch_to_eukaryota
"(Node1612*, Node77*)",367,-2.382410745708746e-16,0.2556358669557363,c3,branch_to_eukaryota
"(Node1612*, Node77*)",368,0.9579234762914464,0.7870527269252308,c1,branch_to_eukaryota
"(Node1612*, Node77*)",369,0.7742777268615381,0.5443780381213789,c2,branch_to_eukaryota
"(Node1612*, Node77*)",370,0.8359050610342175,0.5443780381213789,c2,branch_to_eukaryota
"(Node1612*, Node77*)",371,0.9466683226551134,0.7870527269252308,c1,branch_to_eukaryota
"(Node1612*, Node77*)",372,0.9463580415158794,0.7870527269252308,c1,branch_to_eukaryota
"(Node1612*, Node77*)",373,0.9502903988374464,0.5443780381213789,c2,branch_to_eukaryota
"(Node1612*, Node77*)",374,0.5876358368356814,0.2556358669557363,c3,branch_to_eukaryota
"(Node1612*, Node77*)",375,0.0855854133555311,0.0023134757706565,c4,branch_to_eukaryota
"(Node1612*, Node77*)",376,0.9341283899171088,0.5443780381213789,c2,branch_to_eukaryota
"(Node1612*, Node77*)",377,0.934368275833077,0.5443780381213789,c2,branch_to_eukaryota
"(Node1612*, Node77*)",378,0.9078631789839976,0.7870527269252308,c1,branch_to_eukaryota
"(Node1612*, Node77*)",379,-0.8467592229303552,0.7870527269252308,c1,branch_to_eukaryota
"(Node1612*, Node77*)",380,0.4889445627094918,0.5443780381213789,c2,branch_to_eukaryota
"(Node1612*, Node77*)",381,0.1739049161480602,0.0023134757706565,c4,branch_to_eukaryota
"(Node1612*, Node77*)",382,0.6171130382992779,0.2556358669557363,c3,branch_to_eukaryota
"(Node1612*, Node77*)",383,0.9547412817392332,0.7870527269252308,c1,branch_to_eukaryota
"(Node1612*, Node77*)",384,1.5970141315829398,0.5443780381213789,c2,branch_to_eukaryota
"(Node1612*, Node77*)",385,0.7375306385454253,0.2556358669557363,c3,branch_to_eukaryota
"(Node1612*, Node77*)",386,1.0567629371999423,0.2556358669557363,c3,branch_to_eukaryota
"(Node1612*, Node77*)",387,0.5796811141360245,0.7870527269252308,c1,branch_to_eukaryota
"(Node1612*, Node77*)",388,1.6249025217466908,0.7870527269252308,c1,branch_to_eukaryota
"(Node1612*, Node77*)",389,1.6249018970995264,0.7870527269252308,c1,branch_to_eukaryota
"(Node1612*, Node77*)",390,0.4424338182282885,0.5443780381213789,c2,branch_to_eukaryota
"(Node1612*, Node77*)",391,0.4353071667724498,0.5443780381213789,c2,branch_to_eukaryota
"(Node1612*, Node77*)",392,0.9577963298324692,0.7870527269252308,c1,branch_to_eukaryota
"(Node1612*, Node77*)",393,-0.9847792135212176,0.2556358669557363,c3,branch_to_eukaryota
"(Node1612*, Node77*)",394,0.9642724482587004,0.7870527269252308,c1,branch_to_eukaryota
"(Node1612*, Node77*)",395,-0.0208901086673798,0.0023134757706565,c4,branch_to_eukaryota
"(Node1612*, Node77*)",396,-0.2264503973737039,0.2556358669557363,c3,branch_to_eukaryota
"(Node1612*, Node77*)",397,0.7180309761838902,0.2556358669557363,c3,branch_to_eukaryota
"(Node1612*, Node77*)",398,0.7933418281408255,0.5443780381213789,c2,branch_to_eukaryota
"(Node1612*, Node77*)",399,0.5438477660033739,0.7870527269252308,c1,branch_to_eukaryota
"(Node1612*, Node77*)",400,1.594602840921063,0.5443780381213789,c2,branch_to_eukaryota
"(Node1612*, Node77*)",401,0.767742751575926,0.5443780381213789,c2,branch_to_eukaryota
"(Node1612*, Node77*)",402,0.3528496000959206,0.2556358669557363,c3,branch_to_eukaryota
"(Node1612*, Node77*)",403,0.3528496007147323,0.2556358669557363,c3,branch_to_eukaryota
"(Node1612*, Node77*)",404,0.9078631800973544,0.7870527269252308,c1,branch_to_eukaryota
"(Node1612*, Node77*)",405,2.0509078780924122e-16,0.2556358669557363,c3,branch_to_eukaryota
"(Node1612*, Node77*)",406,0.5796804982076993,0.7870527269252308,c1,branch_to_eukaryota
"(Node1612*, Node77*)",407,1.0257779191171807,0.5443780381213789,c2,branch_to_eukaryota
"(Node1612*, Node77*)",408,0.5016351297318047,0.5443780381213789,c2,branch_to_eukaryota
"(Node1612*, Node77*)",409,0.5016377347746227,0.5443780381213789,c2,branch_to_eukaryota
"(Node1612*, Node77*)",410,0.8968209575492312,0.7870527269252308,c1,branch_to_eukaryota
"(Node1612*, Node77*)",411,-0.4976967250625217,0.2556358669557363,c3,branch_to_eukaryota
"(Node1612*, Node77*)",412,-0.7349891330506247,0.2556358669557363,c3,branch_to_eukaryota
"(Node1612*, Node77*)",413,-0.3365285353317941,0.5443780381213789,c2,branch_to_eukaryota
"(Node1612*, Node77*)",414,0.9078631789839976,0.7870527269252308,c1,branch_to_eukaryota
"(Node1612*, Node77*)",415,-0.9744458152670644,0.5443780381213789,c2,branch_to_eukaryota
"(Node1612*, Node77*)",416,0.5439061715651463,0.7870527269252308,c1,branch_to_eukaryota
"(Node1612*, Node77*)",417,0.9466702365605556,0.7870527269252308,c1,branch_to_eukaryota
"(Node1612*, Node77*)",418,0.2964041521713176,0.7870527269252308,c1,branch_to_eukaryota
"(Node1612*, Node77*)",419,0.9579234762914464,0.7870527269252308,c1,branch_to_eukaryota
"(Node1612*, Node77*)",420,0.1621455820764391,0.5443780381213789,c2,branch_to_eukaryota
"(Node1612*, Node77*)",421,-0.75961089973972,0.2556358669557363,c3,branch_to_eukaryota
"(Node1612*, Node77*)",422,-0.5087688932561426,0.2556358669557363,c3,branch_to_eukaryota
"(Node1612*, Node77*)",423,0.934369085568929,0.5443780381213789,c2,branch_to_eukaryota
"(Node1612*, Node77*)",424,0.4478119248322217,0.2556358669557363,c3,branch_to_eukaryota
"(Node1612*, Node77*)",425,-0.4772097496764941,0.2556358669557363,c3,branch_to_eukaryota
"(Node1612*, Node77*)",426,1.219002731110927,0.7870527269252308,c1,branch_to_eukaryota
"(Node1612*, Node77*)",427,1.0258465599207298,0.5443780381213789,c2,branch_to_eukaryota
"(Node1612*, Node77*)",428,1.0258237551685294,0.5443780381213789,c2,branch_to_eukaryota
"(Node1612*, Node77*)",429,0.5014864570252412,0.5443780381213789,c2,branch_to_eukaryota
"(Node1612*, Node77*)",430,0.5141543753625547,0.7870527269252308,c1,branch_to_eukaryota
"(Node1612*, Node77*)",431,0.5430877293146015,0.7870527269252308,c1,branch_to_eukaryota
"(Node1612*, Node77*)",432,0.945599613665192,0.7870527269252308,c1,branch_to_eukaryota
"(Node1612*, Node77*)",433,0.543847766003096,0.7870527269252308,c1,branch_to_eukaryota
"(Node1612*, Node77*)",434,-0.7029697655346828,0.2556358669557363,c3,branch_to_eukaryota
"(Node1612*, Node77*)",435,0.4078826906237619,0.5443780381213789,c2,branch_to_eukaryota
"(Node1612*, Node77*)",436,0.9579234762934276,0.7870527269252308,c1,branch_to_eukaryota
"(Node1612*, Node77*)",437,0.5966848942623935,0.5443780381213789,c2,branch_to_eukaryota
"(Node1612*, Node77*)",438,-0.9412089483146192,0.2556358669557363,c3,branch_to_eukaryota
"(Node1612*, Node77*)",439,-0.9432738234025364,0.7870527269252308,c1,branch_to_eukaryota
"(Node1612*, Node77*)",440,1.6362642007121904,0.7870527269252308,c1,branch_to_eukaryota
"(Node1612*, Node77*)",441,0.9078631789792782,0.7870527269252308,c1,branch_to_eukaryota
"(Node1612*, Node77*)",442,0.9579234762934278,0.7870527269252308,c1,branch_to_eukaryota
"(Node1612*, Node77*)",443,0.2097148473586992,0.7870527269252308,c1,branch_to_eukaryota
"(Node1612*, Node77*)",444,0.9579234762934278,0.7870527269252308,c1,branch_to_eukaryota
"(Node1612*, Node77*)",445,0.543847766003096,0.7870527269252308,c1,branch_to_eukaryota
"(Node1612*, Node77*)",446,-1.1738132398976395,0.5443780381213789,c2,branch_to_eukaryota
"(Node1612*, Node77*)",447,0.543847766003096,0.7870527269252308,c1,branch_to_eukaryota
"(Node1612*, Node77*)",448,-0.4217874813025877,0.7870527269252308,c1,branch_to_eukaryota
"(Node1612*, Node77*)",449,0.9547278744888772,0.7870527269252308,c1,branch_to_eukaryota
"(Node1612*, Node77*)",450,0.9579234762925114,0.7870527269252308,c1,branch_to_eukaryota
"(Node1612*, Node77*)",451,-0.8657189960762687,0.2556358669557363,c3,branch_to_eukaryota
"(Node1612*, Node77*)",452,1.1470097835048323,0.5443780381213789,c2,branch_to_eukaryota
"(Node1612*, Node77*)",453,-0.3637850249846399,0.7870527269252308,c1,branch_to_eukaryota
"(Node1612*, Node77*)",454,0.9073536275484168,0.5443780381213789,c2,branch_to_eukaryota
"(Node1612*, Node77*)",455,-0.8909198728061495,0.5443780381213789,c2,branch_to_eukaryota
"(Node1612*, Node77*)",456,0.6842782205078443,0.7870527269252308,c1,branch_to_eukaryota
"(Node1612*, Node77*)",457,-0.6693125774490211,0.7870527269252308,c1,branch_to_eukaryota
"(Node1612*, Node77*)",458,-0.6969686127259292,0.7870527269252308,c1,branch_to_eukaryota
"(Node1612*, Node77*)",459,1.219002727390067,0.7870527269252308,c1,branch_to_eukaryota
"(Node1612*, Node77*)",460,1.6362642002246404,0.7870527269252308,c1,branch_to_eukaryota
"(Node1612*, Node77*)",461,1.160052921732476,0.7870527269252308,c1,branch_to_eukaryota
"(Node1612*, Node77*)",462,0.543847766003096,0.7870527269252308,c1,branch_to_eukaryota
"(Node1612*, Node77*)",463,-0.9315961578968665,0.7870527269252308,c1,branch_to_eukaryota
"(Node1612*, Node77*)",464,0.957923476293428,0.7870527269252308,c1,branch_to_eukaryota
"(Node1612*, Node77*)",465,0.9579234761733628,0.7870527269252308,c1,branch_to_eukaryota
"(Node1612*, Node77*)",466,0.7240889370913732,0.7870527269252308,c1,branch_to_eukaryota
"(Node1612*, Node77*)",467,-0.2739924839859959,0.5443780381213789,c2,branch_to_eukaryota
"(Node1612*, Node77*)",468,-0.8048913627174252,0.7870527269252308,c1,branch_to_eukaryota
"(Node1612*, Node77*)",469,0.9579234762934276,0.7870527269252308,c1,branch_to_eukaryota
"(Node1612*, Node77*)",470,1.63626420071219,0.7870527269252308,c1,branch_to_eukaryota
"(Node1612*, Node77*)",471,0.5438477660030959,0.7870527269252308,c1,branch_to_eukaryota
"(Node1612*, Node77*)",472,0.957923474921226,0.7870527269252308,c1,branch_to_eukaryota
"(Node1612*, Node77*)",473,1.636264200712191,0.7870527269252308,c1,branch_to_eukaryota
"(Node1612*, Node77*)",474,0.5438477660030959,0.7870527269252308,c1,branch_to_eukaryota
"(Node1612*, Node77*)",475,0.957923476293428,0.7870527269252308,c1,branch_to_eukaryota
"(Node1612*, Node77*)",476,0.9570338769075616,0.7870527269252308,c1,branch_to_eukaryota
"(Node1612*, Node77*)",477,1.5495095044380154,0.5443780381213789,c2,branch_to_eukaryota
"(Node1612*, Node77*)",478,0.9273706508229242,0.5443780381213789,c2,branch_to_eukaryota
"(Node1612*, Node77*)",479,-1.1234835465204716,0.7870527269252308,c1,branch_to_eukaryota
"(Node1612*, Node77*)",480,0.957923476293428,0.7870527269252308,c1,branch_to_eukaryota
"(Node1612*, Node77*)",481,0.0184474179832079,0.7870527269252308,c1,branch_to_eukaryota
"(Node1612*, Node77*)",482,0.5438477660030959,0.7870527269252308,c1,branch_to_eukaryota
"(Node1612*, Node77*)",483,0.530781727394511,0.7870527269252308,c1,branch_to_eukaryota
"(Node1612*, Node77*)",484,0.67131280806324,0.2556358669557363,c3,branch_to_eukaryota
"(Node1612*, Node77*)",485,0.9310973317883106,0.7870527269252308,c1,branch_to_eukaryota
"(Node1612*, Node77*)",486,0.9078631789792782,0.7870527269252308,c1,branch_to_eukaryota
"(Node1612*, Node77*)",487,-0.5165727239321038,0.5443780381213789,c2,branch_to_eukaryota
"(Node1612*, Node77*)",488,1.0258426096154478,0.5443780381213789,c2,branch_to_eukaryota
"(Node1612*, Node77*)",489,-0.8846193032881302,0.2556358669557363,c3,branch_to_eukaryota
"(Node1612*, Node77*)",490,1.6362642007121906,0.7870527269252308,c1,branch_to_eukaryota
"(Node1612*, Node77*)",491,0.5438477648221541,0.7870527269252308,c1,branch_to_eukaryota
"(Node1612*, Node77*)",492,0.5370763742448627,0.7870527269252308,c1,branch_to_eukaryota
"(Node1612*, Node77*)",493,0.9078631789792782,0.7870527269252308,c1,branch_to_eukaryota
"(Node1612*, Node77*)",494,-0.7536506120282396,0.7870527269252308,c1,branch_to_eukaryota
"(Node1612*, Node77*)",495,0.969844783219414,0.5443780381213789,c2,branch_to_eukaryota
"(Node1612*, Node77*)",496,-0.1299820191723527,0.2556358669557363,c3,branch_to_eukaryota
"(Node1612*, Node77*)",497,-0.4086795854337155,0.2556358669557363,c3,branch_to_eukaryota
"(Node1612*, Node77*)",498,0.7693904261688147,0.7870527269252308,c1,branch_to_eukaryota
"(Node1612*, Node77*)",499,-0.0600246451194388,0.0023134757706565,c4,branch_to_eukaryota
"(Node1612*, Node77*)",500,-0.4633604060961711,0.5443780381213789,c2,branch_to_eukaryota
"(Node1612*, Node77*)",501,0.4939786537696282,0.7870527269252308,c1,branch_to_eukaryota
"(Node1612*, Node77*)",502,-0.4886179968099615,0.2556358669557363,c3,branch_to_eukaryota
"(Node1612*, Node77*)",503,0.0688002195387188,0.2556358669557363,c3,branch_to_eukaryota
"(Node1612*, Node77*)",504,0.4611647245926056,0.5443780381213789,c2,branch_to_eukaryota
"(Node1612*, Node77*)",505,-0.4491213414044769,0.7870527269252308,c1,branch_to_eukaryota
"(Node1612*, Node77*)",506,0.9579234762934278,0.7870527269252308,c1,branch_to_eukaryota
"(Node1612*, Node77*)",507,0.5438477660030959,0.7870527269252308,c1,branch_to_eukaryota
"(Node1612*, Node77*)",508,-0.91211642340157,0.2556358669557363,c3,branch_to_eukaryota
"(Node1612*, Node77*)",509,0.501629915868625,0.5443780381213789,c2,branch_to_eukaryota
"(Node1612*, Node77*)",510,-0.4763077667406339,0.5443780381213789,c2,branch_to_eukaryota
"(Node1612*, Node77*)",511,0.5553947807590607,0.7870527269252308,c1,branch_to_eukaryota
"(Node1612*, Node77*)",512,0.957923476293428,0.7870527269252308,c1,branch_to_eukaryota
"(Node1612*, Node77*)",513,1.040572402516628,0.7870527269252308,c1,branch_to_eukaryota
"(Node1612*, Node77*)",514,0.6679639122448946,0.2556358669557363,c3,branch_to_eukaryota
"(Node1612*, Node77*)",515,0.5438477660030959,0.7870527269252308,c1,branch_to_eukaryota
"(Node1612*, Node77*)",516,3.4704753822966703e-15,0.5443780381213789,c2,branch_to_eukaryota
"(Node1612*, Node77*)",517,-1.148553008362567,0.5443780381213789,c2,branch_to_eukaryota
"(Node1612*, Node77*)",518,-0.6151289422724727,0.5443780381213789,c2,branch_to_eukaryota
"(Node1612*, Node77*)",519,-1.0441216508359406,0.5443780381213789,c2,branch_to_eukaryota
"(Node1612*, Node77*)",520,-0.8747241907951004,0.7870527269252308,c1,branch_to_eukaryota
"(Node1612*, Node77*)",521,0.7004400718883456,0.5443780381213789,c2,branch_to_eukaryota
"(Node1612*, Node77*)",522,0.3393794480892201,0.7870527269252308,c1,branch_to_eukaryota
"(Node1612*, Node77*)",523,3.8041008932852365e-16,0.7870527269252308,c1,branch_to_eukaryota
"(Node1612*, Node77*)",524,0.8887391326807356,0.7870527269252308,c1,branch_to_eukaryota
"(Node1612*, Node77*)",525,-5.132438227095295e-16,0.7870527269252308,c1,branch_to_eukaryota
"(Node1612*, Node77*)",526,-1.1029616464292584,0.7870527269252308,c1,branch_to_eukaryota
"(Node1612*, Node77*)",527,0.4712072798495892,0.2556358669557363,c3,branch_to_eukaryota
"(Node1612*, Node77*)",528,0.457312907242109,0.2556358669557363,c3,branch_to_eukaryota
"(Node1612*, Node77*)",529,0.4869614611240605,0.2556358669557363,c3,branch_to_eukaryota
"(Node1612*, Node77*)",530,0.4962773432728516,0.5443780381213789,c2,branch_to_eukaryota
"(Node1612*, Node77*)",531,0.411247049782141,0.7870527269252308,c1,branch_to_eukaryota
"(Node1612*, Node77*)",532,-0.147343132783361,0.2556358669557363,c3,branch_to_eukaryota
"(Node1612*, Node77*)",533,-0.6724368773210784,0.7870527269252308,c1,branch_to_eukaryota
"(Node1612*, Node77*)",534,9.34991590276432e-18,0.0023134757706565,c4,branch_to_eukaryota
"(Node1612*, Node77*)",535,-0.0262913766032792,0.7870527269252308,c1,branch_to_eukaryota
"(Node1612*, Node77*)",536,-0.4986640643620785,0.2556358669557363,c3,branch_to_eukaryota
"(Node1612*, Node77*)",537,0.0033183860048851,0.5443780381213789,c2,branch_to_eukaryota
"(Node1612*, Node77*)",538,-0.555414768970071,0.5443780381213789,c2,branch_to_eukaryota
"(Node1612*, Node77*)",539,9.992237267983388e-05,0.2556358669557363,c3,branch_to_eukaryota
"(Node1612*, Node77*)",540,0.784536534019361,0.2556358669557363,c3,branch_to_eukaryota
"(Node1612*, Node77*)",541,-1.0465861305389211e-16,0.5443780381213789,c2,branch_to_eukaryota
"(Node1612*, Node77*)",542,0.8708723565727988,0.2556358669557363,c3,branch_to_eukaryota
"(Node1612*, Node77*)",543,0.3142909113298644,0.5443780381213789,c2,branch_to_eukaryota
"(Node1612*, Node77*)",544,-0.1535594794897031,0.2556358669557363,c3,branch_to_eukaryota
"(Node1612*, Node77*)",545,-0.1887469333635159,0.5443780381213789,c2,branch_to_eukaryota
"(Node1612*, Node77*)",546,0.7679793135214755,0.5443780381213789,c2,branch_to_eukaryota
"(Node1612*, Node77*)",547,-0.1852071721623866,0.2556358669557363,c3,branch_to_eukaryota
"(Node1612*, Node77*)",548,0.626886884168366,0.5443780381213789,c2,branch_to_eukaryota
"(Node1612*, Node77*)",549,-0.0721750619231238,0.2556358669557363,c3,branch_to_eukaryota
"(Node1612*, Node77*)",550,-0.83497194277072,0.5443780381213789,c2,branch_to_eukaryota
"(Node1612*, Node77*)",551,0.1617582553155045,0.7870527269252308,c1,branch_to_eukaryota
"(Node1612*, Node77*)",552,-5.0490630538787776e-18,0.0023134757706565,c4,branch_to_eukaryota
"(Node1612*, Node77*)",553,-0.6284512632685122,0.7870527269252308,c1,branch_to_eukaryota
"(Node1612*, Node77*)",554,-8.498231083009446e-17,0.2556358669557363,c3,branch_to_eukaryota
"(Node1612*, Node77*)",555,0.5063556461657455,0.5443780381213789,c2,branch_to_eukaryota
"(Node1612*, Node77*)",556,0.3868006055529697,0.7870527269252308,c1,branch_to_eukaryota
"(Node1612*, Node77*)",557,0.92205799157198,0.2556358669557363,c3,branch_to_eukaryota
"(Node1612*, Node77*)",558,0.1607115840105466,0.2556358669557363,c3,branch_to_eukaryota
"(Node1612*, Node77*)",559,0.3686530281528561,0.2556358669557363,c3,branch_to_eukaryota
"(Node1612*, Node77*)",560,-1.2476997903808462,0.7870527269252308,c1,branch_to_eukaryota
"(Node1612*, Node77*)",561,0.4718187890055787,0.7870527269252308,c1,branch_to_eukaryota
"(Node1612*, Node77*)",562,-0.378214191342424,0.7870527269252308,c1,branch_to_eukaryota
"(Node1612*, Node77*)",563,-0.0098024169662033,0.5443780381213789,c2,branch_to_eukaryota
"(Node1612*, Node77*)",564,-0.4492784090507046,0.7870527269252308,c1,branch_to_eukaryota
"(Node1612*, Node77*)",565,-0.8578123825217393,0.5443780381213789,c2,branch_to_eukaryota
"(Node1612*, Node77*)",566,0.1627099821401795,0.2556358669557363,c3,branch_to_eukaryota
"(Node1612*, Node77*)",567,0.1703020385633023,0.2556358669557363,c3,branch_to_eukaryota
"(Node1612*, Node77*)",568,-0.0318208272248916,0.0023134757706565,c4,branch_to_eukaryota
"(Node1612*, Node77*)",569,0.0144944924601946,0.0023134757706565,c4,branch_to_eukaryota
"(Node1612*, Node77*)",570,0.2026663991163233,0.2556358669557363,c3,branch_to_eukaryota
"(Node1612*, Node77*)",571,0.4622203937415662,0.2556358669557363,c3,branch_to_eukaryota
"(Node1612*, Node77*)",572,0.4896501548525223,0.5443780381213789,c2,branch_to_eukaryota
"(Node1612*, Node77*)",573,-0.3850394880471627,0.5443780381213789,c2,branch_to_eukaryota
"(Node1612*, Node77*)",574,0.427035482914405,0.2556358669557363,c3,branch_to_eukaryota
"(Node1612*, Node77*)",575,0.3381682297303939,0.5443780381213789,c2,branch_to_eukaryota
"(Node1612*, Node77*)",576,-0.6294390759111221,0.7870527269252308,c1,branch_to_eukaryota
"(Node1612*, Node77*)",577,0.2536913659137118,0.5443780381213789,c2,branch_to_eukaryota
"(Node1612*, Node77*)",578,-0.0001360061898147,0.0023134757706565,c4,branch_to_eukaryota
"(Node1612*, Node77*)",579,8.00615906261265e-05,0.0023134757706565,c4,branch_to_eukaryota
"(Node1612*, Node77*)",580,0.0001047129984681,0.0023134757706565,c4,branch_to_eukaryota
"(Node1612*, Node77*)",581,0.0001436892305329,0.0023134757706565,c4,branch_to_eukaryota
"(Node1612*, Node77*)",582,4.143176169593445e-05,0.0023134757706565,c4,branch_to_eukaryota
"(Node1612*, Node77*)",583,0.000177372159204,0.0023134757706565,c4,branch_to_eukaryota
"(Node1612*, Node77*)",584,8.533139828305823e-05,0.0023134757706565,c4,branch_to_eukaryota
"(Node1612*, Node77*)",585,0.0,0.0023134757706565,c4,branch_to_eukaryota
"(Node1612*, Node77*)",586,0.0,0.0023134757706565,c4,branch_to_eukaryota
"(Node1612*, Node77*)",587,0.0,0.0023134757706565,c4,branch_to_eukaryota
"(Node1612*, Node77*)",588,0.0,0.0023134757706565,c4,branch_to_eukaryota
"(Node1612*, Node77*)",589,0.0304628846504245,0.0023134757706565,c4,branch_to_eukaryota
"(Node1612*, Node77*)",590,-0.4196679586187863,0.2556358669557363,c3,branch_to_eukaryota
"(Node1612*, Node77*)",591,0.3410359263989516,0.2556358669557363,c3,branch_to_eukaryota
"(Node1612*, Node77*)",592,-0.2636591593012156,0.2556358669557363,c3,branch_to_eukaryota
"(Node1612*, Node77*)",593,-0.4442622716612293,0.2556358669557363,c3,branch_to_eukaryota
"(Node1612*, Node77*)",594,-0.0293417096273952,0.2556358669557363,c3,branch_to_eukaryota
"(Node1612*, Node77*)",595,0.0,0.0023134757706565,c4,branch_to_eukaryota
"(Node1612*, Node77*)",596,0.0,0.0023134757706565,c4,branch_to_eukaryota
"(Node1612*, Node77*)",597,0.0,0.0023134757706565,c4,branch_to_eukaryota
"(Node1612*, Node77*)",598,0.0,0.0023134757706565,c4,branch_to_eukaryota
"(Node1612*, Node77*)",599,0.0,0.0023134757706565,c4,branch_to_eukaryota
"(Node1612*, Node77*)",600,0.0,0.0023134757706565,c4,branch_to_eukaryota
"(Node1612*, Node77*)",601,0.0,0.0023134757706565,c4,branch_to_eukaryota
"(Node1612*, Node77*)",602,0.0,0.0023134757706565,c4,branch_to_eukaryota
"(Node1612*, Node77*)",603,0.0,0.0023134757706565,c4,branch_to_eukaryota
"(Node1612*, Node77*)",604,0.0,0.0023134757706565,c4,branch_to_eukaryota
"(Node1612*, Node77*)",605,0.0,0.0023134757706565,c4,branch_to_eukaryota
"(Node1612*, Node77*)",606,-0.0928702950207962,0.5443780381213789,c2,branch_to_eukaryota
"(Node1612*, Node77*)",607,3.6899047039114255e-16,0.7870527269252308,c1,branch_to_eukaryota
"(Node1612*, Node77*)",608,2.7800175731000187e-16,0.7870527269252308,c1,branch_to_eukaryota
"(Node1612*, Node77*)",609,0.8264124459722533,0.5443780381213789,c2,branch_to_eukaryota
"(Node1612*, Node77*)",610,-0.103298181770379,0.2556358669557363,c3,branch_to_eukaryota
"(Node1612*, Node77*)",611,-0.5204418702166449,0.5443780381213789,c2,branch_to_eukaryota
"(Node1612*, Node77*)",612,1.1986873953751611,0.7870527269252308,c1,branch_to_eukaryota
"(Node1612*, Node77*)",613,2.188489910773711e-15,0.5443780381213789,c2,branch_to_eukaryota
"(Node1612*, Node77*)",614,0.2782912059061712,0.5443780381213789,c2,branch_to_eukaryota
"(Node1612*, Node77*)",615,-0.354078019359049,0.2556358669557363,c3,branch_to_eukaryota
"(Node1612*, Node77*)",616,-0.3220385725713313,0.2556358669557363,c3,branch_to_eukaryota
"(Node1612*, Node77*)",617,0.0497816196579969,0.0023134757706565,c4,branch_to_eukaryota
"(Node1612*, Node77*)",618,0.0234286918413453,0.0023134757706565,c4,branch_to_eukaryota
"(Node1612*, Node77*)",619,0.1101779595673023,0.2556358669557363,c3,branch_to_eukaryota
"(Node1612*, Node77*)",620,0.277332135454269,0.2556358669557363,c3,branch_to_eukaryota
"(Node1612*, Node77*)",621,0.0772227937691099,0.2556358669557363,c3,branch_to_eukaryota
"(Node1612*, Node77*)",622,0.5796785996986134,0.7870527269252308,c1,branch_to_eukaryota
"(Node1612*, Node77*)",623,-1.0720288274461167,0.5443780381213789,c2,branch_to_eukaryota
"(Node1612*, Node77*)",624,-0.4748676006212188,0.5443780381213789,c2,branch_to_eukaryota
"(Node1612*, Node77*)",625,0.5123201156242219,0.5443780381213789,c2,branch_to_eukaryota
"(Node1612*, Node77*)",626,0.5438477660030959,0.7870527269252308,c1,branch_to_eukaryota
"(Node1612*, Node77*)",627,0.7848124518689268,0.7870527269252308,c1,branch_to_eukaryota
"(Node1612*, Node77*)",628,-0.4309269167382004,0.2556358669557363,c3,branch_to_eukaryota
"(Node1612*, Node77*)",629,0.1665272462749508,0.2556358669557363,c3,branch_to_eukaryota
"(Node1612*, Node77*)",630,0.5078962923397137,0.5443780381213789,c2,branch_to_eukaryota
"(Node1612*, Node77*)",631,0.1793348398956991,0.5443780381213789,c2,branch_to_eukaryota
"(Node1612*, Node77*)",632,3.23557354469514e-16,0.7870527269252308,c1,branch_to_eukaryota
"(Node1612*, Node77*)",633,0.957923476293428,0.7870527269252308,c1,branch_to_eukaryota
"(Node1612*, Node77*)",634,0.9579234762934276,0.7870527269252308,c1,branch_to_eukaryota
"(Node1612*, Node77*)",635,-2.709459108055552e-15,0.5443780381213789,c2,branch_to_eukaryota
"(Node1612*, Node77*)",636,1.633093365177541,0.7870527269252308,c1,branch_to_eukaryota
"(Node1612*, Node77*)",637,-8.906336292759382e-17,0.5443780381213789,c2,branch_to_eukaryota
"(Node1612*, Node77*)",638,0.5370763776152685,0.7870527269252308,c1,branch_to_eukaryota
"(Node1612*, Node77*)",639,0.5438477660030959,0.7870527269252308,c1,branch_to_eukaryota
"(Node1612*, Node77*)",640,0.5016358030338753,0.5443780381213789,c2,branch_to_eukaryota
"(Node1612*, Node77*)",641,-0.6949874224608443,0.5443780381213789,c2,branch_to_eukaryota
"(Node1612*, Node77*)",642,1.6263446664178025,0.7870527269252308,c1,branch_to_eukaryota
"(Node1612*, Node77*)",643,0.9294309622037102,0.5443780381213789,c2,branch_to_eukaryota
"(Node1612*, Node77*)",644,0.5016358030362736,0.5443780381213789,c2,branch_to_eukaryota
"(Node1612*, Node77*)",645,0.9579234762741412,0.7870527269252308,c1,branch_to_eukaryota
"(Node1612*, Node77*)",646,0.9078631789792782,0.7870527269252308,c1,branch_to_eukaryota
"(Node1612*, Node77*)",647,0.9579234762934278,0.7870527269252308,c1,branch_to_eukaryota
"(Node1612*, Node77*)",648,1.6362611814832504,0.7870527269252308,c1,branch_to_eukaryota
"(Node1612*, Node77*)",649,1.63626420071219,0.7870527269252308,c1,branch_to_eukaryota
"(Node1612*, Node77*)",650,0.5438477660030957,0.7870527269252308,c1,branch_to_eukaryota
"(Node1612*, Node77*)",651,0.9579234762934276,0.7870527269252308,c1,branch_to_eukaryota
"(Node1612*, Node77*)",652,1.6362642007121906,0.7870527269252308,c1,branch_to_eukaryota
"(Node1612*, Node77*)",653,-0.6444674030183051,0.7870527269252308,c1,branch_to_eukaryota
"(Node1612*, Node77*)",654,0.9579234699632596,0.7870527269252308,c1,branch_to_eukaryota
"(Node1612*, Node77*)",655,1.6362642007121904,0.7870527269252308,c1,branch_to_eukaryota
"(Node1612*, Node77*)",656,1.6296826205362058,0.7870527269252308,c1,branch_to_eukaryota
"(Node1612*, Node77*)",657,0.957923476293428,0.7870527269252308,c1,branch_to_eukaryota
"(Node1612*, Node77*)",658,1.6362642007121904,0.7870527269252308,c1,branch_to_eukaryota
"(Node1612*, Node77*)",659,0.957923476293428,0.7870527269252308,c1,branch_to_eukaryota
"(Node1612*, Node77*)",660,0.9579234762934278,0.7870527269252308,c1,branch_to_eukaryota
"(Node1612*, Node77*)",661,0.9078631783921076,0.7870527269252308,c1,branch_to_eukaryota
"(Node1612*, Node77*)",662,0.5438477660030959,0.7870527269252308,c1,branch_to_eukaryota
"(Node1612*, Node77*)",663,0.5438477660030958,0.7870527269252308,c1,branch_to_eukaryota
"(Node1612*, Node77*)",664,0.8670999330724691,0.5443780381213789,c2,branch_to_eukaryota
"(Node1612*, Node77*)",665,-0.7025451201771608,0.7870527269252308,c1,branch_to_eukaryota
"(Node1612*, Node77*)",666,1.6362642007004715,0.7870527269252308,c1,branch_to_eukaryota
"(Node1612*, Node77*)",667,1.0258456677033043,0.5443780381213789,c2,branch_to_eukaryota
"(Node1612*, Node77*)",668,0.5714576638909262,0.5443780381213789,c2,branch_to_eukaryota
"(Node1612*, Node77*)",669,0.9123457805034636,0.5443780381213789,c2,branch_to_eukaryota
"(Node1612*, Node77*)",670,1.02584566770271,0.5443780381213789,c2,branch_to_eukaryota
"(Node1612*, Node77*)",671,0.4724037153514546,0.5443780381213789,c2,branch_to_eukaryota
"(Node1612*, Node77*)",672,1.0555402443979227,0.5443780381213789,c2,branch_to_eukaryota
"(Node1612*, Node77*)",673,0.5685845064623027,0.5443780381213789,c2,branch_to_eukaryota
"(Node1612*, Node77*)",674,-0.4990108328000024,0.2556358669557363,c3,branch_to_eukaryota
"(Node1612*, Node77*)",675,1.4688436915565468,0.7870527269252308,c1,branch_to_eukaryota
"(Node1612*, Node77*)",676,-0.0481514749587599,0.2556358669557363,c3,branch_to_eukaryota
"(Node1612*, Node77*)",677,0.5438477700635516,0.7870527269252308,c1,branch_to_eukaryota
"(Node1612*, Node77*)",678,0.9579234762934276,0.7870527269252308,c1,branch_to_eukaryota
"(Node1612*, Node77*)",679,1.2088182235505065,0.7870527269252308,c1,branch_to_eukaryota
"(Node1612*, Node77*)",680,0.9279025901077086,0.7870527269252308,c1,branch_to_eukaryota
"(Node1612*, Node77*)",681,-0.5639534225523216,0.7870527269252308,c1,branch_to_eukaryota
"(Node1612*, Node77*)",682,-0.2341283875072652,0.7870527269252308,c1,branch_to_eukaryota
"(Node1612*, Node77*)",683,-0.3215923881284096,0.5443780381213789,c2,branch_to_eukaryota
"(Node1612*, Node77*)",684,0.2977890774464993,0.5443780381213789,c2,branch_to_eukaryota
"(Node1612*, Node77*)",685,0.617457746141259,0.5443780381213789,c2,branch_to_eukaryota
"(Node1612*, Node77*)",686,1.5543927399342845,0.7870527269252308,c1,branch_to_eukaryota
"(Node1612*, Node77*)",687,0.4785954170204266,0.5443780381213789,c2,branch_to_eukaryota
"(Node1612*, Node77*)",688,-0.6343148203226839,0.5443780381213789,c2,branch_to_eukaryota
"(Node1612*, Node77*)",689,-0.9501110533820164,0.7870527269252308,c1,branch_to_eukaryota
"(Node1612*, Node77*)",690,0.4403504549980838,0.2556358669557363,c3,branch_to_eukaryota
"(Node1612*, Node77*)",691,0.9702750652884568,0.7870527269252308,c1,branch_to_eukaryota
"(Node1612*, Node77*)",692,0.8967495077177777,0.5443780381213789,c2,branch_to_eukaryota
"(Node1612*, Node77*)",693,0.7217242639647342,0.7870527269252308,c1,branch_to_eukaryota
"(Node1612*, Node77*)",694,1.170308879280514,0.5443780381213789,c2,branch_to_eukaryota
"(Node1612*, Node77*)",695,0.9078631789792782,0.7870527269252308,c1,branch_to_eukaryota
"(Node1612*, Node77*)",696,0.9579234762573516,0.7870527269252308,c1,branch_to_eukaryota
"(Node1612*, Node77*)",697,-1.251979717361481,0.7870527269252308,c1,branch_to_eukaryota
"(Node1612*, Node77*)",698,0.7218933341486596,0.7870527269252308,c1,branch_to_eukaryota
"(Node1612*, Node77*)",699,-1.2519499074379257,0.7870527269252308,c1,branch_to_eukaryota
"(Node1612*, Node77*)",700,1.0704988963841533,0.7870527269252308,c1,branch_to_eukaryota
"(Node1612*, Node77*)",701,0.9078631789792782,0.7870527269252308,c1,branch_to_eukaryota
"(Node1612*, Node77*)",702,0.5796785993562057,0.7870527269252308,c1,branch_to_eukaryota
"(Node1612*, Node77*)",703,0.5438477660030959,0.7870527269252308,c1,branch_to_eukaryota
"(Node1612*, Node77*)",704,0.5438477660030959,0.7870527269252308,c1,branch_to_eukaryota
"(Node1612*, Node77*)",705,0.7218332189976364,0.7870527269252308,c1,branch_to_eukaryota
"(Node1612*, Node77*)",706,0.5439869021171316,0.2556358669557363,c3,branch_to_eukaryota
"(Node1612*, Node77*)",707,0.9579234630094664,0.7870527269252308,c1,branch_to_eukaryota
"(Node1612*, Node77*)",708,1.173416937846277,0.5443780381213789,c2,branch_to_eukaryota
"(Node1612*, Node77*)",709,1.022867228582106,0.2556358669557363,c3,branch_to_eukaryota
"(Node1612*, Node77*)",710,1.288525802289976,0.2556358669557363,c3,branch_to_eukaryota
"(Node1612*, Node77*)",711,0.9579234762934278,0.7870527269252308,c1,branch_to_eukaryota
"(Node1612*, Node77*)",712,0.8967481103223298,0.5443780381213789,c2,branch_to_eukaryota
"(Node1612*, Node77*)",713,0.543847766003096,0.7870527269252308,c1,branch_to_eukaryota
"(Node1612*, Node77*)",714,0.957923476293428,0.7870527269252308,c1,branch_to_eukaryota
"(Node1612*, Node77*)",715,0.7863215398782726,0.7870527269252308,c1,branch_to_eukaryota
"(Node1612*, Node77*)",716,1.190293173528328,0.2556358669557363,c3,branch_to_eukaryota
"(Node1612*, Node77*)",717,0.8650500440778603,0.5443780381213789,c2,branch_to_eukaryota
"(Node1612*, Node77*)",718,1.4872911087833658e-16,0.2556358669557363,c3,branch_to_eukaryota
"(Node1612*, Node77*)",719,0.2924110048345682,0.5443780381213789,c2,branch_to_eukaryota
"(Node1612*, Node77*)",720,0.0756831866011101,0.2556358669557363,c3,branch_to_eukaryota
"(Node1612*, Node77*)",721,0.1011286036300162,0.2556358669557363,c3,branch_to_eukaryota
"(Node1612*, Node77*)",722,0.0182426581577519,0.5443780381213789,c2,branch_to_eukaryota
"(Node1612*, Node77*)",723,-0.0001235594628914,0.0023134757706565,c4,branch_to_eukaryota
"(Node1612*, Node77*)",724,0.8226340460959732,0.5443780381213789,c2,branch_to_eukaryota
"(Node1612*, Node77*)",725,-0.1406272376500247,0.0023134757706565,c4,branch_to_eukaryota
"(Node1612*, Node77*)",726,-0.1201964904432717,0.0023134757706565,c4,branch_to_eukaryota
"(Node1612*, Node77*)",727,0.1548260626628003,0.0023134757706565,c4,branch_to_eukaryota
"(Node1612*, Node77*)",728,-0.0361163855872778,0.0023134757706565,c4,branch_to_eukaryota
"(Node1612*, Node77*)",729,-0.0114414253441635,0.0023134757706565,c4,branch_to_eukaryota
"(Node1612*, Node77*)",730,0.0272395342106677,0.2556358669557363,c3,branch_to_eukaryota
"(Node1612*, Node77*)",731,-0.5285272709787456,0.5443780381213789,c2,branch_to_eukaryota
"(Node1612*, Node77*)",732,-0.3640398027544935,0.5443780381213789,c2,branch_to_eukaryota
"(Node1612*, Node77*)",733,0.2541404945172584,0.5443780381213789,c2,branch_to_eukaryota
"(Node1612*, Node77*)",734,-0.4275375747525873,0.5443780381213789,c2,branch_to_eukaryota
"(Node1612*, Node77*)",735,0.7440714286469027,0.2556358669557363,c3,branch_to_eukaryota
"(Node1612*, Node77*)",736,-0.107789951961637,0.0023134757706565,c4,branch_to_eukaryota
"(Node1612*, Node77*)",737,0.4314713674124483,0.2556358669557363,c3,branch_to_eukaryota
"(Node1612*, Node77*)",738,0.1223873473742654,0.0023134757706565,c4,branch_to_eukaryota
"(Node1612*, Node77*)",739,0.0836347821359093,0.2556358669557363,c3,branch_to_eukaryota
"(Node1612*, Node77*)",740,-0.8182786640462422,0.5443780381213789,c2,branch_to_eukaryota
"(Node1612*, Node77*)",741,0.535948274661474,0.7870527269252308,c1,branch_to_eukaryota
"(Node1612*, Node77*)",742,0.0,0.2556358669557363,c3,branch_to_eukaryota
"(Node1612*, Node77*)",743,0.5088804188645194,0.7870527269252308,c1,branch_to_eukaryota
"(Node1612*, Node77*)",744,0.6890535647851391,0.7870527269252308,c1,branch_to_eukaryota
"(Node1612*, Node77*)",745,-0.6425595062171082,0.7870527269252308,c1,branch_to_eukaryota
"(Node1612*, Node77*)",746,0.4246718799392656,0.2556358669557363,c3,branch_to_eukaryota
"(Node1612*, Node77*)",747,0.696868238282676,0.2556358669557363,c3,branch_to_eukaryota
"(Node1612*, Node77*)",748,-0.383532716268948,0.2556358669557363,c3,branch_to_eukaryota
"(Node1612*, Node77*)",749,-0.1279548141866675,0.2556358669557363,c3,branch_to_eukaryota
"(Node1612*, Node77*)",750,0.0226592354739678,0.0023134757706565,c4,branch_to_eukaryota
"(Node1612*, Node77*)",751,0.1055551889107167,0.0023134757706565,c4,branch_to_eukaryota
"(Node1612*, Node77*)",752,-0.0664235865742651,0.0023134757706565,c4,branch_to_eukaryota
"(Node1612*, Node77*)",753,-0.3660540598605477,0.7870527269252308,c1,branch_to_eukaryota
"(Node1612*, Node77*)",754,1.2874839289039954,0.7870527269252308,c1,branch_to_eukaryota
"(Node1612*, Node77*)",755,0.3796147209127473,0.5443780381213789,c2,branch_to_eukaryota
"(Node1612*, Node77*)",756,0.8148240362427767,0.2556358669557363,c3,branch_to_eukaryota
"(Node1612*, Node77*)",757,-0.6890240716719168,0.7870527269252308,c1,branch_to_eukaryota
"(Node1612*, Node77*)",758,-0.7001498198478715,0.7870527269252308,c1,branch_to_eukaryota
"(Node1612*, Node77*)",759,1.193460535675216,0.7870527269252308,c1,branch_to_eukaryota
"(Node1612*, Node77*)",760,-0.0528727270656371,0.0023134757706565,c4,branch_to_eukaryota
"(Node1612*, Node77*)",761,0.0993890660739357,0.0023134757706565,c4,branch_to_eukaryota
"(Node1612*, Node77*)",762,-0.0207100229270617,0.0023134757706565,c4,branch_to_eukaryota
"(Node1612*, Node77*)",763,1.971521472540898e-05,0.2556358669557363,c3,branch_to_eukaryota
"(Node1612*, Node77*)",764,0.2881923010601102,0.2556358669557363,c3,branch_to_eukaryota
"(Node1612*, Node77*)",765,-0.2731066779935243,0.2556358669557363,c3,branch_to_eukaryota
"(Node1612*, Node77*)",766,-0.3220232757641098,0.2556358669557363,c3,branch_to_eukaryota
"(Node1612*, Node77*)",767,0.1386094536635513,0.0023134757706565,c4,branch_to_eukaryota
"(Node1612*, Node77*)",768,0.2942651678857536,0.2556358669557363,c3,branch_to_eukaryota
"(Node1612*, Node77*)",769,0.3549021728244038,0.2556358669557363,c3,branch_to_eukaryota
"(Node1612*, Node77*)",770,0.293072404071844,0.5443780381213789,c2,branch_to_eukaryota
"(Node1612*, Node77*)",771,0.980297246220105,0.5443780381213789,c2,branch_to_eukaryota
"(Node1612*, Node77*)",772,0.0452324536553776,0.0023134757706565,c4,branch_to_eukaryota
"(Node1612*, Node77*)",773,0.3523178137022679,0.2556358669557363,c3,branch_to_eukaryota
"(Node1612*, Node77*)",774,0.2754287400199112,0.2556358669557363,c3,branch_to_eukaryota
"(Node1612*, Node77*)",775,-0.0701941243790848,0.0023134757706565,c4,branch_to_eukaryota
"(Node1612*, Node77*)",776,-0.1783422025028977,0.2556358669557363,c3,branch_to_eukaryota
"(Node1612*, Node77*)",777,-0.5436811314854961,0.5443780381213789,c2,branch_to_eukaryota
"(Node1612*, Node77*)",778,0.4379755652648446,0.2556358669557363,c3,branch_to_eukaryota
"(Node1612*, Node77*)",779,-0.9345625330410812,0.7870527269252308,c1,branch_to_eukaryota
"(Node1612*, Node77*)",780,-0.5673346195629067,0.5443780381213789,c2,branch_to_eukaryota
"(Node1612*, Node77*)",781,-0.1890201767220187,0.5443780381213789,c2,branch_to_eukaryota
"(Node1612*, Node77*)",782,-0.4186890908390416,0.2556358669557363,c3,branch_to_eukaryota
"(Node1612*, Node77*)",783,0.0608237119820523,0.0023134757706565,c4,branch_to_eukaryota
"(Node1612*, Node77*)",784,-0.0763074738906252,0.0023134757706565,c4,branch_to_eukaryota
"(Node1612*, Node77*)",785,-0.0430304642903076,0.0023134757706565,c4,branch_to_eukaryota
"(Node1612*, Node77*)",786,-0.1201000760604103,0.0023134757706565,c4,branch_to_eukaryota
"(Node1612*, Node77*)",787,-0.0845605072452722,0.0023134757706565,c4,branch_to_eukaryota
"(Node1612*, Node77*)",788,1.1294225803586422,0.5443780381213789,c2,branch_to_eukaryota
"(Node1612*, Node77*)",789,-1.8474207885148404e-16,0.2556358669557363,c3,branch_to_eukaryota
"(Node1612*, Node77*)",790,-9.174959789320062e-17,0.0023134757706565,c4,branch_to_eukaryota
"(Node1612*, Node77*)",791,-1.0212895762842738e-16,0.0023134757706565,c4,branch_to_eukaryota
"(Node1612*, Node77*)",792,-3.7348719902657007e-17,0.0023134757706565,c4,branch_to_eukaryota
"(Node1612*, Node77*)",793,-4.540070292245958e-17,0.0023134757706565,c4,branch_to_eukaryota
"(Node1612*, Node77*)",794,-1.3375123378841521e-17,0.0023134757706565,c4,branch_to_eukaryota
"(Node1612*, Node77*)",795,-4.62811990526868e-17,0.0023134757706565,c4,branch_to_eukaryota
"(Node1612*, Node77*)",796,2.9225825889418887e-17,0.0023134757706565,c4,branch_to_eukaryota
"(Node1612*, Node77*)",797,1.8299198719744572e-16,0.2556358669557363,c3,branch_to_eukaryota
"(Node1612*, Node77*)",798,3.313080930206308e-17,0.0023134757706565,c4,branch_to_eukaryota
"(Node1612*, Node77*)",799,1.7149316442356014e-17,0.0023134757706565,c4,branch_to_eukaryota
"(Node1612*, Node77*)",800,4.7690100278433336e-17,0.0023134757706565,c4,branch_to_eukaryota
"(Node1612*, Node77*)",801,1.1902440601910965e-17,0.0023134757706565,c4,branch_to_eukaryota
"(Node1612*, Node77*)",802,4.1731815710334e-17,0.0023134757706565,c4,branch_to_eukaryota
"(Node1612*, Node77*)",803,-6.082150944082097e-17,0.0023134757706565,c4,branch_to_eukaryota
"(Node1612*, Node77*)",804,-7.972202800479061e-17,0.0023134757706565,c4,branch_to_eukaryota
"(Node1612*, Node77*)",805,-5.264725927628091e-17,0.0023134757706565,c4,branch_to_eukaryota
"(Node1612*, Node77*)",806,6.387601555889344e-17,0.0023134757706565,c4,branch_to_eukaryota
"(Node1612*, Node77*)",807,-3.788993374783751e-17,0.0023134757706565,c4,branch_to_eukaryota
"(Node1612*, Node77*)",808,-8.451089330033155e-17,0.0023134757706565,c4,branch_to_eukaryota
"(Node1612*, Node77*)",809,-1.8036351765626634e-16,0.2556358669557363,c3,branch_to_eukaryota
"(Node1612*, Node77*)",810,2.5593495995464574e-17,0.0023134757706565,c4,branch_to_eukaryota
"(Node1612*, Node77*)",811,-3.270996915531712e-17,0.0023134757706565,c4,branch_to_eukaryota
"(Node1612*, Node77*)",812,-7.561662993248933e-17,0.0023134757706565,c4,branch_to_eukaryota
"(Node1612*, Node77*)",813,-1.1886727194930012e-16,0.2556358669557363,c3,branch_to_eukaryota
"(Node1612*, Node77*)",814,2.1348659862643597e-15,0.5443780381213789,c2,branch_to_eukaryota
"(Node1612*, Node77*)",815,2.8366254434516157e-15,0.5443780381213789,c2,branch_to_eukaryota
"(Node1612*, Node77*)",816,-3.5267645049267614e-17,0.0023134757706565,c4,branch_to_eukaryota
"(Node1612*, Node77*)",817,1.429752607375312e-16,0.2556358669557363,c3,branch_to_eukaryota
"(Node1612*, Node77*)",818,-1.0136013925364151e-16,0.0023134757706565,c4,branch_to_eukaryota
"(Node1612*, Node77*)",819,-2.0607699547361726e-16,0.2556358669557363,c3,branch_to_eukaryota
"(Node1612*, Node77*)",820,9.205182741001648e-17,0.2556358669557363,c3,branch_to_eukaryota
"(Node1612*, Node77*)",821,2.9733212526563886e-17,0.0023134757706565,c4,branch_to_eukaryota
"(Node1612*, Node77*)",822,2.5519947263695104e-17,0.0023134757706565,c4,branch_to_eukaryota
"(Node1612*, Node77*)",823,-4.547344365893697e-17,0.0023134757706565,c4,branch_to_eukaryota
"(Node1612*, Node77*)",824,1.8129335305082183e-16,0.2556358669557363,c3,branch_to_eukaryota
"(Node1612*, Node77*)",825,2.329312868082353e-17,0.0023134757706565,c4,branch_to_eukaryota
"(Node1612*, Node77*)",826,7.066862048602391e-17,0.0023134757706565,c4,branch_to_eukaryota
"(Node1612*, Node77*)",827,-5.71632534084751e-17,0.0023134757706565,c4,branch_to_eukaryota
"(Node1612*, Node77*)",828,9.671302815158293e-18,0.0023134757706565,c4,branch_to_eukaryota
"(Node1612*, Node77*)",829,6.354694293402909e-17,0.0023134757706565,c4,branch_to_eukaryota
"(Node1612*, Node77*)",830,-1.3066279066603545e-17,0.0023134757706565,c4,branch_to_eukaryota
"(Node1612*, Node77*)",831,5.978565224122742e-17,0.0023134757706565,c4,branch_to_eukaryota
"(Node1612*, Node77*)",832,-6.25821965284395e-17,0.0023134757706565,c4,branch_to_eukaryota
"(Node1612*, Node77*)",833,-9.314836257164515e-17,0.0023134757706565,c4,branch_to_eukaryota
"(Node1612*, Node77*)",834,-5.384456030804588e-17,0.0023134757706565,c4,branch_to_eukaryota
"(Node1612*, Node77*)",835,-2.943267373738518e-18,0.0023134757706565,c4,branch_to_eukaryota
"(Node1612*, Node77*)",836,8.274889338709336e-17,0.2556358669557363,c3,branch_to_eukaryota
"(Node1612*, Node77*)",837,-2.0545432995926242e-18,0.0023134757706565,c4,branch_to_eukaryota
"(Node1612*, Node77*)",838,-7.447852701766288e-17,0.0023134757706565,c4,branch_to_eukaryota
"(Node1612*, Node77*)",839,-5.140898905256898e-17,0.0023134757706565,c4,branch_to_eukaryota
"(Node1612*, Node77*)",840,-9.844861267464176e-17,0.0023134757706565,c4,branch_to_eukaryota
"(Node1612*, Node77*)",841,2.3168719854717113e-16,0.2556358669557363,c3,branch_to_eukaryota
"(Node1612*, Node77*)",842,7.602762100725419e-16,0.7870527269252308,c1,branch_to_eukaryota
"(Node1612*, Node77*)",843,2.859256526782804e-15,0.5443780381213789,c2,branch_to_eukaryota
"(Node1612*, Node77*)",844,-5.826118552116508e-16,0.7870527269252308,c1,branch_to_eukaryota
"(Node1612*, Node77*)",845,9.225374408542605e-16,0.7870527269252308,c1,branch_to_eukaryota
"(Node1612*, Node77*)",846,3.1288922838183197e-15,0.5443780381213789,c2,branch_to_eukaryota
"(Node1612*, Node77*)",847,1.4565205938131602e-16,0.2556358669557363,c3,branch_to_eukaryota
"(Node1612*, Node77*)",848,7.602757982904169e-16,0.7870527269252308,c1,branch_to_eukaryota
"(Node1612*, Node77*)",849,-7.058417116949313e-16,0.7870527269252308,c1,branch_to_eukaryota
"(Node1612*, Node77*)",850,-5.31939352862994e-16,0.7870527269252308,c1,branch_to_eukaryota
"(Node1612*, Node77*)",851,1.0523896761279087e-16,0.2556358669557363,c3,branch_to_eukaryota
"(Node1612*, Node77*)",852,2.0366045334363079e-16,0.2556358669557363,c3,branch_to_eukaryota
"(Node1612*, Node77*)",853,-5.337547616411142e-16,0.7870527269252308,c1,branch_to_eukaryota
"(Node1612*, Node77*)",854,-5.33754761641114e-16,0.7870527269252308,c1,branch_to_eukaryota
"(Node1612*, Node77*)",855,-5.320919545408035e-16,0.7870527269252308,c1,branch_to_eukaryota
"(Node1612*, Node77*)",856,2.8379010170102373e-15,0.5443780381213789,c2,branch_to_eukaryota
"(Node1612*, Node77*)",857,9.598418128923351e-16,0.5443780381213789,c2,branch_to_eukaryota
"(Node1612*, Node77*)",858,-2.406456782316406e-15,0.5443780381213789,c2,branch_to_eukaryota
"(Node1612*, Node77*)",859,-2.2326766071107757e-15,0.5443780381213789,c2,branch_to_eukaryota
"(Node1612*, Node77*)",860,-2.0430213205888977e-15,0.5443780381213789,c2,branch_to_eukaryota
"(Node1612*, Node77*)",861,-7.058417116949313e-16,0.7870527269252308,c1,branch_to_eukaryota
"(Node1612*, Node77*)",862,2.8379302557078105e-15,0.5443780381213789,c2,branch_to_eukaryota
"(Node1612*, Node77*)",863,-7.058417116949313e-16,0.7870527269252308,c1,branch_to_eukaryota
"(Node1612*, Node77*)",864,3.0826993195883368e-15,0.5443780381213789,c2,branch_to_eukaryota
"(Node1612*, Node77*)",865,6.908222859027985e-16,0.7870527269252308,c1,branch_to_eukaryota
"(Node1612*, Node77*)",866,-3.3295146487335193e-16,0.2556358669557363,c3,branch_to_eukaryota
"(Node1612*, Node77*)",867,8.449237807216272e-16,0.5443780381213789,c2,branch_to_eukaryota
"(Node1612*, Node77*)",868,-5.319190312599178e-16,0.7870527269252308,c1,branch_to_eukaryota
"(Node1612*, Node77*)",869,-2.1233396700012385e-15,0.5443780381213789,c2,branch_to_eukaryota
"(Node1612*, Node77*)",870,-7.058417116949314e-16,0.7870527269252308,c1,branch_to_eukaryota
"(Node1612*, Node77*)",871,9.225374408542605e-16,0.7870527269252308,c1,branch_to_eukaryota
"(Node1612*, Node77*)",872,-5.319392417584323e-16,0.7870527269252308,c1,branch_to_eukaryota
"(Node1612*, Node77*)",873,-2.613252841512796e-15,0.5443780381213789,c2,branch_to_eukaryota
"(Node1612*, Node77*)",874,-2.6708043143972365e-15,0.5443780381213789,c2,branch_to_eukaryota
"(Node1612*, Node77*)",875,3.4272859745652706e-15,0.5443780381213789,c2,branch_to_eukaryota
"(Node1612*, Node77*)",876,-2.003879066747751e-17,0.0023134757706565,c4,branch_to_eukaryota
"(Node1612*, Node77*)",877,-5.470564999706682e-17,0.0023134757706565,c4,branch_to_eukaryota
"(Node1612*, Node77*)",878,2.4351895337163796e-17,0.0023134757706565,c4,branch_to_eukaryota
"(Node1612*, Node77*)",879,-6.802721520848407e-17,0.0023134757706565,c4,branch_to_eukaryota
"(Node1612*, Node77*)",880,-2.124604337238277e-15,0.5443780381213789,c2,branch_to_eukaryota
"(Node1612*, Node77*)",881,2.9331616931147642e-15,0.5443780381213789,c2,branch_to_eukaryota
"(Node1612*, Node77*)",882,-2.0056990978682803e-16,0.2556358669557363,c3,branch_to_eukaryota
"(Node1612*, Node77*)",883,2.6404285031351388e-15,0.5443780381213789,c2,branch_to_eukaryota
"(Node1612*, Node77*)",884,-7.03634530006583e-16,0.7870527269252308,c1,branch_to_eukaryota
"(Node1612*, Node77*)",885,1.8379439445838383e-16,0.2556358669557363,c3,branch_to_eukaryota
"(Node1612*, Node77*)",886,-5.33523225186724e-16,0.7870527269252308,c1,branch_to_eukaryota
"(Node1612*, Node77*)",887,3.170158120074e-15,0.5443780381213789,c2,branch_to_eukaryota
"(Node1612*, Node77*)",888,3.9770320458676346e-17,0.2556358669557363,c3,branch_to_eukaryota
"(Node1612*, Node77*)",889,-9.107813460583423e-17,0.0023134757706565,c4,branch_to_eukaryota
"(Node1612*, Node77*)",890,3.627723500363826e-17,0.0023134757706565,c4,branch_to_eukaryota
"(Node1612*, Node77*)",891,7.834157152065838e-17,0.2556358669557363,c3,branch_to_eukaryota
"(Node1612*, Node77*)",892,-2.614896582667871e-16,0.2556358669557363,c3,branch_to_eukaryota
"(Node1612*, Node77*)",893,-2.457687301560938e-16,0.5443780381213789,c2,branch_to_eukaryota
"(Node1612*, Node77*)",894,-7.061234739245727e-16,0.7870527269252308,c1,branch_to_eukaryota
"(Node1612*, Node77*)",895,9.167501731461545e-16,0.7870527269252308,c1,branch_to_eukaryota
"(Node1612*, Node77*)",896,-6.761703983709331e-16,0.7870527269252308,c1,branch_to_eukaryota
"(Node1612*, Node77*)",897,6.875406442263107e-16,0.7870527269252308,c1,branch_to_eukaryota
"(Node1612*, Node77*)",898,-7.037777541487469e-16,0.7870527269252308,c1,branch_to_eukaryota
"(Node1612*, Node77*)",899,-6.975981345075665e-16,0.7870527269252308,c1,branch_to_eukaryota
"(Node1612*, Node77*)",900,2.125635508737212e-16,0.2556358669557363,c3,branch_to_eukaryota
"(Node1612*, Node77*)",901,-5.33754761641114e-16,0.7870527269252308,c1,branch_to_eukaryota
"(Node1612*, Node77*)",902,8.767359618336585e-16,0.7870527269252308,c1,branch_to_eukaryota
"(Node1612*, Node77*)",903,1.6517140430350465e-15,0.5443780381213789,c2,branch_to_eukaryota
"(Node1612*, Node77*)",904,-5.671482402426979e-16,0.7870527269252308,c1,branch_to_eukaryota
"(Node1612*, Node77*)",905,3.5397600760648724e-15,0.5443780381213789,c2,branch_to_eukaryota
"(Node1612*, Node77*)",906,7.0387829619967e-17,0.0023134757706565,c4,branch_to_eukaryota
"(Node1612*, Node77*)",907,5.3454606605132e-17,0.0023134757706565,c4,branch_to_eukaryota
"(Node1612*, Node77*)",908,6.505128332585435e-17,0.2556358669557363,c3,branch_to_eukaryota
"(Node1612*, Node77*)",909,-2.066588482001712e-15,0.5443780381213789,c2,branch_to_eukaryota
"(Node1612*, Node77*)",910,2.946737280188159e-15,0.5443780381213789,c2,branch_to_eukaryota
"(Node1612*, Node77*)",911,-2.1234267635677213e-15,0.5443780381213789,c2,branch_to_eukaryota
"(Node1612*, Node77*)",912,5.5088371935792483e-17,0.2556358669557363,c3,branch_to_eukaryota
"(Node1612*, Node77*)",913,-2.340796571209837e-15,0.5443780381213789,c2,branch_to_eukaryota
"(Node1612*, Node77*)",914,-2.124047993135434e-15,0.5443780381213789,c2,branch_to_eukaryota
"(Node1612*, Node77*)",915,3.356499225056836e-15,0.5443780381213789,c2,branch_to_eukaryota
"(Node1612*, Node77*)",916,-1.3028221321731158e-16,0.2556358669557363,c3,branch_to_eukaryota
"(Node1612*, Node77*)",917,-9.348643976334039e-17,0.2556358669557363,c3,branch_to_eukaryota
"(Node1612*, Node77*)",918,-1.1694932012048527e-16,0.2556358669557363,c3,branch_to_eukaryota
"(Node1612*, Node77*)",919,9.923506143304402e-17,0.2556358669557363,c3,branch_to_eukaryota
"(Node1612*, Node77*)",920,2.2276894006233753e-16,0.2556358669557363,c3,branch_to_eukaryota
"(Node1612*, Node77*)",921,3.354969533584562e-15,0.5443780381213789,c2,branch_to_eukaryota
"(Node1612*, Node77*)",922,-1.6448989720996634e-16,0.2556358669557363,c3,branch_to_eukaryota
"(Node1612*, Node77*)",923,-1.322326467524555e-16,0.2556358669557363,c3,branch_to_eukaryota
"(Node1612*, Node77*)",924,3.134588737428659e-16,0.5443780381213789,c2,branch_to_eukaryota
"(Node1612*, Node77*)",925,6.959702534594998e-17,0.2556358669557363,c3,branch_to_eukaryota
"(Node1612*, Node77*)",926,2.5524612872231866e-15,0.5443780381213789,c2,branch_to_eukaryota
"(Node1612*, Node77*)",927,-8.637833014401704e-16,0.5443780381213789,c2,branch_to_eukaryota
"(Node1612*, Node77*)",928,2.495952888037522e-15,0.5443780381213789,c2,branch_to_eukaryota
"(Node1612*, Node77*)",929,1.508152649377992e-15,0.5443780381213789,c2,branch_to_eukaryota
"(Node1612*, Node77*)",930,2.1137124809977575e-16,0.2556358669557363,c3,branch_to_eukaryota
"(Node1612*, Node77*)",931,1.3836070901713725e-15,0.5443780381213789,c2,branch_to_eukaryota
"(Node1612*, Node77*)",932,2.559921244218179e-15,0.5443780381213789,c2,branch_to_eukaryota
"(Node1612*, Node77*)",933,-2.398954615963895e-15,0.5443780381213789,c2,branch_to_eukaryota
"(Node1612*, Node77*)",934,-1.2672427162283057e-15,0.5443780381213789,c2,branch_to_eukaryota
"(Node1612*, Node77*)",935,2.826660221868729e-15,0.5443780381213789,c2,branch_to_eukaryota
"(Node1612*, Node77*)",936,-1.560383000329791e-15,0.5443780381213789,c2,branch_to_eukaryota
"(Node1612*, Node77*)",937,2.1366285585884707e-15,0.5443780381213789,c2,branch_to_eukaryota
"(Node1612*, Node77*)",938,-1.357511756701807e-16,0.2556358669557363,c3,branch_to_eukaryota
"(Node1612*, Node77*)",939,-1.3389348387161891e-16,0.2556358669557363,c3,branch_to_eukaryota
"(Node1612*, Node77*)",940,-3.9408739471903256e-17,0.2556358669557363,c3,branch_to_eukaryota
"(Node1612*, Node77*)",941,2.1296526091056832e-16,0.2556358669557363,c3,branch_to_eukaryota
"(Node1612*, Node77*)",942,5.777466708477822e-17,0.0023134757706565,c4,branch_to_eukaryota
"(Node1612*, Node77*)",943,9.799656486014156e-17,0.2556358669557363,c3,branch_to_eukaryota
"(Node1612*, Node77*)",944,-2.326030489188544e-16,0.2556358669557363,c3,branch_to_eukaryota
"(Node1612*, Node77*)",945,-2.5338731913902276e-16,0.2556358669557363,c3,branch_to_eukaryota
"(Node1612*, Node77*)",946,6.576487109980408e-17,0.0023134757706565,c4,branch_to_eukaryota
"(Node1612*, Node77*)",947,5.211445849106873e-17,0.0023134757706565,c4,branch_to_eukaryota
"(Node1612*, Node77*)",948,7.869016931604809e-17,0.2556358669557363,c3,branch_to_eukaryota
"(Node1612*, Node77*)",949,-2.4288541763725084e-15,0.5443780381213789,c2,branch_to_eukaryota
"(Node1612*, Node77*)",950,-2.4018818072846783e-16,0.5443780381213789,c2,branch_to_eukaryota
"(Node1612*, Node77*)",951,-2.051828169884879e-15,0.5443780381213789,c2,branch_to_eukaryota
"(Node1612*, Node77*)",952,-5.209416712737937e-16,0.7870527269252308,c1,branch_to_eukaryota
"(Node1612*, Node77*)",953,-1.711698537291328e-15,0.5443780381213789,c2,branch_to_eukaryota
"(Node1612*, Node77*)",954,-1.2650043149002985e-15,0.5443780381213789,c2,branch_to_eukaryota
"(Node1612*, Node77*)",955,1.6512960882816558e-15,0.5443780381213789,c2,branch_to_eukaryota
"(Node1612*, Node77*)",956,0.9748883644556952,0.7870527269252308,c1,branch_to_eukaryota
"(Node1612*, Node77*)",957,-0.6191738819305429,0.2556358669557363,c3,branch_to_eukaryota
"(Node1612*, Node77*)",958,3.804100893285274e-16,0.7870527269252308,c1,branch_to_eukaryota
"(Node1612*, Node77*)",959,0.7293975375299736,0.7870527269252308,c1,branch_to_eukaryota
"(Node1612*, Node77*)",960,0.7075701946210795,0.5443780381213789,c2,branch_to_eukaryota
"(Node1612*, Node77*)",961,-0.3155790889345544,0.2556358669557363,c3,branch_to_eukaryota
"(Node1612*, Node77*)",962,-2.358227741755809e-15,0.5443780381213789,c2,branch_to_eukaryota
"(Node1612*, Node77*)",963,0.0759882529659283,0.0023134757706565,c4,branch_to_eukaryota
"(Node1612*, Node77*)",964,-0.9851581467465684,0.2556358669557363,c3,branch_to_eukaryota
"(Node1612*, Node77*)",965,0.611665210233984,0.2556358669557363,c3,branch_to_eukaryota
"(Node1612*, Node77*)",966,0.6513823904701599,0.2556358669557363,c3,branch_to_eukaryota
"(Node1612*, Node77*)",967,-0.8782233676928778,0.2556358669557363,c3,branch_to_eukaryota
"(Node1612*, Node77*)",968,0.4541149433394473,0.5443780381213789,c2,branch_to_eukaryota
"(Node1612*, Node77*)",969,0.9142245729617752,0.5443780381213789,c2,branch_to_eukaryota
"(Node1612*, Node77*)",970,-0.3560128326772162,0.5443780381213789,c2,branch_to_eukaryota
"(Node1612*, Node77*)",971,-1.2087384922446722,0.5443780381213789,c2,branch_to_eukaryota
"(Node1612*, Node77*)",972,0.957923476293426,0.7870527269252308,c1,branch_to_eukaryota
"(Node1612*, Node77*)",973,-0.9530908127021648,0.2556358669557363,c3,branch_to_eukaryota
"(Node1612*, Node77*)",974,-0.8735271015546368,0.2556358669557363,c3,branch_to_eukaryota
"(Node1612*, Node77*)",975,-7.061234762601245e-16,0.7870527269252308,c1,branch_to_eukaryota
"(Node1612*, Node77*)",976,0.7037780957447841,0.2556358669557363,c3,branch_to_eukaryota
"(Node1612*, Node77*)",977,-0.915921230880557,0.2556358669557363,c3,branch_to_eukaryota
"(Node1612*, Node77*)",978,0.0279382131000441,0.2556358669557363,c3,branch_to_eukaryota
"(Node1612*, Node77*)",979,3.665263026583547e-16,0.5443780381213789,c2,branch_to_eukaryota
"(Node1612*, Node77*)",980,2.5256199472708815e-15,0.5443780381213789,c2,branch_to_eukaryota
"(Node1612*, Node77*)",981,-0.610653449616257,0.5443780381213789,c2,branch_to_eukaryota
"(Node1612*, Node77*)",982,0.9466676290836996,0.7870527269252308,c1,branch_to_eukaryota
"(Node1612*, Node77*)",983,0.5828113524504304,0.7870527269252308,c1,branch_to_eukaryota
"(Node1612*, Node77*)",984,0.5438477660030959,0.7870527269252308,c1,branch_to_eukaryota
"(Node1612*, Node77*)",985,1.1566265395690096,0.5443780381213789,c2,branch_to_eukaryota
"(Node1612*, Node77*)",986,1.033844420499252,0.5443780381213789,c2,branch_to_eukaryota
"(Node1612*, Node77*)",987,0.5230226157168817,0.2556358669557363,c3,branch_to_eukaryota
"(Node1612*, Node77*)",988,0.9179613538769008,0.5443780381213789,c2,branch_to_eukaryota
"(Node1612*, Node77*)",989,-0.2416480743861611,0.2556358669557363,c3,branch_to_eukaryota
"(Node1612*, Node77*)",990,-0.5288130889437537,0.2556358669557363,c3,branch_to_eukaryota
"(Node1612*, Node77*)",991,0.2829923192091406,0.5443780381213789,c2,branch_to_eukaryota
"(Node1612*, Node77*)",992,0.5772718697067563,0.7870527269252308,c1,branch_to_eukaryota
"(Node1612*, Node77*)",993,-0.752180963170137,0.7870527269252308,c1,branch_to_eukaryota
"(Node1612*, Node77*)",994,-0.2373787882998155,0.5443780381213789,c2,branch_to_eukaryota
"(Node1612*, Node77*)",995,0.5438477660030959,0.7870527269252308,c1,branch_to_eukaryota
"(Node1612*, Node77*)",996,0.4615765010600728,0.7870527269252308,c1,branch_to_eukaryota
"(Node1612*, Node77*)",997,-0.6286943327841676,0.5443780381213789,c2,branch_to_eukaryota
"(Node1612*, Node77*)",998,0.9343698384753532,0.5443780381213789,c2,branch_to_eukaryota
"(Node1612*, Node77*)",999,0.957923476293428,0.7870527269252308,c1,branch_to_eukaryota
"(Node1612*, Node77*)",1000,0.9078631806201768,0.7870527269252308,c1,branch_to_eukaryota
"(Node1612*, Node77*)",1001,0.9223618560030388,0.5443780381213789,c2,branch_to_eukaryota
"(Node1612*, Node77*)",1002,0.5387749904822786,0.5443780381213789,c2,branch_to_eukaryota
"(Node1612*, Node77*)",1003,0.5438477660030959,0.7870527269252308,c1,branch_to_eukaryota
"(Node1612*, Node77*)",1004,0.5438477660030958,0.7870527269252308,c1,branch_to_eukaryota
"(Node1612*, Node77*)",1005,0.9748881697355564,0.7870527269252308,c1,branch_to_eukaryota
"(Node1612*, Node77*)",1006,0.0694945068713605,0.5443780381213789,c2,branch_to_eukaryota
"(Node1612*, Node77*)",1007,0.985705228621394,0.7870527269252308,c1,branch_to_eukaryota
"(Node1612*, Node77*)",1008,-0.2139395633351516,0.5443780381213789,c2,branch_to_eukaryota
"(Node1612*, Node77*)",1009,0.5049419828897925,0.7870527269252308,c1,branch_to_eukaryota
"(Node1612*, Node77*)",1010,-0.6307050433960069,0.7870527269252308,c1,branch_to_eukaryota
"(Node1612*, Node77*)",1011,0.9417497559341124,0.7870527269252308,c1,branch_to_eukaryota
"(Node1612*, Node77*)",1012,0.5438477660030959,0.7870527269252308,c1,branch_to_eukaryota
"(Node1612*, Node77*)",1013,1.061713997708012,0.5443780381213789,c2,branch_to_eukaryota
"(Node1612*, Node77*)",1014,1.1127653433085978,0.7870527269252308,c1,branch_to_eukaryota
"(Node1612*, Node77*)",1015,1.5184487821437511,0.7870527269252308,c1,branch_to_eukaryota
"(Node1612*, Node77*)",1016,0.4963730174672796,0.2556358669557363,c3,branch_to_eukaryota
"(Node1612*, Node77*)",1017,-0.3140212955275111,0.2556358669557363,c3,branch_to_eukaryota
"(Node1612*, Node77*)",1018,0.4333322200916969,0.5443780381213789,c2,branch_to_eukaryota
"(Node1612*, Node77*)",1019,0.1283569746189984,0.2556358669557363,c3,branch_to_eukaryota
"(Node1612*, Node77*)",1020,0.6091167766101371,0.5443780381213789,c2,branch_to_eukaryota
"(Node1612*, Node77*)",1021,0.5823359409330976,0.2556358669557363,c3,branch_to_eukaryota
"(Node1612*, Node77*)",1022,0.957923476293428,0.7870527269252308,c1,branch_to_eukaryota
"(Node1612*, Node77*)",1023,0.5438477659894477,0.7870527269252308,c1,branch_to_eukaryota
"(Node1612*, Node77*)",1024,1.110027075777222,0.7870527269252308,c1,branch_to_eukaryota
"(Node1612*, Node77*)",1025,-0.4255220773279562,0.5443780381213789,c2,branch_to_eukaryota
"(Node1612*, Node77*)",1026,0.5536537626070627,0.5443780381213789,c2,branch_to_eukaryota
"(Node1612*, Node77*)",1027,-0.2964648849053707,0.5443780381213789,c2,branch_to_eukaryota
"(Node1612*, Node77*)",1028,1.6362642007121906,0.7870527269252308,c1,branch_to_eukaryota
"(Node1612*, Node77*)",1029,-0.1055605793680974,0.2556358669557363,c3,branch_to_eukaryota
"(Node1612*, Node77*)",1030,-0.1498422955083957,0.2556358669557363,c3,branch_to_eukaryota
"(Node1612*, Node77*)",1031,0.6070274073600788,0.2556358669557363,c3,branch_to_eukaryota
"(Node1612*, Node77*)",1032,1.128661232335873,0.5443780381213789,c2,branch_to_eukaryota
"(Node1612*, Node77*)",1033,-0.1083376711687118,0.5443780381213789,c2,branch_to_eukaryota
"(Node1612*, Node77*)",1034,0.9579234648476408,0.7870527269252308,c1,branch_to_eukaryota
"(Node1612*, Node77*)",1035,1.6351488279067303,0.7870527269252308,c1,branch_to_eukaryota
"(Node1612*, Node77*)",1036,0.9579234762934278,0.7870527269252308,c1,branch_to_eukaryota
"(Node1612*, Node77*)",1037,0.209714845493343,0.7870527269252308,c1,branch_to_eukaryota
"(Node1612*, Node77*)",1038,0.5438477660030959,0.7870527269252308,c1,branch_to_eukaryota
"(Node1612*, Node77*)",1039,0.813222201068228,0.5443780381213789,c2,branch_to_eukaryota
"(Node1612*, Node77*)",1040,0.956786175254408,0.7870527269252308,c1,branch_to_eukaryota
"(Node1612*, Node77*)",1041,1.6362641933765831,0.7870527269252308,c1,branch_to_eukaryota
"(Node1612*, Node77*)",1042,-2.340596242403028e-15,0.5443780381213789,c2,branch_to_eukaryota
"(Node1612*, Node77*)",1043,-0.9742825030478356,0.5443780381213789,c2,branch_to_eukaryota
"(Node1612*, Node77*)",1044,3.340004416992134e-15,0.5443780381213789,c2,branch_to_eukaryota
"(Node1612*, Node77*)",1045,0.5259720310195147,0.2556358669557363,c3,branch_to_eukaryota
"(Node1612*, Node77*)",1046,-0.8895297456389335,0.2556358669557363,c3,branch_to_eukaryota
"(Node1612*, Node77*)",1047,1.1810797243329336,0.2556358669557363,c3,branch_to_eukaryota
"(Node1612*, Node77*)",1048,-0.6035771410977238,0.2556358669557363,c3,branch_to_eukaryota
"(Node1612*, Node77*)",1049,0.2038158704045137,0.2556358669557363,c3,branch_to_eukaryota
"(Node1612*, Node77*)",1050,-0.9433937506470464,0.7870527269252308,c1,branch_to_eukaryota
"(Node1612*, Node77*)",1051,-0.911022633349432,0.5443780381213789,c2,branch_to_eukaryota
"(Node1612*, Node77*)",1052,0.5983521811168809,0.5443780381213789,c2,branch_to_eukaryota
"(Node1612*, Node77*)",1053,-6.588902788237234e-16,0.5443780381213789,c2,branch_to_eukaryota
"(Node1612*, Node77*)",1054,-0.8849851989115682,0.5443780381213789,c2,branch_to_eukaryota
"(Node1612*, Node77*)",1055,0.5731721582714965,0.2556358669557363,c3,branch_to_eukaryota
"(Node1612*, Node77*)",1056,-0.5604824267755154,0.2556358669557363,c3,branch_to_eukaryota
"(Node1612*, Node77*)",1057,1.0616311090947823,0.2556358669557363,c3,branch_to_eukaryota
"(Node1612*, Node77*)",1058,-0.0426993249831444,0.0023134757706565,c4,branch_to_eukaryota
"(Node1612*, Node77*)",1059,-0.1432683056855752,0.0023134757706565,c4,branch_to_eukaryota
"(Node1612*, Node77*)",1060,1.1174258975100575,0.2556358669557363,c3,branch_to_eukaryota
"(Node1612*, Node77*)",1061,0.0,0.2556358669557363,c3,branch_to_eukaryota
"(Node1612*, Node77*)",1062,-0.6889832294468237,0.2556358669557363,c3,branch_to_eukaryota
"(Node1612*, Node77*)",1063,1.2021798602636895,0.5443780381213789,c2,branch_to_eukaryota
"(Node1612*, Node77*)",1064,1.481279003272166,0.7870527269252308,c1,branch_to_eukaryota
"(Node1612*, Node77*)",1065,3.804100893285274e-16,0.7870527269252308,c1,branch_to_eukaryota
"(Node1612*, Node77*)",1066,2.866107768730481e-16,0.7870527269252308,c1,branch_to_eukaryota
"(Node1612*, Node77*)",1067,-1.1735251546252412,0.7870527269252308,c1,branch_to_eukaryota
"(Node1612*, Node77*)",1068,0.577264866229613,0.2556358669557363,c3,branch_to_eukaryota
"(Node1612*, Node77*)",1069,-0.5006398211553956,0.7870527269252308,c1,branch_to_eukaryota
"(Node1612*, Node77*)",1070,1.2186223880093228,0.7870527269252308,c1,branch_to_eukaryota
"(Node1612*, Node77*)",1071,0.577272713171597,0.2556358669557363,c3,branch_to_eukaryota
"(Node1612*, Node77*)",1072,0.543906170957497,0.7870527269252308,c1,branch_to_eukaryota
"(Node1612*, Node77*)",1073,-0.4996296162136464,0.2556358669557363,c3,branch_to_eukaryota
"(Node1612*, Node77*)",1074,0.753191147462951,0.2556358669557363,c3,branch_to_eukaryota
"(Node1612*, Node77*)",1075,0.4898362628231034,0.2556358669557363,c3,branch_to_eukaryota
"(Node1612*, Node77*)",1076,0.444802347156829,0.2556358669557363,c3,branch_to_eukaryota
"(Node1612*, Node77*)",1077,1.6362641485878195,0.7870527269252308,c1,branch_to_eukaryota
"(Node1612*, Node77*)",1078,0.9579234714371198,0.7870527269252308,c1,branch_to_eukaryota
"(Node1612*, Node77*)",1079,0.5438477660030959,0.7870527269252308,c1,branch_to_eukaryota
"(Node1612*, Node77*)",1080,0.5455500399010671,0.7870527269252308,c1,branch_to_eukaryota
"(Node1612*, Node77*)",1081,0.579678616857416,0.7870527269252308,c1,branch_to_eukaryota
"(Node1612*, Node77*)",1082,0.957923476293428,0.7870527269252308,c1,branch_to_eukaryota
"(Node1612*, Node77*)",1083,1.3473417989228822,0.7870527269252308,c1,branch_to_eukaryota
"(Node1612*, Node77*)",1084,0.8634906560780786,0.5443780381213789,c2,branch_to_eukaryota
"(Node1612*, Node77*)",1085,0.8037053269035606,0.5443780381213789,c2,branch_to_eukaryota
"(Node1612*, Node77*)",1086,0.9579234762182745,0.7870527269252308,c1,branch_to_eukaryota
"(Node1612*, Node77*)",1087,0.9547412817412086,0.7870527269252308,c1,branch_to_eukaryota
"(Node1612*, Node77*)",1088,0.9579234751799792,0.7870527269252308,c1,branch_to_eukaryota
"(Node1612*, Node77*)",1089,0.6171115540075,0.2556358669557363,c3,branch_to_eukaryota
"(Node1612*, Node77*)",1090,0.2097148450372647,0.7870527269252308,c1,branch_to_eukaryota
"(Node1612*, Node77*)",1091,-0.9106933577449428,0.5443780381213789,c2,branch_to_eukaryota
"(Node1612*, Node77*)",1092,1.0556219222327277,0.7870527269252308,c1,branch_to_eukaryota
"(Node1612*, Node77*)",1093,0.4962061984684243,0.2556358669557363,c3,branch_to_eukaryota
"(Node1612*, Node77*)",1094,0.5438477660030959,0.7870527269252308,c1,branch_to_eukaryota
"(Node1612*, Node77*)",1095,0.5438477660306767,0.7870527269252308,c1,branch_to_eukaryota
"(Node1612*, Node77*)",1096,-0.4859503107551837,0.5443780381213789,c2,branch_to_eukaryota
"(Node1612*, Node77*)",1097,-0.9533153067612176,0.5443780381213789,c2,branch_to_eukaryota
"(Node1612*, Node77*)",1098,-1.2431987484923044,0.7870527269252308,c1,branch_to_eukaryota
"(Node1612*, Node77*)",1099,0.9579234762934278,0.7870527269252308,c1,branch_to_eukaryota
"(Node1612*, Node77*)",1100,0.5438477660030959,0.7870527269252308,c1,branch_to_eukaryota
"(Node1612*, Node77*)",1101,0.9078631789792782,0.7870527269252308,c1,branch_to_eukaryota
"(Node1612*, Node77*)",1102,1.115139747217597,0.7870527269252308,c1,branch_to_eukaryota
"(Node1612*, Node77*)",1103,0.5438477660030959,0.7870527269252308,c1,branch_to_eukaryota
"(Node1612*, Node77*)",1104,0.9579234762934278,0.7870527269252308,c1,branch_to_eukaryota
"(Node1612*, Node77*)",1105,0.5439061709574968,0.7870527269252308,c1,branch_to_eukaryota
"(Node1612*, Node77*)",1106,1.1974733934505488,0.7870527269252308,c1,branch_to_eukaryota
"(Node1612*, Node77*)",1107,0.5438477660030958,0.7870527269252308,c1,branch_to_eukaryota
"(Node1612*, Node77*)",1108,1.63626420071219,0.7870527269252308,c1,branch_to_eukaryota
"(Node1612*, Node77*)",1109,1.6362642007121906,0.7870527269252308,c1,branch_to_eukaryota
"(Node1612*, Node77*)",1110,-0.958371678957291,0.7870527269252308,c1,branch_to_eukaryota
"(Node1612*, Node77*)",1111,-0.966841851613758,0.5443780381213789,c2,branch_to_eukaryota
"(Node1612*, Node77*)",1112,-0.7562584546736093,0.5443780381213789,c2,branch_to_eukaryota
"(Node1612*, Node77*)",1113,0.957923476283904,0.7870527269252308,c1,branch_to_eukaryota
"(Node1612*, Node77*)",1114,0.907863178979278,0.7870527269252308,c1,branch_to_eukaryota
"(Node1612*, Node77*)",1115,0.5438477660030957,0.7870527269252308,c1,branch_to_eukaryota
"(Node1612*, Node77*)",1116,0.5350071783719756,0.7870527269252308,c1,branch_to_eukaryota
"(Node1612*, Node77*)",1117,0.9078631789792782,0.7870527269252308,c1,branch_to_eukaryota
"(Node1612*, Node77*)",1118,1.6297023274160405,0.7870527269252308,c1,branch_to_eukaryota
"(Node1612*, Node77*)",1119,1.6362641894351493,0.7870527269252308,c1,branch_to_eukaryota
"(Node1612*, Node77*)",1120,1.3850040120688465,0.5443780381213789,c2,branch_to_eukaryota
"(Node1612*, Node77*)",1121,0.4549857031729701,0.5443780381213789,c2,branch_to_eukaryota
"(Node1612*, Node77*)",1122,0.7501598564838291,0.5443780381213789,c2,branch_to_eukaryota
"(Node1612*, Node77*)",1123,1.6362642007121904,0.7870527269252308,c1,branch_to_eukaryota
"(Node1612*, Node77*)",1124,1.105828237030729,0.2556358669557363,c3,branch_to_eukaryota
"(Node1612*, Node77*)",1125,0.7965958787166924,0.5443780381213789,c2,branch_to_eukaryota
"(Node1612*, Node77*)",1126,0.9078632206122054,0.7870527269252308,c1,branch_to_eukaryota
"(Node1612*, Node77*)",1127,0.5438477604043915,0.7870527269252308,c1,branch_to_eukaryota
"(Node1612*, Node77*)",1128,0.5438477660030958,0.7870527269252308,c1,branch_to_eukaryota
"(Node1612*, Node77*)",1129,0.5438477660030959,0.7870527269252308,c1,branch_to_eukaryota
"(Node1612*, Node77*)",1130,1.6362642003423,0.7870527269252308,c1,branch_to_eukaryota
"(Node1612*, Node77*)",1131,0.9343666335527124,0.5443780381213789,c2,branch_to_eukaryota
"(Node1612*, Node77*)",1132,0.5525147464922652,0.5443780381213789,c2,branch_to_eukaryota
"(Node1612*, Node77*)",1133,0.907863178979278,0.7870527269252308,c1,branch_to_eukaryota
"(Node1612*, Node77*)",1134,0.957796329834457,0.7870527269252308,c1,branch_to_eukaryota
"(Node1612*, Node77*)",1135,1.0919203255781669,0.2556358669557363,c3,branch_to_eukaryota
"(Node1612*, Node77*)",1136,-0.8849955437871566,0.2556358669557363,c3,branch_to_eukaryota
"(Node1612*, Node77*)",1137,0.6001588905621906,0.2556358669557363,c3,branch_to_eukaryota
"(Node1612*, Node77*)",1138,0.2602499014532679,0.5443780381213789,c2,branch_to_eukaryota
"(Node1612*, Node77*)",1139,1.5972437890909443,0.5443780381213789,c2,branch_to_eukaryota
"(Node1612*, Node77*)",1140,1.086991345033288,0.7870527269252308,c1,branch_to_eukaryota
"(Node1612*, Node77*)",1141,0.1710203826398623,0.5443780381213789,c2,branch_to_eukaryota
"(Node1612*, Node77*)",1142,0.9343554560379012,0.5443780381213789,c2,branch_to_eukaryota
"(Node1612*, Node77*)",1143,0.2807155106325656,0.2556358669557363,c3,branch_to_eukaryota
"(Node1612*, Node77*)",1144,-0.9164564185979296,0.5443780381213789,c2,branch_to_eukaryota
"(Node1612*, Node77*)",1145,0.6800035476028816,0.5443780381213789,c2,branch_to_eukaryota
"(Node1612*, Node77*)",1146,0.9619860573375052,0.5443780381213789,c2,branch_to_eukaryota
"(Node1612*, Node77*)",1147,0.5011748468175099,0.2556358669557363,c3,branch_to_eukaryota
"(Node1612*, Node77*)",1148,0.7531867567335235,0.2556358669557363,c3,branch_to_eukaryota
"(Node1612*, Node77*)",1149,0.8654609279160608,0.5443780381213789,c2,branch_to_eukaryota
"(Node1612*, Node77*)",1150,-0.0558162219085945,0.0023134757706565,c4,branch_to_eukaryota
"(Node1612*, Node77*)",1151,-0.0927225766193172,0.0023134757706565,c4,branch_to_eukaryota
"(Node1612*, Node77*)",1152,0.0286756739986103,0.0023134757706565,c4,branch_to_eukaryota
"(Node1612*, Node77*)",1153,0.0384720890329863,0.0023134757706565,c4,branch_to_eukaryota
"(Node1612*, Node77*)",1154,-0.003784990025803,0.0023134757706565,c4,branch_to_eukaryota
"(Node1612*, Node77*)",1155,0.4972818493027073,0.2556358669557363,c3,branch_to_eukaryota
"(Node1612*, Node77*)",1156,0.1341454702169964,0.2556358669557363,c3,branch_to_eukaryota
"(Node1612*, Node77*)",1157,0.3457601978031182,0.2556358669557363,c3,branch_to_eukaryota
"(Node1612*, Node77*)",1158,0.53219330876437,0.2556358669557363,c3,branch_to_eukaryota
"(Node1612*, Node77*)",1159,0.238088182263487,0.2556358669557363,c3,branch_to_eukaryota
"(Node1612*, Node77*)",1160,0.744093563818634,0.2556358669557363,c3,branch_to_eukaryota
"(Node1612*, Node77*)",1161,0.1036320406199152,0.2556358669557363,c3,branch_to_eukaryota
"(Node1612*, Node77*)",1162,-0.0765324315354945,0.0023134757706565,c4,branch_to_eukaryota
"(Node1612*, Node77*)",1163,-0.4323158685110497,0.2556358669557363,c3,branch_to_eukaryota
"(Node1612*, Node77*)",1164,-0.0008490095108698,0.2556358669557363,c3,branch_to_eukaryota
"(Node1612*, Node77*)",1165,0.5856248322783761,0.2556358669557363,c3,branch_to_eukaryota
"(Node1612*, Node77*)",1166,0.3463523474142395,0.2556358669557363,c3,branch_to_eukaryota
"(Node1612*, Node77*)",1167,0.1782784511516579,0.2556358669557363,c3,branch_to_eukaryota
"(Node1612*, Node77*)",1168,-0.0560641969641409,0.2556358669557363,c3,branch_to_eukaryota
"(Node1612*, Node77*)",1169,0.8560752641697802,0.2556358669557363,c3,branch_to_eukaryota
"(Node1612*, Node77*)",1170,0.0826547536313812,0.0023134757706565,c4,branch_to_eukaryota
"(Node1612*, Node77*)",1171,0.1248400396438404,0.0023134757706565,c4,branch_to_eukaryota
"(Node1612*, Node77*)",1172,0.0088443743534592,0.0023134757706565,c4,branch_to_eukaryota
"(Node1612*, Node77*)",1173,-0.0054219128002792,0.0023134757706565,c4,branch_to_eukaryota
"(Node1612*, Node77*)",1174,0.7977440512939733,0.2556358669557363,c3,branch_to_eukaryota
"(Node1612*, Node77*)",1175,1.297764963338873,0.2556358669557363,c3,branch_to_eukaryota
"(Node1612*, Node77*)",1176,0.2783339847369128,0.2556358669557363,c3,branch_to_eukaryota
"(Node1612*, Node77*)",1177,0.9343507909895528,0.5443780381213789,c2,branch_to_eukaryota
"(Node1612*, Node77*)",1178,1.1272386690426284,0.5443780381213789,c2,branch_to_eukaryota
"(Node1612*, Node77*)",1179,0.2613190762388626,0.5443780381213789,c2,branch_to_eukaryota
"(Node1612*, Node77*)",1180,0.6253434906891885,0.2556358669557363,c3,branch_to_eukaryota
"(Node1612*, Node77*)",1181,1.5971816070780165,0.5443780381213789,c2,branch_to_eukaryota
"(Node1612*, Node77*)",1182,-0.974281569551585,0.5443780381213789,c2,branch_to_eukaryota
"(Node1612*, Node77*)",1183,0.0935318552076905,0.0023134757706565,c4,branch_to_eukaryota
"(Node1612*, Node77*)",1184,0.484014387645506,0.5443780381213789,c2,branch_to_eukaryota
"(Node1612*, Node77*)",1185,-0.0865701418273067,0.2556358669557363,c3,branch_to_eukaryota
"(Node1612*, Node77*)",1186,0.9579234762917378,0.7870527269252308,c1,branch_to_eukaryota
"(Node1612*, Node77*)",1187,0.0652834280871142,0.2556358669557363,c3,branch_to_eukaryota
"(Node1612*, Node77*)",1188,0.8780539773692472,0.5443780381213789,c2,branch_to_eukaryota
"(Node1612*, Node77*)",1189,0.5438477660033328,0.7870527269252308,c1,branch_to_eukaryota
"(Node1612*, Node77*)",1190,0.5438477660033328,0.7870527269252308,c1,branch_to_eukaryota
"(Node1612*, Node77*)",1191,0.5708139515748059,0.7870527269252308,c1,branch_to_eukaryota
"(Node1612*, Node77*)",1192,0.6342514093833582,0.5443780381213789,c2,branch_to_eukaryota
"(Node1612*, Node77*)",1193,1.6362642006982004,0.7870527269252308,c1,branch_to_eukaryota
"(Node1612*, Node77*)",1194,0.0,0.2556358669557363,c3,branch_to_eukaryota
"(Node1612*, Node77*)",1195,0.4154087472332298,0.2556358669557363,c3,branch_to_eukaryota
"(Node1612*, Node77*)",1196,-0.7693059285242423,0.7870527269252308,c1,branch_to_eukaryota
"(Node1612*, Node77*)",1197,0.5812449504551158,0.7870527269252308,c1,branch_to_eukaryota
"(Node1612*, Node77*)",1198,0.5000921023269417,0.7870527269252308,c1,branch_to_eukaryota
"(Node1612*, Node77*)",1199,0.9343698287911016,0.5443780381213789,c2,branch_to_eukaryota
"(Node1612*, Node77*)",1200,0.6376433195473526,0.5443780381213789,c2,branch_to_eukaryota
"(Node1612*, Node77*)",1201,-1.1868546601232922e-16,0.0023134757706565,c4,branch_to_eukaryota
"(Node1612*, Node77*)",1202,0.870403170916169,0.2556358669557363,c3,branch_to_eukaryota
"(Node1612*, Node77*)",1203,2.8250413836991924e-15,0.5443780381213789,c2,branch_to_eukaryota
"(Node1612*, Node77*)",1204,2.9698094928691768e-15,0.5443780381213789,c2,branch_to_eukaryota
"(Node1612*, Node77*)",1205,-2.7093228373392198e-15,0.5443780381213789,c2,branch_to_eukaryota
"(Node1612*, Node77*)",1206,-0.9112789341505184,0.2556358669557363,c3,branch_to_eukaryota
"(Node1612*, Node77*)",1207,0.5897651063939083,0.2556358669557363,c3,branch_to_eukaryota
"(Node1612*, Node77*)",1208,1.5546698630857816,0.7870527269252308,c1,branch_to_eukaryota
"(Node1612*, Node77*)",1209,1.2190027308853395,0.7870527269252308,c1,branch_to_eukaryota
"(Node1612*, Node77*)",1210,-1.2219762803683711,0.5443780381213789,c2,branch_to_eukaryota
"(Node1612*, Node77*)",1211,1.2618589046218502,0.7870527269252308,c1,branch_to_eukaryota
"(Node1612*, Node77*)",1212,-1.2519499074416685,0.7870527269252308,c1,branch_to_eukaryota
"(Node1612*, Node77*)",1213,-0.9324008831996292,0.7870527269252308,c1,branch_to_eukaryota
"(Node1612*, Node77*)",1214,0.957923476291738,0.7870527269252308,c1,branch_to_eukaryota
"(Node1612*, Node77*)",1215,0.9564463054985316,0.7870527269252308,c1,branch_to_eukaryota
"(Node1612*, Node77*)",1216,0.957923476291738,0.7870527269252308,c1,branch_to_eukaryota
"(Node1612*, Node77*)",1217,0.9143120378035624,0.5443780381213789,c2,branch_to_eukaryota
"(Node1612*, Node77*)",1218,0.543847766003333,0.7870527269252308,c1,branch_to_eukaryota
"(Node1612*, Node77*)",1219,0.858304981083927,0.5443780381213789,c2,branch_to_eukaryota
"(Node1612*, Node77*)",1220,0.9078631789832982,0.7870527269252308,c1,branch_to_eukaryota
"(Node1612*, Node77*)",1221,0.5438477660033328,0.7870527269252308,c1,branch_to_eukaryota
"(Node1612*, Node77*)",1222,1.508107232686813,0.7870527269252308,c1,branch_to_eukaryota
"(Node1612*, Node77*)",1223,0.9564462998449026,0.7870527269252308,c1,branch_to_eukaryota
"(Node1612*, Node77*)",1224,0.6969786248697818,0.2556358669557363,c3,branch_to_eukaryota
"(Node1612*, Node77*)",1225,1.0805790669895587,0.2556358669557363,c3,branch_to_eukaryota
"(Node1612*, Node77*)",1226,1.636264200704284,0.7870527269252308,c1,branch_to_eukaryota
"(Node1612*, Node77*)",1227,0.957923476291738,0.7870527269252308,c1,branch_to_eukaryota
"(Node1612*, Node77*)",1228,1.636264200704284,0.7870527269252308,c1,branch_to_eukaryota
"(Node1612*, Node77*)",1229,0.543847766003333,0.7870527269252308,c1,branch_to_eukaryota
"(Node1612*, Node77*)",1230,0.5438477660033328,0.7870527269252308,c1,branch_to_eukaryota
"(Node1612*, Node77*)",1231,0.957923476291738,0.7870527269252308,c1,branch_to_eukaryota
"(Node1612*, Node77*)",1232,0.7516425906499977,0.2556358669557363,c3,branch_to_eukaryota
"(Node1612*, Node77*)",1233,1.2757665450041826,0.2556358669557363,c3,branch_to_eukaryota
"(Node1612*, Node77*)",1234,0.909980586760024,0.7870527269252308,c1,branch_to_eukaryota
"(Node1612*, Node77*)",1235,0.9343689171702494,0.5443780381213789,c2,branch_to_eukaryota
"(Node1612*, Node77*)",1236,0.5438477660033328,0.7870527269252308,c1,branch_to_eukaryota
"(Node1612*, Node77*)",1237,0.5438477660033328,0.7870527269252308,c1,branch_to_eukaryota
"(Node1612*, Node77*)",1238,0.543847766003333,0.7870527269252308,c1,branch_to_eukaryota
"(Node1612*, Node77*)",1239,1.6362642007042836,0.7870527269252308,c1,branch_to_eukaryota
"(Node1612*, Node77*)",1240,0.9078631789832984,0.7870527269252308,c1,branch_to_eukaryota
"(Node1612*, Node77*)",1241,0.9690360599032962,0.7870527269252308,c1,branch_to_eukaryota
"(Node1612*, Node77*)",1242,0.6911094156844618,0.7870527269252308,c1,branch_to_eukaryota
"(Node1612*, Node77*)",1243,0.543847766003333,0.7870527269252308,c1,branch_to_eukaryota
"(Node1612*, Node77*)",1244,0.543847766003333,0.7870527269252308,c1,branch_to_eukaryota
"(Node1612*, Node77*)",1245,0.9579046769218532,0.7870527269252308,c1,branch_to_eukaryota
"(Node1612*, Node77*)",1246,0.9343445051196376,0.5443780381213789,c2,branch_to_eukaryota
"(Node1612*, Node77*)",1247,0.2097148473587907,0.7870527269252308,c1,branch_to_eukaryota
"(Node1612*, Node77*)",1248,0.543847766003333,0.7870527269252308,c1,branch_to_eukaryota
"(Node1612*, Node77*)",1249,0.9078631789833106,0.7870527269252308,c1,branch_to_eukaryota
"(Node1612*, Node77*)",1250,0.9078631775833692,0.7870527269252308,c1,branch_to_eukaryota
"(Node1612*, Node77*)",1251,0.957923476291738,0.7870527269252308,c1,branch_to_eukaryota
"(Node1612*, Node77*)",1252,0.5537239547316202,0.7870527269252308,c1,branch_to_eukaryota
"(Node1612*, Node77*)",1253,1.6362642007042836,0.7870527269252308,c1,branch_to_eukaryota
"(Node1612*, Node77*)",1254,0.957923476291738,0.7870527269252308,c1,branch_to_eukaryota
"(Node1612*, Node77*)",1255,0.957923476291738,0.7870527269252308,c1,branch_to_eukaryota
"(Node1612*, Node77*)",1256,0.721833210541245,0.7870527269252308,c1,branch_to_eukaryota
"(Node1612*, Node77*)",1257,0.7693904261674558,0.7870527269252308,c1,branch_to_eukaryota
"(Node1612*, Node77*)",1258,0.934159303607862,0.5443780381213789,c2,branch_to_eukaryota
"(Node1612*, Node77*)",1259,0.6168110449525959,0.5443780381213789,c2,branch_to_eukaryota
"(Node1612*, Node77*)",1260,0.940754398075783,0.7870527269252308,c1,branch_to_eukaryota
"(Node1612*, Node77*)",1261,1.535210540919387,0.7870527269252308,c1,branch_to_eukaryota
"(Node1612*, Node77*)",1262,0.5779561528925056,0.7870527269252308,c1,branch_to_eukaryota
"(Node1612*, Node77*)",1263,9.225374408542605e-16,0.7870527269252308,c1,branch_to_eukaryota
"(Node1612*, Node77*)",1264,1.6362641895913013,0.7870527269252308,c1,branch_to_eukaryota
"(Node1612*, Node77*)",1265,0.0,0.2556358669557363,c3,branch_to_eukaryota
"(Node1612*, Node77*)",1266,0.5438477660044826,0.7870527269252308,c1,branch_to_eukaryota
"(Node1612*, Node77*)",1267,1.6362642007042836,0.7870527269252308,c1,branch_to_eukaryota
"(Node1612*, Node77*)",1268,-0.8493893998245239,0.7870527269252308,c1,branch_to_eukaryota
"(Node1612*, Node77*)",1269,0.5438477660033327,0.7870527269252308,c1,branch_to_eukaryota
"(Node1612*, Node77*)",1270,0.9579231203548636,0.7870527269252308,c1,branch_to_eukaryota
"(Node1612*, Node77*)",1271,0.4819899640163852,0.7870527269252308,c1,branch_to_eukaryota
"(Node1612*, Node77*)",1272,-1.010544349614749,0.5443780381213789,c2,branch_to_eukaryota
"(Node1612*, Node77*)",1273,0.9579234762917376,0.7870527269252308,c1,branch_to_eukaryota
"(Node1612*, Node77*)",1274,0.9078848186861642,0.7870527269252308,c1,branch_to_eukaryota
"(Node1612*, Node77*)",1275,0.9579234762917376,0.7870527269252308,c1,branch_to_eukaryota
"(Node1612*, Node77*)",1276,0.9534311483112272,0.7870527269252308,c1,branch_to_eukaryota
"(Node1612*, Node77*)",1277,0.5438477508467298,0.7870527269252308,c1,branch_to_eukaryota
"(Node1612*, Node77*)",1278,0.9343693204469772,0.5443780381213789,c2,branch_to_eukaryota
"(Node1612*, Node77*)",1279,1.4739455104165955,0.5443780381213789,c2,branch_to_eukaryota
"(Node1612*, Node77*)",1280,1.080324984277042,0.5443780381213789,c2,branch_to_eukaryota
"(Node1612*, Node77*)",1281,0.908323098263245,0.7870527269252308,c1,branch_to_eukaryota
"(Node1612*, Node77*)",1282,0.9579234573791946,0.7870527269252308,c1,branch_to_eukaryota
"(Node1612*, Node77*)",1283,1.5438570110225365,0.7870527269252308,c1,branch_to_eukaryota
"(Node1612*, Node77*)",1284,0.9579234762917378,0.7870527269252308,c1,branch_to_eukaryota
"(Node1612*, Node77*)",1285,0.957923476291738,0.7870527269252308,c1,branch_to_eukaryota
"(Node1612*, Node77*)",1286,1.2215085951597058,0.7870527269252308,c1,branch_to_eukaryota
"(Node1612*, Node77*)",1287,0.9078631789832986,0.7870527269252308,c1,branch_to_eukaryota
"(Node1612*, Node77*)",1288,0.9850808697066654,0.5443780381213789,c2,branch_to_eukaryota
"(Node1612*, Node77*)",1289,0.5438477660033327,0.7870527269252308,c1,branch_to_eukaryota
"(Node1612*, Node77*)",1290,0.5438477660033328,0.7870527269252308,c1,branch_to_eukaryota
"(Node1612*, Node77*)",1291,0.9078631789832984,0.7870527269252308,c1,branch_to_eukaryota
"(Node1612*, Node77*)",1292,0.9748881697399095,0.7870527269252308,c1,branch_to_eukaryota
"(Node1612*, Node77*)",1293,-0.5006398064059516,0.7870527269252308,c1,branch_to_eukaryota
"(Node1612*, Node77*)",1294,0.9579234762038832,0.7870527269252308,c1,branch_to_eukaryota
"(Node1612*, Node77*)",1295,0.543847766003333,0.7870527269252308,c1,branch_to_eukaryota
"(Node1612*, Node77*)",1296,0.8470136408220669,0.2556358669557363,c3,branch_to_eukaryota
"(Node1612*, Node77*)",1297,0.5233299407276921,0.5443780381213789,c2,branch_to_eukaryota
"(Node1612*, Node77*)",1298,1.597243748378275,0.5443780381213789,c2,branch_to_eukaryota
"(Node1612*, Node77*)",1299,0.2941158181785471,0.5443780381213789,c2,branch_to_eukaryota
"(Node1612*, Node77*)",1300,0.5438477745158341,0.7870527269252308,c1,branch_to_eukaryota
"(Node1612*, Node77*)",1301,1.6348868417769316,0.7870527269252308,c1,branch_to_eukaryota
"(Node1612*, Node77*)",1302,0.7491530291356863,0.5443780381213789,c2,branch_to_eukaryota
"(Node1612*, Node77*)",1303,1.6362642007042834,0.7870527269252308,c1,branch_to_eukaryota
"(Node1612*, Node77*)",1304,-0.8074669824452919,0.7870527269252308,c1,branch_to_eukaryota
"(Node1612*, Node77*)",1305,0.4097551702994563,0.5443780381213789,c2,branch_to_eukaryota
"(Node1612*, Node77*)",1306,0.875720221864227,0.5443780381213789,c2,branch_to_eukaryota
"(Node1612*, Node77*)",1307,0.3722674376252916,0.5443780381213789,c2,branch_to_eukaryota
"(Node1612*, Node77*)",1308,0.5438477660032683,0.7870527269252308,c1,branch_to_eukaryota
"(Node1612*, Node77*)",1309,0.2097148473587906,0.7870527269252308,c1,branch_to_eukaryota
"(Node1612*, Node77*)",1310,-0.8171680726969253,0.5443780381213789,c2,branch_to_eukaryota
"(Node1612*, Node77*)",1311,1.636262696240896,0.7870527269252308,c1,branch_to_eukaryota
"(Node1612*, Node77*)",1312,0.9078631789832984,0.7870527269252308,c1,branch_to_eukaryota
"(Node1612*, Node77*)",1313,0.950210887129172,0.5443780381213789,c2,branch_to_eukaryota
"(Node1612*, Node77*)",1314,0.543847766003333,0.7870527269252308,c1,branch_to_eukaryota
"(Node1612*, Node77*)",1315,1.6362642007042831,0.7870527269252308,c1,branch_to_eukaryota
"(Node1612*, Node77*)",1316,1.6362642007042834,0.7870527269252308,c1,branch_to_eukaryota
"(Node1612*, Node77*)",1317,0.6231128608955847,0.5443780381213789,c2,branch_to_eukaryota
"(Node1612*, Node77*)",1318,0.7527817797988352,0.2556358669557363,c3,branch_to_eukaryota
"(Node1612*, Node77*)",1319,0.9343494946637638,0.5443780381213789,c2,branch_to_eukaryota
"(Node1612*, Node77*)",1320,-0.6663679582735532,0.2556358669557363,c3,branch_to_eukaryota
"(Node1612*, Node77*)",1321,-0.5385269205827571,0.2556358669557363,c3,branch_to_eukaryota
"(Node1612*, Node77*)",1322,1.1819911878150455,0.7870527269252308,c1,branch_to_eukaryota
"(Node1612*, Node77*)",1323,-0.6824247300230559,0.5443780381213789,c2,branch_to_eukaryota
"(Node1612*, Node77*)",1324,0.9289489101952472,0.7870527269252308,c1,branch_to_eukaryota
"(Node1612*, Node77*)",1325,-0.6444420190445038,0.7870527269252308,c1,branch_to_eukaryota
"(Node1612*, Node77*)",1326,-0.6421608482861413,0.5443780381213789,c2,branch_to_eukaryota
"(Node1612*, Node77*)",1327,0.6911465329973547,0.7870527269252308,c1,branch_to_eukaryota
"(Node1612*, Node77*)",1328,1.199995474069555,0.5443780381213789,c2,branch_to_eukaryota
"(Node1612*, Node77*)",1329,0.0,0.2556358669557363,c3,branch_to_eukaryota
"(Node1612*, Node77*)",1330,0.4602336651010623,0.2556358669557363,c3,branch_to_eukaryota
"(Node1612*, Node77*)",1331,-0.0895972526429011,0.2556358669557363,c3,branch_to_eukaryota
"(Node1612*, Node77*)",1332,0.0009603808202984,0.0023134757706565,c4,branch_to_eukaryota
"(Node1612*, Node77*)",1333,0.0015075187488758,0.0023134757706565,c4,branch_to_eukaryota
"(Node1612*, Node77*)",1334,-0.5889537717143458,0.5443780381213789,c2,branch_to_eukaryota
"(Node1612*, Node77*)",1335,-0.5118778370639161,0.2556358669557363,c3,branch_to_eukaryota
"(Node1612*, Node77*)",1336,-0.857587221057789,0.5443780381213789,c2,branch_to_eukaryota
"(Node1612*, Node77*)",1337,-0.7420563686107988,0.2556358669557363,c3,branch_to_eukaryota
"(Node1612*, Node77*)",1338,-0.1205120047373938,0.0023134757706565,c4,branch_to_eukaryota
"(Node1612*, Node77*)",1339,-0.1450735428445018,0.0023134757706565,c4,branch_to_eukaryota
"(Node1612*, Node77*)",1340,0.0,0.2556358669557363,c3,branch_to_eukaryota
"(Node1612*, Node77*)",1341,5.817528850245164e-17,0.5443780381213789,c2,branch_to_eukaryota
"(Node1612*, Node77*)",1342,-0.7301220942799371,0.2556358669557363,c3,branch_to_eukaryota
"(Node1612*, Node77*)",1343,0.528021996851741,0.2556358669557363,c3,branch_to_eukaryota
"(Node1612*, Node77*)",1344,0.0,0.2556358669557363,c3,branch_to_eukaryota
"(Node1612*, Node77*)",1345,0.0,0.2556358669557363,c3,branch_to_eukaryota
"(Node1612*, Node77*)",1346,0.0,0.2556358669557363,c3,branch_to_eukaryota
"(Node1612*, Node77*)",1347,0.0,0.2556358669557363,c3,branch_to_eukaryota
"(Node1612*, Node77*)",1348,0.0,0.0023134757706565,c4,branch_to_eukaryota
"(Node1612*, Node77*)",1349,0.0,0.0023134757706565,c4,branch_to_eukaryota
"(Node1612*, Node77*)",1350,0.0,0.0023134757706565,c4,branch_to_eukaryota
"(Node1612*, Node77*)",1351,0.0,0.2556358669557363,c3,branch_to_eukaryota
"(Node1612*, Node77*)",1352,0.0,0.0023134757706565,c4,branch_to_eukaryota
"(Node1612*, Node77*)",1353,0.0,0.0023134757706565,c4,branch_to_eukaryota
"(Node1612*, Node77*)",1354,0.0,0.0023134757706565,c4,branch_to_eukaryota
"(Node1612*, Node77*)",1355,0.0,0.2556358669557363,c3,branch_to_eukaryota
"(Node1612*, Node77*)",1356,0.0,0.2556358669557363,c3,branch_to_eukaryota
"(Node1612*, Node77*)",1357,1.0836430164525267e-16,0.5443780381213789,c2,branch_to_eukaryota
"(Node1612*, Node77*)",1358,2.86610776873173e-16,0.7870527269252308,c1,branch_to_eukaryota
"(Node1612*, Node77*)",1359,8.169238171501227e-17,0.5443780381213789,c2,branch_to_eukaryota
"(Node1612*, Node77*)",1360,3.6061840119358883e-16,0.7870527269252308,c1,branch_to_eukaryota
"(Node1612*, Node77*)",1361,0.0,0.2556358669557363,c3,branch_to_eukaryota
"(Node1612*, Node77*)",1362,0.0,0.0023134757706565,c4,branch_to_eukaryota
"(Node1612*, Node77*)",1363,0.0,0.0023134757706565,c4,branch_to_eukaryota
"(Node1612*, Node77*)",1364,0.0,0.0023134757706565,c4,branch_to_eukaryota
"(Node1612*, Node77*)",1365,0.0,0.2556358669557363,c3,branch_to_eukaryota
"(Node1612*, Node77*)",1366,0.0,0.0023134757706565,c4,branch_to_eukaryota
"(Node1612*, Node77*)",1367,0.0,0.0023134757706565,c4,branch_to_eukaryota
"(Node1612*, Node77*)",1368,0.0,0.0023134757706565,c4,branch_to_eukaryota
"(Node1612*, Node77*)",1369,-0.3209206664414168,0.2556358669557363,c3,branch_to_eukaryota
"(Node1612*, Node77*)",1370,-0.0674768605605453,0.2556358669557363,c3,branch_to_eukaryota
"(Node1612*, Node77*)",1371,0.0,0.2556358669557363,c3,branch_to_eukaryota
"(Node1612*, Node77*)",1372,0.0,0.2556358669557363,c3,branch_to_eukaryota
"(Node1612*, Node77*)",1373,0.0,0.0023134757706565,c4,branch_to_eukaryota
"(Node1612*, Node77*)",1374,0.0,0.0023134757706565,c4,branch_to_eukaryota
"(Node1612*, Node77*)",1375,-0.5604059018178361,0.2556358669557363,c3,branch_to_eukaryota
"(Node1612*, Node77*)",1376,-0.0951733381236144,0.2556358669557363,c3,branch_to_eukaryota
"(Node1612*, Node77*)",1377,0.5687430321454034,0.5443780381213789,c2,branch_to_eukaryota
"(Node1612*, Node77*)",1378,-0.4959147723438583,0.2556358669557363,c3,branch_to_eukaryota
"(Node1612*, Node77*)",1379,0.1504895156102915,0.2556358669557363,c3,branch_to_eukaryota
"(Node1612*, Node77*)",1380,-0.3366688822000894,0.5443780381213789,c2,branch_to_eukaryota
"(Node1612*, Node77*)",1381,0.2785346679466251,0.2556358669557363,c3,branch_to_eukaryota
"(Node1612*, Node77*)",1382,-0.2475711295812093,0.2556358669557363,c3,branch_to_eukaryota
"(Node1612*, Node77*)",1383,0.6937761268522373,0.2556358669557363,c3,branch_to_eukaryota
"(Node1612*, Node77*)",1384,1.2953541061978269,0.5443780381213789,c2,branch_to_eukaryota
"(Node1612*, Node77*)",1385,-0.1441933040627658,0.2556358669557363,c3,branch_to_eukaryota
"(Node1612*, Node77*)",1386,-0.4971846710554249,0.2556358669557363,c3,branch_to_eukaryota
"(Node1612*, Node77*)",1387,0.0,0.0023134757706565,c4,branch_to_eukaryota
"(Node1612*, Node77*)",1388,0.0,0.0023134757706565,c4,branch_to_eukaryota
"(Node1612*, Node77*)",1389,0.0,0.2556358669557363,c3,branch_to_eukaryota
"(Node1612*, Node77*)",1390,0.0,0.2556358669557363,c3,branch_to_eukaryota
"(Node1612*, Node77*)",1391,0.4007699321046628,0.2556358669557363,c3,branch_to_eukaryota
"(Node1612*, Node77*)",1392,0.8071566503257319,0.7870527269252308,c1,branch_to_eukaryota
"(Node1612*, Node77*)",1393,-0.72563715842962,0.7870527269252308,c1,branch_to_eukaryota
"(Node1612*, Node77*)",1394,-1.1918041448063958,0.7870527269252308,c1,branch_to_eukaryota
"(Node1612*, Node77*)",1395,-0.0771250221617213,0.2556358669557363,c3,branch_to_eukaryota
"(Node1612*, Node77*)",1396,-0.1219602516331843,0.0023134757706565,c4,branch_to_eukaryota
"(Node1612*, Node77*)",1397,-0.1855940735444784,0.0023134757706565,c4,branch_to_eukaryota
"(Node1612*, Node77*)",1398,-0.1152655131917108,0.0023134757706565,c4,branch_to_eukaryota
"(Node1612*, Node77*)",1399,-0.7523573282490221,0.2556358669557363,c3,branch_to_eukaryota
"(Node1612*, Node77*)",1400,-0.2512026906019616,0.2556358669557363,c3,branch_to_eukaryota
"(Node1612*, Node77*)",1401,-0.3195358178329701,0.2556358669557363,c3,branch_to_eukaryota
"(Node1612*, Node77*)",1402,-0.2806658477847009,0.2556358669557363,c3,branch_to_eukaryota
"(Node1612*, Node77*)",1403,0.758957994827749,0.5443780381213789,c2,branch_to_eukaryota
"(Node1612*, Node77*)",1404,-0.4546773494640299,0.5443780381213789,c2,branch_to_eukaryota
"(Node1612*, Node77*)",1405,-2.5089131605968066e-15,0.5443780381213789,c2,branch_to_eukaryota
"(Node1612*, Node77*)",1406,-2.4993699233829908e-15,0.5443780381213789,c2,branch_to_eukaryota
"(Node1612*, Node77*)",1407,2.137738750459321e-16,0.2556358669557363,c3,branch_to_eukaryota
"(Node1612*, Node77*)",1408,-4.822473924830287e-16,0.7870527269252308,c1,branch_to_eukaryota
"(Node1612*, Node77*)",1409,-0.7552031613786522,0.7870527269252308,c1,branch_to_eukaryota
"(Node1612*, Node77*)",1410,0.957923476291738,0.7870527269252308,c1,branch_to_eukaryota
"(Node1612*, Node77*)",1411,0.9579234762917376,0.7870527269252308,c1,branch_to_eukaryota
"(Node1612*, Node77*)",1412,0.8577464979594618,0.7870527269252308,c1,branch_to_eukaryota
"(Node1612*, Node77*)",1413,0.9579234762917378,0.7870527269252308,c1,branch_to_eukaryota
"(Node1612*, Node77*)",1414,0.5577832624532219,0.5443780381213789,c2,branch_to_eukaryota
"(Node1612*, Node77*)",1415,0.9078631789832984,0.7870527269252308,c1,branch_to_eukaryota
"(Node1612*, Node77*)",1416,0.9579234159867216,0.7870527269252308,c1,branch_to_eukaryota
"(Node1612*, Node77*)",1417,1.6362642007042834,0.7870527269252308,c1,branch_to_eukaryota
"(Node1612*, Node77*)",1418,0.5438477660033328,0.7870527269252308,c1,branch_to_eukaryota
"(Node1612*, Node77*)",1419,0.9087313514641728,0.7870527269252308,c1,branch_to_eukaryota
"(Node1612*, Node77*)",1420,0.9579234762917376,0.7870527269252308,c1,branch_to_eukaryota
"(Node1612*, Node77*)",1421,0.9579234762917378,0.7870527269252308,c1,branch_to_eukaryota
"(Node1612*, Node77*)",1422,1.5971384769274426,0.5443780381213789,c2,branch_to_eukaryota
"(Node1612*, Node77*)",1423,1.5501126409574817,0.7870527269252308,c1,branch_to_eukaryota
"(Node1612*, Node77*)",1424,0.957923476291738,0.7870527269252308,c1,branch_to_eukaryota
"(Node1612*, Node77*)",1425,0.9752351006742904,0.7870527269252308,c1,branch_to_eukaryota
"(Node1612*, Node77*)",1426,1.2190027308853395,0.7870527269252308,c1,branch_to_eukaryota
"(Node1612*, Node77*)",1427,-1.2285084379271214,0.7870527269252308,c1,branch_to_eukaryota
"(Node1612*, Node77*)",1428,1.3946960029029558,0.7870527269252308,c1,branch_to_eukaryota
"(Node1612*, Node77*)",1429,1.3089982816040375,0.7870527269252308,c1,branch_to_eukaryota
"(Node1612*, Node77*)",1430,0.5458130195601039,0.7870527269252308,c1,branch_to_eukaryota
"(Node1612*, Node77*)",1431,0.9579234630077808,0.7870527269252308,c1,branch_to_eukaryota
"(Node1612*, Node77*)",1432,1.308998257160367,0.7870527269252308,c1,branch_to_eukaryota
"(Node1612*, Node77*)",1433,0.9260825754034973,0.7870527269252308,c1,branch_to_eukaryota
"(Node1612*, Node77*)",1434,1.633826906840679,0.7870527269252308,c1,branch_to_eukaryota
"(Node1612*, Node77*)",1435,0.9579234762917378,0.7870527269252308,c1,branch_to_eukaryota
"(Node1612*, Node77*)",1436,0.9078631789832984,0.7870527269252308,c1,branch_to_eukaryota
"(Node1612*, Node77*)",1437,0.9579234712809924,0.7870527269252308,c1,branch_to_eukaryota
"(Node1612*, Node77*)",1438,-1.215391367762784,0.5443780381213789,c2,branch_to_eukaryota
"(Node1612*, Node77*)",1439,-0.4057996660147959,0.5443780381213789,c2,branch_to_eukaryota
"(Node1612*, Node77*)",1440,0.4498493970939405,0.7870527269252308,c1,branch_to_eukaryota
"(Node1612*, Node77*)",1441,0.9748884064635182,0.7870527269252308,c1,branch_to_eukaryota
"(Node1612*, Node77*)",1442,0.9579234762917378,0.7870527269252308,c1,branch_to_eukaryota
"(Node1612*, Node77*)",1443,0.5438477660033331,0.7870527269252308,c1,branch_to_eukaryota
"(Node1612*, Node77*)",1444,-0.5617450512260412,0.5443780381213789,c2,branch_to_eukaryota
"(Node1612*, Node77*)",1445,-1.0601676068982009,0.5443780381213789,c2,branch_to_eukaryota
"(Node1612*, Node77*)",1446,0.97488822378924,0.7870527269252308,c1,branch_to_eukaryota
"(Node1612*, Node77*)",1447,0.9579234714966895,0.7870527269252308,c1,branch_to_eukaryota
"(Node1612*, Node77*)",1448,0.9078631839906414,0.7870527269252308,c1,branch_to_eukaryota
"(Node1612*, Node77*)",1449,1.5264981447945083,0.5443780381213789,c2,branch_to_eukaryota
"(Node1612*, Node77*)",1450,0.4551043933821195,0.5443780381213789,c2,branch_to_eukaryota
"(Node1612*, Node77*)",1451,-0.5316055630813165,0.5443780381213789,c2,branch_to_eukaryota
"(Node1612*, Node77*)",1452,0.4371976978268159,0.5443780381213789,c2,branch_to_eukaryota
"(Node1612*, Node77*)",1453,0.9078631789832984,0.7870527269252308,c1,branch_to_eukaryota
"(Node1612*, Node77*)",1454,0.9748884064635182,0.7870527269252308,c1,branch_to_eukaryota
"(Node1612*, Node77*)",1455,0.1855844316485445,0.7870527269252308,c1,branch_to_eukaryota
"(Node1612*, Node77*)",1456,0.5438477660033328,0.7870527269252308,c1,branch_to_eukaryota
"(Node1612*, Node77*)",1457,-0.932714101926142,0.7870527269252308,c1,branch_to_eukaryota
"(Node1612*, Node77*)",1458,0.9078631789832984,0.7870527269252308,c1,branch_to_eukaryota
"(Node1612*, Node77*)",1459,0.9857052289103369,0.7870527269252308,c1,branch_to_eukaryota
"(Node1612*, Node77*)",1460,-0.3930635505917492,0.5443780381213789,c2,branch_to_eukaryota
"(Node1612*, Node77*)",1461,0.5023071870089231,0.5443780381213789,c2,branch_to_eukaryota
"(Node1612*, Node77*)",1462,0.4972534366156803,0.5443780381213789,c2,branch_to_eukaryota
"(Node1612*, Node77*)",1463,1.2735921338602023,0.5443780381213789,c2,branch_to_eukaryota
"(Node1612*, Node77*)",1464,0.543847766003333,0.7870527269252308,c1,branch_to_eukaryota
"(Node1612*, Node77*)",1465,0.543847766003333,0.7870527269252308,c1,branch_to_eukaryota
"(Node1612*, Node77*)",1466,1.6362642007042834,0.7870527269252308,c1,branch_to_eukaryota
"(Node1612*, Node77*)",1467,0.9579234735071278,0.7870527269252308,c1,branch_to_eukaryota
"(Node1612*, Node77*)",1468,0.543847786199209,0.7870527269252308,c1,branch_to_eukaryota
"(Node1612*, Node77*)",1469,0.9563949711577387,0.7870527269252308,c1,branch_to_eukaryota
"(Node1612*, Node77*)",1470,1.6362641485799378,0.7870527269252308,c1,branch_to_eukaryota
"(Node1612*, Node77*)",1471,0.9579234762917378,0.7870527269252308,c1,branch_to_eukaryota
"(Node1612*, Node77*)",1472,0.2450875267759171,0.7870527269252308,c1,branch_to_eukaryota
"(Node1612*, Node77*)",1473,0.9080853588728336,0.7870527269252308,c1,branch_to_eukaryota
"(Node1612*, Node77*)",1474,0.5438477660033328,0.7870527269252308,c1,branch_to_eukaryota
"(Node1612*, Node77*)",1475,1.62967154310791,0.7870527269252308,c1,branch_to_eukaryota
"(Node1612*, Node77*)",1476,1.6297011324933892,0.7870527269252308,c1,branch_to_eukaryota
"(Node1612*, Node77*)",1477,1.241990948777002,0.7870527269252308,c1,branch_to_eukaryota
"(Node1612*, Node77*)",1478,1.145317851018271,0.2556358669557363,c3,branch_to_eukaryota
"(Node1612*, Node77*)",1479,-0.7352292994101459,0.5443780381213789,c2,branch_to_eukaryota
"(Node1612*, Node77*)",1480,0.6184479648860658,0.2556358669557363,c3,branch_to_eukaryota
"(Node1612*, Node77*)",1481,1.298399875611589,0.2556358669557363,c3,branch_to_eukaryota
"(Node1612*, Node77*)",1482,1.253286017053108,0.2556358669557363,c3,branch_to_eukaryota
"(Node1612*, Node77*)",1483,0.1657986702437437,0.2556358669557363,c3,branch_to_eukaryota
"(Node1612*, Node77*)",1484,1.618128492788874e-16,0.2556358669557363,c3,branch_to_eukaryota
"(Node1612*, Node77*)",1485,1.032442366204402,0.2556358669557363,c3,branch_to_eukaryota
"(Node1612*, Node77*)",1486,0.4264796918789327,0.2556358669557363,c3,branch_to_eukaryota
"(Node1612*, Node77*)",1487,0.4552989346125947,0.5443780381213789,c2,branch_to_eukaryota
"(Node1612*, Node77*)",1488,0.6402934049055276,0.5443780381213789,c2,branch_to_eukaryota
"(Node1612*, Node77*)",1489,-5.858644779675761e-17,0.0023134757706565,c4,branch_to_eukaryota
"(Node1612*, Node77*)",1490,0.882794985554082,0.7870527269252308,c1,branch_to_eukaryota
"(Node1612*, Node77*)",1491,-0.6878655189079321,0.7870527269252308,c1,branch_to_eukaryota
"(Node1612*, Node77*)",1492,0.4608656274527543,0.5443780381213789,c2,branch_to_eukaryota
"(Node1612*, Node77*)",1493,1.145852282926605,0.5443780381213789,c2,branch_to_eukaryota
"(Node1612*, Node77*)",1494,0.7478925475855972,0.2556358669557363,c3,branch_to_eukaryota
"(Node1612*, Node77*)",1495,-0.000105315813953,0.0023134757706565,c4,branch_to_eukaryota
"(Node1612*, Node77*)",1496,0.4425717238524797,0.5443780381213789,c2,branch_to_eukaryota
"(Node1612*, Node77*)",1497,-0.0072820455875352,0.0023134757706565,c4,branch_to_eukaryota
"(Node1612*, Node77*)",1498,-0.5355194074841704,0.5443780381213789,c2,branch_to_eukaryota
"(Node1612*, Node77*)",1499,-0.1206044821156735,0.0023134757706565,c4,branch_to_eukaryota
"(Node1612*, Node77*)",1500,0.0521970581726019,0.0023134757706565,c4,branch_to_eukaryota
"(Node1612*, Node77*)",1501,-0.0003353861617045,0.0023134757706565,c4,branch_to_eukaryota
"(Node1612*, Node77*)",1502,-0.0200973610264023,0.0023134757706565,c4,branch_to_eukaryota
"(Node1612*, Node77*)",1503,0.0698305590854383,0.0023134757706565,c4,branch_to_eukaryota
"(Node1612*, Node77*)",1504,0.1792691215988772,0.2556358669557363,c3,branch_to_eukaryota
"(Node1612*, Node77*)",1505,0.1351587372476973,0.2556358669557363,c3,branch_to_eukaryota
"(Node1612*, Node77*)",1506,0.0893170722858844,0.0023134757706565,c4,branch_to_eukaryota
"(Node1612*, Node77*)",1507,-0.2800138742830208,0.2556358669557363,c3,branch_to_eukaryota
"(Node1612*, Node77*)",1508,0.1075057450354068,0.2556358669557363,c3,branch_to_eukaryota
"(Node1612*, Node77*)",1509,0.4345377514838665,0.2556358669557363,c3,branch_to_eukaryota
"(Node1612*, Node77*)",1510,0.0318537554215525,0.0023134757706565,c4,branch_to_eukaryota
"(Node1612*, Node77*)",1511,0.0364618117015953,0.0023134757706565,c4,branch_to_eukaryota
"(Node1612*, Node77*)",1512,0.0487005054443187,0.0023134757706565,c4,branch_to_eukaryota
"(Node1612*, Node77*)",1513,-0.5196152075277927,0.5443780381213789,c2,branch_to_eukaryota
"(Node1612*, Node77*)",1514,0.0285786905574566,0.0023134757706565,c4,branch_to_eukaryota
"(Node1612*, Node77*)",1515,-0.1921227637563738,0.2556358669557363,c3,branch_to_eukaryota
"(Node1612*, Node77*)",1516,-0.0173881098685946,0.5443780381213789,c2,branch_to_eukaryota
"(Node1612*, Node77*)",1517,5.515958163459517e-17,0.0023134757706565,c4,branch_to_eukaryota
"(Node1612*, Node77*)",1518,8.067197193525819e-17,0.0023134757706565,c4,branch_to_eukaryota
"(Node1612*, Node77*)",1519,-2.7329809730828677e-17,0.0023134757706565,c4,branch_to_eukaryota
"(Node1612*, Node77*)",1520,0.4362180465088385,0.2556358669557363,c3,branch_to_eukaryota
"(Node1612*, Node77*)",1521,0.6633143373703686,0.5443780381213789,c2,branch_to_eukaryota
"(Node1612*, Node77*)",1522,0.6888878809695814,0.2556358669557363,c3,branch_to_eukaryota
"(Node1612*, Node77*)",1523,-0.5851602653592011,0.5443780381213789,c2,branch_to_eukaryota
"(Node1612*, Node77*)",1524,1.1898069264931803,0.7870527269252308,c1,branch_to_eukaryota
"(Node1612*, Node77*)",1525,-0.4949490484035474,0.7870527269252308,c1,branch_to_eukaryota
"(Node1612*, Node77*)",1526,1.0928806304135,0.5443780381213789,c2,branch_to_eukaryota
"(Node1612*, Node77*)",1527,0.8648821037399924,0.5443780381213789,c2,branch_to_eukaryota
"(Node1612*, Node77*)",1528,0.17250603842678,0.2556358669557363,c3,branch_to_eukaryota
"(Node1612*, Node77*)",1529,0.114425416947242,0.0023134757706565,c4,branch_to_eukaryota
"(Node1612*, Node77*)",1530,0.0433335336275805,0.0023134757706565,c4,branch_to_eukaryota
"(Node1612*, Node77*)",1531,0.7296383831058268,0.2556358669557363,c3,branch_to_eukaryota
"(Node1612*, Node77*)",1532,0.7530021947342179,0.2556358669557363,c3,branch_to_eukaryota
"(Node1612*, Node77*)",1533,0.9343584302676116,0.5443780381213789,c2,branch_to_eukaryota
"(Node1612*, Node77*)",1534,0.5438477700637885,0.7870527269252308,c1,branch_to_eukaryota
"(Node1612*, Node77*)",1535,1.6362621726485045,0.7870527269252308,c1,branch_to_eukaryota
"(Node1612*, Node77*)",1536,0.3164404877221556,0.5443780381213789,c2,branch_to_eukaryota
"(Node1612*, Node77*)",1537,-0.7341251601109998,0.7870527269252308,c1,branch_to_eukaryota
"(Node1612*, Node77*)",1538,1.3882946318777292,0.5443780381213789,c2,branch_to_eukaryota
"(Node1612*, Node77*)",1539,1.5340130901760047,0.5443780381213789,c2,branch_to_eukaryota
"(Node1612*, Node77*)",1540,-0.665516486905097,0.2556358669557363,c3,branch_to_eukaryota
"(Node1612*, Node77*)",1541,0.7215290474081898,0.2556358669557363,c3,branch_to_eukaryota
"(Node1612*, Node77*)",1542,1.255811835992488,0.2556358669557363,c3,branch_to_eukaryota
"(Node1612*, Node77*)",1543,0.9343442277517106,0.5443780381213789,c2,branch_to_eukaryota
"(Node1612*, Node77*)",1544,-0.7276277381882907,0.5443780381213789,c2,branch_to_eukaryota
"(Node1612*, Node77*)",1545,0.4882539957185774,0.2556358669557363,c3,branch_to_eukaryota
"(Node1612*, Node77*)",1546,0.4748992857256907,0.5443780381213789,c2,branch_to_eukaryota
"(Node1612*, Node77*)",1547,0.5335056587224574,0.5443780381213789,c2,branch_to_eukaryota
"(Node1612*, Node77*)",1548,0.7247275842307616,0.2556358669557363,c3,branch_to_eukaryota
"(Node1612*, Node77*)",1549,1.269527039328172,0.2556358669557363,c3,branch_to_eukaryota
"(Node1612*, Node77*)",1550,-0.1674838927082212,0.2556358669557363,c3,branch_to_eukaryota
"(Node1612*, Node77*)",1551,0.9162142628564752,0.5443780381213789,c2,branch_to_eukaryota
"(Node1612*, Node77*)",1552,-0.0003278762612252,0.0023134757706565,c4,branch_to_eukaryota
"(Node1612*, Node77*)",1553,0.8145024615361258,0.5443780381213789,c2,branch_to_eukaryota
"(Node1612*, Node77*)",1554,-0.4072460876684895,0.7870527269252308,c1,branch_to_eukaryota
"(Node1612*, Node77*)",1555,0.9579226008109042,0.7870527269252308,c1,branch_to_eukaryota
"(Node1612*, Node77*)",1556,0.9579234731233404,0.7870527269252308,c1,branch_to_eukaryota
"(Node1612*, Node77*)",1557,0.5324418325677831,0.7870527269252308,c1,branch_to_eukaryota
"(Node1612*, Node77*)",1558,0.5439152383471184,0.7870527269252308,c1,branch_to_eukaryota
"(Node1612*, Node77*)",1559,0.4615572076181403,0.7870527269252308,c1,branch_to_eukaryota
"(Node1612*, Node77*)",1560,0.07138255896686,0.7870527269252308,c1,branch_to_eukaryota
"(Node1612*, Node77*)",1561,0.0719793377218526,0.2556358669557363,c3,branch_to_eukaryota
"(Node1612*, Node77*)",1562,-0.8777364857363154,0.5443780381213789,c2,branch_to_eukaryota
"(Node1612*, Node77*)",1563,0.9038336762830492,0.5443780381213789,c2,branch_to_eukaryota
"(Node1612*, Node77*)",1564,0.6637726377191437,0.7870527269252308,c1,branch_to_eukaryota
"(Node1612*, Node77*)",1565,0.954741281739524,0.7870527269252308,c1,branch_to_eukaryota
"(Node1612*, Node77*)",1566,0.908085355693886,0.7870527269252308,c1,branch_to_eukaryota
"(Node1612*, Node77*)",1567,1.5042205754077058,0.5443780381213789,c2,branch_to_eukaryota
"(Node1612*, Node77*)",1568,-0.1510293436185301,0.5443780381213789,c2,branch_to_eukaryota
"(Node1612*, Node77*)",1569,0.543847766003333,0.7870527269252308,c1,branch_to_eukaryota
"(Node1612*, Node77*)",1570,1.2025369613584074,0.5443780381213789,c2,branch_to_eukaryota
"(Node1612*, Node77*)",1571,0.7218332105412453,0.7870527269252308,c1,branch_to_eukaryota
"(Node1612*, Node77*)",1572,0.5578942467049978,0.7870527269252308,c1,branch_to_eukaryota
"(Node1612*, Node77*)",1573,1.636264192423131,0.7870527269252308,c1,branch_to_eukaryota
"(Node1612*, Node77*)",1574,0.5438477660033214,0.7870527269252308,c1,branch_to_eukaryota
"(Node1612*, Node77*)",1575,0.9080998953076418,0.7870527269252308,c1,branch_to_eukaryota
"(Node1612*, Node77*)",1576,0.9343698287821152,0.5443780381213789,c2,branch_to_eukaryota
"(Node1612*, Node77*)",1577,0.9078632192887912,0.7870527269252308,c1,branch_to_eukaryota
"(Node1612*, Node77*)",1578,1.6362641996879443,0.7870527269252308,c1,branch_to_eukaryota
"(Node1612*, Node77*)",1579,2.7203351561573568e-15,0.5443780381213789,c2,branch_to_eukaryota
"(Node1612*, Node77*)",1580,3.297294895449257e-17,0.5443780381213789,c2,branch_to_eukaryota
"(Node1612*, Node77*)",1581,0.9579234762895668,0.7870527269252308,c1,branch_to_eukaryota
"(Node1612*, Node77*)",1582,0.912562613621754,0.7870527269252308,c1,branch_to_eukaryota
"(Node1612*, Node77*)",1583,-2.7095365064717854e-15,0.5443780381213789,c2,branch_to_eukaryota
"(Node1612*, Node77*)",1584,0.5441810992856593,0.7870527269252308,c1,branch_to_eukaryota
"(Node1612*, Node77*)",1585,0.9078631789832986,0.7870527269252308,c1,branch_to_eukaryota
"(Node1612*, Node77*)",1586,0.957923476291738,0.7870527269252308,c1,branch_to_eukaryota
"(Node1612*, Node77*)",1587,1.1970021297713815,0.5443780381213789,c2,branch_to_eukaryota
"(Node1612*, Node77*)",1588,1.6362608045745186,0.7870527269252308,c1,branch_to_eukaryota
"(Node1612*, Node77*)",1589,1.629702327408165,0.7870527269252308,c1,branch_to_eukaryota
"(Node1612*, Node77*)",1590,1.199124463698919,0.5443780381213789,c2,branch_to_eukaryota
"(Node1612*, Node77*)",1591,0.9288758983703496,0.7870527269252308,c1,branch_to_eukaryota
"(Node1612*, Node77*)",1592,0.2942016461239237,0.7870527269252308,c1,branch_to_eukaryota
"(Node1612*, Node77*)",1593,-2.709478005489603e-15,0.5443780381213789,c2,branch_to_eukaryota
"(Node1612*, Node77*)",1594,0.543847766003333,0.7870527269252308,c1,branch_to_eukaryota
"(Node1612*, Node77*)",1595,0.9176498239399804,0.5443780381213789,c2,branch_to_eukaryota
"(Node1612*, Node77*)",1596,-0.7843587571053279,0.5443780381213789,c2,branch_to_eukaryota
"(Node1612*, Node77*)",1597,1.0748305016413977,0.2556358669557363,c3,branch_to_eukaryota
"(Node1612*, Node77*)",1598,1.2750937920955503,0.5443780381213789,c2,branch_to_eukaryota
"(Node1612*, Node77*)",1599,1.2978231722822673,0.2556358669557363,c3,branch_to_eukaryota
"(Node1612*, Node77*)",1600,1.105371269050894,0.5443780381213789,c2,branch_to_eukaryota
"(Node1612*, Node77*)",1601,0.9579234762917376,0.7870527269252308,c1,branch_to_eukaryota
"(Node1612*, Node77*)",1602,0.957923476291738,0.7870527269252308,c1,branch_to_eukaryota
"(Node1612*, Node77*)",1603,0.9579234762917376,0.7870527269252308,c1,branch_to_eukaryota
"(Node1612*, Node77*)",1604,1.6362642007042834,0.7870527269252308,c1,branch_to_eukaryota
"(Node1612*, Node77*)",1605,1.1210539348237607,0.5443780381213789,c2,branch_to_eukaryota
"(Node1612*, Node77*)",1606,0.722884560102307,0.7870527269252308,c1,branch_to_eukaryota
"(Node1612*, Node77*)",1607,1.6362642007042834,0.7870527269252308,c1,branch_to_eukaryota
"(Node1612*, Node77*)",1608,0.5438477660033328,0.7870527269252308,c1,branch_to_eukaryota
"(Node1612*, Node77*)",1609,1.6362642007042831,0.7870527269252308,c1,branch_to_eukaryota
"(Node1612*, Node77*)",1610,0.9080853588728284,0.7870527269252308,c1,branch_to_eukaryota
"(Node1612*, Node77*)",1611,1.6362641924549517,0.7870527269252308,c1,branch_to_eukaryota
"(Node1612*, Node77*)",1612,0.9343592359024492,0.5443780381213789,c2,branch_to_eukaryota
"(Node1612*, Node77*)",1613,-0.749450391090266,0.7870527269252308,c1,branch_to_eukaryota
"(Node1612*, Node77*)",1614,0.9341916496634564,0.5443780381213789,c2,branch_to_eukaryota
"(Node1612*, Node77*)",1615,1.5972417091250275,0.5443780381213789,c2,branch_to_eukaryota
"(Node1612*, Node77*)",1616,0.907863165815608,0.7870527269252308,c1,branch_to_eukaryota
"(Node1612*, Node77*)",1617,0.6663446333478996,0.7870527269252308,c1,branch_to_eukaryota
"(Node1612*, Node77*)",1618,1.6362642007042834,0.7870527269252308,c1,branch_to_eukaryota
"(Node1612*, Node77*)",1619,0.543847766003333,0.7870527269252308,c1,branch_to_eukaryota
"(Node1612*, Node77*)",1620,0.2091017833849742,0.7870527269252308,c1,branch_to_eukaryota
"(Node1612*, Node77*)",1621,0.9078631789857444,0.7870527269252308,c1,branch_to_eukaryota
"(Node1612*, Node77*)",1622,0.9579234762917378,0.7870527269252308,c1,branch_to_eukaryota
"(Node1612*, Node77*)",1623,0.204021362651028,0.5443780381213789,c2,branch_to_eukaryota
"(Node1612*, Node77*)",1624,0.1262133333301985,0.0023134757706565,c4,branch_to_eukaryota
"(Node1612*, Node77*)",1625,-0.1063620701285159,0.0023134757706565,c4,branch_to_eukaryota
"(Node1612*, Node77*)",1626,-0.019764200624105,0.0023134757706565,c4,branch_to_eukaryota
"(Node1612*, Node77*)",1627,0.6545536184652215,0.2556358669557363,c3,branch_to_eukaryota
"(Node1612*, Node77*)",1628,0.5199555047888889,0.2556358669557363,c3,branch_to_eukaryota
"(Node1612*, Node77*)",1629,-0.6981114540314962,0.5443780381213789,c2,branch_to_eukaryota
"(Node1612*, Node77*)",1630,1.6362638100667557,0.7870527269252308,c1,branch_to_eukaryota
"(Node1612*, Node77*)",1631,0.543847766003333,0.7870527269252308,c1,branch_to_eukaryota
"(Node1612*, Node77*)",1632,0.520639487004389,0.2556358669557363,c3,branch_to_eukaryota
"(Node1612*, Node77*)",1633,0.4418339039091975,0.2556358669557363,c3,branch_to_eukaryota
"(Node1612*, Node77*)",1634,0.3153756051252543,0.5443780381213789,c2,branch_to_eukaryota
"(Node1612*, Node77*)",1635,0.2021145907956362,0.2556358669557363,c3,branch_to_eukaryota
"(Node1612*, Node77*)",1636,0.957923476291738,0.7870527269252308,c1,branch_to_eukaryota
"(Node1612*, Node77*)",1637,-0.0121112531809673,0.0023134757706565,c4,branch_to_eukaryota
"(Node1612*, Node77*)",1638,-6.198475593900461e-17,0.0023134757706565,c4,branch_to_eukaryota
"(Node1612*, Node77*)",1639,-1.9830153865639253e-17,0.0023134757706565,c4,branch_to_eukaryota
"(Node1612*, Node77*)",1640,5.672008264710703e-17,0.0023134757706565,c4,branch_to_eukaryota
"(Node1612*, Node77*)",1641,0.0303647656991689,0.0023134757706565,c4,branch_to_eukaryota
"(Node1612*, Node77*)",1642,-0.584276230445126,0.5443780381213789,c2,branch_to_eukaryota
"(Node1612*, Node77*)",1643,0.9857036555141994,0.7870527269252308,c1,branch_to_eukaryota
"(Node1612*, Node77*)",1644,-0.1254239766512844,0.0023134757706565,c4,branch_to_eukaryota
"(Node1612*, Node77*)",1645,0.2429357036967816,0.5443780381213789,c2,branch_to_eukaryota
"(Node1612*, Node77*)",1646,-0.1138707901010339,0.0023134757706565,c4,branch_to_eukaryota
"(Node1612*, Node77*)",1647,-0.0773940364355891,0.0023134757706565,c4,branch_to_eukaryota
"(Node1612*, Node77*)",1648,1.0403031969318937,0.2556358669557363,c3,branch_to_eukaryota
"(Node1612*, Node77*)",1649,0.9757655381472724,0.2556358669557363,c3,branch_to_eukaryota
"(Node1612*, Node77*)",1650,0.9379048221853205,0.7870527269252308,c1,branch_to_eukaryota
"(Node1612*, Node77*)",1651,0.0750431459610039,0.2556358669557363,c3,branch_to_eukaryota
"(Node1612*, Node77*)",1652,0.4085646895396179,0.2556358669557363,c3,branch_to_eukaryota
"(Node1612*, Node77*)",1653,0.5324419267858416,0.7870527269252308,c1,branch_to_eukaryota
"(Node1612*, Node77*)",1654,0.6066609235863608,0.2556358669557363,c3,branch_to_eukaryota
"(Node1612*, Node77*)",1655,0.6064136751495598,0.2556358669557363,c3,branch_to_eukaryota
"(Node1612*, Node77*)",1656,-0.0852258211624539,0.0023134757706565,c4,branch_to_eukaryota
"(Node1612*, Node77*)",1657,-0.1374112381134117,0.0023134757706565,c4,branch_to_eukaryota
"(Node1612*, Node77*)",1658,-0.0665589437810643,0.2556358669557363,c3,branch_to_eukaryota
"(Node1612*, Node77*)",1659,0.6471620575238526,0.5443780381213789,c2,branch_to_eukaryota
"(Node1612*, Node77*)",1660,0.4615764987551892,0.7870527269252308,c1,branch_to_eukaryota
"(Node1612*, Node77*)",1661,-0.51229128129802,0.7870527269252308,c1,branch_to_eukaryota
"(Node1612*, Node77*)",1662,0.0,0.2556358669557363,c3,branch_to_eukaryota
"(Node1612*, Node77*)",1663,-0.0057107776639343,0.0023134757706565,c4,branch_to_eukaryota
"(Node1612*, Node77*)",1664,0.3747101463482639,0.5443780381213789,c2,branch_to_eukaryota
"(Node1612*, Node77*)",1665,0.2462310346172934,0.7870527269252308,c1,branch_to_eukaryota
"(Node1612*, Node77*)",1666,0.825412782407154,0.5443780381213789,c2,branch_to_eukaryota
"(Node1612*, Node77*)",1667,1.6362642007042836,0.7870527269252308,c1,branch_to_eukaryota
"(Node1612*, Node77*)",1668,0.485666036827717,0.2556358669557363,c3,branch_to_eukaryota
"(Node1612*, Node77*)",1669,0.5144558577540519,0.2556358669557363,c3,branch_to_eukaryota
"(Node1612*, Node77*)",1670,0.0276114430829164,0.2556358669557363,c3,branch_to_eukaryota
"(Node1612*, Node77*)",1671,0.0140128079165688,0.0023134757706565,c4,branch_to_eukaryota
"(Node1612*, Node77*)",1672,0.5438435436347189,0.7870527269252308,c1,branch_to_eukaryota
"(Node1612*, Node77*)",1673,0.5797205119487197,0.7870527269252308,c1,branch_to_eukaryota
"(Node1612*, Node77*)",1674,-0.3716107652914873,0.7870527269252308,c1,branch_to_eukaryota
"(Node1612*, Node77*)",1675,1.2896677147167337,0.2556358669557363,c3,branch_to_eukaryota
"(Node1612*, Node77*)",1676,1.162185833470245,0.2556358669557363,c3,branch_to_eukaryota
"(Node1612*, Node77*)",1677,0.947475485061221,0.2556358669557363,c3,branch_to_eukaryota
"(Node1612*, Node77*)",1678,-0.0582127662332122,0.0023134757706565,c4,branch_to_eukaryota
"(Node1612*, Node77*)",1679,0.055844021934181,0.0023134757706565,c4,branch_to_eukaryota
"(Node1612*, Node77*)",1680,0.7847693078470073,0.2556358669557363,c3,branch_to_eukaryota
"(Node1612*, Node77*)",1681,1.6362642003343926,0.7870527269252308,c1,branch_to_eukaryota
"(Node1612*, Node77*)",1682,-0.5618295698419918,0.2556358669557363,c3,branch_to_eukaryota
"(Node1612*, Node77*)",1683,1.1501735968132754,0.5443780381213789,c2,branch_to_eukaryota
"(Node1612*, Node77*)",1684,0.718472997258005,0.7870527269252308,c1,branch_to_eukaryota
"(Node1612*, Node77*)",1685,0.4790147384874262,0.5443780381213789,c2,branch_to_eukaryota
"(Node1612*, Node77*)",1686,1.0271334512564574,0.7870527269252308,c1,branch_to_eukaryota
"(Node1612*, Node77*)",1687,0.8121551468872586,0.5443780381213789,c2,branch_to_eukaryota
"(Node1612*, Node77*)",1688,0.2039572449600978,0.7870527269252308,c1,branch_to_eukaryota
"(Node1612*, Node77*)",1689,0.9343692416808328,0.5443780381213789,c2,branch_to_eukaryota
"(Node1612*, Node77*)",1690,0.9579234653495406,0.7870527269252308,c1,branch_to_eukaryota
"(Node1612*, Node77*)",1691,0.5438477659864959,0.7870527269252308,c1,branch_to_eukaryota
"(Node1612*, Node77*)",1692,0.9748968159232247,0.7870527269252308,c1,branch_to_eukaryota
"(Node1612*, Node77*)",1693,0.0854190462930081,0.2556358669557363,c3,branch_to_eukaryota
"(Node1612*, Node77*)",1694,0.957923476291738,0.7870527269252308,c1,branch_to_eukaryota
"(Node1612*, Node77*)",1695,0.0367202256687506,0.0023134757706565,c4,branch_to_eukaryota
"(Node1612*, Node77*)",1696,-0.3845527696560046,0.2556358669557363,c3,branch_to_eukaryota
"(Node1612*, Node77*)",1697,0.2171434874736457,0.5443780381213789,c2,branch_to_eukaryota
"(Node1612*, Node77*)",1698,0.5610765096004693,0.5443780381213789,c2,branch_to_eukaryota
"(Node1612*, Node77*)",1699,1.3064567972687178,0.7870527269252308,c1,branch_to_eukaryota
"(Node1612*, Node77*)",1700,0.9078631789832984,0.7870527269252308,c1,branch_to_eukaryota
"(Node1612*, Node77*)",1701,0.9579234762917378,0.7870527269252308,c1,branch_to_eukaryota
"(Node1612*, Node77*)",1702,0.7982124866705432,0.5443780381213789,c2,branch_to_eukaryota
"(Node1612*, Node77*)",1703,0.543847766003333,0.7870527269252308,c1,branch_to_eukaryota
"(Node1612*, Node77*)",1704,0.5438477660033328,0.7870527269252308,c1,branch_to_eukaryota
"(Node1612*, Node77*)",1705,1.273689628547953,0.5443780381213789,c2,branch_to_eukaryota
"(Node1612*, Node77*)",1706,0.8389729658756108,0.5443780381213789,c2,branch_to_eukaryota
"(Node1612*, Node77*)",1707,-0.820319438571855,0.5443780381213789,c2,branch_to_eukaryota
"(Node1612*, Node77*)",1708,0.0595608708505931,0.7870527269252308,c1,branch_to_eukaryota
"(Node1612*, Node77*)",1709,0.7951171095102162,0.2556358669557363,c3,branch_to_eukaryota
"(Node1612*, Node77*)",1710,0.6748165958818524,0.5443780381213789,c2,branch_to_eukaryota
"(Node1612*, Node77*)",1711,-0.312297627436036,0.2556358669557363,c3,branch_to_eukaryota
"(Node1612*, Node77*)",1712,0.7737317060535845,0.2556358669557363,c3,branch_to_eukaryota
"(Node1612*, Node77*)",1713,1.6362642007042831,0.7870527269252308,c1,branch_to_eukaryota
"(Node1612*, Node77*)",1714,-0.1057470570516944,0.2556358669557363,c3,branch_to_eukaryota
"(Node1612*, Node77*)",1715,0.9748968159232247,0.7870527269252308,c1,branch_to_eukaryota
"(Node1612*, Node77*)",1716,0.9579084801993354,0.7870527269252308,c1,branch_to_eukaryota
"(Node1612*, Node77*)",1717,0.2097148473587906,0.7870527269252308,c1,branch_to_eukaryota
"(Node1612*, Node77*)",1718,0.543847765407456,0.7870527269252308,c1,branch_to_eukaryota
"(Node1612*, Node77*)",1719,0.8127990765702388,0.7870527269252308,c1,branch_to_eukaryota
"(Node1612*, Node77*)",1720,0.0090446525331774,0.2556358669557363,c3,branch_to_eukaryota
"(Node1612*, Node77*)",1721,-0.6566532885080711,0.2556358669557363,c3,branch_to_eukaryota
"(Node1612*, Node77*)",1722,0.9579234762917378,0.7870527269252308,c1,branch_to_eukaryota
"(Node1612*, Node77*)",1723,0.957923476291738,0.7870527269252308,c1,branch_to_eukaryota
"(Node1612*, Node77*)",1724,0.543847766003333,0.7870527269252308,c1,branch_to_eukaryota
"(Node1612*, Node77*)",1725,0.543854186266181,0.7870527269252308,c1,branch_to_eukaryota
"(Node1612*, Node77*)",1726,0.9078631789832986,0.7870527269252308,c1,branch_to_eukaryota
"(Node1612*, Node77*)",1727,-0.7421975344235419,0.5443780381213789,c2,branch_to_eukaryota
"(Node1612*, Node77*)",1728,0.94648664134127,0.5443780381213789,c2,branch_to_eukaryota
"(Node1612*, Node77*)",1729,1.6362640055354345,0.7870527269252308,c1,branch_to_eukaryota
"(Node1612*, Node77*)",1730,0.9078631789832984,0.7870527269252308,c1,branch_to_eukaryota
"(Node1612*, Node77*)",1731,-0.6097275428381141,0.7870527269252308,c1,branch_to_eukaryota
"(Node1612*, Node77*)",1732,0.957923476291738,0.7870527269252308,c1,branch_to_eukaryota
"(Node1612*, Node77*)",1733,0.9078631789832984,0.7870527269252308,c1,branch_to_eukaryota
"(Node1612*, Node77*)",1734,0.543847766003333,0.7870527269252308,c1,branch_to_eukaryota
"(Node1612*, Node77*)",1735,0.5797116643098256,0.7870527269252308,c1,branch_to_eukaryota
"(Node1612*, Node77*)",1736,-1.0064609675327862,0.5443780381213789,c2,branch_to_eukaryota
"(Node1612*, Node77*)",1737,1.6297023233576702,0.7870527269252308,c1,branch_to_eukaryota
"(Node1612*, Node77*)",1738,0.9577939124770718,0.7870527269252308,c1,branch_to_eukaryota
"(Node1612*, Node77*)",1739,1.2480515136326225,0.2556358669557363,c3,branch_to_eukaryota
"(Node1612*, Node77*)",1740,0.2789152733759035,0.2556358669557363,c3,branch_to_eukaryota
"(Node1612*, Node77*)",1741,-0.0096216122450568,0.2556358669557363,c3,branch_to_eukaryota
"(Node1612*, Node77*)",1742,0.9006888597582459,0.5443780381213789,c2,branch_to_eukaryota
"(Node1612*, Node77*)",1743,0.9748881697398734,0.7870527269252308,c1,branch_to_eukaryota
"(Node1612*, Node77*)",1744,1.6362642006947212,0.7870527269252308,c1,branch_to_eukaryota
"(Node1612*, Node77*)",1745,0.2081831455368805,0.7870527269252308,c1,branch_to_eukaryota
"(Node1612*, Node77*)",1746,0.7407485711459536,0.5443780381213789,c2,branch_to_eukaryota
"(Node1612*, Node77*)",1747,0.2905886253207683,0.5443780381213789,c2,branch_to_eukaryota
"(Node1612*, Node77*)",1748,0.254524006408143,0.2556358669557363,c3,branch_to_eukaryota
"(Node1612*, Node77*)",1749,0.543847766003333,0.7870527269252308,c1,branch_to_eukaryota
"(Node1612*, Node77*)",1750,-0.2649029984931466,0.2556358669557363,c3,branch_to_eukaryota
"(Node1612*, Node77*)",1751,-0.5632579226708513,0.5443780381213789,c2,branch_to_eukaryota
"(Node1612*, Node77*)",1752,0.0384186065547917,0.2556358669557363,c3,branch_to_eukaryota
"(Node1612*, Node77*)",1753,1.172853675267755,0.2556358669557363,c3,branch_to_eukaryota
"(Node1612*, Node77*)",1754,0.7129611000480658,0.2556358669557363,c3,branch_to_eukaryota
"(Node1612*, Node77*)",1755,1.6216824744347982,0.7870527269252308,c1,branch_to_eukaryota
"(Node1612*, Node77*)",1756,0.9579234556675564,0.7870527269252308,c1,branch_to_eukaryota
"(Node1612*, Node77*)",1757,-1.180329770379813,0.5443780381213789,c2,branch_to_eukaryota
"(Node1612*, Node77*)",1758,0.975196539971392,0.7870527269252308,c1,branch_to_eukaryota
"(Node1612*, Node77*)",1759,0.9579234762917378,0.7870527269252308,c1,branch_to_eukaryota
"(Node1612*, Node77*)",1760,0.5796785993564584,0.7870527269252308,c1,branch_to_eukaryota
"(Node1612*, Node77*)",1761,0.5438468370223821,0.7870527269252308,c1,branch_to_eukaryota
"(Node1612*, Node77*)",1762,0.9748881697398762,0.7870527269252308,c1,branch_to_eukaryota
"(Node1612*, Node77*)",1763,0.5525674366584001,0.5443780381213789,c2,branch_to_eukaryota
"(Node1612*, Node77*)",1764,1.636264009602684,0.7870527269252308,c1,branch_to_eukaryota
"(Node1612*, Node77*)",1765,0.9579234762917378,0.7870527269252308,c1,branch_to_eukaryota
"(Node1612*, Node77*)",1766,0.9078631789832988,0.7870527269252308,c1,branch_to_eukaryota
"(Node1612*, Node77*)",1767,1.5500732346372752,0.7870527269252308,c1,branch_to_eukaryota
"(Node1612*, Node77*)",1768,1.6362641849661828,0.7870527269252308,c1,branch_to_eukaryota
"(Node1612*, Node77*)",1769,1.6362642006166703,0.7870527269252308,c1,branch_to_eukaryota
"(Node1612*, Node77*)",1770,0.9690361627030512,0.7870527269252308,c1,branch_to_eukaryota
"(Node1612*, Node77*)",1771,0.9579234762917376,0.7870527269252308,c1,branch_to_eukaryota
"(Node1612*, Node77*)",1772,1.6192710731062905,0.7870527269252308,c1,branch_to_eukaryota
"(Node1612*, Node77*)",1773,1.1695342334687266,0.5443780381213789,c2,branch_to_eukaryota
"(Node1612*, Node77*)",1774,1.5970401245881658,0.5443780381213789,c2,branch_to_eukaryota
"(Node1612*, Node77*)",1775,1.3089982816040369,0.7870527269252308,c1,branch_to_eukaryota
"(Node1612*, Node77*)",1776,0.9078632192887912,0.7870527269252308,c1,branch_to_eukaryota
"(Node1612*, Node77*)",1777,0.9078631789832984,0.7870527269252308,c1,branch_to_eukaryota
"(Node1612*, Node77*)",1778,0.9579234762917368,0.7870527269252308,c1,branch_to_eukaryota
"(Node1612*, Node77*)",1779,0.9310984711229028,0.7870527269252308,c1,branch_to_eukaryota
"(Node1612*, Node77*)",1780,0.543847766003333,0.7870527269252308,c1,branch_to_eukaryota
"(Node1612*, Node77*)",1781,1.6362642007042765,0.7870527269252308,c1,branch_to_eukaryota
"(Node1612*, Node77*)",1782,0.5438477640318051,0.7870527269252308,c1,branch_to_eukaryota
"(Node1612*, Node77*)",1783,1.636264200704283,0.7870527269252308,c1,branch_to_eukaryota
"(Node1612*, Node77*)",1784,0.543847766003333,0.7870527269252308,c1,branch_to_eukaryota
"(Node1612*, Node77*)",1785,1.6362642007042831,0.7870527269252308,c1,branch_to_eukaryota
"(Node1612*, Node77*)",1786,1.6362642006978194,0.7870527269252308,c1,branch_to_eukaryota
"(Node1612*, Node77*)",1787,0.9579234762917376,0.7870527269252308,c1,branch_to_eukaryota
"(Node1612*, Node77*)",1788,1.636264200704277,0.7870527269252308,c1,branch_to_eukaryota
"(Node1612*, Node77*)",1789,1.6362642007042834,0.7870527269252308,c1,branch_to_eukaryota
"(Node1612*, Node77*)",1790,1.636264200704277,0.7870527269252308,c1,branch_to_eukaryota
"(Node1612*, Node77*)",1791,0.9579234762917376,0.7870527269252308,c1,branch_to_eukaryota
"(Node1612*, Node77*)",1792,0.9078631789843784,0.7870527269252308,c1,branch_to_eukaryota
"(Node1612*, Node77*)",1793,1.6362642007042831,0.7870527269252308,c1,branch_to_eukaryota
"(Node1612*, Node77*)",1794,0.7218051617256952,0.7870527269252308,c1,branch_to_eukaryota
"(Node1612*, Node77*)",1795,1.5644659747938587,0.5443780381213789,c2,branch_to_eukaryota
"(Node1612*, Node77*)",1796,-0.1502826872412314,0.5443780381213789,c2,branch_to_eukaryota
"(Node1612*, Node77*)",1797,1.5970537828712257,0.5443780381213789,c2,branch_to_eukaryota
"(Node1612*, Node77*)",1798,1.5971819949427182,0.5443780381213789,c2,branch_to_eukaryota
"(Node1612*, Node77*)",1799,-0.7027308708433255,0.7870527269252308,c1,branch_to_eukaryota
"(Node1612*, Node77*)",1800,-0.923697364627282,0.5443780381213789,c2,branch_to_eukaryota
"(Node1612*, Node77*)",1801,1.0258452226678625,0.5443780381213789,c2,branch_to_eukaryota
"(Node1612*, Node77*)",1802,1.0258617658959348,0.5443780381213789,c2,branch_to_eukaryota
"(Node1612*, Node77*)",1803,0.694012382422832,0.2556358669557363,c3,branch_to_eukaryota
"(Node1612*, Node77*)",1804,0.543847766003333,0.7870527269252308,c1,branch_to_eukaryota
"(Node1612*, Node77*)",1805,-1.0015737665828657,0.7870527269252308,c1,branch_to_eukaryota
"(Node1612*, Node77*)",1806,2.6691682338796355e-15,0.5443780381213789,c2,branch_to_eukaryota
"(Node1612*, Node77*)",1807,-1.1956277001975737,0.5443780381213789,c2,branch_to_eukaryota
"(Node1612*, Node77*)",1808,0.3798224173163279,0.2556358669557363,c3,branch_to_eukaryota
"(Node1612*, Node77*)",1809,0.5777763542298395,0.2556358669557363,c3,branch_to_eukaryota
"(Node1612*, Node77*)",1810,-0.7825808273254466,0.2556358669557363,c3,branch_to_eukaryota
"(Node1612*, Node77*)",1811,-0.5756464650296031,0.2556358669557363,c3,branch_to_eukaryota
"(Node1612*, Node77*)",1812,-0.2347545029807872,0.2556358669557363,c3,branch_to_eukaryota
"(Node1612*, Node77*)",1813,0.1410266644562504,0.2556358669557363,c3,branch_to_eukaryota
"(Node1612*, Node77*)",1814,0.4188336740974277,0.2556358669557363,c3,branch_to_eukaryota
"(Node1612*, Node77*)",1815,-0.8733665639713696,0.2556358669557363,c3,branch_to_eukaryota
"(Node1612*, Node77*)",1816,0.5013591352548613,0.5443780381213789,c2,branch_to_eukaryota
"(Node1612*, Node77*)",1817,0.5015907956028649,0.5443780381213789,c2,branch_to_eukaryota
"(Node1612*, Node77*)",1818,0.9427359073461148,0.5443780381213789,c2,branch_to_eukaryota
"(Node1612*, Node77*)",1819,0.9342935878923718,0.5443780381213789,c2,branch_to_eukaryota
"(Node1612*, Node77*)",1820,0.543847766003333,0.7870527269252308,c1,branch_to_eukaryota
"(Node1612*, Node77*)",1821,6.892280901748721e-17,0.5443780381213789,c2,branch_to_eukaryota
"(Node1612*, Node77*)",1822,0.8234702535180871,0.5443780381213789,c2,branch_to_eukaryota
"(Node1612*, Node77*)",1823,0.1406755965729825,0.2556358669557363,c3,branch_to_eukaryota
"(Node1612*, Node77*)",1824,0.2825679490783669,0.2556358669557363,c3,branch_to_eukaryota
"(Node1612*, Node77*)",1825,1.2729396336445582,0.2556358669557363,c3,branch_to_eukaryota
"(Node1612*, Node77*)",1826,0.0578731186669421,0.0023134757706565,c4,branch_to_eukaryota
"(Node1612*, Node77*)",1827,0.6600963587945778,0.2556358669557363,c3,branch_to_eukaryota
"(Node1612*, Node77*)",1828,-0.1460262803916058,0.2556358669557363,c3,branch_to_eukaryota
"(Node1612*, Node77*)",1829,-0.1153522565291615,0.0023134757706565,c4,branch_to_eukaryota
"(Node1612*, Node77*)",1830,-0.4769244858469542,0.2556358669557363,c3,branch_to_eukaryota
"(Node1612*, Node77*)",1831,-0.949076995564396,0.2556358669557363,c3,branch_to_eukaryota
"(Node1612*, Node77*)",1832,-0.666997493189319,0.2556358669557363,c3,branch_to_eukaryota
"(Node1612*, Node77*)",1833,6.625835048356083e-17,0.5443780381213789,c2,branch_to_eukaryota
"(Node1612*, Node77*)",1834,0.3026650702113969,0.5443780381213789,c2,branch_to_eukaryota
"(Node1612*, Node77*)",1835,1.0779998684569352,0.5443780381213789,c2,branch_to_eukaryota
"(Node1612*, Node77*)",1836,0.3132087341472092,0.2556358669557363,c3,branch_to_eukaryota
"(Node1612*, Node77*)",1837,-0.0074583511903938,0.0023134757706565,c4,branch_to_eukaryota
"(Node1612*, Node77*)",1838,-0.0145403256275502,0.0023134757706565,c4,branch_to_eukaryota
"(Node1612*, Node77*)",1839,0.003849717305633,0.0023134757706565,c4,branch_to_eukaryota
"(Node1612*, Node77*)",1840,0.0144270173251516,0.0023134757706565,c4,branch_to_eukaryota
"(Node1612*, Node77*)",1841,0.0214821019889752,0.0023134757706565,c4,branch_to_eukaryota
"(Node1612*, Node77*)",1842,-0.0009294287084675,0.0023134757706565,c4,branch_to_eukaryota
"(Node1612*, Node77*)",1843,-0.0014007077946604,0.0023134757706565,c4,branch_to_eukaryota
"(Node1612*, Node77*)",1844,-0.0003517215190207,0.0023134757706565,c4,branch_to_eukaryota
"(Node1612*, Node77*)",1845,0.0029368544535668,0.0023134757706565,c4,branch_to_eukaryota
"(Node1612*, Node77*)",1846,-0.0017007642992514,0.0023134757706565,c4,branch_to_eukaryota
"(Node1612*, Node77*)",1847,0.0012998655195347,0.0023134757706565,c4,branch_to_eukaryota
"(Node1612*, Node77*)",1848,0.0005823006495138,0.0023134757706565,c4,branch_to_eukaryota
"(Node1612*, Node77*)",1849,-0.0007078934482654,0.0023134757706565,c4,branch_to_eukaryota
"(Node1612*, Node77*)",1850,-0.0011621212353956,0.0023134757706565,c4,branch_to_eukaryota
"(Node1612*, Node77*)",1851,0.0013794677090401,0.0023134757706565,c4,branch_to_eukaryota
"(Node1612*, Node77*)",1852,0.0609083770020322,0.0023134757706565,c4,branch_to_eukaryota
"(Node1612*, Node77*)",1853,0.0390998628673197,0.0023134757706565,c4,branch_to_eukaryota
"(Node1612*, Node77*)",1854,-0.0032020406052083,0.0023134757706565,c4,branch_to_eukaryota
"(Node1612*, Node77*)",1855,0.0049617214625853,0.0023134757706565,c4,branch_to_eukaryota
"(Node1612*, Node77*)",1856,0.0026547384650374,0.0023134757706565,c4,branch_to_eukaryota
"(Node1612*, Node77*)",1857,-0.0023186377186532,0.0023134757706565,c4,branch_to_eukaryota
"(Node1612*, Node77*)",1858,5.5747413322612e-17,0.0023134757706565,c4,branch_to_eukaryota
"(Node1612*, Node77*)",1859,-0.0003408006419547,0.0023134757706565,c4,branch_to_eukaryota
"(Node1612*, Node77*)",1860,-0.0019478870850933,0.0023134757706565,c4,branch_to_eukaryota
"(Node1612*, Node77*)",1861,0.0004138019406492,0.0023134757706565,c4,branch_to_eukaryota
"(Node1612*, Node77*)",1862,0.0033581995929307,0.0023134757706565,c4,branch_to_eukaryota
"(Node1612*, Node77*)",1863,0.0003752017297424,0.0023134757706565,c4,branch_to_eukaryota
"(Node1612*, Node77*)",1864,0.0020114643009853,0.0023134757706565,c4,branch_to_eukaryota
"(Node1612*, Node77*)",1865,-0.0110152739136939,0.0023134757706565,c4,branch_to_eukaryota
"(Node1612*, Node77*)",1866,0.0118764437699963,0.0023134757706565,c4,branch_to_eukaryota
"(Node1612*, Node77*)",1867,-0.0075980760669433,0.0023134757706565,c4,branch_to_eukaryota
"(Node1612*, Node77*)",1868,0.056291503121925,0.0023134757706565,c4,branch_to_eukaryota
"(Node1612*, Node77*)",1869,-0.0335148050777992,0.0023134757706565,c4,branch_to_eukaryota
"(Node1612*, Node77*)",1870,0.0078221473303038,0.0023134757706565,c4,branch_to_eukaryota
"(Node1612*, Node77*)",1871,-0.5674103326048937,0.2556358669557363,c3,branch_to_eukaryota
"(Node1612*, Node77*)",1872,0.6385902019447666,0.5443780381213789,c2,branch_to_eukaryota
"(Node1612*, Node77*)",1873,-0.2081049356641662,0.2556358669557363,c3,branch_to_eukaryota
"(Node1612*, Node77*)",1874,0.6320804614920756,0.2556358669557363,c3,branch_to_eukaryota
"(Node1612*, Node77*)",1875,0.5738170985750628,0.2556358669557363,c3,branch_to_eukaryota
"(Node1612*, Node77*)",1876,0.3115762898862411,0.2556358669557363,c3,branch_to_eukaryota
"(Node1612*, Node77*)",1877,-0.5654250136932298,0.2556358669557363,c3,branch_to_eukaryota
"(Node1612*, Node77*)",1878,-0.0535429922995232,0.2556358669557363,c3,branch_to_eukaryota
"(Node1612*, Node77*)",1879,-0.1032154354211132,0.0023134757706565,c4,branch_to_eukaryota
"(Node1612*, Node77*)",1880,-0.0298439445467032,0.2556358669557363,c3,branch_to_eukaryota
"(Node1612*, Node77*)",1881,-0.2324780933510463,0.2556358669557363,c3,branch_to_eukaryota
"(Node1612*, Node77*)",1882,0.3799582361362452,0.2556358669557363,c3,branch_to_eukaryota
"(Node1612*, Node77*)",1883,1.4159452029491195,0.5443780381213789,c2,branch_to_eukaryota
"(Node1612*, Node77*)",1884,0.6274571504903419,0.2556358669557363,c3,branch_to_eukaryota
"(Node1612*, Node77*)",1885,0.5438403992072268,0.7870527269252308,c1,branch_to_eukaryota
"(Node1612*, Node77*)",1886,0.4111169481576136,0.5443780381213789,c2,branch_to_eukaryota
"(Node1612*, Node77*)",1887,1.0729808488272323,0.5443780381213789,c2,branch_to_eukaryota
"(Node1612*, Node77*)",1888,0.9470092860100632,0.5443780381213789,c2,branch_to_eukaryota
"(Node1612*, Node77*)",1889,0.6882822837288362,0.5443780381213789,c2,branch_to_eukaryota
"(Node1612*, Node77*)",1890,-0.5661932651436142,0.2556358669557363,c3,branch_to_eukaryota
"(Node1612*, Node77*)",1891,-0.0929702405449347,0.2556358669557363,c3,branch_to_eukaryota
"(Node1612*, Node77*)",1892,-0.2168940357555053,0.2556358669557363,c3,branch_to_eukaryota
"(Node1612*, Node77*)",1893,-0.342406612471661,0.2556358669557363,c3,branch_to_eukaryota
"(Node1612*, Node77*)",1894,-0.6461284566048542,0.2556358669557363,c3,branch_to_eukaryota
"(Node1612*, Node77*)",1895,0.98136478867361,0.2556358669557363,c3,branch_to_eukaryota
"(Node1612*, Node77*)",1896,0.8037426858021728,0.2556358669557363,c3,branch_to_eukaryota
"(Node1612*, Node77*)",1897,-0.7602844063823726,0.2556358669557363,c3,branch_to_eukaryota
"(Node1612*, Node77*)",1898,-0.9083729111274144,0.5443780381213789,c2,branch_to_eukaryota
"(Node1612*, Node77*)",1899,0.7256092559152021,0.2556358669557363,c3,branch_to_eukaryota
"(Node1612*, Node77*)",1900,0.5438403992211245,0.7870527269252308,c1,branch_to_eukaryota
"(Node1612*, Node77*)",1901,0.5790737712333577,0.5443780381213789,c2,branch_to_eukaryota
"(Node1612*, Node77*)",1902,0.6251312105502252,0.5443780381213789,c2,branch_to_eukaryota
"(Node1612*, Node77*)",1903,0.7070861743377651,0.5443780381213789,c2,branch_to_eukaryota
"(Node1612*, Node77*)",1904,0.7070861860547688,0.5443780381213789,c2,branch_to_eukaryota
"(Node1612*, Node77*)",1905,0.9337306313764904,0.5443780381213789,c2,branch_to_eukaryota
"(Node1612*, Node77*)",1906,0.933517503077226,0.5443780381213789,c2,branch_to_eukaryota
"(Node1612*, Node77*)",1907,0.0284103646207962,0.5443780381213789,c2,branch_to_eukaryota
"(Node1612*, Node77*)",1908,0.8934662224945288,0.5443780381213789,c2,branch_to_eukaryota
"(Node1612*, Node77*)",1909,0.5438403992211246,0.7870527269252308,c1,branch_to_eukaryota
"(Node1612*, Node77*)",1910,0.5438403992211246,0.7870527269252308,c1,branch_to_eukaryota
"(Node1612*, Node77*)",1911,0.9579048836457048,0.7870527269252308,c1,branch_to_eukaryota
"(Node1612*, Node77*)",1912,0.9078573902421438,0.7870527269252308,c1,branch_to_eukaryota
"(Node1612*, Node77*)",1913,1.6361458539453495,0.7870527269252308,c1,branch_to_eukaryota
"(Node1612*, Node77*)",1914,0.9578500761284514,0.7870527269252308,c1,branch_to_eukaryota
"(Node1612*, Node77*)",1915,0.9078401546723438,0.7870527269252308,c1,branch_to_eukaryota
"(Node1612*, Node77*)",1916,0.5438185280091087,0.7870527269252308,c1,branch_to_eukaryota
"(Node1612*, Node77*)",1917,0.5438187438127464,0.7870527269252308,c1,branch_to_eukaryota
"(Node1612*, Node77*)",1918,1.636145853945305,0.7870527269252308,c1,branch_to_eukaryota
"(Node1612*, Node77*)",1919,0.5438187438127464,0.7870527269252308,c1,branch_to_eukaryota
"(Node1612*, Node77*)",1920,0.5438187438127465,0.7870527269252308,c1,branch_to_eukaryota
"(Node1612*, Node77*)",1921,0.957850076128446,0.7870527269252308,c1,branch_to_eukaryota
"(Node1612*, Node77*)",1922,0.9578500761284462,0.7870527269252308,c1,branch_to_eukaryota
"(Node1612*, Node77*)",1923,0.9078405509314154,0.7870527269252308,c1,branch_to_eukaryota
"(Node1612*, Node77*)",1924,0.4798147312924346,0.5443780381213789,c2,branch_to_eukaryota
"(Node1612*, Node77*)",1925,-0.8485644398601395,0.5443780381213789,c2,branch_to_eukaryota
"(Node1612*, Node77*)",1926,1.6361458534529283,0.7870527269252308,c1,branch_to_eukaryota
"(Node1612*, Node77*)",1927,1.5021593921749905,0.5443780381213789,c2,branch_to_eukaryota
"(Node1612*, Node77*)",1928,0.931904323833964,0.5443780381213789,c2,branch_to_eukaryota
"(Node1612*, Node77*)",1929,0.9078406342208354,0.7870527269252308,c1,branch_to_eukaryota
"(Node1612*, Node77*)",1930,0.5438187401666084,0.7870527269252308,c1,branch_to_eukaryota
"(Node1612*, Node77*)",1931,0.9298018935834972,0.5443780381213789,c2,branch_to_eukaryota
"(Node1612*, Node77*)",1932,0.8546835792513477,0.5443780381213789,c2,branch_to_eukaryota
"(Node1612*, Node77*)",1933,-0.9171252648848884,0.5443780381213789,c2,branch_to_eukaryota
"(Node1612*, Node77*)",1934,0.957850055729056,0.7870527269252308,c1,branch_to_eukaryota
"(Node1612*, Node77*)",1935,0.5438187401666082,0.7870527269252308,c1,branch_to_eukaryota
"(Node1612*, Node77*)",1936,0.5438187401666082,0.7870527269252308,c1,branch_to_eukaryota
"(Node1612*, Node77*)",1937,1.5098795762894686,0.5443780381213789,c2,branch_to_eukaryota
"(Node1612*, Node77*)",1938,1.5916345155665588,0.5443780381213789,c2,branch_to_eukaryota
"(Node1612*, Node77*)",1939,0.9078405626367948,0.7870527269252308,c1,branch_to_eukaryota
"(Node1612*, Node77*)",1940,0.9578500557290444,0.7870527269252308,c1,branch_to_eukaryota
"(Node1612*, Node77*)",1941,1.5932741624110254,0.5443780381213789,c2,branch_to_eukaryota
"(Node1612*, Node77*)",1942,0.6760821012034833,0.5443780381213789,c2,branch_to_eukaryota
"(Node1612*, Node77*)",1943,0.9319343143216976,0.5443780381213789,c2,branch_to_eukaryota
"(Node1612*, Node77*)",1944,-0.8352493913181327,0.5443780381213789,c2,branch_to_eukaryota
"(Node1612*, Node77*)",1945,0.3897856012029905,0.5443780381213789,c2,branch_to_eukaryota
"(Node1612*, Node77*)",1946,0.9319345253781672,0.5443780381213789,c2,branch_to_eukaryota
